
     Program POST-PROC v.7.6 starts on 16Sep2026 at 15:48:53 

     This program is part of the open-source Quantum ESPRESSO suite
     for quantum simulation of materials; please cite
         "P. Giannozzi et al., J. Phys.:Condens. Matter 21 395502 (2009);
         "P. Giannozzi et al., J. Phys.:Condens. Matter 29 465901 (2017);
         "P. Giannozzi et al., J. Chem. Phys. 152 154105 (2020);
          URL http://www.quantum-espresso.org", 
     in publications or presentations arising from this work. More details at
     http://www.quantum-espresso.org/quote

     Parallel version (MPI), running on     4 processors

     MPI processes distributed on     1 nodes
     R & G space division:  proc/nbgrp/npool/nimage =       4
     587 MiB available memory on the printing compute node when the environment starts


     Reading xml data from directory:

     /home/ubuntu/projects/Graphene-Band-Structure-Quantum-Espresso/outputs/field_0/coupled/data/coupled.save/
     file C.pbe-n-kjpaw_psl.1.0.0.UPF: wavefunction(s)  2S 2P renormalized

     IMPORTANT: XC functional enforced from input :
     Exchange-correlation= PBE
                           (   1   4   3   4   0   0   0)
     Any further DFT definition will be discarded
     Please, verify this is what you really want


     Parallelization info
     --------------------
     sticks:   dense  smooth     PW     G-vecs:    dense   smooth      PW
     Min         148      90     27                27908    12992    2251
     Max         150      91     28                27927    13015    2288
     Sum         595     361    109               111671    52021    9049

     Using Slab Decomposition

 ----2D----2D----2D----2D----2D----2D----2D----2D----2D----2D----2D----2D
  The code is running with the 2D cutoff
  Please refer to:
  Sohier, T., Calandra, M., & Mauri, F. (2017), 
  Density functional perturbation theory for gated two-dimensional heterostructures:
  Theoretical developments and application to flexural phonons in graphene.
  Physical Review B, 96(7), 75448. https://doi.org/10.1103/PhysRevB.96.075448
 ----2D----2D----2D----2D----2D----2D----2D----2D----2D----2D----2D----2D

     Check: negative core charge=   -0.000003

     negative rho (up, down):  1.430E-04 0.000E+00

     Calling punch_plot, plot_num =   3

     Energy = -14.22210 eV, broadening =   0.01000eV
     Writing data to file  /home/ubuntu/projects/Graphene-Band-Structure-Quantum-Espresso/outputs/field_0/coupled/data/ldos.pp.dat001

     Calling punch_plot, plot_num =   3

     Energy = -14.20210 eV, broadening =   0.01000eV
     Writing data to file  /home/ubuntu/projects/Graphene-Band-Structure-Quantum-Espresso/outputs/field_0/coupled/data/ldos.pp.dat002

     Calling punch_plot, plot_num =   3

     Energy = -14.18210 eV, broadening =   0.01000eV
     Writing data to file  /home/ubuntu/projects/Graphene-Band-Structure-Quantum-Espresso/outputs/field_0/coupled/data/ldos.pp.dat003

     Calling punch_plot, plot_num =   3

     Energy = -14.16210 eV, broadening =   0.01000eV
     Writing data to file  /home/ubuntu/projects/Graphene-Band-Structure-Quantum-Espresso/outputs/field_0/coupled/data/ldos.pp.dat004

     Calling punch_plot, plot_num =   3

     Energy = -14.14210 eV, broadening =   0.01000eV
     Writing data to file  /home/ubuntu/projects/Graphene-Band-Structure-Quantum-Espresso/outputs/field_0/coupled/data/ldos.pp.dat005

     Calling punch_plot, plot_num =   3

     Energy = -14.12210 eV, broadening =   0.01000eV
     Writing data to file  /home/ubuntu/projects/Graphene-Band-Structure-Quantum-Espresso/outputs/field_0/coupled/data/ldos.pp.dat006

     Calling punch_plot, plot_num =   3

     Energy = -14.10210 eV, broadening =   0.01000eV
     Writing data to file  /home/ubuntu/projects/Graphene-Band-Structure-Quantum-Espresso/outputs/field_0/coupled/data/ldos.pp.dat007

     Calling punch_plot, plot_num =   3

     Energy = -14.08210 eV, broadening =   0.01000eV
     Writing data to file  /home/ubuntu/projects/Graphene-Band-Structure-Quantum-Espresso/outputs/field_0/coupled/data/ldos.pp.dat008

     Calling punch_plot, plot_num =   3

     Energy = -14.06210 eV, broadening =   0.01000eV
     Writing data to file  /home/ubuntu/projects/Graphene-Band-Structure-Quantum-Espresso/outputs/field_0/coupled/data/ldos.pp.dat009

     Calling punch_plot, plot_num =   3

     Energy = -14.04210 eV, broadening =   0.01000eV
     Writing data to file  /home/ubuntu/projects/Graphene-Band-Structure-Quantum-Espresso/outputs/field_0/coupled/data/ldos.pp.dat010

     Calling punch_plot, plot_num =   3

     Energy = -14.02210 eV, broadening =   0.01000eV
     Writing data to file  /home/ubuntu/projects/Graphene-Band-Structure-Quantum-Espresso/outputs/field_0/coupled/data/ldos.pp.dat011

     Calling punch_plot, plot_num =   3

     Energy = -14.00210 eV, broadening =   0.01000eV
     Writing data to file  /home/ubuntu/projects/Graphene-Band-Structure-Quantum-Espresso/outputs/field_0/coupled/data/ldos.pp.dat012

     Calling punch_plot, plot_num =   3

     Energy = -13.98210 eV, broadening =   0.01000eV
     Writing data to file  /home/ubuntu/projects/Graphene-Band-Structure-Quantum-Espresso/outputs/field_0/coupled/data/ldos.pp.dat013

     Calling punch_plot, plot_num =   3

     Energy = -13.96210 eV, broadening =   0.01000eV
     Writing data to file  /home/ubuntu/projects/Graphene-Band-Structure-Quantum-Espresso/outputs/field_0/coupled/data/ldos.pp.dat014

     Calling punch_plot, plot_num =   3

     Energy = -13.94210 eV, broadening =   0.01000eV
     Writing data to file  /home/ubuntu/projects/Graphene-Band-Structure-Quantum-Espresso/outputs/field_0/coupled/data/ldos.pp.dat015

     Calling punch_plot, plot_num =   3

     Energy = -13.92210 eV, broadening =   0.01000eV
     Writing data to file  /home/ubuntu/projects/Graphene-Band-Structure-Quantum-Espresso/outputs/field_0/coupled/data/ldos.pp.dat016

     Calling punch_plot, plot_num =   3

     Energy = -13.90210 eV, broadening =   0.01000eV
     Writing data to file  /home/ubuntu/projects/Graphene-Band-Structure-Quantum-Espresso/outputs/field_0/coupled/data/ldos.pp.dat017

     Calling punch_plot, plot_num =   3

     Energy = -13.88210 eV, broadening =   0.01000eV
     Writing data to file  /home/ubuntu/projects/Graphene-Band-Structure-Quantum-Espresso/outputs/field_0/coupled/data/ldos.pp.dat018

     Calling punch_plot, plot_num =   3

     Energy = -13.86210 eV, broadening =   0.01000eV
     Writing data to file  /home/ubuntu/projects/Graphene-Band-Structure-Quantum-Espresso/outputs/field_0/coupled/data/ldos.pp.dat019

     Calling punch_plot, plot_num =   3

     Energy = -13.84210 eV, broadening =   0.01000eV
     Writing data to file  /home/ubuntu/projects/Graphene-Band-Structure-Quantum-Espresso/outputs/field_0/coupled/data/ldos.pp.dat020

     Calling punch_plot, plot_num =   3

     Energy = -13.82210 eV, broadening =   0.01000eV
     Writing data to file  /home/ubuntu/projects/Graphene-Band-Structure-Quantum-Espresso/outputs/field_0/coupled/data/ldos.pp.dat021

     Calling punch_plot, plot_num =   3

     Energy = -13.80210 eV, broadening =   0.01000eV
     Writing data to file  /home/ubuntu/projects/Graphene-Band-Structure-Quantum-Espresso/outputs/field_0/coupled/data/ldos.pp.dat022

     Calling punch_plot, plot_num =   3

     Energy = -13.78210 eV, broadening =   0.01000eV
     Writing data to file  /home/ubuntu/projects/Graphene-Band-Structure-Quantum-Espresso/outputs/field_0/coupled/data/ldos.pp.dat023

     Calling punch_plot, plot_num =   3

     Energy = -13.76210 eV, broadening =   0.01000eV
     Writing data to file  /home/ubuntu/projects/Graphene-Band-Structure-Quantum-Espresso/outputs/field_0/coupled/data/ldos.pp.dat024

     Calling punch_plot, plot_num =   3

     Energy = -13.74210 eV, broadening =   0.01000eV
     Writing data to file  /home/ubuntu/projects/Graphene-Band-Structure-Quantum-Espresso/outputs/field_0/coupled/data/ldos.pp.dat025

     Calling punch_plot, plot_num =   3

     Energy = -13.72210 eV, broadening =   0.01000eV
     Writing data to file  /home/ubuntu/projects/Graphene-Band-Structure-Quantum-Espresso/outputs/field_0/coupled/data/ldos.pp.dat026

     Calling punch_plot, plot_num =   3

     Energy = -13.70210 eV, broadening =   0.01000eV
     Writing data to file  /home/ubuntu/projects/Graphene-Band-Structure-Quantum-Espresso/outputs/field_0/coupled/data/ldos.pp.dat027

     Calling punch_plot, plot_num =   3

     Energy = -13.68210 eV, broadening =   0.01000eV
     Writing data to file  /home/ubuntu/projects/Graphene-Band-Structure-Quantum-Espresso/outputs/field_0/coupled/data/ldos.pp.dat028

     Calling punch_plot, plot_num =   3

     Energy = -13.66210 eV, broadening =   0.01000eV
     Writing data to file  /home/ubuntu/projects/Graphene-Band-Structure-Quantum-Espresso/outputs/field_0/coupled/data/ldos.pp.dat029

     Calling punch_plot, plot_num =   3

     Energy = -13.64210 eV, broadening =   0.01000eV
     Writing data to file  /home/ubuntu/projects/Graphene-Band-Structure-Quantum-Espresso/outputs/field_0/coupled/data/ldos.pp.dat030

     Calling punch_plot, plot_num =   3

     Energy = -13.62210 eV, broadening =   0.01000eV
     Writing data to file  /home/ubuntu/projects/Graphene-Band-Structure-Quantum-Espresso/outputs/field_0/coupled/data/ldos.pp.dat031

     Calling punch_plot, plot_num =   3

     Energy = -13.60210 eV, broadening =   0.01000eV
     Writing data to file  /home/ubuntu/projects/Graphene-Band-Structure-Quantum-Espresso/outputs/field_0/coupled/data/ldos.pp.dat032

     Calling punch_plot, plot_num =   3

     Energy = -13.58210 eV, broadening =   0.01000eV
     Writing data to file  /home/ubuntu/projects/Graphene-Band-Structure-Quantum-Espresso/outputs/field_0/coupled/data/ldos.pp.dat033

     Calling punch_plot, plot_num =   3

     Energy = -13.56210 eV, broadening =   0.01000eV
     Writing data to file  /home/ubuntu/projects/Graphene-Band-Structure-Quantum-Espresso/outputs/field_0/coupled/data/ldos.pp.dat034

     Calling punch_plot, plot_num =   3

     Energy = -13.54210 eV, broadening =   0.01000eV
     Writing data to file  /home/ubuntu/projects/Graphene-Band-Structure-Quantum-Espresso/outputs/field_0/coupled/data/ldos.pp.dat035

     Calling punch_plot, plot_num =   3

     Energy = -13.52210 eV, broadening =   0.01000eV
     Writing data to file  /home/ubuntu/projects/Graphene-Band-Structure-Quantum-Espresso/outputs/field_0/coupled/data/ldos.pp.dat036

     Calling punch_plot, plot_num =   3

     Energy = -13.50210 eV, broadening =   0.01000eV
     Writing data to file  /home/ubuntu/projects/Graphene-Band-Structure-Quantum-Espresso/outputs/field_0/coupled/data/ldos.pp.dat037

     Calling punch_plot, plot_num =   3

     Energy = -13.48210 eV, broadening =   0.01000eV
     Writing data to file  /home/ubuntu/projects/Graphene-Band-Structure-Quantum-Espresso/outputs/field_0/coupled/data/ldos.pp.dat038

     Calling punch_plot, plot_num =   3

     Energy = -13.46210 eV, broadening =   0.01000eV
     Writing data to file  /home/ubuntu/projects/Graphene-Band-Structure-Quantum-Espresso/outputs/field_0/coupled/data/ldos.pp.dat039

     Calling punch_plot, plot_num =   3

     Energy = -13.44210 eV, broadening =   0.01000eV
     Writing data to file  /home/ubuntu/projects/Graphene-Band-Structure-Quantum-Espresso/outputs/field_0/coupled/data/ldos.pp.dat040

     Calling punch_plot, plot_num =   3

     Energy = -13.42210 eV, broadening =   0.01000eV
     Writing data to file  /home/ubuntu/projects/Graphene-Band-Structure-Quantum-Espresso/outputs/field_0/coupled/data/ldos.pp.dat041

     Calling punch_plot, plot_num =   3

     Energy = -13.40210 eV, broadening =   0.01000eV
     Writing data to file  /home/ubuntu/projects/Graphene-Band-Structure-Quantum-Espresso/outputs/field_0/coupled/data/ldos.pp.dat042

     Calling punch_plot, plot_num =   3

     Energy = -13.38210 eV, broadening =   0.01000eV
     Writing data to file  /home/ubuntu/projects/Graphene-Band-Structure-Quantum-Espresso/outputs/field_0/coupled/data/ldos.pp.dat043

     Calling punch_plot, plot_num =   3

     Energy = -13.36210 eV, broadening =   0.01000eV
     Writing data to file  /home/ubuntu/projects/Graphene-Band-Structure-Quantum-Espresso/outputs/field_0/coupled/data/ldos.pp.dat044

     Calling punch_plot, plot_num =   3

     Energy = -13.34210 eV, broadening =   0.01000eV
     Writing data to file  /home/ubuntu/projects/Graphene-Band-Structure-Quantum-Espresso/outputs/field_0/coupled/data/ldos.pp.dat045

     Calling punch_plot, plot_num =   3

     Energy = -13.32210 eV, broadening =   0.01000eV
     Writing data to file  /home/ubuntu/projects/Graphene-Band-Structure-Quantum-Espresso/outputs/field_0/coupled/data/ldos.pp.dat046

     Calling punch_plot, plot_num =   3

     Energy = -13.30210 eV, broadening =   0.01000eV
     Writing data to file  /home/ubuntu/projects/Graphene-Band-Structure-Quantum-Espresso/outputs/field_0/coupled/data/ldos.pp.dat047

     Calling punch_plot, plot_num =   3

     Energy = -13.28210 eV, broadening =   0.01000eV
     Writing data to file  /home/ubuntu/projects/Graphene-Band-Structure-Quantum-Espresso/outputs/field_0/coupled/data/ldos.pp.dat048

     Calling punch_plot, plot_num =   3

     Energy = -13.26210 eV, broadening =   0.01000eV
     Writing data to file  /home/ubuntu/projects/Graphene-Band-Structure-Quantum-Espresso/outputs/field_0/coupled/data/ldos.pp.dat049

     Calling punch_plot, plot_num =   3

     Energy = -13.24210 eV, broadening =   0.01000eV
     Writing data to file  /home/ubuntu/projects/Graphene-Band-Structure-Quantum-Espresso/outputs/field_0/coupled/data/ldos.pp.dat050

     Calling punch_plot, plot_num =   3

     Energy = -13.22210 eV, broadening =   0.01000eV
     Writing data to file  /home/ubuntu/projects/Graphene-Band-Structure-Quantum-Espresso/outputs/field_0/coupled/data/ldos.pp.dat051

     Calling punch_plot, plot_num =   3

     Energy = -13.20210 eV, broadening =   0.01000eV
     Writing data to file  /home/ubuntu/projects/Graphene-Band-Structure-Quantum-Espresso/outputs/field_0/coupled/data/ldos.pp.dat052

     Calling punch_plot, plot_num =   3

     Energy = -13.18210 eV, broadening =   0.01000eV
     Writing data to file  /home/ubuntu/projects/Graphene-Band-Structure-Quantum-Espresso/outputs/field_0/coupled/data/ldos.pp.dat053

     Calling punch_plot, plot_num =   3

     Energy = -13.16210 eV, broadening =   0.01000eV
     Writing data to file  /home/ubuntu/projects/Graphene-Band-Structure-Quantum-Espresso/outputs/field_0/coupled/data/ldos.pp.dat054

     Calling punch_plot, plot_num =   3

     Energy = -13.14210 eV, broadening =   0.01000eV
     Writing data to file  /home/ubuntu/projects/Graphene-Band-Structure-Quantum-Espresso/outputs/field_0/coupled/data/ldos.pp.dat055

     Calling punch_plot, plot_num =   3

     Energy = -13.12210 eV, broadening =   0.01000eV
     Writing data to file  /home/ubuntu/projects/Graphene-Band-Structure-Quantum-Espresso/outputs/field_0/coupled/data/ldos.pp.dat056

     Calling punch_plot, plot_num =   3

     Energy = -13.10210 eV, broadening =   0.01000eV
     Writing data to file  /home/ubuntu/projects/Graphene-Band-Structure-Quantum-Espresso/outputs/field_0/coupled/data/ldos.pp.dat057

     Calling punch_plot, plot_num =   3

     Energy = -13.08210 eV, broadening =   0.01000eV
     Writing data to file  /home/ubuntu/projects/Graphene-Band-Structure-Quantum-Espresso/outputs/field_0/coupled/data/ldos.pp.dat058

     Calling punch_plot, plot_num =   3

     Energy = -13.06210 eV, broadening =   0.01000eV
     Writing data to file  /home/ubuntu/projects/Graphene-Band-Structure-Quantum-Espresso/outputs/field_0/coupled/data/ldos.pp.dat059

     Calling punch_plot, plot_num =   3

     Energy = -13.04210 eV, broadening =   0.01000eV
     Writing data to file  /home/ubuntu/projects/Graphene-Band-Structure-Quantum-Espresso/outputs/field_0/coupled/data/ldos.pp.dat060

     Calling punch_plot, plot_num =   3

     Energy = -13.02210 eV, broadening =   0.01000eV
     Writing data to file  /home/ubuntu/projects/Graphene-Band-Structure-Quantum-Espresso/outputs/field_0/coupled/data/ldos.pp.dat061

     Calling punch_plot, plot_num =   3

     Energy = -13.00210 eV, broadening =   0.01000eV
     Writing data to file  /home/ubuntu/projects/Graphene-Band-Structure-Quantum-Espresso/outputs/field_0/coupled/data/ldos.pp.dat062

     Calling punch_plot, plot_num =   3

     Energy = -12.98210 eV, broadening =   0.01000eV
     Writing data to file  /home/ubuntu/projects/Graphene-Band-Structure-Quantum-Espresso/outputs/field_0/coupled/data/ldos.pp.dat063

     Calling punch_plot, plot_num =   3

     Energy = -12.96210 eV, broadening =   0.01000eV
     Writing data to file  /home/ubuntu/projects/Graphene-Band-Structure-Quantum-Espresso/outputs/field_0/coupled/data/ldos.pp.dat064

     Calling punch_plot, plot_num =   3

     Energy = -12.94210 eV, broadening =   0.01000eV
     Writing data to file  /home/ubuntu/projects/Graphene-Band-Structure-Quantum-Espresso/outputs/field_0/coupled/data/ldos.pp.dat065

     Calling punch_plot, plot_num =   3

     Energy = -12.92210 eV, broadening =   0.01000eV
     Writing data to file  /home/ubuntu/projects/Graphene-Band-Structure-Quantum-Espresso/outputs/field_0/coupled/data/ldos.pp.dat066

     Calling punch_plot, plot_num =   3

     Energy = -12.90210 eV, broadening =   0.01000eV
     Writing data to file  /home/ubuntu/projects/Graphene-Band-Structure-Quantum-Espresso/outputs/field_0/coupled/data/ldos.pp.dat067

     Calling punch_plot, plot_num =   3

     Energy = -12.88210 eV, broadening =   0.01000eV
     Writing data to file  /home/ubuntu/projects/Graphene-Band-Structure-Quantum-Espresso/outputs/field_0/coupled/data/ldos.pp.dat068

     Calling punch_plot, plot_num =   3

     Energy = -12.86210 eV, broadening =   0.01000eV
     Writing data to file  /home/ubuntu/projects/Graphene-Band-Structure-Quantum-Espresso/outputs/field_0/coupled/data/ldos.pp.dat069

     Calling punch_plot, plot_num =   3

     Energy = -12.84210 eV, broadening =   0.01000eV
     Writing data to file  /home/ubuntu/projects/Graphene-Band-Structure-Quantum-Espresso/outputs/field_0/coupled/data/ldos.pp.dat070

     Calling punch_plot, plot_num =   3

     Energy = -12.82210 eV, broadening =   0.01000eV
     Writing data to file  /home/ubuntu/projects/Graphene-Band-Structure-Quantum-Espresso/outputs/field_0/coupled/data/ldos.pp.dat071

     Calling punch_plot, plot_num =   3

     Energy = -12.80210 eV, broadening =   0.01000eV
     Writing data to file  /home/ubuntu/projects/Graphene-Band-Structure-Quantum-Espresso/outputs/field_0/coupled/data/ldos.pp.dat072

     Calling punch_plot, plot_num =   3

     Energy = -12.78210 eV, broadening =   0.01000eV
     Writing data to file  /home/ubuntu/projects/Graphene-Band-Structure-Quantum-Espresso/outputs/field_0/coupled/data/ldos.pp.dat073

     Calling punch_plot, plot_num =   3

     Energy = -12.76210 eV, broadening =   0.01000eV
     Writing data to file  /home/ubuntu/projects/Graphene-Band-Structure-Quantum-Espresso/outputs/field_0/coupled/data/ldos.pp.dat074

     Calling punch_plot, plot_num =   3

     Energy = -12.74210 eV, broadening =   0.01000eV
     Writing data to file  /home/ubuntu/projects/Graphene-Band-Structure-Quantum-Espresso/outputs/field_0/coupled/data/ldos.pp.dat075

     Calling punch_plot, plot_num =   3

     Energy = -12.72210 eV, broadening =   0.01000eV
     Writing data to file  /home/ubuntu/projects/Graphene-Band-Structure-Quantum-Espresso/outputs/field_0/coupled/data/ldos.pp.dat076

     Calling punch_plot, plot_num =   3

     Energy = -12.70210 eV, broadening =   0.01000eV
     Writing data to file  /home/ubuntu/projects/Graphene-Band-Structure-Quantum-Espresso/outputs/field_0/coupled/data/ldos.pp.dat077

     Calling punch_plot, plot_num =   3

     Energy = -12.68210 eV, broadening =   0.01000eV
     Writing data to file  /home/ubuntu/projects/Graphene-Band-Structure-Quantum-Espresso/outputs/field_0/coupled/data/ldos.pp.dat078

     Calling punch_plot, plot_num =   3

     Energy = -12.66210 eV, broadening =   0.01000eV
     Writing data to file  /home/ubuntu/projects/Graphene-Band-Structure-Quantum-Espresso/outputs/field_0/coupled/data/ldos.pp.dat079

     Calling punch_plot, plot_num =   3

     Energy = -12.64210 eV, broadening =   0.01000eV
     Writing data to file  /home/ubuntu/projects/Graphene-Band-Structure-Quantum-Espresso/outputs/field_0/coupled/data/ldos.pp.dat080

     Calling punch_plot, plot_num =   3

     Energy = -12.62210 eV, broadening =   0.01000eV
     Writing data to file  /home/ubuntu/projects/Graphene-Band-Structure-Quantum-Espresso/outputs/field_0/coupled/data/ldos.pp.dat081

     Calling punch_plot, plot_num =   3

     Energy = -12.60210 eV, broadening =   0.01000eV
     Writing data to file  /home/ubuntu/projects/Graphene-Band-Structure-Quantum-Espresso/outputs/field_0/coupled/data/ldos.pp.dat082

     Calling punch_plot, plot_num =   3

     Energy = -12.58210 eV, broadening =   0.01000eV
     Writing data to file  /home/ubuntu/projects/Graphene-Band-Structure-Quantum-Espresso/outputs/field_0/coupled/data/ldos.pp.dat083

     Calling punch_plot, plot_num =   3

     Energy = -12.56210 eV, broadening =   0.01000eV
     Writing data to file  /home/ubuntu/projects/Graphene-Band-Structure-Quantum-Espresso/outputs/field_0/coupled/data/ldos.pp.dat084

     Calling punch_plot, plot_num =   3

     Energy = -12.54210 eV, broadening =   0.01000eV
     Writing data to file  /home/ubuntu/projects/Graphene-Band-Structure-Quantum-Espresso/outputs/field_0/coupled/data/ldos.pp.dat085

     Calling punch_plot, plot_num =   3

     Energy = -12.52210 eV, broadening =   0.01000eV
     Writing data to file  /home/ubuntu/projects/Graphene-Band-Structure-Quantum-Espresso/outputs/field_0/coupled/data/ldos.pp.dat086

     Calling punch_plot, plot_num =   3

     Energy = -12.50210 eV, broadening =   0.01000eV
     Writing data to file  /home/ubuntu/projects/Graphene-Band-Structure-Quantum-Espresso/outputs/field_0/coupled/data/ldos.pp.dat087

     Calling punch_plot, plot_num =   3

     Energy = -12.48210 eV, broadening =   0.01000eV
     Writing data to file  /home/ubuntu/projects/Graphene-Band-Structure-Quantum-Espresso/outputs/field_0/coupled/data/ldos.pp.dat088

     Calling punch_plot, plot_num =   3

     Energy = -12.46210 eV, broadening =   0.01000eV
     Writing data to file  /home/ubuntu/projects/Graphene-Band-Structure-Quantum-Espresso/outputs/field_0/coupled/data/ldos.pp.dat089

     Calling punch_plot, plot_num =   3

     Energy = -12.44210 eV, broadening =   0.01000eV
     Writing data to file  /home/ubuntu/projects/Graphene-Band-Structure-Quantum-Espresso/outputs/field_0/coupled/data/ldos.pp.dat090

     Calling punch_plot, plot_num =   3

     Energy = -12.42210 eV, broadening =   0.01000eV
     Writing data to file  /home/ubuntu/projects/Graphene-Band-Structure-Quantum-Espresso/outputs/field_0/coupled/data/ldos.pp.dat091

     Calling punch_plot, plot_num =   3

     Energy = -12.40210 eV, broadening =   0.01000eV
     Writing data to file  /home/ubuntu/projects/Graphene-Band-Structure-Quantum-Espresso/outputs/field_0/coupled/data/ldos.pp.dat092

     Calling punch_plot, plot_num =   3

     Energy = -12.38210 eV, broadening =   0.01000eV
     Writing data to file  /home/ubuntu/projects/Graphene-Band-Structure-Quantum-Espresso/outputs/field_0/coupled/data/ldos.pp.dat093

     Calling punch_plot, plot_num =   3

     Energy = -12.36210 eV, broadening =   0.01000eV
     Writing data to file  /home/ubuntu/projects/Graphene-Band-Structure-Quantum-Espresso/outputs/field_0/coupled/data/ldos.pp.dat094

     Calling punch_plot, plot_num =   3

     Energy = -12.34210 eV, broadening =   0.01000eV
     Writing data to file  /home/ubuntu/projects/Graphene-Band-Structure-Quantum-Espresso/outputs/field_0/coupled/data/ldos.pp.dat095

     Calling punch_plot, plot_num =   3

     Energy = -12.32210 eV, broadening =   0.01000eV
     Writing data to file  /home/ubuntu/projects/Graphene-Band-Structure-Quantum-Espresso/outputs/field_0/coupled/data/ldos.pp.dat096

     Calling punch_plot, plot_num =   3

     Energy = -12.30210 eV, broadening =   0.01000eV
     Writing data to file  /home/ubuntu/projects/Graphene-Band-Structure-Quantum-Espresso/outputs/field_0/coupled/data/ldos.pp.dat097

     Calling punch_plot, plot_num =   3

     Energy = -12.28210 eV, broadening =   0.01000eV
     Writing data to file  /home/ubuntu/projects/Graphene-Band-Structure-Quantum-Espresso/outputs/field_0/coupled/data/ldos.pp.dat098

     Calling punch_plot, plot_num =   3

     Energy = -12.26210 eV, broadening =   0.01000eV
     Writing data to file  /home/ubuntu/projects/Graphene-Band-Structure-Quantum-Espresso/outputs/field_0/coupled/data/ldos.pp.dat099

     Calling punch_plot, plot_num =   3

     Energy = -12.24210 eV, broadening =   0.01000eV
     Writing data to file  /home/ubuntu/projects/Graphene-Band-Structure-Quantum-Espresso/outputs/field_0/coupled/data/ldos.pp.dat100

     Calling punch_plot, plot_num =   3

     Energy = -12.22210 eV, broadening =   0.01000eV
     Writing data to file  /home/ubuntu/projects/Graphene-Band-Structure-Quantum-Espresso/outputs/field_0/coupled/data/ldos.pp.dat101

     Calling punch_plot, plot_num =   3

     Energy = -12.20210 eV, broadening =   0.01000eV
     Writing data to file  /home/ubuntu/projects/Graphene-Band-Structure-Quantum-Espresso/outputs/field_0/coupled/data/ldos.pp.dat102

     Calling punch_plot, plot_num =   3

     Energy = -12.18210 eV, broadening =   0.01000eV
     Writing data to file  /home/ubuntu/projects/Graphene-Band-Structure-Quantum-Espresso/outputs/field_0/coupled/data/ldos.pp.dat103

     Calling punch_plot, plot_num =   3

     Energy = -12.16210 eV, broadening =   0.01000eV
     Writing data to file  /home/ubuntu/projects/Graphene-Band-Structure-Quantum-Espresso/outputs/field_0/coupled/data/ldos.pp.dat104

     Calling punch_plot, plot_num =   3

     Energy = -12.14210 eV, broadening =   0.01000eV
     Writing data to file  /home/ubuntu/projects/Graphene-Band-Structure-Quantum-Espresso/outputs/field_0/coupled/data/ldos.pp.dat105

     Calling punch_plot, plot_num =   3

     Energy = -12.12210 eV, broadening =   0.01000eV
     Writing data to file  /home/ubuntu/projects/Graphene-Band-Structure-Quantum-Espresso/outputs/field_0/coupled/data/ldos.pp.dat106

     Calling punch_plot, plot_num =   3

     Energy = -12.10210 eV, broadening =   0.01000eV
     Writing data to file  /home/ubuntu/projects/Graphene-Band-Structure-Quantum-Espresso/outputs/field_0/coupled/data/ldos.pp.dat107

     Calling punch_plot, plot_num =   3

     Energy = -12.08210 eV, broadening =   0.01000eV
     Writing data to file  /home/ubuntu/projects/Graphene-Band-Structure-Quantum-Espresso/outputs/field_0/coupled/data/ldos.pp.dat108

     Calling punch_plot, plot_num =   3

     Energy = -12.06210 eV, broadening =   0.01000eV
     Writing data to file  /home/ubuntu/projects/Graphene-Band-Structure-Quantum-Espresso/outputs/field_0/coupled/data/ldos.pp.dat109

     Calling punch_plot, plot_num =   3

     Energy = -12.04210 eV, broadening =   0.01000eV
     Writing data to file  /home/ubuntu/projects/Graphene-Band-Structure-Quantum-Espresso/outputs/field_0/coupled/data/ldos.pp.dat110

     Calling punch_plot, plot_num =   3

     Energy = -12.02210 eV, broadening =   0.01000eV
     Writing data to file  /home/ubuntu/projects/Graphene-Band-Structure-Quantum-Espresso/outputs/field_0/coupled/data/ldos.pp.dat111

     Calling punch_plot, plot_num =   3

     Energy = -12.00210 eV, broadening =   0.01000eV
     Writing data to file  /home/ubuntu/projects/Graphene-Band-Structure-Quantum-Espresso/outputs/field_0/coupled/data/ldos.pp.dat112

     Calling punch_plot, plot_num =   3

     Energy = -11.98210 eV, broadening =   0.01000eV
     Writing data to file  /home/ubuntu/projects/Graphene-Band-Structure-Quantum-Espresso/outputs/field_0/coupled/data/ldos.pp.dat113

     Calling punch_plot, plot_num =   3

     Energy = -11.96210 eV, broadening =   0.01000eV
     Writing data to file  /home/ubuntu/projects/Graphene-Band-Structure-Quantum-Espresso/outputs/field_0/coupled/data/ldos.pp.dat114

     Calling punch_plot, plot_num =   3

     Energy = -11.94210 eV, broadening =   0.01000eV
     Writing data to file  /home/ubuntu/projects/Graphene-Band-Structure-Quantum-Espresso/outputs/field_0/coupled/data/ldos.pp.dat115

     Calling punch_plot, plot_num =   3

     Energy = -11.92210 eV, broadening =   0.01000eV
     Writing data to file  /home/ubuntu/projects/Graphene-Band-Structure-Quantum-Espresso/outputs/field_0/coupled/data/ldos.pp.dat116

     Calling punch_plot, plot_num =   3

     Energy = -11.90210 eV, broadening =   0.01000eV
     Writing data to file  /home/ubuntu/projects/Graphene-Band-Structure-Quantum-Espresso/outputs/field_0/coupled/data/ldos.pp.dat117

     Calling punch_plot, plot_num =   3

     Energy = -11.88210 eV, broadening =   0.01000eV
     Writing data to file  /home/ubuntu/projects/Graphene-Band-Structure-Quantum-Espresso/outputs/field_0/coupled/data/ldos.pp.dat118

     Calling punch_plot, plot_num =   3

     Energy = -11.86210 eV, broadening =   0.01000eV
     Writing data to file  /home/ubuntu/projects/Graphene-Band-Structure-Quantum-Espresso/outputs/field_0/coupled/data/ldos.pp.dat119

     Calling punch_plot, plot_num =   3

     Energy = -11.84210 eV, broadening =   0.01000eV
     Writing data to file  /home/ubuntu/projects/Graphene-Band-Structure-Quantum-Espresso/outputs/field_0/coupled/data/ldos.pp.dat120

     Calling punch_plot, plot_num =   3

     Energy = -11.82210 eV, broadening =   0.01000eV
     Writing data to file  /home/ubuntu/projects/Graphene-Band-Structure-Quantum-Espresso/outputs/field_0/coupled/data/ldos.pp.dat121

     Calling punch_plot, plot_num =   3

     Energy = -11.80210 eV, broadening =   0.01000eV
     Writing data to file  /home/ubuntu/projects/Graphene-Band-Structure-Quantum-Espresso/outputs/field_0/coupled/data/ldos.pp.dat122

     Calling punch_plot, plot_num =   3

     Energy = -11.78210 eV, broadening =   0.01000eV
     Writing data to file  /home/ubuntu/projects/Graphene-Band-Structure-Quantum-Espresso/outputs/field_0/coupled/data/ldos.pp.dat123

     Calling punch_plot, plot_num =   3

     Energy = -11.76210 eV, broadening =   0.01000eV
     Writing data to file  /home/ubuntu/projects/Graphene-Band-Structure-Quantum-Espresso/outputs/field_0/coupled/data/ldos.pp.dat124

     Calling punch_plot, plot_num =   3

     Energy = -11.74210 eV, broadening =   0.01000eV
     Writing data to file  /home/ubuntu/projects/Graphene-Band-Structure-Quantum-Espresso/outputs/field_0/coupled/data/ldos.pp.dat125

     Calling punch_plot, plot_num =   3

     Energy = -11.72210 eV, broadening =   0.01000eV
     Writing data to file  /home/ubuntu/projects/Graphene-Band-Structure-Quantum-Espresso/outputs/field_0/coupled/data/ldos.pp.dat126

     Calling punch_plot, plot_num =   3

     Energy = -11.70210 eV, broadening =   0.01000eV
     Writing data to file  /home/ubuntu/projects/Graphene-Band-Structure-Quantum-Espresso/outputs/field_0/coupled/data/ldos.pp.dat127

     Calling punch_plot, plot_num =   3

     Energy = -11.68210 eV, broadening =   0.01000eV
     Writing data to file  /home/ubuntu/projects/Graphene-Band-Structure-Quantum-Espresso/outputs/field_0/coupled/data/ldos.pp.dat128

     Calling punch_plot, plot_num =   3

     Energy = -11.66210 eV, broadening =   0.01000eV
     Writing data to file  /home/ubuntu/projects/Graphene-Band-Structure-Quantum-Espresso/outputs/field_0/coupled/data/ldos.pp.dat129

     Calling punch_plot, plot_num =   3

     Energy = -11.64210 eV, broadening =   0.01000eV
     Writing data to file  /home/ubuntu/projects/Graphene-Band-Structure-Quantum-Espresso/outputs/field_0/coupled/data/ldos.pp.dat130

     Calling punch_plot, plot_num =   3

     Energy = -11.62210 eV, broadening =   0.01000eV
     Writing data to file  /home/ubuntu/projects/Graphene-Band-Structure-Quantum-Espresso/outputs/field_0/coupled/data/ldos.pp.dat131

     Calling punch_plot, plot_num =   3

     Energy = -11.60210 eV, broadening =   0.01000eV
     Writing data to file  /home/ubuntu/projects/Graphene-Band-Structure-Quantum-Espresso/outputs/field_0/coupled/data/ldos.pp.dat132

     Calling punch_plot, plot_num =   3

     Energy = -11.58210 eV, broadening =   0.01000eV
     Writing data to file  /home/ubuntu/projects/Graphene-Band-Structure-Quantum-Espresso/outputs/field_0/coupled/data/ldos.pp.dat133

     Calling punch_plot, plot_num =   3

     Energy = -11.56210 eV, broadening =   0.01000eV
     Writing data to file  /home/ubuntu/projects/Graphene-Band-Structure-Quantum-Espresso/outputs/field_0/coupled/data/ldos.pp.dat134

     Calling punch_plot, plot_num =   3

     Energy = -11.54210 eV, broadening =   0.01000eV
     Writing data to file  /home/ubuntu/projects/Graphene-Band-Structure-Quantum-Espresso/outputs/field_0/coupled/data/ldos.pp.dat135

     Calling punch_plot, plot_num =   3

     Energy = -11.52210 eV, broadening =   0.01000eV
     Writing data to file  /home/ubuntu/projects/Graphene-Band-Structure-Quantum-Espresso/outputs/field_0/coupled/data/ldos.pp.dat136

     Calling punch_plot, plot_num =   3

     Energy = -11.50210 eV, broadening =   0.01000eV
     Writing data to file  /home/ubuntu/projects/Graphene-Band-Structure-Quantum-Espresso/outputs/field_0/coupled/data/ldos.pp.dat137

     Calling punch_plot, plot_num =   3

     Energy = -11.48210 eV, broadening =   0.01000eV
     Writing data to file  /home/ubuntu/projects/Graphene-Band-Structure-Quantum-Espresso/outputs/field_0/coupled/data/ldos.pp.dat138

     Calling punch_plot, plot_num =   3

     Energy = -11.46210 eV, broadening =   0.01000eV
     Writing data to file  /home/ubuntu/projects/Graphene-Band-Structure-Quantum-Espresso/outputs/field_0/coupled/data/ldos.pp.dat139

     Calling punch_plot, plot_num =   3

     Energy = -11.44210 eV, broadening =   0.01000eV
     Writing data to file  /home/ubuntu/projects/Graphene-Band-Structure-Quantum-Espresso/outputs/field_0/coupled/data/ldos.pp.dat140

     Calling punch_plot, plot_num =   3

     Energy = -11.42210 eV, broadening =   0.01000eV
     Writing data to file  /home/ubuntu/projects/Graphene-Band-Structure-Quantum-Espresso/outputs/field_0/coupled/data/ldos.pp.dat141

     Calling punch_plot, plot_num =   3

     Energy = -11.40210 eV, broadening =   0.01000eV
     Writing data to file  /home/ubuntu/projects/Graphene-Band-Structure-Quantum-Espresso/outputs/field_0/coupled/data/ldos.pp.dat142

     Calling punch_plot, plot_num =   3

     Energy = -11.38210 eV, broadening =   0.01000eV
     Writing data to file  /home/ubuntu/projects/Graphene-Band-Structure-Quantum-Espresso/outputs/field_0/coupled/data/ldos.pp.dat143

     Calling punch_plot, plot_num =   3

     Energy = -11.36210 eV, broadening =   0.01000eV
     Writing data to file  /home/ubuntu/projects/Graphene-Band-Structure-Quantum-Espresso/outputs/field_0/coupled/data/ldos.pp.dat144

     Calling punch_plot, plot_num =   3

     Energy = -11.34210 eV, broadening =   0.01000eV
     Writing data to file  /home/ubuntu/projects/Graphene-Band-Structure-Quantum-Espresso/outputs/field_0/coupled/data/ldos.pp.dat145

     Calling punch_plot, plot_num =   3

     Energy = -11.32210 eV, broadening =   0.01000eV
     Writing data to file  /home/ubuntu/projects/Graphene-Band-Structure-Quantum-Espresso/outputs/field_0/coupled/data/ldos.pp.dat146

     Calling punch_plot, plot_num =   3

     Energy = -11.30210 eV, broadening =   0.01000eV
     Writing data to file  /home/ubuntu/projects/Graphene-Band-Structure-Quantum-Espresso/outputs/field_0/coupled/data/ldos.pp.dat147

     Calling punch_plot, plot_num =   3

     Energy = -11.28210 eV, broadening =   0.01000eV
     Writing data to file  /home/ubuntu/projects/Graphene-Band-Structure-Quantum-Espresso/outputs/field_0/coupled/data/ldos.pp.dat148

     Calling punch_plot, plot_num =   3

     Energy = -11.26210 eV, broadening =   0.01000eV
     Writing data to file  /home/ubuntu/projects/Graphene-Band-Structure-Quantum-Espresso/outputs/field_0/coupled/data/ldos.pp.dat149

     Calling punch_plot, plot_num =   3

     Energy = -11.24210 eV, broadening =   0.01000eV
     Writing data to file  /home/ubuntu/projects/Graphene-Band-Structure-Quantum-Espresso/outputs/field_0/coupled/data/ldos.pp.dat150

     Calling punch_plot, plot_num =   3

     Energy = -11.22210 eV, broadening =   0.01000eV
     Writing data to file  /home/ubuntu/projects/Graphene-Band-Structure-Quantum-Espresso/outputs/field_0/coupled/data/ldos.pp.dat151

     Calling punch_plot, plot_num =   3

     Energy = -11.20210 eV, broadening =   0.01000eV
     Writing data to file  /home/ubuntu/projects/Graphene-Band-Structure-Quantum-Espresso/outputs/field_0/coupled/data/ldos.pp.dat152

     Calling punch_plot, plot_num =   3

     Energy = -11.18210 eV, broadening =   0.01000eV
     Writing data to file  /home/ubuntu/projects/Graphene-Band-Structure-Quantum-Espresso/outputs/field_0/coupled/data/ldos.pp.dat153

     Calling punch_plot, plot_num =   3

     Energy = -11.16210 eV, broadening =   0.01000eV
     Writing data to file  /home/ubuntu/projects/Graphene-Band-Structure-Quantum-Espresso/outputs/field_0/coupled/data/ldos.pp.dat154

     Calling punch_plot, plot_num =   3

     Energy = -11.14210 eV, broadening =   0.01000eV
     Writing data to file  /home/ubuntu/projects/Graphene-Band-Structure-Quantum-Espresso/outputs/field_0/coupled/data/ldos.pp.dat155

     Calling punch_plot, plot_num =   3

     Energy = -11.12210 eV, broadening =   0.01000eV
     Writing data to file  /home/ubuntu/projects/Graphene-Band-Structure-Quantum-Espresso/outputs/field_0/coupled/data/ldos.pp.dat156

     Calling punch_plot, plot_num =   3

     Energy = -11.10210 eV, broadening =   0.01000eV
     Writing data to file  /home/ubuntu/projects/Graphene-Band-Structure-Quantum-Espresso/outputs/field_0/coupled/data/ldos.pp.dat157

     Calling punch_plot, plot_num =   3

     Energy = -11.08210 eV, broadening =   0.01000eV
     Writing data to file  /home/ubuntu/projects/Graphene-Band-Structure-Quantum-Espresso/outputs/field_0/coupled/data/ldos.pp.dat158

     Calling punch_plot, plot_num =   3

     Energy = -11.06210 eV, broadening =   0.01000eV
     Writing data to file  /home/ubuntu/projects/Graphene-Band-Structure-Quantum-Espresso/outputs/field_0/coupled/data/ldos.pp.dat159

     Calling punch_plot, plot_num =   3

     Energy = -11.04210 eV, broadening =   0.01000eV
     Writing data to file  /home/ubuntu/projects/Graphene-Band-Structure-Quantum-Espresso/outputs/field_0/coupled/data/ldos.pp.dat160

     Calling punch_plot, plot_num =   3

     Energy = -11.02210 eV, broadening =   0.01000eV
     Writing data to file  /home/ubuntu/projects/Graphene-Band-Structure-Quantum-Espresso/outputs/field_0/coupled/data/ldos.pp.dat161

     Calling punch_plot, plot_num =   3

     Energy = -11.00210 eV, broadening =   0.01000eV
     Writing data to file  /home/ubuntu/projects/Graphene-Band-Structure-Quantum-Espresso/outputs/field_0/coupled/data/ldos.pp.dat162

     Calling punch_plot, plot_num =   3

     Energy = -10.98210 eV, broadening =   0.01000eV
     Writing data to file  /home/ubuntu/projects/Graphene-Band-Structure-Quantum-Espresso/outputs/field_0/coupled/data/ldos.pp.dat163

     Calling punch_plot, plot_num =   3

     Energy = -10.96210 eV, broadening =   0.01000eV
     Writing data to file  /home/ubuntu/projects/Graphene-Band-Structure-Quantum-Espresso/outputs/field_0/coupled/data/ldos.pp.dat164

     Calling punch_plot, plot_num =   3

     Energy = -10.94210 eV, broadening =   0.01000eV
     Writing data to file  /home/ubuntu/projects/Graphene-Band-Structure-Quantum-Espresso/outputs/field_0/coupled/data/ldos.pp.dat165

     Calling punch_plot, plot_num =   3

     Energy = -10.92210 eV, broadening =   0.01000eV
     Writing data to file  /home/ubuntu/projects/Graphene-Band-Structure-Quantum-Espresso/outputs/field_0/coupled/data/ldos.pp.dat166

     Calling punch_plot, plot_num =   3

     Energy = -10.90210 eV, broadening =   0.01000eV
     Writing data to file  /home/ubuntu/projects/Graphene-Band-Structure-Quantum-Espresso/outputs/field_0/coupled/data/ldos.pp.dat167

     Calling punch_plot, plot_num =   3

     Energy = -10.88210 eV, broadening =   0.01000eV
     Writing data to file  /home/ubuntu/projects/Graphene-Band-Structure-Quantum-Espresso/outputs/field_0/coupled/data/ldos.pp.dat168

     Calling punch_plot, plot_num =   3

     Energy = -10.86210 eV, broadening =   0.01000eV
     Writing data to file  /home/ubuntu/projects/Graphene-Band-Structure-Quantum-Espresso/outputs/field_0/coupled/data/ldos.pp.dat169

     Calling punch_plot, plot_num =   3

     Energy = -10.84210 eV, broadening =   0.01000eV
     Writing data to file  /home/ubuntu/projects/Graphene-Band-Structure-Quantum-Espresso/outputs/field_0/coupled/data/ldos.pp.dat170

     Calling punch_plot, plot_num =   3

     Energy = -10.82210 eV, broadening =   0.01000eV
     Writing data to file  /home/ubuntu/projects/Graphene-Band-Structure-Quantum-Espresso/outputs/field_0/coupled/data/ldos.pp.dat171

     Calling punch_plot, plot_num =   3

     Energy = -10.80210 eV, broadening =   0.01000eV
     Writing data to file  /home/ubuntu/projects/Graphene-Band-Structure-Quantum-Espresso/outputs/field_0/coupled/data/ldos.pp.dat172

     Calling punch_plot, plot_num =   3

     Energy = -10.78210 eV, broadening =   0.01000eV
     Writing data to file  /home/ubuntu/projects/Graphene-Band-Structure-Quantum-Espresso/outputs/field_0/coupled/data/ldos.pp.dat173

     Calling punch_plot, plot_num =   3

     Energy = -10.76210 eV, broadening =   0.01000eV
     Writing data to file  /home/ubuntu/projects/Graphene-Band-Structure-Quantum-Espresso/outputs/field_0/coupled/data/ldos.pp.dat174

     Calling punch_plot, plot_num =   3

     Energy = -10.74210 eV, broadening =   0.01000eV
     Writing data to file  /home/ubuntu/projects/Graphene-Band-Structure-Quantum-Espresso/outputs/field_0/coupled/data/ldos.pp.dat175

     Calling punch_plot, plot_num =   3

     Energy = -10.72210 eV, broadening =   0.01000eV
     Writing data to file  /home/ubuntu/projects/Graphene-Band-Structure-Quantum-Espresso/outputs/field_0/coupled/data/ldos.pp.dat176

     Calling punch_plot, plot_num =   3

     Energy = -10.70210 eV, broadening =   0.01000eV
     Writing data to file  /home/ubuntu/projects/Graphene-Band-Structure-Quantum-Espresso/outputs/field_0/coupled/data/ldos.pp.dat177

     Calling punch_plot, plot_num =   3

     Energy = -10.68210 eV, broadening =   0.01000eV
     Writing data to file  /home/ubuntu/projects/Graphene-Band-Structure-Quantum-Espresso/outputs/field_0/coupled/data/ldos.pp.dat178

     Calling punch_plot, plot_num =   3

     Energy = -10.66210 eV, broadening =   0.01000eV
     Writing data to file  /home/ubuntu/projects/Graphene-Band-Structure-Quantum-Espresso/outputs/field_0/coupled/data/ldos.pp.dat179

     Calling punch_plot, plot_num =   3

     Energy = -10.64210 eV, broadening =   0.01000eV
     Writing data to file  /home/ubuntu/projects/Graphene-Band-Structure-Quantum-Espresso/outputs/field_0/coupled/data/ldos.pp.dat180

     Calling punch_plot, plot_num =   3

     Energy = -10.62210 eV, broadening =   0.01000eV
     Writing data to file  /home/ubuntu/projects/Graphene-Band-Structure-Quantum-Espresso/outputs/field_0/coupled/data/ldos.pp.dat181

     Calling punch_plot, plot_num =   3

     Energy = -10.60210 eV, broadening =   0.01000eV
     Writing data to file  /home/ubuntu/projects/Graphene-Band-Structure-Quantum-Espresso/outputs/field_0/coupled/data/ldos.pp.dat182

     Calling punch_plot, plot_num =   3

     Energy = -10.58210 eV, broadening =   0.01000eV
     Writing data to file  /home/ubuntu/projects/Graphene-Band-Structure-Quantum-Espresso/outputs/field_0/coupled/data/ldos.pp.dat183

     Calling punch_plot, plot_num =   3

     Energy = -10.56210 eV, broadening =   0.01000eV
     Writing data to file  /home/ubuntu/projects/Graphene-Band-Structure-Quantum-Espresso/outputs/field_0/coupled/data/ldos.pp.dat184

     Calling punch_plot, plot_num =   3

     Energy = -10.54210 eV, broadening =   0.01000eV
     Writing data to file  /home/ubuntu/projects/Graphene-Band-Structure-Quantum-Espresso/outputs/field_0/coupled/data/ldos.pp.dat185

     Calling punch_plot, plot_num =   3

     Energy = -10.52210 eV, broadening =   0.01000eV
     Writing data to file  /home/ubuntu/projects/Graphene-Band-Structure-Quantum-Espresso/outputs/field_0/coupled/data/ldos.pp.dat186

     Calling punch_plot, plot_num =   3

     Energy = -10.50210 eV, broadening =   0.01000eV
     Writing data to file  /home/ubuntu/projects/Graphene-Band-Structure-Quantum-Espresso/outputs/field_0/coupled/data/ldos.pp.dat187

     Calling punch_plot, plot_num =   3

     Energy = -10.48210 eV, broadening =   0.01000eV
     Writing data to file  /home/ubuntu/projects/Graphene-Band-Structure-Quantum-Espresso/outputs/field_0/coupled/data/ldos.pp.dat188

     Calling punch_plot, plot_num =   3

     Energy = -10.46210 eV, broadening =   0.01000eV
     Writing data to file  /home/ubuntu/projects/Graphene-Band-Structure-Quantum-Espresso/outputs/field_0/coupled/data/ldos.pp.dat189

     Calling punch_plot, plot_num =   3

     Energy = -10.44210 eV, broadening =   0.01000eV
     Writing data to file  /home/ubuntu/projects/Graphene-Band-Structure-Quantum-Espresso/outputs/field_0/coupled/data/ldos.pp.dat190

     Calling punch_plot, plot_num =   3

     Energy = -10.42210 eV, broadening =   0.01000eV
     Writing data to file  /home/ubuntu/projects/Graphene-Band-Structure-Quantum-Espresso/outputs/field_0/coupled/data/ldos.pp.dat191

     Calling punch_plot, plot_num =   3

     Energy = -10.40210 eV, broadening =   0.01000eV
     Writing data to file  /home/ubuntu/projects/Graphene-Band-Structure-Quantum-Espresso/outputs/field_0/coupled/data/ldos.pp.dat192

     Calling punch_plot, plot_num =   3

     Energy = -10.38210 eV, broadening =   0.01000eV
     Writing data to file  /home/ubuntu/projects/Graphene-Band-Structure-Quantum-Espresso/outputs/field_0/coupled/data/ldos.pp.dat193

     Calling punch_plot, plot_num =   3

     Energy = -10.36210 eV, broadening =   0.01000eV
     Writing data to file  /home/ubuntu/projects/Graphene-Band-Structure-Quantum-Espresso/outputs/field_0/coupled/data/ldos.pp.dat194

     Calling punch_plot, plot_num =   3

     Energy = -10.34210 eV, broadening =   0.01000eV
     Writing data to file  /home/ubuntu/projects/Graphene-Band-Structure-Quantum-Espresso/outputs/field_0/coupled/data/ldos.pp.dat195

     Calling punch_plot, plot_num =   3

     Energy = -10.32210 eV, broadening =   0.01000eV
     Writing data to file  /home/ubuntu/projects/Graphene-Band-Structure-Quantum-Espresso/outputs/field_0/coupled/data/ldos.pp.dat196

     Calling punch_plot, plot_num =   3

     Energy = -10.30210 eV, broadening =   0.01000eV
     Writing data to file  /home/ubuntu/projects/Graphene-Band-Structure-Quantum-Espresso/outputs/field_0/coupled/data/ldos.pp.dat197

     Calling punch_plot, plot_num =   3

     Energy = -10.28210 eV, broadening =   0.01000eV
     Writing data to file  /home/ubuntu/projects/Graphene-Band-Structure-Quantum-Espresso/outputs/field_0/coupled/data/ldos.pp.dat198

     Calling punch_plot, plot_num =   3

     Energy = -10.26210 eV, broadening =   0.01000eV
     Writing data to file  /home/ubuntu/projects/Graphene-Band-Structure-Quantum-Espresso/outputs/field_0/coupled/data/ldos.pp.dat199

     Calling punch_plot, plot_num =   3

     Energy = -10.24210 eV, broadening =   0.01000eV
     Writing data to file  /home/ubuntu/projects/Graphene-Band-Structure-Quantum-Espresso/outputs/field_0/coupled/data/ldos.pp.dat200

     Calling punch_plot, plot_num =   3

     Energy = -10.22210 eV, broadening =   0.01000eV
     Writing data to file  /home/ubuntu/projects/Graphene-Band-Structure-Quantum-Espresso/outputs/field_0/coupled/data/ldos.pp.dat201

     Calling punch_plot, plot_num =   3

     Energy = -10.20210 eV, broadening =   0.01000eV
     Writing data to file  /home/ubuntu/projects/Graphene-Band-Structure-Quantum-Espresso/outputs/field_0/coupled/data/ldos.pp.dat202

     Calling punch_plot, plot_num =   3

     Energy = -10.18210 eV, broadening =   0.01000eV
     Writing data to file  /home/ubuntu/projects/Graphene-Band-Structure-Quantum-Espresso/outputs/field_0/coupled/data/ldos.pp.dat203

     Calling punch_plot, plot_num =   3

     Energy = -10.16210 eV, broadening =   0.01000eV
     Writing data to file  /home/ubuntu/projects/Graphene-Band-Structure-Quantum-Espresso/outputs/field_0/coupled/data/ldos.pp.dat204

     Calling punch_plot, plot_num =   3

     Energy = -10.14210 eV, broadening =   0.01000eV
     Writing data to file  /home/ubuntu/projects/Graphene-Band-Structure-Quantum-Espresso/outputs/field_0/coupled/data/ldos.pp.dat205

     Calling punch_plot, plot_num =   3

     Energy = -10.12210 eV, broadening =   0.01000eV
     Writing data to file  /home/ubuntu/projects/Graphene-Band-Structure-Quantum-Espresso/outputs/field_0/coupled/data/ldos.pp.dat206

     Calling punch_plot, plot_num =   3

     Energy = -10.10210 eV, broadening =   0.01000eV
     Writing data to file  /home/ubuntu/projects/Graphene-Band-Structure-Quantum-Espresso/outputs/field_0/coupled/data/ldos.pp.dat207

     Calling punch_plot, plot_num =   3

     Energy = -10.08210 eV, broadening =   0.01000eV
     Writing data to file  /home/ubuntu/projects/Graphene-Band-Structure-Quantum-Espresso/outputs/field_0/coupled/data/ldos.pp.dat208

     Calling punch_plot, plot_num =   3

     Energy = -10.06210 eV, broadening =   0.01000eV
     Writing data to file  /home/ubuntu/projects/Graphene-Band-Structure-Quantum-Espresso/outputs/field_0/coupled/data/ldos.pp.dat209

     Calling punch_plot, plot_num =   3

     Energy = -10.04210 eV, broadening =   0.01000eV
     Writing data to file  /home/ubuntu/projects/Graphene-Band-Structure-Quantum-Espresso/outputs/field_0/coupled/data/ldos.pp.dat210

     Calling punch_plot, plot_num =   3

     Energy = -10.02210 eV, broadening =   0.01000eV
     Writing data to file  /home/ubuntu/projects/Graphene-Band-Structure-Quantum-Espresso/outputs/field_0/coupled/data/ldos.pp.dat211

     Calling punch_plot, plot_num =   3

     Energy = -10.00210 eV, broadening =   0.01000eV
     Writing data to file  /home/ubuntu/projects/Graphene-Band-Structure-Quantum-Espresso/outputs/field_0/coupled/data/ldos.pp.dat212

     Calling punch_plot, plot_num =   3

     Energy =  -9.98210 eV, broadening =   0.01000eV
     Writing data to file  /home/ubuntu/projects/Graphene-Band-Structure-Quantum-Espresso/outputs/field_0/coupled/data/ldos.pp.dat213

     Calling punch_plot, plot_num =   3

     Energy =  -9.96210 eV, broadening =   0.01000eV
     Writing data to file  /home/ubuntu/projects/Graphene-Band-Structure-Quantum-Espresso/outputs/field_0/coupled/data/ldos.pp.dat214

     Calling punch_plot, plot_num =   3

     Energy =  -9.94210 eV, broadening =   0.01000eV
     Writing data to file  /home/ubuntu/projects/Graphene-Band-Structure-Quantum-Espresso/outputs/field_0/coupled/data/ldos.pp.dat215

     Calling punch_plot, plot_num =   3

     Energy =  -9.92210 eV, broadening =   0.01000eV
     Writing data to file  /home/ubuntu/projects/Graphene-Band-Structure-Quantum-Espresso/outputs/field_0/coupled/data/ldos.pp.dat216

     Calling punch_plot, plot_num =   3

     Energy =  -9.90210 eV, broadening =   0.01000eV
     Writing data to file  /home/ubuntu/projects/Graphene-Band-Structure-Quantum-Espresso/outputs/field_0/coupled/data/ldos.pp.dat217

     Calling punch_plot, plot_num =   3

     Energy =  -9.88210 eV, broadening =   0.01000eV
     Writing data to file  /home/ubuntu/projects/Graphene-Band-Structure-Quantum-Espresso/outputs/field_0/coupled/data/ldos.pp.dat218

     Calling punch_plot, plot_num =   3

     Energy =  -9.86210 eV, broadening =   0.01000eV
     Writing data to file  /home/ubuntu/projects/Graphene-Band-Structure-Quantum-Espresso/outputs/field_0/coupled/data/ldos.pp.dat219

     Calling punch_plot, plot_num =   3

     Energy =  -9.84210 eV, broadening =   0.01000eV
     Writing data to file  /home/ubuntu/projects/Graphene-Band-Structure-Quantum-Espresso/outputs/field_0/coupled/data/ldos.pp.dat220

     Calling punch_plot, plot_num =   3

     Energy =  -9.82210 eV, broadening =   0.01000eV
     Writing data to file  /home/ubuntu/projects/Graphene-Band-Structure-Quantum-Espresso/outputs/field_0/coupled/data/ldos.pp.dat221

     Calling punch_plot, plot_num =   3

     Energy =  -9.80210 eV, broadening =   0.01000eV
     Writing data to file  /home/ubuntu/projects/Graphene-Band-Structure-Quantum-Espresso/outputs/field_0/coupled/data/ldos.pp.dat222

     Calling punch_plot, plot_num =   3

     Energy =  -9.78210 eV, broadening =   0.01000eV
     Writing data to file  /home/ubuntu/projects/Graphene-Band-Structure-Quantum-Espresso/outputs/field_0/coupled/data/ldos.pp.dat223

     Calling punch_plot, plot_num =   3

     Energy =  -9.76210 eV, broadening =   0.01000eV
     Writing data to file  /home/ubuntu/projects/Graphene-Band-Structure-Quantum-Espresso/outputs/field_0/coupled/data/ldos.pp.dat224

     Calling punch_plot, plot_num =   3

     Energy =  -9.74210 eV, broadening =   0.01000eV
     Writing data to file  /home/ubuntu/projects/Graphene-Band-Structure-Quantum-Espresso/outputs/field_0/coupled/data/ldos.pp.dat225

     Calling punch_plot, plot_num =   3

     Energy =  -9.72210 eV, broadening =   0.01000eV
     Writing data to file  /home/ubuntu/projects/Graphene-Band-Structure-Quantum-Espresso/outputs/field_0/coupled/data/ldos.pp.dat226

     Calling punch_plot, plot_num =   3

     Energy =  -9.70210 eV, broadening =   0.01000eV
     Writing data to file  /home/ubuntu/projects/Graphene-Band-Structure-Quantum-Espresso/outputs/field_0/coupled/data/ldos.pp.dat227

     Calling punch_plot, plot_num =   3

     Energy =  -9.68210 eV, broadening =   0.01000eV
     Writing data to file  /home/ubuntu/projects/Graphene-Band-Structure-Quantum-Espresso/outputs/field_0/coupled/data/ldos.pp.dat228

     Calling punch_plot, plot_num =   3

     Energy =  -9.66210 eV, broadening =   0.01000eV
     Writing data to file  /home/ubuntu/projects/Graphene-Band-Structure-Quantum-Espresso/outputs/field_0/coupled/data/ldos.pp.dat229

     Calling punch_plot, plot_num =   3

     Energy =  -9.64210 eV, broadening =   0.01000eV
     Writing data to file  /home/ubuntu/projects/Graphene-Band-Structure-Quantum-Espresso/outputs/field_0/coupled/data/ldos.pp.dat230

     Calling punch_plot, plot_num =   3

     Energy =  -9.62210 eV, broadening =   0.01000eV
     Writing data to file  /home/ubuntu/projects/Graphene-Band-Structure-Quantum-Espresso/outputs/field_0/coupled/data/ldos.pp.dat231

     Calling punch_plot, plot_num =   3

     Energy =  -9.60210 eV, broadening =   0.01000eV
     Writing data to file  /home/ubuntu/projects/Graphene-Band-Structure-Quantum-Espresso/outputs/field_0/coupled/data/ldos.pp.dat232

     Calling punch_plot, plot_num =   3

     Energy =  -9.58210 eV, broadening =   0.01000eV
     Writing data to file  /home/ubuntu/projects/Graphene-Band-Structure-Quantum-Espresso/outputs/field_0/coupled/data/ldos.pp.dat233

     Calling punch_plot, plot_num =   3

     Energy =  -9.56210 eV, broadening =   0.01000eV
     Writing data to file  /home/ubuntu/projects/Graphene-Band-Structure-Quantum-Espresso/outputs/field_0/coupled/data/ldos.pp.dat234

     Calling punch_plot, plot_num =   3

     Energy =  -9.54210 eV, broadening =   0.01000eV
     Writing data to file  /home/ubuntu/projects/Graphene-Band-Structure-Quantum-Espresso/outputs/field_0/coupled/data/ldos.pp.dat235

     Calling punch_plot, plot_num =   3

     Energy =  -9.52210 eV, broadening =   0.01000eV
     Writing data to file  /home/ubuntu/projects/Graphene-Band-Structure-Quantum-Espresso/outputs/field_0/coupled/data/ldos.pp.dat236

     Calling punch_plot, plot_num =   3

     Energy =  -9.50210 eV, broadening =   0.01000eV
     Writing data to file  /home/ubuntu/projects/Graphene-Band-Structure-Quantum-Espresso/outputs/field_0/coupled/data/ldos.pp.dat237

     Calling punch_plot, plot_num =   3

     Energy =  -9.48210 eV, broadening =   0.01000eV
     Writing data to file  /home/ubuntu/projects/Graphene-Band-Structure-Quantum-Espresso/outputs/field_0/coupled/data/ldos.pp.dat238

     Calling punch_plot, plot_num =   3

     Energy =  -9.46210 eV, broadening =   0.01000eV
     Writing data to file  /home/ubuntu/projects/Graphene-Band-Structure-Quantum-Espresso/outputs/field_0/coupled/data/ldos.pp.dat239

     Calling punch_plot, plot_num =   3

     Energy =  -9.44210 eV, broadening =   0.01000eV
     Writing data to file  /home/ubuntu/projects/Graphene-Band-Structure-Quantum-Espresso/outputs/field_0/coupled/data/ldos.pp.dat240

     Calling punch_plot, plot_num =   3

     Energy =  -9.42210 eV, broadening =   0.01000eV
     Writing data to file  /home/ubuntu/projects/Graphene-Band-Structure-Quantum-Espresso/outputs/field_0/coupled/data/ldos.pp.dat241

     Calling punch_plot, plot_num =   3

     Energy =  -9.40210 eV, broadening =   0.01000eV
     Writing data to file  /home/ubuntu/projects/Graphene-Band-Structure-Quantum-Espresso/outputs/field_0/coupled/data/ldos.pp.dat242

     Calling punch_plot, plot_num =   3

     Energy =  -9.38210 eV, broadening =   0.01000eV
     Writing data to file  /home/ubuntu/projects/Graphene-Band-Structure-Quantum-Espresso/outputs/field_0/coupled/data/ldos.pp.dat243

     Calling punch_plot, plot_num =   3

     Energy =  -9.36210 eV, broadening =   0.01000eV
     Writing data to file  /home/ubuntu/projects/Graphene-Band-Structure-Quantum-Espresso/outputs/field_0/coupled/data/ldos.pp.dat244

     Calling punch_plot, plot_num =   3

     Energy =  -9.34210 eV, broadening =   0.01000eV
     Writing data to file  /home/ubuntu/projects/Graphene-Band-Structure-Quantum-Espresso/outputs/field_0/coupled/data/ldos.pp.dat245

     Calling punch_plot, plot_num =   3

     Energy =  -9.32210 eV, broadening =   0.01000eV
     Writing data to file  /home/ubuntu/projects/Graphene-Band-Structure-Quantum-Espresso/outputs/field_0/coupled/data/ldos.pp.dat246

     Calling punch_plot, plot_num =   3

     Energy =  -9.30210 eV, broadening =   0.01000eV
     Writing data to file  /home/ubuntu/projects/Graphene-Band-Structure-Quantum-Espresso/outputs/field_0/coupled/data/ldos.pp.dat247

     Calling punch_plot, plot_num =   3

     Energy =  -9.28210 eV, broadening =   0.01000eV
     Writing data to file  /home/ubuntu/projects/Graphene-Band-Structure-Quantum-Espresso/outputs/field_0/coupled/data/ldos.pp.dat248

     Calling punch_plot, plot_num =   3

     Energy =  -9.26210 eV, broadening =   0.01000eV
     Writing data to file  /home/ubuntu/projects/Graphene-Band-Structure-Quantum-Espresso/outputs/field_0/coupled/data/ldos.pp.dat249

     Calling punch_plot, plot_num =   3

     Energy =  -9.24210 eV, broadening =   0.01000eV
     Writing data to file  /home/ubuntu/projects/Graphene-Band-Structure-Quantum-Espresso/outputs/field_0/coupled/data/ldos.pp.dat250

     Calling punch_plot, plot_num =   3

     Energy =  -9.22210 eV, broadening =   0.01000eV
     Writing data to file  /home/ubuntu/projects/Graphene-Band-Structure-Quantum-Espresso/outputs/field_0/coupled/data/ldos.pp.dat251

     Calling punch_plot, plot_num =   3

     Energy =  -9.20210 eV, broadening =   0.01000eV
     Writing data to file  /home/ubuntu/projects/Graphene-Band-Structure-Quantum-Espresso/outputs/field_0/coupled/data/ldos.pp.dat252

     Calling punch_plot, plot_num =   3

     Energy =  -9.18210 eV, broadening =   0.01000eV
     Writing data to file  /home/ubuntu/projects/Graphene-Band-Structure-Quantum-Espresso/outputs/field_0/coupled/data/ldos.pp.dat253

     Calling punch_plot, plot_num =   3

     Energy =  -9.16210 eV, broadening =   0.01000eV
     Writing data to file  /home/ubuntu/projects/Graphene-Band-Structure-Quantum-Espresso/outputs/field_0/coupled/data/ldos.pp.dat254

     Calling punch_plot, plot_num =   3

     Energy =  -9.14210 eV, broadening =   0.01000eV
     Writing data to file  /home/ubuntu/projects/Graphene-Band-Structure-Quantum-Espresso/outputs/field_0/coupled/data/ldos.pp.dat255

     Calling punch_plot, plot_num =   3

     Energy =  -9.12210 eV, broadening =   0.01000eV
     Writing data to file  /home/ubuntu/projects/Graphene-Band-Structure-Quantum-Espresso/outputs/field_0/coupled/data/ldos.pp.dat256

     Calling punch_plot, plot_num =   3

     Energy =  -9.10210 eV, broadening =   0.01000eV
     Writing data to file  /home/ubuntu/projects/Graphene-Band-Structure-Quantum-Espresso/outputs/field_0/coupled/data/ldos.pp.dat257

     Calling punch_plot, plot_num =   3

     Energy =  -9.08210 eV, broadening =   0.01000eV
     Writing data to file  /home/ubuntu/projects/Graphene-Band-Structure-Quantum-Espresso/outputs/field_0/coupled/data/ldos.pp.dat258

     Calling punch_plot, plot_num =   3

     Energy =  -9.06210 eV, broadening =   0.01000eV
     Writing data to file  /home/ubuntu/projects/Graphene-Band-Structure-Quantum-Espresso/outputs/field_0/coupled/data/ldos.pp.dat259

     Calling punch_plot, plot_num =   3

     Energy =  -9.04210 eV, broadening =   0.01000eV
     Writing data to file  /home/ubuntu/projects/Graphene-Band-Structure-Quantum-Espresso/outputs/field_0/coupled/data/ldos.pp.dat260

     Calling punch_plot, plot_num =   3

     Energy =  -9.02210 eV, broadening =   0.01000eV
     Writing data to file  /home/ubuntu/projects/Graphene-Band-Structure-Quantum-Espresso/outputs/field_0/coupled/data/ldos.pp.dat261

     Calling punch_plot, plot_num =   3

     Energy =  -9.00210 eV, broadening =   0.01000eV
     Writing data to file  /home/ubuntu/projects/Graphene-Band-Structure-Quantum-Espresso/outputs/field_0/coupled/data/ldos.pp.dat262

     Calling punch_plot, plot_num =   3

     Energy =  -8.98210 eV, broadening =   0.01000eV
     Writing data to file  /home/ubuntu/projects/Graphene-Band-Structure-Quantum-Espresso/outputs/field_0/coupled/data/ldos.pp.dat263

     Calling punch_plot, plot_num =   3

     Energy =  -8.96210 eV, broadening =   0.01000eV
     Writing data to file  /home/ubuntu/projects/Graphene-Band-Structure-Quantum-Espresso/outputs/field_0/coupled/data/ldos.pp.dat264

     Calling punch_plot, plot_num =   3

     Energy =  -8.94210 eV, broadening =   0.01000eV
     Writing data to file  /home/ubuntu/projects/Graphene-Band-Structure-Quantum-Espresso/outputs/field_0/coupled/data/ldos.pp.dat265

     Calling punch_plot, plot_num =   3

     Energy =  -8.92210 eV, broadening =   0.01000eV
     Writing data to file  /home/ubuntu/projects/Graphene-Band-Structure-Quantum-Espresso/outputs/field_0/coupled/data/ldos.pp.dat266

     Calling punch_plot, plot_num =   3

     Energy =  -8.90210 eV, broadening =   0.01000eV
     Writing data to file  /home/ubuntu/projects/Graphene-Band-Structure-Quantum-Espresso/outputs/field_0/coupled/data/ldos.pp.dat267

     Calling punch_plot, plot_num =   3

     Energy =  -8.88210 eV, broadening =   0.01000eV
     Writing data to file  /home/ubuntu/projects/Graphene-Band-Structure-Quantum-Espresso/outputs/field_0/coupled/data/ldos.pp.dat268

     Calling punch_plot, plot_num =   3

     Energy =  -8.86210 eV, broadening =   0.01000eV
     Writing data to file  /home/ubuntu/projects/Graphene-Band-Structure-Quantum-Espresso/outputs/field_0/coupled/data/ldos.pp.dat269

     Calling punch_plot, plot_num =   3

     Energy =  -8.84210 eV, broadening =   0.01000eV
     Writing data to file  /home/ubuntu/projects/Graphene-Band-Structure-Quantum-Espresso/outputs/field_0/coupled/data/ldos.pp.dat270

     Calling punch_plot, plot_num =   3

     Energy =  -8.82210 eV, broadening =   0.01000eV
     Writing data to file  /home/ubuntu/projects/Graphene-Band-Structure-Quantum-Espresso/outputs/field_0/coupled/data/ldos.pp.dat271

     Calling punch_plot, plot_num =   3

     Energy =  -8.80210 eV, broadening =   0.01000eV
     Writing data to file  /home/ubuntu/projects/Graphene-Band-Structure-Quantum-Espresso/outputs/field_0/coupled/data/ldos.pp.dat272

     Calling punch_plot, plot_num =   3

     Energy =  -8.78210 eV, broadening =   0.01000eV
     Writing data to file  /home/ubuntu/projects/Graphene-Band-Structure-Quantum-Espresso/outputs/field_0/coupled/data/ldos.pp.dat273

     Calling punch_plot, plot_num =   3

     Energy =  -8.76210 eV, broadening =   0.01000eV
     Writing data to file  /home/ubuntu/projects/Graphene-Band-Structure-Quantum-Espresso/outputs/field_0/coupled/data/ldos.pp.dat274

     Calling punch_plot, plot_num =   3

     Energy =  -8.74210 eV, broadening =   0.01000eV
     Writing data to file  /home/ubuntu/projects/Graphene-Band-Structure-Quantum-Espresso/outputs/field_0/coupled/data/ldos.pp.dat275

     Calling punch_plot, plot_num =   3

     Energy =  -8.72210 eV, broadening =   0.01000eV
     Writing data to file  /home/ubuntu/projects/Graphene-Band-Structure-Quantum-Espresso/outputs/field_0/coupled/data/ldos.pp.dat276

     Calling punch_plot, plot_num =   3

     Energy =  -8.70210 eV, broadening =   0.01000eV
     Writing data to file  /home/ubuntu/projects/Graphene-Band-Structure-Quantum-Espresso/outputs/field_0/coupled/data/ldos.pp.dat277

     Calling punch_plot, plot_num =   3

     Energy =  -8.68210 eV, broadening =   0.01000eV
     Writing data to file  /home/ubuntu/projects/Graphene-Band-Structure-Quantum-Espresso/outputs/field_0/coupled/data/ldos.pp.dat278

     Calling punch_plot, plot_num =   3

     Energy =  -8.66210 eV, broadening =   0.01000eV
     Writing data to file  /home/ubuntu/projects/Graphene-Band-Structure-Quantum-Espresso/outputs/field_0/coupled/data/ldos.pp.dat279

     Calling punch_plot, plot_num =   3

     Energy =  -8.64210 eV, broadening =   0.01000eV
     Writing data to file  /home/ubuntu/projects/Graphene-Band-Structure-Quantum-Espresso/outputs/field_0/coupled/data/ldos.pp.dat280

     Calling punch_plot, plot_num =   3

     Energy =  -8.62210 eV, broadening =   0.01000eV
     Writing data to file  /home/ubuntu/projects/Graphene-Band-Structure-Quantum-Espresso/outputs/field_0/coupled/data/ldos.pp.dat281

     Calling punch_plot, plot_num =   3

     Energy =  -8.60210 eV, broadening =   0.01000eV
     Writing data to file  /home/ubuntu/projects/Graphene-Band-Structure-Quantum-Espresso/outputs/field_0/coupled/data/ldos.pp.dat282

     Calling punch_plot, plot_num =   3

     Energy =  -8.58210 eV, broadening =   0.01000eV
     Writing data to file  /home/ubuntu/projects/Graphene-Band-Structure-Quantum-Espresso/outputs/field_0/coupled/data/ldos.pp.dat283

     Calling punch_plot, plot_num =   3

     Energy =  -8.56210 eV, broadening =   0.01000eV
     Writing data to file  /home/ubuntu/projects/Graphene-Band-Structure-Quantum-Espresso/outputs/field_0/coupled/data/ldos.pp.dat284

     Calling punch_plot, plot_num =   3

     Energy =  -8.54210 eV, broadening =   0.01000eV
     Writing data to file  /home/ubuntu/projects/Graphene-Band-Structure-Quantum-Espresso/outputs/field_0/coupled/data/ldos.pp.dat285

     Calling punch_plot, plot_num =   3

     Energy =  -8.52210 eV, broadening =   0.01000eV
     Writing data to file  /home/ubuntu/projects/Graphene-Band-Structure-Quantum-Espresso/outputs/field_0/coupled/data/ldos.pp.dat286

     Calling punch_plot, plot_num =   3

     Energy =  -8.50210 eV, broadening =   0.01000eV
     Writing data to file  /home/ubuntu/projects/Graphene-Band-Structure-Quantum-Espresso/outputs/field_0/coupled/data/ldos.pp.dat287

     Calling punch_plot, plot_num =   3

     Energy =  -8.48210 eV, broadening =   0.01000eV
     Writing data to file  /home/ubuntu/projects/Graphene-Band-Structure-Quantum-Espresso/outputs/field_0/coupled/data/ldos.pp.dat288

     Calling punch_plot, plot_num =   3

     Energy =  -8.46210 eV, broadening =   0.01000eV
     Writing data to file  /home/ubuntu/projects/Graphene-Band-Structure-Quantum-Espresso/outputs/field_0/coupled/data/ldos.pp.dat289

     Calling punch_plot, plot_num =   3

     Energy =  -8.44210 eV, broadening =   0.01000eV
     Writing data to file  /home/ubuntu/projects/Graphene-Band-Structure-Quantum-Espresso/outputs/field_0/coupled/data/ldos.pp.dat290

     Calling punch_plot, plot_num =   3

     Energy =  -8.42210 eV, broadening =   0.01000eV
     Writing data to file  /home/ubuntu/projects/Graphene-Band-Structure-Quantum-Espresso/outputs/field_0/coupled/data/ldos.pp.dat291

     Calling punch_plot, plot_num =   3

     Energy =  -8.40210 eV, broadening =   0.01000eV
     Writing data to file  /home/ubuntu/projects/Graphene-Band-Structure-Quantum-Espresso/outputs/field_0/coupled/data/ldos.pp.dat292

     Calling punch_plot, plot_num =   3

     Energy =  -8.38210 eV, broadening =   0.01000eV
     Writing data to file  /home/ubuntu/projects/Graphene-Band-Structure-Quantum-Espresso/outputs/field_0/coupled/data/ldos.pp.dat293

     Calling punch_plot, plot_num =   3

     Energy =  -8.36210 eV, broadening =   0.01000eV
     Writing data to file  /home/ubuntu/projects/Graphene-Band-Structure-Quantum-Espresso/outputs/field_0/coupled/data/ldos.pp.dat294

     Calling punch_plot, plot_num =   3

     Energy =  -8.34210 eV, broadening =   0.01000eV
     Writing data to file  /home/ubuntu/projects/Graphene-Band-Structure-Quantum-Espresso/outputs/field_0/coupled/data/ldos.pp.dat295

     Calling punch_plot, plot_num =   3

     Energy =  -8.32210 eV, broadening =   0.01000eV
     Writing data to file  /home/ubuntu/projects/Graphene-Band-Structure-Quantum-Espresso/outputs/field_0/coupled/data/ldos.pp.dat296

     Calling punch_plot, plot_num =   3

     Energy =  -8.30210 eV, broadening =   0.01000eV
     Writing data to file  /home/ubuntu/projects/Graphene-Band-Structure-Quantum-Espresso/outputs/field_0/coupled/data/ldos.pp.dat297

     Calling punch_plot, plot_num =   3

     Energy =  -8.28210 eV, broadening =   0.01000eV
     Writing data to file  /home/ubuntu/projects/Graphene-Band-Structure-Quantum-Espresso/outputs/field_0/coupled/data/ldos.pp.dat298

     Calling punch_plot, plot_num =   3

     Energy =  -8.26210 eV, broadening =   0.01000eV
     Writing data to file  /home/ubuntu/projects/Graphene-Band-Structure-Quantum-Espresso/outputs/field_0/coupled/data/ldos.pp.dat299

     Calling punch_plot, plot_num =   3

     Energy =  -8.24210 eV, broadening =   0.01000eV
     Writing data to file  /home/ubuntu/projects/Graphene-Band-Structure-Quantum-Espresso/outputs/field_0/coupled/data/ldos.pp.dat300

     Calling punch_plot, plot_num =   3

     Energy =  -8.22210 eV, broadening =   0.01000eV
     Writing data to file  /home/ubuntu/projects/Graphene-Band-Structure-Quantum-Espresso/outputs/field_0/coupled/data/ldos.pp.dat301

     Calling punch_plot, plot_num =   3

     Energy =  -8.20210 eV, broadening =   0.01000eV
     Writing data to file  /home/ubuntu/projects/Graphene-Band-Structure-Quantum-Espresso/outputs/field_0/coupled/data/ldos.pp.dat302

     Calling punch_plot, plot_num =   3

     Energy =  -8.18210 eV, broadening =   0.01000eV
     Writing data to file  /home/ubuntu/projects/Graphene-Band-Structure-Quantum-Espresso/outputs/field_0/coupled/data/ldos.pp.dat303

     Calling punch_plot, plot_num =   3

     Energy =  -8.16210 eV, broadening =   0.01000eV
     Writing data to file  /home/ubuntu/projects/Graphene-Band-Structure-Quantum-Espresso/outputs/field_0/coupled/data/ldos.pp.dat304

     Calling punch_plot, plot_num =   3

     Energy =  -8.14210 eV, broadening =   0.01000eV
     Writing data to file  /home/ubuntu/projects/Graphene-Band-Structure-Quantum-Espresso/outputs/field_0/coupled/data/ldos.pp.dat305

     Calling punch_plot, plot_num =   3

     Energy =  -8.12210 eV, broadening =   0.01000eV
     Writing data to file  /home/ubuntu/projects/Graphene-Band-Structure-Quantum-Espresso/outputs/field_0/coupled/data/ldos.pp.dat306

     Calling punch_plot, plot_num =   3

     Energy =  -8.10210 eV, broadening =   0.01000eV
     Writing data to file  /home/ubuntu/projects/Graphene-Band-Structure-Quantum-Espresso/outputs/field_0/coupled/data/ldos.pp.dat307

     Calling punch_plot, plot_num =   3

     Energy =  -8.08210 eV, broadening =   0.01000eV
     Writing data to file  /home/ubuntu/projects/Graphene-Band-Structure-Quantum-Espresso/outputs/field_0/coupled/data/ldos.pp.dat308

     Calling punch_plot, plot_num =   3

     Energy =  -8.06210 eV, broadening =   0.01000eV
     Writing data to file  /home/ubuntu/projects/Graphene-Band-Structure-Quantum-Espresso/outputs/field_0/coupled/data/ldos.pp.dat309

     Calling punch_plot, plot_num =   3

     Energy =  -8.04210 eV, broadening =   0.01000eV
     Writing data to file  /home/ubuntu/projects/Graphene-Band-Structure-Quantum-Espresso/outputs/field_0/coupled/data/ldos.pp.dat310

     Calling punch_plot, plot_num =   3

     Energy =  -8.02210 eV, broadening =   0.01000eV
     Writing data to file  /home/ubuntu/projects/Graphene-Band-Structure-Quantum-Espresso/outputs/field_0/coupled/data/ldos.pp.dat311

     Calling punch_plot, plot_num =   3

     Energy =  -8.00210 eV, broadening =   0.01000eV
     Writing data to file  /home/ubuntu/projects/Graphene-Band-Structure-Quantum-Espresso/outputs/field_0/coupled/data/ldos.pp.dat312

     Calling punch_plot, plot_num =   3

     Energy =  -7.98210 eV, broadening =   0.01000eV
     Writing data to file  /home/ubuntu/projects/Graphene-Band-Structure-Quantum-Espresso/outputs/field_0/coupled/data/ldos.pp.dat313

     Calling punch_plot, plot_num =   3

     Energy =  -7.96210 eV, broadening =   0.01000eV
     Writing data to file  /home/ubuntu/projects/Graphene-Band-Structure-Quantum-Espresso/outputs/field_0/coupled/data/ldos.pp.dat314

     Calling punch_plot, plot_num =   3

     Energy =  -7.94210 eV, broadening =   0.01000eV
     Writing data to file  /home/ubuntu/projects/Graphene-Band-Structure-Quantum-Espresso/outputs/field_0/coupled/data/ldos.pp.dat315

     Calling punch_plot, plot_num =   3

     Energy =  -7.92210 eV, broadening =   0.01000eV
     Writing data to file  /home/ubuntu/projects/Graphene-Band-Structure-Quantum-Espresso/outputs/field_0/coupled/data/ldos.pp.dat316

     Calling punch_plot, plot_num =   3

     Energy =  -7.90210 eV, broadening =   0.01000eV
     Writing data to file  /home/ubuntu/projects/Graphene-Band-Structure-Quantum-Espresso/outputs/field_0/coupled/data/ldos.pp.dat317

     Calling punch_plot, plot_num =   3

     Energy =  -7.88210 eV, broadening =   0.01000eV
     Writing data to file  /home/ubuntu/projects/Graphene-Band-Structure-Quantum-Espresso/outputs/field_0/coupled/data/ldos.pp.dat318

     Calling punch_plot, plot_num =   3

     Energy =  -7.86210 eV, broadening =   0.01000eV
     Writing data to file  /home/ubuntu/projects/Graphene-Band-Structure-Quantum-Espresso/outputs/field_0/coupled/data/ldos.pp.dat319

     Calling punch_plot, plot_num =   3

     Energy =  -7.84210 eV, broadening =   0.01000eV
     Writing data to file  /home/ubuntu/projects/Graphene-Band-Structure-Quantum-Espresso/outputs/field_0/coupled/data/ldos.pp.dat320

     Calling punch_plot, plot_num =   3

     Energy =  -7.82210 eV, broadening =   0.01000eV
     Writing data to file  /home/ubuntu/projects/Graphene-Band-Structure-Quantum-Espresso/outputs/field_0/coupled/data/ldos.pp.dat321

     Calling punch_plot, plot_num =   3

     Energy =  -7.80210 eV, broadening =   0.01000eV
     Writing data to file  /home/ubuntu/projects/Graphene-Band-Structure-Quantum-Espresso/outputs/field_0/coupled/data/ldos.pp.dat322

     Calling punch_plot, plot_num =   3

     Energy =  -7.78210 eV, broadening =   0.01000eV
     Writing data to file  /home/ubuntu/projects/Graphene-Band-Structure-Quantum-Espresso/outputs/field_0/coupled/data/ldos.pp.dat323

     Calling punch_plot, plot_num =   3

     Energy =  -7.76210 eV, broadening =   0.01000eV
     Writing data to file  /home/ubuntu/projects/Graphene-Band-Structure-Quantum-Espresso/outputs/field_0/coupled/data/ldos.pp.dat324

     Calling punch_plot, plot_num =   3

     Energy =  -7.74210 eV, broadening =   0.01000eV
     Writing data to file  /home/ubuntu/projects/Graphene-Band-Structure-Quantum-Espresso/outputs/field_0/coupled/data/ldos.pp.dat325

     Calling punch_plot, plot_num =   3

     Energy =  -7.72210 eV, broadening =   0.01000eV
     Writing data to file  /home/ubuntu/projects/Graphene-Band-Structure-Quantum-Espresso/outputs/field_0/coupled/data/ldos.pp.dat326

     Calling punch_plot, plot_num =   3

     Energy =  -7.70210 eV, broadening =   0.01000eV
     Writing data to file  /home/ubuntu/projects/Graphene-Band-Structure-Quantum-Espresso/outputs/field_0/coupled/data/ldos.pp.dat327

     Calling punch_plot, plot_num =   3

     Energy =  -7.68210 eV, broadening =   0.01000eV
     Writing data to file  /home/ubuntu/projects/Graphene-Band-Structure-Quantum-Espresso/outputs/field_0/coupled/data/ldos.pp.dat328

     Calling punch_plot, plot_num =   3

     Energy =  -7.66210 eV, broadening =   0.01000eV
     Writing data to file  /home/ubuntu/projects/Graphene-Band-Structure-Quantum-Espresso/outputs/field_0/coupled/data/ldos.pp.dat329

     Calling punch_plot, plot_num =   3

     Energy =  -7.64210 eV, broadening =   0.01000eV
     Writing data to file  /home/ubuntu/projects/Graphene-Band-Structure-Quantum-Espresso/outputs/field_0/coupled/data/ldos.pp.dat330

     Calling punch_plot, plot_num =   3

     Energy =  -7.62210 eV, broadening =   0.01000eV
     Writing data to file  /home/ubuntu/projects/Graphene-Band-Structure-Quantum-Espresso/outputs/field_0/coupled/data/ldos.pp.dat331

     Calling punch_plot, plot_num =   3

     Energy =  -7.60210 eV, broadening =   0.01000eV
     Writing data to file  /home/ubuntu/projects/Graphene-Band-Structure-Quantum-Espresso/outputs/field_0/coupled/data/ldos.pp.dat332

     Calling punch_plot, plot_num =   3

     Energy =  -7.58210 eV, broadening =   0.01000eV
     Writing data to file  /home/ubuntu/projects/Graphene-Band-Structure-Quantum-Espresso/outputs/field_0/coupled/data/ldos.pp.dat333

     Calling punch_plot, plot_num =   3

     Energy =  -7.56210 eV, broadening =   0.01000eV
     Writing data to file  /home/ubuntu/projects/Graphene-Band-Structure-Quantum-Espresso/outputs/field_0/coupled/data/ldos.pp.dat334

     Calling punch_plot, plot_num =   3

     Energy =  -7.54210 eV, broadening =   0.01000eV
     Writing data to file  /home/ubuntu/projects/Graphene-Band-Structure-Quantum-Espresso/outputs/field_0/coupled/data/ldos.pp.dat335

     Calling punch_plot, plot_num =   3

     Energy =  -7.52210 eV, broadening =   0.01000eV
     Writing data to file  /home/ubuntu/projects/Graphene-Band-Structure-Quantum-Espresso/outputs/field_0/coupled/data/ldos.pp.dat336

     Calling punch_plot, plot_num =   3

     Energy =  -7.50210 eV, broadening =   0.01000eV
     Writing data to file  /home/ubuntu/projects/Graphene-Band-Structure-Quantum-Espresso/outputs/field_0/coupled/data/ldos.pp.dat337

     Calling punch_plot, plot_num =   3

     Energy =  -7.48210 eV, broadening =   0.01000eV
     Writing data to file  /home/ubuntu/projects/Graphene-Band-Structure-Quantum-Espresso/outputs/field_0/coupled/data/ldos.pp.dat338

     Calling punch_plot, plot_num =   3

     Energy =  -7.46210 eV, broadening =   0.01000eV
     Writing data to file  /home/ubuntu/projects/Graphene-Band-Structure-Quantum-Espresso/outputs/field_0/coupled/data/ldos.pp.dat339

     Calling punch_plot, plot_num =   3

     Energy =  -7.44210 eV, broadening =   0.01000eV
     Writing data to file  /home/ubuntu/projects/Graphene-Band-Structure-Quantum-Espresso/outputs/field_0/coupled/data/ldos.pp.dat340

     Calling punch_plot, plot_num =   3

     Energy =  -7.42210 eV, broadening =   0.01000eV
     Writing data to file  /home/ubuntu/projects/Graphene-Band-Structure-Quantum-Espresso/outputs/field_0/coupled/data/ldos.pp.dat341

     Calling punch_plot, plot_num =   3

     Energy =  -7.40210 eV, broadening =   0.01000eV
     Writing data to file  /home/ubuntu/projects/Graphene-Band-Structure-Quantum-Espresso/outputs/field_0/coupled/data/ldos.pp.dat342

     Calling punch_plot, plot_num =   3

     Energy =  -7.38210 eV, broadening =   0.01000eV
     Writing data to file  /home/ubuntu/projects/Graphene-Band-Structure-Quantum-Espresso/outputs/field_0/coupled/data/ldos.pp.dat343

     Calling punch_plot, plot_num =   3

     Energy =  -7.36210 eV, broadening =   0.01000eV
     Writing data to file  /home/ubuntu/projects/Graphene-Band-Structure-Quantum-Espresso/outputs/field_0/coupled/data/ldos.pp.dat344

     Calling punch_plot, plot_num =   3

     Energy =  -7.34210 eV, broadening =   0.01000eV
     Writing data to file  /home/ubuntu/projects/Graphene-Band-Structure-Quantum-Espresso/outputs/field_0/coupled/data/ldos.pp.dat345

     Calling punch_plot, plot_num =   3

     Energy =  -7.32210 eV, broadening =   0.01000eV
     Writing data to file  /home/ubuntu/projects/Graphene-Band-Structure-Quantum-Espresso/outputs/field_0/coupled/data/ldos.pp.dat346

     Calling punch_plot, plot_num =   3

     Energy =  -7.30210 eV, broadening =   0.01000eV
     Writing data to file  /home/ubuntu/projects/Graphene-Band-Structure-Quantum-Espresso/outputs/field_0/coupled/data/ldos.pp.dat347

     Calling punch_plot, plot_num =   3

     Energy =  -7.28210 eV, broadening =   0.01000eV
     Writing data to file  /home/ubuntu/projects/Graphene-Band-Structure-Quantum-Espresso/outputs/field_0/coupled/data/ldos.pp.dat348

     Calling punch_plot, plot_num =   3

     Energy =  -7.26210 eV, broadening =   0.01000eV
     Writing data to file  /home/ubuntu/projects/Graphene-Band-Structure-Quantum-Espresso/outputs/field_0/coupled/data/ldos.pp.dat349

     Calling punch_plot, plot_num =   3

     Energy =  -7.24210 eV, broadening =   0.01000eV
     Writing data to file  /home/ubuntu/projects/Graphene-Band-Structure-Quantum-Espresso/outputs/field_0/coupled/data/ldos.pp.dat350

     Calling punch_plot, plot_num =   3

     Energy =  -7.22210 eV, broadening =   0.01000eV
     Writing data to file  /home/ubuntu/projects/Graphene-Band-Structure-Quantum-Espresso/outputs/field_0/coupled/data/ldos.pp.dat351

     Calling punch_plot, plot_num =   3

     Energy =  -7.20210 eV, broadening =   0.01000eV
     Writing data to file  /home/ubuntu/projects/Graphene-Band-Structure-Quantum-Espresso/outputs/field_0/coupled/data/ldos.pp.dat352

     Calling punch_plot, plot_num =   3

     Energy =  -7.18210 eV, broadening =   0.01000eV
     Writing data to file  /home/ubuntu/projects/Graphene-Band-Structure-Quantum-Espresso/outputs/field_0/coupled/data/ldos.pp.dat353

     Calling punch_plot, plot_num =   3

     Energy =  -7.16210 eV, broadening =   0.01000eV
     Writing data to file  /home/ubuntu/projects/Graphene-Band-Structure-Quantum-Espresso/outputs/field_0/coupled/data/ldos.pp.dat354

     Calling punch_plot, plot_num =   3

     Energy =  -7.14210 eV, broadening =   0.01000eV
     Writing data to file  /home/ubuntu/projects/Graphene-Band-Structure-Quantum-Espresso/outputs/field_0/coupled/data/ldos.pp.dat355

     Calling punch_plot, plot_num =   3

     Energy =  -7.12210 eV, broadening =   0.01000eV
     Writing data to file  /home/ubuntu/projects/Graphene-Band-Structure-Quantum-Espresso/outputs/field_0/coupled/data/ldos.pp.dat356

     Calling punch_plot, plot_num =   3

     Energy =  -7.10210 eV, broadening =   0.01000eV
     Writing data to file  /home/ubuntu/projects/Graphene-Band-Structure-Quantum-Espresso/outputs/field_0/coupled/data/ldos.pp.dat357

     Calling punch_plot, plot_num =   3

     Energy =  -7.08210 eV, broadening =   0.01000eV
     Writing data to file  /home/ubuntu/projects/Graphene-Band-Structure-Quantum-Espresso/outputs/field_0/coupled/data/ldos.pp.dat358

     Calling punch_plot, plot_num =   3

     Energy =  -7.06210 eV, broadening =   0.01000eV
     Writing data to file  /home/ubuntu/projects/Graphene-Band-Structure-Quantum-Espresso/outputs/field_0/coupled/data/ldos.pp.dat359

     Calling punch_plot, plot_num =   3

     Energy =  -7.04210 eV, broadening =   0.01000eV
     Writing data to file  /home/ubuntu/projects/Graphene-Band-Structure-Quantum-Espresso/outputs/field_0/coupled/data/ldos.pp.dat360

     Calling punch_plot, plot_num =   3

     Energy =  -7.02210 eV, broadening =   0.01000eV
     Writing data to file  /home/ubuntu/projects/Graphene-Band-Structure-Quantum-Espresso/outputs/field_0/coupled/data/ldos.pp.dat361

     Calling punch_plot, plot_num =   3

     Energy =  -7.00210 eV, broadening =   0.01000eV
     Writing data to file  /home/ubuntu/projects/Graphene-Band-Structure-Quantum-Espresso/outputs/field_0/coupled/data/ldos.pp.dat362

     Calling punch_plot, plot_num =   3

     Energy =  -6.98210 eV, broadening =   0.01000eV
     Writing data to file  /home/ubuntu/projects/Graphene-Band-Structure-Quantum-Espresso/outputs/field_0/coupled/data/ldos.pp.dat363

     Calling punch_plot, plot_num =   3

     Energy =  -6.96210 eV, broadening =   0.01000eV
     Writing data to file  /home/ubuntu/projects/Graphene-Band-Structure-Quantum-Espresso/outputs/field_0/coupled/data/ldos.pp.dat364

     Calling punch_plot, plot_num =   3

     Energy =  -6.94210 eV, broadening =   0.01000eV
     Writing data to file  /home/ubuntu/projects/Graphene-Band-Structure-Quantum-Espresso/outputs/field_0/coupled/data/ldos.pp.dat365

     Calling punch_plot, plot_num =   3

     Energy =  -6.92210 eV, broadening =   0.01000eV
     Writing data to file  /home/ubuntu/projects/Graphene-Band-Structure-Quantum-Espresso/outputs/field_0/coupled/data/ldos.pp.dat366

     Calling punch_plot, plot_num =   3

     Energy =  -6.90210 eV, broadening =   0.01000eV
     Writing data to file  /home/ubuntu/projects/Graphene-Band-Structure-Quantum-Espresso/outputs/field_0/coupled/data/ldos.pp.dat367

     Calling punch_plot, plot_num =   3

     Energy =  -6.88210 eV, broadening =   0.01000eV
     Writing data to file  /home/ubuntu/projects/Graphene-Band-Structure-Quantum-Espresso/outputs/field_0/coupled/data/ldos.pp.dat368

     Calling punch_plot, plot_num =   3

     Energy =  -6.86210 eV, broadening =   0.01000eV
     Writing data to file  /home/ubuntu/projects/Graphene-Band-Structure-Quantum-Espresso/outputs/field_0/coupled/data/ldos.pp.dat369

     Calling punch_plot, plot_num =   3

     Energy =  -6.84210 eV, broadening =   0.01000eV
     Writing data to file  /home/ubuntu/projects/Graphene-Band-Structure-Quantum-Espresso/outputs/field_0/coupled/data/ldos.pp.dat370

     Calling punch_plot, plot_num =   3

     Energy =  -6.82210 eV, broadening =   0.01000eV
     Writing data to file  /home/ubuntu/projects/Graphene-Band-Structure-Quantum-Espresso/outputs/field_0/coupled/data/ldos.pp.dat371

     Calling punch_plot, plot_num =   3

     Energy =  -6.80210 eV, broadening =   0.01000eV
     Writing data to file  /home/ubuntu/projects/Graphene-Band-Structure-Quantum-Espresso/outputs/field_0/coupled/data/ldos.pp.dat372

     Calling punch_plot, plot_num =   3

     Energy =  -6.78210 eV, broadening =   0.01000eV
     Writing data to file  /home/ubuntu/projects/Graphene-Band-Structure-Quantum-Espresso/outputs/field_0/coupled/data/ldos.pp.dat373

     Calling punch_plot, plot_num =   3

     Energy =  -6.76210 eV, broadening =   0.01000eV
     Writing data to file  /home/ubuntu/projects/Graphene-Band-Structure-Quantum-Espresso/outputs/field_0/coupled/data/ldos.pp.dat374

     Calling punch_plot, plot_num =   3

     Energy =  -6.74210 eV, broadening =   0.01000eV
     Writing data to file  /home/ubuntu/projects/Graphene-Band-Structure-Quantum-Espresso/outputs/field_0/coupled/data/ldos.pp.dat375

     Calling punch_plot, plot_num =   3

     Energy =  -6.72210 eV, broadening =   0.01000eV
     Writing data to file  /home/ubuntu/projects/Graphene-Band-Structure-Quantum-Espresso/outputs/field_0/coupled/data/ldos.pp.dat376

     Calling punch_plot, plot_num =   3

     Energy =  -6.70210 eV, broadening =   0.01000eV
     Writing data to file  /home/ubuntu/projects/Graphene-Band-Structure-Quantum-Espresso/outputs/field_0/coupled/data/ldos.pp.dat377

     Calling punch_plot, plot_num =   3

     Energy =  -6.68210 eV, broadening =   0.01000eV
     Writing data to file  /home/ubuntu/projects/Graphene-Band-Structure-Quantum-Espresso/outputs/field_0/coupled/data/ldos.pp.dat378

     Calling punch_plot, plot_num =   3

     Energy =  -6.66210 eV, broadening =   0.01000eV
     Writing data to file  /home/ubuntu/projects/Graphene-Band-Structure-Quantum-Espresso/outputs/field_0/coupled/data/ldos.pp.dat379

     Calling punch_plot, plot_num =   3

     Energy =  -6.64210 eV, broadening =   0.01000eV
     Writing data to file  /home/ubuntu/projects/Graphene-Band-Structure-Quantum-Espresso/outputs/field_0/coupled/data/ldos.pp.dat380

     Calling punch_plot, plot_num =   3

     Energy =  -6.62210 eV, broadening =   0.01000eV
     Writing data to file  /home/ubuntu/projects/Graphene-Band-Structure-Quantum-Espresso/outputs/field_0/coupled/data/ldos.pp.dat381

     Calling punch_plot, plot_num =   3

     Energy =  -6.60210 eV, broadening =   0.01000eV
     Writing data to file  /home/ubuntu/projects/Graphene-Band-Structure-Quantum-Espresso/outputs/field_0/coupled/data/ldos.pp.dat382

     Calling punch_plot, plot_num =   3

     Energy =  -6.58210 eV, broadening =   0.01000eV
     Writing data to file  /home/ubuntu/projects/Graphene-Band-Structure-Quantum-Espresso/outputs/field_0/coupled/data/ldos.pp.dat383

     Calling punch_plot, plot_num =   3

     Energy =  -6.56210 eV, broadening =   0.01000eV
     Writing data to file  /home/ubuntu/projects/Graphene-Band-Structure-Quantum-Espresso/outputs/field_0/coupled/data/ldos.pp.dat384

     Calling punch_plot, plot_num =   3

     Energy =  -6.54210 eV, broadening =   0.01000eV
     Writing data to file  /home/ubuntu/projects/Graphene-Band-Structure-Quantum-Espresso/outputs/field_0/coupled/data/ldos.pp.dat385

     Calling punch_plot, plot_num =   3

     Energy =  -6.52210 eV, broadening =   0.01000eV
     Writing data to file  /home/ubuntu/projects/Graphene-Band-Structure-Quantum-Espresso/outputs/field_0/coupled/data/ldos.pp.dat386

     Calling punch_plot, plot_num =   3

     Energy =  -6.50210 eV, broadening =   0.01000eV
     Writing data to file  /home/ubuntu/projects/Graphene-Band-Structure-Quantum-Espresso/outputs/field_0/coupled/data/ldos.pp.dat387

     Calling punch_plot, plot_num =   3

     Energy =  -6.48210 eV, broadening =   0.01000eV
     Writing data to file  /home/ubuntu/projects/Graphene-Band-Structure-Quantum-Espresso/outputs/field_0/coupled/data/ldos.pp.dat388

     Calling punch_plot, plot_num =   3

     Energy =  -6.46210 eV, broadening =   0.01000eV
     Writing data to file  /home/ubuntu/projects/Graphene-Band-Structure-Quantum-Espresso/outputs/field_0/coupled/data/ldos.pp.dat389

     Calling punch_plot, plot_num =   3

     Energy =  -6.44210 eV, broadening =   0.01000eV
     Writing data to file  /home/ubuntu/projects/Graphene-Band-Structure-Quantum-Espresso/outputs/field_0/coupled/data/ldos.pp.dat390

     Calling punch_plot, plot_num =   3

     Energy =  -6.42210 eV, broadening =   0.01000eV
     Writing data to file  /home/ubuntu/projects/Graphene-Band-Structure-Quantum-Espresso/outputs/field_0/coupled/data/ldos.pp.dat391

     Calling punch_plot, plot_num =   3

     Energy =  -6.40210 eV, broadening =   0.01000eV
     Writing data to file  /home/ubuntu/projects/Graphene-Band-Structure-Quantum-Espresso/outputs/field_0/coupled/data/ldos.pp.dat392

     Calling punch_plot, plot_num =   3

     Energy =  -6.38210 eV, broadening =   0.01000eV
     Writing data to file  /home/ubuntu/projects/Graphene-Band-Structure-Quantum-Espresso/outputs/field_0/coupled/data/ldos.pp.dat393

     Calling punch_plot, plot_num =   3

     Energy =  -6.36210 eV, broadening =   0.01000eV
     Writing data to file  /home/ubuntu/projects/Graphene-Band-Structure-Quantum-Espresso/outputs/field_0/coupled/data/ldos.pp.dat394

     Calling punch_plot, plot_num =   3

     Energy =  -6.34210 eV, broadening =   0.01000eV
     Writing data to file  /home/ubuntu/projects/Graphene-Band-Structure-Quantum-Espresso/outputs/field_0/coupled/data/ldos.pp.dat395

     Calling punch_plot, plot_num =   3

     Energy =  -6.32210 eV, broadening =   0.01000eV
     Writing data to file  /home/ubuntu/projects/Graphene-Band-Structure-Quantum-Espresso/outputs/field_0/coupled/data/ldos.pp.dat396

     Calling punch_plot, plot_num =   3

     Energy =  -6.30210 eV, broadening =   0.01000eV
     Writing data to file  /home/ubuntu/projects/Graphene-Band-Structure-Quantum-Espresso/outputs/field_0/coupled/data/ldos.pp.dat397

     Calling punch_plot, plot_num =   3

     Energy =  -6.28210 eV, broadening =   0.01000eV
     Writing data to file  /home/ubuntu/projects/Graphene-Band-Structure-Quantum-Espresso/outputs/field_0/coupled/data/ldos.pp.dat398

     Calling punch_plot, plot_num =   3

     Energy =  -6.26210 eV, broadening =   0.01000eV
     Writing data to file  /home/ubuntu/projects/Graphene-Band-Structure-Quantum-Espresso/outputs/field_0/coupled/data/ldos.pp.dat399

     Calling punch_plot, plot_num =   3

     Energy =  -6.24210 eV, broadening =   0.01000eV
     Writing data to file  /home/ubuntu/projects/Graphene-Band-Structure-Quantum-Espresso/outputs/field_0/coupled/data/ldos.pp.dat400

     Calling punch_plot, plot_num =   3

     Energy =  -6.22210 eV, broadening =   0.01000eV
     Writing data to file  /home/ubuntu/projects/Graphene-Band-Structure-Quantum-Espresso/outputs/field_0/coupled/data/ldos.pp.dat401

     Calling punch_plot, plot_num =   3

     Energy =  -6.20210 eV, broadening =   0.01000eV
     Writing data to file  /home/ubuntu/projects/Graphene-Band-Structure-Quantum-Espresso/outputs/field_0/coupled/data/ldos.pp.dat402

     Calling punch_plot, plot_num =   3

     Energy =  -6.18210 eV, broadening =   0.01000eV
     Writing data to file  /home/ubuntu/projects/Graphene-Band-Structure-Quantum-Espresso/outputs/field_0/coupled/data/ldos.pp.dat403

     Calling punch_plot, plot_num =   3

     Energy =  -6.16210 eV, broadening =   0.01000eV
     Writing data to file  /home/ubuntu/projects/Graphene-Band-Structure-Quantum-Espresso/outputs/field_0/coupled/data/ldos.pp.dat404

     Calling punch_plot, plot_num =   3

     Energy =  -6.14210 eV, broadening =   0.01000eV
     Writing data to file  /home/ubuntu/projects/Graphene-Band-Structure-Quantum-Espresso/outputs/field_0/coupled/data/ldos.pp.dat405

     Calling punch_plot, plot_num =   3

     Energy =  -6.12210 eV, broadening =   0.01000eV
     Writing data to file  /home/ubuntu/projects/Graphene-Band-Structure-Quantum-Espresso/outputs/field_0/coupled/data/ldos.pp.dat406

     Calling punch_plot, plot_num =   3

     Energy =  -6.10210 eV, broadening =   0.01000eV
     Writing data to file  /home/ubuntu/projects/Graphene-Band-Structure-Quantum-Espresso/outputs/field_0/coupled/data/ldos.pp.dat407

     Calling punch_plot, plot_num =   3

     Energy =  -6.08210 eV, broadening =   0.01000eV
     Writing data to file  /home/ubuntu/projects/Graphene-Band-Structure-Quantum-Espresso/outputs/field_0/coupled/data/ldos.pp.dat408

     Calling punch_plot, plot_num =   3

     Energy =  -6.06210 eV, broadening =   0.01000eV
     Writing data to file  /home/ubuntu/projects/Graphene-Band-Structure-Quantum-Espresso/outputs/field_0/coupled/data/ldos.pp.dat409

     Calling punch_plot, plot_num =   3

     Energy =  -6.04210 eV, broadening =   0.01000eV
     Writing data to file  /home/ubuntu/projects/Graphene-Band-Structure-Quantum-Espresso/outputs/field_0/coupled/data/ldos.pp.dat410

     Calling punch_plot, plot_num =   3

     Energy =  -6.02210 eV, broadening =   0.01000eV
     Writing data to file  /home/ubuntu/projects/Graphene-Band-Structure-Quantum-Espresso/outputs/field_0/coupled/data/ldos.pp.dat411

     Calling punch_plot, plot_num =   3

     Energy =  -6.00210 eV, broadening =   0.01000eV
     Writing data to file  /home/ubuntu/projects/Graphene-Band-Structure-Quantum-Espresso/outputs/field_0/coupled/data/ldos.pp.dat412

     Calling punch_plot, plot_num =   3

     Energy =  -5.98210 eV, broadening =   0.01000eV
     Writing data to file  /home/ubuntu/projects/Graphene-Band-Structure-Quantum-Espresso/outputs/field_0/coupled/data/ldos.pp.dat413

     Calling punch_plot, plot_num =   3

     Energy =  -5.96210 eV, broadening =   0.01000eV
     Writing data to file  /home/ubuntu/projects/Graphene-Band-Structure-Quantum-Espresso/outputs/field_0/coupled/data/ldos.pp.dat414

     Calling punch_plot, plot_num =   3

     Energy =  -5.94210 eV, broadening =   0.01000eV
     Writing data to file  /home/ubuntu/projects/Graphene-Band-Structure-Quantum-Espresso/outputs/field_0/coupled/data/ldos.pp.dat415

     Calling punch_plot, plot_num =   3

     Energy =  -5.92210 eV, broadening =   0.01000eV
     Writing data to file  /home/ubuntu/projects/Graphene-Band-Structure-Quantum-Espresso/outputs/field_0/coupled/data/ldos.pp.dat416

     Calling punch_plot, plot_num =   3

     Energy =  -5.90210 eV, broadening =   0.01000eV
     Writing data to file  /home/ubuntu/projects/Graphene-Band-Structure-Quantum-Espresso/outputs/field_0/coupled/data/ldos.pp.dat417

     Calling punch_plot, plot_num =   3

     Energy =  -5.88210 eV, broadening =   0.01000eV
     Writing data to file  /home/ubuntu/projects/Graphene-Band-Structure-Quantum-Espresso/outputs/field_0/coupled/data/ldos.pp.dat418

     Calling punch_plot, plot_num =   3

     Energy =  -5.86210 eV, broadening =   0.01000eV
     Writing data to file  /home/ubuntu/projects/Graphene-Band-Structure-Quantum-Espresso/outputs/field_0/coupled/data/ldos.pp.dat419

     Calling punch_plot, plot_num =   3

     Energy =  -5.84210 eV, broadening =   0.01000eV
     Writing data to file  /home/ubuntu/projects/Graphene-Band-Structure-Quantum-Espresso/outputs/field_0/coupled/data/ldos.pp.dat420

     Calling punch_plot, plot_num =   3

     Energy =  -5.82210 eV, broadening =   0.01000eV
     Writing data to file  /home/ubuntu/projects/Graphene-Band-Structure-Quantum-Espresso/outputs/field_0/coupled/data/ldos.pp.dat421

     Calling punch_plot, plot_num =   3

     Energy =  -5.80210 eV, broadening =   0.01000eV
     Writing data to file  /home/ubuntu/projects/Graphene-Band-Structure-Quantum-Espresso/outputs/field_0/coupled/data/ldos.pp.dat422

     Calling punch_plot, plot_num =   3

     Energy =  -5.78210 eV, broadening =   0.01000eV
     Writing data to file  /home/ubuntu/projects/Graphene-Band-Structure-Quantum-Espresso/outputs/field_0/coupled/data/ldos.pp.dat423

     Calling punch_plot, plot_num =   3

     Energy =  -5.76210 eV, broadening =   0.01000eV
     Writing data to file  /home/ubuntu/projects/Graphene-Band-Structure-Quantum-Espresso/outputs/field_0/coupled/data/ldos.pp.dat424

     Calling punch_plot, plot_num =   3

     Energy =  -5.74210 eV, broadening =   0.01000eV
     Writing data to file  /home/ubuntu/projects/Graphene-Band-Structure-Quantum-Espresso/outputs/field_0/coupled/data/ldos.pp.dat425

     Calling punch_plot, plot_num =   3

     Energy =  -5.72210 eV, broadening =   0.01000eV
     Writing data to file  /home/ubuntu/projects/Graphene-Band-Structure-Quantum-Espresso/outputs/field_0/coupled/data/ldos.pp.dat426

     Calling punch_plot, plot_num =   3

     Energy =  -5.70210 eV, broadening =   0.01000eV
     Writing data to file  /home/ubuntu/projects/Graphene-Band-Structure-Quantum-Espresso/outputs/field_0/coupled/data/ldos.pp.dat427

     Calling punch_plot, plot_num =   3

     Energy =  -5.68210 eV, broadening =   0.01000eV
     Writing data to file  /home/ubuntu/projects/Graphene-Band-Structure-Quantum-Espresso/outputs/field_0/coupled/data/ldos.pp.dat428

     Calling punch_plot, plot_num =   3

     Energy =  -5.66210 eV, broadening =   0.01000eV
     Writing data to file  /home/ubuntu/projects/Graphene-Band-Structure-Quantum-Espresso/outputs/field_0/coupled/data/ldos.pp.dat429

     Calling punch_plot, plot_num =   3

     Energy =  -5.64210 eV, broadening =   0.01000eV
     Writing data to file  /home/ubuntu/projects/Graphene-Band-Structure-Quantum-Espresso/outputs/field_0/coupled/data/ldos.pp.dat430

     Calling punch_plot, plot_num =   3

     Energy =  -5.62210 eV, broadening =   0.01000eV
     Writing data to file  /home/ubuntu/projects/Graphene-Band-Structure-Quantum-Espresso/outputs/field_0/coupled/data/ldos.pp.dat431

     Calling punch_plot, plot_num =   3

     Energy =  -5.60210 eV, broadening =   0.01000eV
     Writing data to file  /home/ubuntu/projects/Graphene-Band-Structure-Quantum-Espresso/outputs/field_0/coupled/data/ldos.pp.dat432

     Calling punch_plot, plot_num =   3

     Energy =  -5.58210 eV, broadening =   0.01000eV
     Writing data to file  /home/ubuntu/projects/Graphene-Band-Structure-Quantum-Espresso/outputs/field_0/coupled/data/ldos.pp.dat433

     Calling punch_plot, plot_num =   3

     Energy =  -5.56210 eV, broadening =   0.01000eV
     Writing data to file  /home/ubuntu/projects/Graphene-Band-Structure-Quantum-Espresso/outputs/field_0/coupled/data/ldos.pp.dat434

     Calling punch_plot, plot_num =   3

     Energy =  -5.54210 eV, broadening =   0.01000eV
     Writing data to file  /home/ubuntu/projects/Graphene-Band-Structure-Quantum-Espresso/outputs/field_0/coupled/data/ldos.pp.dat435

     Calling punch_plot, plot_num =   3

     Energy =  -5.52210 eV, broadening =   0.01000eV
     Writing data to file  /home/ubuntu/projects/Graphene-Band-Structure-Quantum-Espresso/outputs/field_0/coupled/data/ldos.pp.dat436

     Calling punch_plot, plot_num =   3

     Energy =  -5.50210 eV, broadening =   0.01000eV
     Writing data to file  /home/ubuntu/projects/Graphene-Band-Structure-Quantum-Espresso/outputs/field_0/coupled/data/ldos.pp.dat437

     Calling punch_plot, plot_num =   3

     Energy =  -5.48210 eV, broadening =   0.01000eV
     Writing data to file  /home/ubuntu/projects/Graphene-Band-Structure-Quantum-Espresso/outputs/field_0/coupled/data/ldos.pp.dat438

     Calling punch_plot, plot_num =   3

     Energy =  -5.46210 eV, broadening =   0.01000eV
     Writing data to file  /home/ubuntu/projects/Graphene-Band-Structure-Quantum-Espresso/outputs/field_0/coupled/data/ldos.pp.dat439

     Calling punch_plot, plot_num =   3

     Energy =  -5.44210 eV, broadening =   0.01000eV
     Writing data to file  /home/ubuntu/projects/Graphene-Band-Structure-Quantum-Espresso/outputs/field_0/coupled/data/ldos.pp.dat440

     Calling punch_plot, plot_num =   3

     Energy =  -5.42210 eV, broadening =   0.01000eV
     Writing data to file  /home/ubuntu/projects/Graphene-Band-Structure-Quantum-Espresso/outputs/field_0/coupled/data/ldos.pp.dat441

     Calling punch_plot, plot_num =   3

     Energy =  -5.40210 eV, broadening =   0.01000eV
     Writing data to file  /home/ubuntu/projects/Graphene-Band-Structure-Quantum-Espresso/outputs/field_0/coupled/data/ldos.pp.dat442

     Calling punch_plot, plot_num =   3

     Energy =  -5.38210 eV, broadening =   0.01000eV
     Writing data to file  /home/ubuntu/projects/Graphene-Band-Structure-Quantum-Espresso/outputs/field_0/coupled/data/ldos.pp.dat443

     Calling punch_plot, plot_num =   3

     Energy =  -5.36210 eV, broadening =   0.01000eV
     Writing data to file  /home/ubuntu/projects/Graphene-Band-Structure-Quantum-Espresso/outputs/field_0/coupled/data/ldos.pp.dat444

     Calling punch_plot, plot_num =   3

     Energy =  -5.34210 eV, broadening =   0.01000eV
     Writing data to file  /home/ubuntu/projects/Graphene-Band-Structure-Quantum-Espresso/outputs/field_0/coupled/data/ldos.pp.dat445

     Calling punch_plot, plot_num =   3

     Energy =  -5.32210 eV, broadening =   0.01000eV
     Writing data to file  /home/ubuntu/projects/Graphene-Band-Structure-Quantum-Espresso/outputs/field_0/coupled/data/ldos.pp.dat446

     Calling punch_plot, plot_num =   3

     Energy =  -5.30210 eV, broadening =   0.01000eV
     Writing data to file  /home/ubuntu/projects/Graphene-Band-Structure-Quantum-Espresso/outputs/field_0/coupled/data/ldos.pp.dat447

     Calling punch_plot, plot_num =   3

     Energy =  -5.28210 eV, broadening =   0.01000eV
     Writing data to file  /home/ubuntu/projects/Graphene-Band-Structure-Quantum-Espresso/outputs/field_0/coupled/data/ldos.pp.dat448

     Calling punch_plot, plot_num =   3

     Energy =  -5.26210 eV, broadening =   0.01000eV
     Writing data to file  /home/ubuntu/projects/Graphene-Band-Structure-Quantum-Espresso/outputs/field_0/coupled/data/ldos.pp.dat449

     Calling punch_plot, plot_num =   3

     Energy =  -5.24210 eV, broadening =   0.01000eV
     Writing data to file  /home/ubuntu/projects/Graphene-Band-Structure-Quantum-Espresso/outputs/field_0/coupled/data/ldos.pp.dat450

     Calling punch_plot, plot_num =   3

     Energy =  -5.22210 eV, broadening =   0.01000eV
     Writing data to file  /home/ubuntu/projects/Graphene-Band-Structure-Quantum-Espresso/outputs/field_0/coupled/data/ldos.pp.dat451

     Calling punch_plot, plot_num =   3

     Energy =  -5.20210 eV, broadening =   0.01000eV
     Writing data to file  /home/ubuntu/projects/Graphene-Band-Structure-Quantum-Espresso/outputs/field_0/coupled/data/ldos.pp.dat452

     Calling punch_plot, plot_num =   3

     Energy =  -5.18210 eV, broadening =   0.01000eV
     Writing data to file  /home/ubuntu/projects/Graphene-Band-Structure-Quantum-Espresso/outputs/field_0/coupled/data/ldos.pp.dat453

     Calling punch_plot, plot_num =   3

     Energy =  -5.16210 eV, broadening =   0.01000eV
     Writing data to file  /home/ubuntu/projects/Graphene-Band-Structure-Quantum-Espresso/outputs/field_0/coupled/data/ldos.pp.dat454

     Calling punch_plot, plot_num =   3

     Energy =  -5.14210 eV, broadening =   0.01000eV
     Writing data to file  /home/ubuntu/projects/Graphene-Band-Structure-Quantum-Espresso/outputs/field_0/coupled/data/ldos.pp.dat455

     Calling punch_plot, plot_num =   3

     Energy =  -5.12210 eV, broadening =   0.01000eV
     Writing data to file  /home/ubuntu/projects/Graphene-Band-Structure-Quantum-Espresso/outputs/field_0/coupled/data/ldos.pp.dat456

     Calling punch_plot, plot_num =   3

     Energy =  -5.10210 eV, broadening =   0.01000eV
     Writing data to file  /home/ubuntu/projects/Graphene-Band-Structure-Quantum-Espresso/outputs/field_0/coupled/data/ldos.pp.dat457

     Calling punch_plot, plot_num =   3

     Energy =  -5.08210 eV, broadening =   0.01000eV
     Writing data to file  /home/ubuntu/projects/Graphene-Band-Structure-Quantum-Espresso/outputs/field_0/coupled/data/ldos.pp.dat458

     Calling punch_plot, plot_num =   3

     Energy =  -5.06210 eV, broadening =   0.01000eV
     Writing data to file  /home/ubuntu/projects/Graphene-Band-Structure-Quantum-Espresso/outputs/field_0/coupled/data/ldos.pp.dat459

     Calling punch_plot, plot_num =   3

     Energy =  -5.04210 eV, broadening =   0.01000eV
     Writing data to file  /home/ubuntu/projects/Graphene-Band-Structure-Quantum-Espresso/outputs/field_0/coupled/data/ldos.pp.dat460

     Calling punch_plot, plot_num =   3

     Energy =  -5.02210 eV, broadening =   0.01000eV
     Writing data to file  /home/ubuntu/projects/Graphene-Band-Structure-Quantum-Espresso/outputs/field_0/coupled/data/ldos.pp.dat461

     Calling punch_plot, plot_num =   3

     Energy =  -5.00210 eV, broadening =   0.01000eV
     Writing data to file  /home/ubuntu/projects/Graphene-Band-Structure-Quantum-Espresso/outputs/field_0/coupled/data/ldos.pp.dat462

     Calling punch_plot, plot_num =   3

     Energy =  -4.98210 eV, broadening =   0.01000eV
     Writing data to file  /home/ubuntu/projects/Graphene-Band-Structure-Quantum-Espresso/outputs/field_0/coupled/data/ldos.pp.dat463

     Calling punch_plot, plot_num =   3

     Energy =  -4.96210 eV, broadening =   0.01000eV
     Writing data to file  /home/ubuntu/projects/Graphene-Band-Structure-Quantum-Espresso/outputs/field_0/coupled/data/ldos.pp.dat464

     Calling punch_plot, plot_num =   3

     Energy =  -4.94210 eV, broadening =   0.01000eV
     Writing data to file  /home/ubuntu/projects/Graphene-Band-Structure-Quantum-Espresso/outputs/field_0/coupled/data/ldos.pp.dat465

     Calling punch_plot, plot_num =   3

     Energy =  -4.92210 eV, broadening =   0.01000eV
     Writing data to file  /home/ubuntu/projects/Graphene-Band-Structure-Quantum-Espresso/outputs/field_0/coupled/data/ldos.pp.dat466

     Calling punch_plot, plot_num =   3

     Energy =  -4.90210 eV, broadening =   0.01000eV
     Writing data to file  /home/ubuntu/projects/Graphene-Band-Structure-Quantum-Espresso/outputs/field_0/coupled/data/ldos.pp.dat467

     Calling punch_plot, plot_num =   3

     Energy =  -4.88210 eV, broadening =   0.01000eV
     Writing data to file  /home/ubuntu/projects/Graphene-Band-Structure-Quantum-Espresso/outputs/field_0/coupled/data/ldos.pp.dat468

     Calling punch_plot, plot_num =   3

     Energy =  -4.86210 eV, broadening =   0.01000eV
     Writing data to file  /home/ubuntu/projects/Graphene-Band-Structure-Quantum-Espresso/outputs/field_0/coupled/data/ldos.pp.dat469

     Calling punch_plot, plot_num =   3

     Energy =  -4.84210 eV, broadening =   0.01000eV
     Writing data to file  /home/ubuntu/projects/Graphene-Band-Structure-Quantum-Espresso/outputs/field_0/coupled/data/ldos.pp.dat470

     Calling punch_plot, plot_num =   3

     Energy =  -4.82210 eV, broadening =   0.01000eV
     Writing data to file  /home/ubuntu/projects/Graphene-Band-Structure-Quantum-Espresso/outputs/field_0/coupled/data/ldos.pp.dat471

     Calling punch_plot, plot_num =   3

     Energy =  -4.80210 eV, broadening =   0.01000eV
     Writing data to file  /home/ubuntu/projects/Graphene-Band-Structure-Quantum-Espresso/outputs/field_0/coupled/data/ldos.pp.dat472

     Calling punch_plot, plot_num =   3

     Energy =  -4.78210 eV, broadening =   0.01000eV
     Writing data to file  /home/ubuntu/projects/Graphene-Band-Structure-Quantum-Espresso/outputs/field_0/coupled/data/ldos.pp.dat473

     Calling punch_plot, plot_num =   3

     Energy =  -4.76210 eV, broadening =   0.01000eV
     Writing data to file  /home/ubuntu/projects/Graphene-Band-Structure-Quantum-Espresso/outputs/field_0/coupled/data/ldos.pp.dat474

     Calling punch_plot, plot_num =   3

     Energy =  -4.74210 eV, broadening =   0.01000eV
     Writing data to file  /home/ubuntu/projects/Graphene-Band-Structure-Quantum-Espresso/outputs/field_0/coupled/data/ldos.pp.dat475

     Calling punch_plot, plot_num =   3

     Energy =  -4.72210 eV, broadening =   0.01000eV
     Writing data to file  /home/ubuntu/projects/Graphene-Band-Structure-Quantum-Espresso/outputs/field_0/coupled/data/ldos.pp.dat476

     Calling punch_plot, plot_num =   3

     Energy =  -4.70210 eV, broadening =   0.01000eV
     Writing data to file  /home/ubuntu/projects/Graphene-Band-Structure-Quantum-Espresso/outputs/field_0/coupled/data/ldos.pp.dat477

     Calling punch_plot, plot_num =   3

     Energy =  -4.68210 eV, broadening =   0.01000eV
     Writing data to file  /home/ubuntu/projects/Graphene-Band-Structure-Quantum-Espresso/outputs/field_0/coupled/data/ldos.pp.dat478

     Calling punch_plot, plot_num =   3

     Energy =  -4.66210 eV, broadening =   0.01000eV
     Writing data to file  /home/ubuntu/projects/Graphene-Band-Structure-Quantum-Espresso/outputs/field_0/coupled/data/ldos.pp.dat479

     Calling punch_plot, plot_num =   3

     Energy =  -4.64210 eV, broadening =   0.01000eV
     Writing data to file  /home/ubuntu/projects/Graphene-Band-Structure-Quantum-Espresso/outputs/field_0/coupled/data/ldos.pp.dat480

     Calling punch_plot, plot_num =   3

     Energy =  -4.62210 eV, broadening =   0.01000eV
     Writing data to file  /home/ubuntu/projects/Graphene-Band-Structure-Quantum-Espresso/outputs/field_0/coupled/data/ldos.pp.dat481

     Calling punch_plot, plot_num =   3

     Energy =  -4.60210 eV, broadening =   0.01000eV
     Writing data to file  /home/ubuntu/projects/Graphene-Band-Structure-Quantum-Espresso/outputs/field_0/coupled/data/ldos.pp.dat482

     Calling punch_plot, plot_num =   3

     Energy =  -4.58210 eV, broadening =   0.01000eV
     Writing data to file  /home/ubuntu/projects/Graphene-Band-Structure-Quantum-Espresso/outputs/field_0/coupled/data/ldos.pp.dat483

     Calling punch_plot, plot_num =   3

     Energy =  -4.56210 eV, broadening =   0.01000eV
     Writing data to file  /home/ubuntu/projects/Graphene-Band-Structure-Quantum-Espresso/outputs/field_0/coupled/data/ldos.pp.dat484

     Calling punch_plot, plot_num =   3

     Energy =  -4.54210 eV, broadening =   0.01000eV
     Writing data to file  /home/ubuntu/projects/Graphene-Band-Structure-Quantum-Espresso/outputs/field_0/coupled/data/ldos.pp.dat485

     Calling punch_plot, plot_num =   3

     Energy =  -4.52210 eV, broadening =   0.01000eV
     Writing data to file  /home/ubuntu/projects/Graphene-Band-Structure-Quantum-Espresso/outputs/field_0/coupled/data/ldos.pp.dat486

     Calling punch_plot, plot_num =   3

     Energy =  -4.50210 eV, broadening =   0.01000eV
     Writing data to file  /home/ubuntu/projects/Graphene-Band-Structure-Quantum-Espresso/outputs/field_0/coupled/data/ldos.pp.dat487

     Calling punch_plot, plot_num =   3

     Energy =  -4.48210 eV, broadening =   0.01000eV
     Writing data to file  /home/ubuntu/projects/Graphene-Band-Structure-Quantum-Espresso/outputs/field_0/coupled/data/ldos.pp.dat488

     Calling punch_plot, plot_num =   3

     Energy =  -4.46210 eV, broadening =   0.01000eV
     Writing data to file  /home/ubuntu/projects/Graphene-Band-Structure-Quantum-Espresso/outputs/field_0/coupled/data/ldos.pp.dat489

     Calling punch_plot, plot_num =   3

     Energy =  -4.44210 eV, broadening =   0.01000eV
     Writing data to file  /home/ubuntu/projects/Graphene-Band-Structure-Quantum-Espresso/outputs/field_0/coupled/data/ldos.pp.dat490

     Calling punch_plot, plot_num =   3

     Energy =  -4.42210 eV, broadening =   0.01000eV
     Writing data to file  /home/ubuntu/projects/Graphene-Band-Structure-Quantum-Espresso/outputs/field_0/coupled/data/ldos.pp.dat491

     Calling punch_plot, plot_num =   3

     Energy =  -4.40210 eV, broadening =   0.01000eV
     Writing data to file  /home/ubuntu/projects/Graphene-Band-Structure-Quantum-Espresso/outputs/field_0/coupled/data/ldos.pp.dat492

     Calling punch_plot, plot_num =   3

     Energy =  -4.38210 eV, broadening =   0.01000eV
     Writing data to file  /home/ubuntu/projects/Graphene-Band-Structure-Quantum-Espresso/outputs/field_0/coupled/data/ldos.pp.dat493

     Calling punch_plot, plot_num =   3

     Energy =  -4.36210 eV, broadening =   0.01000eV
     Writing data to file  /home/ubuntu/projects/Graphene-Band-Structure-Quantum-Espresso/outputs/field_0/coupled/data/ldos.pp.dat494

     Calling punch_plot, plot_num =   3

     Energy =  -4.34210 eV, broadening =   0.01000eV
     Writing data to file  /home/ubuntu/projects/Graphene-Band-Structure-Quantum-Espresso/outputs/field_0/coupled/data/ldos.pp.dat495

     Calling punch_plot, plot_num =   3

     Energy =  -4.32210 eV, broadening =   0.01000eV
     Writing data to file  /home/ubuntu/projects/Graphene-Band-Structure-Quantum-Espresso/outputs/field_0/coupled/data/ldos.pp.dat496

     Calling punch_plot, plot_num =   3

     Energy =  -4.30210 eV, broadening =   0.01000eV
     Writing data to file  /home/ubuntu/projects/Graphene-Band-Structure-Quantum-Espresso/outputs/field_0/coupled/data/ldos.pp.dat497

     Calling punch_plot, plot_num =   3

     Energy =  -4.28210 eV, broadening =   0.01000eV
     Writing data to file  /home/ubuntu/projects/Graphene-Band-Structure-Quantum-Espresso/outputs/field_0/coupled/data/ldos.pp.dat498

     Calling punch_plot, plot_num =   3

     Energy =  -4.26210 eV, broadening =   0.01000eV
     Writing data to file  /home/ubuntu/projects/Graphene-Band-Structure-Quantum-Espresso/outputs/field_0/coupled/data/ldos.pp.dat499

     Calling punch_plot, plot_num =   3

     Energy =  -4.24210 eV, broadening =   0.01000eV
     Writing data to file  /home/ubuntu/projects/Graphene-Band-Structure-Quantum-Espresso/outputs/field_0/coupled/data/ldos.pp.dat500

     Calling punch_plot, plot_num =   3

     Energy =  -4.22210 eV, broadening =   0.01000eV
     Writing data to file  /home/ubuntu/projects/Graphene-Band-Structure-Quantum-Espresso/outputs/field_0/coupled/data/ldos.pp.dat501

     Calling punch_plot, plot_num =   3

     Energy =  -4.20210 eV, broadening =   0.01000eV
     Writing data to file  /home/ubuntu/projects/Graphene-Band-Structure-Quantum-Espresso/outputs/field_0/coupled/data/ldos.pp.dat502

     Calling punch_plot, plot_num =   3

     Energy =  -4.18210 eV, broadening =   0.01000eV
     Writing data to file  /home/ubuntu/projects/Graphene-Band-Structure-Quantum-Espresso/outputs/field_0/coupled/data/ldos.pp.dat503

     Calling punch_plot, plot_num =   3

     Energy =  -4.16210 eV, broadening =   0.01000eV
     Writing data to file  /home/ubuntu/projects/Graphene-Band-Structure-Quantum-Espresso/outputs/field_0/coupled/data/ldos.pp.dat504

     Calling punch_plot, plot_num =   3

     Energy =  -4.14210 eV, broadening =   0.01000eV
     Writing data to file  /home/ubuntu/projects/Graphene-Band-Structure-Quantum-Espresso/outputs/field_0/coupled/data/ldos.pp.dat505

     Calling punch_plot, plot_num =   3

     Energy =  -4.12210 eV, broadening =   0.01000eV
     Writing data to file  /home/ubuntu/projects/Graphene-Band-Structure-Quantum-Espresso/outputs/field_0/coupled/data/ldos.pp.dat506

     Calling punch_plot, plot_num =   3

     Energy =  -4.10210 eV, broadening =   0.01000eV
     Writing data to file  /home/ubuntu/projects/Graphene-Band-Structure-Quantum-Espresso/outputs/field_0/coupled/data/ldos.pp.dat507

     Calling punch_plot, plot_num =   3

     Energy =  -4.08210 eV, broadening =   0.01000eV
     Writing data to file  /home/ubuntu/projects/Graphene-Band-Structure-Quantum-Espresso/outputs/field_0/coupled/data/ldos.pp.dat508

     Calling punch_plot, plot_num =   3

     Energy =  -4.06210 eV, broadening =   0.01000eV
     Writing data to file  /home/ubuntu/projects/Graphene-Band-Structure-Quantum-Espresso/outputs/field_0/coupled/data/ldos.pp.dat509

     Calling punch_plot, plot_num =   3

     Energy =  -4.04210 eV, broadening =   0.01000eV
     Writing data to file  /home/ubuntu/projects/Graphene-Band-Structure-Quantum-Espresso/outputs/field_0/coupled/data/ldos.pp.dat510

     Calling punch_plot, plot_num =   3

     Energy =  -4.02210 eV, broadening =   0.01000eV
     Writing data to file  /home/ubuntu/projects/Graphene-Band-Structure-Quantum-Espresso/outputs/field_0/coupled/data/ldos.pp.dat511

     Calling punch_plot, plot_num =   3

     Energy =  -4.00210 eV, broadening =   0.01000eV
     Writing data to file  /home/ubuntu/projects/Graphene-Band-Structure-Quantum-Espresso/outputs/field_0/coupled/data/ldos.pp.dat512

     Calling punch_plot, plot_num =   3

     Energy =  -3.98210 eV, broadening =   0.01000eV
     Writing data to file  /home/ubuntu/projects/Graphene-Band-Structure-Quantum-Espresso/outputs/field_0/coupled/data/ldos.pp.dat513

     Calling punch_plot, plot_num =   3

     Energy =  -3.96210 eV, broadening =   0.01000eV
     Writing data to file  /home/ubuntu/projects/Graphene-Band-Structure-Quantum-Espresso/outputs/field_0/coupled/data/ldos.pp.dat514

     Calling punch_plot, plot_num =   3

     Energy =  -3.94210 eV, broadening =   0.01000eV
     Writing data to file  /home/ubuntu/projects/Graphene-Band-Structure-Quantum-Espresso/outputs/field_0/coupled/data/ldos.pp.dat515

     Calling punch_plot, plot_num =   3

     Energy =  -3.92210 eV, broadening =   0.01000eV
     Writing data to file  /home/ubuntu/projects/Graphene-Band-Structure-Quantum-Espresso/outputs/field_0/coupled/data/ldos.pp.dat516

     Calling punch_plot, plot_num =   3

     Energy =  -3.90210 eV, broadening =   0.01000eV
     Writing data to file  /home/ubuntu/projects/Graphene-Band-Structure-Quantum-Espresso/outputs/field_0/coupled/data/ldos.pp.dat517

     Calling punch_plot, plot_num =   3

     Energy =  -3.88210 eV, broadening =   0.01000eV
     Writing data to file  /home/ubuntu/projects/Graphene-Band-Structure-Quantum-Espresso/outputs/field_0/coupled/data/ldos.pp.dat518

     Calling punch_plot, plot_num =   3

     Energy =  -3.86210 eV, broadening =   0.01000eV
     Writing data to file  /home/ubuntu/projects/Graphene-Band-Structure-Quantum-Espresso/outputs/field_0/coupled/data/ldos.pp.dat519

     Calling punch_plot, plot_num =   3

     Energy =  -3.84210 eV, broadening =   0.01000eV
     Writing data to file  /home/ubuntu/projects/Graphene-Band-Structure-Quantum-Espresso/outputs/field_0/coupled/data/ldos.pp.dat520

     Calling punch_plot, plot_num =   3

     Energy =  -3.82210 eV, broadening =   0.01000eV
     Writing data to file  /home/ubuntu/projects/Graphene-Band-Structure-Quantum-Espresso/outputs/field_0/coupled/data/ldos.pp.dat521

     Calling punch_plot, plot_num =   3

     Energy =  -3.80210 eV, broadening =   0.01000eV
     Writing data to file  /home/ubuntu/projects/Graphene-Band-Structure-Quantum-Espresso/outputs/field_0/coupled/data/ldos.pp.dat522

     Calling punch_plot, plot_num =   3

     Energy =  -3.78210 eV, broadening =   0.01000eV
     Writing data to file  /home/ubuntu/projects/Graphene-Band-Structure-Quantum-Espresso/outputs/field_0/coupled/data/ldos.pp.dat523

     Calling punch_plot, plot_num =   3

     Energy =  -3.76210 eV, broadening =   0.01000eV
     Writing data to file  /home/ubuntu/projects/Graphene-Band-Structure-Quantum-Espresso/outputs/field_0/coupled/data/ldos.pp.dat524

     Calling punch_plot, plot_num =   3

     Energy =  -3.74210 eV, broadening =   0.01000eV
     Writing data to file  /home/ubuntu/projects/Graphene-Band-Structure-Quantum-Espresso/outputs/field_0/coupled/data/ldos.pp.dat525

     Calling punch_plot, plot_num =   3

     Energy =  -3.72210 eV, broadening =   0.01000eV
     Writing data to file  /home/ubuntu/projects/Graphene-Band-Structure-Quantum-Espresso/outputs/field_0/coupled/data/ldos.pp.dat526

     Calling punch_plot, plot_num =   3

     Energy =  -3.70210 eV, broadening =   0.01000eV
     Writing data to file  /home/ubuntu/projects/Graphene-Band-Structure-Quantum-Espresso/outputs/field_0/coupled/data/ldos.pp.dat527

     Calling punch_plot, plot_num =   3

     Energy =  -3.68210 eV, broadening =   0.01000eV
     Writing data to file  /home/ubuntu/projects/Graphene-Band-Structure-Quantum-Espresso/outputs/field_0/coupled/data/ldos.pp.dat528

     Calling punch_plot, plot_num =   3

     Energy =  -3.66210 eV, broadening =   0.01000eV
     Writing data to file  /home/ubuntu/projects/Graphene-Band-Structure-Quantum-Espresso/outputs/field_0/coupled/data/ldos.pp.dat529

     Calling punch_plot, plot_num =   3

     Energy =  -3.64210 eV, broadening =   0.01000eV
     Writing data to file  /home/ubuntu/projects/Graphene-Band-Structure-Quantum-Espresso/outputs/field_0/coupled/data/ldos.pp.dat530

     Calling punch_plot, plot_num =   3

     Energy =  -3.62210 eV, broadening =   0.01000eV
     Writing data to file  /home/ubuntu/projects/Graphene-Band-Structure-Quantum-Espresso/outputs/field_0/coupled/data/ldos.pp.dat531

     Calling punch_plot, plot_num =   3

     Energy =  -3.60210 eV, broadening =   0.01000eV
     Writing data to file  /home/ubuntu/projects/Graphene-Band-Structure-Quantum-Espresso/outputs/field_0/coupled/data/ldos.pp.dat532

     Calling punch_plot, plot_num =   3

     Energy =  -3.58210 eV, broadening =   0.01000eV
     Writing data to file  /home/ubuntu/projects/Graphene-Band-Structure-Quantum-Espresso/outputs/field_0/coupled/data/ldos.pp.dat533

     Calling punch_plot, plot_num =   3

     Energy =  -3.56210 eV, broadening =   0.01000eV
     Writing data to file  /home/ubuntu/projects/Graphene-Band-Structure-Quantum-Espresso/outputs/field_0/coupled/data/ldos.pp.dat534

     Calling punch_plot, plot_num =   3

     Energy =  -3.54210 eV, broadening =   0.01000eV
     Writing data to file  /home/ubuntu/projects/Graphene-Band-Structure-Quantum-Espresso/outputs/field_0/coupled/data/ldos.pp.dat535

     Calling punch_plot, plot_num =   3

     Energy =  -3.52210 eV, broadening =   0.01000eV
     Writing data to file  /home/ubuntu/projects/Graphene-Band-Structure-Quantum-Espresso/outputs/field_0/coupled/data/ldos.pp.dat536

     Calling punch_plot, plot_num =   3

     Energy =  -3.50210 eV, broadening =   0.01000eV
     Writing data to file  /home/ubuntu/projects/Graphene-Band-Structure-Quantum-Espresso/outputs/field_0/coupled/data/ldos.pp.dat537

     Calling punch_plot, plot_num =   3

     Energy =  -3.48210 eV, broadening =   0.01000eV
     Writing data to file  /home/ubuntu/projects/Graphene-Band-Structure-Quantum-Espresso/outputs/field_0/coupled/data/ldos.pp.dat538

     Calling punch_plot, plot_num =   3

     Energy =  -3.46210 eV, broadening =   0.01000eV
     Writing data to file  /home/ubuntu/projects/Graphene-Band-Structure-Quantum-Espresso/outputs/field_0/coupled/data/ldos.pp.dat539

     Calling punch_plot, plot_num =   3

     Energy =  -3.44210 eV, broadening =   0.01000eV
     Writing data to file  /home/ubuntu/projects/Graphene-Band-Structure-Quantum-Espresso/outputs/field_0/coupled/data/ldos.pp.dat540

     Calling punch_plot, plot_num =   3

     Energy =  -3.42210 eV, broadening =   0.01000eV
     Writing data to file  /home/ubuntu/projects/Graphene-Band-Structure-Quantum-Espresso/outputs/field_0/coupled/data/ldos.pp.dat541

     Calling punch_plot, plot_num =   3

     Energy =  -3.40210 eV, broadening =   0.01000eV
     Writing data to file  /home/ubuntu/projects/Graphene-Band-Structure-Quantum-Espresso/outputs/field_0/coupled/data/ldos.pp.dat542

     Calling punch_plot, plot_num =   3

     Energy =  -3.38210 eV, broadening =   0.01000eV
     Writing data to file  /home/ubuntu/projects/Graphene-Band-Structure-Quantum-Espresso/outputs/field_0/coupled/data/ldos.pp.dat543

     Calling punch_plot, plot_num =   3

     Energy =  -3.36210 eV, broadening =   0.01000eV
     Writing data to file  /home/ubuntu/projects/Graphene-Band-Structure-Quantum-Espresso/outputs/field_0/coupled/data/ldos.pp.dat544

     Calling punch_plot, plot_num =   3

     Energy =  -3.34210 eV, broadening =   0.01000eV
     Writing data to file  /home/ubuntu/projects/Graphene-Band-Structure-Quantum-Espresso/outputs/field_0/coupled/data/ldos.pp.dat545

     Calling punch_plot, plot_num =   3

     Energy =  -3.32210 eV, broadening =   0.01000eV
     Writing data to file  /home/ubuntu/projects/Graphene-Band-Structure-Quantum-Espresso/outputs/field_0/coupled/data/ldos.pp.dat546

     Calling punch_plot, plot_num =   3

     Energy =  -3.30210 eV, broadening =   0.01000eV
     Writing data to file  /home/ubuntu/projects/Graphene-Band-Structure-Quantum-Espresso/outputs/field_0/coupled/data/ldos.pp.dat547

     Calling punch_plot, plot_num =   3

     Energy =  -3.28210 eV, broadening =   0.01000eV
     Writing data to file  /home/ubuntu/projects/Graphene-Band-Structure-Quantum-Espresso/outputs/field_0/coupled/data/ldos.pp.dat548

     Calling punch_plot, plot_num =   3

     Energy =  -3.26210 eV, broadening =   0.01000eV
     Writing data to file  /home/ubuntu/projects/Graphene-Band-Structure-Quantum-Espresso/outputs/field_0/coupled/data/ldos.pp.dat549

     Calling punch_plot, plot_num =   3

     Energy =  -3.24210 eV, broadening =   0.01000eV
     Writing data to file  /home/ubuntu/projects/Graphene-Band-Structure-Quantum-Espresso/outputs/field_0/coupled/data/ldos.pp.dat550

     Calling punch_plot, plot_num =   3

     Energy =  -3.22210 eV, broadening =   0.01000eV
     Writing data to file  /home/ubuntu/projects/Graphene-Band-Structure-Quantum-Espresso/outputs/field_0/coupled/data/ldos.pp.dat551

     Calling punch_plot, plot_num =   3

     Energy =  -3.20210 eV, broadening =   0.01000eV
     Writing data to file  /home/ubuntu/projects/Graphene-Band-Structure-Quantum-Espresso/outputs/field_0/coupled/data/ldos.pp.dat552

     Calling punch_plot, plot_num =   3

     Energy =  -3.18210 eV, broadening =   0.01000eV
     Writing data to file  /home/ubuntu/projects/Graphene-Band-Structure-Quantum-Espresso/outputs/field_0/coupled/data/ldos.pp.dat553

     Calling punch_plot, plot_num =   3

     Energy =  -3.16210 eV, broadening =   0.01000eV
     Writing data to file  /home/ubuntu/projects/Graphene-Band-Structure-Quantum-Espresso/outputs/field_0/coupled/data/ldos.pp.dat554

     Calling punch_plot, plot_num =   3

     Energy =  -3.14210 eV, broadening =   0.01000eV
     Writing data to file  /home/ubuntu/projects/Graphene-Band-Structure-Quantum-Espresso/outputs/field_0/coupled/data/ldos.pp.dat555

     Calling punch_plot, plot_num =   3

     Energy =  -3.12210 eV, broadening =   0.01000eV
     Writing data to file  /home/ubuntu/projects/Graphene-Band-Structure-Quantum-Espresso/outputs/field_0/coupled/data/ldos.pp.dat556

     Calling punch_plot, plot_num =   3

     Energy =  -3.10210 eV, broadening =   0.01000eV
     Writing data to file  /home/ubuntu/projects/Graphene-Band-Structure-Quantum-Espresso/outputs/field_0/coupled/data/ldos.pp.dat557

     Calling punch_plot, plot_num =   3

     Energy =  -3.08210 eV, broadening =   0.01000eV
     Writing data to file  /home/ubuntu/projects/Graphene-Band-Structure-Quantum-Espresso/outputs/field_0/coupled/data/ldos.pp.dat558

     Calling punch_plot, plot_num =   3

     Energy =  -3.06210 eV, broadening =   0.01000eV
     Writing data to file  /home/ubuntu/projects/Graphene-Band-Structure-Quantum-Espresso/outputs/field_0/coupled/data/ldos.pp.dat559

     Calling punch_plot, plot_num =   3

     Energy =  -3.04210 eV, broadening =   0.01000eV
     Writing data to file  /home/ubuntu/projects/Graphene-Band-Structure-Quantum-Espresso/outputs/field_0/coupled/data/ldos.pp.dat560

     Calling punch_plot, plot_num =   3

     Energy =  -3.02210 eV, broadening =   0.01000eV
     Writing data to file  /home/ubuntu/projects/Graphene-Band-Structure-Quantum-Espresso/outputs/field_0/coupled/data/ldos.pp.dat561

     Calling punch_plot, plot_num =   3

     Energy =  -3.00210 eV, broadening =   0.01000eV
     Writing data to file  /home/ubuntu/projects/Graphene-Band-Structure-Quantum-Espresso/outputs/field_0/coupled/data/ldos.pp.dat562

     Calling punch_plot, plot_num =   3

     Energy =  -2.98210 eV, broadening =   0.01000eV
     Writing data to file  /home/ubuntu/projects/Graphene-Band-Structure-Quantum-Espresso/outputs/field_0/coupled/data/ldos.pp.dat563

     Calling punch_plot, plot_num =   3

     Energy =  -2.96210 eV, broadening =   0.01000eV
     Writing data to file  /home/ubuntu/projects/Graphene-Band-Structure-Quantum-Espresso/outputs/field_0/coupled/data/ldos.pp.dat564

     Calling punch_plot, plot_num =   3

     Energy =  -2.94210 eV, broadening =   0.01000eV
     Writing data to file  /home/ubuntu/projects/Graphene-Band-Structure-Quantum-Espresso/outputs/field_0/coupled/data/ldos.pp.dat565

     Calling punch_plot, plot_num =   3

     Energy =  -2.92210 eV, broadening =   0.01000eV
     Writing data to file  /home/ubuntu/projects/Graphene-Band-Structure-Quantum-Espresso/outputs/field_0/coupled/data/ldos.pp.dat566

     Calling punch_plot, plot_num =   3

     Energy =  -2.90210 eV, broadening =   0.01000eV
     Writing data to file  /home/ubuntu/projects/Graphene-Band-Structure-Quantum-Espresso/outputs/field_0/coupled/data/ldos.pp.dat567

     Calling punch_plot, plot_num =   3

     Energy =  -2.88210 eV, broadening =   0.01000eV
     Writing data to file  /home/ubuntu/projects/Graphene-Band-Structure-Quantum-Espresso/outputs/field_0/coupled/data/ldos.pp.dat568

     Calling punch_plot, plot_num =   3

     Energy =  -2.86210 eV, broadening =   0.01000eV
     Writing data to file  /home/ubuntu/projects/Graphene-Band-Structure-Quantum-Espresso/outputs/field_0/coupled/data/ldos.pp.dat569

     Calling punch_plot, plot_num =   3

     Energy =  -2.84210 eV, broadening =   0.01000eV
     Writing data to file  /home/ubuntu/projects/Graphene-Band-Structure-Quantum-Espresso/outputs/field_0/coupled/data/ldos.pp.dat570

     Calling punch_plot, plot_num =   3

     Energy =  -2.82210 eV, broadening =   0.01000eV
     Writing data to file  /home/ubuntu/projects/Graphene-Band-Structure-Quantum-Espresso/outputs/field_0/coupled/data/ldos.pp.dat571

     Calling punch_plot, plot_num =   3

     Energy =  -2.80210 eV, broadening =   0.01000eV
     Writing data to file  /home/ubuntu/projects/Graphene-Band-Structure-Quantum-Espresso/outputs/field_0/coupled/data/ldos.pp.dat572

     Calling punch_plot, plot_num =   3

     Energy =  -2.78210 eV, broadening =   0.01000eV
     Writing data to file  /home/ubuntu/projects/Graphene-Band-Structure-Quantum-Espresso/outputs/field_0/coupled/data/ldos.pp.dat573

     Calling punch_plot, plot_num =   3

     Energy =  -2.76210 eV, broadening =   0.01000eV
     Writing data to file  /home/ubuntu/projects/Graphene-Band-Structure-Quantum-Espresso/outputs/field_0/coupled/data/ldos.pp.dat574

     Calling punch_plot, plot_num =   3

     Energy =  -2.74210 eV, broadening =   0.01000eV
     Writing data to file  /home/ubuntu/projects/Graphene-Band-Structure-Quantum-Espresso/outputs/field_0/coupled/data/ldos.pp.dat575

     Calling punch_plot, plot_num =   3

     Energy =  -2.72210 eV, broadening =   0.01000eV
     Writing data to file  /home/ubuntu/projects/Graphene-Band-Structure-Quantum-Espresso/outputs/field_0/coupled/data/ldos.pp.dat576

     Calling punch_plot, plot_num =   3

     Energy =  -2.70210 eV, broadening =   0.01000eV
     Writing data to file  /home/ubuntu/projects/Graphene-Band-Structure-Quantum-Espresso/outputs/field_0/coupled/data/ldos.pp.dat577

     Calling punch_plot, plot_num =   3

     Energy =  -2.68210 eV, broadening =   0.01000eV
     Writing data to file  /home/ubuntu/projects/Graphene-Band-Structure-Quantum-Espresso/outputs/field_0/coupled/data/ldos.pp.dat578

     Calling punch_plot, plot_num =   3

     Energy =  -2.66210 eV, broadening =   0.01000eV
     Writing data to file  /home/ubuntu/projects/Graphene-Band-Structure-Quantum-Espresso/outputs/field_0/coupled/data/ldos.pp.dat579

     Calling punch_plot, plot_num =   3

     Energy =  -2.64210 eV, broadening =   0.01000eV
     Writing data to file  /home/ubuntu/projects/Graphene-Band-Structure-Quantum-Espresso/outputs/field_0/coupled/data/ldos.pp.dat580

     Calling punch_plot, plot_num =   3

     Energy =  -2.62210 eV, broadening =   0.01000eV
     Writing data to file  /home/ubuntu/projects/Graphene-Band-Structure-Quantum-Espresso/outputs/field_0/coupled/data/ldos.pp.dat581

     Calling punch_plot, plot_num =   3

     Energy =  -2.60210 eV, broadening =   0.01000eV
     Writing data to file  /home/ubuntu/projects/Graphene-Band-Structure-Quantum-Espresso/outputs/field_0/coupled/data/ldos.pp.dat582

     Calling punch_plot, plot_num =   3

     Energy =  -2.58210 eV, broadening =   0.01000eV
     Writing data to file  /home/ubuntu/projects/Graphene-Band-Structure-Quantum-Espresso/outputs/field_0/coupled/data/ldos.pp.dat583

     Calling punch_plot, plot_num =   3

     Energy =  -2.56210 eV, broadening =   0.01000eV
     Writing data to file  /home/ubuntu/projects/Graphene-Band-Structure-Quantum-Espresso/outputs/field_0/coupled/data/ldos.pp.dat584

     Calling punch_plot, plot_num =   3

     Energy =  -2.54210 eV, broadening =   0.01000eV
     Writing data to file  /home/ubuntu/projects/Graphene-Band-Structure-Quantum-Espresso/outputs/field_0/coupled/data/ldos.pp.dat585

     Calling punch_plot, plot_num =   3

     Energy =  -2.52210 eV, broadening =   0.01000eV
     Writing data to file  /home/ubuntu/projects/Graphene-Band-Structure-Quantum-Espresso/outputs/field_0/coupled/data/ldos.pp.dat586

     Calling punch_plot, plot_num =   3

     Energy =  -2.50210 eV, broadening =   0.01000eV
     Writing data to file  /home/ubuntu/projects/Graphene-Band-Structure-Quantum-Espresso/outputs/field_0/coupled/data/ldos.pp.dat587

     Calling punch_plot, plot_num =   3

     Energy =  -2.48210 eV, broadening =   0.01000eV
     Writing data to file  /home/ubuntu/projects/Graphene-Band-Structure-Quantum-Espresso/outputs/field_0/coupled/data/ldos.pp.dat588

     Calling punch_plot, plot_num =   3

     Energy =  -2.46210 eV, broadening =   0.01000eV
     Writing data to file  /home/ubuntu/projects/Graphene-Band-Structure-Quantum-Espresso/outputs/field_0/coupled/data/ldos.pp.dat589

     Calling punch_plot, plot_num =   3

     Energy =  -2.44210 eV, broadening =   0.01000eV
     Writing data to file  /home/ubuntu/projects/Graphene-Band-Structure-Quantum-Espresso/outputs/field_0/coupled/data/ldos.pp.dat590

     Calling punch_plot, plot_num =   3

     Energy =  -2.42210 eV, broadening =   0.01000eV
     Writing data to file  /home/ubuntu/projects/Graphene-Band-Structure-Quantum-Espresso/outputs/field_0/coupled/data/ldos.pp.dat591

     Calling punch_plot, plot_num =   3

     Energy =  -2.40210 eV, broadening =   0.01000eV
     Writing data to file  /home/ubuntu/projects/Graphene-Band-Structure-Quantum-Espresso/outputs/field_0/coupled/data/ldos.pp.dat592

     Calling punch_plot, plot_num =   3

     Energy =  -2.38210 eV, broadening =   0.01000eV
     Writing data to file  /home/ubuntu/projects/Graphene-Band-Structure-Quantum-Espresso/outputs/field_0/coupled/data/ldos.pp.dat593

     Calling punch_plot, plot_num =   3

     Energy =  -2.36210 eV, broadening =   0.01000eV
     Writing data to file  /home/ubuntu/projects/Graphene-Band-Structure-Quantum-Espresso/outputs/field_0/coupled/data/ldos.pp.dat594

     Calling punch_plot, plot_num =   3

     Energy =  -2.34210 eV, broadening =   0.01000eV
     Writing data to file  /home/ubuntu/projects/Graphene-Band-Structure-Quantum-Espresso/outputs/field_0/coupled/data/ldos.pp.dat595

     Calling punch_plot, plot_num =   3

     Energy =  -2.32210 eV, broadening =   0.01000eV
     Writing data to file  /home/ubuntu/projects/Graphene-Band-Structure-Quantum-Espresso/outputs/field_0/coupled/data/ldos.pp.dat596

     Calling punch_plot, plot_num =   3

     Energy =  -2.30210 eV, broadening =   0.01000eV
     Writing data to file  /home/ubuntu/projects/Graphene-Band-Structure-Quantum-Espresso/outputs/field_0/coupled/data/ldos.pp.dat597

     Calling punch_plot, plot_num =   3

     Energy =  -2.28210 eV, broadening =   0.01000eV
     Writing data to file  /home/ubuntu/projects/Graphene-Band-Structure-Quantum-Espresso/outputs/field_0/coupled/data/ldos.pp.dat598

     Calling punch_plot, plot_num =   3

     Energy =  -2.26210 eV, broadening =   0.01000eV
     Writing data to file  /home/ubuntu/projects/Graphene-Band-Structure-Quantum-Espresso/outputs/field_0/coupled/data/ldos.pp.dat599

     Calling punch_plot, plot_num =   3

     Energy =  -2.24210 eV, broadening =   0.01000eV
     Writing data to file  /home/ubuntu/projects/Graphene-Band-Structure-Quantum-Espresso/outputs/field_0/coupled/data/ldos.pp.dat600

     Calling punch_plot, plot_num =   3

     Energy =  -2.22210 eV, broadening =   0.01000eV
     Writing data to file  /home/ubuntu/projects/Graphene-Band-Structure-Quantum-Espresso/outputs/field_0/coupled/data/ldos.pp.dat601

     Calling punch_plot, plot_num =   3

     Energy =  -2.20210 eV, broadening =   0.01000eV
     Writing data to file  /home/ubuntu/projects/Graphene-Band-Structure-Quantum-Espresso/outputs/field_0/coupled/data/ldos.pp.dat602

     Calling punch_plot, plot_num =   3

     Energy =  -2.18210 eV, broadening =   0.01000eV
     Writing data to file  /home/ubuntu/projects/Graphene-Band-Structure-Quantum-Espresso/outputs/field_0/coupled/data/ldos.pp.dat603

     Calling punch_plot, plot_num =   3

     Energy =  -2.16210 eV, broadening =   0.01000eV
     Writing data to file  /home/ubuntu/projects/Graphene-Band-Structure-Quantum-Espresso/outputs/field_0/coupled/data/ldos.pp.dat604

     Calling punch_plot, plot_num =   3

     Energy =  -2.14210 eV, broadening =   0.01000eV
     Writing data to file  /home/ubuntu/projects/Graphene-Band-Structure-Quantum-Espresso/outputs/field_0/coupled/data/ldos.pp.dat605

     Calling punch_plot, plot_num =   3

     Energy =  -2.12210 eV, broadening =   0.01000eV
     Writing data to file  /home/ubuntu/projects/Graphene-Band-Structure-Quantum-Espresso/outputs/field_0/coupled/data/ldos.pp.dat606

     Calling punch_plot, plot_num =   3

     Energy =  -2.10210 eV, broadening =   0.01000eV
     Writing data to file  /home/ubuntu/projects/Graphene-Band-Structure-Quantum-Espresso/outputs/field_0/coupled/data/ldos.pp.dat607

     Calling punch_plot, plot_num =   3

     Energy =  -2.08210 eV, broadening =   0.01000eV
     Writing data to file  /home/ubuntu/projects/Graphene-Band-Structure-Quantum-Espresso/outputs/field_0/coupled/data/ldos.pp.dat608

     Calling punch_plot, plot_num =   3

     Energy =  -2.06210 eV, broadening =   0.01000eV
     Writing data to file  /home/ubuntu/projects/Graphene-Band-Structure-Quantum-Espresso/outputs/field_0/coupled/data/ldos.pp.dat609

     Calling punch_plot, plot_num =   3

     Energy =  -2.04210 eV, broadening =   0.01000eV
     Writing data to file  /home/ubuntu/projects/Graphene-Band-Structure-Quantum-Espresso/outputs/field_0/coupled/data/ldos.pp.dat610

     Calling punch_plot, plot_num =   3

     Energy =  -2.02210 eV, broadening =   0.01000eV
     Writing data to file  /home/ubuntu/projects/Graphene-Band-Structure-Quantum-Espresso/outputs/field_0/coupled/data/ldos.pp.dat611

     Calling punch_plot, plot_num =   3

     Energy =  -2.00210 eV, broadening =   0.01000eV
     Writing data to file  /home/ubuntu/projects/Graphene-Band-Structure-Quantum-Espresso/outputs/field_0/coupled/data/ldos.pp.dat612

     Calling punch_plot, plot_num =   3

     Energy =  -1.98210 eV, broadening =   0.01000eV
     Writing data to file  /home/ubuntu/projects/Graphene-Band-Structure-Quantum-Espresso/outputs/field_0/coupled/data/ldos.pp.dat613

     Calling punch_plot, plot_num =   3

     Energy =  -1.96210 eV, broadening =   0.01000eV
     Writing data to file  /home/ubuntu/projects/Graphene-Band-Structure-Quantum-Espresso/outputs/field_0/coupled/data/ldos.pp.dat614

     Calling punch_plot, plot_num =   3

     Energy =  -1.94210 eV, broadening =   0.01000eV
     Writing data to file  /home/ubuntu/projects/Graphene-Band-Structure-Quantum-Espresso/outputs/field_0/coupled/data/ldos.pp.dat615

     Calling punch_plot, plot_num =   3

     Energy =  -1.92210 eV, broadening =   0.01000eV
     Writing data to file  /home/ubuntu/projects/Graphene-Band-Structure-Quantum-Espresso/outputs/field_0/coupled/data/ldos.pp.dat616

     Calling punch_plot, plot_num =   3

     Energy =  -1.90210 eV, broadening =   0.01000eV
     Writing data to file  /home/ubuntu/projects/Graphene-Band-Structure-Quantum-Espresso/outputs/field_0/coupled/data/ldos.pp.dat617

     Calling punch_plot, plot_num =   3

     Energy =  -1.88210 eV, broadening =   0.01000eV
     Writing data to file  /home/ubuntu/projects/Graphene-Band-Structure-Quantum-Espresso/outputs/field_0/coupled/data/ldos.pp.dat618

     Calling punch_plot, plot_num =   3

     Energy =  -1.86210 eV, broadening =   0.01000eV
     Writing data to file  /home/ubuntu/projects/Graphene-Band-Structure-Quantum-Espresso/outputs/field_0/coupled/data/ldos.pp.dat619

     Calling punch_plot, plot_num =   3

     Energy =  -1.84210 eV, broadening =   0.01000eV
     Writing data to file  /home/ubuntu/projects/Graphene-Band-Structure-Quantum-Espresso/outputs/field_0/coupled/data/ldos.pp.dat620

     Calling punch_plot, plot_num =   3

     Energy =  -1.82210 eV, broadening =   0.01000eV
     Writing data to file  /home/ubuntu/projects/Graphene-Band-Structure-Quantum-Espresso/outputs/field_0/coupled/data/ldos.pp.dat621

     Calling punch_plot, plot_num =   3

     Energy =  -1.80210 eV, broadening =   0.01000eV
     Writing data to file  /home/ubuntu/projects/Graphene-Band-Structure-Quantum-Espresso/outputs/field_0/coupled/data/ldos.pp.dat622

     Calling punch_plot, plot_num =   3

     Energy =  -1.78210 eV, broadening =   0.01000eV
     Writing data to file  /home/ubuntu/projects/Graphene-Band-Structure-Quantum-Espresso/outputs/field_0/coupled/data/ldos.pp.dat623

     Calling punch_plot, plot_num =   3

     Energy =  -1.76210 eV, broadening =   0.01000eV
     Writing data to file  /home/ubuntu/projects/Graphene-Band-Structure-Quantum-Espresso/outputs/field_0/coupled/data/ldos.pp.dat624

     Calling punch_plot, plot_num =   3

     Energy =  -1.74210 eV, broadening =   0.01000eV
     Writing data to file  /home/ubuntu/projects/Graphene-Band-Structure-Quantum-Espresso/outputs/field_0/coupled/data/ldos.pp.dat625

     Calling punch_plot, plot_num =   3

     Energy =  -1.72210 eV, broadening =   0.01000eV
     Writing data to file  /home/ubuntu/projects/Graphene-Band-Structure-Quantum-Espresso/outputs/field_0/coupled/data/ldos.pp.dat626

     Calling punch_plot, plot_num =   3

     Energy =  -1.70210 eV, broadening =   0.01000eV
     Writing data to file  /home/ubuntu/projects/Graphene-Band-Structure-Quantum-Espresso/outputs/field_0/coupled/data/ldos.pp.dat627

     Calling punch_plot, plot_num =   3

     Energy =  -1.68210 eV, broadening =   0.01000eV
     Writing data to file  /home/ubuntu/projects/Graphene-Band-Structure-Quantum-Espresso/outputs/field_0/coupled/data/ldos.pp.dat628

     Calling punch_plot, plot_num =   3

     Energy =  -1.66210 eV, broadening =   0.01000eV
     Writing data to file  /home/ubuntu/projects/Graphene-Band-Structure-Quantum-Espresso/outputs/field_0/coupled/data/ldos.pp.dat629

     Calling punch_plot, plot_num =   3

     Energy =  -1.64210 eV, broadening =   0.01000eV
     Writing data to file  /home/ubuntu/projects/Graphene-Band-Structure-Quantum-Espresso/outputs/field_0/coupled/data/ldos.pp.dat630

     Calling punch_plot, plot_num =   3

     Energy =  -1.62210 eV, broadening =   0.01000eV
     Writing data to file  /home/ubuntu/projects/Graphene-Band-Structure-Quantum-Espresso/outputs/field_0/coupled/data/ldos.pp.dat631

     Calling punch_plot, plot_num =   3

     Energy =  -1.60210 eV, broadening =   0.01000eV
     Writing data to file  /home/ubuntu/projects/Graphene-Band-Structure-Quantum-Espresso/outputs/field_0/coupled/data/ldos.pp.dat632

     Calling punch_plot, plot_num =   3

     Energy =  -1.58210 eV, broadening =   0.01000eV
     Writing data to file  /home/ubuntu/projects/Graphene-Band-Structure-Quantum-Espresso/outputs/field_0/coupled/data/ldos.pp.dat633

     Calling punch_plot, plot_num =   3

     Energy =  -1.56210 eV, broadening =   0.01000eV
     Writing data to file  /home/ubuntu/projects/Graphene-Band-Structure-Quantum-Espresso/outputs/field_0/coupled/data/ldos.pp.dat634

     Calling punch_plot, plot_num =   3

     Energy =  -1.54210 eV, broadening =   0.01000eV
     Writing data to file  /home/ubuntu/projects/Graphene-Band-Structure-Quantum-Espresso/outputs/field_0/coupled/data/ldos.pp.dat635

     Calling punch_plot, plot_num =   3

     Energy =  -1.52210 eV, broadening =   0.01000eV
     Writing data to file  /home/ubuntu/projects/Graphene-Band-Structure-Quantum-Espresso/outputs/field_0/coupled/data/ldos.pp.dat636

     Calling punch_plot, plot_num =   3

     Energy =  -1.50210 eV, broadening =   0.01000eV
     Writing data to file  /home/ubuntu/projects/Graphene-Band-Structure-Quantum-Espresso/outputs/field_0/coupled/data/ldos.pp.dat637

     Calling punch_plot, plot_num =   3

     Energy =  -1.48210 eV, broadening =   0.01000eV
     Writing data to file  /home/ubuntu/projects/Graphene-Band-Structure-Quantum-Espresso/outputs/field_0/coupled/data/ldos.pp.dat638

     Calling punch_plot, plot_num =   3

     Energy =  -1.46210 eV, broadening =   0.01000eV
     Writing data to file  /home/ubuntu/projects/Graphene-Band-Structure-Quantum-Espresso/outputs/field_0/coupled/data/ldos.pp.dat639

     Calling punch_plot, plot_num =   3

     Energy =  -1.44210 eV, broadening =   0.01000eV
     Writing data to file  /home/ubuntu/projects/Graphene-Band-Structure-Quantum-Espresso/outputs/field_0/coupled/data/ldos.pp.dat640

     Calling punch_plot, plot_num =   3

     Energy =  -1.42210 eV, broadening =   0.01000eV
     Writing data to file  /home/ubuntu/projects/Graphene-Band-Structure-Quantum-Espresso/outputs/field_0/coupled/data/ldos.pp.dat641

     Calling punch_plot, plot_num =   3

     Energy =  -1.40210 eV, broadening =   0.01000eV
     Writing data to file  /home/ubuntu/projects/Graphene-Band-Structure-Quantum-Espresso/outputs/field_0/coupled/data/ldos.pp.dat642

     Calling punch_plot, plot_num =   3

     Energy =  -1.38210 eV, broadening =   0.01000eV
     Writing data to file  /home/ubuntu/projects/Graphene-Band-Structure-Quantum-Espresso/outputs/field_0/coupled/data/ldos.pp.dat643

     Calling punch_plot, plot_num =   3

     Energy =  -1.36210 eV, broadening =   0.01000eV
     Writing data to file  /home/ubuntu/projects/Graphene-Band-Structure-Quantum-Espresso/outputs/field_0/coupled/data/ldos.pp.dat644

     Calling punch_plot, plot_num =   3

     Energy =  -1.34210 eV, broadening =   0.01000eV
     Writing data to file  /home/ubuntu/projects/Graphene-Band-Structure-Quantum-Espresso/outputs/field_0/coupled/data/ldos.pp.dat645

     Calling punch_plot, plot_num =   3

     Energy =  -1.32210 eV, broadening =   0.01000eV
     Writing data to file  /home/ubuntu/projects/Graphene-Band-Structure-Quantum-Espresso/outputs/field_0/coupled/data/ldos.pp.dat646

     Calling punch_plot, plot_num =   3

     Energy =  -1.30210 eV, broadening =   0.01000eV
     Writing data to file  /home/ubuntu/projects/Graphene-Band-Structure-Quantum-Espresso/outputs/field_0/coupled/data/ldos.pp.dat647

     Calling punch_plot, plot_num =   3

     Energy =  -1.28210 eV, broadening =   0.01000eV
     Writing data to file  /home/ubuntu/projects/Graphene-Band-Structure-Quantum-Espresso/outputs/field_0/coupled/data/ldos.pp.dat648

     Calling punch_plot, plot_num =   3

     Energy =  -1.26210 eV, broadening =   0.01000eV
     Writing data to file  /home/ubuntu/projects/Graphene-Band-Structure-Quantum-Espresso/outputs/field_0/coupled/data/ldos.pp.dat649

     Calling punch_plot, plot_num =   3

     Energy =  -1.24210 eV, broadening =   0.01000eV
     Writing data to file  /home/ubuntu/projects/Graphene-Band-Structure-Quantum-Espresso/outputs/field_0/coupled/data/ldos.pp.dat650

     Calling punch_plot, plot_num =   3

     Energy =  -1.22210 eV, broadening =   0.01000eV
     Writing data to file  /home/ubuntu/projects/Graphene-Band-Structure-Quantum-Espresso/outputs/field_0/coupled/data/ldos.pp.dat651

     Calling punch_plot, plot_num =   3

     Energy =  -1.20210 eV, broadening =   0.01000eV
     Writing data to file  /home/ubuntu/projects/Graphene-Band-Structure-Quantum-Espresso/outputs/field_0/coupled/data/ldos.pp.dat652

     Calling punch_plot, plot_num =   3

     Energy =  -1.18210 eV, broadening =   0.01000eV
     Writing data to file  /home/ubuntu/projects/Graphene-Band-Structure-Quantum-Espresso/outputs/field_0/coupled/data/ldos.pp.dat653

     Calling punch_plot, plot_num =   3

     Energy =  -1.16210 eV, broadening =   0.01000eV
     Writing data to file  /home/ubuntu/projects/Graphene-Band-Structure-Quantum-Espresso/outputs/field_0/coupled/data/ldos.pp.dat654

     Calling punch_plot, plot_num =   3

     Energy =  -1.14210 eV, broadening =   0.01000eV
     Writing data to file  /home/ubuntu/projects/Graphene-Band-Structure-Quantum-Espresso/outputs/field_0/coupled/data/ldos.pp.dat655

     Calling punch_plot, plot_num =   3

     Energy =  -1.12210 eV, broadening =   0.01000eV
     Writing data to file  /home/ubuntu/projects/Graphene-Band-Structure-Quantum-Espresso/outputs/field_0/coupled/data/ldos.pp.dat656

     Calling punch_plot, plot_num =   3

     Energy =  -1.10210 eV, broadening =   0.01000eV
     Writing data to file  /home/ubuntu/projects/Graphene-Band-Structure-Quantum-Espresso/outputs/field_0/coupled/data/ldos.pp.dat657

     Calling punch_plot, plot_num =   3

     Energy =  -1.08210 eV, broadening =   0.01000eV
     Writing data to file  /home/ubuntu/projects/Graphene-Band-Structure-Quantum-Espresso/outputs/field_0/coupled/data/ldos.pp.dat658

     Calling punch_plot, plot_num =   3

     Energy =  -1.06210 eV, broadening =   0.01000eV
     Writing data to file  /home/ubuntu/projects/Graphene-Band-Structure-Quantum-Espresso/outputs/field_0/coupled/data/ldos.pp.dat659

     Calling punch_plot, plot_num =   3

     Energy =  -1.04210 eV, broadening =   0.01000eV
     Writing data to file  /home/ubuntu/projects/Graphene-Band-Structure-Quantum-Espresso/outputs/field_0/coupled/data/ldos.pp.dat660

     Calling punch_plot, plot_num =   3

     Energy =  -1.02210 eV, broadening =   0.01000eV
     Writing data to file  /home/ubuntu/projects/Graphene-Band-Structure-Quantum-Espresso/outputs/field_0/coupled/data/ldos.pp.dat661

     Calling punch_plot, plot_num =   3

     Energy =  -1.00210 eV, broadening =   0.01000eV
     Writing data to file  /home/ubuntu/projects/Graphene-Band-Structure-Quantum-Espresso/outputs/field_0/coupled/data/ldos.pp.dat662

     Calling punch_plot, plot_num =   3

     Energy =  -0.98210 eV, broadening =   0.01000eV
     Writing data to file  /home/ubuntu/projects/Graphene-Band-Structure-Quantum-Espresso/outputs/field_0/coupled/data/ldos.pp.dat663

     Calling punch_plot, plot_num =   3

     Energy =  -0.96210 eV, broadening =   0.01000eV
     Writing data to file  /home/ubuntu/projects/Graphene-Band-Structure-Quantum-Espresso/outputs/field_0/coupled/data/ldos.pp.dat664

     Calling punch_plot, plot_num =   3

     Energy =  -0.94210 eV, broadening =   0.01000eV
     Writing data to file  /home/ubuntu/projects/Graphene-Band-Structure-Quantum-Espresso/outputs/field_0/coupled/data/ldos.pp.dat665

     Calling punch_plot, plot_num =   3

     Energy =  -0.92210 eV, broadening =   0.01000eV
     Writing data to file  /home/ubuntu/projects/Graphene-Band-Structure-Quantum-Espresso/outputs/field_0/coupled/data/ldos.pp.dat666

     Calling punch_plot, plot_num =   3

     Energy =  -0.90210 eV, broadening =   0.01000eV
     Writing data to file  /home/ubuntu/projects/Graphene-Band-Structure-Quantum-Espresso/outputs/field_0/coupled/data/ldos.pp.dat667

     Calling punch_plot, plot_num =   3

     Energy =  -0.88210 eV, broadening =   0.01000eV
     Writing data to file  /home/ubuntu/projects/Graphene-Band-Structure-Quantum-Espresso/outputs/field_0/coupled/data/ldos.pp.dat668

     Calling punch_plot, plot_num =   3

     Energy =  -0.86210 eV, broadening =   0.01000eV
     Writing data to file  /home/ubuntu/projects/Graphene-Band-Structure-Quantum-Espresso/outputs/field_0/coupled/data/ldos.pp.dat669

     Calling punch_plot, plot_num =   3

     Energy =  -0.84210 eV, broadening =   0.01000eV
     Writing data to file  /home/ubuntu/projects/Graphene-Band-Structure-Quantum-Espresso/outputs/field_0/coupled/data/ldos.pp.dat670

     Calling punch_plot, plot_num =   3

     Energy =  -0.82210 eV, broadening =   0.01000eV
     Writing data to file  /home/ubuntu/projects/Graphene-Band-Structure-Quantum-Espresso/outputs/field_0/coupled/data/ldos.pp.dat671

     Calling punch_plot, plot_num =   3

     Energy =  -0.80210 eV, broadening =   0.01000eV
     Writing data to file  /home/ubuntu/projects/Graphene-Band-Structure-Quantum-Espresso/outputs/field_0/coupled/data/ldos.pp.dat672

     Calling punch_plot, plot_num =   3

     Energy =  -0.78210 eV, broadening =   0.01000eV
     Writing data to file  /home/ubuntu/projects/Graphene-Band-Structure-Quantum-Espresso/outputs/field_0/coupled/data/ldos.pp.dat673

     Calling punch_plot, plot_num =   3

     Energy =  -0.76210 eV, broadening =   0.01000eV
     Writing data to file  /home/ubuntu/projects/Graphene-Band-Structure-Quantum-Espresso/outputs/field_0/coupled/data/ldos.pp.dat674

     Calling punch_plot, plot_num =   3

     Energy =  -0.74210 eV, broadening =   0.01000eV
     Writing data to file  /home/ubuntu/projects/Graphene-Band-Structure-Quantum-Espresso/outputs/field_0/coupled/data/ldos.pp.dat675

     Calling punch_plot, plot_num =   3

     Energy =  -0.72210 eV, broadening =   0.01000eV
     Writing data to file  /home/ubuntu/projects/Graphene-Band-Structure-Quantum-Espresso/outputs/field_0/coupled/data/ldos.pp.dat676

     Calling punch_plot, plot_num =   3

     Energy =  -0.70210 eV, broadening =   0.01000eV
     Writing data to file  /home/ubuntu/projects/Graphene-Band-Structure-Quantum-Espresso/outputs/field_0/coupled/data/ldos.pp.dat677

     Calling punch_plot, plot_num =   3

     Energy =  -0.68210 eV, broadening =   0.01000eV
     Writing data to file  /home/ubuntu/projects/Graphene-Band-Structure-Quantum-Espresso/outputs/field_0/coupled/data/ldos.pp.dat678

     Calling punch_plot, plot_num =   3

     Energy =  -0.66210 eV, broadening =   0.01000eV
     Writing data to file  /home/ubuntu/projects/Graphene-Band-Structure-Quantum-Espresso/outputs/field_0/coupled/data/ldos.pp.dat679

     Calling punch_plot, plot_num =   3

     Energy =  -0.64210 eV, broadening =   0.01000eV
     Writing data to file  /home/ubuntu/projects/Graphene-Band-Structure-Quantum-Espresso/outputs/field_0/coupled/data/ldos.pp.dat680

     Calling punch_plot, plot_num =   3

     Energy =  -0.62210 eV, broadening =   0.01000eV
     Writing data to file  /home/ubuntu/projects/Graphene-Band-Structure-Quantum-Espresso/outputs/field_0/coupled/data/ldos.pp.dat681

     Calling punch_plot, plot_num =   3

     Energy =  -0.60210 eV, broadening =   0.01000eV
     Writing data to file  /home/ubuntu/projects/Graphene-Band-Structure-Quantum-Espresso/outputs/field_0/coupled/data/ldos.pp.dat682

     Calling punch_plot, plot_num =   3

     Energy =  -0.58210 eV, broadening =   0.01000eV
     Writing data to file  /home/ubuntu/projects/Graphene-Band-Structure-Quantum-Espresso/outputs/field_0/coupled/data/ldos.pp.dat683

     Calling punch_plot, plot_num =   3

     Energy =  -0.56210 eV, broadening =   0.01000eV
     Writing data to file  /home/ubuntu/projects/Graphene-Band-Structure-Quantum-Espresso/outputs/field_0/coupled/data/ldos.pp.dat684

     Calling punch_plot, plot_num =   3

     Energy =  -0.54210 eV, broadening =   0.01000eV
     Writing data to file  /home/ubuntu/projects/Graphene-Band-Structure-Quantum-Espresso/outputs/field_0/coupled/data/ldos.pp.dat685

     Calling punch_plot, plot_num =   3

     Energy =  -0.52210 eV, broadening =   0.01000eV
     Writing data to file  /home/ubuntu/projects/Graphene-Band-Structure-Quantum-Espresso/outputs/field_0/coupled/data/ldos.pp.dat686

     Calling punch_plot, plot_num =   3

     Energy =  -0.50210 eV, broadening =   0.01000eV
     Writing data to file  /home/ubuntu/projects/Graphene-Band-Structure-Quantum-Espresso/outputs/field_0/coupled/data/ldos.pp.dat687

     Calling punch_plot, plot_num =   3

     Energy =  -0.48210 eV, broadening =   0.01000eV
     Writing data to file  /home/ubuntu/projects/Graphene-Band-Structure-Quantum-Espresso/outputs/field_0/coupled/data/ldos.pp.dat688

     Calling punch_plot, plot_num =   3

     Energy =  -0.46210 eV, broadening =   0.01000eV
     Writing data to file  /home/ubuntu/projects/Graphene-Band-Structure-Quantum-Espresso/outputs/field_0/coupled/data/ldos.pp.dat689

     Calling punch_plot, plot_num =   3

     Energy =  -0.44210 eV, broadening =   0.01000eV
     Writing data to file  /home/ubuntu/projects/Graphene-Band-Structure-Quantum-Espresso/outputs/field_0/coupled/data/ldos.pp.dat690

     Calling punch_plot, plot_num =   3

     Energy =  -0.42210 eV, broadening =   0.01000eV
     Writing data to file  /home/ubuntu/projects/Graphene-Band-Structure-Quantum-Espresso/outputs/field_0/coupled/data/ldos.pp.dat691

     Calling punch_plot, plot_num =   3

     Energy =  -0.40210 eV, broadening =   0.01000eV
     Writing data to file  /home/ubuntu/projects/Graphene-Band-Structure-Quantum-Espresso/outputs/field_0/coupled/data/ldos.pp.dat692

     Calling punch_plot, plot_num =   3

     Energy =  -0.38210 eV, broadening =   0.01000eV
     Writing data to file  /home/ubuntu/projects/Graphene-Band-Structure-Quantum-Espresso/outputs/field_0/coupled/data/ldos.pp.dat693

     Calling punch_plot, plot_num =   3

     Energy =  -0.36210 eV, broadening =   0.01000eV
     Writing data to file  /home/ubuntu/projects/Graphene-Band-Structure-Quantum-Espresso/outputs/field_0/coupled/data/ldos.pp.dat694

     Calling punch_plot, plot_num =   3

     Energy =  -0.34210 eV, broadening =   0.01000eV
     Writing data to file  /home/ubuntu/projects/Graphene-Band-Structure-Quantum-Espresso/outputs/field_0/coupled/data/ldos.pp.dat695

     Calling punch_plot, plot_num =   3

     Energy =  -0.32210 eV, broadening =   0.01000eV
     Writing data to file  /home/ubuntu/projects/Graphene-Band-Structure-Quantum-Espresso/outputs/field_0/coupled/data/ldos.pp.dat696

     Calling punch_plot, plot_num =   3

     Energy =  -0.30210 eV, broadening =   0.01000eV
     Writing data to file  /home/ubuntu/projects/Graphene-Band-Structure-Quantum-Espresso/outputs/field_0/coupled/data/ldos.pp.dat697

     Calling punch_plot, plot_num =   3

     Energy =  -0.28210 eV, broadening =   0.01000eV
     Writing data to file  /home/ubuntu/projects/Graphene-Band-Structure-Quantum-Espresso/outputs/field_0/coupled/data/ldos.pp.dat698

     Calling punch_plot, plot_num =   3

     Energy =  -0.26210 eV, broadening =   0.01000eV
     Writing data to file  /home/ubuntu/projects/Graphene-Band-Structure-Quantum-Espresso/outputs/field_0/coupled/data/ldos.pp.dat699

     Calling punch_plot, plot_num =   3

     Energy =  -0.24210 eV, broadening =   0.01000eV
     Writing data to file  /home/ubuntu/projects/Graphene-Band-Structure-Quantum-Espresso/outputs/field_0/coupled/data/ldos.pp.dat700

     Calling punch_plot, plot_num =   3

     Energy =  -0.22210 eV, broadening =   0.01000eV
     Writing data to file  /home/ubuntu/projects/Graphene-Band-Structure-Quantum-Espresso/outputs/field_0/coupled/data/ldos.pp.dat701

     Calling punch_plot, plot_num =   3

     Energy =  -0.20210 eV, broadening =   0.01000eV
     Writing data to file  /home/ubuntu/projects/Graphene-Band-Structure-Quantum-Espresso/outputs/field_0/coupled/data/ldos.pp.dat702

     Calling punch_plot, plot_num =   3

     Energy =  -0.18210 eV, broadening =   0.01000eV
     Writing data to file  /home/ubuntu/projects/Graphene-Band-Structure-Quantum-Espresso/outputs/field_0/coupled/data/ldos.pp.dat703

     Calling punch_plot, plot_num =   3

     Energy =  -0.16210 eV, broadening =   0.01000eV
     Writing data to file  /home/ubuntu/projects/Graphene-Band-Structure-Quantum-Espresso/outputs/field_0/coupled/data/ldos.pp.dat704

     Calling punch_plot, plot_num =   3

     Energy =  -0.14210 eV, broadening =   0.01000eV
     Writing data to file  /home/ubuntu/projects/Graphene-Band-Structure-Quantum-Espresso/outputs/field_0/coupled/data/ldos.pp.dat705

     Calling punch_plot, plot_num =   3

     Energy =  -0.12210 eV, broadening =   0.01000eV
     Writing data to file  /home/ubuntu/projects/Graphene-Band-Structure-Quantum-Espresso/outputs/field_0/coupled/data/ldos.pp.dat706

     Calling punch_plot, plot_num =   3

     Energy =  -0.10210 eV, broadening =   0.01000eV
     Writing data to file  /home/ubuntu/projects/Graphene-Band-Structure-Quantum-Espresso/outputs/field_0/coupled/data/ldos.pp.dat707

     Calling punch_plot, plot_num =   3

     Energy =  -0.08210 eV, broadening =   0.01000eV
     Writing data to file  /home/ubuntu/projects/Graphene-Band-Structure-Quantum-Espresso/outputs/field_0/coupled/data/ldos.pp.dat708

     Calling punch_plot, plot_num =   3

     Energy =  -0.06210 eV, broadening =   0.01000eV
     Writing data to file  /home/ubuntu/projects/Graphene-Band-Structure-Quantum-Espresso/outputs/field_0/coupled/data/ldos.pp.dat709

     Calling punch_plot, plot_num =   3

     Energy =  -0.04210 eV, broadening =   0.01000eV
     Writing data to file  /home/ubuntu/projects/Graphene-Band-Structure-Quantum-Espresso/outputs/field_0/coupled/data/ldos.pp.dat710

     Calling punch_plot, plot_num =   3

     Energy =  -0.02210 eV, broadening =   0.01000eV
     Writing data to file  /home/ubuntu/projects/Graphene-Band-Structure-Quantum-Espresso/outputs/field_0/coupled/data/ldos.pp.dat711

     Calling punch_plot, plot_num =   3

     Energy =  -0.00210 eV, broadening =   0.01000eV
     Writing data to file  /home/ubuntu/projects/Graphene-Band-Structure-Quantum-Espresso/outputs/field_0/coupled/data/ldos.pp.dat712

     Calling punch_plot, plot_num =   3

     Energy =   0.01790 eV, broadening =   0.01000eV
     Writing data to file  /home/ubuntu/projects/Graphene-Band-Structure-Quantum-Espresso/outputs/field_0/coupled/data/ldos.pp.dat713

     Calling punch_plot, plot_num =   3

     Energy =   0.03790 eV, broadening =   0.01000eV
     Writing data to file  /home/ubuntu/projects/Graphene-Band-Structure-Quantum-Espresso/outputs/field_0/coupled/data/ldos.pp.dat714

     Calling punch_plot, plot_num =   3

     Energy =   0.05790 eV, broadening =   0.01000eV
     Writing data to file  /home/ubuntu/projects/Graphene-Band-Structure-Quantum-Espresso/outputs/field_0/coupled/data/ldos.pp.dat715

     Calling punch_plot, plot_num =   3

     Energy =   0.07790 eV, broadening =   0.01000eV
     Writing data to file  /home/ubuntu/projects/Graphene-Band-Structure-Quantum-Espresso/outputs/field_0/coupled/data/ldos.pp.dat716

     Calling punch_plot, plot_num =   3

     Energy =   0.09790 eV, broadening =   0.01000eV
     Writing data to file  /home/ubuntu/projects/Graphene-Band-Structure-Quantum-Espresso/outputs/field_0/coupled/data/ldos.pp.dat717

     Calling punch_plot, plot_num =   3

     Energy =   0.11790 eV, broadening =   0.01000eV
     Writing data to file  /home/ubuntu/projects/Graphene-Band-Structure-Quantum-Espresso/outputs/field_0/coupled/data/ldos.pp.dat718

     Calling punch_plot, plot_num =   3

     Energy =   0.13790 eV, broadening =   0.01000eV
     Writing data to file  /home/ubuntu/projects/Graphene-Band-Structure-Quantum-Espresso/outputs/field_0/coupled/data/ldos.pp.dat719

     Calling punch_plot, plot_num =   3

     Energy =   0.15790 eV, broadening =   0.01000eV
     Writing data to file  /home/ubuntu/projects/Graphene-Band-Structure-Quantum-Espresso/outputs/field_0/coupled/data/ldos.pp.dat720

     Calling punch_plot, plot_num =   3

     Energy =   0.17790 eV, broadening =   0.01000eV
     Writing data to file  /home/ubuntu/projects/Graphene-Band-Structure-Quantum-Espresso/outputs/field_0/coupled/data/ldos.pp.dat721

     Calling punch_plot, plot_num =   3

     Energy =   0.19790 eV, broadening =   0.01000eV
     Writing data to file  /home/ubuntu/projects/Graphene-Band-Structure-Quantum-Espresso/outputs/field_0/coupled/data/ldos.pp.dat722

     Calling punch_plot, plot_num =   3

     Energy =   0.21790 eV, broadening =   0.01000eV
     Writing data to file  /home/ubuntu/projects/Graphene-Band-Structure-Quantum-Espresso/outputs/field_0/coupled/data/ldos.pp.dat723

     Calling punch_plot, plot_num =   3

     Energy =   0.23790 eV, broadening =   0.01000eV
     Writing data to file  /home/ubuntu/projects/Graphene-Band-Structure-Quantum-Espresso/outputs/field_0/coupled/data/ldos.pp.dat724

     Calling punch_plot, plot_num =   3

     Energy =   0.25790 eV, broadening =   0.01000eV
     Writing data to file  /home/ubuntu/projects/Graphene-Band-Structure-Quantum-Espresso/outputs/field_0/coupled/data/ldos.pp.dat725

     Calling punch_plot, plot_num =   3

     Energy =   0.27790 eV, broadening =   0.01000eV
     Writing data to file  /home/ubuntu/projects/Graphene-Band-Structure-Quantum-Espresso/outputs/field_0/coupled/data/ldos.pp.dat726

     Calling punch_plot, plot_num =   3

     Energy =   0.29790 eV, broadening =   0.01000eV
     Writing data to file  /home/ubuntu/projects/Graphene-Band-Structure-Quantum-Espresso/outputs/field_0/coupled/data/ldos.pp.dat727

     Calling punch_plot, plot_num =   3

     Energy =   0.31790 eV, broadening =   0.01000eV
     Writing data to file  /home/ubuntu/projects/Graphene-Band-Structure-Quantum-Espresso/outputs/field_0/coupled/data/ldos.pp.dat728

     Calling punch_plot, plot_num =   3

     Energy =   0.33790 eV, broadening =   0.01000eV
     Writing data to file  /home/ubuntu/projects/Graphene-Band-Structure-Quantum-Espresso/outputs/field_0/coupled/data/ldos.pp.dat729

     Calling punch_plot, plot_num =   3

     Energy =   0.35790 eV, broadening =   0.01000eV
     Writing data to file  /home/ubuntu/projects/Graphene-Band-Structure-Quantum-Espresso/outputs/field_0/coupled/data/ldos.pp.dat730

     Calling punch_plot, plot_num =   3

     Energy =   0.37790 eV, broadening =   0.01000eV
     Writing data to file  /home/ubuntu/projects/Graphene-Band-Structure-Quantum-Espresso/outputs/field_0/coupled/data/ldos.pp.dat731

     Calling punch_plot, plot_num =   3

     Energy =   0.39790 eV, broadening =   0.01000eV
     Writing data to file  /home/ubuntu/projects/Graphene-Band-Structure-Quantum-Espresso/outputs/field_0/coupled/data/ldos.pp.dat732

     Calling punch_plot, plot_num =   3

     Energy =   0.41790 eV, broadening =   0.01000eV
     Writing data to file  /home/ubuntu/projects/Graphene-Band-Structure-Quantum-Espresso/outputs/field_0/coupled/data/ldos.pp.dat733

     Calling punch_plot, plot_num =   3

     Energy =   0.43790 eV, broadening =   0.01000eV
     Writing data to file  /home/ubuntu/projects/Graphene-Band-Structure-Quantum-Espresso/outputs/field_0/coupled/data/ldos.pp.dat734

     Calling punch_plot, plot_num =   3

     Energy =   0.45790 eV, broadening =   0.01000eV
     Writing data to file  /home/ubuntu/projects/Graphene-Band-Structure-Quantum-Espresso/outputs/field_0/coupled/data/ldos.pp.dat735

     Calling punch_plot, plot_num =   3

     Energy =   0.47790 eV, broadening =   0.01000eV
     Writing data to file  /home/ubuntu/projects/Graphene-Band-Structure-Quantum-Espresso/outputs/field_0/coupled/data/ldos.pp.dat736

     Calling punch_plot, plot_num =   3

     Energy =   0.49790 eV, broadening =   0.01000eV
     Writing data to file  /home/ubuntu/projects/Graphene-Band-Structure-Quantum-Espresso/outputs/field_0/coupled/data/ldos.pp.dat737

     Calling punch_plot, plot_num =   3

     Energy =   0.51790 eV, broadening =   0.01000eV
     Writing data to file  /home/ubuntu/projects/Graphene-Band-Structure-Quantum-Espresso/outputs/field_0/coupled/data/ldos.pp.dat738

     Calling punch_plot, plot_num =   3

     Energy =   0.53790 eV, broadening =   0.01000eV
     Writing data to file  /home/ubuntu/projects/Graphene-Band-Structure-Quantum-Espresso/outputs/field_0/coupled/data/ldos.pp.dat739

     Calling punch_plot, plot_num =   3

     Energy =   0.55790 eV, broadening =   0.01000eV
     Writing data to file  /home/ubuntu/projects/Graphene-Band-Structure-Quantum-Espresso/outputs/field_0/coupled/data/ldos.pp.dat740

     Calling punch_plot, plot_num =   3

     Energy =   0.57790 eV, broadening =   0.01000eV
     Writing data to file  /home/ubuntu/projects/Graphene-Band-Structure-Quantum-Espresso/outputs/field_0/coupled/data/ldos.pp.dat741

     Calling punch_plot, plot_num =   3

     Energy =   0.59790 eV, broadening =   0.01000eV
     Writing data to file  /home/ubuntu/projects/Graphene-Band-Structure-Quantum-Espresso/outputs/field_0/coupled/data/ldos.pp.dat742

     Calling punch_plot, plot_num =   3

     Energy =   0.61790 eV, broadening =   0.01000eV
     Writing data to file  /home/ubuntu/projects/Graphene-Band-Structure-Quantum-Espresso/outputs/field_0/coupled/data/ldos.pp.dat743

     Calling punch_plot, plot_num =   3

     Energy =   0.63790 eV, broadening =   0.01000eV
     Writing data to file  /home/ubuntu/projects/Graphene-Band-Structure-Quantum-Espresso/outputs/field_0/coupled/data/ldos.pp.dat744

     Calling punch_plot, plot_num =   3

     Energy =   0.65790 eV, broadening =   0.01000eV
     Writing data to file  /home/ubuntu/projects/Graphene-Band-Structure-Quantum-Espresso/outputs/field_0/coupled/data/ldos.pp.dat745

     Calling punch_plot, plot_num =   3

     Energy =   0.67790 eV, broadening =   0.01000eV
     Writing data to file  /home/ubuntu/projects/Graphene-Band-Structure-Quantum-Espresso/outputs/field_0/coupled/data/ldos.pp.dat746

     Calling punch_plot, plot_num =   3

     Energy =   0.69790 eV, broadening =   0.01000eV
     Writing data to file  /home/ubuntu/projects/Graphene-Band-Structure-Quantum-Espresso/outputs/field_0/coupled/data/ldos.pp.dat747

     Calling punch_plot, plot_num =   3

     Energy =   0.71790 eV, broadening =   0.01000eV
     Writing data to file  /home/ubuntu/projects/Graphene-Band-Structure-Quantum-Espresso/outputs/field_0/coupled/data/ldos.pp.dat748

     Calling punch_plot, plot_num =   3

     Energy =   0.73790 eV, broadening =   0.01000eV
     Writing data to file  /home/ubuntu/projects/Graphene-Band-Structure-Quantum-Espresso/outputs/field_0/coupled/data/ldos.pp.dat749

     Calling punch_plot, plot_num =   3

     Energy =   0.75790 eV, broadening =   0.01000eV
     Writing data to file  /home/ubuntu/projects/Graphene-Band-Structure-Quantum-Espresso/outputs/field_0/coupled/data/ldos.pp.dat750

     Calling punch_plot, plot_num =   3

     Energy =   0.77790 eV, broadening =   0.01000eV
     Writing data to file  /home/ubuntu/projects/Graphene-Band-Structure-Quantum-Espresso/outputs/field_0/coupled/data/ldos.pp.dat751

     Calling punch_plot, plot_num =   3

     Energy =   0.79790 eV, broadening =   0.01000eV
     Writing data to file  /home/ubuntu/projects/Graphene-Band-Structure-Quantum-Espresso/outputs/field_0/coupled/data/ldos.pp.dat752

     Calling punch_plot, plot_num =   3

     Energy =   0.81790 eV, broadening =   0.01000eV
     Writing data to file  /home/ubuntu/projects/Graphene-Band-Structure-Quantum-Espresso/outputs/field_0/coupled/data/ldos.pp.dat753

     Calling punch_plot, plot_num =   3

     Energy =   0.83790 eV, broadening =   0.01000eV
     Writing data to file  /home/ubuntu/projects/Graphene-Band-Structure-Quantum-Espresso/outputs/field_0/coupled/data/ldos.pp.dat754

     Calling punch_plot, plot_num =   3

     Energy =   0.85790 eV, broadening =   0.01000eV
     Writing data to file  /home/ubuntu/projects/Graphene-Band-Structure-Quantum-Espresso/outputs/field_0/coupled/data/ldos.pp.dat755

     Calling punch_plot, plot_num =   3

     Energy =   0.87790 eV, broadening =   0.01000eV
     Writing data to file  /home/ubuntu/projects/Graphene-Band-Structure-Quantum-Espresso/outputs/field_0/coupled/data/ldos.pp.dat756

     Calling punch_plot, plot_num =   3

     Energy =   0.89790 eV, broadening =   0.01000eV
     Writing data to file  /home/ubuntu/projects/Graphene-Band-Structure-Quantum-Espresso/outputs/field_0/coupled/data/ldos.pp.dat757

     Calling punch_plot, plot_num =   3

     Energy =   0.91790 eV, broadening =   0.01000eV
     Writing data to file  /home/ubuntu/projects/Graphene-Band-Structure-Quantum-Espresso/outputs/field_0/coupled/data/ldos.pp.dat758

     Calling punch_plot, plot_num =   3

     Energy =   0.93790 eV, broadening =   0.01000eV
     Writing data to file  /home/ubuntu/projects/Graphene-Band-Structure-Quantum-Espresso/outputs/field_0/coupled/data/ldos.pp.dat759

     Calling punch_plot, plot_num =   3

     Energy =   0.95790 eV, broadening =   0.01000eV
     Writing data to file  /home/ubuntu/projects/Graphene-Band-Structure-Quantum-Espresso/outputs/field_0/coupled/data/ldos.pp.dat760

     Calling punch_plot, plot_num =   3

     Energy =   0.97790 eV, broadening =   0.01000eV
     Writing data to file  /home/ubuntu/projects/Graphene-Band-Structure-Quantum-Espresso/outputs/field_0/coupled/data/ldos.pp.dat761

     Calling punch_plot, plot_num =   3

     Energy =   0.99790 eV, broadening =   0.01000eV
     Writing data to file  /home/ubuntu/projects/Graphene-Band-Structure-Quantum-Espresso/outputs/field_0/coupled/data/ldos.pp.dat762

     Calling punch_plot, plot_num =   3

     Energy =   1.01790 eV, broadening =   0.01000eV
     Writing data to file  /home/ubuntu/projects/Graphene-Band-Structure-Quantum-Espresso/outputs/field_0/coupled/data/ldos.pp.dat763

     Calling punch_plot, plot_num =   3

     Energy =   1.03790 eV, broadening =   0.01000eV
     Writing data to file  /home/ubuntu/projects/Graphene-Band-Structure-Quantum-Espresso/outputs/field_0/coupled/data/ldos.pp.dat764

     Calling punch_plot, plot_num =   3

     Energy =   1.05790 eV, broadening =   0.01000eV
     Writing data to file  /home/ubuntu/projects/Graphene-Band-Structure-Quantum-Espresso/outputs/field_0/coupled/data/ldos.pp.dat765

     Calling punch_plot, plot_num =   3

     Energy =   1.07790 eV, broadening =   0.01000eV
     Writing data to file  /home/ubuntu/projects/Graphene-Band-Structure-Quantum-Espresso/outputs/field_0/coupled/data/ldos.pp.dat766

     Calling punch_plot, plot_num =   3

     Energy =   1.09790 eV, broadening =   0.01000eV
     Writing data to file  /home/ubuntu/projects/Graphene-Band-Structure-Quantum-Espresso/outputs/field_0/coupled/data/ldos.pp.dat767

     Calling punch_plot, plot_num =   3

     Energy =   1.11790 eV, broadening =   0.01000eV
     Writing data to file  /home/ubuntu/projects/Graphene-Band-Structure-Quantum-Espresso/outputs/field_0/coupled/data/ldos.pp.dat768

     Calling punch_plot, plot_num =   3

     Energy =   1.13790 eV, broadening =   0.01000eV
     Writing data to file  /home/ubuntu/projects/Graphene-Band-Structure-Quantum-Espresso/outputs/field_0/coupled/data/ldos.pp.dat769

     Calling punch_plot, plot_num =   3

     Energy =   1.15790 eV, broadening =   0.01000eV
     Writing data to file  /home/ubuntu/projects/Graphene-Band-Structure-Quantum-Espresso/outputs/field_0/coupled/data/ldos.pp.dat770

     Calling punch_plot, plot_num =   3

     Energy =   1.17790 eV, broadening =   0.01000eV
     Writing data to file  /home/ubuntu/projects/Graphene-Band-Structure-Quantum-Espresso/outputs/field_0/coupled/data/ldos.pp.dat771

     Calling punch_plot, plot_num =   3

     Energy =   1.19790 eV, broadening =   0.01000eV
     Writing data to file  /home/ubuntu/projects/Graphene-Band-Structure-Quantum-Espresso/outputs/field_0/coupled/data/ldos.pp.dat772

     Calling punch_plot, plot_num =   3

     Energy =   1.21790 eV, broadening =   0.01000eV
     Writing data to file  /home/ubuntu/projects/Graphene-Band-Structure-Quantum-Espresso/outputs/field_0/coupled/data/ldos.pp.dat773

     Calling punch_plot, plot_num =   3

     Energy =   1.23790 eV, broadening =   0.01000eV
     Writing data to file  /home/ubuntu/projects/Graphene-Band-Structure-Quantum-Espresso/outputs/field_0/coupled/data/ldos.pp.dat774

     Calling punch_plot, plot_num =   3

     Energy =   1.25790 eV, broadening =   0.01000eV
     Writing data to file  /home/ubuntu/projects/Graphene-Band-Structure-Quantum-Espresso/outputs/field_0/coupled/data/ldos.pp.dat775

     Calling punch_plot, plot_num =   3

     Energy =   1.27790 eV, broadening =   0.01000eV
     Writing data to file  /home/ubuntu/projects/Graphene-Band-Structure-Quantum-Espresso/outputs/field_0/coupled/data/ldos.pp.dat776

     Calling punch_plot, plot_num =   3

     Energy =   1.29790 eV, broadening =   0.01000eV
     Writing data to file  /home/ubuntu/projects/Graphene-Band-Structure-Quantum-Espresso/outputs/field_0/coupled/data/ldos.pp.dat777

     Calling punch_plot, plot_num =   3

     Energy =   1.31790 eV, broadening =   0.01000eV
     Writing data to file  /home/ubuntu/projects/Graphene-Band-Structure-Quantum-Espresso/outputs/field_0/coupled/data/ldos.pp.dat778

     Calling punch_plot, plot_num =   3

     Energy =   1.33790 eV, broadening =   0.01000eV
     Writing data to file  /home/ubuntu/projects/Graphene-Band-Structure-Quantum-Espresso/outputs/field_0/coupled/data/ldos.pp.dat779

     Calling punch_plot, plot_num =   3

     Energy =   1.35790 eV, broadening =   0.01000eV
     Writing data to file  /home/ubuntu/projects/Graphene-Band-Structure-Quantum-Espresso/outputs/field_0/coupled/data/ldos.pp.dat780

     Calling punch_plot, plot_num =   3

     Energy =   1.37790 eV, broadening =   0.01000eV
     Writing data to file  /home/ubuntu/projects/Graphene-Band-Structure-Quantum-Espresso/outputs/field_0/coupled/data/ldos.pp.dat781

     Calling punch_plot, plot_num =   3

     Energy =   1.39790 eV, broadening =   0.01000eV
     Writing data to file  /home/ubuntu/projects/Graphene-Band-Structure-Quantum-Espresso/outputs/field_0/coupled/data/ldos.pp.dat782

     Calling punch_plot, plot_num =   3

     Energy =   1.41790 eV, broadening =   0.01000eV
     Writing data to file  /home/ubuntu/projects/Graphene-Band-Structure-Quantum-Espresso/outputs/field_0/coupled/data/ldos.pp.dat783

     Calling punch_plot, plot_num =   3

     Energy =   1.43790 eV, broadening =   0.01000eV
     Writing data to file  /home/ubuntu/projects/Graphene-Band-Structure-Quantum-Espresso/outputs/field_0/coupled/data/ldos.pp.dat784

     Calling punch_plot, plot_num =   3

     Energy =   1.45790 eV, broadening =   0.01000eV
     Writing data to file  /home/ubuntu/projects/Graphene-Band-Structure-Quantum-Espresso/outputs/field_0/coupled/data/ldos.pp.dat785

     Calling punch_plot, plot_num =   3

     Energy =   1.47790 eV, broadening =   0.01000eV
     Writing data to file  /home/ubuntu/projects/Graphene-Band-Structure-Quantum-Espresso/outputs/field_0/coupled/data/ldos.pp.dat786

     Calling punch_plot, plot_num =   3

     Energy =   1.49790 eV, broadening =   0.01000eV
     Writing data to file  /home/ubuntu/projects/Graphene-Band-Structure-Quantum-Espresso/outputs/field_0/coupled/data/ldos.pp.dat787

     Calling punch_plot, plot_num =   3

     Energy =   1.51790 eV, broadening =   0.01000eV
     Writing data to file  /home/ubuntu/projects/Graphene-Band-Structure-Quantum-Espresso/outputs/field_0/coupled/data/ldos.pp.dat788

     Calling punch_plot, plot_num =   3

     Energy =   1.53790 eV, broadening =   0.01000eV
     Writing data to file  /home/ubuntu/projects/Graphene-Band-Structure-Quantum-Espresso/outputs/field_0/coupled/data/ldos.pp.dat789

     Calling punch_plot, plot_num =   3

     Energy =   1.55790 eV, broadening =   0.01000eV
     Writing data to file  /home/ubuntu/projects/Graphene-Band-Structure-Quantum-Espresso/outputs/field_0/coupled/data/ldos.pp.dat790

     Calling punch_plot, plot_num =   3

     Energy =   1.57790 eV, broadening =   0.01000eV
     Writing data to file  /home/ubuntu/projects/Graphene-Band-Structure-Quantum-Espresso/outputs/field_0/coupled/data/ldos.pp.dat791

     Calling punch_plot, plot_num =   3

     Energy =   1.59790 eV, broadening =   0.01000eV
     Writing data to file  /home/ubuntu/projects/Graphene-Band-Structure-Quantum-Espresso/outputs/field_0/coupled/data/ldos.pp.dat792

     Calling punch_plot, plot_num =   3

     Energy =   1.61790 eV, broadening =   0.01000eV
     Writing data to file  /home/ubuntu/projects/Graphene-Band-Structure-Quantum-Espresso/outputs/field_0/coupled/data/ldos.pp.dat793

     Calling punch_plot, plot_num =   3

     Energy =   1.63790 eV, broadening =   0.01000eV
     Writing data to file  /home/ubuntu/projects/Graphene-Band-Structure-Quantum-Espresso/outputs/field_0/coupled/data/ldos.pp.dat794

     Calling punch_plot, plot_num =   3

     Energy =   1.65790 eV, broadening =   0.01000eV
     Writing data to file  /home/ubuntu/projects/Graphene-Band-Structure-Quantum-Espresso/outputs/field_0/coupled/data/ldos.pp.dat795

     Calling punch_plot, plot_num =   3

     Energy =   1.67790 eV, broadening =   0.01000eV
     Writing data to file  /home/ubuntu/projects/Graphene-Band-Structure-Quantum-Espresso/outputs/field_0/coupled/data/ldos.pp.dat796

     Calling punch_plot, plot_num =   3

     Energy =   1.69790 eV, broadening =   0.01000eV
     Writing data to file  /home/ubuntu/projects/Graphene-Band-Structure-Quantum-Espresso/outputs/field_0/coupled/data/ldos.pp.dat797

     Calling punch_plot, plot_num =   3

     Energy =   1.71790 eV, broadening =   0.01000eV
     Writing data to file  /home/ubuntu/projects/Graphene-Band-Structure-Quantum-Espresso/outputs/field_0/coupled/data/ldos.pp.dat798

     Calling punch_plot, plot_num =   3

     Energy =   1.73790 eV, broadening =   0.01000eV
     Writing data to file  /home/ubuntu/projects/Graphene-Band-Structure-Quantum-Espresso/outputs/field_0/coupled/data/ldos.pp.dat799

     Calling punch_plot, plot_num =   3

     Energy =   1.75790 eV, broadening =   0.01000eV
     Writing data to file  /home/ubuntu/projects/Graphene-Band-Structure-Quantum-Espresso/outputs/field_0/coupled/data/ldos.pp.dat800

     Calling punch_plot, plot_num =   3

     Energy =   1.77790 eV, broadening =   0.01000eV
     Writing data to file  /home/ubuntu/projects/Graphene-Band-Structure-Quantum-Espresso/outputs/field_0/coupled/data/ldos.pp.dat801

     Calling punch_plot, plot_num =   3

     Energy =   1.79790 eV, broadening =   0.01000eV
     Writing data to file  /home/ubuntu/projects/Graphene-Band-Structure-Quantum-Espresso/outputs/field_0/coupled/data/ldos.pp.dat802

     Calling punch_plot, plot_num =   3

     Energy =   1.81790 eV, broadening =   0.01000eV
     Writing data to file  /home/ubuntu/projects/Graphene-Band-Structure-Quantum-Espresso/outputs/field_0/coupled/data/ldos.pp.dat803

     Calling punch_plot, plot_num =   3

     Energy =   1.83790 eV, broadening =   0.01000eV
     Writing data to file  /home/ubuntu/projects/Graphene-Band-Structure-Quantum-Espresso/outputs/field_0/coupled/data/ldos.pp.dat804

     Calling punch_plot, plot_num =   3

     Energy =   1.85790 eV, broadening =   0.01000eV
     Writing data to file  /home/ubuntu/projects/Graphene-Band-Structure-Quantum-Espresso/outputs/field_0/coupled/data/ldos.pp.dat805

     Calling punch_plot, plot_num =   3

     Energy =   1.87790 eV, broadening =   0.01000eV
     Writing data to file  /home/ubuntu/projects/Graphene-Band-Structure-Quantum-Espresso/outputs/field_0/coupled/data/ldos.pp.dat806

     Calling punch_plot, plot_num =   3

     Energy =   1.89790 eV, broadening =   0.01000eV
     Writing data to file  /home/ubuntu/projects/Graphene-Band-Structure-Quantum-Espresso/outputs/field_0/coupled/data/ldos.pp.dat807

     Calling punch_plot, plot_num =   3

     Energy =   1.91790 eV, broadening =   0.01000eV
     Writing data to file  /home/ubuntu/projects/Graphene-Band-Structure-Quantum-Espresso/outputs/field_0/coupled/data/ldos.pp.dat808

     Calling punch_plot, plot_num =   3

     Energy =   1.93790 eV, broadening =   0.01000eV
     Writing data to file  /home/ubuntu/projects/Graphene-Band-Structure-Quantum-Espresso/outputs/field_0/coupled/data/ldos.pp.dat809

     Calling punch_plot, plot_num =   3

     Energy =   1.95790 eV, broadening =   0.01000eV
     Writing data to file  /home/ubuntu/projects/Graphene-Band-Structure-Quantum-Espresso/outputs/field_0/coupled/data/ldos.pp.dat810

     Calling punch_plot, plot_num =   3

     Energy =   1.97790 eV, broadening =   0.01000eV
     Writing data to file  /home/ubuntu/projects/Graphene-Band-Structure-Quantum-Espresso/outputs/field_0/coupled/data/ldos.pp.dat811

     Calling punch_plot, plot_num =   3

     Energy =   1.99790 eV, broadening =   0.01000eV
     Writing data to file  /home/ubuntu/projects/Graphene-Band-Structure-Quantum-Espresso/outputs/field_0/coupled/data/ldos.pp.dat812

     Calling punch_plot, plot_num =   3

     Energy =   2.01790 eV, broadening =   0.01000eV
     Writing data to file  /home/ubuntu/projects/Graphene-Band-Structure-Quantum-Espresso/outputs/field_0/coupled/data/ldos.pp.dat813

     Calling punch_plot, plot_num =   3

     Energy =   2.03790 eV, broadening =   0.01000eV
     Writing data to file  /home/ubuntu/projects/Graphene-Band-Structure-Quantum-Espresso/outputs/field_0/coupled/data/ldos.pp.dat814

     Calling punch_plot, plot_num =   3

     Energy =   2.05790 eV, broadening =   0.01000eV
     Writing data to file  /home/ubuntu/projects/Graphene-Band-Structure-Quantum-Espresso/outputs/field_0/coupled/data/ldos.pp.dat815

     Calling punch_plot, plot_num =   3

     Energy =   2.07790 eV, broadening =   0.01000eV
     Writing data to file  /home/ubuntu/projects/Graphene-Band-Structure-Quantum-Espresso/outputs/field_0/coupled/data/ldos.pp.dat816

     Calling punch_plot, plot_num =   3

     Energy =   2.09790 eV, broadening =   0.01000eV
     Writing data to file  /home/ubuntu/projects/Graphene-Band-Structure-Quantum-Espresso/outputs/field_0/coupled/data/ldos.pp.dat817

     Calling punch_plot, plot_num =   3

     Energy =   2.11790 eV, broadening =   0.01000eV
     Writing data to file  /home/ubuntu/projects/Graphene-Band-Structure-Quantum-Espresso/outputs/field_0/coupled/data/ldos.pp.dat818

     Calling punch_plot, plot_num =   3

     Energy =   2.13790 eV, broadening =   0.01000eV
     Writing data to file  /home/ubuntu/projects/Graphene-Band-Structure-Quantum-Espresso/outputs/field_0/coupled/data/ldos.pp.dat819

     Calling punch_plot, plot_num =   3

     Energy =   2.15790 eV, broadening =   0.01000eV
     Writing data to file  /home/ubuntu/projects/Graphene-Band-Structure-Quantum-Espresso/outputs/field_0/coupled/data/ldos.pp.dat820

     Calling punch_plot, plot_num =   3

     Energy =   2.17790 eV, broadening =   0.01000eV
     Writing data to file  /home/ubuntu/projects/Graphene-Band-Structure-Quantum-Espresso/outputs/field_0/coupled/data/ldos.pp.dat821

     Calling punch_plot, plot_num =   3

     Energy =   2.19790 eV, broadening =   0.01000eV
     Writing data to file  /home/ubuntu/projects/Graphene-Band-Structure-Quantum-Espresso/outputs/field_0/coupled/data/ldos.pp.dat822

     Calling punch_plot, plot_num =   3

     Energy =   2.21790 eV, broadening =   0.01000eV
     Writing data to file  /home/ubuntu/projects/Graphene-Band-Structure-Quantum-Espresso/outputs/field_0/coupled/data/ldos.pp.dat823

     Calling punch_plot, plot_num =   3

     Energy =   2.23790 eV, broadening =   0.01000eV
     Writing data to file  /home/ubuntu/projects/Graphene-Band-Structure-Quantum-Espresso/outputs/field_0/coupled/data/ldos.pp.dat824

     Calling punch_plot, plot_num =   3

     Energy =   2.25790 eV, broadening =   0.01000eV
     Writing data to file  /home/ubuntu/projects/Graphene-Band-Structure-Quantum-Espresso/outputs/field_0/coupled/data/ldos.pp.dat825

     Calling punch_plot, plot_num =   3

     Energy =   2.27790 eV, broadening =   0.01000eV
     Writing data to file  /home/ubuntu/projects/Graphene-Band-Structure-Quantum-Espresso/outputs/field_0/coupled/data/ldos.pp.dat826

     Calling punch_plot, plot_num =   3

     Energy =   2.29790 eV, broadening =   0.01000eV
     Writing data to file  /home/ubuntu/projects/Graphene-Band-Structure-Quantum-Espresso/outputs/field_0/coupled/data/ldos.pp.dat827

     Calling punch_plot, plot_num =   3

     Energy =   2.31790 eV, broadening =   0.01000eV
     Writing data to file  /home/ubuntu/projects/Graphene-Band-Structure-Quantum-Espresso/outputs/field_0/coupled/data/ldos.pp.dat828

     Calling punch_plot, plot_num =   3

     Energy =   2.33790 eV, broadening =   0.01000eV
     Writing data to file  /home/ubuntu/projects/Graphene-Band-Structure-Quantum-Espresso/outputs/field_0/coupled/data/ldos.pp.dat829

     Calling punch_plot, plot_num =   3

     Energy =   2.35790 eV, broadening =   0.01000eV
     Writing data to file  /home/ubuntu/projects/Graphene-Band-Structure-Quantum-Espresso/outputs/field_0/coupled/data/ldos.pp.dat830

     Calling punch_plot, plot_num =   3

     Energy =   2.37790 eV, broadening =   0.01000eV
     Writing data to file  /home/ubuntu/projects/Graphene-Band-Structure-Quantum-Espresso/outputs/field_0/coupled/data/ldos.pp.dat831

     Calling punch_plot, plot_num =   3

     Energy =   2.39790 eV, broadening =   0.01000eV
     Writing data to file  /home/ubuntu/projects/Graphene-Band-Structure-Quantum-Espresso/outputs/field_0/coupled/data/ldos.pp.dat832

     Calling punch_plot, plot_num =   3

     Energy =   2.41790 eV, broadening =   0.01000eV
     Writing data to file  /home/ubuntu/projects/Graphene-Band-Structure-Quantum-Espresso/outputs/field_0/coupled/data/ldos.pp.dat833

     Calling punch_plot, plot_num =   3

     Energy =   2.43790 eV, broadening =   0.01000eV
     Writing data to file  /home/ubuntu/projects/Graphene-Band-Structure-Quantum-Espresso/outputs/field_0/coupled/data/ldos.pp.dat834

     Calling punch_plot, plot_num =   3

     Energy =   2.45790 eV, broadening =   0.01000eV
     Writing data to file  /home/ubuntu/projects/Graphene-Band-Structure-Quantum-Espresso/outputs/field_0/coupled/data/ldos.pp.dat835

     Calling punch_plot, plot_num =   3

     Energy =   2.47790 eV, broadening =   0.01000eV
     Writing data to file  /home/ubuntu/projects/Graphene-Band-Structure-Quantum-Espresso/outputs/field_0/coupled/data/ldos.pp.dat836

     Calling punch_plot, plot_num =   3

     Energy =   2.49790 eV, broadening =   0.01000eV
     Writing data to file  /home/ubuntu/projects/Graphene-Band-Structure-Quantum-Espresso/outputs/field_0/coupled/data/ldos.pp.dat837

     Calling punch_plot, plot_num =   3

     Energy =   2.51790 eV, broadening =   0.01000eV
     Writing data to file  /home/ubuntu/projects/Graphene-Band-Structure-Quantum-Espresso/outputs/field_0/coupled/data/ldos.pp.dat838

     Calling punch_plot, plot_num =   3

     Energy =   2.53790 eV, broadening =   0.01000eV
     Writing data to file  /home/ubuntu/projects/Graphene-Band-Structure-Quantum-Espresso/outputs/field_0/coupled/data/ldos.pp.dat839

     Calling punch_plot, plot_num =   3

     Energy =   2.55790 eV, broadening =   0.01000eV
     Writing data to file  /home/ubuntu/projects/Graphene-Band-Structure-Quantum-Espresso/outputs/field_0/coupled/data/ldos.pp.dat840

     Calling punch_plot, plot_num =   3

     Energy =   2.57790 eV, broadening =   0.01000eV
     Writing data to file  /home/ubuntu/projects/Graphene-Band-Structure-Quantum-Espresso/outputs/field_0/coupled/data/ldos.pp.dat841

     Calling punch_plot, plot_num =   3

     Energy =   2.59790 eV, broadening =   0.01000eV
     Writing data to file  /home/ubuntu/projects/Graphene-Band-Structure-Quantum-Espresso/outputs/field_0/coupled/data/ldos.pp.dat842

     Calling punch_plot, plot_num =   3

     Energy =   2.61790 eV, broadening =   0.01000eV
     Writing data to file  /home/ubuntu/projects/Graphene-Band-Structure-Quantum-Espresso/outputs/field_0/coupled/data/ldos.pp.dat843

     Calling punch_plot, plot_num =   3

     Energy =   2.63790 eV, broadening =   0.01000eV
     Writing data to file  /home/ubuntu/projects/Graphene-Band-Structure-Quantum-Espresso/outputs/field_0/coupled/data/ldos.pp.dat844

     Calling punch_plot, plot_num =   3

     Energy =   2.65790 eV, broadening =   0.01000eV
     Writing data to file  /home/ubuntu/projects/Graphene-Band-Structure-Quantum-Espresso/outputs/field_0/coupled/data/ldos.pp.dat845

     Calling punch_plot, plot_num =   3

     Energy =   2.67790 eV, broadening =   0.01000eV
     Writing data to file  /home/ubuntu/projects/Graphene-Band-Structure-Quantum-Espresso/outputs/field_0/coupled/data/ldos.pp.dat846

     Calling punch_plot, plot_num =   3

     Energy =   2.69790 eV, broadening =   0.01000eV
     Writing data to file  /home/ubuntu/projects/Graphene-Band-Structure-Quantum-Espresso/outputs/field_0/coupled/data/ldos.pp.dat847

     Calling punch_plot, plot_num =   3

     Energy =   2.71790 eV, broadening =   0.01000eV
     Writing data to file  /home/ubuntu/projects/Graphene-Band-Structure-Quantum-Espresso/outputs/field_0/coupled/data/ldos.pp.dat848

     Calling punch_plot, plot_num =   3

     Energy =   2.73790 eV, broadening =   0.01000eV
     Writing data to file  /home/ubuntu/projects/Graphene-Band-Structure-Quantum-Espresso/outputs/field_0/coupled/data/ldos.pp.dat849

     Calling punch_plot, plot_num =   3

     Energy =   2.75790 eV, broadening =   0.01000eV
     Writing data to file  /home/ubuntu/projects/Graphene-Band-Structure-Quantum-Espresso/outputs/field_0/coupled/data/ldos.pp.dat850

     Calling punch_plot, plot_num =   3

     Energy =   2.77790 eV, broadening =   0.01000eV
     Writing data to file  /home/ubuntu/projects/Graphene-Band-Structure-Quantum-Espresso/outputs/field_0/coupled/data/ldos.pp.dat851

     Calling punch_plot, plot_num =   3

     Energy =   2.79790 eV, broadening =   0.01000eV
     Writing data to file  /home/ubuntu/projects/Graphene-Band-Structure-Quantum-Espresso/outputs/field_0/coupled/data/ldos.pp.dat852

     Calling punch_plot, plot_num =   3

     Energy =   2.81790 eV, broadening =   0.01000eV
     Writing data to file  /home/ubuntu/projects/Graphene-Band-Structure-Quantum-Espresso/outputs/field_0/coupled/data/ldos.pp.dat853

     Calling punch_plot, plot_num =   3

     Energy =   2.83790 eV, broadening =   0.01000eV
     Writing data to file  /home/ubuntu/projects/Graphene-Band-Structure-Quantum-Espresso/outputs/field_0/coupled/data/ldos.pp.dat854

     Calling punch_plot, plot_num =   3

     Energy =   2.85790 eV, broadening =   0.01000eV
     Writing data to file  /home/ubuntu/projects/Graphene-Band-Structure-Quantum-Espresso/outputs/field_0/coupled/data/ldos.pp.dat855

     Calling punch_plot, plot_num =   3

     Energy =   2.87790 eV, broadening =   0.01000eV
     Writing data to file  /home/ubuntu/projects/Graphene-Band-Structure-Quantum-Espresso/outputs/field_0/coupled/data/ldos.pp.dat856

     Calling punch_plot, plot_num =   3

     Energy =   2.89790 eV, broadening =   0.01000eV
     Writing data to file  /home/ubuntu/projects/Graphene-Band-Structure-Quantum-Espresso/outputs/field_0/coupled/data/ldos.pp.dat857

     Calling punch_plot, plot_num =   3

     Energy =   2.91790 eV, broadening =   0.01000eV
     Writing data to file  /home/ubuntu/projects/Graphene-Band-Structure-Quantum-Espresso/outputs/field_0/coupled/data/ldos.pp.dat858

     Calling punch_plot, plot_num =   3

     Energy =   2.93790 eV, broadening =   0.01000eV
     Writing data to file  /home/ubuntu/projects/Graphene-Band-Structure-Quantum-Espresso/outputs/field_0/coupled/data/ldos.pp.dat859

     Calling punch_plot, plot_num =   3

     Energy =   2.95790 eV, broadening =   0.01000eV
     Writing data to file  /home/ubuntu/projects/Graphene-Band-Structure-Quantum-Espresso/outputs/field_0/coupled/data/ldos.pp.dat860

     Calling punch_plot, plot_num =   3

     Energy =   2.97790 eV, broadening =   0.01000eV
     Writing data to file  /home/ubuntu/projects/Graphene-Band-Structure-Quantum-Espresso/outputs/field_0/coupled/data/ldos.pp.dat861

     Calling punch_plot, plot_num =   3

     Energy =   2.99790 eV, broadening =   0.01000eV
     Writing data to file  /home/ubuntu/projects/Graphene-Band-Structure-Quantum-Espresso/outputs/field_0/coupled/data/ldos.pp.dat862

     Calling punch_plot, plot_num =   3

     Energy =   3.01790 eV, broadening =   0.01000eV
     Writing data to file  /home/ubuntu/projects/Graphene-Band-Structure-Quantum-Espresso/outputs/field_0/coupled/data/ldos.pp.dat863

     Calling punch_plot, plot_num =   3

     Energy =   3.03790 eV, broadening =   0.01000eV
     Writing data to file  /home/ubuntu/projects/Graphene-Band-Structure-Quantum-Espresso/outputs/field_0/coupled/data/ldos.pp.dat864

     Calling punch_plot, plot_num =   3

     Energy =   3.05790 eV, broadening =   0.01000eV
     Writing data to file  /home/ubuntu/projects/Graphene-Band-Structure-Quantum-Espresso/outputs/field_0/coupled/data/ldos.pp.dat865

     Calling punch_plot, plot_num =   3

     Energy =   3.07790 eV, broadening =   0.01000eV
     Writing data to file  /home/ubuntu/projects/Graphene-Band-Structure-Quantum-Espresso/outputs/field_0/coupled/data/ldos.pp.dat866

     Calling punch_plot, plot_num =   3

     Energy =   3.09790 eV, broadening =   0.01000eV
     Writing data to file  /home/ubuntu/projects/Graphene-Band-Structure-Quantum-Espresso/outputs/field_0/coupled/data/ldos.pp.dat867

     Calling punch_plot, plot_num =   3

     Energy =   3.11790 eV, broadening =   0.01000eV
     Writing data to file  /home/ubuntu/projects/Graphene-Band-Structure-Quantum-Espresso/outputs/field_0/coupled/data/ldos.pp.dat868

     Calling punch_plot, plot_num =   3

     Energy =   3.13790 eV, broadening =   0.01000eV
     Writing data to file  /home/ubuntu/projects/Graphene-Band-Structure-Quantum-Espresso/outputs/field_0/coupled/data/ldos.pp.dat869

     Calling punch_plot, plot_num =   3

     Energy =   3.15790 eV, broadening =   0.01000eV
     Writing data to file  /home/ubuntu/projects/Graphene-Band-Structure-Quantum-Espresso/outputs/field_0/coupled/data/ldos.pp.dat870

     Calling punch_plot, plot_num =   3

     Energy =   3.17790 eV, broadening =   0.01000eV
     Writing data to file  /home/ubuntu/projects/Graphene-Band-Structure-Quantum-Espresso/outputs/field_0/coupled/data/ldos.pp.dat871

     Calling punch_plot, plot_num =   3

     Energy =   3.19790 eV, broadening =   0.01000eV
     Writing data to file  /home/ubuntu/projects/Graphene-Band-Structure-Quantum-Espresso/outputs/field_0/coupled/data/ldos.pp.dat872

     Calling punch_plot, plot_num =   3

     Energy =   3.21790 eV, broadening =   0.01000eV
     Writing data to file  /home/ubuntu/projects/Graphene-Band-Structure-Quantum-Espresso/outputs/field_0/coupled/data/ldos.pp.dat873

     Calling punch_plot, plot_num =   3

     Energy =   3.23790 eV, broadening =   0.01000eV
     Writing data to file  /home/ubuntu/projects/Graphene-Band-Structure-Quantum-Espresso/outputs/field_0/coupled/data/ldos.pp.dat874

     Calling punch_plot, plot_num =   3

     Energy =   3.25790 eV, broadening =   0.01000eV
     Writing data to file  /home/ubuntu/projects/Graphene-Band-Structure-Quantum-Espresso/outputs/field_0/coupled/data/ldos.pp.dat875

     Calling punch_plot, plot_num =   3

     Energy =   3.27790 eV, broadening =   0.01000eV
     Writing data to file  /home/ubuntu/projects/Graphene-Band-Structure-Quantum-Espresso/outputs/field_0/coupled/data/ldos.pp.dat876

     Calling punch_plot, plot_num =   3

     Energy =   3.29790 eV, broadening =   0.01000eV
     Writing data to file  /home/ubuntu/projects/Graphene-Band-Structure-Quantum-Espresso/outputs/field_0/coupled/data/ldos.pp.dat877

     Calling punch_plot, plot_num =   3

     Energy =   3.31790 eV, broadening =   0.01000eV
     Writing data to file  /home/ubuntu/projects/Graphene-Band-Structure-Quantum-Espresso/outputs/field_0/coupled/data/ldos.pp.dat878

     Calling punch_plot, plot_num =   3

     Energy =   3.33790 eV, broadening =   0.01000eV
     Writing data to file  /home/ubuntu/projects/Graphene-Band-Structure-Quantum-Espresso/outputs/field_0/coupled/data/ldos.pp.dat879

     Calling punch_plot, plot_num =   3

     Energy =   3.35790 eV, broadening =   0.01000eV
     Writing data to file  /home/ubuntu/projects/Graphene-Band-Structure-Quantum-Espresso/outputs/field_0/coupled/data/ldos.pp.dat880

     Calling punch_plot, plot_num =   3

     Energy =   3.37790 eV, broadening =   0.01000eV
     Writing data to file  /home/ubuntu/projects/Graphene-Band-Structure-Quantum-Espresso/outputs/field_0/coupled/data/ldos.pp.dat881

     Calling punch_plot, plot_num =   3

     Energy =   3.39790 eV, broadening =   0.01000eV
     Writing data to file  /home/ubuntu/projects/Graphene-Band-Structure-Quantum-Espresso/outputs/field_0/coupled/data/ldos.pp.dat882

     Calling punch_plot, plot_num =   3

     Energy =   3.41790 eV, broadening =   0.01000eV
     Writing data to file  /home/ubuntu/projects/Graphene-Band-Structure-Quantum-Espresso/outputs/field_0/coupled/data/ldos.pp.dat883

     Calling punch_plot, plot_num =   3

     Energy =   3.43790 eV, broadening =   0.01000eV
     Writing data to file  /home/ubuntu/projects/Graphene-Band-Structure-Quantum-Espresso/outputs/field_0/coupled/data/ldos.pp.dat884

     Calling punch_plot, plot_num =   3

     Energy =   3.45790 eV, broadening =   0.01000eV
     Writing data to file  /home/ubuntu/projects/Graphene-Band-Structure-Quantum-Espresso/outputs/field_0/coupled/data/ldos.pp.dat885

     Calling punch_plot, plot_num =   3

     Energy =   3.47790 eV, broadening =   0.01000eV
     Writing data to file  /home/ubuntu/projects/Graphene-Band-Structure-Quantum-Espresso/outputs/field_0/coupled/data/ldos.pp.dat886

     Calling punch_plot, plot_num =   3

     Energy =   3.49790 eV, broadening =   0.01000eV
     Writing data to file  /home/ubuntu/projects/Graphene-Band-Structure-Quantum-Espresso/outputs/field_0/coupled/data/ldos.pp.dat887

     Calling punch_plot, plot_num =   3

     Energy =   3.51790 eV, broadening =   0.01000eV
     Writing data to file  /home/ubuntu/projects/Graphene-Band-Structure-Quantum-Espresso/outputs/field_0/coupled/data/ldos.pp.dat888

     Calling punch_plot, plot_num =   3

     Energy =   3.53790 eV, broadening =   0.01000eV
     Writing data to file  /home/ubuntu/projects/Graphene-Band-Structure-Quantum-Espresso/outputs/field_0/coupled/data/ldos.pp.dat889

     Calling punch_plot, plot_num =   3

     Energy =   3.55790 eV, broadening =   0.01000eV
     Writing data to file  /home/ubuntu/projects/Graphene-Band-Structure-Quantum-Espresso/outputs/field_0/coupled/data/ldos.pp.dat890

     Calling punch_plot, plot_num =   3

     Energy =   3.57790 eV, broadening =   0.01000eV
     Writing data to file  /home/ubuntu/projects/Graphene-Band-Structure-Quantum-Espresso/outputs/field_0/coupled/data/ldos.pp.dat891

     Calling punch_plot, plot_num =   3

     Energy =   3.59790 eV, broadening =   0.01000eV
     Writing data to file  /home/ubuntu/projects/Graphene-Band-Structure-Quantum-Espresso/outputs/field_0/coupled/data/ldos.pp.dat892

     Calling punch_plot, plot_num =   3

     Energy =   3.61790 eV, broadening =   0.01000eV
     Writing data to file  /home/ubuntu/projects/Graphene-Band-Structure-Quantum-Espresso/outputs/field_0/coupled/data/ldos.pp.dat893

     Calling punch_plot, plot_num =   3

     Energy =   3.63790 eV, broadening =   0.01000eV
     Writing data to file  /home/ubuntu/projects/Graphene-Band-Structure-Quantum-Espresso/outputs/field_0/coupled/data/ldos.pp.dat894

     Calling punch_plot, plot_num =   3

     Energy =   3.65790 eV, broadening =   0.01000eV
     Writing data to file  /home/ubuntu/projects/Graphene-Band-Structure-Quantum-Espresso/outputs/field_0/coupled/data/ldos.pp.dat895

     Calling punch_plot, plot_num =   3

     Energy =   3.67790 eV, broadening =   0.01000eV
     Writing data to file  /home/ubuntu/projects/Graphene-Band-Structure-Quantum-Espresso/outputs/field_0/coupled/data/ldos.pp.dat896

     Calling punch_plot, plot_num =   3

     Energy =   3.69790 eV, broadening =   0.01000eV
     Writing data to file  /home/ubuntu/projects/Graphene-Band-Structure-Quantum-Espresso/outputs/field_0/coupled/data/ldos.pp.dat897

     Calling punch_plot, plot_num =   3

     Energy =   3.71790 eV, broadening =   0.01000eV
     Writing data to file  /home/ubuntu/projects/Graphene-Band-Structure-Quantum-Espresso/outputs/field_0/coupled/data/ldos.pp.dat898

     Calling punch_plot, plot_num =   3

     Energy =   3.73790 eV, broadening =   0.01000eV
     Writing data to file  /home/ubuntu/projects/Graphene-Band-Structure-Quantum-Espresso/outputs/field_0/coupled/data/ldos.pp.dat899

     Calling punch_plot, plot_num =   3

     Energy =   3.75790 eV, broadening =   0.01000eV
     Writing data to file  /home/ubuntu/projects/Graphene-Band-Structure-Quantum-Espresso/outputs/field_0/coupled/data/ldos.pp.dat900

     Calling punch_plot, plot_num =   3

     Energy =   3.77790 eV, broadening =   0.01000eV
     Writing data to file  /home/ubuntu/projects/Graphene-Band-Structure-Quantum-Espresso/outputs/field_0/coupled/data/ldos.pp.dat901

     Calling punch_plot, plot_num =   3

     Energy =   3.79790 eV, broadening =   0.01000eV
     Writing data to file  /home/ubuntu/projects/Graphene-Band-Structure-Quantum-Espresso/outputs/field_0/coupled/data/ldos.pp.dat902

     Calling punch_plot, plot_num =   3

     Energy =   3.81790 eV, broadening =   0.01000eV
     Writing data to file  /home/ubuntu/projects/Graphene-Band-Structure-Quantum-Espresso/outputs/field_0/coupled/data/ldos.pp.dat903

     Calling punch_plot, plot_num =   3

     Energy =   3.83790 eV, broadening =   0.01000eV
     Writing data to file  /home/ubuntu/projects/Graphene-Band-Structure-Quantum-Espresso/outputs/field_0/coupled/data/ldos.pp.dat904

     Calling punch_plot, plot_num =   3

     Energy =   3.85790 eV, broadening =   0.01000eV
     Writing data to file  /home/ubuntu/projects/Graphene-Band-Structure-Quantum-Espresso/outputs/field_0/coupled/data/ldos.pp.dat905

     Calling punch_plot, plot_num =   3

     Energy =   3.87790 eV, broadening =   0.01000eV
     Writing data to file  /home/ubuntu/projects/Graphene-Band-Structure-Quantum-Espresso/outputs/field_0/coupled/data/ldos.pp.dat906

     Calling punch_plot, plot_num =   3

     Energy =   3.89790 eV, broadening =   0.01000eV
     Writing data to file  /home/ubuntu/projects/Graphene-Band-Structure-Quantum-Espresso/outputs/field_0/coupled/data/ldos.pp.dat907

     Calling punch_plot, plot_num =   3

     Energy =   3.91790 eV, broadening =   0.01000eV
     Writing data to file  /home/ubuntu/projects/Graphene-Band-Structure-Quantum-Espresso/outputs/field_0/coupled/data/ldos.pp.dat908

     Calling punch_plot, plot_num =   3

     Energy =   3.93790 eV, broadening =   0.01000eV
     Writing data to file  /home/ubuntu/projects/Graphene-Band-Structure-Quantum-Espresso/outputs/field_0/coupled/data/ldos.pp.dat909

     Calling punch_plot, plot_num =   3

     Energy =   3.95790 eV, broadening =   0.01000eV
     Writing data to file  /home/ubuntu/projects/Graphene-Band-Structure-Quantum-Espresso/outputs/field_0/coupled/data/ldos.pp.dat910

     Calling punch_plot, plot_num =   3

     Energy =   3.97790 eV, broadening =   0.01000eV
     Writing data to file  /home/ubuntu/projects/Graphene-Band-Structure-Quantum-Espresso/outputs/field_0/coupled/data/ldos.pp.dat911

     Calling punch_plot, plot_num =   3

     Energy =   3.99790 eV, broadening =   0.01000eV
     Writing data to file  /home/ubuntu/projects/Graphene-Band-Structure-Quantum-Espresso/outputs/field_0/coupled/data/ldos.pp.dat912

     Calling punch_plot, plot_num =   3

     Energy =   4.01790 eV, broadening =   0.01000eV
     Writing data to file  /home/ubuntu/projects/Graphene-Band-Structure-Quantum-Espresso/outputs/field_0/coupled/data/ldos.pp.dat913

     Calling punch_plot, plot_num =   3

     Energy =   4.03790 eV, broadening =   0.01000eV
     Writing data to file  /home/ubuntu/projects/Graphene-Band-Structure-Quantum-Espresso/outputs/field_0/coupled/data/ldos.pp.dat914

     Calling punch_plot, plot_num =   3

     Energy =   4.05790 eV, broadening =   0.01000eV
     Writing data to file  /home/ubuntu/projects/Graphene-Band-Structure-Quantum-Espresso/outputs/field_0/coupled/data/ldos.pp.dat915

     Calling punch_plot, plot_num =   3

     Energy =   4.07790 eV, broadening =   0.01000eV
     Writing data to file  /home/ubuntu/projects/Graphene-Band-Structure-Quantum-Espresso/outputs/field_0/coupled/data/ldos.pp.dat916

     Calling punch_plot, plot_num =   3

     Energy =   4.09790 eV, broadening =   0.01000eV
     Writing data to file  /home/ubuntu/projects/Graphene-Band-Structure-Quantum-Espresso/outputs/field_0/coupled/data/ldos.pp.dat917

     Calling punch_plot, plot_num =   3

     Energy =   4.11790 eV, broadening =   0.01000eV
     Writing data to file  /home/ubuntu/projects/Graphene-Band-Structure-Quantum-Espresso/outputs/field_0/coupled/data/ldos.pp.dat918

     Calling punch_plot, plot_num =   3

     Energy =   4.13790 eV, broadening =   0.01000eV
     Writing data to file  /home/ubuntu/projects/Graphene-Band-Structure-Quantum-Espresso/outputs/field_0/coupled/data/ldos.pp.dat919

     Calling punch_plot, plot_num =   3

     Energy =   4.15790 eV, broadening =   0.01000eV
     Writing data to file  /home/ubuntu/projects/Graphene-Band-Structure-Quantum-Espresso/outputs/field_0/coupled/data/ldos.pp.dat920

     Calling punch_plot, plot_num =   3

     Energy =   4.17790 eV, broadening =   0.01000eV
     Writing data to file  /home/ubuntu/projects/Graphene-Band-Structure-Quantum-Espresso/outputs/field_0/coupled/data/ldos.pp.dat921

     Calling punch_plot, plot_num =   3

     Energy =   4.19790 eV, broadening =   0.01000eV
     Writing data to file  /home/ubuntu/projects/Graphene-Band-Structure-Quantum-Espresso/outputs/field_0/coupled/data/ldos.pp.dat922

     Calling punch_plot, plot_num =   3

     Energy =   4.21790 eV, broadening =   0.01000eV
     Writing data to file  /home/ubuntu/projects/Graphene-Band-Structure-Quantum-Espresso/outputs/field_0/coupled/data/ldos.pp.dat923

     Calling punch_plot, plot_num =   3

     Energy =   4.23790 eV, broadening =   0.01000eV
     Writing data to file  /home/ubuntu/projects/Graphene-Band-Structure-Quantum-Espresso/outputs/field_0/coupled/data/ldos.pp.dat924

     Calling punch_plot, plot_num =   3

     Energy =   4.25790 eV, broadening =   0.01000eV
     Writing data to file  /home/ubuntu/projects/Graphene-Band-Structure-Quantum-Espresso/outputs/field_0/coupled/data/ldos.pp.dat925

     Calling punch_plot, plot_num =   3

     Energy =   4.27790 eV, broadening =   0.01000eV
     Writing data to file  /home/ubuntu/projects/Graphene-Band-Structure-Quantum-Espresso/outputs/field_0/coupled/data/ldos.pp.dat926

     Calling punch_plot, plot_num =   3

     Energy =   4.29790 eV, broadening =   0.01000eV
     Writing data to file  /home/ubuntu/projects/Graphene-Band-Structure-Quantum-Espresso/outputs/field_0/coupled/data/ldos.pp.dat927

     Calling punch_plot, plot_num =   3

     Energy =   4.31790 eV, broadening =   0.01000eV
     Writing data to file  /home/ubuntu/projects/Graphene-Band-Structure-Quantum-Espresso/outputs/field_0/coupled/data/ldos.pp.dat928

     Calling punch_plot, plot_num =   3

     Energy =   4.33790 eV, broadening =   0.01000eV
     Writing data to file  /home/ubuntu/projects/Graphene-Band-Structure-Quantum-Espresso/outputs/field_0/coupled/data/ldos.pp.dat929

     Calling punch_plot, plot_num =   3

     Energy =   4.35790 eV, broadening =   0.01000eV
     Writing data to file  /home/ubuntu/projects/Graphene-Band-Structure-Quantum-Espresso/outputs/field_0/coupled/data/ldos.pp.dat930

     Calling punch_plot, plot_num =   3

     Energy =   4.37790 eV, broadening =   0.01000eV
     Writing data to file  /home/ubuntu/projects/Graphene-Band-Structure-Quantum-Espresso/outputs/field_0/coupled/data/ldos.pp.dat931

     Calling punch_plot, plot_num =   3

     Energy =   4.39790 eV, broadening =   0.01000eV
     Writing data to file  /home/ubuntu/projects/Graphene-Band-Structure-Quantum-Espresso/outputs/field_0/coupled/data/ldos.pp.dat932

     Calling punch_plot, plot_num =   3

     Energy =   4.41790 eV, broadening =   0.01000eV
     Writing data to file  /home/ubuntu/projects/Graphene-Band-Structure-Quantum-Espresso/outputs/field_0/coupled/data/ldos.pp.dat933

     Calling punch_plot, plot_num =   3

     Energy =   4.43790 eV, broadening =   0.01000eV
     Writing data to file  /home/ubuntu/projects/Graphene-Band-Structure-Quantum-Espresso/outputs/field_0/coupled/data/ldos.pp.dat934

     Calling punch_plot, plot_num =   3

     Energy =   4.45790 eV, broadening =   0.01000eV
     Writing data to file  /home/ubuntu/projects/Graphene-Band-Structure-Quantum-Espresso/outputs/field_0/coupled/data/ldos.pp.dat935

     Calling punch_plot, plot_num =   3

     Energy =   4.47790 eV, broadening =   0.01000eV
     Writing data to file  /home/ubuntu/projects/Graphene-Band-Structure-Quantum-Espresso/outputs/field_0/coupled/data/ldos.pp.dat936

     Calling punch_plot, plot_num =   3

     Energy =   4.49790 eV, broadening =   0.01000eV
     Writing data to file  /home/ubuntu/projects/Graphene-Band-Structure-Quantum-Espresso/outputs/field_0/coupled/data/ldos.pp.dat937

     Calling punch_plot, plot_num =   3

     Energy =   4.51790 eV, broadening =   0.01000eV
     Writing data to file  /home/ubuntu/projects/Graphene-Band-Structure-Quantum-Espresso/outputs/field_0/coupled/data/ldos.pp.dat938

     Calling punch_plot, plot_num =   3

     Energy =   4.53790 eV, broadening =   0.01000eV
     Writing data to file  /home/ubuntu/projects/Graphene-Band-Structure-Quantum-Espresso/outputs/field_0/coupled/data/ldos.pp.dat939

     Calling punch_plot, plot_num =   3

     Energy =   4.55790 eV, broadening =   0.01000eV
     Writing data to file  /home/ubuntu/projects/Graphene-Band-Structure-Quantum-Espresso/outputs/field_0/coupled/data/ldos.pp.dat940

     Calling punch_plot, plot_num =   3

     Energy =   4.57790 eV, broadening =   0.01000eV
     Writing data to file  /home/ubuntu/projects/Graphene-Band-Structure-Quantum-Espresso/outputs/field_0/coupled/data/ldos.pp.dat941

     Calling punch_plot, plot_num =   3

     Energy =   4.59790 eV, broadening =   0.01000eV
     Writing data to file  /home/ubuntu/projects/Graphene-Band-Structure-Quantum-Espresso/outputs/field_0/coupled/data/ldos.pp.dat942

     Calling punch_plot, plot_num =   3

     Energy =   4.61790 eV, broadening =   0.01000eV
     Writing data to file  /home/ubuntu/projects/Graphene-Band-Structure-Quantum-Espresso/outputs/field_0/coupled/data/ldos.pp.dat943

     Calling punch_plot, plot_num =   3

     Energy =   4.63790 eV, broadening =   0.01000eV
     Writing data to file  /home/ubuntu/projects/Graphene-Band-Structure-Quantum-Espresso/outputs/field_0/coupled/data/ldos.pp.dat944

     Calling punch_plot, plot_num =   3

     Energy =   4.65790 eV, broadening =   0.01000eV
     Writing data to file  /home/ubuntu/projects/Graphene-Band-Structure-Quantum-Espresso/outputs/field_0/coupled/data/ldos.pp.dat945

     Calling punch_plot, plot_num =   3

     Energy =   4.67790 eV, broadening =   0.01000eV
     Writing data to file  /home/ubuntu/projects/Graphene-Band-Structure-Quantum-Espresso/outputs/field_0/coupled/data/ldos.pp.dat946

     Calling punch_plot, plot_num =   3

     Energy =   4.69790 eV, broadening =   0.01000eV
     Writing data to file  /home/ubuntu/projects/Graphene-Band-Structure-Quantum-Espresso/outputs/field_0/coupled/data/ldos.pp.dat947

     Calling punch_plot, plot_num =   3

     Energy =   4.71790 eV, broadening =   0.01000eV
     Writing data to file  /home/ubuntu/projects/Graphene-Band-Structure-Quantum-Espresso/outputs/field_0/coupled/data/ldos.pp.dat948

     Calling punch_plot, plot_num =   3

     Energy =   4.73790 eV, broadening =   0.01000eV
     Writing data to file  /home/ubuntu/projects/Graphene-Band-Structure-Quantum-Espresso/outputs/field_0/coupled/data/ldos.pp.dat949

     Calling punch_plot, plot_num =   3

     Energy =   4.75790 eV, broadening =   0.01000eV
     Writing data to file  /home/ubuntu/projects/Graphene-Band-Structure-Quantum-Espresso/outputs/field_0/coupled/data/ldos.pp.dat950

     Calling punch_plot, plot_num =   3

     Energy =   4.77790 eV, broadening =   0.01000eV
     Writing data to file  /home/ubuntu/projects/Graphene-Band-Structure-Quantum-Espresso/outputs/field_0/coupled/data/ldos.pp.dat951

     Calling punch_plot, plot_num =   3

     Energy =   4.79790 eV, broadening =   0.01000eV
     Writing data to file  /home/ubuntu/projects/Graphene-Band-Structure-Quantum-Espresso/outputs/field_0/coupled/data/ldos.pp.dat952

     Calling punch_plot, plot_num =   3

     Energy =   4.81790 eV, broadening =   0.01000eV
     Writing data to file  /home/ubuntu/projects/Graphene-Band-Structure-Quantum-Espresso/outputs/field_0/coupled/data/ldos.pp.dat953

     Calling punch_plot, plot_num =   3

     Energy =   4.83790 eV, broadening =   0.01000eV
     Writing data to file  /home/ubuntu/projects/Graphene-Band-Structure-Quantum-Espresso/outputs/field_0/coupled/data/ldos.pp.dat954

     Calling punch_plot, plot_num =   3

     Energy =   4.85790 eV, broadening =   0.01000eV
     Writing data to file  /home/ubuntu/projects/Graphene-Band-Structure-Quantum-Espresso/outputs/field_0/coupled/data/ldos.pp.dat955

     Calling punch_plot, plot_num =   3

     Energy =   4.87790 eV, broadening =   0.01000eV
     Writing data to file  /home/ubuntu/projects/Graphene-Band-Structure-Quantum-Espresso/outputs/field_0/coupled/data/ldos.pp.dat956

     Calling punch_plot, plot_num =   3

     Energy =   4.89790 eV, broadening =   0.01000eV
     Writing data to file  /home/ubuntu/projects/Graphene-Band-Structure-Quantum-Espresso/outputs/field_0/coupled/data/ldos.pp.dat957

     Calling punch_plot, plot_num =   3

     Energy =   4.91790 eV, broadening =   0.01000eV
     Writing data to file  /home/ubuntu/projects/Graphene-Band-Structure-Quantum-Espresso/outputs/field_0/coupled/data/ldos.pp.dat958

     Calling punch_plot, plot_num =   3

     Energy =   4.93790 eV, broadening =   0.01000eV
     Writing data to file  /home/ubuntu/projects/Graphene-Band-Structure-Quantum-Espresso/outputs/field_0/coupled/data/ldos.pp.dat959

     Calling punch_plot, plot_num =   3

     Energy =   4.95790 eV, broadening =   0.01000eV
     Writing data to file  /home/ubuntu/projects/Graphene-Band-Structure-Quantum-Espresso/outputs/field_0/coupled/data/ldos.pp.dat960

     Calling punch_plot, plot_num =   3

     Energy =   4.97790 eV, broadening =   0.01000eV
     Writing data to file  /home/ubuntu/projects/Graphene-Band-Structure-Quantum-Espresso/outputs/field_0/coupled/data/ldos.pp.dat961

     Calling punch_plot, plot_num =   3

     Energy =   4.99790 eV, broadening =   0.01000eV
     Writing data to file  /home/ubuntu/projects/Graphene-Band-Structure-Quantum-Espresso/outputs/field_0/coupled/data/ldos.pp.dat962

     Calling punch_plot, plot_num =   3

     Energy =   5.01790 eV, broadening =   0.01000eV
     Writing data to file  /home/ubuntu/projects/Graphene-Band-Structure-Quantum-Espresso/outputs/field_0/coupled/data/ldos.pp.dat963

     Calling punch_plot, plot_num =   3

     Energy =   5.03790 eV, broadening =   0.01000eV
     Writing data to file  /home/ubuntu/projects/Graphene-Band-Structure-Quantum-Espresso/outputs/field_0/coupled/data/ldos.pp.dat964

     Calling punch_plot, plot_num =   3

     Energy =   5.05790 eV, broadening =   0.01000eV
     Writing data to file  /home/ubuntu/projects/Graphene-Band-Structure-Quantum-Espresso/outputs/field_0/coupled/data/ldos.pp.dat965

     Calling punch_plot, plot_num =   3

     Energy =   5.07790 eV, broadening =   0.01000eV
     Writing data to file  /home/ubuntu/projects/Graphene-Band-Structure-Quantum-Espresso/outputs/field_0/coupled/data/ldos.pp.dat966

     Calling punch_plot, plot_num =   3

     Energy =   5.09790 eV, broadening =   0.01000eV
     Writing data to file  /home/ubuntu/projects/Graphene-Band-Structure-Quantum-Espresso/outputs/field_0/coupled/data/ldos.pp.dat967

     Calling punch_plot, plot_num =   3

     Energy =   5.11790 eV, broadening =   0.01000eV
     Writing data to file  /home/ubuntu/projects/Graphene-Band-Structure-Quantum-Espresso/outputs/field_0/coupled/data/ldos.pp.dat968

     Calling punch_plot, plot_num =   3

     Energy =   5.13790 eV, broadening =   0.01000eV
     Writing data to file  /home/ubuntu/projects/Graphene-Band-Structure-Quantum-Espresso/outputs/field_0/coupled/data/ldos.pp.dat969

     Calling punch_plot, plot_num =   3

     Energy =   5.15790 eV, broadening =   0.01000eV
     Writing data to file  /home/ubuntu/projects/Graphene-Band-Structure-Quantum-Espresso/outputs/field_0/coupled/data/ldos.pp.dat970

     Calling punch_plot, plot_num =   3

     Energy =   5.17790 eV, broadening =   0.01000eV
     Writing data to file  /home/ubuntu/projects/Graphene-Band-Structure-Quantum-Espresso/outputs/field_0/coupled/data/ldos.pp.dat971

     Calling punch_plot, plot_num =   3

     Energy =   5.19790 eV, broadening =   0.01000eV
     Writing data to file  /home/ubuntu/projects/Graphene-Band-Structure-Quantum-Espresso/outputs/field_0/coupled/data/ldos.pp.dat972

     Calling punch_plot, plot_num =   3

     Energy =   5.21790 eV, broadening =   0.01000eV
     Writing data to file  /home/ubuntu/projects/Graphene-Band-Structure-Quantum-Espresso/outputs/field_0/coupled/data/ldos.pp.dat973

     Calling punch_plot, plot_num =   3

     Energy =   5.23790 eV, broadening =   0.01000eV
     Writing data to file  /home/ubuntu/projects/Graphene-Band-Structure-Quantum-Espresso/outputs/field_0/coupled/data/ldos.pp.dat974

     Calling punch_plot, plot_num =   3

     Energy =   5.25790 eV, broadening =   0.01000eV
     Writing data to file  /home/ubuntu/projects/Graphene-Band-Structure-Quantum-Espresso/outputs/field_0/coupled/data/ldos.pp.dat975

     Calling punch_plot, plot_num =   3

     Energy =   5.27790 eV, broadening =   0.01000eV
     Writing data to file  /home/ubuntu/projects/Graphene-Band-Structure-Quantum-Espresso/outputs/field_0/coupled/data/ldos.pp.dat976

     Calling punch_plot, plot_num =   3

     Energy =   5.29790 eV, broadening =   0.01000eV
     Writing data to file  /home/ubuntu/projects/Graphene-Band-Structure-Quantum-Espresso/outputs/field_0/coupled/data/ldos.pp.dat977

     Calling punch_plot, plot_num =   3

     Energy =   5.31790 eV, broadening =   0.01000eV
     Writing data to file  /home/ubuntu/projects/Graphene-Band-Structure-Quantum-Espresso/outputs/field_0/coupled/data/ldos.pp.dat978

     Calling punch_plot, plot_num =   3

     Energy =   5.33790 eV, broadening =   0.01000eV
     Writing data to file  /home/ubuntu/projects/Graphene-Band-Structure-Quantum-Espresso/outputs/field_0/coupled/data/ldos.pp.dat979

     Calling punch_plot, plot_num =   3

     Energy =   5.35790 eV, broadening =   0.01000eV
     Writing data to file  /home/ubuntu/projects/Graphene-Band-Structure-Quantum-Espresso/outputs/field_0/coupled/data/ldos.pp.dat980

     Calling punch_plot, plot_num =   3

     Energy =   5.37790 eV, broadening =   0.01000eV
     Writing data to file  /home/ubuntu/projects/Graphene-Band-Structure-Quantum-Espresso/outputs/field_0/coupled/data/ldos.pp.dat981

     Calling punch_plot, plot_num =   3

     Energy =   5.39790 eV, broadening =   0.01000eV
     Writing data to file  /home/ubuntu/projects/Graphene-Band-Structure-Quantum-Espresso/outputs/field_0/coupled/data/ldos.pp.dat982

     Calling punch_plot, plot_num =   3

     Energy =   5.41790 eV, broadening =   0.01000eV
     Writing data to file  /home/ubuntu/projects/Graphene-Band-Structure-Quantum-Espresso/outputs/field_0/coupled/data/ldos.pp.dat983

     Calling punch_plot, plot_num =   3

     Energy =   5.43790 eV, broadening =   0.01000eV
     Writing data to file  /home/ubuntu/projects/Graphene-Band-Structure-Quantum-Espresso/outputs/field_0/coupled/data/ldos.pp.dat984

     Calling punch_plot, plot_num =   3

     Energy =   5.45790 eV, broadening =   0.01000eV
     Writing data to file  /home/ubuntu/projects/Graphene-Band-Structure-Quantum-Espresso/outputs/field_0/coupled/data/ldos.pp.dat985

     Calling punch_plot, plot_num =   3

     Energy =   5.47790 eV, broadening =   0.01000eV
     Writing data to file  /home/ubuntu/projects/Graphene-Band-Structure-Quantum-Espresso/outputs/field_0/coupled/data/ldos.pp.dat986

     Calling punch_plot, plot_num =   3

     Energy =   5.49790 eV, broadening =   0.01000eV
     Writing data to file  /home/ubuntu/projects/Graphene-Band-Structure-Quantum-Espresso/outputs/field_0/coupled/data/ldos.pp.dat987

     Calling punch_plot, plot_num =   3

     Energy =   5.51790 eV, broadening =   0.01000eV
     Writing data to file  /home/ubuntu/projects/Graphene-Band-Structure-Quantum-Espresso/outputs/field_0/coupled/data/ldos.pp.dat988

     Calling punch_plot, plot_num =   3

     Energy =   5.53790 eV, broadening =   0.01000eV
     Writing data to file  /home/ubuntu/projects/Graphene-Band-Structure-Quantum-Espresso/outputs/field_0/coupled/data/ldos.pp.dat989

     Calling punch_plot, plot_num =   3

     Energy =   5.55790 eV, broadening =   0.01000eV
     Writing data to file  /home/ubuntu/projects/Graphene-Band-Structure-Quantum-Espresso/outputs/field_0/coupled/data/ldos.pp.dat990

     Calling punch_plot, plot_num =   3

     Energy =   5.57790 eV, broadening =   0.01000eV
     Writing data to file  /home/ubuntu/projects/Graphene-Band-Structure-Quantum-Espresso/outputs/field_0/coupled/data/ldos.pp.dat991

     Calling punch_plot, plot_num =   3

     Energy =   5.59790 eV, broadening =   0.01000eV
     Writing data to file  /home/ubuntu/projects/Graphene-Band-Structure-Quantum-Espresso/outputs/field_0/coupled/data/ldos.pp.dat992

     Calling punch_plot, plot_num =   3

     Energy =   5.61790 eV, broadening =   0.01000eV
     Writing data to file  /home/ubuntu/projects/Graphene-Band-Structure-Quantum-Espresso/outputs/field_0/coupled/data/ldos.pp.dat993

     Calling punch_plot, plot_num =   3

     Energy =   5.63790 eV, broadening =   0.01000eV
     Writing data to file  /home/ubuntu/projects/Graphene-Band-Structure-Quantum-Espresso/outputs/field_0/coupled/data/ldos.pp.dat994

     Calling punch_plot, plot_num =   3

     Energy =   5.65790 eV, broadening =   0.01000eV
     Writing data to file  /home/ubuntu/projects/Graphene-Band-Structure-Quantum-Espresso/outputs/field_0/coupled/data/ldos.pp.dat995

     Calling punch_plot, plot_num =   3

     Energy =   5.67790 eV, broadening =   0.01000eV
     Writing data to file  /home/ubuntu/projects/Graphene-Band-Structure-Quantum-Espresso/outputs/field_0/coupled/data/ldos.pp.dat996

     Calling punch_plot, plot_num =   3

     Energy =   5.69790 eV, broadening =   0.01000eV
     Writing data to file  /home/ubuntu/projects/Graphene-Band-Structure-Quantum-Espresso/outputs/field_0/coupled/data/ldos.pp.dat997

     Calling punch_plot, plot_num =   3

     Energy =   5.71790 eV, broadening =   0.01000eV
     Writing data to file  /home/ubuntu/projects/Graphene-Band-Structure-Quantum-Espresso/outputs/field_0/coupled/data/ldos.pp.dat998

     Calling punch_plot, plot_num =   3

     Energy =   5.73790 eV, broadening =   0.01000eV
     Writing data to file  /home/ubuntu/projects/Graphene-Band-Structure-Quantum-Espresso/outputs/field_0/coupled/data/ldos.pp.dat999

     Calling punch_plot, plot_num =   3

     Energy =   5.75790 eV, broadening =   0.01000eV
     Writing data to file  /home/ubuntu/projects/Graphene-Band-Structure-Quantum-Espresso/outputs/field_0/coupled/data/ldos.pp.dat1000

     Calling punch_plot, plot_num =   3

     Energy =   5.77790 eV, broadening =   0.01000eV
     Writing data to file  /home/ubuntu/projects/Graphene-Band-Structure-Quantum-Espresso/outputs/field_0/coupled/data/ldos.pp.dat1001
     Message from routine chdens:
     namelist plot not found or invalid, exiting

     POST-PROC    :  13m43.60s CPU  15m26.03s WALL


   This run was terminated on:  16: 4:19  16Sep2026            

=------------------------------------------------------------------------------=
   JOB DONE.
=------------------------------------------------------------------------------=
