
     Program POST-PROC v.7.6 starts on 19Sep2026 at 20:34:14 

     This program is part of the open-source Quantum ESPRESSO suite
     for quantum simulation of materials; please cite
         "P. Giannozzi et al., J. Phys.:Condens. Matter 21 395502 (2009);
         "P. Giannozzi et al., J. Phys.:Condens. Matter 29 465901 (2017);
         "P. Giannozzi et al., J. Chem. Phys. 152 154105 (2020);
          URL http://www.quantum-espresso.org", 
     in publications or presentations arising from this work. More details at
     http://www.quantum-espresso.org/quote

     Parallel version (MPI), running on     4 processors

     MPI processes distributed on     1 nodes
     R & G space division:  proc/nbgrp/npool/nimage =       4
     793 MiB available memory on the printing compute node when the environment starts


     Reading xml data from directory:

     /home/ubuntu/projects/Graphene-Band-Structure-Quantum-Espresso/outputs/field_0.1/bottom/data/bottom.save/
     file C.pbe-n-kjpaw_psl.1.0.0.UPF: wavefunction(s)  2S 2P renormalized

     IMPORTANT: XC functional enforced from input :
     Exchange-correlation= PBE
                           (   1   4   3   4   0   0   0)
     Any further DFT definition will be discarded
     Please, verify this is what you really want


     Parallelization info
     --------------------
     sticks:   dense  smooth     PW     G-vecs:    dense   smooth      PW
     Min         148      90     30                27908    12992    2618
     Max         150      91     31                27927    13015    2653
     Sum         595     361    121               111671    52021   10519

     Using Slab Decomposition


     Adding external electric field
        E field amplitude [Ha a.u.]:  1.0000E-01
        Potential amp.        7.9425 Ry
        Total length         39.7126 bohr


     Check: negative core charge=   -0.000002

     negative rho (up, down):  1.429E-04 0.000E+00

     Calling punch_plot, plot_num =   3

     Energy = -57.08080 eV, broadening =   0.00367eV
     Writing data to file  /home/ubuntu/projects/Graphene-Band-Structure-Quantum-Espresso/outputs/field_0.1/bottom/data/ldos.pp.dat001

     Calling punch_plot, plot_num =   3

     Energy = -56.98080 eV, broadening =   0.00367eV
     Writing data to file  /home/ubuntu/projects/Graphene-Band-Structure-Quantum-Espresso/outputs/field_0.1/bottom/data/ldos.pp.dat002

     Calling punch_plot, plot_num =   3

     Energy = -56.88080 eV, broadening =   0.00367eV
     Writing data to file  /home/ubuntu/projects/Graphene-Band-Structure-Quantum-Espresso/outputs/field_0.1/bottom/data/ldos.pp.dat003

     Calling punch_plot, plot_num =   3

     Energy = -56.78080 eV, broadening =   0.00367eV
     Writing data to file  /home/ubuntu/projects/Graphene-Band-Structure-Quantum-Espresso/outputs/field_0.1/bottom/data/ldos.pp.dat004

     Calling punch_plot, plot_num =   3

     Energy = -56.68080 eV, broadening =   0.00367eV
     Writing data to file  /home/ubuntu/projects/Graphene-Band-Structure-Quantum-Espresso/outputs/field_0.1/bottom/data/ldos.pp.dat005

     Calling punch_plot, plot_num =   3

     Energy = -56.58080 eV, broadening =   0.00367eV
     Writing data to file  /home/ubuntu/projects/Graphene-Band-Structure-Quantum-Espresso/outputs/field_0.1/bottom/data/ldos.pp.dat006

     Calling punch_plot, plot_num =   3

     Energy = -56.48080 eV, broadening =   0.00367eV
     Writing data to file  /home/ubuntu/projects/Graphene-Band-Structure-Quantum-Espresso/outputs/field_0.1/bottom/data/ldos.pp.dat007

     Calling punch_plot, plot_num =   3

     Energy = -56.38080 eV, broadening =   0.00367eV
     Writing data to file  /home/ubuntu/projects/Graphene-Band-Structure-Quantum-Espresso/outputs/field_0.1/bottom/data/ldos.pp.dat008

     Calling punch_plot, plot_num =   3

     Energy = -56.28080 eV, broadening =   0.00367eV
     Writing data to file  /home/ubuntu/projects/Graphene-Band-Structure-Quantum-Espresso/outputs/field_0.1/bottom/data/ldos.pp.dat009

     Calling punch_plot, plot_num =   3

     Energy = -56.18080 eV, broadening =   0.00367eV
     Writing data to file  /home/ubuntu/projects/Graphene-Band-Structure-Quantum-Espresso/outputs/field_0.1/bottom/data/ldos.pp.dat010

     Calling punch_plot, plot_num =   3

     Energy = -56.08080 eV, broadening =   0.00367eV
     Writing data to file  /home/ubuntu/projects/Graphene-Band-Structure-Quantum-Espresso/outputs/field_0.1/bottom/data/ldos.pp.dat011

     Calling punch_plot, plot_num =   3

     Energy = -55.98080 eV, broadening =   0.00367eV
     Writing data to file  /home/ubuntu/projects/Graphene-Band-Structure-Quantum-Espresso/outputs/field_0.1/bottom/data/ldos.pp.dat012

     Calling punch_plot, plot_num =   3

     Energy = -55.88080 eV, broadening =   0.00367eV
     Writing data to file  /home/ubuntu/projects/Graphene-Band-Structure-Quantum-Espresso/outputs/field_0.1/bottom/data/ldos.pp.dat013

     Calling punch_plot, plot_num =   3

     Energy = -55.78080 eV, broadening =   0.00367eV
     Writing data to file  /home/ubuntu/projects/Graphene-Band-Structure-Quantum-Espresso/outputs/field_0.1/bottom/data/ldos.pp.dat014

     Calling punch_plot, plot_num =   3

     Energy = -55.68080 eV, broadening =   0.00367eV
     Writing data to file  /home/ubuntu/projects/Graphene-Band-Structure-Quantum-Espresso/outputs/field_0.1/bottom/data/ldos.pp.dat015

     Calling punch_plot, plot_num =   3

     Energy = -55.58080 eV, broadening =   0.00367eV
     Writing data to file  /home/ubuntu/projects/Graphene-Band-Structure-Quantum-Espresso/outputs/field_0.1/bottom/data/ldos.pp.dat016

     Calling punch_plot, plot_num =   3

     Energy = -55.48080 eV, broadening =   0.00367eV
     Writing data to file  /home/ubuntu/projects/Graphene-Band-Structure-Quantum-Espresso/outputs/field_0.1/bottom/data/ldos.pp.dat017

     Calling punch_plot, plot_num =   3

     Energy = -55.38080 eV, broadening =   0.00367eV
     Writing data to file  /home/ubuntu/projects/Graphene-Band-Structure-Quantum-Espresso/outputs/field_0.1/bottom/data/ldos.pp.dat018

     Calling punch_plot, plot_num =   3

     Energy = -55.28080 eV, broadening =   0.00367eV
     Writing data to file  /home/ubuntu/projects/Graphene-Band-Structure-Quantum-Espresso/outputs/field_0.1/bottom/data/ldos.pp.dat019

     Calling punch_plot, plot_num =   3

     Energy = -55.18080 eV, broadening =   0.00367eV
     Writing data to file  /home/ubuntu/projects/Graphene-Band-Structure-Quantum-Espresso/outputs/field_0.1/bottom/data/ldos.pp.dat020

     Calling punch_plot, plot_num =   3

     Energy = -55.08080 eV, broadening =   0.00367eV
     Writing data to file  /home/ubuntu/projects/Graphene-Band-Structure-Quantum-Espresso/outputs/field_0.1/bottom/data/ldos.pp.dat021

     Calling punch_plot, plot_num =   3

     Energy = -54.98080 eV, broadening =   0.00367eV
     Writing data to file  /home/ubuntu/projects/Graphene-Band-Structure-Quantum-Espresso/outputs/field_0.1/bottom/data/ldos.pp.dat022

     Calling punch_plot, plot_num =   3

     Energy = -54.88080 eV, broadening =   0.00367eV
     Writing data to file  /home/ubuntu/projects/Graphene-Band-Structure-Quantum-Espresso/outputs/field_0.1/bottom/data/ldos.pp.dat023

     Calling punch_plot, plot_num =   3

     Energy = -54.78080 eV, broadening =   0.00367eV
     Writing data to file  /home/ubuntu/projects/Graphene-Band-Structure-Quantum-Espresso/outputs/field_0.1/bottom/data/ldos.pp.dat024

     Calling punch_plot, plot_num =   3

     Energy = -54.68080 eV, broadening =   0.00367eV
     Writing data to file  /home/ubuntu/projects/Graphene-Band-Structure-Quantum-Espresso/outputs/field_0.1/bottom/data/ldos.pp.dat025

     Calling punch_plot, plot_num =   3

     Energy = -54.58080 eV, broadening =   0.00367eV
     Writing data to file  /home/ubuntu/projects/Graphene-Band-Structure-Quantum-Espresso/outputs/field_0.1/bottom/data/ldos.pp.dat026

     Calling punch_plot, plot_num =   3

     Energy = -54.48080 eV, broadening =   0.00367eV
     Writing data to file  /home/ubuntu/projects/Graphene-Band-Structure-Quantum-Espresso/outputs/field_0.1/bottom/data/ldos.pp.dat027

     Calling punch_plot, plot_num =   3

     Energy = -54.38080 eV, broadening =   0.00367eV
     Writing data to file  /home/ubuntu/projects/Graphene-Band-Structure-Quantum-Espresso/outputs/field_0.1/bottom/data/ldos.pp.dat028

     Calling punch_plot, plot_num =   3

     Energy = -54.28080 eV, broadening =   0.00367eV
     Writing data to file  /home/ubuntu/projects/Graphene-Band-Structure-Quantum-Espresso/outputs/field_0.1/bottom/data/ldos.pp.dat029

     Calling punch_plot, plot_num =   3

     Energy = -54.18080 eV, broadening =   0.00367eV
     Writing data to file  /home/ubuntu/projects/Graphene-Band-Structure-Quantum-Espresso/outputs/field_0.1/bottom/data/ldos.pp.dat030

     Calling punch_plot, plot_num =   3

     Energy = -54.08080 eV, broadening =   0.00367eV
     Writing data to file  /home/ubuntu/projects/Graphene-Band-Structure-Quantum-Espresso/outputs/field_0.1/bottom/data/ldos.pp.dat031

     Calling punch_plot, plot_num =   3

     Energy = -53.98080 eV, broadening =   0.00367eV
     Writing data to file  /home/ubuntu/projects/Graphene-Band-Structure-Quantum-Espresso/outputs/field_0.1/bottom/data/ldos.pp.dat032

     Calling punch_plot, plot_num =   3

     Energy = -53.88080 eV, broadening =   0.00367eV
     Writing data to file  /home/ubuntu/projects/Graphene-Band-Structure-Quantum-Espresso/outputs/field_0.1/bottom/data/ldos.pp.dat033

     Calling punch_plot, plot_num =   3

     Energy = -53.78080 eV, broadening =   0.00367eV
     Writing data to file  /home/ubuntu/projects/Graphene-Band-Structure-Quantum-Espresso/outputs/field_0.1/bottom/data/ldos.pp.dat034

     Calling punch_plot, plot_num =   3

     Energy = -53.68080 eV, broadening =   0.00367eV
     Writing data to file  /home/ubuntu/projects/Graphene-Band-Structure-Quantum-Espresso/outputs/field_0.1/bottom/data/ldos.pp.dat035

     Calling punch_plot, plot_num =   3

     Energy = -53.58080 eV, broadening =   0.00367eV
     Writing data to file  /home/ubuntu/projects/Graphene-Band-Structure-Quantum-Espresso/outputs/field_0.1/bottom/data/ldos.pp.dat036

     Calling punch_plot, plot_num =   3

     Energy = -53.48080 eV, broadening =   0.00367eV
     Writing data to file  /home/ubuntu/projects/Graphene-Band-Structure-Quantum-Espresso/outputs/field_0.1/bottom/data/ldos.pp.dat037

     Calling punch_plot, plot_num =   3

     Energy = -53.38080 eV, broadening =   0.00367eV
     Writing data to file  /home/ubuntu/projects/Graphene-Band-Structure-Quantum-Espresso/outputs/field_0.1/bottom/data/ldos.pp.dat038

     Calling punch_plot, plot_num =   3

     Energy = -53.28080 eV, broadening =   0.00367eV
     Writing data to file  /home/ubuntu/projects/Graphene-Band-Structure-Quantum-Espresso/outputs/field_0.1/bottom/data/ldos.pp.dat039

     Calling punch_plot, plot_num =   3

     Energy = -53.18080 eV, broadening =   0.00367eV
     Writing data to file  /home/ubuntu/projects/Graphene-Band-Structure-Quantum-Espresso/outputs/field_0.1/bottom/data/ldos.pp.dat040

     Calling punch_plot, plot_num =   3

     Energy = -53.08080 eV, broadening =   0.00367eV
     Writing data to file  /home/ubuntu/projects/Graphene-Band-Structure-Quantum-Espresso/outputs/field_0.1/bottom/data/ldos.pp.dat041

     Calling punch_plot, plot_num =   3

     Energy = -52.98080 eV, broadening =   0.00367eV
     Writing data to file  /home/ubuntu/projects/Graphene-Band-Structure-Quantum-Espresso/outputs/field_0.1/bottom/data/ldos.pp.dat042

     Calling punch_plot, plot_num =   3

     Energy = -52.88080 eV, broadening =   0.00367eV
     Writing data to file  /home/ubuntu/projects/Graphene-Band-Structure-Quantum-Espresso/outputs/field_0.1/bottom/data/ldos.pp.dat043

     Calling punch_plot, plot_num =   3

     Energy = -52.78080 eV, broadening =   0.00367eV
     Writing data to file  /home/ubuntu/projects/Graphene-Band-Structure-Quantum-Espresso/outputs/field_0.1/bottom/data/ldos.pp.dat044

     Calling punch_plot, plot_num =   3

     Energy = -52.68080 eV, broadening =   0.00367eV
     Writing data to file  /home/ubuntu/projects/Graphene-Band-Structure-Quantum-Espresso/outputs/field_0.1/bottom/data/ldos.pp.dat045

     Calling punch_plot, plot_num =   3

     Energy = -52.58080 eV, broadening =   0.00367eV
     Writing data to file  /home/ubuntu/projects/Graphene-Band-Structure-Quantum-Espresso/outputs/field_0.1/bottom/data/ldos.pp.dat046

     Calling punch_plot, plot_num =   3

     Energy = -52.48080 eV, broadening =   0.00367eV
     Writing data to file  /home/ubuntu/projects/Graphene-Band-Structure-Quantum-Espresso/outputs/field_0.1/bottom/data/ldos.pp.dat047

     Calling punch_plot, plot_num =   3

     Energy = -52.38080 eV, broadening =   0.00367eV
     Writing data to file  /home/ubuntu/projects/Graphene-Band-Structure-Quantum-Espresso/outputs/field_0.1/bottom/data/ldos.pp.dat048

     Calling punch_plot, plot_num =   3

     Energy = -52.28080 eV, broadening =   0.00367eV
     Writing data to file  /home/ubuntu/projects/Graphene-Band-Structure-Quantum-Espresso/outputs/field_0.1/bottom/data/ldos.pp.dat049

     Calling punch_plot, plot_num =   3

     Energy = -52.18080 eV, broadening =   0.00367eV
     Writing data to file  /home/ubuntu/projects/Graphene-Band-Structure-Quantum-Espresso/outputs/field_0.1/bottom/data/ldos.pp.dat050

     Calling punch_plot, plot_num =   3

     Energy = -52.08080 eV, broadening =   0.00367eV
     Writing data to file  /home/ubuntu/projects/Graphene-Band-Structure-Quantum-Espresso/outputs/field_0.1/bottom/data/ldos.pp.dat051

     Calling punch_plot, plot_num =   3

     Energy = -51.98080 eV, broadening =   0.00367eV
     Writing data to file  /home/ubuntu/projects/Graphene-Band-Structure-Quantum-Espresso/outputs/field_0.1/bottom/data/ldos.pp.dat052

     Calling punch_plot, plot_num =   3

     Energy = -51.88080 eV, broadening =   0.00367eV
     Writing data to file  /home/ubuntu/projects/Graphene-Band-Structure-Quantum-Espresso/outputs/field_0.1/bottom/data/ldos.pp.dat053

     Calling punch_plot, plot_num =   3

     Energy = -51.78080 eV, broadening =   0.00367eV
     Writing data to file  /home/ubuntu/projects/Graphene-Band-Structure-Quantum-Espresso/outputs/field_0.1/bottom/data/ldos.pp.dat054

     Calling punch_plot, plot_num =   3

     Energy = -51.68080 eV, broadening =   0.00367eV
     Writing data to file  /home/ubuntu/projects/Graphene-Band-Structure-Quantum-Espresso/outputs/field_0.1/bottom/data/ldos.pp.dat055

     Calling punch_plot, plot_num =   3

     Energy = -51.58080 eV, broadening =   0.00367eV
     Writing data to file  /home/ubuntu/projects/Graphene-Band-Structure-Quantum-Espresso/outputs/field_0.1/bottom/data/ldos.pp.dat056

     Calling punch_plot, plot_num =   3

     Energy = -51.48080 eV, broadening =   0.00367eV
     Writing data to file  /home/ubuntu/projects/Graphene-Band-Structure-Quantum-Espresso/outputs/field_0.1/bottom/data/ldos.pp.dat057

     Calling punch_plot, plot_num =   3

     Energy = -51.38080 eV, broadening =   0.00367eV
     Writing data to file  /home/ubuntu/projects/Graphene-Band-Structure-Quantum-Espresso/outputs/field_0.1/bottom/data/ldos.pp.dat058

     Calling punch_plot, plot_num =   3

     Energy = -51.28080 eV, broadening =   0.00367eV
     Writing data to file  /home/ubuntu/projects/Graphene-Band-Structure-Quantum-Espresso/outputs/field_0.1/bottom/data/ldos.pp.dat059

     Calling punch_plot, plot_num =   3

     Energy = -51.18080 eV, broadening =   0.00367eV
     Writing data to file  /home/ubuntu/projects/Graphene-Band-Structure-Quantum-Espresso/outputs/field_0.1/bottom/data/ldos.pp.dat060

     Calling punch_plot, plot_num =   3

     Energy = -51.08080 eV, broadening =   0.00367eV
     Writing data to file  /home/ubuntu/projects/Graphene-Band-Structure-Quantum-Espresso/outputs/field_0.1/bottom/data/ldos.pp.dat061

     Calling punch_plot, plot_num =   3

     Energy = -50.98080 eV, broadening =   0.00367eV
     Writing data to file  /home/ubuntu/projects/Graphene-Band-Structure-Quantum-Espresso/outputs/field_0.1/bottom/data/ldos.pp.dat062

     Calling punch_plot, plot_num =   3

     Energy = -50.88080 eV, broadening =   0.00367eV
     Writing data to file  /home/ubuntu/projects/Graphene-Band-Structure-Quantum-Espresso/outputs/field_0.1/bottom/data/ldos.pp.dat063

     Calling punch_plot, plot_num =   3

     Energy = -50.78080 eV, broadening =   0.00367eV
     Writing data to file  /home/ubuntu/projects/Graphene-Band-Structure-Quantum-Espresso/outputs/field_0.1/bottom/data/ldos.pp.dat064

     Calling punch_plot, plot_num =   3

     Energy = -50.68080 eV, broadening =   0.00367eV
     Writing data to file  /home/ubuntu/projects/Graphene-Band-Structure-Quantum-Espresso/outputs/field_0.1/bottom/data/ldos.pp.dat065

     Calling punch_plot, plot_num =   3

     Energy = -50.58080 eV, broadening =   0.00367eV
     Writing data to file  /home/ubuntu/projects/Graphene-Band-Structure-Quantum-Espresso/outputs/field_0.1/bottom/data/ldos.pp.dat066

     Calling punch_plot, plot_num =   3

     Energy = -50.48080 eV, broadening =   0.00367eV
     Writing data to file  /home/ubuntu/projects/Graphene-Band-Structure-Quantum-Espresso/outputs/field_0.1/bottom/data/ldos.pp.dat067

     Calling punch_plot, plot_num =   3

     Energy = -50.38080 eV, broadening =   0.00367eV
     Writing data to file  /home/ubuntu/projects/Graphene-Band-Structure-Quantum-Espresso/outputs/field_0.1/bottom/data/ldos.pp.dat068

     Calling punch_plot, plot_num =   3

     Energy = -50.28080 eV, broadening =   0.00367eV
     Writing data to file  /home/ubuntu/projects/Graphene-Band-Structure-Quantum-Espresso/outputs/field_0.1/bottom/data/ldos.pp.dat069

     Calling punch_plot, plot_num =   3

     Energy = -50.18080 eV, broadening =   0.00367eV
     Writing data to file  /home/ubuntu/projects/Graphene-Band-Structure-Quantum-Espresso/outputs/field_0.1/bottom/data/ldos.pp.dat070

     Calling punch_plot, plot_num =   3

     Energy = -50.08080 eV, broadening =   0.00367eV
     Writing data to file  /home/ubuntu/projects/Graphene-Band-Structure-Quantum-Espresso/outputs/field_0.1/bottom/data/ldos.pp.dat071

     Calling punch_plot, plot_num =   3

     Energy = -49.98080 eV, broadening =   0.00367eV
     Writing data to file  /home/ubuntu/projects/Graphene-Band-Structure-Quantum-Espresso/outputs/field_0.1/bottom/data/ldos.pp.dat072

     Calling punch_plot, plot_num =   3

     Energy = -49.88080 eV, broadening =   0.00367eV
     Writing data to file  /home/ubuntu/projects/Graphene-Band-Structure-Quantum-Espresso/outputs/field_0.1/bottom/data/ldos.pp.dat073

     Calling punch_plot, plot_num =   3

     Energy = -49.78080 eV, broadening =   0.00367eV
     Writing data to file  /home/ubuntu/projects/Graphene-Band-Structure-Quantum-Espresso/outputs/field_0.1/bottom/data/ldos.pp.dat074

     Calling punch_plot, plot_num =   3

     Energy = -49.68080 eV, broadening =   0.00367eV
     Writing data to file  /home/ubuntu/projects/Graphene-Band-Structure-Quantum-Espresso/outputs/field_0.1/bottom/data/ldos.pp.dat075

     Calling punch_plot, plot_num =   3

     Energy = -49.58080 eV, broadening =   0.00367eV
     Writing data to file  /home/ubuntu/projects/Graphene-Band-Structure-Quantum-Espresso/outputs/field_0.1/bottom/data/ldos.pp.dat076

     Calling punch_plot, plot_num =   3

     Energy = -49.48080 eV, broadening =   0.00367eV
     Writing data to file  /home/ubuntu/projects/Graphene-Band-Structure-Quantum-Espresso/outputs/field_0.1/bottom/data/ldos.pp.dat077

     Calling punch_plot, plot_num =   3

     Energy = -49.38080 eV, broadening =   0.00367eV
     Writing data to file  /home/ubuntu/projects/Graphene-Band-Structure-Quantum-Espresso/outputs/field_0.1/bottom/data/ldos.pp.dat078

     Calling punch_plot, plot_num =   3

     Energy = -49.28080 eV, broadening =   0.00367eV
     Writing data to file  /home/ubuntu/projects/Graphene-Band-Structure-Quantum-Espresso/outputs/field_0.1/bottom/data/ldos.pp.dat079

     Calling punch_plot, plot_num =   3

     Energy = -49.18080 eV, broadening =   0.00367eV
     Writing data to file  /home/ubuntu/projects/Graphene-Band-Structure-Quantum-Espresso/outputs/field_0.1/bottom/data/ldos.pp.dat080

     Calling punch_plot, plot_num =   3

     Energy = -49.08080 eV, broadening =   0.00367eV
     Writing data to file  /home/ubuntu/projects/Graphene-Band-Structure-Quantum-Espresso/outputs/field_0.1/bottom/data/ldos.pp.dat081

     Calling punch_plot, plot_num =   3

     Energy = -48.98080 eV, broadening =   0.00367eV
     Writing data to file  /home/ubuntu/projects/Graphene-Band-Structure-Quantum-Espresso/outputs/field_0.1/bottom/data/ldos.pp.dat082

     Calling punch_plot, plot_num =   3

     Energy = -48.88080 eV, broadening =   0.00367eV
     Writing data to file  /home/ubuntu/projects/Graphene-Band-Structure-Quantum-Espresso/outputs/field_0.1/bottom/data/ldos.pp.dat083

     Calling punch_plot, plot_num =   3

     Energy = -48.78080 eV, broadening =   0.00367eV
     Writing data to file  /home/ubuntu/projects/Graphene-Band-Structure-Quantum-Espresso/outputs/field_0.1/bottom/data/ldos.pp.dat084

     Calling punch_plot, plot_num =   3

     Energy = -48.68080 eV, broadening =   0.00367eV
     Writing data to file  /home/ubuntu/projects/Graphene-Band-Structure-Quantum-Espresso/outputs/field_0.1/bottom/data/ldos.pp.dat085

     Calling punch_plot, plot_num =   3

     Energy = -48.58080 eV, broadening =   0.00367eV
     Writing data to file  /home/ubuntu/projects/Graphene-Band-Structure-Quantum-Espresso/outputs/field_0.1/bottom/data/ldos.pp.dat086

     Calling punch_plot, plot_num =   3

     Energy = -48.48080 eV, broadening =   0.00367eV
     Writing data to file  /home/ubuntu/projects/Graphene-Band-Structure-Quantum-Espresso/outputs/field_0.1/bottom/data/ldos.pp.dat087

     Calling punch_plot, plot_num =   3

     Energy = -48.38080 eV, broadening =   0.00367eV
     Writing data to file  /home/ubuntu/projects/Graphene-Band-Structure-Quantum-Espresso/outputs/field_0.1/bottom/data/ldos.pp.dat088

     Calling punch_plot, plot_num =   3

     Energy = -48.28080 eV, broadening =   0.00367eV
     Writing data to file  /home/ubuntu/projects/Graphene-Band-Structure-Quantum-Espresso/outputs/field_0.1/bottom/data/ldos.pp.dat089

     Calling punch_plot, plot_num =   3

     Energy = -48.18080 eV, broadening =   0.00367eV
     Writing data to file  /home/ubuntu/projects/Graphene-Band-Structure-Quantum-Espresso/outputs/field_0.1/bottom/data/ldos.pp.dat090

     Calling punch_plot, plot_num =   3

     Energy = -48.08080 eV, broadening =   0.00367eV
     Writing data to file  /home/ubuntu/projects/Graphene-Band-Structure-Quantum-Espresso/outputs/field_0.1/bottom/data/ldos.pp.dat091

     Calling punch_plot, plot_num =   3

     Energy = -47.98080 eV, broadening =   0.00367eV
     Writing data to file  /home/ubuntu/projects/Graphene-Band-Structure-Quantum-Espresso/outputs/field_0.1/bottom/data/ldos.pp.dat092

     Calling punch_plot, plot_num =   3

     Energy = -47.88080 eV, broadening =   0.00367eV
     Writing data to file  /home/ubuntu/projects/Graphene-Band-Structure-Quantum-Espresso/outputs/field_0.1/bottom/data/ldos.pp.dat093

     Calling punch_plot, plot_num =   3

     Energy = -47.78080 eV, broadening =   0.00367eV
     Writing data to file  /home/ubuntu/projects/Graphene-Band-Structure-Quantum-Espresso/outputs/field_0.1/bottom/data/ldos.pp.dat094

     Calling punch_plot, plot_num =   3

     Energy = -47.68080 eV, broadening =   0.00367eV
     Writing data to file  /home/ubuntu/projects/Graphene-Band-Structure-Quantum-Espresso/outputs/field_0.1/bottom/data/ldos.pp.dat095

     Calling punch_plot, plot_num =   3

     Energy = -47.58080 eV, broadening =   0.00367eV
     Writing data to file  /home/ubuntu/projects/Graphene-Band-Structure-Quantum-Espresso/outputs/field_0.1/bottom/data/ldos.pp.dat096

     Calling punch_plot, plot_num =   3

     Energy = -47.48080 eV, broadening =   0.00367eV
     Writing data to file  /home/ubuntu/projects/Graphene-Band-Structure-Quantum-Espresso/outputs/field_0.1/bottom/data/ldos.pp.dat097

     Calling punch_plot, plot_num =   3

     Energy = -47.38080 eV, broadening =   0.00367eV
     Writing data to file  /home/ubuntu/projects/Graphene-Band-Structure-Quantum-Espresso/outputs/field_0.1/bottom/data/ldos.pp.dat098

     Calling punch_plot, plot_num =   3

     Energy = -47.28080 eV, broadening =   0.00367eV
     Writing data to file  /home/ubuntu/projects/Graphene-Band-Structure-Quantum-Espresso/outputs/field_0.1/bottom/data/ldos.pp.dat099

     Calling punch_plot, plot_num =   3

     Energy = -47.18080 eV, broadening =   0.00367eV
     Writing data to file  /home/ubuntu/projects/Graphene-Band-Structure-Quantum-Espresso/outputs/field_0.1/bottom/data/ldos.pp.dat100

     Calling punch_plot, plot_num =   3

     Energy = -47.08080 eV, broadening =   0.00367eV
     Writing data to file  /home/ubuntu/projects/Graphene-Band-Structure-Quantum-Espresso/outputs/field_0.1/bottom/data/ldos.pp.dat101

     Calling punch_plot, plot_num =   3

     Energy = -46.98080 eV, broadening =   0.00367eV
     Writing data to file  /home/ubuntu/projects/Graphene-Band-Structure-Quantum-Espresso/outputs/field_0.1/bottom/data/ldos.pp.dat102

     Calling punch_plot, plot_num =   3

     Energy = -46.88080 eV, broadening =   0.00367eV
     Writing data to file  /home/ubuntu/projects/Graphene-Band-Structure-Quantum-Espresso/outputs/field_0.1/bottom/data/ldos.pp.dat103

     Calling punch_plot, plot_num =   3

     Energy = -46.78080 eV, broadening =   0.00367eV
     Writing data to file  /home/ubuntu/projects/Graphene-Band-Structure-Quantum-Espresso/outputs/field_0.1/bottom/data/ldos.pp.dat104

     Calling punch_plot, plot_num =   3

     Energy = -46.68080 eV, broadening =   0.00367eV
     Writing data to file  /home/ubuntu/projects/Graphene-Band-Structure-Quantum-Espresso/outputs/field_0.1/bottom/data/ldos.pp.dat105

     Calling punch_plot, plot_num =   3

     Energy = -46.58080 eV, broadening =   0.00367eV
     Writing data to file  /home/ubuntu/projects/Graphene-Band-Structure-Quantum-Espresso/outputs/field_0.1/bottom/data/ldos.pp.dat106

     Calling punch_plot, plot_num =   3

     Energy = -46.48080 eV, broadening =   0.00367eV
     Writing data to file  /home/ubuntu/projects/Graphene-Band-Structure-Quantum-Espresso/outputs/field_0.1/bottom/data/ldos.pp.dat107

     Calling punch_plot, plot_num =   3

     Energy = -46.38080 eV, broadening =   0.00367eV
     Writing data to file  /home/ubuntu/projects/Graphene-Band-Structure-Quantum-Espresso/outputs/field_0.1/bottom/data/ldos.pp.dat108

     Calling punch_plot, plot_num =   3

     Energy = -46.28080 eV, broadening =   0.00367eV
     Writing data to file  /home/ubuntu/projects/Graphene-Band-Structure-Quantum-Espresso/outputs/field_0.1/bottom/data/ldos.pp.dat109

     Calling punch_plot, plot_num =   3

     Energy = -46.18080 eV, broadening =   0.00367eV
     Writing data to file  /home/ubuntu/projects/Graphene-Band-Structure-Quantum-Espresso/outputs/field_0.1/bottom/data/ldos.pp.dat110

     Calling punch_plot, plot_num =   3

     Energy = -46.08080 eV, broadening =   0.00367eV
     Writing data to file  /home/ubuntu/projects/Graphene-Band-Structure-Quantum-Espresso/outputs/field_0.1/bottom/data/ldos.pp.dat111

     Calling punch_plot, plot_num =   3

     Energy = -45.98080 eV, broadening =   0.00367eV
     Writing data to file  /home/ubuntu/projects/Graphene-Band-Structure-Quantum-Espresso/outputs/field_0.1/bottom/data/ldos.pp.dat112

     Calling punch_plot, plot_num =   3

     Energy = -45.88080 eV, broadening =   0.00367eV
     Writing data to file  /home/ubuntu/projects/Graphene-Band-Structure-Quantum-Espresso/outputs/field_0.1/bottom/data/ldos.pp.dat113

     Calling punch_plot, plot_num =   3

     Energy = -45.78080 eV, broadening =   0.00367eV
     Writing data to file  /home/ubuntu/projects/Graphene-Band-Structure-Quantum-Espresso/outputs/field_0.1/bottom/data/ldos.pp.dat114

     Calling punch_plot, plot_num =   3

     Energy = -45.68080 eV, broadening =   0.00367eV
     Writing data to file  /home/ubuntu/projects/Graphene-Band-Structure-Quantum-Espresso/outputs/field_0.1/bottom/data/ldos.pp.dat115

     Calling punch_plot, plot_num =   3

     Energy = -45.58080 eV, broadening =   0.00367eV
     Writing data to file  /home/ubuntu/projects/Graphene-Band-Structure-Quantum-Espresso/outputs/field_0.1/bottom/data/ldos.pp.dat116

     Calling punch_plot, plot_num =   3

     Energy = -45.48080 eV, broadening =   0.00367eV
     Writing data to file  /home/ubuntu/projects/Graphene-Band-Structure-Quantum-Espresso/outputs/field_0.1/bottom/data/ldos.pp.dat117

     Calling punch_plot, plot_num =   3

     Energy = -45.38080 eV, broadening =   0.00367eV
     Writing data to file  /home/ubuntu/projects/Graphene-Band-Structure-Quantum-Espresso/outputs/field_0.1/bottom/data/ldos.pp.dat118

     Calling punch_plot, plot_num =   3

     Energy = -45.28080 eV, broadening =   0.00367eV
     Writing data to file  /home/ubuntu/projects/Graphene-Band-Structure-Quantum-Espresso/outputs/field_0.1/bottom/data/ldos.pp.dat119

     Calling punch_plot, plot_num =   3

     Energy = -45.18080 eV, broadening =   0.00367eV
     Writing data to file  /home/ubuntu/projects/Graphene-Band-Structure-Quantum-Espresso/outputs/field_0.1/bottom/data/ldos.pp.dat120

     Calling punch_plot, plot_num =   3

     Energy = -45.08080 eV, broadening =   0.00367eV
     Writing data to file  /home/ubuntu/projects/Graphene-Band-Structure-Quantum-Espresso/outputs/field_0.1/bottom/data/ldos.pp.dat121

     Calling punch_plot, plot_num =   3

     Energy = -44.98080 eV, broadening =   0.00367eV
     Writing data to file  /home/ubuntu/projects/Graphene-Band-Structure-Quantum-Espresso/outputs/field_0.1/bottom/data/ldos.pp.dat122

     Calling punch_plot, plot_num =   3

     Energy = -44.88080 eV, broadening =   0.00367eV
     Writing data to file  /home/ubuntu/projects/Graphene-Band-Structure-Quantum-Espresso/outputs/field_0.1/bottom/data/ldos.pp.dat123

     Calling punch_plot, plot_num =   3

     Energy = -44.78080 eV, broadening =   0.00367eV
     Writing data to file  /home/ubuntu/projects/Graphene-Band-Structure-Quantum-Espresso/outputs/field_0.1/bottom/data/ldos.pp.dat124

     Calling punch_plot, plot_num =   3

     Energy = -44.68080 eV, broadening =   0.00367eV
     Writing data to file  /home/ubuntu/projects/Graphene-Band-Structure-Quantum-Espresso/outputs/field_0.1/bottom/data/ldos.pp.dat125

     Calling punch_plot, plot_num =   3

     Energy = -44.58080 eV, broadening =   0.00367eV
     Writing data to file  /home/ubuntu/projects/Graphene-Band-Structure-Quantum-Espresso/outputs/field_0.1/bottom/data/ldos.pp.dat126

     Calling punch_plot, plot_num =   3

     Energy = -44.48080 eV, broadening =   0.00367eV
     Writing data to file  /home/ubuntu/projects/Graphene-Band-Structure-Quantum-Espresso/outputs/field_0.1/bottom/data/ldos.pp.dat127

     Calling punch_plot, plot_num =   3

     Energy = -44.38080 eV, broadening =   0.00367eV
     Writing data to file  /home/ubuntu/projects/Graphene-Band-Structure-Quantum-Espresso/outputs/field_0.1/bottom/data/ldos.pp.dat128

     Calling punch_plot, plot_num =   3

     Energy = -44.28080 eV, broadening =   0.00367eV
     Writing data to file  /home/ubuntu/projects/Graphene-Band-Structure-Quantum-Espresso/outputs/field_0.1/bottom/data/ldos.pp.dat129

     Calling punch_plot, plot_num =   3

     Energy = -44.18080 eV, broadening =   0.00367eV
     Writing data to file  /home/ubuntu/projects/Graphene-Band-Structure-Quantum-Espresso/outputs/field_0.1/bottom/data/ldos.pp.dat130

     Calling punch_plot, plot_num =   3

     Energy = -44.08080 eV, broadening =   0.00367eV
     Writing data to file  /home/ubuntu/projects/Graphene-Band-Structure-Quantum-Espresso/outputs/field_0.1/bottom/data/ldos.pp.dat131

     Calling punch_plot, plot_num =   3

     Energy = -43.98080 eV, broadening =   0.00367eV
     Writing data to file  /home/ubuntu/projects/Graphene-Band-Structure-Quantum-Espresso/outputs/field_0.1/bottom/data/ldos.pp.dat132

     Calling punch_plot, plot_num =   3

     Energy = -43.88080 eV, broadening =   0.00367eV
     Writing data to file  /home/ubuntu/projects/Graphene-Band-Structure-Quantum-Espresso/outputs/field_0.1/bottom/data/ldos.pp.dat133

     Calling punch_plot, plot_num =   3

     Energy = -43.78080 eV, broadening =   0.00367eV
     Writing data to file  /home/ubuntu/projects/Graphene-Band-Structure-Quantum-Espresso/outputs/field_0.1/bottom/data/ldos.pp.dat134

     Calling punch_plot, plot_num =   3

     Energy = -43.68080 eV, broadening =   0.00367eV
     Writing data to file  /home/ubuntu/projects/Graphene-Band-Structure-Quantum-Espresso/outputs/field_0.1/bottom/data/ldos.pp.dat135

     Calling punch_plot, plot_num =   3

     Energy = -43.58080 eV, broadening =   0.00367eV
     Writing data to file  /home/ubuntu/projects/Graphene-Band-Structure-Quantum-Espresso/outputs/field_0.1/bottom/data/ldos.pp.dat136

     Calling punch_plot, plot_num =   3

     Energy = -43.48080 eV, broadening =   0.00367eV
     Writing data to file  /home/ubuntu/projects/Graphene-Band-Structure-Quantum-Espresso/outputs/field_0.1/bottom/data/ldos.pp.dat137

     Calling punch_plot, plot_num =   3

     Energy = -43.38080 eV, broadening =   0.00367eV
     Writing data to file  /home/ubuntu/projects/Graphene-Band-Structure-Quantum-Espresso/outputs/field_0.1/bottom/data/ldos.pp.dat138

     Calling punch_plot, plot_num =   3

     Energy = -43.28080 eV, broadening =   0.00367eV
     Writing data to file  /home/ubuntu/projects/Graphene-Band-Structure-Quantum-Espresso/outputs/field_0.1/bottom/data/ldos.pp.dat139

     Calling punch_plot, plot_num =   3

     Energy = -43.18080 eV, broadening =   0.00367eV
     Writing data to file  /home/ubuntu/projects/Graphene-Band-Structure-Quantum-Espresso/outputs/field_0.1/bottom/data/ldos.pp.dat140

     Calling punch_plot, plot_num =   3

     Energy = -43.08080 eV, broadening =   0.00367eV
     Writing data to file  /home/ubuntu/projects/Graphene-Band-Structure-Quantum-Espresso/outputs/field_0.1/bottom/data/ldos.pp.dat141

     Calling punch_plot, plot_num =   3

     Energy = -42.98080 eV, broadening =   0.00367eV
     Writing data to file  /home/ubuntu/projects/Graphene-Band-Structure-Quantum-Espresso/outputs/field_0.1/bottom/data/ldos.pp.dat142

     Calling punch_plot, plot_num =   3

     Energy = -42.88080 eV, broadening =   0.00367eV
     Writing data to file  /home/ubuntu/projects/Graphene-Band-Structure-Quantum-Espresso/outputs/field_0.1/bottom/data/ldos.pp.dat143

     Calling punch_plot, plot_num =   3

     Energy = -42.78080 eV, broadening =   0.00367eV
     Writing data to file  /home/ubuntu/projects/Graphene-Band-Structure-Quantum-Espresso/outputs/field_0.1/bottom/data/ldos.pp.dat144

     Calling punch_plot, plot_num =   3

     Energy = -42.68080 eV, broadening =   0.00367eV
     Writing data to file  /home/ubuntu/projects/Graphene-Band-Structure-Quantum-Espresso/outputs/field_0.1/bottom/data/ldos.pp.dat145

     Calling punch_plot, plot_num =   3

     Energy = -42.58080 eV, broadening =   0.00367eV
     Writing data to file  /home/ubuntu/projects/Graphene-Band-Structure-Quantum-Espresso/outputs/field_0.1/bottom/data/ldos.pp.dat146

     Calling punch_plot, plot_num =   3

     Energy = -42.48080 eV, broadening =   0.00367eV
     Writing data to file  /home/ubuntu/projects/Graphene-Band-Structure-Quantum-Espresso/outputs/field_0.1/bottom/data/ldos.pp.dat147

     Calling punch_plot, plot_num =   3

     Energy = -42.38080 eV, broadening =   0.00367eV
     Writing data to file  /home/ubuntu/projects/Graphene-Band-Structure-Quantum-Espresso/outputs/field_0.1/bottom/data/ldos.pp.dat148

     Calling punch_plot, plot_num =   3

     Energy = -42.28080 eV, broadening =   0.00367eV
     Writing data to file  /home/ubuntu/projects/Graphene-Band-Structure-Quantum-Espresso/outputs/field_0.1/bottom/data/ldos.pp.dat149

     Calling punch_plot, plot_num =   3

     Energy = -42.18080 eV, broadening =   0.00367eV
     Writing data to file  /home/ubuntu/projects/Graphene-Band-Structure-Quantum-Espresso/outputs/field_0.1/bottom/data/ldos.pp.dat150

     Calling punch_plot, plot_num =   3

     Energy = -42.08080 eV, broadening =   0.00367eV
     Writing data to file  /home/ubuntu/projects/Graphene-Band-Structure-Quantum-Espresso/outputs/field_0.1/bottom/data/ldos.pp.dat151

     Calling punch_plot, plot_num =   3

     Energy = -41.98080 eV, broadening =   0.00367eV
     Writing data to file  /home/ubuntu/projects/Graphene-Band-Structure-Quantum-Espresso/outputs/field_0.1/bottom/data/ldos.pp.dat152

     Calling punch_plot, plot_num =   3

     Energy = -41.88080 eV, broadening =   0.00367eV
     Writing data to file  /home/ubuntu/projects/Graphene-Band-Structure-Quantum-Espresso/outputs/field_0.1/bottom/data/ldos.pp.dat153

     Calling punch_plot, plot_num =   3

     Energy = -41.78080 eV, broadening =   0.00367eV
     Writing data to file  /home/ubuntu/projects/Graphene-Band-Structure-Quantum-Espresso/outputs/field_0.1/bottom/data/ldos.pp.dat154

     Calling punch_plot, plot_num =   3

     Energy = -41.68080 eV, broadening =   0.00367eV
     Writing data to file  /home/ubuntu/projects/Graphene-Band-Structure-Quantum-Espresso/outputs/field_0.1/bottom/data/ldos.pp.dat155

     Calling punch_plot, plot_num =   3

     Energy = -41.58080 eV, broadening =   0.00367eV
     Writing data to file  /home/ubuntu/projects/Graphene-Band-Structure-Quantum-Espresso/outputs/field_0.1/bottom/data/ldos.pp.dat156

     Calling punch_plot, plot_num =   3

     Energy = -41.48080 eV, broadening =   0.00367eV
     Writing data to file  /home/ubuntu/projects/Graphene-Band-Structure-Quantum-Espresso/outputs/field_0.1/bottom/data/ldos.pp.dat157

     Calling punch_plot, plot_num =   3

     Energy = -41.38080 eV, broadening =   0.00367eV
     Writing data to file  /home/ubuntu/projects/Graphene-Band-Structure-Quantum-Espresso/outputs/field_0.1/bottom/data/ldos.pp.dat158

     Calling punch_plot, plot_num =   3

     Energy = -41.28080 eV, broadening =   0.00367eV
     Writing data to file  /home/ubuntu/projects/Graphene-Band-Structure-Quantum-Espresso/outputs/field_0.1/bottom/data/ldos.pp.dat159

     Calling punch_plot, plot_num =   3

     Energy = -41.18080 eV, broadening =   0.00367eV
     Writing data to file  /home/ubuntu/projects/Graphene-Band-Structure-Quantum-Espresso/outputs/field_0.1/bottom/data/ldos.pp.dat160

     Calling punch_plot, plot_num =   3

     Energy = -41.08080 eV, broadening =   0.00367eV
     Writing data to file  /home/ubuntu/projects/Graphene-Band-Structure-Quantum-Espresso/outputs/field_0.1/bottom/data/ldos.pp.dat161

     Calling punch_plot, plot_num =   3

     Energy = -40.98080 eV, broadening =   0.00367eV
     Writing data to file  /home/ubuntu/projects/Graphene-Band-Structure-Quantum-Espresso/outputs/field_0.1/bottom/data/ldos.pp.dat162

     Calling punch_plot, plot_num =   3

     Energy = -40.88080 eV, broadening =   0.00367eV
     Writing data to file  /home/ubuntu/projects/Graphene-Band-Structure-Quantum-Espresso/outputs/field_0.1/bottom/data/ldos.pp.dat163

     Calling punch_plot, plot_num =   3

     Energy = -40.78080 eV, broadening =   0.00367eV
     Writing data to file  /home/ubuntu/projects/Graphene-Band-Structure-Quantum-Espresso/outputs/field_0.1/bottom/data/ldos.pp.dat164

     Calling punch_plot, plot_num =   3

     Energy = -40.68080 eV, broadening =   0.00367eV
     Writing data to file  /home/ubuntu/projects/Graphene-Band-Structure-Quantum-Espresso/outputs/field_0.1/bottom/data/ldos.pp.dat165

     Calling punch_plot, plot_num =   3

     Energy = -40.58080 eV, broadening =   0.00367eV
     Writing data to file  /home/ubuntu/projects/Graphene-Band-Structure-Quantum-Espresso/outputs/field_0.1/bottom/data/ldos.pp.dat166

     Calling punch_plot, plot_num =   3

     Energy = -40.48080 eV, broadening =   0.00367eV
     Writing data to file  /home/ubuntu/projects/Graphene-Band-Structure-Quantum-Espresso/outputs/field_0.1/bottom/data/ldos.pp.dat167

     Calling punch_plot, plot_num =   3

     Energy = -40.38080 eV, broadening =   0.00367eV
     Writing data to file  /home/ubuntu/projects/Graphene-Band-Structure-Quantum-Espresso/outputs/field_0.1/bottom/data/ldos.pp.dat168

     Calling punch_plot, plot_num =   3

     Energy = -40.28080 eV, broadening =   0.00367eV
     Writing data to file  /home/ubuntu/projects/Graphene-Band-Structure-Quantum-Espresso/outputs/field_0.1/bottom/data/ldos.pp.dat169

     Calling punch_plot, plot_num =   3

     Energy = -40.18080 eV, broadening =   0.00367eV
     Writing data to file  /home/ubuntu/projects/Graphene-Band-Structure-Quantum-Espresso/outputs/field_0.1/bottom/data/ldos.pp.dat170

     Calling punch_plot, plot_num =   3

     Energy = -40.08080 eV, broadening =   0.00367eV
     Writing data to file  /home/ubuntu/projects/Graphene-Band-Structure-Quantum-Espresso/outputs/field_0.1/bottom/data/ldos.pp.dat171

     Calling punch_plot, plot_num =   3

     Energy = -39.98080 eV, broadening =   0.00367eV
     Writing data to file  /home/ubuntu/projects/Graphene-Band-Structure-Quantum-Espresso/outputs/field_0.1/bottom/data/ldos.pp.dat172

     Calling punch_plot, plot_num =   3

     Energy = -39.88080 eV, broadening =   0.00367eV
     Writing data to file  /home/ubuntu/projects/Graphene-Band-Structure-Quantum-Espresso/outputs/field_0.1/bottom/data/ldos.pp.dat173

     Calling punch_plot, plot_num =   3

     Energy = -39.78080 eV, broadening =   0.00367eV
     Writing data to file  /home/ubuntu/projects/Graphene-Band-Structure-Quantum-Espresso/outputs/field_0.1/bottom/data/ldos.pp.dat174

     Calling punch_plot, plot_num =   3

     Energy = -39.68080 eV, broadening =   0.00367eV
     Writing data to file  /home/ubuntu/projects/Graphene-Band-Structure-Quantum-Espresso/outputs/field_0.1/bottom/data/ldos.pp.dat175

     Calling punch_plot, plot_num =   3

     Energy = -39.58080 eV, broadening =   0.00367eV
     Writing data to file  /home/ubuntu/projects/Graphene-Band-Structure-Quantum-Espresso/outputs/field_0.1/bottom/data/ldos.pp.dat176

     Calling punch_plot, plot_num =   3

     Energy = -39.48080 eV, broadening =   0.00367eV
     Writing data to file  /home/ubuntu/projects/Graphene-Band-Structure-Quantum-Espresso/outputs/field_0.1/bottom/data/ldos.pp.dat177

     Calling punch_plot, plot_num =   3

     Energy = -39.38080 eV, broadening =   0.00367eV
     Writing data to file  /home/ubuntu/projects/Graphene-Band-Structure-Quantum-Espresso/outputs/field_0.1/bottom/data/ldos.pp.dat178

     Calling punch_plot, plot_num =   3

     Energy = -39.28080 eV, broadening =   0.00367eV
     Writing data to file  /home/ubuntu/projects/Graphene-Band-Structure-Quantum-Espresso/outputs/field_0.1/bottom/data/ldos.pp.dat179

     Calling punch_plot, plot_num =   3

     Energy = -39.18080 eV, broadening =   0.00367eV
     Writing data to file  /home/ubuntu/projects/Graphene-Band-Structure-Quantum-Espresso/outputs/field_0.1/bottom/data/ldos.pp.dat180

     Calling punch_plot, plot_num =   3

     Energy = -39.08080 eV, broadening =   0.00367eV
     Writing data to file  /home/ubuntu/projects/Graphene-Band-Structure-Quantum-Espresso/outputs/field_0.1/bottom/data/ldos.pp.dat181

     Calling punch_plot, plot_num =   3

     Energy = -38.98080 eV, broadening =   0.00367eV
     Writing data to file  /home/ubuntu/projects/Graphene-Band-Structure-Quantum-Espresso/outputs/field_0.1/bottom/data/ldos.pp.dat182

     Calling punch_plot, plot_num =   3

     Energy = -38.88080 eV, broadening =   0.00367eV
     Writing data to file  /home/ubuntu/projects/Graphene-Band-Structure-Quantum-Espresso/outputs/field_0.1/bottom/data/ldos.pp.dat183

     Calling punch_plot, plot_num =   3

     Energy = -38.78080 eV, broadening =   0.00367eV
     Writing data to file  /home/ubuntu/projects/Graphene-Band-Structure-Quantum-Espresso/outputs/field_0.1/bottom/data/ldos.pp.dat184

     Calling punch_plot, plot_num =   3

     Energy = -38.68080 eV, broadening =   0.00367eV
     Writing data to file  /home/ubuntu/projects/Graphene-Band-Structure-Quantum-Espresso/outputs/field_0.1/bottom/data/ldos.pp.dat185

     Calling punch_plot, plot_num =   3

     Energy = -38.58080 eV, broadening =   0.00367eV
     Writing data to file  /home/ubuntu/projects/Graphene-Band-Structure-Quantum-Espresso/outputs/field_0.1/bottom/data/ldos.pp.dat186

     Calling punch_plot, plot_num =   3

     Energy = -38.48080 eV, broadening =   0.00367eV
     Writing data to file  /home/ubuntu/projects/Graphene-Band-Structure-Quantum-Espresso/outputs/field_0.1/bottom/data/ldos.pp.dat187

     Calling punch_plot, plot_num =   3

     Energy = -38.38080 eV, broadening =   0.00367eV
     Writing data to file  /home/ubuntu/projects/Graphene-Band-Structure-Quantum-Espresso/outputs/field_0.1/bottom/data/ldos.pp.dat188

     Calling punch_plot, plot_num =   3

     Energy = -38.28080 eV, broadening =   0.00367eV
     Writing data to file  /home/ubuntu/projects/Graphene-Band-Structure-Quantum-Espresso/outputs/field_0.1/bottom/data/ldos.pp.dat189

     Calling punch_plot, plot_num =   3

     Energy = -38.18080 eV, broadening =   0.00367eV
     Writing data to file  /home/ubuntu/projects/Graphene-Band-Structure-Quantum-Espresso/outputs/field_0.1/bottom/data/ldos.pp.dat190

     Calling punch_plot, plot_num =   3

     Energy = -38.08080 eV, broadening =   0.00367eV
     Writing data to file  /home/ubuntu/projects/Graphene-Band-Structure-Quantum-Espresso/outputs/field_0.1/bottom/data/ldos.pp.dat191

     Calling punch_plot, plot_num =   3

     Energy = -37.98080 eV, broadening =   0.00367eV
     Writing data to file  /home/ubuntu/projects/Graphene-Band-Structure-Quantum-Espresso/outputs/field_0.1/bottom/data/ldos.pp.dat192

     Calling punch_plot, plot_num =   3

     Energy = -37.88080 eV, broadening =   0.00367eV
     Writing data to file  /home/ubuntu/projects/Graphene-Band-Structure-Quantum-Espresso/outputs/field_0.1/bottom/data/ldos.pp.dat193

     Calling punch_plot, plot_num =   3

     Energy = -37.78080 eV, broadening =   0.00367eV
     Writing data to file  /home/ubuntu/projects/Graphene-Band-Structure-Quantum-Espresso/outputs/field_0.1/bottom/data/ldos.pp.dat194

     Calling punch_plot, plot_num =   3

     Energy = -37.68080 eV, broadening =   0.00367eV
     Writing data to file  /home/ubuntu/projects/Graphene-Band-Structure-Quantum-Espresso/outputs/field_0.1/bottom/data/ldos.pp.dat195

     Calling punch_plot, plot_num =   3

     Energy = -37.58080 eV, broadening =   0.00367eV
     Writing data to file  /home/ubuntu/projects/Graphene-Band-Structure-Quantum-Espresso/outputs/field_0.1/bottom/data/ldos.pp.dat196

     Calling punch_plot, plot_num =   3

     Energy = -37.48080 eV, broadening =   0.00367eV
     Writing data to file  /home/ubuntu/projects/Graphene-Band-Structure-Quantum-Espresso/outputs/field_0.1/bottom/data/ldos.pp.dat197

     Calling punch_plot, plot_num =   3

     Energy = -37.38080 eV, broadening =   0.00367eV
     Writing data to file  /home/ubuntu/projects/Graphene-Band-Structure-Quantum-Espresso/outputs/field_0.1/bottom/data/ldos.pp.dat198

     Calling punch_plot, plot_num =   3

     Energy = -37.28080 eV, broadening =   0.00367eV
     Writing data to file  /home/ubuntu/projects/Graphene-Band-Structure-Quantum-Espresso/outputs/field_0.1/bottom/data/ldos.pp.dat199

     Calling punch_plot, plot_num =   3

     Energy = -37.18080 eV, broadening =   0.00367eV
     Writing data to file  /home/ubuntu/projects/Graphene-Band-Structure-Quantum-Espresso/outputs/field_0.1/bottom/data/ldos.pp.dat200

     Calling punch_plot, plot_num =   3

     Energy = -37.08080 eV, broadening =   0.00367eV
     Writing data to file  /home/ubuntu/projects/Graphene-Band-Structure-Quantum-Espresso/outputs/field_0.1/bottom/data/ldos.pp.dat201
     Reading data from file  /home/ubuntu/projects/Graphene-Band-Structure-Quantum-Espresso/outputs/field_0.1/bottom/data/ldos.pp.dat001

     Writing data to be plotted to file /home/ubuntu/projects/Graphene-Band-Structure-Quantum-Espresso/outputs/field_0.1/bottom/data/ldos.pp.dat001.cube
     Plot Type: 3D                     Output format: Gaussian cube
     Reading data from file  /home/ubuntu/projects/Graphene-Band-Structure-Quantum-Espresso/outputs/field_0.1/bottom/data/ldos.pp.dat002

     Writing data to be plotted to file /home/ubuntu/projects/Graphene-Band-Structure-Quantum-Espresso/outputs/field_0.1/bottom/data/ldos.pp.dat002.cube
     Plot Type: 3D                     Output format: Gaussian cube
     Reading data from file  /home/ubuntu/projects/Graphene-Band-Structure-Quantum-Espresso/outputs/field_0.1/bottom/data/ldos.pp.dat003

     Writing data to be plotted to file /home/ubuntu/projects/Graphene-Band-Structure-Quantum-Espresso/outputs/field_0.1/bottom/data/ldos.pp.dat003.cube
     Plot Type: 3D                     Output format: Gaussian cube
     Reading data from file  /home/ubuntu/projects/Graphene-Band-Structure-Quantum-Espresso/outputs/field_0.1/bottom/data/ldos.pp.dat004

     Writing data to be plotted to file /home/ubuntu/projects/Graphene-Band-Structure-Quantum-Espresso/outputs/field_0.1/bottom/data/ldos.pp.dat004.cube
     Plot Type: 3D                     Output format: Gaussian cube
     Reading data from file  /home/ubuntu/projects/Graphene-Band-Structure-Quantum-Espresso/outputs/field_0.1/bottom/data/ldos.pp.dat005

     Writing data to be plotted to file /home/ubuntu/projects/Graphene-Band-Structure-Quantum-Espresso/outputs/field_0.1/bottom/data/ldos.pp.dat005.cube
     Plot Type: 3D                     Output format: Gaussian cube
     Reading data from file  /home/ubuntu/projects/Graphene-Band-Structure-Quantum-Espresso/outputs/field_0.1/bottom/data/ldos.pp.dat006

     Writing data to be plotted to file /home/ubuntu/projects/Graphene-Band-Structure-Quantum-Espresso/outputs/field_0.1/bottom/data/ldos.pp.dat006.cube
     Plot Type: 3D                     Output format: Gaussian cube
     Reading data from file  /home/ubuntu/projects/Graphene-Band-Structure-Quantum-Espresso/outputs/field_0.1/bottom/data/ldos.pp.dat007

     Writing data to be plotted to file /home/ubuntu/projects/Graphene-Band-Structure-Quantum-Espresso/outputs/field_0.1/bottom/data/ldos.pp.dat007.cube
     Plot Type: 3D                     Output format: Gaussian cube
     Reading data from file  /home/ubuntu/projects/Graphene-Band-Structure-Quantum-Espresso/outputs/field_0.1/bottom/data/ldos.pp.dat008

     Writing data to be plotted to file /home/ubuntu/projects/Graphene-Band-Structure-Quantum-Espresso/outputs/field_0.1/bottom/data/ldos.pp.dat008.cube
     Plot Type: 3D                     Output format: Gaussian cube
     Reading data from file  /home/ubuntu/projects/Graphene-Band-Structure-Quantum-Espresso/outputs/field_0.1/bottom/data/ldos.pp.dat009

     Writing data to be plotted to file /home/ubuntu/projects/Graphene-Band-Structure-Quantum-Espresso/outputs/field_0.1/bottom/data/ldos.pp.dat009.cube
     Plot Type: 3D                     Output format: Gaussian cube
     Reading data from file  /home/ubuntu/projects/Graphene-Band-Structure-Quantum-Espresso/outputs/field_0.1/bottom/data/ldos.pp.dat010

     Writing data to be plotted to file /home/ubuntu/projects/Graphene-Band-Structure-Quantum-Espresso/outputs/field_0.1/bottom/data/ldos.pp.dat010.cube
     Plot Type: 3D                     Output format: Gaussian cube
     Reading data from file  /home/ubuntu/projects/Graphene-Band-Structure-Quantum-Espresso/outputs/field_0.1/bottom/data/ldos.pp.dat011

     Writing data to be plotted to file /home/ubuntu/projects/Graphene-Band-Structure-Quantum-Espresso/outputs/field_0.1/bottom/data/ldos.pp.dat011.cube
     Plot Type: 3D                     Output format: Gaussian cube
     Reading data from file  /home/ubuntu/projects/Graphene-Band-Structure-Quantum-Espresso/outputs/field_0.1/bottom/data/ldos.pp.dat012

     Writing data to be plotted to file /home/ubuntu/projects/Graphene-Band-Structure-Quantum-Espresso/outputs/field_0.1/bottom/data/ldos.pp.dat012.cube
     Plot Type: 3D                     Output format: Gaussian cube
     Reading data from file  /home/ubuntu/projects/Graphene-Band-Structure-Quantum-Espresso/outputs/field_0.1/bottom/data/ldos.pp.dat013

     Writing data to be plotted to file /home/ubuntu/projects/Graphene-Band-Structure-Quantum-Espresso/outputs/field_0.1/bottom/data/ldos.pp.dat013.cube
     Plot Type: 3D                     Output format: Gaussian cube
     Reading data from file  /home/ubuntu/projects/Graphene-Band-Structure-Quantum-Espresso/outputs/field_0.1/bottom/data/ldos.pp.dat014

     Writing data to be plotted to file /home/ubuntu/projects/Graphene-Band-Structure-Quantum-Espresso/outputs/field_0.1/bottom/data/ldos.pp.dat014.cube
     Plot Type: 3D                     Output format: Gaussian cube
     Reading data from file  /home/ubuntu/projects/Graphene-Band-Structure-Quantum-Espresso/outputs/field_0.1/bottom/data/ldos.pp.dat015

     Writing data to be plotted to file /home/ubuntu/projects/Graphene-Band-Structure-Quantum-Espresso/outputs/field_0.1/bottom/data/ldos.pp.dat015.cube
     Plot Type: 3D                     Output format: Gaussian cube
     Reading data from file  /home/ubuntu/projects/Graphene-Band-Structure-Quantum-Espresso/outputs/field_0.1/bottom/data/ldos.pp.dat016

     Writing data to be plotted to file /home/ubuntu/projects/Graphene-Band-Structure-Quantum-Espresso/outputs/field_0.1/bottom/data/ldos.pp.dat016.cube
     Plot Type: 3D                     Output format: Gaussian cube
     Reading data from file  /home/ubuntu/projects/Graphene-Band-Structure-Quantum-Espresso/outputs/field_0.1/bottom/data/ldos.pp.dat017

     Writing data to be plotted to file /home/ubuntu/projects/Graphene-Band-Structure-Quantum-Espresso/outputs/field_0.1/bottom/data/ldos.pp.dat017.cube
     Plot Type: 3D                     Output format: Gaussian cube
     Reading data from file  /home/ubuntu/projects/Graphene-Band-Structure-Quantum-Espresso/outputs/field_0.1/bottom/data/ldos.pp.dat018

     Writing data to be plotted to file /home/ubuntu/projects/Graphene-Band-Structure-Quantum-Espresso/outputs/field_0.1/bottom/data/ldos.pp.dat018.cube
     Plot Type: 3D                     Output format: Gaussian cube
     Reading data from file  /home/ubuntu/projects/Graphene-Band-Structure-Quantum-Espresso/outputs/field_0.1/bottom/data/ldos.pp.dat019

     Writing data to be plotted to file /home/ubuntu/projects/Graphene-Band-Structure-Quantum-Espresso/outputs/field_0.1/bottom/data/ldos.pp.dat019.cube
     Plot Type: 3D                     Output format: Gaussian cube
     Reading data from file  /home/ubuntu/projects/Graphene-Band-Structure-Quantum-Espresso/outputs/field_0.1/bottom/data/ldos.pp.dat020

     Writing data to be plotted to file /home/ubuntu/projects/Graphene-Band-Structure-Quantum-Espresso/outputs/field_0.1/bottom/data/ldos.pp.dat020.cube
     Plot Type: 3D                     Output format: Gaussian cube
     Reading data from file  /home/ubuntu/projects/Graphene-Band-Structure-Quantum-Espresso/outputs/field_0.1/bottom/data/ldos.pp.dat021

     Writing data to be plotted to file /home/ubuntu/projects/Graphene-Band-Structure-Quantum-Espresso/outputs/field_0.1/bottom/data/ldos.pp.dat021.cube
     Plot Type: 3D                     Output format: Gaussian cube
     Reading data from file  /home/ubuntu/projects/Graphene-Band-Structure-Quantum-Espresso/outputs/field_0.1/bottom/data/ldos.pp.dat022

     Writing data to be plotted to file /home/ubuntu/projects/Graphene-Band-Structure-Quantum-Espresso/outputs/field_0.1/bottom/data/ldos.pp.dat022.cube
     Plot Type: 3D                     Output format: Gaussian cube
     Reading data from file  /home/ubuntu/projects/Graphene-Band-Structure-Quantum-Espresso/outputs/field_0.1/bottom/data/ldos.pp.dat023

     Writing data to be plotted to file /home/ubuntu/projects/Graphene-Band-Structure-Quantum-Espresso/outputs/field_0.1/bottom/data/ldos.pp.dat023.cube
     Plot Type: 3D                     Output format: Gaussian cube
     Reading data from file  /home/ubuntu/projects/Graphene-Band-Structure-Quantum-Espresso/outputs/field_0.1/bottom/data/ldos.pp.dat024

     Writing data to be plotted to file /home/ubuntu/projects/Graphene-Band-Structure-Quantum-Espresso/outputs/field_0.1/bottom/data/ldos.pp.dat024.cube
     Plot Type: 3D                     Output format: Gaussian cube
     Reading data from file  /home/ubuntu/projects/Graphene-Band-Structure-Quantum-Espresso/outputs/field_0.1/bottom/data/ldos.pp.dat025

     Writing data to be plotted to file /home/ubuntu/projects/Graphene-Band-Structure-Quantum-Espresso/outputs/field_0.1/bottom/data/ldos.pp.dat025.cube
     Plot Type: 3D                     Output format: Gaussian cube
     Reading data from file  /home/ubuntu/projects/Graphene-Band-Structure-Quantum-Espresso/outputs/field_0.1/bottom/data/ldos.pp.dat026

     Writing data to be plotted to file /home/ubuntu/projects/Graphene-Band-Structure-Quantum-Espresso/outputs/field_0.1/bottom/data/ldos.pp.dat026.cube
     Plot Type: 3D                     Output format: Gaussian cube
     Reading data from file  /home/ubuntu/projects/Graphene-Band-Structure-Quantum-Espresso/outputs/field_0.1/bottom/data/ldos.pp.dat027

     Writing data to be plotted to file /home/ubuntu/projects/Graphene-Band-Structure-Quantum-Espresso/outputs/field_0.1/bottom/data/ldos.pp.dat027.cube
     Plot Type: 3D                     Output format: Gaussian cube
     Reading data from file  /home/ubuntu/projects/Graphene-Band-Structure-Quantum-Espresso/outputs/field_0.1/bottom/data/ldos.pp.dat028

     Writing data to be plotted to file /home/ubuntu/projects/Graphene-Band-Structure-Quantum-Espresso/outputs/field_0.1/bottom/data/ldos.pp.dat028.cube
     Plot Type: 3D                     Output format: Gaussian cube
     Reading data from file  /home/ubuntu/projects/Graphene-Band-Structure-Quantum-Espresso/outputs/field_0.1/bottom/data/ldos.pp.dat029

     Writing data to be plotted to file /home/ubuntu/projects/Graphene-Band-Structure-Quantum-Espresso/outputs/field_0.1/bottom/data/ldos.pp.dat029.cube
     Plot Type: 3D                     Output format: Gaussian cube
     Reading data from file  /home/ubuntu/projects/Graphene-Band-Structure-Quantum-Espresso/outputs/field_0.1/bottom/data/ldos.pp.dat030

     Writing data to be plotted to file /home/ubuntu/projects/Graphene-Band-Structure-Quantum-Espresso/outputs/field_0.1/bottom/data/ldos.pp.dat030.cube
     Plot Type: 3D                     Output format: Gaussian cube
     Reading data from file  /home/ubuntu/projects/Graphene-Band-Structure-Quantum-Espresso/outputs/field_0.1/bottom/data/ldos.pp.dat031

     Writing data to be plotted to file /home/ubuntu/projects/Graphene-Band-Structure-Quantum-Espresso/outputs/field_0.1/bottom/data/ldos.pp.dat031.cube
     Plot Type: 3D                     Output format: Gaussian cube
     Reading data from file  /home/ubuntu/projects/Graphene-Band-Structure-Quantum-Espresso/outputs/field_0.1/bottom/data/ldos.pp.dat032

     Writing data to be plotted to file /home/ubuntu/projects/Graphene-Band-Structure-Quantum-Espresso/outputs/field_0.1/bottom/data/ldos.pp.dat032.cube
     Plot Type: 3D                     Output format: Gaussian cube
     Reading data from file  /home/ubuntu/projects/Graphene-Band-Structure-Quantum-Espresso/outputs/field_0.1/bottom/data/ldos.pp.dat033

     Writing data to be plotted to file /home/ubuntu/projects/Graphene-Band-Structure-Quantum-Espresso/outputs/field_0.1/bottom/data/ldos.pp.dat033.cube
     Plot Type: 3D                     Output format: Gaussian cube
     Reading data from file  /home/ubuntu/projects/Graphene-Band-Structure-Quantum-Espresso/outputs/field_0.1/bottom/data/ldos.pp.dat034

     Writing data to be plotted to file /home/ubuntu/projects/Graphene-Band-Structure-Quantum-Espresso/outputs/field_0.1/bottom/data/ldos.pp.dat034.cube
     Plot Type: 3D                     Output format: Gaussian cube
     Reading data from file  /home/ubuntu/projects/Graphene-Band-Structure-Quantum-Espresso/outputs/field_0.1/bottom/data/ldos.pp.dat035

     Writing data to be plotted to file /home/ubuntu/projects/Graphene-Band-Structure-Quantum-Espresso/outputs/field_0.1/bottom/data/ldos.pp.dat035.cube
     Plot Type: 3D                     Output format: Gaussian cube
     Reading data from file  /home/ubuntu/projects/Graphene-Band-Structure-Quantum-Espresso/outputs/field_0.1/bottom/data/ldos.pp.dat036

     Writing data to be plotted to file /home/ubuntu/projects/Graphene-Band-Structure-Quantum-Espresso/outputs/field_0.1/bottom/data/ldos.pp.dat036.cube
     Plot Type: 3D                     Output format: Gaussian cube
     Reading data from file  /home/ubuntu/projects/Graphene-Band-Structure-Quantum-Espresso/outputs/field_0.1/bottom/data/ldos.pp.dat037

     Writing data to be plotted to file /home/ubuntu/projects/Graphene-Band-Structure-Quantum-Espresso/outputs/field_0.1/bottom/data/ldos.pp.dat037.cube
     Plot Type: 3D                     Output format: Gaussian cube
     Reading data from file  /home/ubuntu/projects/Graphene-Band-Structure-Quantum-Espresso/outputs/field_0.1/bottom/data/ldos.pp.dat038

     Writing data to be plotted to file /home/ubuntu/projects/Graphene-Band-Structure-Quantum-Espresso/outputs/field_0.1/bottom/data/ldos.pp.dat038.cube
     Plot Type: 3D                     Output format: Gaussian cube
     Reading data from file  /home/ubuntu/projects/Graphene-Band-Structure-Quantum-Espresso/outputs/field_0.1/bottom/data/ldos.pp.dat039

     Writing data to be plotted to file /home/ubuntu/projects/Graphene-Band-Structure-Quantum-Espresso/outputs/field_0.1/bottom/data/ldos.pp.dat039.cube
     Plot Type: 3D                     Output format: Gaussian cube
     Reading data from file  /home/ubuntu/projects/Graphene-Band-Structure-Quantum-Espresso/outputs/field_0.1/bottom/data/ldos.pp.dat040

     Writing data to be plotted to file /home/ubuntu/projects/Graphene-Band-Structure-Quantum-Espresso/outputs/field_0.1/bottom/data/ldos.pp.dat040.cube
     Plot Type: 3D                     Output format: Gaussian cube
     Reading data from file  /home/ubuntu/projects/Graphene-Band-Structure-Quantum-Espresso/outputs/field_0.1/bottom/data/ldos.pp.dat041

     Writing data to be plotted to file /home/ubuntu/projects/Graphene-Band-Structure-Quantum-Espresso/outputs/field_0.1/bottom/data/ldos.pp.dat041.cube
     Plot Type: 3D                     Output format: Gaussian cube
     Reading data from file  /home/ubuntu/projects/Graphene-Band-Structure-Quantum-Espresso/outputs/field_0.1/bottom/data/ldos.pp.dat042

     Writing data to be plotted to file /home/ubuntu/projects/Graphene-Band-Structure-Quantum-Espresso/outputs/field_0.1/bottom/data/ldos.pp.dat042.cube
     Plot Type: 3D                     Output format: Gaussian cube
     Reading data from file  /home/ubuntu/projects/Graphene-Band-Structure-Quantum-Espresso/outputs/field_0.1/bottom/data/ldos.pp.dat043

     Writing data to be plotted to file /home/ubuntu/projects/Graphene-Band-Structure-Quantum-Espresso/outputs/field_0.1/bottom/data/ldos.pp.dat043.cube
     Plot Type: 3D                     Output format: Gaussian cube
     Reading data from file  /home/ubuntu/projects/Graphene-Band-Structure-Quantum-Espresso/outputs/field_0.1/bottom/data/ldos.pp.dat044

     Writing data to be plotted to file /home/ubuntu/projects/Graphene-Band-Structure-Quantum-Espresso/outputs/field_0.1/bottom/data/ldos.pp.dat044.cube
     Plot Type: 3D                     Output format: Gaussian cube
     Reading data from file  /home/ubuntu/projects/Graphene-Band-Structure-Quantum-Espresso/outputs/field_0.1/bottom/data/ldos.pp.dat045

     Writing data to be plotted to file /home/ubuntu/projects/Graphene-Band-Structure-Quantum-Espresso/outputs/field_0.1/bottom/data/ldos.pp.dat045.cube
     Plot Type: 3D                     Output format: Gaussian cube
     Reading data from file  /home/ubuntu/projects/Graphene-Band-Structure-Quantum-Espresso/outputs/field_0.1/bottom/data/ldos.pp.dat046

     Writing data to be plotted to file /home/ubuntu/projects/Graphene-Band-Structure-Quantum-Espresso/outputs/field_0.1/bottom/data/ldos.pp.dat046.cube
     Plot Type: 3D                     Output format: Gaussian cube
     Reading data from file  /home/ubuntu/projects/Graphene-Band-Structure-Quantum-Espresso/outputs/field_0.1/bottom/data/ldos.pp.dat047

     Writing data to be plotted to file /home/ubuntu/projects/Graphene-Band-Structure-Quantum-Espresso/outputs/field_0.1/bottom/data/ldos.pp.dat047.cube
     Plot Type: 3D                     Output format: Gaussian cube
     Reading data from file  /home/ubuntu/projects/Graphene-Band-Structure-Quantum-Espresso/outputs/field_0.1/bottom/data/ldos.pp.dat048

     Writing data to be plotted to file /home/ubuntu/projects/Graphene-Band-Structure-Quantum-Espresso/outputs/field_0.1/bottom/data/ldos.pp.dat048.cube
     Plot Type: 3D                     Output format: Gaussian cube
     Reading data from file  /home/ubuntu/projects/Graphene-Band-Structure-Quantum-Espresso/outputs/field_0.1/bottom/data/ldos.pp.dat049

     Writing data to be plotted to file /home/ubuntu/projects/Graphene-Band-Structure-Quantum-Espresso/outputs/field_0.1/bottom/data/ldos.pp.dat049.cube
     Plot Type: 3D                     Output format: Gaussian cube
     Reading data from file  /home/ubuntu/projects/Graphene-Band-Structure-Quantum-Espresso/outputs/field_0.1/bottom/data/ldos.pp.dat050

     Writing data to be plotted to file /home/ubuntu/projects/Graphene-Band-Structure-Quantum-Espresso/outputs/field_0.1/bottom/data/ldos.pp.dat050.cube
     Plot Type: 3D                     Output format: Gaussian cube
     Reading data from file  /home/ubuntu/projects/Graphene-Band-Structure-Quantum-Espresso/outputs/field_0.1/bottom/data/ldos.pp.dat051

     Writing data to be plotted to file /home/ubuntu/projects/Graphene-Band-Structure-Quantum-Espresso/outputs/field_0.1/bottom/data/ldos.pp.dat051.cube
     Plot Type: 3D                     Output format: Gaussian cube
     Reading data from file  /home/ubuntu/projects/Graphene-Band-Structure-Quantum-Espresso/outputs/field_0.1/bottom/data/ldos.pp.dat052

     Writing data to be plotted to file /home/ubuntu/projects/Graphene-Band-Structure-Quantum-Espresso/outputs/field_0.1/bottom/data/ldos.pp.dat052.cube
     Plot Type: 3D                     Output format: Gaussian cube
     Reading data from file  /home/ubuntu/projects/Graphene-Band-Structure-Quantum-Espresso/outputs/field_0.1/bottom/data/ldos.pp.dat053

     Writing data to be plotted to file /home/ubuntu/projects/Graphene-Band-Structure-Quantum-Espresso/outputs/field_0.1/bottom/data/ldos.pp.dat053.cube
     Plot Type: 3D                     Output format: Gaussian cube
     Reading data from file  /home/ubuntu/projects/Graphene-Band-Structure-Quantum-Espresso/outputs/field_0.1/bottom/data/ldos.pp.dat054

     Writing data to be plotted to file /home/ubuntu/projects/Graphene-Band-Structure-Quantum-Espresso/outputs/field_0.1/bottom/data/ldos.pp.dat054.cube
     Plot Type: 3D                     Output format: Gaussian cube
     Reading data from file  /home/ubuntu/projects/Graphene-Band-Structure-Quantum-Espresso/outputs/field_0.1/bottom/data/ldos.pp.dat055

     Writing data to be plotted to file /home/ubuntu/projects/Graphene-Band-Structure-Quantum-Espresso/outputs/field_0.1/bottom/data/ldos.pp.dat055.cube
     Plot Type: 3D                     Output format: Gaussian cube
     Reading data from file  /home/ubuntu/projects/Graphene-Band-Structure-Quantum-Espresso/outputs/field_0.1/bottom/data/ldos.pp.dat056

     Writing data to be plotted to file /home/ubuntu/projects/Graphene-Band-Structure-Quantum-Espresso/outputs/field_0.1/bottom/data/ldos.pp.dat056.cube
     Plot Type: 3D                     Output format: Gaussian cube
     Reading data from file  /home/ubuntu/projects/Graphene-Band-Structure-Quantum-Espresso/outputs/field_0.1/bottom/data/ldos.pp.dat057

     Writing data to be plotted to file /home/ubuntu/projects/Graphene-Band-Structure-Quantum-Espresso/outputs/field_0.1/bottom/data/ldos.pp.dat057.cube
     Plot Type: 3D                     Output format: Gaussian cube
     Reading data from file  /home/ubuntu/projects/Graphene-Band-Structure-Quantum-Espresso/outputs/field_0.1/bottom/data/ldos.pp.dat058

     Writing data to be plotted to file /home/ubuntu/projects/Graphene-Band-Structure-Quantum-Espresso/outputs/field_0.1/bottom/data/ldos.pp.dat058.cube
     Plot Type: 3D                     Output format: Gaussian cube
     Reading data from file  /home/ubuntu/projects/Graphene-Band-Structure-Quantum-Espresso/outputs/field_0.1/bottom/data/ldos.pp.dat059

     Writing data to be plotted to file /home/ubuntu/projects/Graphene-Band-Structure-Quantum-Espresso/outputs/field_0.1/bottom/data/ldos.pp.dat059.cube
     Plot Type: 3D                     Output format: Gaussian cube
     Reading data from file  /home/ubuntu/projects/Graphene-Band-Structure-Quantum-Espresso/outputs/field_0.1/bottom/data/ldos.pp.dat060

     Writing data to be plotted to file /home/ubuntu/projects/Graphene-Band-Structure-Quantum-Espresso/outputs/field_0.1/bottom/data/ldos.pp.dat060.cube
     Plot Type: 3D                     Output format: Gaussian cube
     Reading data from file  /home/ubuntu/projects/Graphene-Band-Structure-Quantum-Espresso/outputs/field_0.1/bottom/data/ldos.pp.dat061

     Writing data to be plotted to file /home/ubuntu/projects/Graphene-Band-Structure-Quantum-Espresso/outputs/field_0.1/bottom/data/ldos.pp.dat061.cube
     Plot Type: 3D                     Output format: Gaussian cube
     Reading data from file  /home/ubuntu/projects/Graphene-Band-Structure-Quantum-Espresso/outputs/field_0.1/bottom/data/ldos.pp.dat062

     Writing data to be plotted to file /home/ubuntu/projects/Graphene-Band-Structure-Quantum-Espresso/outputs/field_0.1/bottom/data/ldos.pp.dat062.cube
     Plot Type: 3D                     Output format: Gaussian cube
     Reading data from file  /home/ubuntu/projects/Graphene-Band-Structure-Quantum-Espresso/outputs/field_0.1/bottom/data/ldos.pp.dat063

     Writing data to be plotted to file /home/ubuntu/projects/Graphene-Band-Structure-Quantum-Espresso/outputs/field_0.1/bottom/data/ldos.pp.dat063.cube
     Plot Type: 3D                     Output format: Gaussian cube
     Reading data from file  /home/ubuntu/projects/Graphene-Band-Structure-Quantum-Espresso/outputs/field_0.1/bottom/data/ldos.pp.dat064

     Writing data to be plotted to file /home/ubuntu/projects/Graphene-Band-Structure-Quantum-Espresso/outputs/field_0.1/bottom/data/ldos.pp.dat064.cube
     Plot Type: 3D                     Output format: Gaussian cube
     Reading data from file  /home/ubuntu/projects/Graphene-Band-Structure-Quantum-Espresso/outputs/field_0.1/bottom/data/ldos.pp.dat065

     Writing data to be plotted to file /home/ubuntu/projects/Graphene-Band-Structure-Quantum-Espresso/outputs/field_0.1/bottom/data/ldos.pp.dat065.cube
     Plot Type: 3D                     Output format: Gaussian cube
     Reading data from file  /home/ubuntu/projects/Graphene-Band-Structure-Quantum-Espresso/outputs/field_0.1/bottom/data/ldos.pp.dat066

     Writing data to be plotted to file /home/ubuntu/projects/Graphene-Band-Structure-Quantum-Espresso/outputs/field_0.1/bottom/data/ldos.pp.dat066.cube
     Plot Type: 3D                     Output format: Gaussian cube
     Reading data from file  /home/ubuntu/projects/Graphene-Band-Structure-Quantum-Espresso/outputs/field_0.1/bottom/data/ldos.pp.dat067

     Writing data to be plotted to file /home/ubuntu/projects/Graphene-Band-Structure-Quantum-Espresso/outputs/field_0.1/bottom/data/ldos.pp.dat067.cube
     Plot Type: 3D                     Output format: Gaussian cube
     Reading data from file  /home/ubuntu/projects/Graphene-Band-Structure-Quantum-Espresso/outputs/field_0.1/bottom/data/ldos.pp.dat068

     Writing data to be plotted to file /home/ubuntu/projects/Graphene-Band-Structure-Quantum-Espresso/outputs/field_0.1/bottom/data/ldos.pp.dat068.cube
     Plot Type: 3D                     Output format: Gaussian cube
     Reading data from file  /home/ubuntu/projects/Graphene-Band-Structure-Quantum-Espresso/outputs/field_0.1/bottom/data/ldos.pp.dat069

     Writing data to be plotted to file /home/ubuntu/projects/Graphene-Band-Structure-Quantum-Espresso/outputs/field_0.1/bottom/data/ldos.pp.dat069.cube
     Plot Type: 3D                     Output format: Gaussian cube
     Reading data from file  /home/ubuntu/projects/Graphene-Band-Structure-Quantum-Espresso/outputs/field_0.1/bottom/data/ldos.pp.dat070

     Writing data to be plotted to file /home/ubuntu/projects/Graphene-Band-Structure-Quantum-Espresso/outputs/field_0.1/bottom/data/ldos.pp.dat070.cube
     Plot Type: 3D                     Output format: Gaussian cube
     Reading data from file  /home/ubuntu/projects/Graphene-Band-Structure-Quantum-Espresso/outputs/field_0.1/bottom/data/ldos.pp.dat071

     Writing data to be plotted to file /home/ubuntu/projects/Graphene-Band-Structure-Quantum-Espresso/outputs/field_0.1/bottom/data/ldos.pp.dat071.cube
     Plot Type: 3D                     Output format: Gaussian cube
     Reading data from file  /home/ubuntu/projects/Graphene-Band-Structure-Quantum-Espresso/outputs/field_0.1/bottom/data/ldos.pp.dat072

     Writing data to be plotted to file /home/ubuntu/projects/Graphene-Band-Structure-Quantum-Espresso/outputs/field_0.1/bottom/data/ldos.pp.dat072.cube
     Plot Type: 3D                     Output format: Gaussian cube
     Reading data from file  /home/ubuntu/projects/Graphene-Band-Structure-Quantum-Espresso/outputs/field_0.1/bottom/data/ldos.pp.dat073

     Writing data to be plotted to file /home/ubuntu/projects/Graphene-Band-Structure-Quantum-Espresso/outputs/field_0.1/bottom/data/ldos.pp.dat073.cube
     Plot Type: 3D                     Output format: Gaussian cube
     Reading data from file  /home/ubuntu/projects/Graphene-Band-Structure-Quantum-Espresso/outputs/field_0.1/bottom/data/ldos.pp.dat074

     Writing data to be plotted to file /home/ubuntu/projects/Graphene-Band-Structure-Quantum-Espresso/outputs/field_0.1/bottom/data/ldos.pp.dat074.cube
     Plot Type: 3D                     Output format: Gaussian cube
     Reading data from file  /home/ubuntu/projects/Graphene-Band-Structure-Quantum-Espresso/outputs/field_0.1/bottom/data/ldos.pp.dat075

     Writing data to be plotted to file /home/ubuntu/projects/Graphene-Band-Structure-Quantum-Espresso/outputs/field_0.1/bottom/data/ldos.pp.dat075.cube
     Plot Type: 3D                     Output format: Gaussian cube
     Reading data from file  /home/ubuntu/projects/Graphene-Band-Structure-Quantum-Espresso/outputs/field_0.1/bottom/data/ldos.pp.dat076

     Writing data to be plotted to file /home/ubuntu/projects/Graphene-Band-Structure-Quantum-Espresso/outputs/field_0.1/bottom/data/ldos.pp.dat076.cube
     Plot Type: 3D                     Output format: Gaussian cube
     Reading data from file  /home/ubuntu/projects/Graphene-Band-Structure-Quantum-Espresso/outputs/field_0.1/bottom/data/ldos.pp.dat077

     Writing data to be plotted to file /home/ubuntu/projects/Graphene-Band-Structure-Quantum-Espresso/outputs/field_0.1/bottom/data/ldos.pp.dat077.cube
     Plot Type: 3D                     Output format: Gaussian cube
     Reading data from file  /home/ubuntu/projects/Graphene-Band-Structure-Quantum-Espresso/outputs/field_0.1/bottom/data/ldos.pp.dat078

     Writing data to be plotted to file /home/ubuntu/projects/Graphene-Band-Structure-Quantum-Espresso/outputs/field_0.1/bottom/data/ldos.pp.dat078.cube
     Plot Type: 3D                     Output format: Gaussian cube
     Reading data from file  /home/ubuntu/projects/Graphene-Band-Structure-Quantum-Espresso/outputs/field_0.1/bottom/data/ldos.pp.dat079

     Writing data to be plotted to file /home/ubuntu/projects/Graphene-Band-Structure-Quantum-Espresso/outputs/field_0.1/bottom/data/ldos.pp.dat079.cube
     Plot Type: 3D                     Output format: Gaussian cube
     Reading data from file  /home/ubuntu/projects/Graphene-Band-Structure-Quantum-Espresso/outputs/field_0.1/bottom/data/ldos.pp.dat080

     Writing data to be plotted to file /home/ubuntu/projects/Graphene-Band-Structure-Quantum-Espresso/outputs/field_0.1/bottom/data/ldos.pp.dat080.cube
     Plot Type: 3D                     Output format: Gaussian cube
     Reading data from file  /home/ubuntu/projects/Graphene-Band-Structure-Quantum-Espresso/outputs/field_0.1/bottom/data/ldos.pp.dat081

     Writing data to be plotted to file /home/ubuntu/projects/Graphene-Band-Structure-Quantum-Espresso/outputs/field_0.1/bottom/data/ldos.pp.dat081.cube
     Plot Type: 3D                     Output format: Gaussian cube
     Reading data from file  /home/ubuntu/projects/Graphene-Band-Structure-Quantum-Espresso/outputs/field_0.1/bottom/data/ldos.pp.dat082

     Writing data to be plotted to file /home/ubuntu/projects/Graphene-Band-Structure-Quantum-Espresso/outputs/field_0.1/bottom/data/ldos.pp.dat082.cube
     Plot Type: 3D                     Output format: Gaussian cube
     Reading data from file  /home/ubuntu/projects/Graphene-Band-Structure-Quantum-Espresso/outputs/field_0.1/bottom/data/ldos.pp.dat083

     Writing data to be plotted to file /home/ubuntu/projects/Graphene-Band-Structure-Quantum-Espresso/outputs/field_0.1/bottom/data/ldos.pp.dat083.cube
     Plot Type: 3D                     Output format: Gaussian cube
     Reading data from file  /home/ubuntu/projects/Graphene-Band-Structure-Quantum-Espresso/outputs/field_0.1/bottom/data/ldos.pp.dat084

     Writing data to be plotted to file /home/ubuntu/projects/Graphene-Band-Structure-Quantum-Espresso/outputs/field_0.1/bottom/data/ldos.pp.dat084.cube
     Plot Type: 3D                     Output format: Gaussian cube
     Reading data from file  /home/ubuntu/projects/Graphene-Band-Structure-Quantum-Espresso/outputs/field_0.1/bottom/data/ldos.pp.dat085

     Writing data to be plotted to file /home/ubuntu/projects/Graphene-Band-Structure-Quantum-Espresso/outputs/field_0.1/bottom/data/ldos.pp.dat085.cube
     Plot Type: 3D                     Output format: Gaussian cube
     Reading data from file  /home/ubuntu/projects/Graphene-Band-Structure-Quantum-Espresso/outputs/field_0.1/bottom/data/ldos.pp.dat086

     Writing data to be plotted to file /home/ubuntu/projects/Graphene-Band-Structure-Quantum-Espresso/outputs/field_0.1/bottom/data/ldos.pp.dat086.cube
     Plot Type: 3D                     Output format: Gaussian cube
     Reading data from file  /home/ubuntu/projects/Graphene-Band-Structure-Quantum-Espresso/outputs/field_0.1/bottom/data/ldos.pp.dat087

     Writing data to be plotted to file /home/ubuntu/projects/Graphene-Band-Structure-Quantum-Espresso/outputs/field_0.1/bottom/data/ldos.pp.dat087.cube
     Plot Type: 3D                     Output format: Gaussian cube
     Reading data from file  /home/ubuntu/projects/Graphene-Band-Structure-Quantum-Espresso/outputs/field_0.1/bottom/data/ldos.pp.dat088

     Writing data to be plotted to file /home/ubuntu/projects/Graphene-Band-Structure-Quantum-Espresso/outputs/field_0.1/bottom/data/ldos.pp.dat088.cube
     Plot Type: 3D                     Output format: Gaussian cube
     Reading data from file  /home/ubuntu/projects/Graphene-Band-Structure-Quantum-Espresso/outputs/field_0.1/bottom/data/ldos.pp.dat089

     Writing data to be plotted to file /home/ubuntu/projects/Graphene-Band-Structure-Quantum-Espresso/outputs/field_0.1/bottom/data/ldos.pp.dat089.cube
     Plot Type: 3D                     Output format: Gaussian cube
     Reading data from file  /home/ubuntu/projects/Graphene-Band-Structure-Quantum-Espresso/outputs/field_0.1/bottom/data/ldos.pp.dat090

     Writing data to be plotted to file /home/ubuntu/projects/Graphene-Band-Structure-Quantum-Espresso/outputs/field_0.1/bottom/data/ldos.pp.dat090.cube
     Plot Type: 3D                     Output format: Gaussian cube
     Reading data from file  /home/ubuntu/projects/Graphene-Band-Structure-Quantum-Espresso/outputs/field_0.1/bottom/data/ldos.pp.dat091

     Writing data to be plotted to file /home/ubuntu/projects/Graphene-Band-Structure-Quantum-Espresso/outputs/field_0.1/bottom/data/ldos.pp.dat091.cube
     Plot Type: 3D                     Output format: Gaussian cube
     Reading data from file  /home/ubuntu/projects/Graphene-Band-Structure-Quantum-Espresso/outputs/field_0.1/bottom/data/ldos.pp.dat092

     Writing data to be plotted to file /home/ubuntu/projects/Graphene-Band-Structure-Quantum-Espresso/outputs/field_0.1/bottom/data/ldos.pp.dat092.cube
     Plot Type: 3D                     Output format: Gaussian cube
     Reading data from file  /home/ubuntu/projects/Graphene-Band-Structure-Quantum-Espresso/outputs/field_0.1/bottom/data/ldos.pp.dat093

     Writing data to be plotted to file /home/ubuntu/projects/Graphene-Band-Structure-Quantum-Espresso/outputs/field_0.1/bottom/data/ldos.pp.dat093.cube
     Plot Type: 3D                     Output format: Gaussian cube
     Reading data from file  /home/ubuntu/projects/Graphene-Band-Structure-Quantum-Espresso/outputs/field_0.1/bottom/data/ldos.pp.dat094

     Writing data to be plotted to file /home/ubuntu/projects/Graphene-Band-Structure-Quantum-Espresso/outputs/field_0.1/bottom/data/ldos.pp.dat094.cube
     Plot Type: 3D                     Output format: Gaussian cube
     Reading data from file  /home/ubuntu/projects/Graphene-Band-Structure-Quantum-Espresso/outputs/field_0.1/bottom/data/ldos.pp.dat095

     Writing data to be plotted to file /home/ubuntu/projects/Graphene-Band-Structure-Quantum-Espresso/outputs/field_0.1/bottom/data/ldos.pp.dat095.cube
     Plot Type: 3D                     Output format: Gaussian cube
     Reading data from file  /home/ubuntu/projects/Graphene-Band-Structure-Quantum-Espresso/outputs/field_0.1/bottom/data/ldos.pp.dat096

     Writing data to be plotted to file /home/ubuntu/projects/Graphene-Band-Structure-Quantum-Espresso/outputs/field_0.1/bottom/data/ldos.pp.dat096.cube
     Plot Type: 3D                     Output format: Gaussian cube
     Reading data from file  /home/ubuntu/projects/Graphene-Band-Structure-Quantum-Espresso/outputs/field_0.1/bottom/data/ldos.pp.dat097

     Writing data to be plotted to file /home/ubuntu/projects/Graphene-Band-Structure-Quantum-Espresso/outputs/field_0.1/bottom/data/ldos.pp.dat097.cube
     Plot Type: 3D                     Output format: Gaussian cube
     Reading data from file  /home/ubuntu/projects/Graphene-Band-Structure-Quantum-Espresso/outputs/field_0.1/bottom/data/ldos.pp.dat098

     Writing data to be plotted to file /home/ubuntu/projects/Graphene-Band-Structure-Quantum-Espresso/outputs/field_0.1/bottom/data/ldos.pp.dat098.cube
     Plot Type: 3D                     Output format: Gaussian cube
     Reading data from file  /home/ubuntu/projects/Graphene-Band-Structure-Quantum-Espresso/outputs/field_0.1/bottom/data/ldos.pp.dat099

     Writing data to be plotted to file /home/ubuntu/projects/Graphene-Band-Structure-Quantum-Espresso/outputs/field_0.1/bottom/data/ldos.pp.dat099.cube
     Plot Type: 3D                     Output format: Gaussian cube
     Reading data from file  /home/ubuntu/projects/Graphene-Band-Structure-Quantum-Espresso/outputs/field_0.1/bottom/data/ldos.pp.dat100

     Writing data to be plotted to file /home/ubuntu/projects/Graphene-Band-Structure-Quantum-Espresso/outputs/field_0.1/bottom/data/ldos.pp.dat100.cube
     Plot Type: 3D                     Output format: Gaussian cube
     Reading data from file  /home/ubuntu/projects/Graphene-Band-Structure-Quantum-Espresso/outputs/field_0.1/bottom/data/ldos.pp.dat101

     Writing data to be plotted to file /home/ubuntu/projects/Graphene-Band-Structure-Quantum-Espresso/outputs/field_0.1/bottom/data/ldos.pp.dat101.cube
     Plot Type: 3D                     Output format: Gaussian cube
     Reading data from file  /home/ubuntu/projects/Graphene-Band-Structure-Quantum-Espresso/outputs/field_0.1/bottom/data/ldos.pp.dat102

     Writing data to be plotted to file /home/ubuntu/projects/Graphene-Band-Structure-Quantum-Espresso/outputs/field_0.1/bottom/data/ldos.pp.dat102.cube
     Plot Type: 3D                     Output format: Gaussian cube
     Reading data from file  /home/ubuntu/projects/Graphene-Band-Structure-Quantum-Espresso/outputs/field_0.1/bottom/data/ldos.pp.dat103

     Writing data to be plotted to file /home/ubuntu/projects/Graphene-Band-Structure-Quantum-Espresso/outputs/field_0.1/bottom/data/ldos.pp.dat103.cube
     Plot Type: 3D                     Output format: Gaussian cube
     Reading data from file  /home/ubuntu/projects/Graphene-Band-Structure-Quantum-Espresso/outputs/field_0.1/bottom/data/ldos.pp.dat104

     Writing data to be plotted to file /home/ubuntu/projects/Graphene-Band-Structure-Quantum-Espresso/outputs/field_0.1/bottom/data/ldos.pp.dat104.cube
     Plot Type: 3D                     Output format: Gaussian cube
     Reading data from file  /home/ubuntu/projects/Graphene-Band-Structure-Quantum-Espresso/outputs/field_0.1/bottom/data/ldos.pp.dat105

     Writing data to be plotted to file /home/ubuntu/projects/Graphene-Band-Structure-Quantum-Espresso/outputs/field_0.1/bottom/data/ldos.pp.dat105.cube
     Plot Type: 3D                     Output format: Gaussian cube
     Reading data from file  /home/ubuntu/projects/Graphene-Band-Structure-Quantum-Espresso/outputs/field_0.1/bottom/data/ldos.pp.dat106

     Writing data to be plotted to file /home/ubuntu/projects/Graphene-Band-Structure-Quantum-Espresso/outputs/field_0.1/bottom/data/ldos.pp.dat106.cube
     Plot Type: 3D                     Output format: Gaussian cube
     Reading data from file  /home/ubuntu/projects/Graphene-Band-Structure-Quantum-Espresso/outputs/field_0.1/bottom/data/ldos.pp.dat107

     Writing data to be plotted to file /home/ubuntu/projects/Graphene-Band-Structure-Quantum-Espresso/outputs/field_0.1/bottom/data/ldos.pp.dat107.cube
     Plot Type: 3D                     Output format: Gaussian cube
     Reading data from file  /home/ubuntu/projects/Graphene-Band-Structure-Quantum-Espresso/outputs/field_0.1/bottom/data/ldos.pp.dat108

     Writing data to be plotted to file /home/ubuntu/projects/Graphene-Band-Structure-Quantum-Espresso/outputs/field_0.1/bottom/data/ldos.pp.dat108.cube
     Plot Type: 3D                     Output format: Gaussian cube
     Reading data from file  /home/ubuntu/projects/Graphene-Band-Structure-Quantum-Espresso/outputs/field_0.1/bottom/data/ldos.pp.dat109

     Writing data to be plotted to file /home/ubuntu/projects/Graphene-Band-Structure-Quantum-Espresso/outputs/field_0.1/bottom/data/ldos.pp.dat109.cube
     Plot Type: 3D                     Output format: Gaussian cube
     Reading data from file  /home/ubuntu/projects/Graphene-Band-Structure-Quantum-Espresso/outputs/field_0.1/bottom/data/ldos.pp.dat110

     Writing data to be plotted to file /home/ubuntu/projects/Graphene-Band-Structure-Quantum-Espresso/outputs/field_0.1/bottom/data/ldos.pp.dat110.cube
     Plot Type: 3D                     Output format: Gaussian cube
     Reading data from file  /home/ubuntu/projects/Graphene-Band-Structure-Quantum-Espresso/outputs/field_0.1/bottom/data/ldos.pp.dat111

     Writing data to be plotted to file /home/ubuntu/projects/Graphene-Band-Structure-Quantum-Espresso/outputs/field_0.1/bottom/data/ldos.pp.dat111.cube
     Plot Type: 3D                     Output format: Gaussian cube
     Reading data from file  /home/ubuntu/projects/Graphene-Band-Structure-Quantum-Espresso/outputs/field_0.1/bottom/data/ldos.pp.dat112

     Writing data to be plotted to file /home/ubuntu/projects/Graphene-Band-Structure-Quantum-Espresso/outputs/field_0.1/bottom/data/ldos.pp.dat112.cube
     Plot Type: 3D                     Output format: Gaussian cube
     Reading data from file  /home/ubuntu/projects/Graphene-Band-Structure-Quantum-Espresso/outputs/field_0.1/bottom/data/ldos.pp.dat113

     Writing data to be plotted to file /home/ubuntu/projects/Graphene-Band-Structure-Quantum-Espresso/outputs/field_0.1/bottom/data/ldos.pp.dat113.cube
     Plot Type: 3D                     Output format: Gaussian cube
     Reading data from file  /home/ubuntu/projects/Graphene-Band-Structure-Quantum-Espresso/outputs/field_0.1/bottom/data/ldos.pp.dat114

     Writing data to be plotted to file /home/ubuntu/projects/Graphene-Band-Structure-Quantum-Espresso/outputs/field_0.1/bottom/data/ldos.pp.dat114.cube
     Plot Type: 3D                     Output format: Gaussian cube
     Reading data from file  /home/ubuntu/projects/Graphene-Band-Structure-Quantum-Espresso/outputs/field_0.1/bottom/data/ldos.pp.dat115

     Writing data to be plotted to file /home/ubuntu/projects/Graphene-Band-Structure-Quantum-Espresso/outputs/field_0.1/bottom/data/ldos.pp.dat115.cube
     Plot Type: 3D                     Output format: Gaussian cube
     Reading data from file  /home/ubuntu/projects/Graphene-Band-Structure-Quantum-Espresso/outputs/field_0.1/bottom/data/ldos.pp.dat116

     Writing data to be plotted to file /home/ubuntu/projects/Graphene-Band-Structure-Quantum-Espresso/outputs/field_0.1/bottom/data/ldos.pp.dat116.cube
     Plot Type: 3D                     Output format: Gaussian cube
     Reading data from file  /home/ubuntu/projects/Graphene-Band-Structure-Quantum-Espresso/outputs/field_0.1/bottom/data/ldos.pp.dat117

     Writing data to be plotted to file /home/ubuntu/projects/Graphene-Band-Structure-Quantum-Espresso/outputs/field_0.1/bottom/data/ldos.pp.dat117.cube
     Plot Type: 3D                     Output format: Gaussian cube
     Reading data from file  /home/ubuntu/projects/Graphene-Band-Structure-Quantum-Espresso/outputs/field_0.1/bottom/data/ldos.pp.dat118

     Writing data to be plotted to file /home/ubuntu/projects/Graphene-Band-Structure-Quantum-Espresso/outputs/field_0.1/bottom/data/ldos.pp.dat118.cube
     Plot Type: 3D                     Output format: Gaussian cube
     Reading data from file  /home/ubuntu/projects/Graphene-Band-Structure-Quantum-Espresso/outputs/field_0.1/bottom/data/ldos.pp.dat119

     Writing data to be plotted to file /home/ubuntu/projects/Graphene-Band-Structure-Quantum-Espresso/outputs/field_0.1/bottom/data/ldos.pp.dat119.cube
     Plot Type: 3D                     Output format: Gaussian cube
     Reading data from file  /home/ubuntu/projects/Graphene-Band-Structure-Quantum-Espresso/outputs/field_0.1/bottom/data/ldos.pp.dat120

     Writing data to be plotted to file /home/ubuntu/projects/Graphene-Band-Structure-Quantum-Espresso/outputs/field_0.1/bottom/data/ldos.pp.dat120.cube
     Plot Type: 3D                     Output format: Gaussian cube
     Reading data from file  /home/ubuntu/projects/Graphene-Band-Structure-Quantum-Espresso/outputs/field_0.1/bottom/data/ldos.pp.dat121

     Writing data to be plotted to file /home/ubuntu/projects/Graphene-Band-Structure-Quantum-Espresso/outputs/field_0.1/bottom/data/ldos.pp.dat121.cube
     Plot Type: 3D                     Output format: Gaussian cube
     Reading data from file  /home/ubuntu/projects/Graphene-Band-Structure-Quantum-Espresso/outputs/field_0.1/bottom/data/ldos.pp.dat122

     Writing data to be plotted to file /home/ubuntu/projects/Graphene-Band-Structure-Quantum-Espresso/outputs/field_0.1/bottom/data/ldos.pp.dat122.cube
     Plot Type: 3D                     Output format: Gaussian cube
     Reading data from file  /home/ubuntu/projects/Graphene-Band-Structure-Quantum-Espresso/outputs/field_0.1/bottom/data/ldos.pp.dat123

     Writing data to be plotted to file /home/ubuntu/projects/Graphene-Band-Structure-Quantum-Espresso/outputs/field_0.1/bottom/data/ldos.pp.dat123.cube
     Plot Type: 3D                     Output format: Gaussian cube
     Reading data from file  /home/ubuntu/projects/Graphene-Band-Structure-Quantum-Espresso/outputs/field_0.1/bottom/data/ldos.pp.dat124

     Writing data to be plotted to file /home/ubuntu/projects/Graphene-Band-Structure-Quantum-Espresso/outputs/field_0.1/bottom/data/ldos.pp.dat124.cube
     Plot Type: 3D                     Output format: Gaussian cube
     Reading data from file  /home/ubuntu/projects/Graphene-Band-Structure-Quantum-Espresso/outputs/field_0.1/bottom/data/ldos.pp.dat125

     Writing data to be plotted to file /home/ubuntu/projects/Graphene-Band-Structure-Quantum-Espresso/outputs/field_0.1/bottom/data/ldos.pp.dat125.cube
     Plot Type: 3D                     Output format: Gaussian cube
     Reading data from file  /home/ubuntu/projects/Graphene-Band-Structure-Quantum-Espresso/outputs/field_0.1/bottom/data/ldos.pp.dat126

     Writing data to be plotted to file /home/ubuntu/projects/Graphene-Band-Structure-Quantum-Espresso/outputs/field_0.1/bottom/data/ldos.pp.dat126.cube
     Plot Type: 3D                     Output format: Gaussian cube
     Reading data from file  /home/ubuntu/projects/Graphene-Band-Structure-Quantum-Espresso/outputs/field_0.1/bottom/data/ldos.pp.dat127

     Writing data to be plotted to file /home/ubuntu/projects/Graphene-Band-Structure-Quantum-Espresso/outputs/field_0.1/bottom/data/ldos.pp.dat127.cube
     Plot Type: 3D                     Output format: Gaussian cube
     Reading data from file  /home/ubuntu/projects/Graphene-Band-Structure-Quantum-Espresso/outputs/field_0.1/bottom/data/ldos.pp.dat128

     Writing data to be plotted to file /home/ubuntu/projects/Graphene-Band-Structure-Quantum-Espresso/outputs/field_0.1/bottom/data/ldos.pp.dat128.cube
     Plot Type: 3D                     Output format: Gaussian cube
     Reading data from file  /home/ubuntu/projects/Graphene-Band-Structure-Quantum-Espresso/outputs/field_0.1/bottom/data/ldos.pp.dat129

     Writing data to be plotted to file /home/ubuntu/projects/Graphene-Band-Structure-Quantum-Espresso/outputs/field_0.1/bottom/data/ldos.pp.dat129.cube
     Plot Type: 3D                     Output format: Gaussian cube
     Reading data from file  /home/ubuntu/projects/Graphene-Band-Structure-Quantum-Espresso/outputs/field_0.1/bottom/data/ldos.pp.dat130

     Writing data to be plotted to file /home/ubuntu/projects/Graphene-Band-Structure-Quantum-Espresso/outputs/field_0.1/bottom/data/ldos.pp.dat130.cube
     Plot Type: 3D                     Output format: Gaussian cube
     Reading data from file  /home/ubuntu/projects/Graphene-Band-Structure-Quantum-Espresso/outputs/field_0.1/bottom/data/ldos.pp.dat131

     Writing data to be plotted to file /home/ubuntu/projects/Graphene-Band-Structure-Quantum-Espresso/outputs/field_0.1/bottom/data/ldos.pp.dat131.cube
     Plot Type: 3D                     Output format: Gaussian cube
     Reading data from file  /home/ubuntu/projects/Graphene-Band-Structure-Quantum-Espresso/outputs/field_0.1/bottom/data/ldos.pp.dat132

     Writing data to be plotted to file /home/ubuntu/projects/Graphene-Band-Structure-Quantum-Espresso/outputs/field_0.1/bottom/data/ldos.pp.dat132.cube
     Plot Type: 3D                     Output format: Gaussian cube
     Reading data from file  /home/ubuntu/projects/Graphene-Band-Structure-Quantum-Espresso/outputs/field_0.1/bottom/data/ldos.pp.dat133

     Writing data to be plotted to file /home/ubuntu/projects/Graphene-Band-Structure-Quantum-Espresso/outputs/field_0.1/bottom/data/ldos.pp.dat133.cube
     Plot Type: 3D                     Output format: Gaussian cube
     Reading data from file  /home/ubuntu/projects/Graphene-Band-Structure-Quantum-Espresso/outputs/field_0.1/bottom/data/ldos.pp.dat134

     Writing data to be plotted to file /home/ubuntu/projects/Graphene-Band-Structure-Quantum-Espresso/outputs/field_0.1/bottom/data/ldos.pp.dat134.cube
     Plot Type: 3D                     Output format: Gaussian cube
     Reading data from file  /home/ubuntu/projects/Graphene-Band-Structure-Quantum-Espresso/outputs/field_0.1/bottom/data/ldos.pp.dat135

     Writing data to be plotted to file /home/ubuntu/projects/Graphene-Band-Structure-Quantum-Espresso/outputs/field_0.1/bottom/data/ldos.pp.dat135.cube
     Plot Type: 3D                     Output format: Gaussian cube
     Reading data from file  /home/ubuntu/projects/Graphene-Band-Structure-Quantum-Espresso/outputs/field_0.1/bottom/data/ldos.pp.dat136

     Writing data to be plotted to file /home/ubuntu/projects/Graphene-Band-Structure-Quantum-Espresso/outputs/field_0.1/bottom/data/ldos.pp.dat136.cube
     Plot Type: 3D                     Output format: Gaussian cube
     Reading data from file  /home/ubuntu/projects/Graphene-Band-Structure-Quantum-Espresso/outputs/field_0.1/bottom/data/ldos.pp.dat137

     Writing data to be plotted to file /home/ubuntu/projects/Graphene-Band-Structure-Quantum-Espresso/outputs/field_0.1/bottom/data/ldos.pp.dat137.cube
     Plot Type: 3D                     Output format: Gaussian cube
     Reading data from file  /home/ubuntu/projects/Graphene-Band-Structure-Quantum-Espresso/outputs/field_0.1/bottom/data/ldos.pp.dat138

     Writing data to be plotted to file /home/ubuntu/projects/Graphene-Band-Structure-Quantum-Espresso/outputs/field_0.1/bottom/data/ldos.pp.dat138.cube
     Plot Type: 3D                     Output format: Gaussian cube
     Reading data from file  /home/ubuntu/projects/Graphene-Band-Structure-Quantum-Espresso/outputs/field_0.1/bottom/data/ldos.pp.dat139

     Writing data to be plotted to file /home/ubuntu/projects/Graphene-Band-Structure-Quantum-Espresso/outputs/field_0.1/bottom/data/ldos.pp.dat139.cube
     Plot Type: 3D                     Output format: Gaussian cube
     Reading data from file  /home/ubuntu/projects/Graphene-Band-Structure-Quantum-Espresso/outputs/field_0.1/bottom/data/ldos.pp.dat140

     Writing data to be plotted to file /home/ubuntu/projects/Graphene-Band-Structure-Quantum-Espresso/outputs/field_0.1/bottom/data/ldos.pp.dat140.cube
     Plot Type: 3D                     Output format: Gaussian cube
     Reading data from file  /home/ubuntu/projects/Graphene-Band-Structure-Quantum-Espresso/outputs/field_0.1/bottom/data/ldos.pp.dat141

     Writing data to be plotted to file /home/ubuntu/projects/Graphene-Band-Structure-Quantum-Espresso/outputs/field_0.1/bottom/data/ldos.pp.dat141.cube
     Plot Type: 3D                     Output format: Gaussian cube
     Reading data from file  /home/ubuntu/projects/Graphene-Band-Structure-Quantum-Espresso/outputs/field_0.1/bottom/data/ldos.pp.dat142

     Writing data to be plotted to file /home/ubuntu/projects/Graphene-Band-Structure-Quantum-Espresso/outputs/field_0.1/bottom/data/ldos.pp.dat142.cube
     Plot Type: 3D                     Output format: Gaussian cube
     Reading data from file  /home/ubuntu/projects/Graphene-Band-Structure-Quantum-Espresso/outputs/field_0.1/bottom/data/ldos.pp.dat143

     Writing data to be plotted to file /home/ubuntu/projects/Graphene-Band-Structure-Quantum-Espresso/outputs/field_0.1/bottom/data/ldos.pp.dat143.cube
     Plot Type: 3D                     Output format: Gaussian cube
     Reading data from file  /home/ubuntu/projects/Graphene-Band-Structure-Quantum-Espresso/outputs/field_0.1/bottom/data/ldos.pp.dat144

     Writing data to be plotted to file /home/ubuntu/projects/Graphene-Band-Structure-Quantum-Espresso/outputs/field_0.1/bottom/data/ldos.pp.dat144.cube
     Plot Type: 3D                     Output format: Gaussian cube
     Reading data from file  /home/ubuntu/projects/Graphene-Band-Structure-Quantum-Espresso/outputs/field_0.1/bottom/data/ldos.pp.dat145

     Writing data to be plotted to file /home/ubuntu/projects/Graphene-Band-Structure-Quantum-Espresso/outputs/field_0.1/bottom/data/ldos.pp.dat145.cube
     Plot Type: 3D                     Output format: Gaussian cube
     Reading data from file  /home/ubuntu/projects/Graphene-Band-Structure-Quantum-Espresso/outputs/field_0.1/bottom/data/ldos.pp.dat146

     Writing data to be plotted to file /home/ubuntu/projects/Graphene-Band-Structure-Quantum-Espresso/outputs/field_0.1/bottom/data/ldos.pp.dat146.cube
     Plot Type: 3D                     Output format: Gaussian cube
     Reading data from file  /home/ubuntu/projects/Graphene-Band-Structure-Quantum-Espresso/outputs/field_0.1/bottom/data/ldos.pp.dat147

     Writing data to be plotted to file /home/ubuntu/projects/Graphene-Band-Structure-Quantum-Espresso/outputs/field_0.1/bottom/data/ldos.pp.dat147.cube
     Plot Type: 3D                     Output format: Gaussian cube
     Reading data from file  /home/ubuntu/projects/Graphene-Band-Structure-Quantum-Espresso/outputs/field_0.1/bottom/data/ldos.pp.dat148

     Writing data to be plotted to file /home/ubuntu/projects/Graphene-Band-Structure-Quantum-Espresso/outputs/field_0.1/bottom/data/ldos.pp.dat148.cube
     Plot Type: 3D                     Output format: Gaussian cube
     Reading data from file  /home/ubuntu/projects/Graphene-Band-Structure-Quantum-Espresso/outputs/field_0.1/bottom/data/ldos.pp.dat149

     Writing data to be plotted to file /home/ubuntu/projects/Graphene-Band-Structure-Quantum-Espresso/outputs/field_0.1/bottom/data/ldos.pp.dat149.cube
     Plot Type: 3D                     Output format: Gaussian cube
     Reading data from file  /home/ubuntu/projects/Graphene-Band-Structure-Quantum-Espresso/outputs/field_0.1/bottom/data/ldos.pp.dat150

     Writing data to be plotted to file /home/ubuntu/projects/Graphene-Band-Structure-Quantum-Espresso/outputs/field_0.1/bottom/data/ldos.pp.dat150.cube
     Plot Type: 3D                     Output format: Gaussian cube
     Reading data from file  /home/ubuntu/projects/Graphene-Band-Structure-Quantum-Espresso/outputs/field_0.1/bottom/data/ldos.pp.dat151

     Writing data to be plotted to file /home/ubuntu/projects/Graphene-Band-Structure-Quantum-Espresso/outputs/field_0.1/bottom/data/ldos.pp.dat151.cube
     Plot Type: 3D                     Output format: Gaussian cube
     Reading data from file  /home/ubuntu/projects/Graphene-Band-Structure-Quantum-Espresso/outputs/field_0.1/bottom/data/ldos.pp.dat152

     Writing data to be plotted to file /home/ubuntu/projects/Graphene-Band-Structure-Quantum-Espresso/outputs/field_0.1/bottom/data/ldos.pp.dat152.cube
     Plot Type: 3D                     Output format: Gaussian cube
     Reading data from file  /home/ubuntu/projects/Graphene-Band-Structure-Quantum-Espresso/outputs/field_0.1/bottom/data/ldos.pp.dat153

     Writing data to be plotted to file /home/ubuntu/projects/Graphene-Band-Structure-Quantum-Espresso/outputs/field_0.1/bottom/data/ldos.pp.dat153.cube
     Plot Type: 3D                     Output format: Gaussian cube
     Reading data from file  /home/ubuntu/projects/Graphene-Band-Structure-Quantum-Espresso/outputs/field_0.1/bottom/data/ldos.pp.dat154

     Writing data to be plotted to file /home/ubuntu/projects/Graphene-Band-Structure-Quantum-Espresso/outputs/field_0.1/bottom/data/ldos.pp.dat154.cube
     Plot Type: 3D                     Output format: Gaussian cube
     Reading data from file  /home/ubuntu/projects/Graphene-Band-Structure-Quantum-Espresso/outputs/field_0.1/bottom/data/ldos.pp.dat155

     Writing data to be plotted to file /home/ubuntu/projects/Graphene-Band-Structure-Quantum-Espresso/outputs/field_0.1/bottom/data/ldos.pp.dat155.cube
     Plot Type: 3D                     Output format: Gaussian cube
     Reading data from file  /home/ubuntu/projects/Graphene-Band-Structure-Quantum-Espresso/outputs/field_0.1/bottom/data/ldos.pp.dat156

     Writing data to be plotted to file /home/ubuntu/projects/Graphene-Band-Structure-Quantum-Espresso/outputs/field_0.1/bottom/data/ldos.pp.dat156.cube
     Plot Type: 3D                     Output format: Gaussian cube
     Reading data from file  /home/ubuntu/projects/Graphene-Band-Structure-Quantum-Espresso/outputs/field_0.1/bottom/data/ldos.pp.dat157

     Writing data to be plotted to file /home/ubuntu/projects/Graphene-Band-Structure-Quantum-Espresso/outputs/field_0.1/bottom/data/ldos.pp.dat157.cube
     Plot Type: 3D                     Output format: Gaussian cube
     Reading data from file  /home/ubuntu/projects/Graphene-Band-Structure-Quantum-Espresso/outputs/field_0.1/bottom/data/ldos.pp.dat158

     Writing data to be plotted to file /home/ubuntu/projects/Graphene-Band-Structure-Quantum-Espresso/outputs/field_0.1/bottom/data/ldos.pp.dat158.cube
     Plot Type: 3D                     Output format: Gaussian cube
     Reading data from file  /home/ubuntu/projects/Graphene-Band-Structure-Quantum-Espresso/outputs/field_0.1/bottom/data/ldos.pp.dat159

     Writing data to be plotted to file /home/ubuntu/projects/Graphene-Band-Structure-Quantum-Espresso/outputs/field_0.1/bottom/data/ldos.pp.dat159.cube
     Plot Type: 3D                     Output format: Gaussian cube
     Reading data from file  /home/ubuntu/projects/Graphene-Band-Structure-Quantum-Espresso/outputs/field_0.1/bottom/data/ldos.pp.dat160

     Writing data to be plotted to file /home/ubuntu/projects/Graphene-Band-Structure-Quantum-Espresso/outputs/field_0.1/bottom/data/ldos.pp.dat160.cube
     Plot Type: 3D                     Output format: Gaussian cube
     Reading data from file  /home/ubuntu/projects/Graphene-Band-Structure-Quantum-Espresso/outputs/field_0.1/bottom/data/ldos.pp.dat161

     Writing data to be plotted to file /home/ubuntu/projects/Graphene-Band-Structure-Quantum-Espresso/outputs/field_0.1/bottom/data/ldos.pp.dat161.cube
     Plot Type: 3D                     Output format: Gaussian cube
     Reading data from file  /home/ubuntu/projects/Graphene-Band-Structure-Quantum-Espresso/outputs/field_0.1/bottom/data/ldos.pp.dat162

     Writing data to be plotted to file /home/ubuntu/projects/Graphene-Band-Structure-Quantum-Espresso/outputs/field_0.1/bottom/data/ldos.pp.dat162.cube
     Plot Type: 3D                     Output format: Gaussian cube
     Reading data from file  /home/ubuntu/projects/Graphene-Band-Structure-Quantum-Espresso/outputs/field_0.1/bottom/data/ldos.pp.dat163

     Writing data to be plotted to file /home/ubuntu/projects/Graphene-Band-Structure-Quantum-Espresso/outputs/field_0.1/bottom/data/ldos.pp.dat163.cube
     Plot Type: 3D                     Output format: Gaussian cube
     Reading data from file  /home/ubuntu/projects/Graphene-Band-Structure-Quantum-Espresso/outputs/field_0.1/bottom/data/ldos.pp.dat164

     Writing data to be plotted to file /home/ubuntu/projects/Graphene-Band-Structure-Quantum-Espresso/outputs/field_0.1/bottom/data/ldos.pp.dat164.cube
     Plot Type: 3D                     Output format: Gaussian cube
     Reading data from file  /home/ubuntu/projects/Graphene-Band-Structure-Quantum-Espresso/outputs/field_0.1/bottom/data/ldos.pp.dat165

     Writing data to be plotted to file /home/ubuntu/projects/Graphene-Band-Structure-Quantum-Espresso/outputs/field_0.1/bottom/data/ldos.pp.dat165.cube
     Plot Type: 3D                     Output format: Gaussian cube
     Reading data from file  /home/ubuntu/projects/Graphene-Band-Structure-Quantum-Espresso/outputs/field_0.1/bottom/data/ldos.pp.dat166

     Writing data to be plotted to file /home/ubuntu/projects/Graphene-Band-Structure-Quantum-Espresso/outputs/field_0.1/bottom/data/ldos.pp.dat166.cube
     Plot Type: 3D                     Output format: Gaussian cube
     Reading data from file  /home/ubuntu/projects/Graphene-Band-Structure-Quantum-Espresso/outputs/field_0.1/bottom/data/ldos.pp.dat167

     Writing data to be plotted to file /home/ubuntu/projects/Graphene-Band-Structure-Quantum-Espresso/outputs/field_0.1/bottom/data/ldos.pp.dat167.cube
     Plot Type: 3D                     Output format: Gaussian cube
     Reading data from file  /home/ubuntu/projects/Graphene-Band-Structure-Quantum-Espresso/outputs/field_0.1/bottom/data/ldos.pp.dat168

     Writing data to be plotted to file /home/ubuntu/projects/Graphene-Band-Structure-Quantum-Espresso/outputs/field_0.1/bottom/data/ldos.pp.dat168.cube
     Plot Type: 3D                     Output format: Gaussian cube
     Reading data from file  /home/ubuntu/projects/Graphene-Band-Structure-Quantum-Espresso/outputs/field_0.1/bottom/data/ldos.pp.dat169

     Writing data to be plotted to file /home/ubuntu/projects/Graphene-Band-Structure-Quantum-Espresso/outputs/field_0.1/bottom/data/ldos.pp.dat169.cube
     Plot Type: 3D                     Output format: Gaussian cube
     Reading data from file  /home/ubuntu/projects/Graphene-Band-Structure-Quantum-Espresso/outputs/field_0.1/bottom/data/ldos.pp.dat170

     Writing data to be plotted to file /home/ubuntu/projects/Graphene-Band-Structure-Quantum-Espresso/outputs/field_0.1/bottom/data/ldos.pp.dat170.cube
     Plot Type: 3D                     Output format: Gaussian cube
     Reading data from file  /home/ubuntu/projects/Graphene-Band-Structure-Quantum-Espresso/outputs/field_0.1/bottom/data/ldos.pp.dat171

     Writing data to be plotted to file /home/ubuntu/projects/Graphene-Band-Structure-Quantum-Espresso/outputs/field_0.1/bottom/data/ldos.pp.dat171.cube
     Plot Type: 3D                     Output format: Gaussian cube
     Reading data from file  /home/ubuntu/projects/Graphene-Band-Structure-Quantum-Espresso/outputs/field_0.1/bottom/data/ldos.pp.dat172

     Writing data to be plotted to file /home/ubuntu/projects/Graphene-Band-Structure-Quantum-Espresso/outputs/field_0.1/bottom/data/ldos.pp.dat172.cube
     Plot Type: 3D                     Output format: Gaussian cube
     Reading data from file  /home/ubuntu/projects/Graphene-Band-Structure-Quantum-Espresso/outputs/field_0.1/bottom/data/ldos.pp.dat173

     Writing data to be plotted to file /home/ubuntu/projects/Graphene-Band-Structure-Quantum-Espresso/outputs/field_0.1/bottom/data/ldos.pp.dat173.cube
     Plot Type: 3D                     Output format: Gaussian cube
     Reading data from file  /home/ubuntu/projects/Graphene-Band-Structure-Quantum-Espresso/outputs/field_0.1/bottom/data/ldos.pp.dat174

     Writing data to be plotted to file /home/ubuntu/projects/Graphene-Band-Structure-Quantum-Espresso/outputs/field_0.1/bottom/data/ldos.pp.dat174.cube
     Plot Type: 3D                     Output format: Gaussian cube
     Reading data from file  /home/ubuntu/projects/Graphene-Band-Structure-Quantum-Espresso/outputs/field_0.1/bottom/data/ldos.pp.dat175

     Writing data to be plotted to file /home/ubuntu/projects/Graphene-Band-Structure-Quantum-Espresso/outputs/field_0.1/bottom/data/ldos.pp.dat175.cube
     Plot Type: 3D                     Output format: Gaussian cube
     Reading data from file  /home/ubuntu/projects/Graphene-Band-Structure-Quantum-Espresso/outputs/field_0.1/bottom/data/ldos.pp.dat176

     Writing data to be plotted to file /home/ubuntu/projects/Graphene-Band-Structure-Quantum-Espresso/outputs/field_0.1/bottom/data/ldos.pp.dat176.cube
     Plot Type: 3D                     Output format: Gaussian cube
     Reading data from file  /home/ubuntu/projects/Graphene-Band-Structure-Quantum-Espresso/outputs/field_0.1/bottom/data/ldos.pp.dat177

     Writing data to be plotted to file /home/ubuntu/projects/Graphene-Band-Structure-Quantum-Espresso/outputs/field_0.1/bottom/data/ldos.pp.dat177.cube
     Plot Type: 3D                     Output format: Gaussian cube
     Reading data from file  /home/ubuntu/projects/Graphene-Band-Structure-Quantum-Espresso/outputs/field_0.1/bottom/data/ldos.pp.dat178

     Writing data to be plotted to file /home/ubuntu/projects/Graphene-Band-Structure-Quantum-Espresso/outputs/field_0.1/bottom/data/ldos.pp.dat178.cube
     Plot Type: 3D                     Output format: Gaussian cube
     Reading data from file  /home/ubuntu/projects/Graphene-Band-Structure-Quantum-Espresso/outputs/field_0.1/bottom/data/ldos.pp.dat179

     Writing data to be plotted to file /home/ubuntu/projects/Graphene-Band-Structure-Quantum-Espresso/outputs/field_0.1/bottom/data/ldos.pp.dat179.cube
     Plot Type: 3D                     Output format: Gaussian cube
     Reading data from file  /home/ubuntu/projects/Graphene-Band-Structure-Quantum-Espresso/outputs/field_0.1/bottom/data/ldos.pp.dat180

     Writing data to be plotted to file /home/ubuntu/projects/Graphene-Band-Structure-Quantum-Espresso/outputs/field_0.1/bottom/data/ldos.pp.dat180.cube
     Plot Type: 3D                     Output format: Gaussian cube
     Reading data from file  /home/ubuntu/projects/Graphene-Band-Structure-Quantum-Espresso/outputs/field_0.1/bottom/data/ldos.pp.dat181

     Writing data to be plotted to file /home/ubuntu/projects/Graphene-Band-Structure-Quantum-Espresso/outputs/field_0.1/bottom/data/ldos.pp.dat181.cube
     Plot Type: 3D                     Output format: Gaussian cube
     Reading data from file  /home/ubuntu/projects/Graphene-Band-Structure-Quantum-Espresso/outputs/field_0.1/bottom/data/ldos.pp.dat182

     Writing data to be plotted to file /home/ubuntu/projects/Graphene-Band-Structure-Quantum-Espresso/outputs/field_0.1/bottom/data/ldos.pp.dat182.cube
     Plot Type: 3D                     Output format: Gaussian cube
     Reading data from file  /home/ubuntu/projects/Graphene-Band-Structure-Quantum-Espresso/outputs/field_0.1/bottom/data/ldos.pp.dat183

     Writing data to be plotted to file /home/ubuntu/projects/Graphene-Band-Structure-Quantum-Espresso/outputs/field_0.1/bottom/data/ldos.pp.dat183.cube
     Plot Type: 3D                     Output format: Gaussian cube
     Reading data from file  /home/ubuntu/projects/Graphene-Band-Structure-Quantum-Espresso/outputs/field_0.1/bottom/data/ldos.pp.dat184

     Writing data to be plotted to file /home/ubuntu/projects/Graphene-Band-Structure-Quantum-Espresso/outputs/field_0.1/bottom/data/ldos.pp.dat184.cube
     Plot Type: 3D                     Output format: Gaussian cube
     Reading data from file  /home/ubuntu/projects/Graphene-Band-Structure-Quantum-Espresso/outputs/field_0.1/bottom/data/ldos.pp.dat185

     Writing data to be plotted to file /home/ubuntu/projects/Graphene-Band-Structure-Quantum-Espresso/outputs/field_0.1/bottom/data/ldos.pp.dat185.cube
     Plot Type: 3D                     Output format: Gaussian cube
     Reading data from file  /home/ubuntu/projects/Graphene-Band-Structure-Quantum-Espresso/outputs/field_0.1/bottom/data/ldos.pp.dat186

     Writing data to be plotted to file /home/ubuntu/projects/Graphene-Band-Structure-Quantum-Espresso/outputs/field_0.1/bottom/data/ldos.pp.dat186.cube
     Plot Type: 3D                     Output format: Gaussian cube
     Reading data from file  /home/ubuntu/projects/Graphene-Band-Structure-Quantum-Espresso/outputs/field_0.1/bottom/data/ldos.pp.dat187

     Writing data to be plotted to file /home/ubuntu/projects/Graphene-Band-Structure-Quantum-Espresso/outputs/field_0.1/bottom/data/ldos.pp.dat187.cube
     Plot Type: 3D                     Output format: Gaussian cube
     Reading data from file  /home/ubuntu/projects/Graphene-Band-Structure-Quantum-Espresso/outputs/field_0.1/bottom/data/ldos.pp.dat188

     Writing data to be plotted to file /home/ubuntu/projects/Graphene-Band-Structure-Quantum-Espresso/outputs/field_0.1/bottom/data/ldos.pp.dat188.cube
     Plot Type: 3D                     Output format: Gaussian cube
     Reading data from file  /home/ubuntu/projects/Graphene-Band-Structure-Quantum-Espresso/outputs/field_0.1/bottom/data/ldos.pp.dat189

     Writing data to be plotted to file /home/ubuntu/projects/Graphene-Band-Structure-Quantum-Espresso/outputs/field_0.1/bottom/data/ldos.pp.dat189.cube
     Plot Type: 3D                     Output format: Gaussian cube
     Reading data from file  /home/ubuntu/projects/Graphene-Band-Structure-Quantum-Espresso/outputs/field_0.1/bottom/data/ldos.pp.dat190

     Writing data to be plotted to file /home/ubuntu/projects/Graphene-Band-Structure-Quantum-Espresso/outputs/field_0.1/bottom/data/ldos.pp.dat190.cube
     Plot Type: 3D                     Output format: Gaussian cube
     Reading data from file  /home/ubuntu/projects/Graphene-Band-Structure-Quantum-Espresso/outputs/field_0.1/bottom/data/ldos.pp.dat191

     Writing data to be plotted to file /home/ubuntu/projects/Graphene-Band-Structure-Quantum-Espresso/outputs/field_0.1/bottom/data/ldos.pp.dat191.cube
     Plot Type: 3D                     Output format: Gaussian cube
     Reading data from file  /home/ubuntu/projects/Graphene-Band-Structure-Quantum-Espresso/outputs/field_0.1/bottom/data/ldos.pp.dat192

     Writing data to be plotted to file /home/ubuntu/projects/Graphene-Band-Structure-Quantum-Espresso/outputs/field_0.1/bottom/data/ldos.pp.dat192.cube
     Plot Type: 3D                     Output format: Gaussian cube
     Reading data from file  /home/ubuntu/projects/Graphene-Band-Structure-Quantum-Espresso/outputs/field_0.1/bottom/data/ldos.pp.dat193

     Writing data to be plotted to file /home/ubuntu/projects/Graphene-Band-Structure-Quantum-Espresso/outputs/field_0.1/bottom/data/ldos.pp.dat193.cube
     Plot Type: 3D                     Output format: Gaussian cube
     Reading data from file  /home/ubuntu/projects/Graphene-Band-Structure-Quantum-Espresso/outputs/field_0.1/bottom/data/ldos.pp.dat194

     Writing data to be plotted to file /home/ubuntu/projects/Graphene-Band-Structure-Quantum-Espresso/outputs/field_0.1/bottom/data/ldos.pp.dat194.cube
     Plot Type: 3D                     Output format: Gaussian cube
     Reading data from file  /home/ubuntu/projects/Graphene-Band-Structure-Quantum-Espresso/outputs/field_0.1/bottom/data/ldos.pp.dat195

     Writing data to be plotted to file /home/ubuntu/projects/Graphene-Band-Structure-Quantum-Espresso/outputs/field_0.1/bottom/data/ldos.pp.dat195.cube
     Plot Type: 3D                     Output format: Gaussian cube
     Reading data from file  /home/ubuntu/projects/Graphene-Band-Structure-Quantum-Espresso/outputs/field_0.1/bottom/data/ldos.pp.dat196

     Writing data to be plotted to file /home/ubuntu/projects/Graphene-Band-Structure-Quantum-Espresso/outputs/field_0.1/bottom/data/ldos.pp.dat196.cube
     Plot Type: 3D                     Output format: Gaussian cube
     Reading data from file  /home/ubuntu/projects/Graphene-Band-Structure-Quantum-Espresso/outputs/field_0.1/bottom/data/ldos.pp.dat197

     Writing data to be plotted to file /home/ubuntu/projects/Graphene-Band-Structure-Quantum-Espresso/outputs/field_0.1/bottom/data/ldos.pp.dat197.cube
     Plot Type: 3D                     Output format: Gaussian cube
     Reading data from file  /home/ubuntu/projects/Graphene-Band-Structure-Quantum-Espresso/outputs/field_0.1/bottom/data/ldos.pp.dat198

     Writing data to be plotted to file /home/ubuntu/projects/Graphene-Band-Structure-Quantum-Espresso/outputs/field_0.1/bottom/data/ldos.pp.dat198.cube
     Plot Type: 3D                     Output format: Gaussian cube
     Reading data from file  /home/ubuntu/projects/Graphene-Band-Structure-Quantum-Espresso/outputs/field_0.1/bottom/data/ldos.pp.dat199

     Writing data to be plotted to file /home/ubuntu/projects/Graphene-Band-Structure-Quantum-Espresso/outputs/field_0.1/bottom/data/ldos.pp.dat199.cube
     Plot Type: 3D                     Output format: Gaussian cube
     Reading data from file  /home/ubuntu/projects/Graphene-Band-Structure-Quantum-Espresso/outputs/field_0.1/bottom/data/ldos.pp.dat200

     Writing data to be plotted to file /home/ubuntu/projects/Graphene-Band-Structure-Quantum-Espresso/outputs/field_0.1/bottom/data/ldos.pp.dat200.cube
     Plot Type: 3D                     Output format: Gaussian cube
     Reading data from file  /home/ubuntu/projects/Graphene-Band-Structure-Quantum-Espresso/outputs/field_0.1/bottom/data/ldos.pp.dat201

     Writing data to be plotted to file /home/ubuntu/projects/Graphene-Band-Structure-Quantum-Espresso/outputs/field_0.1/bottom/data/ldos.pp.dat201.cube
     Plot Type: 3D                     Output format: Gaussian cube

     POST-PROC    :   5m50.58s CPU   6m42.19s WALL


   This run was terminated on:  20:40:57  19Sep2026            

=------------------------------------------------------------------------------=
   JOB DONE.
=------------------------------------------------------------------------------=
Note: The following floating-point exceptions are signalling: IEEE_DENORMAL
Note: The following floating-point exceptions are signalling: IEEE_DENORMAL
Note: The following floating-point exceptions are signalling: IEEE_DENORMAL
