
     Program POST-PROC v.7.6 starts on  5Oct2026 at  0:26:28 

     This program is part of the open-source Quantum ESPRESSO suite
     for quantum simulation of materials; please cite
         "P. Giannozzi et al., J. Phys.:Condens. Matter 21 395502 (2009);
         "P. Giannozzi et al., J. Phys.:Condens. Matter 29 465901 (2017);
         "P. Giannozzi et al., J. Chem. Phys. 152 154105 (2020);
          URL http://www.quantum-espresso.org", 
     in publications or presentations arising from this work. More details at
     http://www.quantum-espresso.org/quote

     Parallel version (MPI), running on    16 processors

     MPI processes distributed on     1 nodes
     K-points division:     npool     =      16
     15957 MiB available memory on the printing compute node when the environment starts


     Reading xml data from directory:

     /home/ubuntu/projects/Graphene-Band-Structure-Quantum-Espresso/outputs/field_0.001/vdw-df2-c09/top/data/top.save/

     IMPORTANT: XC functional enforced from input :
     Exchange-correlation= VDW-DF2-C09
                           (   1   4  16   0   2   0   0)
     Any further DFT definition will be discarded
     Please, verify this is what you really want


     G-vector sticks info
     --------------------
     sticks:   dense  smooth     PW     G-vecs:    dense   smooth      PW
     Sum         535     535    169                94953    94953   17491

     Using Slab Decomposition


     Adding external electric field
        E field amplitude [Ha a.u.]:  1.0000E-03
        Potential amp.        0.0794 Ry
        Total length         39.7126 bohr



     %%%%%%%%%%%%%%%%%%%%%%%%%%%%%%%%%%%%%%%%%%%%%%%%%%%%%%%%%%%%%%%%%%%%%%%%
     %                                                                      %
     % You are using vdW-DF, which was implemented by the Thonhauser group. %
     % Please cite the following two papers that made this development      %
     % possible and the two reviews that describe the various versions:     %
     %                                                                      %
     %   T. Thonhauser et al., PRL 115, 136402 (2015).                      %
     %   T. Thonhauser et al., PRB 76,  125112 (2007).                      %
     %   K. Berland et al., Rep. Prog. Phys. 78, 066501 (2015).             %
     %   D.C. Langreth et al., J. Phys.: Condens. Matter 21, 084203 (2009). %
     %                                                                      %
     % If you are calculating stress with vdW-DF, please also cite:         %
     %                                                                      %
     %   R. Sabatini et al., J. Phys.: Condens. Matter 24, 424209 (2012).   %
     %                                                                      %
     %   And for spin-polarized stress cases also:                          %
     %   C.M. Frostenson et al., Electr. Struct. 4, 014001 (2022).          %
     %                                                                      %
     %%%%%%%%%%%%%%%%%%%%%%%%%%%%%%%%%%%%%%%%%%%%%%%%%%%%%%%%%%%%%%%%%%%%%%%%

     %%%%%%%%%%%%%%%%%%%%%%%%%%%%%%%%%%%%%%%%%%%%%%%%%%%%%%%%%%%%%%%%%%%%%%%%
     %                                                                      %
     %  vdW-DF NEWS:                                                        %
     %                                                                      %
     %  * vdW-DF3-mc is now available. DOI: 10.1103/hp9d-4kpf               %
     %    use with input_dft = 'vdW-DF3-mc'                                 %
     %  * vdW-DF3 is now available. DOI: 10.1021/acs.jctc.0c00471           %
     %    use with input_dft = 'vdW-DF3-opt1' or 'vdW-DF3-opt2'             %
     %                                                                      %
     %  * Unscreened and range-separated hybrid vdW-DF-cx functionals       %
     %    DOI: 10.1063/1.4986522 and 10.1088/1361-648X/ac2ad2               %
     %    use with input_dft = 'vdW-DF-cx0' and 'vdW-DF-ahcx'               %
     %  * Unscreened and range-separated hybrid vdW-DF2-b86r functionals    %
     %    DOI: 10.1063/1.4986522 and DOI: 10.1103/PhysRevX.12.041003        %
     %    use with input_dft = 'vdW-DF2-br0' and 'vdW-DF2-ahbr'             %
     %                                                                      %
     %%%%%%%%%%%%%%%%%%%%%%%%%%%%%%%%%%%%%%%%%%%%%%%%%%%%%%%%%%%%%%%%%%%%%%%%



     Calling punch_plot, plot_num =   3

     Energy = -17.55170 eV, broadening =   0.20000eV
     Writing data to file  /home/ubuntu/projects/Graphene-Band-Structure-Quantum-Espresso/outputs/field_0.001/vdw-df2-c09/top/data/ldos.pp.dat001

     Calling punch_plot, plot_num =   3

     Energy = -17.50170 eV, broadening =   0.20000eV
     Writing data to file  /home/ubuntu/projects/Graphene-Band-Structure-Quantum-Espresso/outputs/field_0.001/vdw-df2-c09/top/data/ldos.pp.dat002

     Calling punch_plot, plot_num =   3

     Energy = -17.45170 eV, broadening =   0.20000eV
     Writing data to file  /home/ubuntu/projects/Graphene-Band-Structure-Quantum-Espresso/outputs/field_0.001/vdw-df2-c09/top/data/ldos.pp.dat003

     Calling punch_plot, plot_num =   3

     Energy = -17.40170 eV, broadening =   0.20000eV
     Writing data to file  /home/ubuntu/projects/Graphene-Band-Structure-Quantum-Espresso/outputs/field_0.001/vdw-df2-c09/top/data/ldos.pp.dat004

     Calling punch_plot, plot_num =   3

     Energy = -17.35170 eV, broadening =   0.20000eV
     Writing data to file  /home/ubuntu/projects/Graphene-Band-Structure-Quantum-Espresso/outputs/field_0.001/vdw-df2-c09/top/data/ldos.pp.dat005

     Calling punch_plot, plot_num =   3

     Energy = -17.30170 eV, broadening =   0.20000eV
     Writing data to file  /home/ubuntu/projects/Graphene-Band-Structure-Quantum-Espresso/outputs/field_0.001/vdw-df2-c09/top/data/ldos.pp.dat006

     Calling punch_plot, plot_num =   3

     Energy = -17.25170 eV, broadening =   0.20000eV
     Writing data to file  /home/ubuntu/projects/Graphene-Band-Structure-Quantum-Espresso/outputs/field_0.001/vdw-df2-c09/top/data/ldos.pp.dat007

     Calling punch_plot, plot_num =   3

     Energy = -17.20170 eV, broadening =   0.20000eV
     Writing data to file  /home/ubuntu/projects/Graphene-Band-Structure-Quantum-Espresso/outputs/field_0.001/vdw-df2-c09/top/data/ldos.pp.dat008

     Calling punch_plot, plot_num =   3

     Energy = -17.15170 eV, broadening =   0.20000eV
     Writing data to file  /home/ubuntu/projects/Graphene-Band-Structure-Quantum-Espresso/outputs/field_0.001/vdw-df2-c09/top/data/ldos.pp.dat009

     Calling punch_plot, plot_num =   3

     Energy = -17.10170 eV, broadening =   0.20000eV
     Writing data to file  /home/ubuntu/projects/Graphene-Band-Structure-Quantum-Espresso/outputs/field_0.001/vdw-df2-c09/top/data/ldos.pp.dat010

     Calling punch_plot, plot_num =   3

     Energy = -17.05170 eV, broadening =   0.20000eV
     Writing data to file  /home/ubuntu/projects/Graphene-Band-Structure-Quantum-Espresso/outputs/field_0.001/vdw-df2-c09/top/data/ldos.pp.dat011

     Calling punch_plot, plot_num =   3

     Energy = -17.00170 eV, broadening =   0.20000eV
     Writing data to file  /home/ubuntu/projects/Graphene-Band-Structure-Quantum-Espresso/outputs/field_0.001/vdw-df2-c09/top/data/ldos.pp.dat012

     Calling punch_plot, plot_num =   3

     Energy = -16.95170 eV, broadening =   0.20000eV
     Writing data to file  /home/ubuntu/projects/Graphene-Band-Structure-Quantum-Espresso/outputs/field_0.001/vdw-df2-c09/top/data/ldos.pp.dat013

     Calling punch_plot, plot_num =   3

     Energy = -16.90170 eV, broadening =   0.20000eV
     Writing data to file  /home/ubuntu/projects/Graphene-Band-Structure-Quantum-Espresso/outputs/field_0.001/vdw-df2-c09/top/data/ldos.pp.dat014

     Calling punch_plot, plot_num =   3

     Energy = -16.85170 eV, broadening =   0.20000eV
     Writing data to file  /home/ubuntu/projects/Graphene-Band-Structure-Quantum-Espresso/outputs/field_0.001/vdw-df2-c09/top/data/ldos.pp.dat015

     Calling punch_plot, plot_num =   3

     Energy = -16.80170 eV, broadening =   0.20000eV
     Writing data to file  /home/ubuntu/projects/Graphene-Band-Structure-Quantum-Espresso/outputs/field_0.001/vdw-df2-c09/top/data/ldos.pp.dat016

     Calling punch_plot, plot_num =   3

     Energy = -16.75170 eV, broadening =   0.20000eV
     Writing data to file  /home/ubuntu/projects/Graphene-Band-Structure-Quantum-Espresso/outputs/field_0.001/vdw-df2-c09/top/data/ldos.pp.dat017

     Calling punch_plot, plot_num =   3

     Energy = -16.70170 eV, broadening =   0.20000eV
     Writing data to file  /home/ubuntu/projects/Graphene-Band-Structure-Quantum-Espresso/outputs/field_0.001/vdw-df2-c09/top/data/ldos.pp.dat018

     Calling punch_plot, plot_num =   3

     Energy = -16.65170 eV, broadening =   0.20000eV
     Writing data to file  /home/ubuntu/projects/Graphene-Band-Structure-Quantum-Espresso/outputs/field_0.001/vdw-df2-c09/top/data/ldos.pp.dat019

     Calling punch_plot, plot_num =   3

     Energy = -16.60170 eV, broadening =   0.20000eV
     Writing data to file  /home/ubuntu/projects/Graphene-Band-Structure-Quantum-Espresso/outputs/field_0.001/vdw-df2-c09/top/data/ldos.pp.dat020

     Calling punch_plot, plot_num =   3

     Energy = -16.55170 eV, broadening =   0.20000eV
     Writing data to file  /home/ubuntu/projects/Graphene-Band-Structure-Quantum-Espresso/outputs/field_0.001/vdw-df2-c09/top/data/ldos.pp.dat021

     Calling punch_plot, plot_num =   3

     Energy = -16.50170 eV, broadening =   0.20000eV
     Writing data to file  /home/ubuntu/projects/Graphene-Band-Structure-Quantum-Espresso/outputs/field_0.001/vdw-df2-c09/top/data/ldos.pp.dat022

     Calling punch_plot, plot_num =   3

     Energy = -16.45170 eV, broadening =   0.20000eV
     Writing data to file  /home/ubuntu/projects/Graphene-Band-Structure-Quantum-Espresso/outputs/field_0.001/vdw-df2-c09/top/data/ldos.pp.dat023

     Calling punch_plot, plot_num =   3

     Energy = -16.40170 eV, broadening =   0.20000eV
     Writing data to file  /home/ubuntu/projects/Graphene-Band-Structure-Quantum-Espresso/outputs/field_0.001/vdw-df2-c09/top/data/ldos.pp.dat024

     Calling punch_plot, plot_num =   3

     Energy = -16.35170 eV, broadening =   0.20000eV
     Writing data to file  /home/ubuntu/projects/Graphene-Band-Structure-Quantum-Espresso/outputs/field_0.001/vdw-df2-c09/top/data/ldos.pp.dat025

     Calling punch_plot, plot_num =   3

     Energy = -16.30170 eV, broadening =   0.20000eV
     Writing data to file  /home/ubuntu/projects/Graphene-Band-Structure-Quantum-Espresso/outputs/field_0.001/vdw-df2-c09/top/data/ldos.pp.dat026

     Calling punch_plot, plot_num =   3

     Energy = -16.25170 eV, broadening =   0.20000eV
     Writing data to file  /home/ubuntu/projects/Graphene-Band-Structure-Quantum-Espresso/outputs/field_0.001/vdw-df2-c09/top/data/ldos.pp.dat027

     Calling punch_plot, plot_num =   3

     Energy = -16.20170 eV, broadening =   0.20000eV
     Writing data to file  /home/ubuntu/projects/Graphene-Band-Structure-Quantum-Espresso/outputs/field_0.001/vdw-df2-c09/top/data/ldos.pp.dat028

     Calling punch_plot, plot_num =   3

     Energy = -16.15170 eV, broadening =   0.20000eV
     Writing data to file  /home/ubuntu/projects/Graphene-Band-Structure-Quantum-Espresso/outputs/field_0.001/vdw-df2-c09/top/data/ldos.pp.dat029

     Calling punch_plot, plot_num =   3

     Energy = -16.10170 eV, broadening =   0.20000eV
     Writing data to file  /home/ubuntu/projects/Graphene-Band-Structure-Quantum-Espresso/outputs/field_0.001/vdw-df2-c09/top/data/ldos.pp.dat030

     Calling punch_plot, plot_num =   3

     Energy = -16.05170 eV, broadening =   0.20000eV
     Writing data to file  /home/ubuntu/projects/Graphene-Band-Structure-Quantum-Espresso/outputs/field_0.001/vdw-df2-c09/top/data/ldos.pp.dat031

     Calling punch_plot, plot_num =   3

     Energy = -16.00170 eV, broadening =   0.20000eV
     Writing data to file  /home/ubuntu/projects/Graphene-Band-Structure-Quantum-Espresso/outputs/field_0.001/vdw-df2-c09/top/data/ldos.pp.dat032

     Calling punch_plot, plot_num =   3

     Energy = -15.95170 eV, broadening =   0.20000eV
     Writing data to file  /home/ubuntu/projects/Graphene-Band-Structure-Quantum-Espresso/outputs/field_0.001/vdw-df2-c09/top/data/ldos.pp.dat033

     Calling punch_plot, plot_num =   3

     Energy = -15.90170 eV, broadening =   0.20000eV
     Writing data to file  /home/ubuntu/projects/Graphene-Band-Structure-Quantum-Espresso/outputs/field_0.001/vdw-df2-c09/top/data/ldos.pp.dat034

     Calling punch_plot, plot_num =   3

     Energy = -15.85170 eV, broadening =   0.20000eV
     Writing data to file  /home/ubuntu/projects/Graphene-Band-Structure-Quantum-Espresso/outputs/field_0.001/vdw-df2-c09/top/data/ldos.pp.dat035

     Calling punch_plot, plot_num =   3

     Energy = -15.80170 eV, broadening =   0.20000eV
     Writing data to file  /home/ubuntu/projects/Graphene-Band-Structure-Quantum-Espresso/outputs/field_0.001/vdw-df2-c09/top/data/ldos.pp.dat036

     Calling punch_plot, plot_num =   3

     Energy = -15.75170 eV, broadening =   0.20000eV
     Writing data to file  /home/ubuntu/projects/Graphene-Band-Structure-Quantum-Espresso/outputs/field_0.001/vdw-df2-c09/top/data/ldos.pp.dat037

     Calling punch_plot, plot_num =   3

     Energy = -15.70170 eV, broadening =   0.20000eV
     Writing data to file  /home/ubuntu/projects/Graphene-Band-Structure-Quantum-Espresso/outputs/field_0.001/vdw-df2-c09/top/data/ldos.pp.dat038

     Calling punch_plot, plot_num =   3

     Energy = -15.65170 eV, broadening =   0.20000eV
     Writing data to file  /home/ubuntu/projects/Graphene-Band-Structure-Quantum-Espresso/outputs/field_0.001/vdw-df2-c09/top/data/ldos.pp.dat039

     Calling punch_plot, plot_num =   3

     Energy = -15.60170 eV, broadening =   0.20000eV
     Writing data to file  /home/ubuntu/projects/Graphene-Band-Structure-Quantum-Espresso/outputs/field_0.001/vdw-df2-c09/top/data/ldos.pp.dat040

     Calling punch_plot, plot_num =   3

     Energy = -15.55170 eV, broadening =   0.20000eV
     Writing data to file  /home/ubuntu/projects/Graphene-Band-Structure-Quantum-Espresso/outputs/field_0.001/vdw-df2-c09/top/data/ldos.pp.dat041

     Calling punch_plot, plot_num =   3

     Energy = -15.50170 eV, broadening =   0.20000eV
     Writing data to file  /home/ubuntu/projects/Graphene-Band-Structure-Quantum-Espresso/outputs/field_0.001/vdw-df2-c09/top/data/ldos.pp.dat042

     Calling punch_plot, plot_num =   3

     Energy = -15.45170 eV, broadening =   0.20000eV
     Writing data to file  /home/ubuntu/projects/Graphene-Band-Structure-Quantum-Espresso/outputs/field_0.001/vdw-df2-c09/top/data/ldos.pp.dat043

     Calling punch_plot, plot_num =   3

     Energy = -15.40170 eV, broadening =   0.20000eV
     Writing data to file  /home/ubuntu/projects/Graphene-Band-Structure-Quantum-Espresso/outputs/field_0.001/vdw-df2-c09/top/data/ldos.pp.dat044

     Calling punch_plot, plot_num =   3

     Energy = -15.35170 eV, broadening =   0.20000eV
     Writing data to file  /home/ubuntu/projects/Graphene-Band-Structure-Quantum-Espresso/outputs/field_0.001/vdw-df2-c09/top/data/ldos.pp.dat045

     Calling punch_plot, plot_num =   3

     Energy = -15.30170 eV, broadening =   0.20000eV
     Writing data to file  /home/ubuntu/projects/Graphene-Band-Structure-Quantum-Espresso/outputs/field_0.001/vdw-df2-c09/top/data/ldos.pp.dat046

     Calling punch_plot, plot_num =   3

     Energy = -15.25170 eV, broadening =   0.20000eV
     Writing data to file  /home/ubuntu/projects/Graphene-Band-Structure-Quantum-Espresso/outputs/field_0.001/vdw-df2-c09/top/data/ldos.pp.dat047

     Calling punch_plot, plot_num =   3

     Energy = -15.20170 eV, broadening =   0.20000eV
     Writing data to file  /home/ubuntu/projects/Graphene-Band-Structure-Quantum-Espresso/outputs/field_0.001/vdw-df2-c09/top/data/ldos.pp.dat048

     Calling punch_plot, plot_num =   3

     Energy = -15.15170 eV, broadening =   0.20000eV
     Writing data to file  /home/ubuntu/projects/Graphene-Band-Structure-Quantum-Espresso/outputs/field_0.001/vdw-df2-c09/top/data/ldos.pp.dat049

     Calling punch_plot, plot_num =   3

     Energy = -15.10170 eV, broadening =   0.20000eV
     Writing data to file  /home/ubuntu/projects/Graphene-Band-Structure-Quantum-Espresso/outputs/field_0.001/vdw-df2-c09/top/data/ldos.pp.dat050

     Calling punch_plot, plot_num =   3

     Energy = -15.05170 eV, broadening =   0.20000eV
     Writing data to file  /home/ubuntu/projects/Graphene-Band-Structure-Quantum-Espresso/outputs/field_0.001/vdw-df2-c09/top/data/ldos.pp.dat051

     Calling punch_plot, plot_num =   3

     Energy = -15.00170 eV, broadening =   0.20000eV
     Writing data to file  /home/ubuntu/projects/Graphene-Band-Structure-Quantum-Espresso/outputs/field_0.001/vdw-df2-c09/top/data/ldos.pp.dat052

     Calling punch_plot, plot_num =   3

     Energy = -14.95170 eV, broadening =   0.20000eV
     Writing data to file  /home/ubuntu/projects/Graphene-Band-Structure-Quantum-Espresso/outputs/field_0.001/vdw-df2-c09/top/data/ldos.pp.dat053

     Calling punch_plot, plot_num =   3

     Energy = -14.90170 eV, broadening =   0.20000eV
     Writing data to file  /home/ubuntu/projects/Graphene-Band-Structure-Quantum-Espresso/outputs/field_0.001/vdw-df2-c09/top/data/ldos.pp.dat054

     Calling punch_plot, plot_num =   3

     Energy = -14.85170 eV, broadening =   0.20000eV
     Writing data to file  /home/ubuntu/projects/Graphene-Band-Structure-Quantum-Espresso/outputs/field_0.001/vdw-df2-c09/top/data/ldos.pp.dat055

     Calling punch_plot, plot_num =   3

     Energy = -14.80170 eV, broadening =   0.20000eV
     Writing data to file  /home/ubuntu/projects/Graphene-Band-Structure-Quantum-Espresso/outputs/field_0.001/vdw-df2-c09/top/data/ldos.pp.dat056

     Calling punch_plot, plot_num =   3

     Energy = -14.75170 eV, broadening =   0.20000eV
     Writing data to file  /home/ubuntu/projects/Graphene-Band-Structure-Quantum-Espresso/outputs/field_0.001/vdw-df2-c09/top/data/ldos.pp.dat057

     Calling punch_plot, plot_num =   3

     Energy = -14.70170 eV, broadening =   0.20000eV
     Writing data to file  /home/ubuntu/projects/Graphene-Band-Structure-Quantum-Espresso/outputs/field_0.001/vdw-df2-c09/top/data/ldos.pp.dat058

     Calling punch_plot, plot_num =   3

     Energy = -14.65170 eV, broadening =   0.20000eV
     Writing data to file  /home/ubuntu/projects/Graphene-Band-Structure-Quantum-Espresso/outputs/field_0.001/vdw-df2-c09/top/data/ldos.pp.dat059

     Calling punch_plot, plot_num =   3

     Energy = -14.60170 eV, broadening =   0.20000eV
     Writing data to file  /home/ubuntu/projects/Graphene-Band-Structure-Quantum-Espresso/outputs/field_0.001/vdw-df2-c09/top/data/ldos.pp.dat060

     Calling punch_plot, plot_num =   3

     Energy = -14.55170 eV, broadening =   0.20000eV
     Writing data to file  /home/ubuntu/projects/Graphene-Band-Structure-Quantum-Espresso/outputs/field_0.001/vdw-df2-c09/top/data/ldos.pp.dat061

     Calling punch_plot, plot_num =   3

     Energy = -14.50170 eV, broadening =   0.20000eV
     Writing data to file  /home/ubuntu/projects/Graphene-Band-Structure-Quantum-Espresso/outputs/field_0.001/vdw-df2-c09/top/data/ldos.pp.dat062

     Calling punch_plot, plot_num =   3

     Energy = -14.45170 eV, broadening =   0.20000eV
     Writing data to file  /home/ubuntu/projects/Graphene-Band-Structure-Quantum-Espresso/outputs/field_0.001/vdw-df2-c09/top/data/ldos.pp.dat063

     Calling punch_plot, plot_num =   3

     Energy = -14.40170 eV, broadening =   0.20000eV
     Writing data to file  /home/ubuntu/projects/Graphene-Band-Structure-Quantum-Espresso/outputs/field_0.001/vdw-df2-c09/top/data/ldos.pp.dat064

     Calling punch_plot, plot_num =   3

     Energy = -14.35170 eV, broadening =   0.20000eV
     Writing data to file  /home/ubuntu/projects/Graphene-Band-Structure-Quantum-Espresso/outputs/field_0.001/vdw-df2-c09/top/data/ldos.pp.dat065

     Calling punch_plot, plot_num =   3

     Energy = -14.30170 eV, broadening =   0.20000eV
     Writing data to file  /home/ubuntu/projects/Graphene-Band-Structure-Quantum-Espresso/outputs/field_0.001/vdw-df2-c09/top/data/ldos.pp.dat066

     Calling punch_plot, plot_num =   3

     Energy = -14.25170 eV, broadening =   0.20000eV
     Writing data to file  /home/ubuntu/projects/Graphene-Band-Structure-Quantum-Espresso/outputs/field_0.001/vdw-df2-c09/top/data/ldos.pp.dat067

     Calling punch_plot, plot_num =   3

     Energy = -14.20170 eV, broadening =   0.20000eV
     Writing data to file  /home/ubuntu/projects/Graphene-Band-Structure-Quantum-Espresso/outputs/field_0.001/vdw-df2-c09/top/data/ldos.pp.dat068

     Calling punch_plot, plot_num =   3

     Energy = -14.15170 eV, broadening =   0.20000eV
     Writing data to file  /home/ubuntu/projects/Graphene-Band-Structure-Quantum-Espresso/outputs/field_0.001/vdw-df2-c09/top/data/ldos.pp.dat069

     Calling punch_plot, plot_num =   3

     Energy = -14.10170 eV, broadening =   0.20000eV
     Writing data to file  /home/ubuntu/projects/Graphene-Band-Structure-Quantum-Espresso/outputs/field_0.001/vdw-df2-c09/top/data/ldos.pp.dat070

     Calling punch_plot, plot_num =   3

     Energy = -14.05170 eV, broadening =   0.20000eV
     Writing data to file  /home/ubuntu/projects/Graphene-Band-Structure-Quantum-Espresso/outputs/field_0.001/vdw-df2-c09/top/data/ldos.pp.dat071

     Calling punch_plot, plot_num =   3

     Energy = -14.00170 eV, broadening =   0.20000eV
     Writing data to file  /home/ubuntu/projects/Graphene-Band-Structure-Quantum-Espresso/outputs/field_0.001/vdw-df2-c09/top/data/ldos.pp.dat072

     Calling punch_plot, plot_num =   3

     Energy = -13.95170 eV, broadening =   0.20000eV
     Writing data to file  /home/ubuntu/projects/Graphene-Band-Structure-Quantum-Espresso/outputs/field_0.001/vdw-df2-c09/top/data/ldos.pp.dat073

     Calling punch_plot, plot_num =   3

     Energy = -13.90170 eV, broadening =   0.20000eV
     Writing data to file  /home/ubuntu/projects/Graphene-Band-Structure-Quantum-Espresso/outputs/field_0.001/vdw-df2-c09/top/data/ldos.pp.dat074

     Calling punch_plot, plot_num =   3

     Energy = -13.85170 eV, broadening =   0.20000eV
     Writing data to file  /home/ubuntu/projects/Graphene-Band-Structure-Quantum-Espresso/outputs/field_0.001/vdw-df2-c09/top/data/ldos.pp.dat075

     Calling punch_plot, plot_num =   3

     Energy = -13.80170 eV, broadening =   0.20000eV
     Writing data to file  /home/ubuntu/projects/Graphene-Band-Structure-Quantum-Espresso/outputs/field_0.001/vdw-df2-c09/top/data/ldos.pp.dat076

     Calling punch_plot, plot_num =   3

     Energy = -13.75170 eV, broadening =   0.20000eV
     Writing data to file  /home/ubuntu/projects/Graphene-Band-Structure-Quantum-Espresso/outputs/field_0.001/vdw-df2-c09/top/data/ldos.pp.dat077

     Calling punch_plot, plot_num =   3

     Energy = -13.70170 eV, broadening =   0.20000eV
     Writing data to file  /home/ubuntu/projects/Graphene-Band-Structure-Quantum-Espresso/outputs/field_0.001/vdw-df2-c09/top/data/ldos.pp.dat078

     Calling punch_plot, plot_num =   3

     Energy = -13.65170 eV, broadening =   0.20000eV
     Writing data to file  /home/ubuntu/projects/Graphene-Band-Structure-Quantum-Espresso/outputs/field_0.001/vdw-df2-c09/top/data/ldos.pp.dat079

     Calling punch_plot, plot_num =   3

     Energy = -13.60170 eV, broadening =   0.20000eV
     Writing data to file  /home/ubuntu/projects/Graphene-Band-Structure-Quantum-Espresso/outputs/field_0.001/vdw-df2-c09/top/data/ldos.pp.dat080

     Calling punch_plot, plot_num =   3

     Energy = -13.55170 eV, broadening =   0.20000eV
     Writing data to file  /home/ubuntu/projects/Graphene-Band-Structure-Quantum-Espresso/outputs/field_0.001/vdw-df2-c09/top/data/ldos.pp.dat081

     Calling punch_plot, plot_num =   3

     Energy = -13.50170 eV, broadening =   0.20000eV
     Writing data to file  /home/ubuntu/projects/Graphene-Band-Structure-Quantum-Espresso/outputs/field_0.001/vdw-df2-c09/top/data/ldos.pp.dat082

     Calling punch_plot, plot_num =   3

     Energy = -13.45170 eV, broadening =   0.20000eV
     Writing data to file  /home/ubuntu/projects/Graphene-Band-Structure-Quantum-Espresso/outputs/field_0.001/vdw-df2-c09/top/data/ldos.pp.dat083

     Calling punch_plot, plot_num =   3

     Energy = -13.40170 eV, broadening =   0.20000eV
     Writing data to file  /home/ubuntu/projects/Graphene-Band-Structure-Quantum-Espresso/outputs/field_0.001/vdw-df2-c09/top/data/ldos.pp.dat084

     Calling punch_plot, plot_num =   3

     Energy = -13.35170 eV, broadening =   0.20000eV
     Writing data to file  /home/ubuntu/projects/Graphene-Band-Structure-Quantum-Espresso/outputs/field_0.001/vdw-df2-c09/top/data/ldos.pp.dat085

     Calling punch_plot, plot_num =   3

     Energy = -13.30170 eV, broadening =   0.20000eV
     Writing data to file  /home/ubuntu/projects/Graphene-Band-Structure-Quantum-Espresso/outputs/field_0.001/vdw-df2-c09/top/data/ldos.pp.dat086

     Calling punch_plot, plot_num =   3

     Energy = -13.25170 eV, broadening =   0.20000eV
     Writing data to file  /home/ubuntu/projects/Graphene-Band-Structure-Quantum-Espresso/outputs/field_0.001/vdw-df2-c09/top/data/ldos.pp.dat087

     Calling punch_plot, plot_num =   3

     Energy = -13.20170 eV, broadening =   0.20000eV
     Writing data to file  /home/ubuntu/projects/Graphene-Band-Structure-Quantum-Espresso/outputs/field_0.001/vdw-df2-c09/top/data/ldos.pp.dat088

     Calling punch_plot, plot_num =   3

     Energy = -13.15170 eV, broadening =   0.20000eV
     Writing data to file  /home/ubuntu/projects/Graphene-Band-Structure-Quantum-Espresso/outputs/field_0.001/vdw-df2-c09/top/data/ldos.pp.dat089

     Calling punch_plot, plot_num =   3

     Energy = -13.10170 eV, broadening =   0.20000eV
     Writing data to file  /home/ubuntu/projects/Graphene-Band-Structure-Quantum-Espresso/outputs/field_0.001/vdw-df2-c09/top/data/ldos.pp.dat090

     Calling punch_plot, plot_num =   3

     Energy = -13.05170 eV, broadening =   0.20000eV
     Writing data to file  /home/ubuntu/projects/Graphene-Band-Structure-Quantum-Espresso/outputs/field_0.001/vdw-df2-c09/top/data/ldos.pp.dat091

     Calling punch_plot, plot_num =   3

     Energy = -13.00170 eV, broadening =   0.20000eV
     Writing data to file  /home/ubuntu/projects/Graphene-Band-Structure-Quantum-Espresso/outputs/field_0.001/vdw-df2-c09/top/data/ldos.pp.dat092

     Calling punch_plot, plot_num =   3

     Energy = -12.95170 eV, broadening =   0.20000eV
     Writing data to file  /home/ubuntu/projects/Graphene-Band-Structure-Quantum-Espresso/outputs/field_0.001/vdw-df2-c09/top/data/ldos.pp.dat093

     Calling punch_plot, plot_num =   3

     Energy = -12.90170 eV, broadening =   0.20000eV
     Writing data to file  /home/ubuntu/projects/Graphene-Band-Structure-Quantum-Espresso/outputs/field_0.001/vdw-df2-c09/top/data/ldos.pp.dat094

     Calling punch_plot, plot_num =   3

     Energy = -12.85170 eV, broadening =   0.20000eV
     Writing data to file  /home/ubuntu/projects/Graphene-Band-Structure-Quantum-Espresso/outputs/field_0.001/vdw-df2-c09/top/data/ldos.pp.dat095

     Calling punch_plot, plot_num =   3

     Energy = -12.80170 eV, broadening =   0.20000eV
     Writing data to file  /home/ubuntu/projects/Graphene-Band-Structure-Quantum-Espresso/outputs/field_0.001/vdw-df2-c09/top/data/ldos.pp.dat096

     Calling punch_plot, plot_num =   3

     Energy = -12.75170 eV, broadening =   0.20000eV
     Writing data to file  /home/ubuntu/projects/Graphene-Band-Structure-Quantum-Espresso/outputs/field_0.001/vdw-df2-c09/top/data/ldos.pp.dat097

     Calling punch_plot, plot_num =   3

     Energy = -12.70170 eV, broadening =   0.20000eV
     Writing data to file  /home/ubuntu/projects/Graphene-Band-Structure-Quantum-Espresso/outputs/field_0.001/vdw-df2-c09/top/data/ldos.pp.dat098

     Calling punch_plot, plot_num =   3

     Energy = -12.65170 eV, broadening =   0.20000eV
     Writing data to file  /home/ubuntu/projects/Graphene-Band-Structure-Quantum-Espresso/outputs/field_0.001/vdw-df2-c09/top/data/ldos.pp.dat099

     Calling punch_plot, plot_num =   3

     Energy = -12.60170 eV, broadening =   0.20000eV
     Writing data to file  /home/ubuntu/projects/Graphene-Band-Structure-Quantum-Espresso/outputs/field_0.001/vdw-df2-c09/top/data/ldos.pp.dat100

     Calling punch_plot, plot_num =   3

     Energy = -12.55170 eV, broadening =   0.20000eV
     Writing data to file  /home/ubuntu/projects/Graphene-Band-Structure-Quantum-Espresso/outputs/field_0.001/vdw-df2-c09/top/data/ldos.pp.dat101

     Calling punch_plot, plot_num =   3

     Energy = -12.50170 eV, broadening =   0.20000eV
     Writing data to file  /home/ubuntu/projects/Graphene-Band-Structure-Quantum-Espresso/outputs/field_0.001/vdw-df2-c09/top/data/ldos.pp.dat102

     Calling punch_plot, plot_num =   3

     Energy = -12.45170 eV, broadening =   0.20000eV
     Writing data to file  /home/ubuntu/projects/Graphene-Band-Structure-Quantum-Espresso/outputs/field_0.001/vdw-df2-c09/top/data/ldos.pp.dat103

     Calling punch_plot, plot_num =   3

     Energy = -12.40170 eV, broadening =   0.20000eV
     Writing data to file  /home/ubuntu/projects/Graphene-Band-Structure-Quantum-Espresso/outputs/field_0.001/vdw-df2-c09/top/data/ldos.pp.dat104

     Calling punch_plot, plot_num =   3

     Energy = -12.35170 eV, broadening =   0.20000eV
     Writing data to file  /home/ubuntu/projects/Graphene-Band-Structure-Quantum-Espresso/outputs/field_0.001/vdw-df2-c09/top/data/ldos.pp.dat105

     Calling punch_plot, plot_num =   3

     Energy = -12.30170 eV, broadening =   0.20000eV
     Writing data to file  /home/ubuntu/projects/Graphene-Band-Structure-Quantum-Espresso/outputs/field_0.001/vdw-df2-c09/top/data/ldos.pp.dat106

     Calling punch_plot, plot_num =   3

     Energy = -12.25170 eV, broadening =   0.20000eV
     Writing data to file  /home/ubuntu/projects/Graphene-Band-Structure-Quantum-Espresso/outputs/field_0.001/vdw-df2-c09/top/data/ldos.pp.dat107

     Calling punch_plot, plot_num =   3

     Energy = -12.20170 eV, broadening =   0.20000eV
     Writing data to file  /home/ubuntu/projects/Graphene-Band-Structure-Quantum-Espresso/outputs/field_0.001/vdw-df2-c09/top/data/ldos.pp.dat108

     Calling punch_plot, plot_num =   3

     Energy = -12.15170 eV, broadening =   0.20000eV
     Writing data to file  /home/ubuntu/projects/Graphene-Band-Structure-Quantum-Espresso/outputs/field_0.001/vdw-df2-c09/top/data/ldos.pp.dat109

     Calling punch_plot, plot_num =   3

     Energy = -12.10170 eV, broadening =   0.20000eV
     Writing data to file  /home/ubuntu/projects/Graphene-Band-Structure-Quantum-Espresso/outputs/field_0.001/vdw-df2-c09/top/data/ldos.pp.dat110

     Calling punch_plot, plot_num =   3

     Energy = -12.05170 eV, broadening =   0.20000eV
     Writing data to file  /home/ubuntu/projects/Graphene-Band-Structure-Quantum-Espresso/outputs/field_0.001/vdw-df2-c09/top/data/ldos.pp.dat111

     Calling punch_plot, plot_num =   3

     Energy = -12.00170 eV, broadening =   0.20000eV
     Writing data to file  /home/ubuntu/projects/Graphene-Band-Structure-Quantum-Espresso/outputs/field_0.001/vdw-df2-c09/top/data/ldos.pp.dat112

     Calling punch_plot, plot_num =   3

     Energy = -11.95170 eV, broadening =   0.20000eV
     Writing data to file  /home/ubuntu/projects/Graphene-Band-Structure-Quantum-Espresso/outputs/field_0.001/vdw-df2-c09/top/data/ldos.pp.dat113

     Calling punch_plot, plot_num =   3

     Energy = -11.90170 eV, broadening =   0.20000eV
     Writing data to file  /home/ubuntu/projects/Graphene-Band-Structure-Quantum-Espresso/outputs/field_0.001/vdw-df2-c09/top/data/ldos.pp.dat114

     Calling punch_plot, plot_num =   3

     Energy = -11.85170 eV, broadening =   0.20000eV
     Writing data to file  /home/ubuntu/projects/Graphene-Band-Structure-Quantum-Espresso/outputs/field_0.001/vdw-df2-c09/top/data/ldos.pp.dat115

     Calling punch_plot, plot_num =   3

     Energy = -11.80170 eV, broadening =   0.20000eV
     Writing data to file  /home/ubuntu/projects/Graphene-Band-Structure-Quantum-Espresso/outputs/field_0.001/vdw-df2-c09/top/data/ldos.pp.dat116

     Calling punch_plot, plot_num =   3

     Energy = -11.75170 eV, broadening =   0.20000eV
     Writing data to file  /home/ubuntu/projects/Graphene-Band-Structure-Quantum-Espresso/outputs/field_0.001/vdw-df2-c09/top/data/ldos.pp.dat117

     Calling punch_plot, plot_num =   3

     Energy = -11.70170 eV, broadening =   0.20000eV
     Writing data to file  /home/ubuntu/projects/Graphene-Band-Structure-Quantum-Espresso/outputs/field_0.001/vdw-df2-c09/top/data/ldos.pp.dat118

     Calling punch_plot, plot_num =   3

     Energy = -11.65170 eV, broadening =   0.20000eV
     Writing data to file  /home/ubuntu/projects/Graphene-Band-Structure-Quantum-Espresso/outputs/field_0.001/vdw-df2-c09/top/data/ldos.pp.dat119

     Calling punch_plot, plot_num =   3

     Energy = -11.60170 eV, broadening =   0.20000eV
     Writing data to file  /home/ubuntu/projects/Graphene-Band-Structure-Quantum-Espresso/outputs/field_0.001/vdw-df2-c09/top/data/ldos.pp.dat120

     Calling punch_plot, plot_num =   3

     Energy = -11.55170 eV, broadening =   0.20000eV
     Writing data to file  /home/ubuntu/projects/Graphene-Band-Structure-Quantum-Espresso/outputs/field_0.001/vdw-df2-c09/top/data/ldos.pp.dat121

     Calling punch_plot, plot_num =   3

     Energy = -11.50170 eV, broadening =   0.20000eV
     Writing data to file  /home/ubuntu/projects/Graphene-Band-Structure-Quantum-Espresso/outputs/field_0.001/vdw-df2-c09/top/data/ldos.pp.dat122

     Calling punch_plot, plot_num =   3

     Energy = -11.45170 eV, broadening =   0.20000eV
     Writing data to file  /home/ubuntu/projects/Graphene-Band-Structure-Quantum-Espresso/outputs/field_0.001/vdw-df2-c09/top/data/ldos.pp.dat123

     Calling punch_plot, plot_num =   3

     Energy = -11.40170 eV, broadening =   0.20000eV
     Writing data to file  /home/ubuntu/projects/Graphene-Band-Structure-Quantum-Espresso/outputs/field_0.001/vdw-df2-c09/top/data/ldos.pp.dat124

     Calling punch_plot, plot_num =   3

     Energy = -11.35170 eV, broadening =   0.20000eV
     Writing data to file  /home/ubuntu/projects/Graphene-Band-Structure-Quantum-Espresso/outputs/field_0.001/vdw-df2-c09/top/data/ldos.pp.dat125

     Calling punch_plot, plot_num =   3

     Energy = -11.30170 eV, broadening =   0.20000eV
     Writing data to file  /home/ubuntu/projects/Graphene-Band-Structure-Quantum-Espresso/outputs/field_0.001/vdw-df2-c09/top/data/ldos.pp.dat126

     Calling punch_plot, plot_num =   3

     Energy = -11.25170 eV, broadening =   0.20000eV
     Writing data to file  /home/ubuntu/projects/Graphene-Band-Structure-Quantum-Espresso/outputs/field_0.001/vdw-df2-c09/top/data/ldos.pp.dat127

     Calling punch_plot, plot_num =   3

     Energy = -11.20170 eV, broadening =   0.20000eV
     Writing data to file  /home/ubuntu/projects/Graphene-Band-Structure-Quantum-Espresso/outputs/field_0.001/vdw-df2-c09/top/data/ldos.pp.dat128

     Calling punch_plot, plot_num =   3

     Energy = -11.15170 eV, broadening =   0.20000eV
     Writing data to file  /home/ubuntu/projects/Graphene-Band-Structure-Quantum-Espresso/outputs/field_0.001/vdw-df2-c09/top/data/ldos.pp.dat129

     Calling punch_plot, plot_num =   3

     Energy = -11.10170 eV, broadening =   0.20000eV
     Writing data to file  /home/ubuntu/projects/Graphene-Band-Structure-Quantum-Espresso/outputs/field_0.001/vdw-df2-c09/top/data/ldos.pp.dat130

     Calling punch_plot, plot_num =   3

     Energy = -11.05170 eV, broadening =   0.20000eV
     Writing data to file  /home/ubuntu/projects/Graphene-Band-Structure-Quantum-Espresso/outputs/field_0.001/vdw-df2-c09/top/data/ldos.pp.dat131

     Calling punch_plot, plot_num =   3

     Energy = -11.00170 eV, broadening =   0.20000eV
     Writing data to file  /home/ubuntu/projects/Graphene-Band-Structure-Quantum-Espresso/outputs/field_0.001/vdw-df2-c09/top/data/ldos.pp.dat132

     Calling punch_plot, plot_num =   3

     Energy = -10.95170 eV, broadening =   0.20000eV
     Writing data to file  /home/ubuntu/projects/Graphene-Band-Structure-Quantum-Espresso/outputs/field_0.001/vdw-df2-c09/top/data/ldos.pp.dat133

     Calling punch_plot, plot_num =   3

     Energy = -10.90170 eV, broadening =   0.20000eV
     Writing data to file  /home/ubuntu/projects/Graphene-Band-Structure-Quantum-Espresso/outputs/field_0.001/vdw-df2-c09/top/data/ldos.pp.dat134

     Calling punch_plot, plot_num =   3

     Energy = -10.85170 eV, broadening =   0.20000eV
     Writing data to file  /home/ubuntu/projects/Graphene-Band-Structure-Quantum-Espresso/outputs/field_0.001/vdw-df2-c09/top/data/ldos.pp.dat135

     Calling punch_plot, plot_num =   3

     Energy = -10.80170 eV, broadening =   0.20000eV
     Writing data to file  /home/ubuntu/projects/Graphene-Band-Structure-Quantum-Espresso/outputs/field_0.001/vdw-df2-c09/top/data/ldos.pp.dat136

     Calling punch_plot, plot_num =   3

     Energy = -10.75170 eV, broadening =   0.20000eV
     Writing data to file  /home/ubuntu/projects/Graphene-Band-Structure-Quantum-Espresso/outputs/field_0.001/vdw-df2-c09/top/data/ldos.pp.dat137

     Calling punch_plot, plot_num =   3

     Energy = -10.70170 eV, broadening =   0.20000eV
     Writing data to file  /home/ubuntu/projects/Graphene-Band-Structure-Quantum-Espresso/outputs/field_0.001/vdw-df2-c09/top/data/ldos.pp.dat138

     Calling punch_plot, plot_num =   3

     Energy = -10.65170 eV, broadening =   0.20000eV
     Writing data to file  /home/ubuntu/projects/Graphene-Band-Structure-Quantum-Espresso/outputs/field_0.001/vdw-df2-c09/top/data/ldos.pp.dat139

     Calling punch_plot, plot_num =   3

     Energy = -10.60170 eV, broadening =   0.20000eV
     Writing data to file  /home/ubuntu/projects/Graphene-Band-Structure-Quantum-Espresso/outputs/field_0.001/vdw-df2-c09/top/data/ldos.pp.dat140

     Calling punch_plot, plot_num =   3

     Energy = -10.55170 eV, broadening =   0.20000eV
     Writing data to file  /home/ubuntu/projects/Graphene-Band-Structure-Quantum-Espresso/outputs/field_0.001/vdw-df2-c09/top/data/ldos.pp.dat141

     Calling punch_plot, plot_num =   3

     Energy = -10.50170 eV, broadening =   0.20000eV
     Writing data to file  /home/ubuntu/projects/Graphene-Band-Structure-Quantum-Espresso/outputs/field_0.001/vdw-df2-c09/top/data/ldos.pp.dat142

     Calling punch_plot, plot_num =   3

     Energy = -10.45170 eV, broadening =   0.20000eV
     Writing data to file  /home/ubuntu/projects/Graphene-Band-Structure-Quantum-Espresso/outputs/field_0.001/vdw-df2-c09/top/data/ldos.pp.dat143

     Calling punch_plot, plot_num =   3

     Energy = -10.40170 eV, broadening =   0.20000eV
     Writing data to file  /home/ubuntu/projects/Graphene-Band-Structure-Quantum-Espresso/outputs/field_0.001/vdw-df2-c09/top/data/ldos.pp.dat144

     Calling punch_plot, plot_num =   3

     Energy = -10.35170 eV, broadening =   0.20000eV
     Writing data to file  /home/ubuntu/projects/Graphene-Band-Structure-Quantum-Espresso/outputs/field_0.001/vdw-df2-c09/top/data/ldos.pp.dat145

     Calling punch_plot, plot_num =   3

     Energy = -10.30170 eV, broadening =   0.20000eV
     Writing data to file  /home/ubuntu/projects/Graphene-Band-Structure-Quantum-Espresso/outputs/field_0.001/vdw-df2-c09/top/data/ldos.pp.dat146

     Calling punch_plot, plot_num =   3

     Energy = -10.25170 eV, broadening =   0.20000eV
     Writing data to file  /home/ubuntu/projects/Graphene-Band-Structure-Quantum-Espresso/outputs/field_0.001/vdw-df2-c09/top/data/ldos.pp.dat147

     Calling punch_plot, plot_num =   3

     Energy = -10.20170 eV, broadening =   0.20000eV
     Writing data to file  /home/ubuntu/projects/Graphene-Band-Structure-Quantum-Espresso/outputs/field_0.001/vdw-df2-c09/top/data/ldos.pp.dat148

     Calling punch_plot, plot_num =   3

     Energy = -10.15170 eV, broadening =   0.20000eV
     Writing data to file  /home/ubuntu/projects/Graphene-Band-Structure-Quantum-Espresso/outputs/field_0.001/vdw-df2-c09/top/data/ldos.pp.dat149

     Calling punch_plot, plot_num =   3

     Energy = -10.10170 eV, broadening =   0.20000eV
     Writing data to file  /home/ubuntu/projects/Graphene-Band-Structure-Quantum-Espresso/outputs/field_0.001/vdw-df2-c09/top/data/ldos.pp.dat150

     Calling punch_plot, plot_num =   3

     Energy = -10.05170 eV, broadening =   0.20000eV
     Writing data to file  /home/ubuntu/projects/Graphene-Band-Structure-Quantum-Espresso/outputs/field_0.001/vdw-df2-c09/top/data/ldos.pp.dat151

     Calling punch_plot, plot_num =   3

     Energy = -10.00170 eV, broadening =   0.20000eV
     Writing data to file  /home/ubuntu/projects/Graphene-Band-Structure-Quantum-Espresso/outputs/field_0.001/vdw-df2-c09/top/data/ldos.pp.dat152

     Calling punch_plot, plot_num =   3

     Energy =  -9.95170 eV, broadening =   0.20000eV
     Writing data to file  /home/ubuntu/projects/Graphene-Band-Structure-Quantum-Espresso/outputs/field_0.001/vdw-df2-c09/top/data/ldos.pp.dat153

     Calling punch_plot, plot_num =   3

     Energy =  -9.90170 eV, broadening =   0.20000eV
     Writing data to file  /home/ubuntu/projects/Graphene-Band-Structure-Quantum-Espresso/outputs/field_0.001/vdw-df2-c09/top/data/ldos.pp.dat154

     Calling punch_plot, plot_num =   3

     Energy =  -9.85170 eV, broadening =   0.20000eV
     Writing data to file  /home/ubuntu/projects/Graphene-Band-Structure-Quantum-Espresso/outputs/field_0.001/vdw-df2-c09/top/data/ldos.pp.dat155

     Calling punch_plot, plot_num =   3

     Energy =  -9.80170 eV, broadening =   0.20000eV
     Writing data to file  /home/ubuntu/projects/Graphene-Band-Structure-Quantum-Espresso/outputs/field_0.001/vdw-df2-c09/top/data/ldos.pp.dat156

     Calling punch_plot, plot_num =   3

     Energy =  -9.75170 eV, broadening =   0.20000eV
     Writing data to file  /home/ubuntu/projects/Graphene-Band-Structure-Quantum-Espresso/outputs/field_0.001/vdw-df2-c09/top/data/ldos.pp.dat157

     Calling punch_plot, plot_num =   3

     Energy =  -9.70170 eV, broadening =   0.20000eV
     Writing data to file  /home/ubuntu/projects/Graphene-Band-Structure-Quantum-Espresso/outputs/field_0.001/vdw-df2-c09/top/data/ldos.pp.dat158

     Calling punch_plot, plot_num =   3

     Energy =  -9.65170 eV, broadening =   0.20000eV
     Writing data to file  /home/ubuntu/projects/Graphene-Band-Structure-Quantum-Espresso/outputs/field_0.001/vdw-df2-c09/top/data/ldos.pp.dat159

     Calling punch_plot, plot_num =   3

     Energy =  -9.60170 eV, broadening =   0.20000eV
     Writing data to file  /home/ubuntu/projects/Graphene-Band-Structure-Quantum-Espresso/outputs/field_0.001/vdw-df2-c09/top/data/ldos.pp.dat160

     Calling punch_plot, plot_num =   3

     Energy =  -9.55170 eV, broadening =   0.20000eV
     Writing data to file  /home/ubuntu/projects/Graphene-Band-Structure-Quantum-Espresso/outputs/field_0.001/vdw-df2-c09/top/data/ldos.pp.dat161

     Calling punch_plot, plot_num =   3

     Energy =  -9.50170 eV, broadening =   0.20000eV
     Writing data to file  /home/ubuntu/projects/Graphene-Band-Structure-Quantum-Espresso/outputs/field_0.001/vdw-df2-c09/top/data/ldos.pp.dat162

     Calling punch_plot, plot_num =   3

     Energy =  -9.45170 eV, broadening =   0.20000eV
     Writing data to file  /home/ubuntu/projects/Graphene-Band-Structure-Quantum-Espresso/outputs/field_0.001/vdw-df2-c09/top/data/ldos.pp.dat163

     Calling punch_plot, plot_num =   3

     Energy =  -9.40170 eV, broadening =   0.20000eV
     Writing data to file  /home/ubuntu/projects/Graphene-Band-Structure-Quantum-Espresso/outputs/field_0.001/vdw-df2-c09/top/data/ldos.pp.dat164

     Calling punch_plot, plot_num =   3

     Energy =  -9.35170 eV, broadening =   0.20000eV
     Writing data to file  /home/ubuntu/projects/Graphene-Band-Structure-Quantum-Espresso/outputs/field_0.001/vdw-df2-c09/top/data/ldos.pp.dat165

     Calling punch_plot, plot_num =   3

     Energy =  -9.30170 eV, broadening =   0.20000eV
     Writing data to file  /home/ubuntu/projects/Graphene-Band-Structure-Quantum-Espresso/outputs/field_0.001/vdw-df2-c09/top/data/ldos.pp.dat166

     Calling punch_plot, plot_num =   3

     Energy =  -9.25170 eV, broadening =   0.20000eV
     Writing data to file  /home/ubuntu/projects/Graphene-Band-Structure-Quantum-Espresso/outputs/field_0.001/vdw-df2-c09/top/data/ldos.pp.dat167

     Calling punch_plot, plot_num =   3

     Energy =  -9.20170 eV, broadening =   0.20000eV
     Writing data to file  /home/ubuntu/projects/Graphene-Band-Structure-Quantum-Espresso/outputs/field_0.001/vdw-df2-c09/top/data/ldos.pp.dat168

     Calling punch_plot, plot_num =   3

     Energy =  -9.15170 eV, broadening =   0.20000eV
     Writing data to file  /home/ubuntu/projects/Graphene-Band-Structure-Quantum-Espresso/outputs/field_0.001/vdw-df2-c09/top/data/ldos.pp.dat169

     Calling punch_plot, plot_num =   3

     Energy =  -9.10170 eV, broadening =   0.20000eV
     Writing data to file  /home/ubuntu/projects/Graphene-Band-Structure-Quantum-Espresso/outputs/field_0.001/vdw-df2-c09/top/data/ldos.pp.dat170

     Calling punch_plot, plot_num =   3

     Energy =  -9.05170 eV, broadening =   0.20000eV
     Writing data to file  /home/ubuntu/projects/Graphene-Band-Structure-Quantum-Espresso/outputs/field_0.001/vdw-df2-c09/top/data/ldos.pp.dat171

     Calling punch_plot, plot_num =   3

     Energy =  -9.00170 eV, broadening =   0.20000eV
     Writing data to file  /home/ubuntu/projects/Graphene-Band-Structure-Quantum-Espresso/outputs/field_0.001/vdw-df2-c09/top/data/ldos.pp.dat172

     Calling punch_plot, plot_num =   3

     Energy =  -8.95170 eV, broadening =   0.20000eV
     Writing data to file  /home/ubuntu/projects/Graphene-Band-Structure-Quantum-Espresso/outputs/field_0.001/vdw-df2-c09/top/data/ldos.pp.dat173

     Calling punch_plot, plot_num =   3

     Energy =  -8.90170 eV, broadening =   0.20000eV
     Writing data to file  /home/ubuntu/projects/Graphene-Band-Structure-Quantum-Espresso/outputs/field_0.001/vdw-df2-c09/top/data/ldos.pp.dat174

     Calling punch_plot, plot_num =   3

     Energy =  -8.85170 eV, broadening =   0.20000eV
     Writing data to file  /home/ubuntu/projects/Graphene-Band-Structure-Quantum-Espresso/outputs/field_0.001/vdw-df2-c09/top/data/ldos.pp.dat175

     Calling punch_plot, plot_num =   3

     Energy =  -8.80170 eV, broadening =   0.20000eV
     Writing data to file  /home/ubuntu/projects/Graphene-Band-Structure-Quantum-Espresso/outputs/field_0.001/vdw-df2-c09/top/data/ldos.pp.dat176

     Calling punch_plot, plot_num =   3

     Energy =  -8.75170 eV, broadening =   0.20000eV
     Writing data to file  /home/ubuntu/projects/Graphene-Band-Structure-Quantum-Espresso/outputs/field_0.001/vdw-df2-c09/top/data/ldos.pp.dat177

     Calling punch_plot, plot_num =   3

     Energy =  -8.70170 eV, broadening =   0.20000eV
     Writing data to file  /home/ubuntu/projects/Graphene-Band-Structure-Quantum-Espresso/outputs/field_0.001/vdw-df2-c09/top/data/ldos.pp.dat178

     Calling punch_plot, plot_num =   3

     Energy =  -8.65170 eV, broadening =   0.20000eV
     Writing data to file  /home/ubuntu/projects/Graphene-Band-Structure-Quantum-Espresso/outputs/field_0.001/vdw-df2-c09/top/data/ldos.pp.dat179

     Calling punch_plot, plot_num =   3

     Energy =  -8.60170 eV, broadening =   0.20000eV
     Writing data to file  /home/ubuntu/projects/Graphene-Band-Structure-Quantum-Espresso/outputs/field_0.001/vdw-df2-c09/top/data/ldos.pp.dat180

     Calling punch_plot, plot_num =   3

     Energy =  -8.55170 eV, broadening =   0.20000eV
     Writing data to file  /home/ubuntu/projects/Graphene-Band-Structure-Quantum-Espresso/outputs/field_0.001/vdw-df2-c09/top/data/ldos.pp.dat181

     Calling punch_plot, plot_num =   3

     Energy =  -8.50170 eV, broadening =   0.20000eV
     Writing data to file  /home/ubuntu/projects/Graphene-Band-Structure-Quantum-Espresso/outputs/field_0.001/vdw-df2-c09/top/data/ldos.pp.dat182

     Calling punch_plot, plot_num =   3

     Energy =  -8.45170 eV, broadening =   0.20000eV
     Writing data to file  /home/ubuntu/projects/Graphene-Band-Structure-Quantum-Espresso/outputs/field_0.001/vdw-df2-c09/top/data/ldos.pp.dat183

     Calling punch_plot, plot_num =   3

     Energy =  -8.40170 eV, broadening =   0.20000eV
     Writing data to file  /home/ubuntu/projects/Graphene-Band-Structure-Quantum-Espresso/outputs/field_0.001/vdw-df2-c09/top/data/ldos.pp.dat184

     Calling punch_plot, plot_num =   3

     Energy =  -8.35170 eV, broadening =   0.20000eV
     Writing data to file  /home/ubuntu/projects/Graphene-Band-Structure-Quantum-Espresso/outputs/field_0.001/vdw-df2-c09/top/data/ldos.pp.dat185

     Calling punch_plot, plot_num =   3

     Energy =  -8.30170 eV, broadening =   0.20000eV
     Writing data to file  /home/ubuntu/projects/Graphene-Band-Structure-Quantum-Espresso/outputs/field_0.001/vdw-df2-c09/top/data/ldos.pp.dat186

     Calling punch_plot, plot_num =   3

     Energy =  -8.25170 eV, broadening =   0.20000eV
     Writing data to file  /home/ubuntu/projects/Graphene-Band-Structure-Quantum-Espresso/outputs/field_0.001/vdw-df2-c09/top/data/ldos.pp.dat187

     Calling punch_plot, plot_num =   3

     Energy =  -8.20170 eV, broadening =   0.20000eV
     Writing data to file  /home/ubuntu/projects/Graphene-Band-Structure-Quantum-Espresso/outputs/field_0.001/vdw-df2-c09/top/data/ldos.pp.dat188

     Calling punch_plot, plot_num =   3

     Energy =  -8.15170 eV, broadening =   0.20000eV
     Writing data to file  /home/ubuntu/projects/Graphene-Band-Structure-Quantum-Espresso/outputs/field_0.001/vdw-df2-c09/top/data/ldos.pp.dat189

     Calling punch_plot, plot_num =   3

     Energy =  -8.10170 eV, broadening =   0.20000eV
     Writing data to file  /home/ubuntu/projects/Graphene-Band-Structure-Quantum-Espresso/outputs/field_0.001/vdw-df2-c09/top/data/ldos.pp.dat190

     Calling punch_plot, plot_num =   3

     Energy =  -8.05170 eV, broadening =   0.20000eV
     Writing data to file  /home/ubuntu/projects/Graphene-Band-Structure-Quantum-Espresso/outputs/field_0.001/vdw-df2-c09/top/data/ldos.pp.dat191

     Calling punch_plot, plot_num =   3

     Energy =  -8.00170 eV, broadening =   0.20000eV
     Writing data to file  /home/ubuntu/projects/Graphene-Band-Structure-Quantum-Espresso/outputs/field_0.001/vdw-df2-c09/top/data/ldos.pp.dat192

     Calling punch_plot, plot_num =   3

     Energy =  -7.95170 eV, broadening =   0.20000eV
     Writing data to file  /home/ubuntu/projects/Graphene-Band-Structure-Quantum-Espresso/outputs/field_0.001/vdw-df2-c09/top/data/ldos.pp.dat193

     Calling punch_plot, plot_num =   3

     Energy =  -7.90170 eV, broadening =   0.20000eV
     Writing data to file  /home/ubuntu/projects/Graphene-Band-Structure-Quantum-Espresso/outputs/field_0.001/vdw-df2-c09/top/data/ldos.pp.dat194

     Calling punch_plot, plot_num =   3

     Energy =  -7.85170 eV, broadening =   0.20000eV
     Writing data to file  /home/ubuntu/projects/Graphene-Band-Structure-Quantum-Espresso/outputs/field_0.001/vdw-df2-c09/top/data/ldos.pp.dat195

     Calling punch_plot, plot_num =   3

     Energy =  -7.80170 eV, broadening =   0.20000eV
     Writing data to file  /home/ubuntu/projects/Graphene-Band-Structure-Quantum-Espresso/outputs/field_0.001/vdw-df2-c09/top/data/ldos.pp.dat196

     Calling punch_plot, plot_num =   3

     Energy =  -7.75170 eV, broadening =   0.20000eV
     Writing data to file  /home/ubuntu/projects/Graphene-Band-Structure-Quantum-Espresso/outputs/field_0.001/vdw-df2-c09/top/data/ldos.pp.dat197

     Calling punch_plot, plot_num =   3

     Energy =  -7.70170 eV, broadening =   0.20000eV
     Writing data to file  /home/ubuntu/projects/Graphene-Band-Structure-Quantum-Espresso/outputs/field_0.001/vdw-df2-c09/top/data/ldos.pp.dat198

     Calling punch_plot, plot_num =   3

     Energy =  -7.65170 eV, broadening =   0.20000eV
     Writing data to file  /home/ubuntu/projects/Graphene-Band-Structure-Quantum-Espresso/outputs/field_0.001/vdw-df2-c09/top/data/ldos.pp.dat199

     Calling punch_plot, plot_num =   3

     Energy =  -7.60170 eV, broadening =   0.20000eV
     Writing data to file  /home/ubuntu/projects/Graphene-Band-Structure-Quantum-Espresso/outputs/field_0.001/vdw-df2-c09/top/data/ldos.pp.dat200

     Calling punch_plot, plot_num =   3

     Energy =  -7.55170 eV, broadening =   0.20000eV
     Writing data to file  /home/ubuntu/projects/Graphene-Band-Structure-Quantum-Espresso/outputs/field_0.001/vdw-df2-c09/top/data/ldos.pp.dat201

     Calling punch_plot, plot_num =   3

     Energy =  -7.50170 eV, broadening =   0.20000eV
     Writing data to file  /home/ubuntu/projects/Graphene-Band-Structure-Quantum-Espresso/outputs/field_0.001/vdw-df2-c09/top/data/ldos.pp.dat202

     Calling punch_plot, plot_num =   3

     Energy =  -7.45170 eV, broadening =   0.20000eV
     Writing data to file  /home/ubuntu/projects/Graphene-Band-Structure-Quantum-Espresso/outputs/field_0.001/vdw-df2-c09/top/data/ldos.pp.dat203

     Calling punch_plot, plot_num =   3

     Energy =  -7.40170 eV, broadening =   0.20000eV
     Writing data to file  /home/ubuntu/projects/Graphene-Band-Structure-Quantum-Espresso/outputs/field_0.001/vdw-df2-c09/top/data/ldos.pp.dat204

     Calling punch_plot, plot_num =   3

     Energy =  -7.35170 eV, broadening =   0.20000eV
     Writing data to file  /home/ubuntu/projects/Graphene-Band-Structure-Quantum-Espresso/outputs/field_0.001/vdw-df2-c09/top/data/ldos.pp.dat205

     Calling punch_plot, plot_num =   3

     Energy =  -7.30170 eV, broadening =   0.20000eV
     Writing data to file  /home/ubuntu/projects/Graphene-Band-Structure-Quantum-Espresso/outputs/field_0.001/vdw-df2-c09/top/data/ldos.pp.dat206

     Calling punch_plot, plot_num =   3

     Energy =  -7.25170 eV, broadening =   0.20000eV
     Writing data to file  /home/ubuntu/projects/Graphene-Band-Structure-Quantum-Espresso/outputs/field_0.001/vdw-df2-c09/top/data/ldos.pp.dat207

     Calling punch_plot, plot_num =   3

     Energy =  -7.20170 eV, broadening =   0.20000eV
     Writing data to file  /home/ubuntu/projects/Graphene-Band-Structure-Quantum-Espresso/outputs/field_0.001/vdw-df2-c09/top/data/ldos.pp.dat208

     Calling punch_plot, plot_num =   3

     Energy =  -7.15170 eV, broadening =   0.20000eV
     Writing data to file  /home/ubuntu/projects/Graphene-Band-Structure-Quantum-Espresso/outputs/field_0.001/vdw-df2-c09/top/data/ldos.pp.dat209

     Calling punch_plot, plot_num =   3

     Energy =  -7.10170 eV, broadening =   0.20000eV
     Writing data to file  /home/ubuntu/projects/Graphene-Band-Structure-Quantum-Espresso/outputs/field_0.001/vdw-df2-c09/top/data/ldos.pp.dat210

     Calling punch_plot, plot_num =   3

     Energy =  -7.05170 eV, broadening =   0.20000eV
     Writing data to file  /home/ubuntu/projects/Graphene-Band-Structure-Quantum-Espresso/outputs/field_0.001/vdw-df2-c09/top/data/ldos.pp.dat211

     Calling punch_plot, plot_num =   3

     Energy =  -7.00170 eV, broadening =   0.20000eV
     Writing data to file  /home/ubuntu/projects/Graphene-Band-Structure-Quantum-Espresso/outputs/field_0.001/vdw-df2-c09/top/data/ldos.pp.dat212

     Calling punch_plot, plot_num =   3

     Energy =  -6.95170 eV, broadening =   0.20000eV
     Writing data to file  /home/ubuntu/projects/Graphene-Band-Structure-Quantum-Espresso/outputs/field_0.001/vdw-df2-c09/top/data/ldos.pp.dat213

     Calling punch_plot, plot_num =   3

     Energy =  -6.90170 eV, broadening =   0.20000eV
     Writing data to file  /home/ubuntu/projects/Graphene-Band-Structure-Quantum-Espresso/outputs/field_0.001/vdw-df2-c09/top/data/ldos.pp.dat214

     Calling punch_plot, plot_num =   3

     Energy =  -6.85170 eV, broadening =   0.20000eV
     Writing data to file  /home/ubuntu/projects/Graphene-Band-Structure-Quantum-Espresso/outputs/field_0.001/vdw-df2-c09/top/data/ldos.pp.dat215

     Calling punch_plot, plot_num =   3

     Energy =  -6.80170 eV, broadening =   0.20000eV
     Writing data to file  /home/ubuntu/projects/Graphene-Band-Structure-Quantum-Espresso/outputs/field_0.001/vdw-df2-c09/top/data/ldos.pp.dat216

     Calling punch_plot, plot_num =   3

     Energy =  -6.75170 eV, broadening =   0.20000eV
     Writing data to file  /home/ubuntu/projects/Graphene-Band-Structure-Quantum-Espresso/outputs/field_0.001/vdw-df2-c09/top/data/ldos.pp.dat217

     Calling punch_plot, plot_num =   3

     Energy =  -6.70170 eV, broadening =   0.20000eV
     Writing data to file  /home/ubuntu/projects/Graphene-Band-Structure-Quantum-Espresso/outputs/field_0.001/vdw-df2-c09/top/data/ldos.pp.dat218

     Calling punch_plot, plot_num =   3

     Energy =  -6.65170 eV, broadening =   0.20000eV
     Writing data to file  /home/ubuntu/projects/Graphene-Band-Structure-Quantum-Espresso/outputs/field_0.001/vdw-df2-c09/top/data/ldos.pp.dat219

     Calling punch_plot, plot_num =   3

     Energy =  -6.60170 eV, broadening =   0.20000eV
     Writing data to file  /home/ubuntu/projects/Graphene-Band-Structure-Quantum-Espresso/outputs/field_0.001/vdw-df2-c09/top/data/ldos.pp.dat220

     Calling punch_plot, plot_num =   3

     Energy =  -6.55170 eV, broadening =   0.20000eV
     Writing data to file  /home/ubuntu/projects/Graphene-Band-Structure-Quantum-Espresso/outputs/field_0.001/vdw-df2-c09/top/data/ldos.pp.dat221

     Calling punch_plot, plot_num =   3

     Energy =  -6.50170 eV, broadening =   0.20000eV
     Writing data to file  /home/ubuntu/projects/Graphene-Band-Structure-Quantum-Espresso/outputs/field_0.001/vdw-df2-c09/top/data/ldos.pp.dat222

     Calling punch_plot, plot_num =   3

     Energy =  -6.45170 eV, broadening =   0.20000eV
     Writing data to file  /home/ubuntu/projects/Graphene-Band-Structure-Quantum-Espresso/outputs/field_0.001/vdw-df2-c09/top/data/ldos.pp.dat223

     Calling punch_plot, plot_num =   3

     Energy =  -6.40170 eV, broadening =   0.20000eV
     Writing data to file  /home/ubuntu/projects/Graphene-Band-Structure-Quantum-Espresso/outputs/field_0.001/vdw-df2-c09/top/data/ldos.pp.dat224

     Calling punch_plot, plot_num =   3

     Energy =  -6.35170 eV, broadening =   0.20000eV
     Writing data to file  /home/ubuntu/projects/Graphene-Band-Structure-Quantum-Espresso/outputs/field_0.001/vdw-df2-c09/top/data/ldos.pp.dat225

     Calling punch_plot, plot_num =   3

     Energy =  -6.30170 eV, broadening =   0.20000eV
     Writing data to file  /home/ubuntu/projects/Graphene-Band-Structure-Quantum-Espresso/outputs/field_0.001/vdw-df2-c09/top/data/ldos.pp.dat226

     Calling punch_plot, plot_num =   3

     Energy =  -6.25170 eV, broadening =   0.20000eV
     Writing data to file  /home/ubuntu/projects/Graphene-Band-Structure-Quantum-Espresso/outputs/field_0.001/vdw-df2-c09/top/data/ldos.pp.dat227

     Calling punch_plot, plot_num =   3

     Energy =  -6.20170 eV, broadening =   0.20000eV
     Writing data to file  /home/ubuntu/projects/Graphene-Band-Structure-Quantum-Espresso/outputs/field_0.001/vdw-df2-c09/top/data/ldos.pp.dat228

     Calling punch_plot, plot_num =   3

     Energy =  -6.15170 eV, broadening =   0.20000eV
     Writing data to file  /home/ubuntu/projects/Graphene-Band-Structure-Quantum-Espresso/outputs/field_0.001/vdw-df2-c09/top/data/ldos.pp.dat229

     Calling punch_plot, plot_num =   3

     Energy =  -6.10170 eV, broadening =   0.20000eV
     Writing data to file  /home/ubuntu/projects/Graphene-Band-Structure-Quantum-Espresso/outputs/field_0.001/vdw-df2-c09/top/data/ldos.pp.dat230

     Calling punch_plot, plot_num =   3

     Energy =  -6.05170 eV, broadening =   0.20000eV
     Writing data to file  /home/ubuntu/projects/Graphene-Band-Structure-Quantum-Espresso/outputs/field_0.001/vdw-df2-c09/top/data/ldos.pp.dat231

     Calling punch_plot, plot_num =   3

     Energy =  -6.00170 eV, broadening =   0.20000eV
     Writing data to file  /home/ubuntu/projects/Graphene-Band-Structure-Quantum-Espresso/outputs/field_0.001/vdw-df2-c09/top/data/ldos.pp.dat232

     Calling punch_plot, plot_num =   3

     Energy =  -5.95170 eV, broadening =   0.20000eV
     Writing data to file  /home/ubuntu/projects/Graphene-Band-Structure-Quantum-Espresso/outputs/field_0.001/vdw-df2-c09/top/data/ldos.pp.dat233

     Calling punch_plot, plot_num =   3

     Energy =  -5.90170 eV, broadening =   0.20000eV
     Writing data to file  /home/ubuntu/projects/Graphene-Band-Structure-Quantum-Espresso/outputs/field_0.001/vdw-df2-c09/top/data/ldos.pp.dat234

     Calling punch_plot, plot_num =   3

     Energy =  -5.85170 eV, broadening =   0.20000eV
     Writing data to file  /home/ubuntu/projects/Graphene-Band-Structure-Quantum-Espresso/outputs/field_0.001/vdw-df2-c09/top/data/ldos.pp.dat235

     Calling punch_plot, plot_num =   3

     Energy =  -5.80170 eV, broadening =   0.20000eV
     Writing data to file  /home/ubuntu/projects/Graphene-Band-Structure-Quantum-Espresso/outputs/field_0.001/vdw-df2-c09/top/data/ldos.pp.dat236

     Calling punch_plot, plot_num =   3

     Energy =  -5.75170 eV, broadening =   0.20000eV
     Writing data to file  /home/ubuntu/projects/Graphene-Band-Structure-Quantum-Espresso/outputs/field_0.001/vdw-df2-c09/top/data/ldos.pp.dat237

     Calling punch_plot, plot_num =   3

     Energy =  -5.70170 eV, broadening =   0.20000eV
     Writing data to file  /home/ubuntu/projects/Graphene-Band-Structure-Quantum-Espresso/outputs/field_0.001/vdw-df2-c09/top/data/ldos.pp.dat238

     Calling punch_plot, plot_num =   3

     Energy =  -5.65170 eV, broadening =   0.20000eV
     Writing data to file  /home/ubuntu/projects/Graphene-Band-Structure-Quantum-Espresso/outputs/field_0.001/vdw-df2-c09/top/data/ldos.pp.dat239

     Calling punch_plot, plot_num =   3

     Energy =  -5.60170 eV, broadening =   0.20000eV
     Writing data to file  /home/ubuntu/projects/Graphene-Band-Structure-Quantum-Espresso/outputs/field_0.001/vdw-df2-c09/top/data/ldos.pp.dat240

     Calling punch_plot, plot_num =   3

     Energy =  -5.55170 eV, broadening =   0.20000eV
     Writing data to file  /home/ubuntu/projects/Graphene-Band-Structure-Quantum-Espresso/outputs/field_0.001/vdw-df2-c09/top/data/ldos.pp.dat241

     Calling punch_plot, plot_num =   3

     Energy =  -5.50170 eV, broadening =   0.20000eV
     Writing data to file  /home/ubuntu/projects/Graphene-Band-Structure-Quantum-Espresso/outputs/field_0.001/vdw-df2-c09/top/data/ldos.pp.dat242

     Calling punch_plot, plot_num =   3

     Energy =  -5.45170 eV, broadening =   0.20000eV
     Writing data to file  /home/ubuntu/projects/Graphene-Band-Structure-Quantum-Espresso/outputs/field_0.001/vdw-df2-c09/top/data/ldos.pp.dat243

     Calling punch_plot, plot_num =   3

     Energy =  -5.40170 eV, broadening =   0.20000eV
     Writing data to file  /home/ubuntu/projects/Graphene-Band-Structure-Quantum-Espresso/outputs/field_0.001/vdw-df2-c09/top/data/ldos.pp.dat244

     Calling punch_plot, plot_num =   3

     Energy =  -5.35170 eV, broadening =   0.20000eV
     Writing data to file  /home/ubuntu/projects/Graphene-Band-Structure-Quantum-Espresso/outputs/field_0.001/vdw-df2-c09/top/data/ldos.pp.dat245

     Calling punch_plot, plot_num =   3

     Energy =  -5.30170 eV, broadening =   0.20000eV
     Writing data to file  /home/ubuntu/projects/Graphene-Band-Structure-Quantum-Espresso/outputs/field_0.001/vdw-df2-c09/top/data/ldos.pp.dat246

     Calling punch_plot, plot_num =   3

     Energy =  -5.25170 eV, broadening =   0.20000eV
     Writing data to file  /home/ubuntu/projects/Graphene-Band-Structure-Quantum-Espresso/outputs/field_0.001/vdw-df2-c09/top/data/ldos.pp.dat247

     Calling punch_plot, plot_num =   3

     Energy =  -5.20170 eV, broadening =   0.20000eV
     Writing data to file  /home/ubuntu/projects/Graphene-Band-Structure-Quantum-Espresso/outputs/field_0.001/vdw-df2-c09/top/data/ldos.pp.dat248

     Calling punch_plot, plot_num =   3

     Energy =  -5.15170 eV, broadening =   0.20000eV
     Writing data to file  /home/ubuntu/projects/Graphene-Band-Structure-Quantum-Espresso/outputs/field_0.001/vdw-df2-c09/top/data/ldos.pp.dat249

     Calling punch_plot, plot_num =   3

     Energy =  -5.10170 eV, broadening =   0.20000eV
     Writing data to file  /home/ubuntu/projects/Graphene-Band-Structure-Quantum-Espresso/outputs/field_0.001/vdw-df2-c09/top/data/ldos.pp.dat250

     Calling punch_plot, plot_num =   3

     Energy =  -5.05170 eV, broadening =   0.20000eV
     Writing data to file  /home/ubuntu/projects/Graphene-Band-Structure-Quantum-Espresso/outputs/field_0.001/vdw-df2-c09/top/data/ldos.pp.dat251

     Calling punch_plot, plot_num =   3

     Energy =  -5.00170 eV, broadening =   0.20000eV
     Writing data to file  /home/ubuntu/projects/Graphene-Band-Structure-Quantum-Espresso/outputs/field_0.001/vdw-df2-c09/top/data/ldos.pp.dat252

     Calling punch_plot, plot_num =   3

     Energy =  -4.95170 eV, broadening =   0.20000eV
     Writing data to file  /home/ubuntu/projects/Graphene-Band-Structure-Quantum-Espresso/outputs/field_0.001/vdw-df2-c09/top/data/ldos.pp.dat253

     Calling punch_plot, plot_num =   3

     Energy =  -4.90170 eV, broadening =   0.20000eV
     Writing data to file  /home/ubuntu/projects/Graphene-Band-Structure-Quantum-Espresso/outputs/field_0.001/vdw-df2-c09/top/data/ldos.pp.dat254

     Calling punch_plot, plot_num =   3

     Energy =  -4.85170 eV, broadening =   0.20000eV
     Writing data to file  /home/ubuntu/projects/Graphene-Band-Structure-Quantum-Espresso/outputs/field_0.001/vdw-df2-c09/top/data/ldos.pp.dat255

     Calling punch_plot, plot_num =   3

     Energy =  -4.80170 eV, broadening =   0.20000eV
     Writing data to file  /home/ubuntu/projects/Graphene-Band-Structure-Quantum-Espresso/outputs/field_0.001/vdw-df2-c09/top/data/ldos.pp.dat256

     Calling punch_plot, plot_num =   3

     Energy =  -4.75170 eV, broadening =   0.20000eV
     Writing data to file  /home/ubuntu/projects/Graphene-Band-Structure-Quantum-Espresso/outputs/field_0.001/vdw-df2-c09/top/data/ldos.pp.dat257

     Calling punch_plot, plot_num =   3

     Energy =  -4.70170 eV, broadening =   0.20000eV
     Writing data to file  /home/ubuntu/projects/Graphene-Band-Structure-Quantum-Espresso/outputs/field_0.001/vdw-df2-c09/top/data/ldos.pp.dat258

     Calling punch_plot, plot_num =   3

     Energy =  -4.65170 eV, broadening =   0.20000eV
     Writing data to file  /home/ubuntu/projects/Graphene-Band-Structure-Quantum-Espresso/outputs/field_0.001/vdw-df2-c09/top/data/ldos.pp.dat259

     Calling punch_plot, plot_num =   3

     Energy =  -4.60170 eV, broadening =   0.20000eV
     Writing data to file  /home/ubuntu/projects/Graphene-Band-Structure-Quantum-Espresso/outputs/field_0.001/vdw-df2-c09/top/data/ldos.pp.dat260

     Calling punch_plot, plot_num =   3

     Energy =  -4.55170 eV, broadening =   0.20000eV
     Writing data to file  /home/ubuntu/projects/Graphene-Band-Structure-Quantum-Espresso/outputs/field_0.001/vdw-df2-c09/top/data/ldos.pp.dat261

     Calling punch_plot, plot_num =   3

     Energy =  -4.50170 eV, broadening =   0.20000eV
     Writing data to file  /home/ubuntu/projects/Graphene-Band-Structure-Quantum-Espresso/outputs/field_0.001/vdw-df2-c09/top/data/ldos.pp.dat262

     Calling punch_plot, plot_num =   3

     Energy =  -4.45170 eV, broadening =   0.20000eV
     Writing data to file  /home/ubuntu/projects/Graphene-Band-Structure-Quantum-Espresso/outputs/field_0.001/vdw-df2-c09/top/data/ldos.pp.dat263

     Calling punch_plot, plot_num =   3

     Energy =  -4.40170 eV, broadening =   0.20000eV
     Writing data to file  /home/ubuntu/projects/Graphene-Band-Structure-Quantum-Espresso/outputs/field_0.001/vdw-df2-c09/top/data/ldos.pp.dat264

     Calling punch_plot, plot_num =   3

     Energy =  -4.35170 eV, broadening =   0.20000eV
     Writing data to file  /home/ubuntu/projects/Graphene-Band-Structure-Quantum-Espresso/outputs/field_0.001/vdw-df2-c09/top/data/ldos.pp.dat265

     Calling punch_plot, plot_num =   3

     Energy =  -4.30170 eV, broadening =   0.20000eV
     Writing data to file  /home/ubuntu/projects/Graphene-Band-Structure-Quantum-Espresso/outputs/field_0.001/vdw-df2-c09/top/data/ldos.pp.dat266

     Calling punch_plot, plot_num =   3

     Energy =  -4.25170 eV, broadening =   0.20000eV
     Writing data to file  /home/ubuntu/projects/Graphene-Band-Structure-Quantum-Espresso/outputs/field_0.001/vdw-df2-c09/top/data/ldos.pp.dat267

     Calling punch_plot, plot_num =   3

     Energy =  -4.20170 eV, broadening =   0.20000eV
     Writing data to file  /home/ubuntu/projects/Graphene-Band-Structure-Quantum-Espresso/outputs/field_0.001/vdw-df2-c09/top/data/ldos.pp.dat268

     Calling punch_plot, plot_num =   3

     Energy =  -4.15170 eV, broadening =   0.20000eV
     Writing data to file  /home/ubuntu/projects/Graphene-Band-Structure-Quantum-Espresso/outputs/field_0.001/vdw-df2-c09/top/data/ldos.pp.dat269

     Calling punch_plot, plot_num =   3

     Energy =  -4.10170 eV, broadening =   0.20000eV
     Writing data to file  /home/ubuntu/projects/Graphene-Band-Structure-Quantum-Espresso/outputs/field_0.001/vdw-df2-c09/top/data/ldos.pp.dat270

     Calling punch_plot, plot_num =   3

     Energy =  -4.05170 eV, broadening =   0.20000eV
     Writing data to file  /home/ubuntu/projects/Graphene-Band-Structure-Quantum-Espresso/outputs/field_0.001/vdw-df2-c09/top/data/ldos.pp.dat271

     Calling punch_plot, plot_num =   3

     Energy =  -4.00170 eV, broadening =   0.20000eV
     Writing data to file  /home/ubuntu/projects/Graphene-Band-Structure-Quantum-Espresso/outputs/field_0.001/vdw-df2-c09/top/data/ldos.pp.dat272

     Calling punch_plot, plot_num =   3

     Energy =  -3.95170 eV, broadening =   0.20000eV
     Writing data to file  /home/ubuntu/projects/Graphene-Band-Structure-Quantum-Espresso/outputs/field_0.001/vdw-df2-c09/top/data/ldos.pp.dat273

     Calling punch_plot, plot_num =   3

     Energy =  -3.90170 eV, broadening =   0.20000eV
     Writing data to file  /home/ubuntu/projects/Graphene-Band-Structure-Quantum-Espresso/outputs/field_0.001/vdw-df2-c09/top/data/ldos.pp.dat274

     Calling punch_plot, plot_num =   3

     Energy =  -3.85170 eV, broadening =   0.20000eV
     Writing data to file  /home/ubuntu/projects/Graphene-Band-Structure-Quantum-Espresso/outputs/field_0.001/vdw-df2-c09/top/data/ldos.pp.dat275

     Calling punch_plot, plot_num =   3

     Energy =  -3.80170 eV, broadening =   0.20000eV
     Writing data to file  /home/ubuntu/projects/Graphene-Band-Structure-Quantum-Espresso/outputs/field_0.001/vdw-df2-c09/top/data/ldos.pp.dat276

     Calling punch_plot, plot_num =   3

     Energy =  -3.75170 eV, broadening =   0.20000eV
     Writing data to file  /home/ubuntu/projects/Graphene-Band-Structure-Quantum-Espresso/outputs/field_0.001/vdw-df2-c09/top/data/ldos.pp.dat277

     Calling punch_plot, plot_num =   3

     Energy =  -3.70170 eV, broadening =   0.20000eV
     Writing data to file  /home/ubuntu/projects/Graphene-Band-Structure-Quantum-Espresso/outputs/field_0.001/vdw-df2-c09/top/data/ldos.pp.dat278

     Calling punch_plot, plot_num =   3

     Energy =  -3.65170 eV, broadening =   0.20000eV
     Writing data to file  /home/ubuntu/projects/Graphene-Band-Structure-Quantum-Espresso/outputs/field_0.001/vdw-df2-c09/top/data/ldos.pp.dat279

     Calling punch_plot, plot_num =   3

     Energy =  -3.60170 eV, broadening =   0.20000eV
     Writing data to file  /home/ubuntu/projects/Graphene-Band-Structure-Quantum-Espresso/outputs/field_0.001/vdw-df2-c09/top/data/ldos.pp.dat280

     Calling punch_plot, plot_num =   3

     Energy =  -3.55170 eV, broadening =   0.20000eV
     Writing data to file  /home/ubuntu/projects/Graphene-Band-Structure-Quantum-Espresso/outputs/field_0.001/vdw-df2-c09/top/data/ldos.pp.dat281

     Calling punch_plot, plot_num =   3

     Energy =  -3.50170 eV, broadening =   0.20000eV
     Writing data to file  /home/ubuntu/projects/Graphene-Band-Structure-Quantum-Espresso/outputs/field_0.001/vdw-df2-c09/top/data/ldos.pp.dat282

     Calling punch_plot, plot_num =   3

     Energy =  -3.45170 eV, broadening =   0.20000eV
     Writing data to file  /home/ubuntu/projects/Graphene-Band-Structure-Quantum-Espresso/outputs/field_0.001/vdw-df2-c09/top/data/ldos.pp.dat283

     Calling punch_plot, plot_num =   3

     Energy =  -3.40170 eV, broadening =   0.20000eV
     Writing data to file  /home/ubuntu/projects/Graphene-Band-Structure-Quantum-Espresso/outputs/field_0.001/vdw-df2-c09/top/data/ldos.pp.dat284

     Calling punch_plot, plot_num =   3

     Energy =  -3.35170 eV, broadening =   0.20000eV
     Writing data to file  /home/ubuntu/projects/Graphene-Band-Structure-Quantum-Espresso/outputs/field_0.001/vdw-df2-c09/top/data/ldos.pp.dat285

     Calling punch_plot, plot_num =   3

     Energy =  -3.30170 eV, broadening =   0.20000eV
     Writing data to file  /home/ubuntu/projects/Graphene-Band-Structure-Quantum-Espresso/outputs/field_0.001/vdw-df2-c09/top/data/ldos.pp.dat286

     Calling punch_plot, plot_num =   3

     Energy =  -3.25170 eV, broadening =   0.20000eV
     Writing data to file  /home/ubuntu/projects/Graphene-Band-Structure-Quantum-Espresso/outputs/field_0.001/vdw-df2-c09/top/data/ldos.pp.dat287

     Calling punch_plot, plot_num =   3

     Energy =  -3.20170 eV, broadening =   0.20000eV
     Writing data to file  /home/ubuntu/projects/Graphene-Band-Structure-Quantum-Espresso/outputs/field_0.001/vdw-df2-c09/top/data/ldos.pp.dat288

     Calling punch_plot, plot_num =   3

     Energy =  -3.15170 eV, broadening =   0.20000eV
     Writing data to file  /home/ubuntu/projects/Graphene-Band-Structure-Quantum-Espresso/outputs/field_0.001/vdw-df2-c09/top/data/ldos.pp.dat289

     Calling punch_plot, plot_num =   3

     Energy =  -3.10170 eV, broadening =   0.20000eV
     Writing data to file  /home/ubuntu/projects/Graphene-Band-Structure-Quantum-Espresso/outputs/field_0.001/vdw-df2-c09/top/data/ldos.pp.dat290

     Calling punch_plot, plot_num =   3

     Energy =  -3.05170 eV, broadening =   0.20000eV
     Writing data to file  /home/ubuntu/projects/Graphene-Band-Structure-Quantum-Espresso/outputs/field_0.001/vdw-df2-c09/top/data/ldos.pp.dat291

     Calling punch_plot, plot_num =   3

     Energy =  -3.00170 eV, broadening =   0.20000eV
     Writing data to file  /home/ubuntu/projects/Graphene-Band-Structure-Quantum-Espresso/outputs/field_0.001/vdw-df2-c09/top/data/ldos.pp.dat292

     Calling punch_plot, plot_num =   3

     Energy =  -2.95170 eV, broadening =   0.20000eV
     Writing data to file  /home/ubuntu/projects/Graphene-Band-Structure-Quantum-Espresso/outputs/field_0.001/vdw-df2-c09/top/data/ldos.pp.dat293

     Calling punch_plot, plot_num =   3

     Energy =  -2.90170 eV, broadening =   0.20000eV
     Writing data to file  /home/ubuntu/projects/Graphene-Band-Structure-Quantum-Espresso/outputs/field_0.001/vdw-df2-c09/top/data/ldos.pp.dat294

     Calling punch_plot, plot_num =   3

     Energy =  -2.85170 eV, broadening =   0.20000eV
     Writing data to file  /home/ubuntu/projects/Graphene-Band-Structure-Quantum-Espresso/outputs/field_0.001/vdw-df2-c09/top/data/ldos.pp.dat295

     Calling punch_plot, plot_num =   3

     Energy =  -2.80170 eV, broadening =   0.20000eV
     Writing data to file  /home/ubuntu/projects/Graphene-Band-Structure-Quantum-Espresso/outputs/field_0.001/vdw-df2-c09/top/data/ldos.pp.dat296

     Calling punch_plot, plot_num =   3

     Energy =  -2.75170 eV, broadening =   0.20000eV
     Writing data to file  /home/ubuntu/projects/Graphene-Band-Structure-Quantum-Espresso/outputs/field_0.001/vdw-df2-c09/top/data/ldos.pp.dat297

     Calling punch_plot, plot_num =   3

     Energy =  -2.70170 eV, broadening =   0.20000eV
     Writing data to file  /home/ubuntu/projects/Graphene-Band-Structure-Quantum-Espresso/outputs/field_0.001/vdw-df2-c09/top/data/ldos.pp.dat298

     Calling punch_plot, plot_num =   3

     Energy =  -2.65170 eV, broadening =   0.20000eV
     Writing data to file  /home/ubuntu/projects/Graphene-Band-Structure-Quantum-Espresso/outputs/field_0.001/vdw-df2-c09/top/data/ldos.pp.dat299

     Calling punch_plot, plot_num =   3

     Energy =  -2.60170 eV, broadening =   0.20000eV
     Writing data to file  /home/ubuntu/projects/Graphene-Band-Structure-Quantum-Espresso/outputs/field_0.001/vdw-df2-c09/top/data/ldos.pp.dat300

     Calling punch_plot, plot_num =   3

     Energy =  -2.55170 eV, broadening =   0.20000eV
     Writing data to file  /home/ubuntu/projects/Graphene-Band-Structure-Quantum-Espresso/outputs/field_0.001/vdw-df2-c09/top/data/ldos.pp.dat301

     Calling punch_plot, plot_num =   3

     Energy =  -2.50170 eV, broadening =   0.20000eV
     Writing data to file  /home/ubuntu/projects/Graphene-Band-Structure-Quantum-Espresso/outputs/field_0.001/vdw-df2-c09/top/data/ldos.pp.dat302

     Calling punch_plot, plot_num =   3

     Energy =  -2.45170 eV, broadening =   0.20000eV
     Writing data to file  /home/ubuntu/projects/Graphene-Band-Structure-Quantum-Espresso/outputs/field_0.001/vdw-df2-c09/top/data/ldos.pp.dat303

     Calling punch_plot, plot_num =   3

     Energy =  -2.40170 eV, broadening =   0.20000eV
     Writing data to file  /home/ubuntu/projects/Graphene-Band-Structure-Quantum-Espresso/outputs/field_0.001/vdw-df2-c09/top/data/ldos.pp.dat304

     Calling punch_plot, plot_num =   3

     Energy =  -2.35170 eV, broadening =   0.20000eV
     Writing data to file  /home/ubuntu/projects/Graphene-Band-Structure-Quantum-Espresso/outputs/field_0.001/vdw-df2-c09/top/data/ldos.pp.dat305

     Calling punch_plot, plot_num =   3

     Energy =  -2.30170 eV, broadening =   0.20000eV
     Writing data to file  /home/ubuntu/projects/Graphene-Band-Structure-Quantum-Espresso/outputs/field_0.001/vdw-df2-c09/top/data/ldos.pp.dat306

     Calling punch_plot, plot_num =   3

     Energy =  -2.25170 eV, broadening =   0.20000eV
     Writing data to file  /home/ubuntu/projects/Graphene-Band-Structure-Quantum-Espresso/outputs/field_0.001/vdw-df2-c09/top/data/ldos.pp.dat307

     Calling punch_plot, plot_num =   3

     Energy =  -2.20170 eV, broadening =   0.20000eV
     Writing data to file  /home/ubuntu/projects/Graphene-Band-Structure-Quantum-Espresso/outputs/field_0.001/vdw-df2-c09/top/data/ldos.pp.dat308

     Calling punch_plot, plot_num =   3

     Energy =  -2.15170 eV, broadening =   0.20000eV
     Writing data to file  /home/ubuntu/projects/Graphene-Band-Structure-Quantum-Espresso/outputs/field_0.001/vdw-df2-c09/top/data/ldos.pp.dat309

     Calling punch_plot, plot_num =   3

     Energy =  -2.10170 eV, broadening =   0.20000eV
     Writing data to file  /home/ubuntu/projects/Graphene-Band-Structure-Quantum-Espresso/outputs/field_0.001/vdw-df2-c09/top/data/ldos.pp.dat310

     Calling punch_plot, plot_num =   3

     Energy =  -2.05170 eV, broadening =   0.20000eV
     Writing data to file  /home/ubuntu/projects/Graphene-Band-Structure-Quantum-Espresso/outputs/field_0.001/vdw-df2-c09/top/data/ldos.pp.dat311

     Calling punch_plot, plot_num =   3

     Energy =  -2.00170 eV, broadening =   0.20000eV
     Writing data to file  /home/ubuntu/projects/Graphene-Band-Structure-Quantum-Espresso/outputs/field_0.001/vdw-df2-c09/top/data/ldos.pp.dat312

     Calling punch_plot, plot_num =   3

     Energy =  -1.95170 eV, broadening =   0.20000eV
     Writing data to file  /home/ubuntu/projects/Graphene-Band-Structure-Quantum-Espresso/outputs/field_0.001/vdw-df2-c09/top/data/ldos.pp.dat313

     Calling punch_plot, plot_num =   3

     Energy =  -1.90170 eV, broadening =   0.20000eV
     Writing data to file  /home/ubuntu/projects/Graphene-Band-Structure-Quantum-Espresso/outputs/field_0.001/vdw-df2-c09/top/data/ldos.pp.dat314

     Calling punch_plot, plot_num =   3

     Energy =  -1.85170 eV, broadening =   0.20000eV
     Writing data to file  /home/ubuntu/projects/Graphene-Band-Structure-Quantum-Espresso/outputs/field_0.001/vdw-df2-c09/top/data/ldos.pp.dat315

     Calling punch_plot, plot_num =   3

     Energy =  -1.80170 eV, broadening =   0.20000eV
     Writing data to file  /home/ubuntu/projects/Graphene-Band-Structure-Quantum-Espresso/outputs/field_0.001/vdw-df2-c09/top/data/ldos.pp.dat316

     Calling punch_plot, plot_num =   3

     Energy =  -1.75170 eV, broadening =   0.20000eV
     Writing data to file  /home/ubuntu/projects/Graphene-Band-Structure-Quantum-Espresso/outputs/field_0.001/vdw-df2-c09/top/data/ldos.pp.dat317

     Calling punch_plot, plot_num =   3

     Energy =  -1.70170 eV, broadening =   0.20000eV
     Writing data to file  /home/ubuntu/projects/Graphene-Band-Structure-Quantum-Espresso/outputs/field_0.001/vdw-df2-c09/top/data/ldos.pp.dat318

     Calling punch_plot, plot_num =   3

     Energy =  -1.65170 eV, broadening =   0.20000eV
     Writing data to file  /home/ubuntu/projects/Graphene-Band-Structure-Quantum-Espresso/outputs/field_0.001/vdw-df2-c09/top/data/ldos.pp.dat319

     Calling punch_plot, plot_num =   3

     Energy =  -1.60170 eV, broadening =   0.20000eV
     Writing data to file  /home/ubuntu/projects/Graphene-Band-Structure-Quantum-Espresso/outputs/field_0.001/vdw-df2-c09/top/data/ldos.pp.dat320

     Calling punch_plot, plot_num =   3

     Energy =  -1.55170 eV, broadening =   0.20000eV
     Writing data to file  /home/ubuntu/projects/Graphene-Band-Structure-Quantum-Espresso/outputs/field_0.001/vdw-df2-c09/top/data/ldos.pp.dat321

     Calling punch_plot, plot_num =   3

     Energy =  -1.50170 eV, broadening =   0.20000eV
     Writing data to file  /home/ubuntu/projects/Graphene-Band-Structure-Quantum-Espresso/outputs/field_0.001/vdw-df2-c09/top/data/ldos.pp.dat322

     Calling punch_plot, plot_num =   3

     Energy =  -1.45170 eV, broadening =   0.20000eV
     Writing data to file  /home/ubuntu/projects/Graphene-Band-Structure-Quantum-Espresso/outputs/field_0.001/vdw-df2-c09/top/data/ldos.pp.dat323

     Calling punch_plot, plot_num =   3

     Energy =  -1.40170 eV, broadening =   0.20000eV
     Writing data to file  /home/ubuntu/projects/Graphene-Band-Structure-Quantum-Espresso/outputs/field_0.001/vdw-df2-c09/top/data/ldos.pp.dat324

     Calling punch_plot, plot_num =   3

     Energy =  -1.35170 eV, broadening =   0.20000eV
     Writing data to file  /home/ubuntu/projects/Graphene-Band-Structure-Quantum-Espresso/outputs/field_0.001/vdw-df2-c09/top/data/ldos.pp.dat325

     Calling punch_plot, plot_num =   3

     Energy =  -1.30170 eV, broadening =   0.20000eV
     Writing data to file  /home/ubuntu/projects/Graphene-Band-Structure-Quantum-Espresso/outputs/field_0.001/vdw-df2-c09/top/data/ldos.pp.dat326

     Calling punch_plot, plot_num =   3

     Energy =  -1.25170 eV, broadening =   0.20000eV
     Writing data to file  /home/ubuntu/projects/Graphene-Band-Structure-Quantum-Espresso/outputs/field_0.001/vdw-df2-c09/top/data/ldos.pp.dat327

     Calling punch_plot, plot_num =   3

     Energy =  -1.20170 eV, broadening =   0.20000eV
     Writing data to file  /home/ubuntu/projects/Graphene-Band-Structure-Quantum-Espresso/outputs/field_0.001/vdw-df2-c09/top/data/ldos.pp.dat328

     Calling punch_plot, plot_num =   3

     Energy =  -1.15170 eV, broadening =   0.20000eV
     Writing data to file  /home/ubuntu/projects/Graphene-Band-Structure-Quantum-Espresso/outputs/field_0.001/vdw-df2-c09/top/data/ldos.pp.dat329

     Calling punch_plot, plot_num =   3

     Energy =  -1.10170 eV, broadening =   0.20000eV
     Writing data to file  /home/ubuntu/projects/Graphene-Band-Structure-Quantum-Espresso/outputs/field_0.001/vdw-df2-c09/top/data/ldos.pp.dat330

     Calling punch_plot, plot_num =   3

     Energy =  -1.05170 eV, broadening =   0.20000eV
     Writing data to file  /home/ubuntu/projects/Graphene-Band-Structure-Quantum-Espresso/outputs/field_0.001/vdw-df2-c09/top/data/ldos.pp.dat331

     Calling punch_plot, plot_num =   3

     Energy =  -1.00170 eV, broadening =   0.20000eV
     Writing data to file  /home/ubuntu/projects/Graphene-Band-Structure-Quantum-Espresso/outputs/field_0.001/vdw-df2-c09/top/data/ldos.pp.dat332

     Calling punch_plot, plot_num =   3

     Energy =  -0.95170 eV, broadening =   0.20000eV
     Writing data to file  /home/ubuntu/projects/Graphene-Band-Structure-Quantum-Espresso/outputs/field_0.001/vdw-df2-c09/top/data/ldos.pp.dat333

     Calling punch_plot, plot_num =   3

     Energy =  -0.90170 eV, broadening =   0.20000eV
     Writing data to file  /home/ubuntu/projects/Graphene-Band-Structure-Quantum-Espresso/outputs/field_0.001/vdw-df2-c09/top/data/ldos.pp.dat334

     Calling punch_plot, plot_num =   3

     Energy =  -0.85170 eV, broadening =   0.20000eV
     Writing data to file  /home/ubuntu/projects/Graphene-Band-Structure-Quantum-Espresso/outputs/field_0.001/vdw-df2-c09/top/data/ldos.pp.dat335

     Calling punch_plot, plot_num =   3

     Energy =  -0.80170 eV, broadening =   0.20000eV
     Writing data to file  /home/ubuntu/projects/Graphene-Band-Structure-Quantum-Espresso/outputs/field_0.001/vdw-df2-c09/top/data/ldos.pp.dat336

     Calling punch_plot, plot_num =   3

     Energy =  -0.75170 eV, broadening =   0.20000eV
     Writing data to file  /home/ubuntu/projects/Graphene-Band-Structure-Quantum-Espresso/outputs/field_0.001/vdw-df2-c09/top/data/ldos.pp.dat337

     Calling punch_plot, plot_num =   3

     Energy =  -0.70170 eV, broadening =   0.20000eV
     Writing data to file  /home/ubuntu/projects/Graphene-Band-Structure-Quantum-Espresso/outputs/field_0.001/vdw-df2-c09/top/data/ldos.pp.dat338

     Calling punch_plot, plot_num =   3

     Energy =  -0.65170 eV, broadening =   0.20000eV
     Writing data to file  /home/ubuntu/projects/Graphene-Band-Structure-Quantum-Espresso/outputs/field_0.001/vdw-df2-c09/top/data/ldos.pp.dat339

     Calling punch_plot, plot_num =   3

     Energy =  -0.60170 eV, broadening =   0.20000eV
     Writing data to file  /home/ubuntu/projects/Graphene-Band-Structure-Quantum-Espresso/outputs/field_0.001/vdw-df2-c09/top/data/ldos.pp.dat340

     Calling punch_plot, plot_num =   3

     Energy =  -0.55170 eV, broadening =   0.20000eV
     Writing data to file  /home/ubuntu/projects/Graphene-Band-Structure-Quantum-Espresso/outputs/field_0.001/vdw-df2-c09/top/data/ldos.pp.dat341

     Calling punch_plot, plot_num =   3

     Energy =  -0.50170 eV, broadening =   0.20000eV
     Writing data to file  /home/ubuntu/projects/Graphene-Band-Structure-Quantum-Espresso/outputs/field_0.001/vdw-df2-c09/top/data/ldos.pp.dat342

     Calling punch_plot, plot_num =   3

     Energy =  -0.45170 eV, broadening =   0.20000eV
     Writing data to file  /home/ubuntu/projects/Graphene-Band-Structure-Quantum-Espresso/outputs/field_0.001/vdw-df2-c09/top/data/ldos.pp.dat343

     Calling punch_plot, plot_num =   3

     Energy =  -0.40170 eV, broadening =   0.20000eV
     Writing data to file  /home/ubuntu/projects/Graphene-Band-Structure-Quantum-Espresso/outputs/field_0.001/vdw-df2-c09/top/data/ldos.pp.dat344

     Calling punch_plot, plot_num =   3

     Energy =  -0.35170 eV, broadening =   0.20000eV
     Writing data to file  /home/ubuntu/projects/Graphene-Band-Structure-Quantum-Espresso/outputs/field_0.001/vdw-df2-c09/top/data/ldos.pp.dat345

     Calling punch_plot, plot_num =   3

     Energy =  -0.30170 eV, broadening =   0.20000eV
     Writing data to file  /home/ubuntu/projects/Graphene-Band-Structure-Quantum-Espresso/outputs/field_0.001/vdw-df2-c09/top/data/ldos.pp.dat346

     Calling punch_plot, plot_num =   3

     Energy =  -0.25170 eV, broadening =   0.20000eV
     Writing data to file  /home/ubuntu/projects/Graphene-Band-Structure-Quantum-Espresso/outputs/field_0.001/vdw-df2-c09/top/data/ldos.pp.dat347

     Calling punch_plot, plot_num =   3

     Energy =  -0.20170 eV, broadening =   0.20000eV
     Writing data to file  /home/ubuntu/projects/Graphene-Band-Structure-Quantum-Espresso/outputs/field_0.001/vdw-df2-c09/top/data/ldos.pp.dat348

     Calling punch_plot, plot_num =   3

     Energy =  -0.15170 eV, broadening =   0.20000eV
     Writing data to file  /home/ubuntu/projects/Graphene-Band-Structure-Quantum-Espresso/outputs/field_0.001/vdw-df2-c09/top/data/ldos.pp.dat349

     Calling punch_plot, plot_num =   3

     Energy =  -0.10170 eV, broadening =   0.20000eV
     Writing data to file  /home/ubuntu/projects/Graphene-Band-Structure-Quantum-Espresso/outputs/field_0.001/vdw-df2-c09/top/data/ldos.pp.dat350

     Calling punch_plot, plot_num =   3

     Energy =  -0.05170 eV, broadening =   0.20000eV
     Writing data to file  /home/ubuntu/projects/Graphene-Band-Structure-Quantum-Espresso/outputs/field_0.001/vdw-df2-c09/top/data/ldos.pp.dat351

     Calling punch_plot, plot_num =   3

     Energy =  -0.00170 eV, broadening =   0.20000eV
     Writing data to file  /home/ubuntu/projects/Graphene-Band-Structure-Quantum-Espresso/outputs/field_0.001/vdw-df2-c09/top/data/ldos.pp.dat352

     Calling punch_plot, plot_num =   3

     Energy =   0.04830 eV, broadening =   0.20000eV
     Writing data to file  /home/ubuntu/projects/Graphene-Band-Structure-Quantum-Espresso/outputs/field_0.001/vdw-df2-c09/top/data/ldos.pp.dat353

     Calling punch_plot, plot_num =   3

     Energy =   0.09830 eV, broadening =   0.20000eV
     Writing data to file  /home/ubuntu/projects/Graphene-Band-Structure-Quantum-Espresso/outputs/field_0.001/vdw-df2-c09/top/data/ldos.pp.dat354

     Calling punch_plot, plot_num =   3

     Energy =   0.14830 eV, broadening =   0.20000eV
     Writing data to file  /home/ubuntu/projects/Graphene-Band-Structure-Quantum-Espresso/outputs/field_0.001/vdw-df2-c09/top/data/ldos.pp.dat355

     Calling punch_plot, plot_num =   3

     Energy =   0.19830 eV, broadening =   0.20000eV
     Writing data to file  /home/ubuntu/projects/Graphene-Band-Structure-Quantum-Espresso/outputs/field_0.001/vdw-df2-c09/top/data/ldos.pp.dat356

     Calling punch_plot, plot_num =   3

     Energy =   0.24830 eV, broadening =   0.20000eV
     Writing data to file  /home/ubuntu/projects/Graphene-Band-Structure-Quantum-Espresso/outputs/field_0.001/vdw-df2-c09/top/data/ldos.pp.dat357

     Calling punch_plot, plot_num =   3

     Energy =   0.29830 eV, broadening =   0.20000eV
     Writing data to file  /home/ubuntu/projects/Graphene-Band-Structure-Quantum-Espresso/outputs/field_0.001/vdw-df2-c09/top/data/ldos.pp.dat358

     Calling punch_plot, plot_num =   3

     Energy =   0.34830 eV, broadening =   0.20000eV
     Writing data to file  /home/ubuntu/projects/Graphene-Band-Structure-Quantum-Espresso/outputs/field_0.001/vdw-df2-c09/top/data/ldos.pp.dat359

     Calling punch_plot, plot_num =   3

     Energy =   0.39830 eV, broadening =   0.20000eV
     Writing data to file  /home/ubuntu/projects/Graphene-Band-Structure-Quantum-Espresso/outputs/field_0.001/vdw-df2-c09/top/data/ldos.pp.dat360

     Calling punch_plot, plot_num =   3

     Energy =   0.44830 eV, broadening =   0.20000eV
     Writing data to file  /home/ubuntu/projects/Graphene-Band-Structure-Quantum-Espresso/outputs/field_0.001/vdw-df2-c09/top/data/ldos.pp.dat361

     Calling punch_plot, plot_num =   3

     Energy =   0.49830 eV, broadening =   0.20000eV
     Writing data to file  /home/ubuntu/projects/Graphene-Band-Structure-Quantum-Espresso/outputs/field_0.001/vdw-df2-c09/top/data/ldos.pp.dat362

     Calling punch_plot, plot_num =   3

     Energy =   0.54830 eV, broadening =   0.20000eV
     Writing data to file  /home/ubuntu/projects/Graphene-Band-Structure-Quantum-Espresso/outputs/field_0.001/vdw-df2-c09/top/data/ldos.pp.dat363

     Calling punch_plot, plot_num =   3

     Energy =   0.59830 eV, broadening =   0.20000eV
     Writing data to file  /home/ubuntu/projects/Graphene-Band-Structure-Quantum-Espresso/outputs/field_0.001/vdw-df2-c09/top/data/ldos.pp.dat364

     Calling punch_plot, plot_num =   3

     Energy =   0.64830 eV, broadening =   0.20000eV
     Writing data to file  /home/ubuntu/projects/Graphene-Band-Structure-Quantum-Espresso/outputs/field_0.001/vdw-df2-c09/top/data/ldos.pp.dat365

     Calling punch_plot, plot_num =   3

     Energy =   0.69830 eV, broadening =   0.20000eV
     Writing data to file  /home/ubuntu/projects/Graphene-Band-Structure-Quantum-Espresso/outputs/field_0.001/vdw-df2-c09/top/data/ldos.pp.dat366

     Calling punch_plot, plot_num =   3

     Energy =   0.74830 eV, broadening =   0.20000eV
     Writing data to file  /home/ubuntu/projects/Graphene-Band-Structure-Quantum-Espresso/outputs/field_0.001/vdw-df2-c09/top/data/ldos.pp.dat367

     Calling punch_plot, plot_num =   3

     Energy =   0.79830 eV, broadening =   0.20000eV
     Writing data to file  /home/ubuntu/projects/Graphene-Band-Structure-Quantum-Espresso/outputs/field_0.001/vdw-df2-c09/top/data/ldos.pp.dat368

     Calling punch_plot, plot_num =   3

     Energy =   0.84830 eV, broadening =   0.20000eV
     Writing data to file  /home/ubuntu/projects/Graphene-Band-Structure-Quantum-Espresso/outputs/field_0.001/vdw-df2-c09/top/data/ldos.pp.dat369

     Calling punch_plot, plot_num =   3

     Energy =   0.89830 eV, broadening =   0.20000eV
     Writing data to file  /home/ubuntu/projects/Graphene-Band-Structure-Quantum-Espresso/outputs/field_0.001/vdw-df2-c09/top/data/ldos.pp.dat370

     Calling punch_plot, plot_num =   3

     Energy =   0.94830 eV, broadening =   0.20000eV
     Writing data to file  /home/ubuntu/projects/Graphene-Band-Structure-Quantum-Espresso/outputs/field_0.001/vdw-df2-c09/top/data/ldos.pp.dat371

     Calling punch_plot, plot_num =   3

     Energy =   0.99830 eV, broadening =   0.20000eV
     Writing data to file  /home/ubuntu/projects/Graphene-Band-Structure-Quantum-Espresso/outputs/field_0.001/vdw-df2-c09/top/data/ldos.pp.dat372

     Calling punch_plot, plot_num =   3

     Energy =   1.04830 eV, broadening =   0.20000eV
     Writing data to file  /home/ubuntu/projects/Graphene-Band-Structure-Quantum-Espresso/outputs/field_0.001/vdw-df2-c09/top/data/ldos.pp.dat373

     Calling punch_plot, plot_num =   3

     Energy =   1.09830 eV, broadening =   0.20000eV
     Writing data to file  /home/ubuntu/projects/Graphene-Band-Structure-Quantum-Espresso/outputs/field_0.001/vdw-df2-c09/top/data/ldos.pp.dat374

     Calling punch_plot, plot_num =   3

     Energy =   1.14830 eV, broadening =   0.20000eV
     Writing data to file  /home/ubuntu/projects/Graphene-Band-Structure-Quantum-Espresso/outputs/field_0.001/vdw-df2-c09/top/data/ldos.pp.dat375

     Calling punch_plot, plot_num =   3

     Energy =   1.19830 eV, broadening =   0.20000eV
     Writing data to file  /home/ubuntu/projects/Graphene-Band-Structure-Quantum-Espresso/outputs/field_0.001/vdw-df2-c09/top/data/ldos.pp.dat376

     Calling punch_plot, plot_num =   3

     Energy =   1.24830 eV, broadening =   0.20000eV
     Writing data to file  /home/ubuntu/projects/Graphene-Band-Structure-Quantum-Espresso/outputs/field_0.001/vdw-df2-c09/top/data/ldos.pp.dat377

     Calling punch_plot, plot_num =   3

     Energy =   1.29830 eV, broadening =   0.20000eV
     Writing data to file  /home/ubuntu/projects/Graphene-Band-Structure-Quantum-Espresso/outputs/field_0.001/vdw-df2-c09/top/data/ldos.pp.dat378

     Calling punch_plot, plot_num =   3

     Energy =   1.34830 eV, broadening =   0.20000eV
     Writing data to file  /home/ubuntu/projects/Graphene-Band-Structure-Quantum-Espresso/outputs/field_0.001/vdw-df2-c09/top/data/ldos.pp.dat379

     Calling punch_plot, plot_num =   3

     Energy =   1.39830 eV, broadening =   0.20000eV
     Writing data to file  /home/ubuntu/projects/Graphene-Band-Structure-Quantum-Espresso/outputs/field_0.001/vdw-df2-c09/top/data/ldos.pp.dat380

     Calling punch_plot, plot_num =   3

     Energy =   1.44830 eV, broadening =   0.20000eV
     Writing data to file  /home/ubuntu/projects/Graphene-Band-Structure-Quantum-Espresso/outputs/field_0.001/vdw-df2-c09/top/data/ldos.pp.dat381

     Calling punch_plot, plot_num =   3

     Energy =   1.49830 eV, broadening =   0.20000eV
     Writing data to file  /home/ubuntu/projects/Graphene-Band-Structure-Quantum-Espresso/outputs/field_0.001/vdw-df2-c09/top/data/ldos.pp.dat382

     Calling punch_plot, plot_num =   3

     Energy =   1.54830 eV, broadening =   0.20000eV
     Writing data to file  /home/ubuntu/projects/Graphene-Band-Structure-Quantum-Espresso/outputs/field_0.001/vdw-df2-c09/top/data/ldos.pp.dat383

     Calling punch_plot, plot_num =   3

     Energy =   1.59830 eV, broadening =   0.20000eV
     Writing data to file  /home/ubuntu/projects/Graphene-Band-Structure-Quantum-Espresso/outputs/field_0.001/vdw-df2-c09/top/data/ldos.pp.dat384

     Calling punch_plot, plot_num =   3

     Energy =   1.64830 eV, broadening =   0.20000eV
     Writing data to file  /home/ubuntu/projects/Graphene-Band-Structure-Quantum-Espresso/outputs/field_0.001/vdw-df2-c09/top/data/ldos.pp.dat385

     Calling punch_plot, plot_num =   3

     Energy =   1.69830 eV, broadening =   0.20000eV
     Writing data to file  /home/ubuntu/projects/Graphene-Band-Structure-Quantum-Espresso/outputs/field_0.001/vdw-df2-c09/top/data/ldos.pp.dat386

     Calling punch_plot, plot_num =   3

     Energy =   1.74830 eV, broadening =   0.20000eV
     Writing data to file  /home/ubuntu/projects/Graphene-Band-Structure-Quantum-Espresso/outputs/field_0.001/vdw-df2-c09/top/data/ldos.pp.dat387

     Calling punch_plot, plot_num =   3

     Energy =   1.79830 eV, broadening =   0.20000eV
     Writing data to file  /home/ubuntu/projects/Graphene-Band-Structure-Quantum-Espresso/outputs/field_0.001/vdw-df2-c09/top/data/ldos.pp.dat388

     Calling punch_plot, plot_num =   3

     Energy =   1.84830 eV, broadening =   0.20000eV
     Writing data to file  /home/ubuntu/projects/Graphene-Band-Structure-Quantum-Espresso/outputs/field_0.001/vdw-df2-c09/top/data/ldos.pp.dat389

     Calling punch_plot, plot_num =   3

     Energy =   1.89830 eV, broadening =   0.20000eV
     Writing data to file  /home/ubuntu/projects/Graphene-Band-Structure-Quantum-Espresso/outputs/field_0.001/vdw-df2-c09/top/data/ldos.pp.dat390

     Calling punch_plot, plot_num =   3

     Energy =   1.94830 eV, broadening =   0.20000eV
     Writing data to file  /home/ubuntu/projects/Graphene-Band-Structure-Quantum-Espresso/outputs/field_0.001/vdw-df2-c09/top/data/ldos.pp.dat391

     Calling punch_plot, plot_num =   3

     Energy =   1.99830 eV, broadening =   0.20000eV
     Writing data to file  /home/ubuntu/projects/Graphene-Band-Structure-Quantum-Espresso/outputs/field_0.001/vdw-df2-c09/top/data/ldos.pp.dat392

     Calling punch_plot, plot_num =   3

     Energy =   2.04830 eV, broadening =   0.20000eV
     Writing data to file  /home/ubuntu/projects/Graphene-Band-Structure-Quantum-Espresso/outputs/field_0.001/vdw-df2-c09/top/data/ldos.pp.dat393

     Calling punch_plot, plot_num =   3

     Energy =   2.09830 eV, broadening =   0.20000eV
     Writing data to file  /home/ubuntu/projects/Graphene-Band-Structure-Quantum-Espresso/outputs/field_0.001/vdw-df2-c09/top/data/ldos.pp.dat394

     Calling punch_plot, plot_num =   3

     Energy =   2.14830 eV, broadening =   0.20000eV
     Writing data to file  /home/ubuntu/projects/Graphene-Band-Structure-Quantum-Espresso/outputs/field_0.001/vdw-df2-c09/top/data/ldos.pp.dat395

     Calling punch_plot, plot_num =   3

     Energy =   2.19830 eV, broadening =   0.20000eV
     Writing data to file  /home/ubuntu/projects/Graphene-Band-Structure-Quantum-Espresso/outputs/field_0.001/vdw-df2-c09/top/data/ldos.pp.dat396

     Calling punch_plot, plot_num =   3

     Energy =   2.24830 eV, broadening =   0.20000eV
     Writing data to file  /home/ubuntu/projects/Graphene-Band-Structure-Quantum-Espresso/outputs/field_0.001/vdw-df2-c09/top/data/ldos.pp.dat397

     Calling punch_plot, plot_num =   3

     Energy =   2.29830 eV, broadening =   0.20000eV
     Writing data to file  /home/ubuntu/projects/Graphene-Band-Structure-Quantum-Espresso/outputs/field_0.001/vdw-df2-c09/top/data/ldos.pp.dat398

     Calling punch_plot, plot_num =   3

     Energy =   2.34830 eV, broadening =   0.20000eV
     Writing data to file  /home/ubuntu/projects/Graphene-Band-Structure-Quantum-Espresso/outputs/field_0.001/vdw-df2-c09/top/data/ldos.pp.dat399

     Calling punch_plot, plot_num =   3

     Energy =   2.39830 eV, broadening =   0.20000eV
     Writing data to file  /home/ubuntu/projects/Graphene-Band-Structure-Quantum-Espresso/outputs/field_0.001/vdw-df2-c09/top/data/ldos.pp.dat400

     Calling punch_plot, plot_num =   3

     Energy =   2.44830 eV, broadening =   0.20000eV
     Writing data to file  /home/ubuntu/projects/Graphene-Band-Structure-Quantum-Espresso/outputs/field_0.001/vdw-df2-c09/top/data/ldos.pp.dat401

     Calling punch_plot, plot_num =   3

     Energy =   2.49830 eV, broadening =   0.20000eV
     Writing data to file  /home/ubuntu/projects/Graphene-Band-Structure-Quantum-Espresso/outputs/field_0.001/vdw-df2-c09/top/data/ldos.pp.dat402

     Calling punch_plot, plot_num =   3

     Energy =   2.54830 eV, broadening =   0.20000eV
     Writing data to file  /home/ubuntu/projects/Graphene-Band-Structure-Quantum-Espresso/outputs/field_0.001/vdw-df2-c09/top/data/ldos.pp.dat403

     Calling punch_plot, plot_num =   3

     Energy =   2.59830 eV, broadening =   0.20000eV
     Writing data to file  /home/ubuntu/projects/Graphene-Band-Structure-Quantum-Espresso/outputs/field_0.001/vdw-df2-c09/top/data/ldos.pp.dat404

     Calling punch_plot, plot_num =   3

     Energy =   2.64830 eV, broadening =   0.20000eV
     Writing data to file  /home/ubuntu/projects/Graphene-Band-Structure-Quantum-Espresso/outputs/field_0.001/vdw-df2-c09/top/data/ldos.pp.dat405

     Calling punch_plot, plot_num =   3

     Energy =   2.69830 eV, broadening =   0.20000eV
     Writing data to file  /home/ubuntu/projects/Graphene-Band-Structure-Quantum-Espresso/outputs/field_0.001/vdw-df2-c09/top/data/ldos.pp.dat406

     Calling punch_plot, plot_num =   3

     Energy =   2.74830 eV, broadening =   0.20000eV
     Writing data to file  /home/ubuntu/projects/Graphene-Band-Structure-Quantum-Espresso/outputs/field_0.001/vdw-df2-c09/top/data/ldos.pp.dat407

     Calling punch_plot, plot_num =   3

     Energy =   2.79830 eV, broadening =   0.20000eV
     Writing data to file  /home/ubuntu/projects/Graphene-Band-Structure-Quantum-Espresso/outputs/field_0.001/vdw-df2-c09/top/data/ldos.pp.dat408

     Calling punch_plot, plot_num =   3

     Energy =   2.84830 eV, broadening =   0.20000eV
     Writing data to file  /home/ubuntu/projects/Graphene-Band-Structure-Quantum-Espresso/outputs/field_0.001/vdw-df2-c09/top/data/ldos.pp.dat409

     Calling punch_plot, plot_num =   3

     Energy =   2.89830 eV, broadening =   0.20000eV
     Writing data to file  /home/ubuntu/projects/Graphene-Band-Structure-Quantum-Espresso/outputs/field_0.001/vdw-df2-c09/top/data/ldos.pp.dat410

     Calling punch_plot, plot_num =   3

     Energy =   2.94830 eV, broadening =   0.20000eV
     Writing data to file  /home/ubuntu/projects/Graphene-Band-Structure-Quantum-Espresso/outputs/field_0.001/vdw-df2-c09/top/data/ldos.pp.dat411

     Calling punch_plot, plot_num =   3

     Energy =   2.99830 eV, broadening =   0.20000eV
     Writing data to file  /home/ubuntu/projects/Graphene-Band-Structure-Quantum-Espresso/outputs/field_0.001/vdw-df2-c09/top/data/ldos.pp.dat412

     Calling punch_plot, plot_num =   3

     Energy =   3.04830 eV, broadening =   0.20000eV
     Writing data to file  /home/ubuntu/projects/Graphene-Band-Structure-Quantum-Espresso/outputs/field_0.001/vdw-df2-c09/top/data/ldos.pp.dat413

     Calling punch_plot, plot_num =   3

     Energy =   3.09830 eV, broadening =   0.20000eV
     Writing data to file  /home/ubuntu/projects/Graphene-Band-Structure-Quantum-Espresso/outputs/field_0.001/vdw-df2-c09/top/data/ldos.pp.dat414

     Calling punch_plot, plot_num =   3

     Energy =   3.14830 eV, broadening =   0.20000eV
     Writing data to file  /home/ubuntu/projects/Graphene-Band-Structure-Quantum-Espresso/outputs/field_0.001/vdw-df2-c09/top/data/ldos.pp.dat415

     Calling punch_plot, plot_num =   3

     Energy =   3.19830 eV, broadening =   0.20000eV
     Writing data to file  /home/ubuntu/projects/Graphene-Band-Structure-Quantum-Espresso/outputs/field_0.001/vdw-df2-c09/top/data/ldos.pp.dat416

     Calling punch_plot, plot_num =   3

     Energy =   3.24830 eV, broadening =   0.20000eV
     Writing data to file  /home/ubuntu/projects/Graphene-Band-Structure-Quantum-Espresso/outputs/field_0.001/vdw-df2-c09/top/data/ldos.pp.dat417

     Calling punch_plot, plot_num =   3

     Energy =   3.29830 eV, broadening =   0.20000eV
     Writing data to file  /home/ubuntu/projects/Graphene-Band-Structure-Quantum-Espresso/outputs/field_0.001/vdw-df2-c09/top/data/ldos.pp.dat418

     Calling punch_plot, plot_num =   3

     Energy =   3.34830 eV, broadening =   0.20000eV
     Writing data to file  /home/ubuntu/projects/Graphene-Band-Structure-Quantum-Espresso/outputs/field_0.001/vdw-df2-c09/top/data/ldos.pp.dat419

     Calling punch_plot, plot_num =   3

     Energy =   3.39830 eV, broadening =   0.20000eV
     Writing data to file  /home/ubuntu/projects/Graphene-Band-Structure-Quantum-Espresso/outputs/field_0.001/vdw-df2-c09/top/data/ldos.pp.dat420

     Calling punch_plot, plot_num =   3

     Energy =   3.44830 eV, broadening =   0.20000eV
     Writing data to file  /home/ubuntu/projects/Graphene-Band-Structure-Quantum-Espresso/outputs/field_0.001/vdw-df2-c09/top/data/ldos.pp.dat421

     Calling punch_plot, plot_num =   3

     Energy =   3.49830 eV, broadening =   0.20000eV
     Writing data to file  /home/ubuntu/projects/Graphene-Band-Structure-Quantum-Espresso/outputs/field_0.001/vdw-df2-c09/top/data/ldos.pp.dat422

     Calling punch_plot, plot_num =   3

     Energy =   3.54830 eV, broadening =   0.20000eV
     Writing data to file  /home/ubuntu/projects/Graphene-Band-Structure-Quantum-Espresso/outputs/field_0.001/vdw-df2-c09/top/data/ldos.pp.dat423

     Calling punch_plot, plot_num =   3

     Energy =   3.59830 eV, broadening =   0.20000eV
     Writing data to file  /home/ubuntu/projects/Graphene-Band-Structure-Quantum-Espresso/outputs/field_0.001/vdw-df2-c09/top/data/ldos.pp.dat424

     Calling punch_plot, plot_num =   3

     Energy =   3.64830 eV, broadening =   0.20000eV
     Writing data to file  /home/ubuntu/projects/Graphene-Band-Structure-Quantum-Espresso/outputs/field_0.001/vdw-df2-c09/top/data/ldos.pp.dat425

     Calling punch_plot, plot_num =   3

     Energy =   3.69830 eV, broadening =   0.20000eV
     Writing data to file  /home/ubuntu/projects/Graphene-Band-Structure-Quantum-Espresso/outputs/field_0.001/vdw-df2-c09/top/data/ldos.pp.dat426

     Calling punch_plot, plot_num =   3

     Energy =   3.74830 eV, broadening =   0.20000eV
     Writing data to file  /home/ubuntu/projects/Graphene-Band-Structure-Quantum-Espresso/outputs/field_0.001/vdw-df2-c09/top/data/ldos.pp.dat427

     Calling punch_plot, plot_num =   3

     Energy =   3.79830 eV, broadening =   0.20000eV
     Writing data to file  /home/ubuntu/projects/Graphene-Band-Structure-Quantum-Espresso/outputs/field_0.001/vdw-df2-c09/top/data/ldos.pp.dat428

     Calling punch_plot, plot_num =   3

     Energy =   3.84830 eV, broadening =   0.20000eV
     Writing data to file  /home/ubuntu/projects/Graphene-Band-Structure-Quantum-Espresso/outputs/field_0.001/vdw-df2-c09/top/data/ldos.pp.dat429

     Calling punch_plot, plot_num =   3

     Energy =   3.89830 eV, broadening =   0.20000eV
     Writing data to file  /home/ubuntu/projects/Graphene-Band-Structure-Quantum-Espresso/outputs/field_0.001/vdw-df2-c09/top/data/ldos.pp.dat430

     Calling punch_plot, plot_num =   3

     Energy =   3.94830 eV, broadening =   0.20000eV
     Writing data to file  /home/ubuntu/projects/Graphene-Band-Structure-Quantum-Espresso/outputs/field_0.001/vdw-df2-c09/top/data/ldos.pp.dat431

     Calling punch_plot, plot_num =   3

     Energy =   3.99830 eV, broadening =   0.20000eV
     Writing data to file  /home/ubuntu/projects/Graphene-Band-Structure-Quantum-Espresso/outputs/field_0.001/vdw-df2-c09/top/data/ldos.pp.dat432

     Calling punch_plot, plot_num =   3

     Energy =   4.04830 eV, broadening =   0.20000eV
     Writing data to file  /home/ubuntu/projects/Graphene-Band-Structure-Quantum-Espresso/outputs/field_0.001/vdw-df2-c09/top/data/ldos.pp.dat433

     Calling punch_plot, plot_num =   3

     Energy =   4.09830 eV, broadening =   0.20000eV
     Writing data to file  /home/ubuntu/projects/Graphene-Band-Structure-Quantum-Espresso/outputs/field_0.001/vdw-df2-c09/top/data/ldos.pp.dat434

     Calling punch_plot, plot_num =   3

     Energy =   4.14830 eV, broadening =   0.20000eV
     Writing data to file  /home/ubuntu/projects/Graphene-Band-Structure-Quantum-Espresso/outputs/field_0.001/vdw-df2-c09/top/data/ldos.pp.dat435

     Calling punch_plot, plot_num =   3

     Energy =   4.19830 eV, broadening =   0.20000eV
     Writing data to file  /home/ubuntu/projects/Graphene-Band-Structure-Quantum-Espresso/outputs/field_0.001/vdw-df2-c09/top/data/ldos.pp.dat436

     Calling punch_plot, plot_num =   3

     Energy =   4.24830 eV, broadening =   0.20000eV
     Writing data to file  /home/ubuntu/projects/Graphene-Band-Structure-Quantum-Espresso/outputs/field_0.001/vdw-df2-c09/top/data/ldos.pp.dat437

     Calling punch_plot, plot_num =   3

     Energy =   4.29830 eV, broadening =   0.20000eV
     Writing data to file  /home/ubuntu/projects/Graphene-Band-Structure-Quantum-Espresso/outputs/field_0.001/vdw-df2-c09/top/data/ldos.pp.dat438

     Calling punch_plot, plot_num =   3

     Energy =   4.34830 eV, broadening =   0.20000eV
     Writing data to file  /home/ubuntu/projects/Graphene-Band-Structure-Quantum-Espresso/outputs/field_0.001/vdw-df2-c09/top/data/ldos.pp.dat439

     Calling punch_plot, plot_num =   3

     Energy =   4.39830 eV, broadening =   0.20000eV
     Writing data to file  /home/ubuntu/projects/Graphene-Band-Structure-Quantum-Espresso/outputs/field_0.001/vdw-df2-c09/top/data/ldos.pp.dat440

     Calling punch_plot, plot_num =   3

     Energy =   4.44830 eV, broadening =   0.20000eV
     Writing data to file  /home/ubuntu/projects/Graphene-Band-Structure-Quantum-Espresso/outputs/field_0.001/vdw-df2-c09/top/data/ldos.pp.dat441

     Calling punch_plot, plot_num =   3

     Energy =   4.49830 eV, broadening =   0.20000eV
     Writing data to file  /home/ubuntu/projects/Graphene-Band-Structure-Quantum-Espresso/outputs/field_0.001/vdw-df2-c09/top/data/ldos.pp.dat442

     Calling punch_plot, plot_num =   3

     Energy =   4.54830 eV, broadening =   0.20000eV
     Writing data to file  /home/ubuntu/projects/Graphene-Band-Structure-Quantum-Espresso/outputs/field_0.001/vdw-df2-c09/top/data/ldos.pp.dat443

     Calling punch_plot, plot_num =   3

     Energy =   4.59830 eV, broadening =   0.20000eV
     Writing data to file  /home/ubuntu/projects/Graphene-Band-Structure-Quantum-Espresso/outputs/field_0.001/vdw-df2-c09/top/data/ldos.pp.dat444

     Calling punch_plot, plot_num =   3

     Energy =   4.64830 eV, broadening =   0.20000eV
     Writing data to file  /home/ubuntu/projects/Graphene-Band-Structure-Quantum-Espresso/outputs/field_0.001/vdw-df2-c09/top/data/ldos.pp.dat445

     Calling punch_plot, plot_num =   3

     Energy =   4.69830 eV, broadening =   0.20000eV
     Writing data to file  /home/ubuntu/projects/Graphene-Band-Structure-Quantum-Espresso/outputs/field_0.001/vdw-df2-c09/top/data/ldos.pp.dat446

     Calling punch_plot, plot_num =   3

     Energy =   4.74830 eV, broadening =   0.20000eV
     Writing data to file  /home/ubuntu/projects/Graphene-Band-Structure-Quantum-Espresso/outputs/field_0.001/vdw-df2-c09/top/data/ldos.pp.dat447

     Calling punch_plot, plot_num =   3

     Energy =   4.79830 eV, broadening =   0.20000eV
     Writing data to file  /home/ubuntu/projects/Graphene-Band-Structure-Quantum-Espresso/outputs/field_0.001/vdw-df2-c09/top/data/ldos.pp.dat448

     Calling punch_plot, plot_num =   3

     Energy =   4.84830 eV, broadening =   0.20000eV
     Writing data to file  /home/ubuntu/projects/Graphene-Band-Structure-Quantum-Espresso/outputs/field_0.001/vdw-df2-c09/top/data/ldos.pp.dat449

     Calling punch_plot, plot_num =   3

     Energy =   4.89830 eV, broadening =   0.20000eV
     Writing data to file  /home/ubuntu/projects/Graphene-Band-Structure-Quantum-Espresso/outputs/field_0.001/vdw-df2-c09/top/data/ldos.pp.dat450

     Calling punch_plot, plot_num =   3

     Energy =   4.94830 eV, broadening =   0.20000eV
     Writing data to file  /home/ubuntu/projects/Graphene-Band-Structure-Quantum-Espresso/outputs/field_0.001/vdw-df2-c09/top/data/ldos.pp.dat451

     Calling punch_plot, plot_num =   3

     Energy =   4.99830 eV, broadening =   0.20000eV
     Writing data to file  /home/ubuntu/projects/Graphene-Band-Structure-Quantum-Espresso/outputs/field_0.001/vdw-df2-c09/top/data/ldos.pp.dat452

     Calling punch_plot, plot_num =   3

     Energy =   5.04830 eV, broadening =   0.20000eV
     Writing data to file  /home/ubuntu/projects/Graphene-Band-Structure-Quantum-Espresso/outputs/field_0.001/vdw-df2-c09/top/data/ldos.pp.dat453

     Calling punch_plot, plot_num =   3

     Energy =   5.09830 eV, broadening =   0.20000eV
     Writing data to file  /home/ubuntu/projects/Graphene-Band-Structure-Quantum-Espresso/outputs/field_0.001/vdw-df2-c09/top/data/ldos.pp.dat454

     Calling punch_plot, plot_num =   3

     Energy =   5.14830 eV, broadening =   0.20000eV
     Writing data to file  /home/ubuntu/projects/Graphene-Band-Structure-Quantum-Espresso/outputs/field_0.001/vdw-df2-c09/top/data/ldos.pp.dat455

     Calling punch_plot, plot_num =   3

     Energy =   5.19830 eV, broadening =   0.20000eV
     Writing data to file  /home/ubuntu/projects/Graphene-Band-Structure-Quantum-Espresso/outputs/field_0.001/vdw-df2-c09/top/data/ldos.pp.dat456

     Calling punch_plot, plot_num =   3

     Energy =   5.24830 eV, broadening =   0.20000eV
     Writing data to file  /home/ubuntu/projects/Graphene-Band-Structure-Quantum-Espresso/outputs/field_0.001/vdw-df2-c09/top/data/ldos.pp.dat457

     Calling punch_plot, plot_num =   3

     Energy =   5.29830 eV, broadening =   0.20000eV
     Writing data to file  /home/ubuntu/projects/Graphene-Band-Structure-Quantum-Espresso/outputs/field_0.001/vdw-df2-c09/top/data/ldos.pp.dat458

     Calling punch_plot, plot_num =   3

     Energy =   5.34830 eV, broadening =   0.20000eV
     Writing data to file  /home/ubuntu/projects/Graphene-Band-Structure-Quantum-Espresso/outputs/field_0.001/vdw-df2-c09/top/data/ldos.pp.dat459

     Calling punch_plot, plot_num =   3

     Energy =   5.39830 eV, broadening =   0.20000eV
     Writing data to file  /home/ubuntu/projects/Graphene-Band-Structure-Quantum-Espresso/outputs/field_0.001/vdw-df2-c09/top/data/ldos.pp.dat460

     Calling punch_plot, plot_num =   3

     Energy =   5.44830 eV, broadening =   0.20000eV
     Writing data to file  /home/ubuntu/projects/Graphene-Band-Structure-Quantum-Espresso/outputs/field_0.001/vdw-df2-c09/top/data/ldos.pp.dat461

     Calling punch_plot, plot_num =   3

     Energy =   5.49830 eV, broadening =   0.20000eV
     Writing data to file  /home/ubuntu/projects/Graphene-Band-Structure-Quantum-Espresso/outputs/field_0.001/vdw-df2-c09/top/data/ldos.pp.dat462

     Calling punch_plot, plot_num =   3

     Energy =   5.54830 eV, broadening =   0.20000eV
     Writing data to file  /home/ubuntu/projects/Graphene-Band-Structure-Quantum-Espresso/outputs/field_0.001/vdw-df2-c09/top/data/ldos.pp.dat463

     Calling punch_plot, plot_num =   3

     Energy =   5.59830 eV, broadening =   0.20000eV
     Writing data to file  /home/ubuntu/projects/Graphene-Band-Structure-Quantum-Espresso/outputs/field_0.001/vdw-df2-c09/top/data/ldos.pp.dat464

     Calling punch_plot, plot_num =   3

     Energy =   5.64830 eV, broadening =   0.20000eV
     Writing data to file  /home/ubuntu/projects/Graphene-Band-Structure-Quantum-Espresso/outputs/field_0.001/vdw-df2-c09/top/data/ldos.pp.dat465

     Calling punch_plot, plot_num =   3

     Energy =   5.69830 eV, broadening =   0.20000eV
     Writing data to file  /home/ubuntu/projects/Graphene-Band-Structure-Quantum-Espresso/outputs/field_0.001/vdw-df2-c09/top/data/ldos.pp.dat466

     Calling punch_plot, plot_num =   3

     Energy =   5.74830 eV, broadening =   0.20000eV
     Writing data to file  /home/ubuntu/projects/Graphene-Band-Structure-Quantum-Espresso/outputs/field_0.001/vdw-df2-c09/top/data/ldos.pp.dat467

     Calling punch_plot, plot_num =   3

     Energy =   5.79830 eV, broadening =   0.20000eV
     Writing data to file  /home/ubuntu/projects/Graphene-Band-Structure-Quantum-Espresso/outputs/field_0.001/vdw-df2-c09/top/data/ldos.pp.dat468

     Calling punch_plot, plot_num =   3

     Energy =   5.84830 eV, broadening =   0.20000eV
     Writing data to file  /home/ubuntu/projects/Graphene-Band-Structure-Quantum-Espresso/outputs/field_0.001/vdw-df2-c09/top/data/ldos.pp.dat469

     Calling punch_plot, plot_num =   3

     Energy =   5.89830 eV, broadening =   0.20000eV
     Writing data to file  /home/ubuntu/projects/Graphene-Band-Structure-Quantum-Espresso/outputs/field_0.001/vdw-df2-c09/top/data/ldos.pp.dat470

     Calling punch_plot, plot_num =   3

     Energy =   5.94830 eV, broadening =   0.20000eV
     Writing data to file  /home/ubuntu/projects/Graphene-Band-Structure-Quantum-Espresso/outputs/field_0.001/vdw-df2-c09/top/data/ldos.pp.dat471

     Calling punch_plot, plot_num =   3

     Energy =   5.99830 eV, broadening =   0.20000eV
     Writing data to file  /home/ubuntu/projects/Graphene-Band-Structure-Quantum-Espresso/outputs/field_0.001/vdw-df2-c09/top/data/ldos.pp.dat472

     Calling punch_plot, plot_num =   3

     Energy =   6.04830 eV, broadening =   0.20000eV
     Writing data to file  /home/ubuntu/projects/Graphene-Band-Structure-Quantum-Espresso/outputs/field_0.001/vdw-df2-c09/top/data/ldos.pp.dat473

     Calling punch_plot, plot_num =   3

     Energy =   6.09830 eV, broadening =   0.20000eV
     Writing data to file  /home/ubuntu/projects/Graphene-Band-Structure-Quantum-Espresso/outputs/field_0.001/vdw-df2-c09/top/data/ldos.pp.dat474

     Calling punch_plot, plot_num =   3

     Energy =   6.14830 eV, broadening =   0.20000eV
     Writing data to file  /home/ubuntu/projects/Graphene-Band-Structure-Quantum-Espresso/outputs/field_0.001/vdw-df2-c09/top/data/ldos.pp.dat475

     Calling punch_plot, plot_num =   3

     Energy =   6.19830 eV, broadening =   0.20000eV
     Writing data to file  /home/ubuntu/projects/Graphene-Band-Structure-Quantum-Espresso/outputs/field_0.001/vdw-df2-c09/top/data/ldos.pp.dat476

     Calling punch_plot, plot_num =   3

     Energy =   6.24830 eV, broadening =   0.20000eV
     Writing data to file  /home/ubuntu/projects/Graphene-Band-Structure-Quantum-Espresso/outputs/field_0.001/vdw-df2-c09/top/data/ldos.pp.dat477

     Calling punch_plot, plot_num =   3

     Energy =   6.29830 eV, broadening =   0.20000eV
     Writing data to file  /home/ubuntu/projects/Graphene-Band-Structure-Quantum-Espresso/outputs/field_0.001/vdw-df2-c09/top/data/ldos.pp.dat478

     Calling punch_plot, plot_num =   3

     Energy =   6.34830 eV, broadening =   0.20000eV
     Writing data to file  /home/ubuntu/projects/Graphene-Band-Structure-Quantum-Espresso/outputs/field_0.001/vdw-df2-c09/top/data/ldos.pp.dat479

     Calling punch_plot, plot_num =   3

     Energy =   6.39830 eV, broadening =   0.20000eV
     Writing data to file  /home/ubuntu/projects/Graphene-Band-Structure-Quantum-Espresso/outputs/field_0.001/vdw-df2-c09/top/data/ldos.pp.dat480

     Calling punch_plot, plot_num =   3

     Energy =   6.44830 eV, broadening =   0.20000eV
     Writing data to file  /home/ubuntu/projects/Graphene-Band-Structure-Quantum-Espresso/outputs/field_0.001/vdw-df2-c09/top/data/ldos.pp.dat481

     Calling punch_plot, plot_num =   3

     Energy =   6.49830 eV, broadening =   0.20000eV
     Writing data to file  /home/ubuntu/projects/Graphene-Band-Structure-Quantum-Espresso/outputs/field_0.001/vdw-df2-c09/top/data/ldos.pp.dat482

     Calling punch_plot, plot_num =   3

     Energy =   6.54830 eV, broadening =   0.20000eV
     Writing data to file  /home/ubuntu/projects/Graphene-Band-Structure-Quantum-Espresso/outputs/field_0.001/vdw-df2-c09/top/data/ldos.pp.dat483

     Calling punch_plot, plot_num =   3

     Energy =   6.59830 eV, broadening =   0.20000eV
     Writing data to file  /home/ubuntu/projects/Graphene-Band-Structure-Quantum-Espresso/outputs/field_0.001/vdw-df2-c09/top/data/ldos.pp.dat484

     Calling punch_plot, plot_num =   3

     Energy =   6.64830 eV, broadening =   0.20000eV
     Writing data to file  /home/ubuntu/projects/Graphene-Band-Structure-Quantum-Espresso/outputs/field_0.001/vdw-df2-c09/top/data/ldos.pp.dat485

     Calling punch_plot, plot_num =   3

     Energy =   6.69830 eV, broadening =   0.20000eV
     Writing data to file  /home/ubuntu/projects/Graphene-Band-Structure-Quantum-Espresso/outputs/field_0.001/vdw-df2-c09/top/data/ldos.pp.dat486

     Calling punch_plot, plot_num =   3

     Energy =   6.74830 eV, broadening =   0.20000eV
     Writing data to file  /home/ubuntu/projects/Graphene-Band-Structure-Quantum-Espresso/outputs/field_0.001/vdw-df2-c09/top/data/ldos.pp.dat487

     Calling punch_plot, plot_num =   3

     Energy =   6.79830 eV, broadening =   0.20000eV
     Writing data to file  /home/ubuntu/projects/Graphene-Band-Structure-Quantum-Espresso/outputs/field_0.001/vdw-df2-c09/top/data/ldos.pp.dat488

     Calling punch_plot, plot_num =   3

     Energy =   6.84830 eV, broadening =   0.20000eV
     Writing data to file  /home/ubuntu/projects/Graphene-Band-Structure-Quantum-Espresso/outputs/field_0.001/vdw-df2-c09/top/data/ldos.pp.dat489

     Calling punch_plot, plot_num =   3

     Energy =   6.89830 eV, broadening =   0.20000eV
     Writing data to file  /home/ubuntu/projects/Graphene-Band-Structure-Quantum-Espresso/outputs/field_0.001/vdw-df2-c09/top/data/ldos.pp.dat490

     Calling punch_plot, plot_num =   3

     Energy =   6.94830 eV, broadening =   0.20000eV
     Writing data to file  /home/ubuntu/projects/Graphene-Band-Structure-Quantum-Espresso/outputs/field_0.001/vdw-df2-c09/top/data/ldos.pp.dat491

     Calling punch_plot, plot_num =   3

     Energy =   6.99830 eV, broadening =   0.20000eV
     Writing data to file  /home/ubuntu/projects/Graphene-Band-Structure-Quantum-Espresso/outputs/field_0.001/vdw-df2-c09/top/data/ldos.pp.dat492

     Calling punch_plot, plot_num =   3

     Energy =   7.04830 eV, broadening =   0.20000eV
     Writing data to file  /home/ubuntu/projects/Graphene-Band-Structure-Quantum-Espresso/outputs/field_0.001/vdw-df2-c09/top/data/ldos.pp.dat493

     Calling punch_plot, plot_num =   3

     Energy =   7.09830 eV, broadening =   0.20000eV
     Writing data to file  /home/ubuntu/projects/Graphene-Band-Structure-Quantum-Espresso/outputs/field_0.001/vdw-df2-c09/top/data/ldos.pp.dat494

     Calling punch_plot, plot_num =   3

     Energy =   7.14830 eV, broadening =   0.20000eV
     Writing data to file  /home/ubuntu/projects/Graphene-Band-Structure-Quantum-Espresso/outputs/field_0.001/vdw-df2-c09/top/data/ldos.pp.dat495

     Calling punch_plot, plot_num =   3

     Energy =   7.19830 eV, broadening =   0.20000eV
     Writing data to file  /home/ubuntu/projects/Graphene-Band-Structure-Quantum-Espresso/outputs/field_0.001/vdw-df2-c09/top/data/ldos.pp.dat496

     Calling punch_plot, plot_num =   3

     Energy =   7.24830 eV, broadening =   0.20000eV
     Writing data to file  /home/ubuntu/projects/Graphene-Band-Structure-Quantum-Espresso/outputs/field_0.001/vdw-df2-c09/top/data/ldos.pp.dat497

     Calling punch_plot, plot_num =   3

     Energy =   7.29830 eV, broadening =   0.20000eV
     Writing data to file  /home/ubuntu/projects/Graphene-Band-Structure-Quantum-Espresso/outputs/field_0.001/vdw-df2-c09/top/data/ldos.pp.dat498

     Calling punch_plot, plot_num =   3

     Energy =   7.34830 eV, broadening =   0.20000eV
     Writing data to file  /home/ubuntu/projects/Graphene-Band-Structure-Quantum-Espresso/outputs/field_0.001/vdw-df2-c09/top/data/ldos.pp.dat499

     Calling punch_plot, plot_num =   3

     Energy =   7.39830 eV, broadening =   0.20000eV
     Writing data to file  /home/ubuntu/projects/Graphene-Band-Structure-Quantum-Espresso/outputs/field_0.001/vdw-df2-c09/top/data/ldos.pp.dat500

     Calling punch_plot, plot_num =   3

     Energy =   7.44830 eV, broadening =   0.20000eV
     Writing data to file  /home/ubuntu/projects/Graphene-Band-Structure-Quantum-Espresso/outputs/field_0.001/vdw-df2-c09/top/data/ldos.pp.dat501

     Calling punch_plot, plot_num =   3

     Energy =   7.49830 eV, broadening =   0.20000eV
     Writing data to file  /home/ubuntu/projects/Graphene-Band-Structure-Quantum-Espresso/outputs/field_0.001/vdw-df2-c09/top/data/ldos.pp.dat502

     Calling punch_plot, plot_num =   3

     Energy =   7.54830 eV, broadening =   0.20000eV
     Writing data to file  /home/ubuntu/projects/Graphene-Band-Structure-Quantum-Espresso/outputs/field_0.001/vdw-df2-c09/top/data/ldos.pp.dat503

     Calling punch_plot, plot_num =   3

     Energy =   7.59830 eV, broadening =   0.20000eV
     Writing data to file  /home/ubuntu/projects/Graphene-Band-Structure-Quantum-Espresso/outputs/field_0.001/vdw-df2-c09/top/data/ldos.pp.dat504

     Calling punch_plot, plot_num =   3

     Energy =   7.64830 eV, broadening =   0.20000eV
     Writing data to file  /home/ubuntu/projects/Graphene-Band-Structure-Quantum-Espresso/outputs/field_0.001/vdw-df2-c09/top/data/ldos.pp.dat505

     Calling punch_plot, plot_num =   3

     Energy =   7.69830 eV, broadening =   0.20000eV
     Writing data to file  /home/ubuntu/projects/Graphene-Band-Structure-Quantum-Espresso/outputs/field_0.001/vdw-df2-c09/top/data/ldos.pp.dat506

     Calling punch_plot, plot_num =   3

     Energy =   7.74830 eV, broadening =   0.20000eV
     Writing data to file  /home/ubuntu/projects/Graphene-Band-Structure-Quantum-Espresso/outputs/field_0.001/vdw-df2-c09/top/data/ldos.pp.dat507

     Calling punch_plot, plot_num =   3

     Energy =   7.79830 eV, broadening =   0.20000eV
     Writing data to file  /home/ubuntu/projects/Graphene-Band-Structure-Quantum-Espresso/outputs/field_0.001/vdw-df2-c09/top/data/ldos.pp.dat508

     Calling punch_plot, plot_num =   3

     Energy =   7.84830 eV, broadening =   0.20000eV
     Writing data to file  /home/ubuntu/projects/Graphene-Band-Structure-Quantum-Espresso/outputs/field_0.001/vdw-df2-c09/top/data/ldos.pp.dat509

     Calling punch_plot, plot_num =   3

     Energy =   7.89830 eV, broadening =   0.20000eV
     Writing data to file  /home/ubuntu/projects/Graphene-Band-Structure-Quantum-Espresso/outputs/field_0.001/vdw-df2-c09/top/data/ldos.pp.dat510

     Calling punch_plot, plot_num =   3

     Energy =   7.94830 eV, broadening =   0.20000eV
     Writing data to file  /home/ubuntu/projects/Graphene-Band-Structure-Quantum-Espresso/outputs/field_0.001/vdw-df2-c09/top/data/ldos.pp.dat511

     Calling punch_plot, plot_num =   3

     Energy =   7.99830 eV, broadening =   0.20000eV
     Writing data to file  /home/ubuntu/projects/Graphene-Band-Structure-Quantum-Espresso/outputs/field_0.001/vdw-df2-c09/top/data/ldos.pp.dat512

     Calling punch_plot, plot_num =   3

     Energy =   8.04830 eV, broadening =   0.20000eV
     Writing data to file  /home/ubuntu/projects/Graphene-Band-Structure-Quantum-Espresso/outputs/field_0.001/vdw-df2-c09/top/data/ldos.pp.dat513

     Calling punch_plot, plot_num =   3

     Energy =   8.09830 eV, broadening =   0.20000eV
     Writing data to file  /home/ubuntu/projects/Graphene-Band-Structure-Quantum-Espresso/outputs/field_0.001/vdw-df2-c09/top/data/ldos.pp.dat514

     Calling punch_plot, plot_num =   3

     Energy =   8.14830 eV, broadening =   0.20000eV
     Writing data to file  /home/ubuntu/projects/Graphene-Band-Structure-Quantum-Espresso/outputs/field_0.001/vdw-df2-c09/top/data/ldos.pp.dat515

     Calling punch_plot, plot_num =   3

     Energy =   8.19830 eV, broadening =   0.20000eV
     Writing data to file  /home/ubuntu/projects/Graphene-Band-Structure-Quantum-Espresso/outputs/field_0.001/vdw-df2-c09/top/data/ldos.pp.dat516

     Calling punch_plot, plot_num =   3

     Energy =   8.24830 eV, broadening =   0.20000eV
     Writing data to file  /home/ubuntu/projects/Graphene-Band-Structure-Quantum-Espresso/outputs/field_0.001/vdw-df2-c09/top/data/ldos.pp.dat517

     Calling punch_plot, plot_num =   3

     Energy =   8.29830 eV, broadening =   0.20000eV
     Writing data to file  /home/ubuntu/projects/Graphene-Band-Structure-Quantum-Espresso/outputs/field_0.001/vdw-df2-c09/top/data/ldos.pp.dat518

     Calling punch_plot, plot_num =   3

     Energy =   8.34830 eV, broadening =   0.20000eV
     Writing data to file  /home/ubuntu/projects/Graphene-Band-Structure-Quantum-Espresso/outputs/field_0.001/vdw-df2-c09/top/data/ldos.pp.dat519

     Calling punch_plot, plot_num =   3

     Energy =   8.39830 eV, broadening =   0.20000eV
     Writing data to file  /home/ubuntu/projects/Graphene-Band-Structure-Quantum-Espresso/outputs/field_0.001/vdw-df2-c09/top/data/ldos.pp.dat520

     Calling punch_plot, plot_num =   3

     Energy =   8.44830 eV, broadening =   0.20000eV
     Writing data to file  /home/ubuntu/projects/Graphene-Band-Structure-Quantum-Espresso/outputs/field_0.001/vdw-df2-c09/top/data/ldos.pp.dat521

     Calling punch_plot, plot_num =   3

     Energy =   8.49830 eV, broadening =   0.20000eV
     Writing data to file  /home/ubuntu/projects/Graphene-Band-Structure-Quantum-Espresso/outputs/field_0.001/vdw-df2-c09/top/data/ldos.pp.dat522

     Calling punch_plot, plot_num =   3

     Energy =   8.54830 eV, broadening =   0.20000eV
     Writing data to file  /home/ubuntu/projects/Graphene-Band-Structure-Quantum-Espresso/outputs/field_0.001/vdw-df2-c09/top/data/ldos.pp.dat523

     Calling punch_plot, plot_num =   3

     Energy =   8.59830 eV, broadening =   0.20000eV
     Writing data to file  /home/ubuntu/projects/Graphene-Band-Structure-Quantum-Espresso/outputs/field_0.001/vdw-df2-c09/top/data/ldos.pp.dat524

     Calling punch_plot, plot_num =   3

     Energy =   8.64830 eV, broadening =   0.20000eV
     Writing data to file  /home/ubuntu/projects/Graphene-Band-Structure-Quantum-Espresso/outputs/field_0.001/vdw-df2-c09/top/data/ldos.pp.dat525

     Calling punch_plot, plot_num =   3

     Energy =   8.69830 eV, broadening =   0.20000eV
     Writing data to file  /home/ubuntu/projects/Graphene-Band-Structure-Quantum-Espresso/outputs/field_0.001/vdw-df2-c09/top/data/ldos.pp.dat526

     Calling punch_plot, plot_num =   3

     Energy =   8.74830 eV, broadening =   0.20000eV
     Writing data to file  /home/ubuntu/projects/Graphene-Band-Structure-Quantum-Espresso/outputs/field_0.001/vdw-df2-c09/top/data/ldos.pp.dat527

     Calling punch_plot, plot_num =   3

     Energy =   8.79830 eV, broadening =   0.20000eV
     Writing data to file  /home/ubuntu/projects/Graphene-Band-Structure-Quantum-Espresso/outputs/field_0.001/vdw-df2-c09/top/data/ldos.pp.dat528

     Calling punch_plot, plot_num =   3

     Energy =   8.84830 eV, broadening =   0.20000eV
     Writing data to file  /home/ubuntu/projects/Graphene-Band-Structure-Quantum-Espresso/outputs/field_0.001/vdw-df2-c09/top/data/ldos.pp.dat529

     Calling punch_plot, plot_num =   3

     Energy =   8.89830 eV, broadening =   0.20000eV
     Writing data to file  /home/ubuntu/projects/Graphene-Band-Structure-Quantum-Espresso/outputs/field_0.001/vdw-df2-c09/top/data/ldos.pp.dat530

     Calling punch_plot, plot_num =   3

     Energy =   8.94830 eV, broadening =   0.20000eV
     Writing data to file  /home/ubuntu/projects/Graphene-Band-Structure-Quantum-Espresso/outputs/field_0.001/vdw-df2-c09/top/data/ldos.pp.dat531

     Calling punch_plot, plot_num =   3

     Energy =   8.99830 eV, broadening =   0.20000eV
     Writing data to file  /home/ubuntu/projects/Graphene-Band-Structure-Quantum-Espresso/outputs/field_0.001/vdw-df2-c09/top/data/ldos.pp.dat532

     Calling punch_plot, plot_num =   3

     Energy =   9.04830 eV, broadening =   0.20000eV
     Writing data to file  /home/ubuntu/projects/Graphene-Band-Structure-Quantum-Espresso/outputs/field_0.001/vdw-df2-c09/top/data/ldos.pp.dat533

     Calling punch_plot, plot_num =   3

     Energy =   9.09830 eV, broadening =   0.20000eV
     Writing data to file  /home/ubuntu/projects/Graphene-Band-Structure-Quantum-Espresso/outputs/field_0.001/vdw-df2-c09/top/data/ldos.pp.dat534

     Calling punch_plot, plot_num =   3

     Energy =   9.14830 eV, broadening =   0.20000eV
     Writing data to file  /home/ubuntu/projects/Graphene-Band-Structure-Quantum-Espresso/outputs/field_0.001/vdw-df2-c09/top/data/ldos.pp.dat535

     Calling punch_plot, plot_num =   3

     Energy =   9.19830 eV, broadening =   0.20000eV
     Writing data to file  /home/ubuntu/projects/Graphene-Band-Structure-Quantum-Espresso/outputs/field_0.001/vdw-df2-c09/top/data/ldos.pp.dat536

     Calling punch_plot, plot_num =   3

     Energy =   9.24830 eV, broadening =   0.20000eV
     Writing data to file  /home/ubuntu/projects/Graphene-Band-Structure-Quantum-Espresso/outputs/field_0.001/vdw-df2-c09/top/data/ldos.pp.dat537

     Calling punch_plot, plot_num =   3

     Energy =   9.29830 eV, broadening =   0.20000eV
     Writing data to file  /home/ubuntu/projects/Graphene-Band-Structure-Quantum-Espresso/outputs/field_0.001/vdw-df2-c09/top/data/ldos.pp.dat538

     Calling punch_plot, plot_num =   3

     Energy =   9.34830 eV, broadening =   0.20000eV
     Writing data to file  /home/ubuntu/projects/Graphene-Band-Structure-Quantum-Espresso/outputs/field_0.001/vdw-df2-c09/top/data/ldos.pp.dat539

     Calling punch_plot, plot_num =   3

     Energy =   9.39830 eV, broadening =   0.20000eV
     Writing data to file  /home/ubuntu/projects/Graphene-Band-Structure-Quantum-Espresso/outputs/field_0.001/vdw-df2-c09/top/data/ldos.pp.dat540

     Calling punch_plot, plot_num =   3

     Energy =   9.44830 eV, broadening =   0.20000eV
     Writing data to file  /home/ubuntu/projects/Graphene-Band-Structure-Quantum-Espresso/outputs/field_0.001/vdw-df2-c09/top/data/ldos.pp.dat541

     Calling punch_plot, plot_num =   3

     Energy =   9.49830 eV, broadening =   0.20000eV
     Writing data to file  /home/ubuntu/projects/Graphene-Band-Structure-Quantum-Espresso/outputs/field_0.001/vdw-df2-c09/top/data/ldos.pp.dat542

     Calling punch_plot, plot_num =   3

     Energy =   9.54830 eV, broadening =   0.20000eV
     Writing data to file  /home/ubuntu/projects/Graphene-Band-Structure-Quantum-Espresso/outputs/field_0.001/vdw-df2-c09/top/data/ldos.pp.dat543

     Calling punch_plot, plot_num =   3

     Energy =   9.59830 eV, broadening =   0.20000eV
     Writing data to file  /home/ubuntu/projects/Graphene-Band-Structure-Quantum-Espresso/outputs/field_0.001/vdw-df2-c09/top/data/ldos.pp.dat544

     Calling punch_plot, plot_num =   3

     Energy =   9.64830 eV, broadening =   0.20000eV
     Writing data to file  /home/ubuntu/projects/Graphene-Band-Structure-Quantum-Espresso/outputs/field_0.001/vdw-df2-c09/top/data/ldos.pp.dat545

     Calling punch_plot, plot_num =   3

     Energy =   9.69830 eV, broadening =   0.20000eV
     Writing data to file  /home/ubuntu/projects/Graphene-Band-Structure-Quantum-Espresso/outputs/field_0.001/vdw-df2-c09/top/data/ldos.pp.dat546

     Calling punch_plot, plot_num =   3

     Energy =   9.74830 eV, broadening =   0.20000eV
     Writing data to file  /home/ubuntu/projects/Graphene-Band-Structure-Quantum-Espresso/outputs/field_0.001/vdw-df2-c09/top/data/ldos.pp.dat547

     Calling punch_plot, plot_num =   3

     Energy =   9.79830 eV, broadening =   0.20000eV
     Writing data to file  /home/ubuntu/projects/Graphene-Band-Structure-Quantum-Espresso/outputs/field_0.001/vdw-df2-c09/top/data/ldos.pp.dat548

     Calling punch_plot, plot_num =   3

     Energy =   9.84830 eV, broadening =   0.20000eV
     Writing data to file  /home/ubuntu/projects/Graphene-Band-Structure-Quantum-Espresso/outputs/field_0.001/vdw-df2-c09/top/data/ldos.pp.dat549

     Calling punch_plot, plot_num =   3

     Energy =   9.89830 eV, broadening =   0.20000eV
     Writing data to file  /home/ubuntu/projects/Graphene-Band-Structure-Quantum-Espresso/outputs/field_0.001/vdw-df2-c09/top/data/ldos.pp.dat550

     Calling punch_plot, plot_num =   3

     Energy =   9.94830 eV, broadening =   0.20000eV
     Writing data to file  /home/ubuntu/projects/Graphene-Band-Structure-Quantum-Espresso/outputs/field_0.001/vdw-df2-c09/top/data/ldos.pp.dat551

     Calling punch_plot, plot_num =   3

     Energy =   9.99830 eV, broadening =   0.20000eV
     Writing data to file  /home/ubuntu/projects/Graphene-Band-Structure-Quantum-Espresso/outputs/field_0.001/vdw-df2-c09/top/data/ldos.pp.dat552

     Calling punch_plot, plot_num =   3

     Energy =  10.04830 eV, broadening =   0.20000eV
     Writing data to file  /home/ubuntu/projects/Graphene-Band-Structure-Quantum-Espresso/outputs/field_0.001/vdw-df2-c09/top/data/ldos.pp.dat553

     Calling punch_plot, plot_num =   3

     Energy =  10.09830 eV, broadening =   0.20000eV
     Writing data to file  /home/ubuntu/projects/Graphene-Band-Structure-Quantum-Espresso/outputs/field_0.001/vdw-df2-c09/top/data/ldos.pp.dat554

     Calling punch_plot, plot_num =   3

     Energy =  10.14830 eV, broadening =   0.20000eV
     Writing data to file  /home/ubuntu/projects/Graphene-Band-Structure-Quantum-Espresso/outputs/field_0.001/vdw-df2-c09/top/data/ldos.pp.dat555

     Calling punch_plot, plot_num =   3

     Energy =  10.19830 eV, broadening =   0.20000eV
     Writing data to file  /home/ubuntu/projects/Graphene-Band-Structure-Quantum-Espresso/outputs/field_0.001/vdw-df2-c09/top/data/ldos.pp.dat556

     Calling punch_plot, plot_num =   3

     Energy =  10.24830 eV, broadening =   0.20000eV
     Writing data to file  /home/ubuntu/projects/Graphene-Band-Structure-Quantum-Espresso/outputs/field_0.001/vdw-df2-c09/top/data/ldos.pp.dat557

     Calling punch_plot, plot_num =   3

     Energy =  10.29830 eV, broadening =   0.20000eV
     Writing data to file  /home/ubuntu/projects/Graphene-Band-Structure-Quantum-Espresso/outputs/field_0.001/vdw-df2-c09/top/data/ldos.pp.dat558

     Calling punch_plot, plot_num =   3

     Energy =  10.34830 eV, broadening =   0.20000eV
     Writing data to file  /home/ubuntu/projects/Graphene-Band-Structure-Quantum-Espresso/outputs/field_0.001/vdw-df2-c09/top/data/ldos.pp.dat559

     Calling punch_plot, plot_num =   3

     Energy =  10.39830 eV, broadening =   0.20000eV
     Writing data to file  /home/ubuntu/projects/Graphene-Band-Structure-Quantum-Espresso/outputs/field_0.001/vdw-df2-c09/top/data/ldos.pp.dat560

     Calling punch_plot, plot_num =   3

     Energy =  10.44830 eV, broadening =   0.20000eV
     Writing data to file  /home/ubuntu/projects/Graphene-Band-Structure-Quantum-Espresso/outputs/field_0.001/vdw-df2-c09/top/data/ldos.pp.dat561

     Calling punch_plot, plot_num =   3

     Energy =  10.49830 eV, broadening =   0.20000eV
     Writing data to file  /home/ubuntu/projects/Graphene-Band-Structure-Quantum-Espresso/outputs/field_0.001/vdw-df2-c09/top/data/ldos.pp.dat562

     Calling punch_plot, plot_num =   3

     Energy =  10.54830 eV, broadening =   0.20000eV
     Writing data to file  /home/ubuntu/projects/Graphene-Band-Structure-Quantum-Espresso/outputs/field_0.001/vdw-df2-c09/top/data/ldos.pp.dat563

     Calling punch_plot, plot_num =   3

     Energy =  10.59830 eV, broadening =   0.20000eV
     Writing data to file  /home/ubuntu/projects/Graphene-Band-Structure-Quantum-Espresso/outputs/field_0.001/vdw-df2-c09/top/data/ldos.pp.dat564

     Calling punch_plot, plot_num =   3

     Energy =  10.64830 eV, broadening =   0.20000eV
     Writing data to file  /home/ubuntu/projects/Graphene-Band-Structure-Quantum-Espresso/outputs/field_0.001/vdw-df2-c09/top/data/ldos.pp.dat565

     Calling punch_plot, plot_num =   3

     Energy =  10.69830 eV, broadening =   0.20000eV
     Writing data to file  /home/ubuntu/projects/Graphene-Band-Structure-Quantum-Espresso/outputs/field_0.001/vdw-df2-c09/top/data/ldos.pp.dat566

     Calling punch_plot, plot_num =   3

     Energy =  10.74830 eV, broadening =   0.20000eV
     Writing data to file  /home/ubuntu/projects/Graphene-Band-Structure-Quantum-Espresso/outputs/field_0.001/vdw-df2-c09/top/data/ldos.pp.dat567

     Calling punch_plot, plot_num =   3

     Energy =  10.79830 eV, broadening =   0.20000eV
     Writing data to file  /home/ubuntu/projects/Graphene-Band-Structure-Quantum-Espresso/outputs/field_0.001/vdw-df2-c09/top/data/ldos.pp.dat568

     Calling punch_plot, plot_num =   3

     Energy =  10.84830 eV, broadening =   0.20000eV
     Writing data to file  /home/ubuntu/projects/Graphene-Band-Structure-Quantum-Espresso/outputs/field_0.001/vdw-df2-c09/top/data/ldos.pp.dat569

     Calling punch_plot, plot_num =   3

     Energy =  10.89830 eV, broadening =   0.20000eV
     Writing data to file  /home/ubuntu/projects/Graphene-Band-Structure-Quantum-Espresso/outputs/field_0.001/vdw-df2-c09/top/data/ldos.pp.dat570

     Calling punch_plot, plot_num =   3

     Energy =  10.94830 eV, broadening =   0.20000eV
     Writing data to file  /home/ubuntu/projects/Graphene-Band-Structure-Quantum-Espresso/outputs/field_0.001/vdw-df2-c09/top/data/ldos.pp.dat571

     Calling punch_plot, plot_num =   3

     Energy =  10.99830 eV, broadening =   0.20000eV
     Writing data to file  /home/ubuntu/projects/Graphene-Band-Structure-Quantum-Espresso/outputs/field_0.001/vdw-df2-c09/top/data/ldos.pp.dat572

     Calling punch_plot, plot_num =   3

     Energy =  11.04830 eV, broadening =   0.20000eV
     Writing data to file  /home/ubuntu/projects/Graphene-Band-Structure-Quantum-Espresso/outputs/field_0.001/vdw-df2-c09/top/data/ldos.pp.dat573

     Calling punch_plot, plot_num =   3

     Energy =  11.09830 eV, broadening =   0.20000eV
     Writing data to file  /home/ubuntu/projects/Graphene-Band-Structure-Quantum-Espresso/outputs/field_0.001/vdw-df2-c09/top/data/ldos.pp.dat574

     Calling punch_plot, plot_num =   3

     Energy =  11.14830 eV, broadening =   0.20000eV
     Writing data to file  /home/ubuntu/projects/Graphene-Band-Structure-Quantum-Espresso/outputs/field_0.001/vdw-df2-c09/top/data/ldos.pp.dat575

     Calling punch_plot, plot_num =   3

     Energy =  11.19830 eV, broadening =   0.20000eV
     Writing data to file  /home/ubuntu/projects/Graphene-Band-Structure-Quantum-Espresso/outputs/field_0.001/vdw-df2-c09/top/data/ldos.pp.dat576

     Calling punch_plot, plot_num =   3

     Energy =  11.24830 eV, broadening =   0.20000eV
     Writing data to file  /home/ubuntu/projects/Graphene-Band-Structure-Quantum-Espresso/outputs/field_0.001/vdw-df2-c09/top/data/ldos.pp.dat577

     Calling punch_plot, plot_num =   3

     Energy =  11.29830 eV, broadening =   0.20000eV
     Writing data to file  /home/ubuntu/projects/Graphene-Band-Structure-Quantum-Espresso/outputs/field_0.001/vdw-df2-c09/top/data/ldos.pp.dat578

     Calling punch_plot, plot_num =   3

     Energy =  11.34830 eV, broadening =   0.20000eV
     Writing data to file  /home/ubuntu/projects/Graphene-Band-Structure-Quantum-Espresso/outputs/field_0.001/vdw-df2-c09/top/data/ldos.pp.dat579

     Calling punch_plot, plot_num =   3

     Energy =  11.39830 eV, broadening =   0.20000eV
     Writing data to file  /home/ubuntu/projects/Graphene-Band-Structure-Quantum-Espresso/outputs/field_0.001/vdw-df2-c09/top/data/ldos.pp.dat580

     Calling punch_plot, plot_num =   3

     Energy =  11.44830 eV, broadening =   0.20000eV
     Writing data to file  /home/ubuntu/projects/Graphene-Band-Structure-Quantum-Espresso/outputs/field_0.001/vdw-df2-c09/top/data/ldos.pp.dat581

     Calling punch_plot, plot_num =   3

     Energy =  11.49830 eV, broadening =   0.20000eV
     Writing data to file  /home/ubuntu/projects/Graphene-Band-Structure-Quantum-Espresso/outputs/field_0.001/vdw-df2-c09/top/data/ldos.pp.dat582

     Calling punch_plot, plot_num =   3

     Energy =  11.54830 eV, broadening =   0.20000eV
     Writing data to file  /home/ubuntu/projects/Graphene-Band-Structure-Quantum-Espresso/outputs/field_0.001/vdw-df2-c09/top/data/ldos.pp.dat583

     Calling punch_plot, plot_num =   3

     Energy =  11.59830 eV, broadening =   0.20000eV
     Writing data to file  /home/ubuntu/projects/Graphene-Band-Structure-Quantum-Espresso/outputs/field_0.001/vdw-df2-c09/top/data/ldos.pp.dat584

     Calling punch_plot, plot_num =   3

     Energy =  11.64830 eV, broadening =   0.20000eV
     Writing data to file  /home/ubuntu/projects/Graphene-Band-Structure-Quantum-Espresso/outputs/field_0.001/vdw-df2-c09/top/data/ldos.pp.dat585

     Calling punch_plot, plot_num =   3

     Energy =  11.69830 eV, broadening =   0.20000eV
     Writing data to file  /home/ubuntu/projects/Graphene-Band-Structure-Quantum-Espresso/outputs/field_0.001/vdw-df2-c09/top/data/ldos.pp.dat586

     Calling punch_plot, plot_num =   3

     Energy =  11.74830 eV, broadening =   0.20000eV
     Writing data to file  /home/ubuntu/projects/Graphene-Band-Structure-Quantum-Espresso/outputs/field_0.001/vdw-df2-c09/top/data/ldos.pp.dat587

     Calling punch_plot, plot_num =   3

     Energy =  11.79830 eV, broadening =   0.20000eV
     Writing data to file  /home/ubuntu/projects/Graphene-Band-Structure-Quantum-Espresso/outputs/field_0.001/vdw-df2-c09/top/data/ldos.pp.dat588

     Calling punch_plot, plot_num =   3

     Energy =  11.84830 eV, broadening =   0.20000eV
     Writing data to file  /home/ubuntu/projects/Graphene-Band-Structure-Quantum-Espresso/outputs/field_0.001/vdw-df2-c09/top/data/ldos.pp.dat589

     Calling punch_plot, plot_num =   3

     Energy =  11.89830 eV, broadening =   0.20000eV
     Writing data to file  /home/ubuntu/projects/Graphene-Band-Structure-Quantum-Espresso/outputs/field_0.001/vdw-df2-c09/top/data/ldos.pp.dat590

     Calling punch_plot, plot_num =   3

     Energy =  11.94830 eV, broadening =   0.20000eV
     Writing data to file  /home/ubuntu/projects/Graphene-Band-Structure-Quantum-Espresso/outputs/field_0.001/vdw-df2-c09/top/data/ldos.pp.dat591

     Calling punch_plot, plot_num =   3

     Energy =  11.99830 eV, broadening =   0.20000eV
     Writing data to file  /home/ubuntu/projects/Graphene-Band-Structure-Quantum-Espresso/outputs/field_0.001/vdw-df2-c09/top/data/ldos.pp.dat592

     Calling punch_plot, plot_num =   3

     Energy =  12.04830 eV, broadening =   0.20000eV
     Writing data to file  /home/ubuntu/projects/Graphene-Band-Structure-Quantum-Espresso/outputs/field_0.001/vdw-df2-c09/top/data/ldos.pp.dat593

     Calling punch_plot, plot_num =   3

     Energy =  12.09830 eV, broadening =   0.20000eV
     Writing data to file  /home/ubuntu/projects/Graphene-Band-Structure-Quantum-Espresso/outputs/field_0.001/vdw-df2-c09/top/data/ldos.pp.dat594

     Calling punch_plot, plot_num =   3

     Energy =  12.14830 eV, broadening =   0.20000eV
     Writing data to file  /home/ubuntu/projects/Graphene-Band-Structure-Quantum-Espresso/outputs/field_0.001/vdw-df2-c09/top/data/ldos.pp.dat595

     Calling punch_plot, plot_num =   3

     Energy =  12.19830 eV, broadening =   0.20000eV
     Writing data to file  /home/ubuntu/projects/Graphene-Band-Structure-Quantum-Espresso/outputs/field_0.001/vdw-df2-c09/top/data/ldos.pp.dat596

     Calling punch_plot, plot_num =   3

     Energy =  12.24830 eV, broadening =   0.20000eV
     Writing data to file  /home/ubuntu/projects/Graphene-Band-Structure-Quantum-Espresso/outputs/field_0.001/vdw-df2-c09/top/data/ldos.pp.dat597

     Calling punch_plot, plot_num =   3

     Energy =  12.29830 eV, broadening =   0.20000eV
     Writing data to file  /home/ubuntu/projects/Graphene-Band-Structure-Quantum-Espresso/outputs/field_0.001/vdw-df2-c09/top/data/ldos.pp.dat598

     Calling punch_plot, plot_num =   3

     Energy =  12.34830 eV, broadening =   0.20000eV
     Writing data to file  /home/ubuntu/projects/Graphene-Band-Structure-Quantum-Espresso/outputs/field_0.001/vdw-df2-c09/top/data/ldos.pp.dat599

     Calling punch_plot, plot_num =   3

     Energy =  12.39830 eV, broadening =   0.20000eV
     Writing data to file  /home/ubuntu/projects/Graphene-Band-Structure-Quantum-Espresso/outputs/field_0.001/vdw-df2-c09/top/data/ldos.pp.dat600

     Calling punch_plot, plot_num =   3

     Energy =  12.44830 eV, broadening =   0.20000eV
     Writing data to file  /home/ubuntu/projects/Graphene-Band-Structure-Quantum-Espresso/outputs/field_0.001/vdw-df2-c09/top/data/ldos.pp.dat601
     Reading data from file  /home/ubuntu/projects/Graphene-Band-Structure-Quantum-Espresso/outputs/field_0.001/vdw-df2-c09/top/data/ldos.pp.dat001

     Writing data to be plotted to file /home/ubuntu/projects/Graphene-Band-Structure-Quantum-Espresso/outputs/field_0.001/vdw-df2-c09/top/data/ldos.pp.dat001.xsf
     Plot Type: 3D                     Output format: XCrySDen     
     Reading data from file  /home/ubuntu/projects/Graphene-Band-Structure-Quantum-Espresso/outputs/field_0.001/vdw-df2-c09/top/data/ldos.pp.dat002

     Writing data to be plotted to file /home/ubuntu/projects/Graphene-Band-Structure-Quantum-Espresso/outputs/field_0.001/vdw-df2-c09/top/data/ldos.pp.dat002.xsf
     Plot Type: 3D                     Output format: XCrySDen     
     Reading data from file  /home/ubuntu/projects/Graphene-Band-Structure-Quantum-Espresso/outputs/field_0.001/vdw-df2-c09/top/data/ldos.pp.dat003

     Writing data to be plotted to file /home/ubuntu/projects/Graphene-Band-Structure-Quantum-Espresso/outputs/field_0.001/vdw-df2-c09/top/data/ldos.pp.dat003.xsf
     Plot Type: 3D                     Output format: XCrySDen     
     Reading data from file  /home/ubuntu/projects/Graphene-Band-Structure-Quantum-Espresso/outputs/field_0.001/vdw-df2-c09/top/data/ldos.pp.dat004

     Writing data to be plotted to file /home/ubuntu/projects/Graphene-Band-Structure-Quantum-Espresso/outputs/field_0.001/vdw-df2-c09/top/data/ldos.pp.dat004.xsf
     Plot Type: 3D                     Output format: XCrySDen     
     Reading data from file  /home/ubuntu/projects/Graphene-Band-Structure-Quantum-Espresso/outputs/field_0.001/vdw-df2-c09/top/data/ldos.pp.dat005

     Writing data to be plotted to file /home/ubuntu/projects/Graphene-Band-Structure-Quantum-Espresso/outputs/field_0.001/vdw-df2-c09/top/data/ldos.pp.dat005.xsf
     Plot Type: 3D                     Output format: XCrySDen     
     Reading data from file  /home/ubuntu/projects/Graphene-Band-Structure-Quantum-Espresso/outputs/field_0.001/vdw-df2-c09/top/data/ldos.pp.dat006

     Writing data to be plotted to file /home/ubuntu/projects/Graphene-Band-Structure-Quantum-Espresso/outputs/field_0.001/vdw-df2-c09/top/data/ldos.pp.dat006.xsf
     Plot Type: 3D                     Output format: XCrySDen     
     Reading data from file  /home/ubuntu/projects/Graphene-Band-Structure-Quantum-Espresso/outputs/field_0.001/vdw-df2-c09/top/data/ldos.pp.dat007

     Writing data to be plotted to file /home/ubuntu/projects/Graphene-Band-Structure-Quantum-Espresso/outputs/field_0.001/vdw-df2-c09/top/data/ldos.pp.dat007.xsf
     Plot Type: 3D                     Output format: XCrySDen     
     Reading data from file  /home/ubuntu/projects/Graphene-Band-Structure-Quantum-Espresso/outputs/field_0.001/vdw-df2-c09/top/data/ldos.pp.dat008

     Writing data to be plotted to file /home/ubuntu/projects/Graphene-Band-Structure-Quantum-Espresso/outputs/field_0.001/vdw-df2-c09/top/data/ldos.pp.dat008.xsf
     Plot Type: 3D                     Output format: XCrySDen     
     Reading data from file  /home/ubuntu/projects/Graphene-Band-Structure-Quantum-Espresso/outputs/field_0.001/vdw-df2-c09/top/data/ldos.pp.dat009

     Writing data to be plotted to file /home/ubuntu/projects/Graphene-Band-Structure-Quantum-Espresso/outputs/field_0.001/vdw-df2-c09/top/data/ldos.pp.dat009.xsf
     Plot Type: 3D                     Output format: XCrySDen     
     Reading data from file  /home/ubuntu/projects/Graphene-Band-Structure-Quantum-Espresso/outputs/field_0.001/vdw-df2-c09/top/data/ldos.pp.dat010

     Writing data to be plotted to file /home/ubuntu/projects/Graphene-Band-Structure-Quantum-Espresso/outputs/field_0.001/vdw-df2-c09/top/data/ldos.pp.dat010.xsf
     Plot Type: 3D                     Output format: XCrySDen     
     Reading data from file  /home/ubuntu/projects/Graphene-Band-Structure-Quantum-Espresso/outputs/field_0.001/vdw-df2-c09/top/data/ldos.pp.dat011

     Writing data to be plotted to file /home/ubuntu/projects/Graphene-Band-Structure-Quantum-Espresso/outputs/field_0.001/vdw-df2-c09/top/data/ldos.pp.dat011.xsf
     Plot Type: 3D                     Output format: XCrySDen     
     Reading data from file  /home/ubuntu/projects/Graphene-Band-Structure-Quantum-Espresso/outputs/field_0.001/vdw-df2-c09/top/data/ldos.pp.dat012

     Writing data to be plotted to file /home/ubuntu/projects/Graphene-Band-Structure-Quantum-Espresso/outputs/field_0.001/vdw-df2-c09/top/data/ldos.pp.dat012.xsf
     Plot Type: 3D                     Output format: XCrySDen     
     Reading data from file  /home/ubuntu/projects/Graphene-Band-Structure-Quantum-Espresso/outputs/field_0.001/vdw-df2-c09/top/data/ldos.pp.dat013

     Writing data to be plotted to file /home/ubuntu/projects/Graphene-Band-Structure-Quantum-Espresso/outputs/field_0.001/vdw-df2-c09/top/data/ldos.pp.dat013.xsf
     Plot Type: 3D                     Output format: XCrySDen     
     Reading data from file  /home/ubuntu/projects/Graphene-Band-Structure-Quantum-Espresso/outputs/field_0.001/vdw-df2-c09/top/data/ldos.pp.dat014

     Writing data to be plotted to file /home/ubuntu/projects/Graphene-Band-Structure-Quantum-Espresso/outputs/field_0.001/vdw-df2-c09/top/data/ldos.pp.dat014.xsf
     Plot Type: 3D                     Output format: XCrySDen     
     Reading data from file  /home/ubuntu/projects/Graphene-Band-Structure-Quantum-Espresso/outputs/field_0.001/vdw-df2-c09/top/data/ldos.pp.dat015

     Writing data to be plotted to file /home/ubuntu/projects/Graphene-Band-Structure-Quantum-Espresso/outputs/field_0.001/vdw-df2-c09/top/data/ldos.pp.dat015.xsf
     Plot Type: 3D                     Output format: XCrySDen     
     Reading data from file  /home/ubuntu/projects/Graphene-Band-Structure-Quantum-Espresso/outputs/field_0.001/vdw-df2-c09/top/data/ldos.pp.dat016

     Writing data to be plotted to file /home/ubuntu/projects/Graphene-Band-Structure-Quantum-Espresso/outputs/field_0.001/vdw-df2-c09/top/data/ldos.pp.dat016.xsf
     Plot Type: 3D                     Output format: XCrySDen     
     Reading data from file  /home/ubuntu/projects/Graphene-Band-Structure-Quantum-Espresso/outputs/field_0.001/vdw-df2-c09/top/data/ldos.pp.dat017

     Writing data to be plotted to file /home/ubuntu/projects/Graphene-Band-Structure-Quantum-Espresso/outputs/field_0.001/vdw-df2-c09/top/data/ldos.pp.dat017.xsf
     Plot Type: 3D                     Output format: XCrySDen     
     Reading data from file  /home/ubuntu/projects/Graphene-Band-Structure-Quantum-Espresso/outputs/field_0.001/vdw-df2-c09/top/data/ldos.pp.dat018

     Writing data to be plotted to file /home/ubuntu/projects/Graphene-Band-Structure-Quantum-Espresso/outputs/field_0.001/vdw-df2-c09/top/data/ldos.pp.dat018.xsf
     Plot Type: 3D                     Output format: XCrySDen     
     Reading data from file  /home/ubuntu/projects/Graphene-Band-Structure-Quantum-Espresso/outputs/field_0.001/vdw-df2-c09/top/data/ldos.pp.dat019

     Writing data to be plotted to file /home/ubuntu/projects/Graphene-Band-Structure-Quantum-Espresso/outputs/field_0.001/vdw-df2-c09/top/data/ldos.pp.dat019.xsf
     Plot Type: 3D                     Output format: XCrySDen     
     Reading data from file  /home/ubuntu/projects/Graphene-Band-Structure-Quantum-Espresso/outputs/field_0.001/vdw-df2-c09/top/data/ldos.pp.dat020

     Writing data to be plotted to file /home/ubuntu/projects/Graphene-Band-Structure-Quantum-Espresso/outputs/field_0.001/vdw-df2-c09/top/data/ldos.pp.dat020.xsf
     Plot Type: 3D                     Output format: XCrySDen     
     Reading data from file  /home/ubuntu/projects/Graphene-Band-Structure-Quantum-Espresso/outputs/field_0.001/vdw-df2-c09/top/data/ldos.pp.dat021

     Writing data to be plotted to file /home/ubuntu/projects/Graphene-Band-Structure-Quantum-Espresso/outputs/field_0.001/vdw-df2-c09/top/data/ldos.pp.dat021.xsf
     Plot Type: 3D                     Output format: XCrySDen     
     Reading data from file  /home/ubuntu/projects/Graphene-Band-Structure-Quantum-Espresso/outputs/field_0.001/vdw-df2-c09/top/data/ldos.pp.dat022

     Writing data to be plotted to file /home/ubuntu/projects/Graphene-Band-Structure-Quantum-Espresso/outputs/field_0.001/vdw-df2-c09/top/data/ldos.pp.dat022.xsf
     Plot Type: 3D                     Output format: XCrySDen     
     Reading data from file  /home/ubuntu/projects/Graphene-Band-Structure-Quantum-Espresso/outputs/field_0.001/vdw-df2-c09/top/data/ldos.pp.dat023

     Writing data to be plotted to file /home/ubuntu/projects/Graphene-Band-Structure-Quantum-Espresso/outputs/field_0.001/vdw-df2-c09/top/data/ldos.pp.dat023.xsf
     Plot Type: 3D                     Output format: XCrySDen     
     Reading data from file  /home/ubuntu/projects/Graphene-Band-Structure-Quantum-Espresso/outputs/field_0.001/vdw-df2-c09/top/data/ldos.pp.dat024

     Writing data to be plotted to file /home/ubuntu/projects/Graphene-Band-Structure-Quantum-Espresso/outputs/field_0.001/vdw-df2-c09/top/data/ldos.pp.dat024.xsf
     Plot Type: 3D                     Output format: XCrySDen     
     Reading data from file  /home/ubuntu/projects/Graphene-Band-Structure-Quantum-Espresso/outputs/field_0.001/vdw-df2-c09/top/data/ldos.pp.dat025

     Writing data to be plotted to file /home/ubuntu/projects/Graphene-Band-Structure-Quantum-Espresso/outputs/field_0.001/vdw-df2-c09/top/data/ldos.pp.dat025.xsf
     Plot Type: 3D                     Output format: XCrySDen     
     Reading data from file  /home/ubuntu/projects/Graphene-Band-Structure-Quantum-Espresso/outputs/field_0.001/vdw-df2-c09/top/data/ldos.pp.dat026

     Writing data to be plotted to file /home/ubuntu/projects/Graphene-Band-Structure-Quantum-Espresso/outputs/field_0.001/vdw-df2-c09/top/data/ldos.pp.dat026.xsf
     Plot Type: 3D                     Output format: XCrySDen     
     Reading data from file  /home/ubuntu/projects/Graphene-Band-Structure-Quantum-Espresso/outputs/field_0.001/vdw-df2-c09/top/data/ldos.pp.dat027

     Writing data to be plotted to file /home/ubuntu/projects/Graphene-Band-Structure-Quantum-Espresso/outputs/field_0.001/vdw-df2-c09/top/data/ldos.pp.dat027.xsf
     Plot Type: 3D                     Output format: XCrySDen     
     Reading data from file  /home/ubuntu/projects/Graphene-Band-Structure-Quantum-Espresso/outputs/field_0.001/vdw-df2-c09/top/data/ldos.pp.dat028

     Writing data to be plotted to file /home/ubuntu/projects/Graphene-Band-Structure-Quantum-Espresso/outputs/field_0.001/vdw-df2-c09/top/data/ldos.pp.dat028.xsf
     Plot Type: 3D                     Output format: XCrySDen     
     Reading data from file  /home/ubuntu/projects/Graphene-Band-Structure-Quantum-Espresso/outputs/field_0.001/vdw-df2-c09/top/data/ldos.pp.dat029

     Writing data to be plotted to file /home/ubuntu/projects/Graphene-Band-Structure-Quantum-Espresso/outputs/field_0.001/vdw-df2-c09/top/data/ldos.pp.dat029.xsf
     Plot Type: 3D                     Output format: XCrySDen     
     Reading data from file  /home/ubuntu/projects/Graphene-Band-Structure-Quantum-Espresso/outputs/field_0.001/vdw-df2-c09/top/data/ldos.pp.dat030

     Writing data to be plotted to file /home/ubuntu/projects/Graphene-Band-Structure-Quantum-Espresso/outputs/field_0.001/vdw-df2-c09/top/data/ldos.pp.dat030.xsf
     Plot Type: 3D                     Output format: XCrySDen     
     Reading data from file  /home/ubuntu/projects/Graphene-Band-Structure-Quantum-Espresso/outputs/field_0.001/vdw-df2-c09/top/data/ldos.pp.dat031

     Writing data to be plotted to file /home/ubuntu/projects/Graphene-Band-Structure-Quantum-Espresso/outputs/field_0.001/vdw-df2-c09/top/data/ldos.pp.dat031.xsf
     Plot Type: 3D                     Output format: XCrySDen     
     Reading data from file  /home/ubuntu/projects/Graphene-Band-Structure-Quantum-Espresso/outputs/field_0.001/vdw-df2-c09/top/data/ldos.pp.dat032

     Writing data to be plotted to file /home/ubuntu/projects/Graphene-Band-Structure-Quantum-Espresso/outputs/field_0.001/vdw-df2-c09/top/data/ldos.pp.dat032.xsf
     Plot Type: 3D                     Output format: XCrySDen     
     Reading data from file  /home/ubuntu/projects/Graphene-Band-Structure-Quantum-Espresso/outputs/field_0.001/vdw-df2-c09/top/data/ldos.pp.dat033

     Writing data to be plotted to file /home/ubuntu/projects/Graphene-Band-Structure-Quantum-Espresso/outputs/field_0.001/vdw-df2-c09/top/data/ldos.pp.dat033.xsf
     Plot Type: 3D                     Output format: XCrySDen     
     Reading data from file  /home/ubuntu/projects/Graphene-Band-Structure-Quantum-Espresso/outputs/field_0.001/vdw-df2-c09/top/data/ldos.pp.dat034

     Writing data to be plotted to file /home/ubuntu/projects/Graphene-Band-Structure-Quantum-Espresso/outputs/field_0.001/vdw-df2-c09/top/data/ldos.pp.dat034.xsf
     Plot Type: 3D                     Output format: XCrySDen     
     Reading data from file  /home/ubuntu/projects/Graphene-Band-Structure-Quantum-Espresso/outputs/field_0.001/vdw-df2-c09/top/data/ldos.pp.dat035

     Writing data to be plotted to file /home/ubuntu/projects/Graphene-Band-Structure-Quantum-Espresso/outputs/field_0.001/vdw-df2-c09/top/data/ldos.pp.dat035.xsf
     Plot Type: 3D                     Output format: XCrySDen     
     Reading data from file  /home/ubuntu/projects/Graphene-Band-Structure-Quantum-Espresso/outputs/field_0.001/vdw-df2-c09/top/data/ldos.pp.dat036

     Writing data to be plotted to file /home/ubuntu/projects/Graphene-Band-Structure-Quantum-Espresso/outputs/field_0.001/vdw-df2-c09/top/data/ldos.pp.dat036.xsf
     Plot Type: 3D                     Output format: XCrySDen     
     Reading data from file  /home/ubuntu/projects/Graphene-Band-Structure-Quantum-Espresso/outputs/field_0.001/vdw-df2-c09/top/data/ldos.pp.dat037

     Writing data to be plotted to file /home/ubuntu/projects/Graphene-Band-Structure-Quantum-Espresso/outputs/field_0.001/vdw-df2-c09/top/data/ldos.pp.dat037.xsf
     Plot Type: 3D                     Output format: XCrySDen     
     Reading data from file  /home/ubuntu/projects/Graphene-Band-Structure-Quantum-Espresso/outputs/field_0.001/vdw-df2-c09/top/data/ldos.pp.dat038

     Writing data to be plotted to file /home/ubuntu/projects/Graphene-Band-Structure-Quantum-Espresso/outputs/field_0.001/vdw-df2-c09/top/data/ldos.pp.dat038.xsf
     Plot Type: 3D                     Output format: XCrySDen     
     Reading data from file  /home/ubuntu/projects/Graphene-Band-Structure-Quantum-Espresso/outputs/field_0.001/vdw-df2-c09/top/data/ldos.pp.dat039

     Writing data to be plotted to file /home/ubuntu/projects/Graphene-Band-Structure-Quantum-Espresso/outputs/field_0.001/vdw-df2-c09/top/data/ldos.pp.dat039.xsf
     Plot Type: 3D                     Output format: XCrySDen     
     Reading data from file  /home/ubuntu/projects/Graphene-Band-Structure-Quantum-Espresso/outputs/field_0.001/vdw-df2-c09/top/data/ldos.pp.dat040

     Writing data to be plotted to file /home/ubuntu/projects/Graphene-Band-Structure-Quantum-Espresso/outputs/field_0.001/vdw-df2-c09/top/data/ldos.pp.dat040.xsf
     Plot Type: 3D                     Output format: XCrySDen     
     Reading data from file  /home/ubuntu/projects/Graphene-Band-Structure-Quantum-Espresso/outputs/field_0.001/vdw-df2-c09/top/data/ldos.pp.dat041

     Writing data to be plotted to file /home/ubuntu/projects/Graphene-Band-Structure-Quantum-Espresso/outputs/field_0.001/vdw-df2-c09/top/data/ldos.pp.dat041.xsf
     Plot Type: 3D                     Output format: XCrySDen     
     Reading data from file  /home/ubuntu/projects/Graphene-Band-Structure-Quantum-Espresso/outputs/field_0.001/vdw-df2-c09/top/data/ldos.pp.dat042

     Writing data to be plotted to file /home/ubuntu/projects/Graphene-Band-Structure-Quantum-Espresso/outputs/field_0.001/vdw-df2-c09/top/data/ldos.pp.dat042.xsf
     Plot Type: 3D                     Output format: XCrySDen     
     Reading data from file  /home/ubuntu/projects/Graphene-Band-Structure-Quantum-Espresso/outputs/field_0.001/vdw-df2-c09/top/data/ldos.pp.dat043

     Writing data to be plotted to file /home/ubuntu/projects/Graphene-Band-Structure-Quantum-Espresso/outputs/field_0.001/vdw-df2-c09/top/data/ldos.pp.dat043.xsf
     Plot Type: 3D                     Output format: XCrySDen     
     Reading data from file  /home/ubuntu/projects/Graphene-Band-Structure-Quantum-Espresso/outputs/field_0.001/vdw-df2-c09/top/data/ldos.pp.dat044

     Writing data to be plotted to file /home/ubuntu/projects/Graphene-Band-Structure-Quantum-Espresso/outputs/field_0.001/vdw-df2-c09/top/data/ldos.pp.dat044.xsf
     Plot Type: 3D                     Output format: XCrySDen     
     Reading data from file  /home/ubuntu/projects/Graphene-Band-Structure-Quantum-Espresso/outputs/field_0.001/vdw-df2-c09/top/data/ldos.pp.dat045

     Writing data to be plotted to file /home/ubuntu/projects/Graphene-Band-Structure-Quantum-Espresso/outputs/field_0.001/vdw-df2-c09/top/data/ldos.pp.dat045.xsf
     Plot Type: 3D                     Output format: XCrySDen     
     Reading data from file  /home/ubuntu/projects/Graphene-Band-Structure-Quantum-Espresso/outputs/field_0.001/vdw-df2-c09/top/data/ldos.pp.dat046

     Writing data to be plotted to file /home/ubuntu/projects/Graphene-Band-Structure-Quantum-Espresso/outputs/field_0.001/vdw-df2-c09/top/data/ldos.pp.dat046.xsf
     Plot Type: 3D                     Output format: XCrySDen     
     Reading data from file  /home/ubuntu/projects/Graphene-Band-Structure-Quantum-Espresso/outputs/field_0.001/vdw-df2-c09/top/data/ldos.pp.dat047

     Writing data to be plotted to file /home/ubuntu/projects/Graphene-Band-Structure-Quantum-Espresso/outputs/field_0.001/vdw-df2-c09/top/data/ldos.pp.dat047.xsf
     Plot Type: 3D                     Output format: XCrySDen     
     Reading data from file  /home/ubuntu/projects/Graphene-Band-Structure-Quantum-Espresso/outputs/field_0.001/vdw-df2-c09/top/data/ldos.pp.dat048

     Writing data to be plotted to file /home/ubuntu/projects/Graphene-Band-Structure-Quantum-Espresso/outputs/field_0.001/vdw-df2-c09/top/data/ldos.pp.dat048.xsf
     Plot Type: 3D                     Output format: XCrySDen     
     Reading data from file  /home/ubuntu/projects/Graphene-Band-Structure-Quantum-Espresso/outputs/field_0.001/vdw-df2-c09/top/data/ldos.pp.dat049

     Writing data to be plotted to file /home/ubuntu/projects/Graphene-Band-Structure-Quantum-Espresso/outputs/field_0.001/vdw-df2-c09/top/data/ldos.pp.dat049.xsf
     Plot Type: 3D                     Output format: XCrySDen     
     Reading data from file  /home/ubuntu/projects/Graphene-Band-Structure-Quantum-Espresso/outputs/field_0.001/vdw-df2-c09/top/data/ldos.pp.dat050

     Writing data to be plotted to file /home/ubuntu/projects/Graphene-Band-Structure-Quantum-Espresso/outputs/field_0.001/vdw-df2-c09/top/data/ldos.pp.dat050.xsf
     Plot Type: 3D                     Output format: XCrySDen     
     Reading data from file  /home/ubuntu/projects/Graphene-Band-Structure-Quantum-Espresso/outputs/field_0.001/vdw-df2-c09/top/data/ldos.pp.dat051

     Writing data to be plotted to file /home/ubuntu/projects/Graphene-Band-Structure-Quantum-Espresso/outputs/field_0.001/vdw-df2-c09/top/data/ldos.pp.dat051.xsf
     Plot Type: 3D                     Output format: XCrySDen     
     Reading data from file  /home/ubuntu/projects/Graphene-Band-Structure-Quantum-Espresso/outputs/field_0.001/vdw-df2-c09/top/data/ldos.pp.dat052

     Writing data to be plotted to file /home/ubuntu/projects/Graphene-Band-Structure-Quantum-Espresso/outputs/field_0.001/vdw-df2-c09/top/data/ldos.pp.dat052.xsf
     Plot Type: 3D                     Output format: XCrySDen     
     Reading data from file  /home/ubuntu/projects/Graphene-Band-Structure-Quantum-Espresso/outputs/field_0.001/vdw-df2-c09/top/data/ldos.pp.dat053

     Writing data to be plotted to file /home/ubuntu/projects/Graphene-Band-Structure-Quantum-Espresso/outputs/field_0.001/vdw-df2-c09/top/data/ldos.pp.dat053.xsf
     Plot Type: 3D                     Output format: XCrySDen     
     Reading data from file  /home/ubuntu/projects/Graphene-Band-Structure-Quantum-Espresso/outputs/field_0.001/vdw-df2-c09/top/data/ldos.pp.dat054

     Writing data to be plotted to file /home/ubuntu/projects/Graphene-Band-Structure-Quantum-Espresso/outputs/field_0.001/vdw-df2-c09/top/data/ldos.pp.dat054.xsf
     Plot Type: 3D                     Output format: XCrySDen     
     Reading data from file  /home/ubuntu/projects/Graphene-Band-Structure-Quantum-Espresso/outputs/field_0.001/vdw-df2-c09/top/data/ldos.pp.dat055

     Writing data to be plotted to file /home/ubuntu/projects/Graphene-Band-Structure-Quantum-Espresso/outputs/field_0.001/vdw-df2-c09/top/data/ldos.pp.dat055.xsf
     Plot Type: 3D                     Output format: XCrySDen     
     Reading data from file  /home/ubuntu/projects/Graphene-Band-Structure-Quantum-Espresso/outputs/field_0.001/vdw-df2-c09/top/data/ldos.pp.dat056

     Writing data to be plotted to file /home/ubuntu/projects/Graphene-Band-Structure-Quantum-Espresso/outputs/field_0.001/vdw-df2-c09/top/data/ldos.pp.dat056.xsf
     Plot Type: 3D                     Output format: XCrySDen     
     Reading data from file  /home/ubuntu/projects/Graphene-Band-Structure-Quantum-Espresso/outputs/field_0.001/vdw-df2-c09/top/data/ldos.pp.dat057

     Writing data to be plotted to file /home/ubuntu/projects/Graphene-Band-Structure-Quantum-Espresso/outputs/field_0.001/vdw-df2-c09/top/data/ldos.pp.dat057.xsf
     Plot Type: 3D                     Output format: XCrySDen     
     Reading data from file  /home/ubuntu/projects/Graphene-Band-Structure-Quantum-Espresso/outputs/field_0.001/vdw-df2-c09/top/data/ldos.pp.dat058

     Writing data to be plotted to file /home/ubuntu/projects/Graphene-Band-Structure-Quantum-Espresso/outputs/field_0.001/vdw-df2-c09/top/data/ldos.pp.dat058.xsf
     Plot Type: 3D                     Output format: XCrySDen     
     Reading data from file  /home/ubuntu/projects/Graphene-Band-Structure-Quantum-Espresso/outputs/field_0.001/vdw-df2-c09/top/data/ldos.pp.dat059

     Writing data to be plotted to file /home/ubuntu/projects/Graphene-Band-Structure-Quantum-Espresso/outputs/field_0.001/vdw-df2-c09/top/data/ldos.pp.dat059.xsf
     Plot Type: 3D                     Output format: XCrySDen     
     Reading data from file  /home/ubuntu/projects/Graphene-Band-Structure-Quantum-Espresso/outputs/field_0.001/vdw-df2-c09/top/data/ldos.pp.dat060

     Writing data to be plotted to file /home/ubuntu/projects/Graphene-Band-Structure-Quantum-Espresso/outputs/field_0.001/vdw-df2-c09/top/data/ldos.pp.dat060.xsf
     Plot Type: 3D                     Output format: XCrySDen     
     Reading data from file  /home/ubuntu/projects/Graphene-Band-Structure-Quantum-Espresso/outputs/field_0.001/vdw-df2-c09/top/data/ldos.pp.dat061

     Writing data to be plotted to file /home/ubuntu/projects/Graphene-Band-Structure-Quantum-Espresso/outputs/field_0.001/vdw-df2-c09/top/data/ldos.pp.dat061.xsf
     Plot Type: 3D                     Output format: XCrySDen     
     Reading data from file  /home/ubuntu/projects/Graphene-Band-Structure-Quantum-Espresso/outputs/field_0.001/vdw-df2-c09/top/data/ldos.pp.dat062

     Writing data to be plotted to file /home/ubuntu/projects/Graphene-Band-Structure-Quantum-Espresso/outputs/field_0.001/vdw-df2-c09/top/data/ldos.pp.dat062.xsf
     Plot Type: 3D                     Output format: XCrySDen     
     Reading data from file  /home/ubuntu/projects/Graphene-Band-Structure-Quantum-Espresso/outputs/field_0.001/vdw-df2-c09/top/data/ldos.pp.dat063

     Writing data to be plotted to file /home/ubuntu/projects/Graphene-Band-Structure-Quantum-Espresso/outputs/field_0.001/vdw-df2-c09/top/data/ldos.pp.dat063.xsf
     Plot Type: 3D                     Output format: XCrySDen     
     Reading data from file  /home/ubuntu/projects/Graphene-Band-Structure-Quantum-Espresso/outputs/field_0.001/vdw-df2-c09/top/data/ldos.pp.dat064

     Writing data to be plotted to file /home/ubuntu/projects/Graphene-Band-Structure-Quantum-Espresso/outputs/field_0.001/vdw-df2-c09/top/data/ldos.pp.dat064.xsf
     Plot Type: 3D                     Output format: XCrySDen     
     Reading data from file  /home/ubuntu/projects/Graphene-Band-Structure-Quantum-Espresso/outputs/field_0.001/vdw-df2-c09/top/data/ldos.pp.dat065

     Writing data to be plotted to file /home/ubuntu/projects/Graphene-Band-Structure-Quantum-Espresso/outputs/field_0.001/vdw-df2-c09/top/data/ldos.pp.dat065.xsf
     Plot Type: 3D                     Output format: XCrySDen     
     Reading data from file  /home/ubuntu/projects/Graphene-Band-Structure-Quantum-Espresso/outputs/field_0.001/vdw-df2-c09/top/data/ldos.pp.dat066

     Writing data to be plotted to file /home/ubuntu/projects/Graphene-Band-Structure-Quantum-Espresso/outputs/field_0.001/vdw-df2-c09/top/data/ldos.pp.dat066.xsf
     Plot Type: 3D                     Output format: XCrySDen     
     Reading data from file  /home/ubuntu/projects/Graphene-Band-Structure-Quantum-Espresso/outputs/field_0.001/vdw-df2-c09/top/data/ldos.pp.dat067

     Writing data to be plotted to file /home/ubuntu/projects/Graphene-Band-Structure-Quantum-Espresso/outputs/field_0.001/vdw-df2-c09/top/data/ldos.pp.dat067.xsf
     Plot Type: 3D                     Output format: XCrySDen     
     Reading data from file  /home/ubuntu/projects/Graphene-Band-Structure-Quantum-Espresso/outputs/field_0.001/vdw-df2-c09/top/data/ldos.pp.dat068

     Writing data to be plotted to file /home/ubuntu/projects/Graphene-Band-Structure-Quantum-Espresso/outputs/field_0.001/vdw-df2-c09/top/data/ldos.pp.dat068.xsf
     Plot Type: 3D                     Output format: XCrySDen     
     Reading data from file  /home/ubuntu/projects/Graphene-Band-Structure-Quantum-Espresso/outputs/field_0.001/vdw-df2-c09/top/data/ldos.pp.dat069

     Writing data to be plotted to file /home/ubuntu/projects/Graphene-Band-Structure-Quantum-Espresso/outputs/field_0.001/vdw-df2-c09/top/data/ldos.pp.dat069.xsf
     Plot Type: 3D                     Output format: XCrySDen     
     Reading data from file  /home/ubuntu/projects/Graphene-Band-Structure-Quantum-Espresso/outputs/field_0.001/vdw-df2-c09/top/data/ldos.pp.dat070

     Writing data to be plotted to file /home/ubuntu/projects/Graphene-Band-Structure-Quantum-Espresso/outputs/field_0.001/vdw-df2-c09/top/data/ldos.pp.dat070.xsf
     Plot Type: 3D                     Output format: XCrySDen     
     Reading data from file  /home/ubuntu/projects/Graphene-Band-Structure-Quantum-Espresso/outputs/field_0.001/vdw-df2-c09/top/data/ldos.pp.dat071

     Writing data to be plotted to file /home/ubuntu/projects/Graphene-Band-Structure-Quantum-Espresso/outputs/field_0.001/vdw-df2-c09/top/data/ldos.pp.dat071.xsf
     Plot Type: 3D                     Output format: XCrySDen     
     Reading data from file  /home/ubuntu/projects/Graphene-Band-Structure-Quantum-Espresso/outputs/field_0.001/vdw-df2-c09/top/data/ldos.pp.dat072

     Writing data to be plotted to file /home/ubuntu/projects/Graphene-Band-Structure-Quantum-Espresso/outputs/field_0.001/vdw-df2-c09/top/data/ldos.pp.dat072.xsf
     Plot Type: 3D                     Output format: XCrySDen     
     Reading data from file  /home/ubuntu/projects/Graphene-Band-Structure-Quantum-Espresso/outputs/field_0.001/vdw-df2-c09/top/data/ldos.pp.dat073

     Writing data to be plotted to file /home/ubuntu/projects/Graphene-Band-Structure-Quantum-Espresso/outputs/field_0.001/vdw-df2-c09/top/data/ldos.pp.dat073.xsf
     Plot Type: 3D                     Output format: XCrySDen     
     Reading data from file  /home/ubuntu/projects/Graphene-Band-Structure-Quantum-Espresso/outputs/field_0.001/vdw-df2-c09/top/data/ldos.pp.dat074

     Writing data to be plotted to file /home/ubuntu/projects/Graphene-Band-Structure-Quantum-Espresso/outputs/field_0.001/vdw-df2-c09/top/data/ldos.pp.dat074.xsf
     Plot Type: 3D                     Output format: XCrySDen     
     Reading data from file  /home/ubuntu/projects/Graphene-Band-Structure-Quantum-Espresso/outputs/field_0.001/vdw-df2-c09/top/data/ldos.pp.dat075

     Writing data to be plotted to file /home/ubuntu/projects/Graphene-Band-Structure-Quantum-Espresso/outputs/field_0.001/vdw-df2-c09/top/data/ldos.pp.dat075.xsf
     Plot Type: 3D                     Output format: XCrySDen     
     Reading data from file  /home/ubuntu/projects/Graphene-Band-Structure-Quantum-Espresso/outputs/field_0.001/vdw-df2-c09/top/data/ldos.pp.dat076

     Writing data to be plotted to file /home/ubuntu/projects/Graphene-Band-Structure-Quantum-Espresso/outputs/field_0.001/vdw-df2-c09/top/data/ldos.pp.dat076.xsf
     Plot Type: 3D                     Output format: XCrySDen     
     Reading data from file  /home/ubuntu/projects/Graphene-Band-Structure-Quantum-Espresso/outputs/field_0.001/vdw-df2-c09/top/data/ldos.pp.dat077

     Writing data to be plotted to file /home/ubuntu/projects/Graphene-Band-Structure-Quantum-Espresso/outputs/field_0.001/vdw-df2-c09/top/data/ldos.pp.dat077.xsf
     Plot Type: 3D                     Output format: XCrySDen     
     Reading data from file  /home/ubuntu/projects/Graphene-Band-Structure-Quantum-Espresso/outputs/field_0.001/vdw-df2-c09/top/data/ldos.pp.dat078

     Writing data to be plotted to file /home/ubuntu/projects/Graphene-Band-Structure-Quantum-Espresso/outputs/field_0.001/vdw-df2-c09/top/data/ldos.pp.dat078.xsf
     Plot Type: 3D                     Output format: XCrySDen     
     Reading data from file  /home/ubuntu/projects/Graphene-Band-Structure-Quantum-Espresso/outputs/field_0.001/vdw-df2-c09/top/data/ldos.pp.dat079

     Writing data to be plotted to file /home/ubuntu/projects/Graphene-Band-Structure-Quantum-Espresso/outputs/field_0.001/vdw-df2-c09/top/data/ldos.pp.dat079.xsf
     Plot Type: 3D                     Output format: XCrySDen     
     Reading data from file  /home/ubuntu/projects/Graphene-Band-Structure-Quantum-Espresso/outputs/field_0.001/vdw-df2-c09/top/data/ldos.pp.dat080

     Writing data to be plotted to file /home/ubuntu/projects/Graphene-Band-Structure-Quantum-Espresso/outputs/field_0.001/vdw-df2-c09/top/data/ldos.pp.dat080.xsf
     Plot Type: 3D                     Output format: XCrySDen     
     Reading data from file  /home/ubuntu/projects/Graphene-Band-Structure-Quantum-Espresso/outputs/field_0.001/vdw-df2-c09/top/data/ldos.pp.dat081

     Writing data to be plotted to file /home/ubuntu/projects/Graphene-Band-Structure-Quantum-Espresso/outputs/field_0.001/vdw-df2-c09/top/data/ldos.pp.dat081.xsf
     Plot Type: 3D                     Output format: XCrySDen     
     Reading data from file  /home/ubuntu/projects/Graphene-Band-Structure-Quantum-Espresso/outputs/field_0.001/vdw-df2-c09/top/data/ldos.pp.dat082

     Writing data to be plotted to file /home/ubuntu/projects/Graphene-Band-Structure-Quantum-Espresso/outputs/field_0.001/vdw-df2-c09/top/data/ldos.pp.dat082.xsf
     Plot Type: 3D                     Output format: XCrySDen     
     Reading data from file  /home/ubuntu/projects/Graphene-Band-Structure-Quantum-Espresso/outputs/field_0.001/vdw-df2-c09/top/data/ldos.pp.dat083

     Writing data to be plotted to file /home/ubuntu/projects/Graphene-Band-Structure-Quantum-Espresso/outputs/field_0.001/vdw-df2-c09/top/data/ldos.pp.dat083.xsf
     Plot Type: 3D                     Output format: XCrySDen     
     Reading data from file  /home/ubuntu/projects/Graphene-Band-Structure-Quantum-Espresso/outputs/field_0.001/vdw-df2-c09/top/data/ldos.pp.dat084

     Writing data to be plotted to file /home/ubuntu/projects/Graphene-Band-Structure-Quantum-Espresso/outputs/field_0.001/vdw-df2-c09/top/data/ldos.pp.dat084.xsf
     Plot Type: 3D                     Output format: XCrySDen     
     Reading data from file  /home/ubuntu/projects/Graphene-Band-Structure-Quantum-Espresso/outputs/field_0.001/vdw-df2-c09/top/data/ldos.pp.dat085

     Writing data to be plotted to file /home/ubuntu/projects/Graphene-Band-Structure-Quantum-Espresso/outputs/field_0.001/vdw-df2-c09/top/data/ldos.pp.dat085.xsf
     Plot Type: 3D                     Output format: XCrySDen     
     Reading data from file  /home/ubuntu/projects/Graphene-Band-Structure-Quantum-Espresso/outputs/field_0.001/vdw-df2-c09/top/data/ldos.pp.dat086

     Writing data to be plotted to file /home/ubuntu/projects/Graphene-Band-Structure-Quantum-Espresso/outputs/field_0.001/vdw-df2-c09/top/data/ldos.pp.dat086.xsf
     Plot Type: 3D                     Output format: XCrySDen     
     Reading data from file  /home/ubuntu/projects/Graphene-Band-Structure-Quantum-Espresso/outputs/field_0.001/vdw-df2-c09/top/data/ldos.pp.dat087

     Writing data to be plotted to file /home/ubuntu/projects/Graphene-Band-Structure-Quantum-Espresso/outputs/field_0.001/vdw-df2-c09/top/data/ldos.pp.dat087.xsf
     Plot Type: 3D                     Output format: XCrySDen     
     Reading data from file  /home/ubuntu/projects/Graphene-Band-Structure-Quantum-Espresso/outputs/field_0.001/vdw-df2-c09/top/data/ldos.pp.dat088

     Writing data to be plotted to file /home/ubuntu/projects/Graphene-Band-Structure-Quantum-Espresso/outputs/field_0.001/vdw-df2-c09/top/data/ldos.pp.dat088.xsf
     Plot Type: 3D                     Output format: XCrySDen     
     Reading data from file  /home/ubuntu/projects/Graphene-Band-Structure-Quantum-Espresso/outputs/field_0.001/vdw-df2-c09/top/data/ldos.pp.dat089

     Writing data to be plotted to file /home/ubuntu/projects/Graphene-Band-Structure-Quantum-Espresso/outputs/field_0.001/vdw-df2-c09/top/data/ldos.pp.dat089.xsf
     Plot Type: 3D                     Output format: XCrySDen     
     Reading data from file  /home/ubuntu/projects/Graphene-Band-Structure-Quantum-Espresso/outputs/field_0.001/vdw-df2-c09/top/data/ldos.pp.dat090

     Writing data to be plotted to file /home/ubuntu/projects/Graphene-Band-Structure-Quantum-Espresso/outputs/field_0.001/vdw-df2-c09/top/data/ldos.pp.dat090.xsf
     Plot Type: 3D                     Output format: XCrySDen     
     Reading data from file  /home/ubuntu/projects/Graphene-Band-Structure-Quantum-Espresso/outputs/field_0.001/vdw-df2-c09/top/data/ldos.pp.dat091

     Writing data to be plotted to file /home/ubuntu/projects/Graphene-Band-Structure-Quantum-Espresso/outputs/field_0.001/vdw-df2-c09/top/data/ldos.pp.dat091.xsf
     Plot Type: 3D                     Output format: XCrySDen     
     Reading data from file  /home/ubuntu/projects/Graphene-Band-Structure-Quantum-Espresso/outputs/field_0.001/vdw-df2-c09/top/data/ldos.pp.dat092

     Writing data to be plotted to file /home/ubuntu/projects/Graphene-Band-Structure-Quantum-Espresso/outputs/field_0.001/vdw-df2-c09/top/data/ldos.pp.dat092.xsf
     Plot Type: 3D                     Output format: XCrySDen     
     Reading data from file  /home/ubuntu/projects/Graphene-Band-Structure-Quantum-Espresso/outputs/field_0.001/vdw-df2-c09/top/data/ldos.pp.dat093

     Writing data to be plotted to file /home/ubuntu/projects/Graphene-Band-Structure-Quantum-Espresso/outputs/field_0.001/vdw-df2-c09/top/data/ldos.pp.dat093.xsf
     Plot Type: 3D                     Output format: XCrySDen     
     Reading data from file  /home/ubuntu/projects/Graphene-Band-Structure-Quantum-Espresso/outputs/field_0.001/vdw-df2-c09/top/data/ldos.pp.dat094

     Writing data to be plotted to file /home/ubuntu/projects/Graphene-Band-Structure-Quantum-Espresso/outputs/field_0.001/vdw-df2-c09/top/data/ldos.pp.dat094.xsf
     Plot Type: 3D                     Output format: XCrySDen     
     Reading data from file  /home/ubuntu/projects/Graphene-Band-Structure-Quantum-Espresso/outputs/field_0.001/vdw-df2-c09/top/data/ldos.pp.dat095

     Writing data to be plotted to file /home/ubuntu/projects/Graphene-Band-Structure-Quantum-Espresso/outputs/field_0.001/vdw-df2-c09/top/data/ldos.pp.dat095.xsf
     Plot Type: 3D                     Output format: XCrySDen     
     Reading data from file  /home/ubuntu/projects/Graphene-Band-Structure-Quantum-Espresso/outputs/field_0.001/vdw-df2-c09/top/data/ldos.pp.dat096

     Writing data to be plotted to file /home/ubuntu/projects/Graphene-Band-Structure-Quantum-Espresso/outputs/field_0.001/vdw-df2-c09/top/data/ldos.pp.dat096.xsf
     Plot Type: 3D                     Output format: XCrySDen     
     Reading data from file  /home/ubuntu/projects/Graphene-Band-Structure-Quantum-Espresso/outputs/field_0.001/vdw-df2-c09/top/data/ldos.pp.dat097

     Writing data to be plotted to file /home/ubuntu/projects/Graphene-Band-Structure-Quantum-Espresso/outputs/field_0.001/vdw-df2-c09/top/data/ldos.pp.dat097.xsf
     Plot Type: 3D                     Output format: XCrySDen     
     Reading data from file  /home/ubuntu/projects/Graphene-Band-Structure-Quantum-Espresso/outputs/field_0.001/vdw-df2-c09/top/data/ldos.pp.dat098

     Writing data to be plotted to file /home/ubuntu/projects/Graphene-Band-Structure-Quantum-Espresso/outputs/field_0.001/vdw-df2-c09/top/data/ldos.pp.dat098.xsf
     Plot Type: 3D                     Output format: XCrySDen     
     Reading data from file  /home/ubuntu/projects/Graphene-Band-Structure-Quantum-Espresso/outputs/field_0.001/vdw-df2-c09/top/data/ldos.pp.dat099

     Writing data to be plotted to file /home/ubuntu/projects/Graphene-Band-Structure-Quantum-Espresso/outputs/field_0.001/vdw-df2-c09/top/data/ldos.pp.dat099.xsf
     Plot Type: 3D                     Output format: XCrySDen     
     Reading data from file  /home/ubuntu/projects/Graphene-Band-Structure-Quantum-Espresso/outputs/field_0.001/vdw-df2-c09/top/data/ldos.pp.dat100

     Writing data to be plotted to file /home/ubuntu/projects/Graphene-Band-Structure-Quantum-Espresso/outputs/field_0.001/vdw-df2-c09/top/data/ldos.pp.dat100.xsf
     Plot Type: 3D                     Output format: XCrySDen     
     Reading data from file  /home/ubuntu/projects/Graphene-Band-Structure-Quantum-Espresso/outputs/field_0.001/vdw-df2-c09/top/data/ldos.pp.dat101

     Writing data to be plotted to file /home/ubuntu/projects/Graphene-Band-Structure-Quantum-Espresso/outputs/field_0.001/vdw-df2-c09/top/data/ldos.pp.dat101.xsf
     Plot Type: 3D                     Output format: XCrySDen     
     Reading data from file  /home/ubuntu/projects/Graphene-Band-Structure-Quantum-Espresso/outputs/field_0.001/vdw-df2-c09/top/data/ldos.pp.dat102

     Writing data to be plotted to file /home/ubuntu/projects/Graphene-Band-Structure-Quantum-Espresso/outputs/field_0.001/vdw-df2-c09/top/data/ldos.pp.dat102.xsf
     Plot Type: 3D                     Output format: XCrySDen     
     Reading data from file  /home/ubuntu/projects/Graphene-Band-Structure-Quantum-Espresso/outputs/field_0.001/vdw-df2-c09/top/data/ldos.pp.dat103

     Writing data to be plotted to file /home/ubuntu/projects/Graphene-Band-Structure-Quantum-Espresso/outputs/field_0.001/vdw-df2-c09/top/data/ldos.pp.dat103.xsf
     Plot Type: 3D                     Output format: XCrySDen     
     Reading data from file  /home/ubuntu/projects/Graphene-Band-Structure-Quantum-Espresso/outputs/field_0.001/vdw-df2-c09/top/data/ldos.pp.dat104

     Writing data to be plotted to file /home/ubuntu/projects/Graphene-Band-Structure-Quantum-Espresso/outputs/field_0.001/vdw-df2-c09/top/data/ldos.pp.dat104.xsf
     Plot Type: 3D                     Output format: XCrySDen     
     Reading data from file  /home/ubuntu/projects/Graphene-Band-Structure-Quantum-Espresso/outputs/field_0.001/vdw-df2-c09/top/data/ldos.pp.dat105

     Writing data to be plotted to file /home/ubuntu/projects/Graphene-Band-Structure-Quantum-Espresso/outputs/field_0.001/vdw-df2-c09/top/data/ldos.pp.dat105.xsf
     Plot Type: 3D                     Output format: XCrySDen     
     Reading data from file  /home/ubuntu/projects/Graphene-Band-Structure-Quantum-Espresso/outputs/field_0.001/vdw-df2-c09/top/data/ldos.pp.dat106

     Writing data to be plotted to file /home/ubuntu/projects/Graphene-Band-Structure-Quantum-Espresso/outputs/field_0.001/vdw-df2-c09/top/data/ldos.pp.dat106.xsf
     Plot Type: 3D                     Output format: XCrySDen     
     Reading data from file  /home/ubuntu/projects/Graphene-Band-Structure-Quantum-Espresso/outputs/field_0.001/vdw-df2-c09/top/data/ldos.pp.dat107

     Writing data to be plotted to file /home/ubuntu/projects/Graphene-Band-Structure-Quantum-Espresso/outputs/field_0.001/vdw-df2-c09/top/data/ldos.pp.dat107.xsf
     Plot Type: 3D                     Output format: XCrySDen     
     Reading data from file  /home/ubuntu/projects/Graphene-Band-Structure-Quantum-Espresso/outputs/field_0.001/vdw-df2-c09/top/data/ldos.pp.dat108

     Writing data to be plotted to file /home/ubuntu/projects/Graphene-Band-Structure-Quantum-Espresso/outputs/field_0.001/vdw-df2-c09/top/data/ldos.pp.dat108.xsf
     Plot Type: 3D                     Output format: XCrySDen     
     Reading data from file  /home/ubuntu/projects/Graphene-Band-Structure-Quantum-Espresso/outputs/field_0.001/vdw-df2-c09/top/data/ldos.pp.dat109

     Writing data to be plotted to file /home/ubuntu/projects/Graphene-Band-Structure-Quantum-Espresso/outputs/field_0.001/vdw-df2-c09/top/data/ldos.pp.dat109.xsf
     Plot Type: 3D                     Output format: XCrySDen     
     Reading data from file  /home/ubuntu/projects/Graphene-Band-Structure-Quantum-Espresso/outputs/field_0.001/vdw-df2-c09/top/data/ldos.pp.dat110

     Writing data to be plotted to file /home/ubuntu/projects/Graphene-Band-Structure-Quantum-Espresso/outputs/field_0.001/vdw-df2-c09/top/data/ldos.pp.dat110.xsf
     Plot Type: 3D                     Output format: XCrySDen     
     Reading data from file  /home/ubuntu/projects/Graphene-Band-Structure-Quantum-Espresso/outputs/field_0.001/vdw-df2-c09/top/data/ldos.pp.dat111

     Writing data to be plotted to file /home/ubuntu/projects/Graphene-Band-Structure-Quantum-Espresso/outputs/field_0.001/vdw-df2-c09/top/data/ldos.pp.dat111.xsf
     Plot Type: 3D                     Output format: XCrySDen     
     Reading data from file  /home/ubuntu/projects/Graphene-Band-Structure-Quantum-Espresso/outputs/field_0.001/vdw-df2-c09/top/data/ldos.pp.dat112

     Writing data to be plotted to file /home/ubuntu/projects/Graphene-Band-Structure-Quantum-Espresso/outputs/field_0.001/vdw-df2-c09/top/data/ldos.pp.dat112.xsf
     Plot Type: 3D                     Output format: XCrySDen     
     Reading data from file  /home/ubuntu/projects/Graphene-Band-Structure-Quantum-Espresso/outputs/field_0.001/vdw-df2-c09/top/data/ldos.pp.dat113

     Writing data to be plotted to file /home/ubuntu/projects/Graphene-Band-Structure-Quantum-Espresso/outputs/field_0.001/vdw-df2-c09/top/data/ldos.pp.dat113.xsf
     Plot Type: 3D                     Output format: XCrySDen     
     Reading data from file  /home/ubuntu/projects/Graphene-Band-Structure-Quantum-Espresso/outputs/field_0.001/vdw-df2-c09/top/data/ldos.pp.dat114

     Writing data to be plotted to file /home/ubuntu/projects/Graphene-Band-Structure-Quantum-Espresso/outputs/field_0.001/vdw-df2-c09/top/data/ldos.pp.dat114.xsf
     Plot Type: 3D                     Output format: XCrySDen     
     Reading data from file  /home/ubuntu/projects/Graphene-Band-Structure-Quantum-Espresso/outputs/field_0.001/vdw-df2-c09/top/data/ldos.pp.dat115

     Writing data to be plotted to file /home/ubuntu/projects/Graphene-Band-Structure-Quantum-Espresso/outputs/field_0.001/vdw-df2-c09/top/data/ldos.pp.dat115.xsf
     Plot Type: 3D                     Output format: XCrySDen     
     Reading data from file  /home/ubuntu/projects/Graphene-Band-Structure-Quantum-Espresso/outputs/field_0.001/vdw-df2-c09/top/data/ldos.pp.dat116

     Writing data to be plotted to file /home/ubuntu/projects/Graphene-Band-Structure-Quantum-Espresso/outputs/field_0.001/vdw-df2-c09/top/data/ldos.pp.dat116.xsf
     Plot Type: 3D                     Output format: XCrySDen     
     Reading data from file  /home/ubuntu/projects/Graphene-Band-Structure-Quantum-Espresso/outputs/field_0.001/vdw-df2-c09/top/data/ldos.pp.dat117

     Writing data to be plotted to file /home/ubuntu/projects/Graphene-Band-Structure-Quantum-Espresso/outputs/field_0.001/vdw-df2-c09/top/data/ldos.pp.dat117.xsf
     Plot Type: 3D                     Output format: XCrySDen     
     Reading data from file  /home/ubuntu/projects/Graphene-Band-Structure-Quantum-Espresso/outputs/field_0.001/vdw-df2-c09/top/data/ldos.pp.dat118

     Writing data to be plotted to file /home/ubuntu/projects/Graphene-Band-Structure-Quantum-Espresso/outputs/field_0.001/vdw-df2-c09/top/data/ldos.pp.dat118.xsf
     Plot Type: 3D                     Output format: XCrySDen     
     Reading data from file  /home/ubuntu/projects/Graphene-Band-Structure-Quantum-Espresso/outputs/field_0.001/vdw-df2-c09/top/data/ldos.pp.dat119

     Writing data to be plotted to file /home/ubuntu/projects/Graphene-Band-Structure-Quantum-Espresso/outputs/field_0.001/vdw-df2-c09/top/data/ldos.pp.dat119.xsf
     Plot Type: 3D                     Output format: XCrySDen     
     Reading data from file  /home/ubuntu/projects/Graphene-Band-Structure-Quantum-Espresso/outputs/field_0.001/vdw-df2-c09/top/data/ldos.pp.dat120

     Writing data to be plotted to file /home/ubuntu/projects/Graphene-Band-Structure-Quantum-Espresso/outputs/field_0.001/vdw-df2-c09/top/data/ldos.pp.dat120.xsf
     Plot Type: 3D                     Output format: XCrySDen     
     Reading data from file  /home/ubuntu/projects/Graphene-Band-Structure-Quantum-Espresso/outputs/field_0.001/vdw-df2-c09/top/data/ldos.pp.dat121

     Writing data to be plotted to file /home/ubuntu/projects/Graphene-Band-Structure-Quantum-Espresso/outputs/field_0.001/vdw-df2-c09/top/data/ldos.pp.dat121.xsf
     Plot Type: 3D                     Output format: XCrySDen     
     Reading data from file  /home/ubuntu/projects/Graphene-Band-Structure-Quantum-Espresso/outputs/field_0.001/vdw-df2-c09/top/data/ldos.pp.dat122

     Writing data to be plotted to file /home/ubuntu/projects/Graphene-Band-Structure-Quantum-Espresso/outputs/field_0.001/vdw-df2-c09/top/data/ldos.pp.dat122.xsf
     Plot Type: 3D                     Output format: XCrySDen     
     Reading data from file  /home/ubuntu/projects/Graphene-Band-Structure-Quantum-Espresso/outputs/field_0.001/vdw-df2-c09/top/data/ldos.pp.dat123

     Writing data to be plotted to file /home/ubuntu/projects/Graphene-Band-Structure-Quantum-Espresso/outputs/field_0.001/vdw-df2-c09/top/data/ldos.pp.dat123.xsf
     Plot Type: 3D                     Output format: XCrySDen     
     Reading data from file  /home/ubuntu/projects/Graphene-Band-Structure-Quantum-Espresso/outputs/field_0.001/vdw-df2-c09/top/data/ldos.pp.dat124

     Writing data to be plotted to file /home/ubuntu/projects/Graphene-Band-Structure-Quantum-Espresso/outputs/field_0.001/vdw-df2-c09/top/data/ldos.pp.dat124.xsf
     Plot Type: 3D                     Output format: XCrySDen     
     Reading data from file  /home/ubuntu/projects/Graphene-Band-Structure-Quantum-Espresso/outputs/field_0.001/vdw-df2-c09/top/data/ldos.pp.dat125

     Writing data to be plotted to file /home/ubuntu/projects/Graphene-Band-Structure-Quantum-Espresso/outputs/field_0.001/vdw-df2-c09/top/data/ldos.pp.dat125.xsf
     Plot Type: 3D                     Output format: XCrySDen     
     Reading data from file  /home/ubuntu/projects/Graphene-Band-Structure-Quantum-Espresso/outputs/field_0.001/vdw-df2-c09/top/data/ldos.pp.dat126

     Writing data to be plotted to file /home/ubuntu/projects/Graphene-Band-Structure-Quantum-Espresso/outputs/field_0.001/vdw-df2-c09/top/data/ldos.pp.dat126.xsf
     Plot Type: 3D                     Output format: XCrySDen     
     Reading data from file  /home/ubuntu/projects/Graphene-Band-Structure-Quantum-Espresso/outputs/field_0.001/vdw-df2-c09/top/data/ldos.pp.dat127

     Writing data to be plotted to file /home/ubuntu/projects/Graphene-Band-Structure-Quantum-Espresso/outputs/field_0.001/vdw-df2-c09/top/data/ldos.pp.dat127.xsf
     Plot Type: 3D                     Output format: XCrySDen     
     Reading data from file  /home/ubuntu/projects/Graphene-Band-Structure-Quantum-Espresso/outputs/field_0.001/vdw-df2-c09/top/data/ldos.pp.dat128

     Writing data to be plotted to file /home/ubuntu/projects/Graphene-Band-Structure-Quantum-Espresso/outputs/field_0.001/vdw-df2-c09/top/data/ldos.pp.dat128.xsf
     Plot Type: 3D                     Output format: XCrySDen     
     Reading data from file  /home/ubuntu/projects/Graphene-Band-Structure-Quantum-Espresso/outputs/field_0.001/vdw-df2-c09/top/data/ldos.pp.dat129

     Writing data to be plotted to file /home/ubuntu/projects/Graphene-Band-Structure-Quantum-Espresso/outputs/field_0.001/vdw-df2-c09/top/data/ldos.pp.dat129.xsf
     Plot Type: 3D                     Output format: XCrySDen     
     Reading data from file  /home/ubuntu/projects/Graphene-Band-Structure-Quantum-Espresso/outputs/field_0.001/vdw-df2-c09/top/data/ldos.pp.dat130

     Writing data to be plotted to file /home/ubuntu/projects/Graphene-Band-Structure-Quantum-Espresso/outputs/field_0.001/vdw-df2-c09/top/data/ldos.pp.dat130.xsf
     Plot Type: 3D                     Output format: XCrySDen     
     Reading data from file  /home/ubuntu/projects/Graphene-Band-Structure-Quantum-Espresso/outputs/field_0.001/vdw-df2-c09/top/data/ldos.pp.dat131

     Writing data to be plotted to file /home/ubuntu/projects/Graphene-Band-Structure-Quantum-Espresso/outputs/field_0.001/vdw-df2-c09/top/data/ldos.pp.dat131.xsf
     Plot Type: 3D                     Output format: XCrySDen     
     Reading data from file  /home/ubuntu/projects/Graphene-Band-Structure-Quantum-Espresso/outputs/field_0.001/vdw-df2-c09/top/data/ldos.pp.dat132

     Writing data to be plotted to file /home/ubuntu/projects/Graphene-Band-Structure-Quantum-Espresso/outputs/field_0.001/vdw-df2-c09/top/data/ldos.pp.dat132.xsf
     Plot Type: 3D                     Output format: XCrySDen     
     Reading data from file  /home/ubuntu/projects/Graphene-Band-Structure-Quantum-Espresso/outputs/field_0.001/vdw-df2-c09/top/data/ldos.pp.dat133

     Writing data to be plotted to file /home/ubuntu/projects/Graphene-Band-Structure-Quantum-Espresso/outputs/field_0.001/vdw-df2-c09/top/data/ldos.pp.dat133.xsf
     Plot Type: 3D                     Output format: XCrySDen     
     Reading data from file  /home/ubuntu/projects/Graphene-Band-Structure-Quantum-Espresso/outputs/field_0.001/vdw-df2-c09/top/data/ldos.pp.dat134

     Writing data to be plotted to file /home/ubuntu/projects/Graphene-Band-Structure-Quantum-Espresso/outputs/field_0.001/vdw-df2-c09/top/data/ldos.pp.dat134.xsf
     Plot Type: 3D                     Output format: XCrySDen     
     Reading data from file  /home/ubuntu/projects/Graphene-Band-Structure-Quantum-Espresso/outputs/field_0.001/vdw-df2-c09/top/data/ldos.pp.dat135

     Writing data to be plotted to file /home/ubuntu/projects/Graphene-Band-Structure-Quantum-Espresso/outputs/field_0.001/vdw-df2-c09/top/data/ldos.pp.dat135.xsf
     Plot Type: 3D                     Output format: XCrySDen     
     Reading data from file  /home/ubuntu/projects/Graphene-Band-Structure-Quantum-Espresso/outputs/field_0.001/vdw-df2-c09/top/data/ldos.pp.dat136

     Writing data to be plotted to file /home/ubuntu/projects/Graphene-Band-Structure-Quantum-Espresso/outputs/field_0.001/vdw-df2-c09/top/data/ldos.pp.dat136.xsf
     Plot Type: 3D                     Output format: XCrySDen     
     Reading data from file  /home/ubuntu/projects/Graphene-Band-Structure-Quantum-Espresso/outputs/field_0.001/vdw-df2-c09/top/data/ldos.pp.dat137

     Writing data to be plotted to file /home/ubuntu/projects/Graphene-Band-Structure-Quantum-Espresso/outputs/field_0.001/vdw-df2-c09/top/data/ldos.pp.dat137.xsf
     Plot Type: 3D                     Output format: XCrySDen     
     Reading data from file  /home/ubuntu/projects/Graphene-Band-Structure-Quantum-Espresso/outputs/field_0.001/vdw-df2-c09/top/data/ldos.pp.dat138

     Writing data to be plotted to file /home/ubuntu/projects/Graphene-Band-Structure-Quantum-Espresso/outputs/field_0.001/vdw-df2-c09/top/data/ldos.pp.dat138.xsf
     Plot Type: 3D                     Output format: XCrySDen     
     Reading data from file  /home/ubuntu/projects/Graphene-Band-Structure-Quantum-Espresso/outputs/field_0.001/vdw-df2-c09/top/data/ldos.pp.dat139

     Writing data to be plotted to file /home/ubuntu/projects/Graphene-Band-Structure-Quantum-Espresso/outputs/field_0.001/vdw-df2-c09/top/data/ldos.pp.dat139.xsf
     Plot Type: 3D                     Output format: XCrySDen     
     Reading data from file  /home/ubuntu/projects/Graphene-Band-Structure-Quantum-Espresso/outputs/field_0.001/vdw-df2-c09/top/data/ldos.pp.dat140

     Writing data to be plotted to file /home/ubuntu/projects/Graphene-Band-Structure-Quantum-Espresso/outputs/field_0.001/vdw-df2-c09/top/data/ldos.pp.dat140.xsf
     Plot Type: 3D                     Output format: XCrySDen     
     Reading data from file  /home/ubuntu/projects/Graphene-Band-Structure-Quantum-Espresso/outputs/field_0.001/vdw-df2-c09/top/data/ldos.pp.dat141

     Writing data to be plotted to file /home/ubuntu/projects/Graphene-Band-Structure-Quantum-Espresso/outputs/field_0.001/vdw-df2-c09/top/data/ldos.pp.dat141.xsf
     Plot Type: 3D                     Output format: XCrySDen     
     Reading data from file  /home/ubuntu/projects/Graphene-Band-Structure-Quantum-Espresso/outputs/field_0.001/vdw-df2-c09/top/data/ldos.pp.dat142

     Writing data to be plotted to file /home/ubuntu/projects/Graphene-Band-Structure-Quantum-Espresso/outputs/field_0.001/vdw-df2-c09/top/data/ldos.pp.dat142.xsf
     Plot Type: 3D                     Output format: XCrySDen     
     Reading data from file  /home/ubuntu/projects/Graphene-Band-Structure-Quantum-Espresso/outputs/field_0.001/vdw-df2-c09/top/data/ldos.pp.dat143

     Writing data to be plotted to file /home/ubuntu/projects/Graphene-Band-Structure-Quantum-Espresso/outputs/field_0.001/vdw-df2-c09/top/data/ldos.pp.dat143.xsf
     Plot Type: 3D                     Output format: XCrySDen     
     Reading data from file  /home/ubuntu/projects/Graphene-Band-Structure-Quantum-Espresso/outputs/field_0.001/vdw-df2-c09/top/data/ldos.pp.dat144

     Writing data to be plotted to file /home/ubuntu/projects/Graphene-Band-Structure-Quantum-Espresso/outputs/field_0.001/vdw-df2-c09/top/data/ldos.pp.dat144.xsf
     Plot Type: 3D                     Output format: XCrySDen     
     Reading data from file  /home/ubuntu/projects/Graphene-Band-Structure-Quantum-Espresso/outputs/field_0.001/vdw-df2-c09/top/data/ldos.pp.dat145

     Writing data to be plotted to file /home/ubuntu/projects/Graphene-Band-Structure-Quantum-Espresso/outputs/field_0.001/vdw-df2-c09/top/data/ldos.pp.dat145.xsf
     Plot Type: 3D                     Output format: XCrySDen     
     Reading data from file  /home/ubuntu/projects/Graphene-Band-Structure-Quantum-Espresso/outputs/field_0.001/vdw-df2-c09/top/data/ldos.pp.dat146

     Writing data to be plotted to file /home/ubuntu/projects/Graphene-Band-Structure-Quantum-Espresso/outputs/field_0.001/vdw-df2-c09/top/data/ldos.pp.dat146.xsf
     Plot Type: 3D                     Output format: XCrySDen     
     Reading data from file  /home/ubuntu/projects/Graphene-Band-Structure-Quantum-Espresso/outputs/field_0.001/vdw-df2-c09/top/data/ldos.pp.dat147

     Writing data to be plotted to file /home/ubuntu/projects/Graphene-Band-Structure-Quantum-Espresso/outputs/field_0.001/vdw-df2-c09/top/data/ldos.pp.dat147.xsf
     Plot Type: 3D                     Output format: XCrySDen     
     Reading data from file  /home/ubuntu/projects/Graphene-Band-Structure-Quantum-Espresso/outputs/field_0.001/vdw-df2-c09/top/data/ldos.pp.dat148

     Writing data to be plotted to file /home/ubuntu/projects/Graphene-Band-Structure-Quantum-Espresso/outputs/field_0.001/vdw-df2-c09/top/data/ldos.pp.dat148.xsf
     Plot Type: 3D                     Output format: XCrySDen     
     Reading data from file  /home/ubuntu/projects/Graphene-Band-Structure-Quantum-Espresso/outputs/field_0.001/vdw-df2-c09/top/data/ldos.pp.dat149

     Writing data to be plotted to file /home/ubuntu/projects/Graphene-Band-Structure-Quantum-Espresso/outputs/field_0.001/vdw-df2-c09/top/data/ldos.pp.dat149.xsf
     Plot Type: 3D                     Output format: XCrySDen     
     Reading data from file  /home/ubuntu/projects/Graphene-Band-Structure-Quantum-Espresso/outputs/field_0.001/vdw-df2-c09/top/data/ldos.pp.dat150

     Writing data to be plotted to file /home/ubuntu/projects/Graphene-Band-Structure-Quantum-Espresso/outputs/field_0.001/vdw-df2-c09/top/data/ldos.pp.dat150.xsf
     Plot Type: 3D                     Output format: XCrySDen     
     Reading data from file  /home/ubuntu/projects/Graphene-Band-Structure-Quantum-Espresso/outputs/field_0.001/vdw-df2-c09/top/data/ldos.pp.dat151

     Writing data to be plotted to file /home/ubuntu/projects/Graphene-Band-Structure-Quantum-Espresso/outputs/field_0.001/vdw-df2-c09/top/data/ldos.pp.dat151.xsf
     Plot Type: 3D                     Output format: XCrySDen     
     Reading data from file  /home/ubuntu/projects/Graphene-Band-Structure-Quantum-Espresso/outputs/field_0.001/vdw-df2-c09/top/data/ldos.pp.dat152

     Writing data to be plotted to file /home/ubuntu/projects/Graphene-Band-Structure-Quantum-Espresso/outputs/field_0.001/vdw-df2-c09/top/data/ldos.pp.dat152.xsf
     Plot Type: 3D                     Output format: XCrySDen     
     Reading data from file  /home/ubuntu/projects/Graphene-Band-Structure-Quantum-Espresso/outputs/field_0.001/vdw-df2-c09/top/data/ldos.pp.dat153

     Writing data to be plotted to file /home/ubuntu/projects/Graphene-Band-Structure-Quantum-Espresso/outputs/field_0.001/vdw-df2-c09/top/data/ldos.pp.dat153.xsf
     Plot Type: 3D                     Output format: XCrySDen     
     Reading data from file  /home/ubuntu/projects/Graphene-Band-Structure-Quantum-Espresso/outputs/field_0.001/vdw-df2-c09/top/data/ldos.pp.dat154

     Writing data to be plotted to file /home/ubuntu/projects/Graphene-Band-Structure-Quantum-Espresso/outputs/field_0.001/vdw-df2-c09/top/data/ldos.pp.dat154.xsf
     Plot Type: 3D                     Output format: XCrySDen     
     Reading data from file  /home/ubuntu/projects/Graphene-Band-Structure-Quantum-Espresso/outputs/field_0.001/vdw-df2-c09/top/data/ldos.pp.dat155

     Writing data to be plotted to file /home/ubuntu/projects/Graphene-Band-Structure-Quantum-Espresso/outputs/field_0.001/vdw-df2-c09/top/data/ldos.pp.dat155.xsf
     Plot Type: 3D                     Output format: XCrySDen     
     Reading data from file  /home/ubuntu/projects/Graphene-Band-Structure-Quantum-Espresso/outputs/field_0.001/vdw-df2-c09/top/data/ldos.pp.dat156

     Writing data to be plotted to file /home/ubuntu/projects/Graphene-Band-Structure-Quantum-Espresso/outputs/field_0.001/vdw-df2-c09/top/data/ldos.pp.dat156.xsf
     Plot Type: 3D                     Output format: XCrySDen     
     Reading data from file  /home/ubuntu/projects/Graphene-Band-Structure-Quantum-Espresso/outputs/field_0.001/vdw-df2-c09/top/data/ldos.pp.dat157

     Writing data to be plotted to file /home/ubuntu/projects/Graphene-Band-Structure-Quantum-Espresso/outputs/field_0.001/vdw-df2-c09/top/data/ldos.pp.dat157.xsf
     Plot Type: 3D                     Output format: XCrySDen     
     Reading data from file  /home/ubuntu/projects/Graphene-Band-Structure-Quantum-Espresso/outputs/field_0.001/vdw-df2-c09/top/data/ldos.pp.dat158

     Writing data to be plotted to file /home/ubuntu/projects/Graphene-Band-Structure-Quantum-Espresso/outputs/field_0.001/vdw-df2-c09/top/data/ldos.pp.dat158.xsf
     Plot Type: 3D                     Output format: XCrySDen     
     Reading data from file  /home/ubuntu/projects/Graphene-Band-Structure-Quantum-Espresso/outputs/field_0.001/vdw-df2-c09/top/data/ldos.pp.dat159

     Writing data to be plotted to file /home/ubuntu/projects/Graphene-Band-Structure-Quantum-Espresso/outputs/field_0.001/vdw-df2-c09/top/data/ldos.pp.dat159.xsf
     Plot Type: 3D                     Output format: XCrySDen     
     Reading data from file  /home/ubuntu/projects/Graphene-Band-Structure-Quantum-Espresso/outputs/field_0.001/vdw-df2-c09/top/data/ldos.pp.dat160

     Writing data to be plotted to file /home/ubuntu/projects/Graphene-Band-Structure-Quantum-Espresso/outputs/field_0.001/vdw-df2-c09/top/data/ldos.pp.dat160.xsf
     Plot Type: 3D                     Output format: XCrySDen     
     Reading data from file  /home/ubuntu/projects/Graphene-Band-Structure-Quantum-Espresso/outputs/field_0.001/vdw-df2-c09/top/data/ldos.pp.dat161

     Writing data to be plotted to file /home/ubuntu/projects/Graphene-Band-Structure-Quantum-Espresso/outputs/field_0.001/vdw-df2-c09/top/data/ldos.pp.dat161.xsf
     Plot Type: 3D                     Output format: XCrySDen     
     Reading data from file  /home/ubuntu/projects/Graphene-Band-Structure-Quantum-Espresso/outputs/field_0.001/vdw-df2-c09/top/data/ldos.pp.dat162

     Writing data to be plotted to file /home/ubuntu/projects/Graphene-Band-Structure-Quantum-Espresso/outputs/field_0.001/vdw-df2-c09/top/data/ldos.pp.dat162.xsf
     Plot Type: 3D                     Output format: XCrySDen     
     Reading data from file  /home/ubuntu/projects/Graphene-Band-Structure-Quantum-Espresso/outputs/field_0.001/vdw-df2-c09/top/data/ldos.pp.dat163

     Writing data to be plotted to file /home/ubuntu/projects/Graphene-Band-Structure-Quantum-Espresso/outputs/field_0.001/vdw-df2-c09/top/data/ldos.pp.dat163.xsf
     Plot Type: 3D                     Output format: XCrySDen     
     Reading data from file  /home/ubuntu/projects/Graphene-Band-Structure-Quantum-Espresso/outputs/field_0.001/vdw-df2-c09/top/data/ldos.pp.dat164

     Writing data to be plotted to file /home/ubuntu/projects/Graphene-Band-Structure-Quantum-Espresso/outputs/field_0.001/vdw-df2-c09/top/data/ldos.pp.dat164.xsf
     Plot Type: 3D                     Output format: XCrySDen     
     Reading data from file  /home/ubuntu/projects/Graphene-Band-Structure-Quantum-Espresso/outputs/field_0.001/vdw-df2-c09/top/data/ldos.pp.dat165

     Writing data to be plotted to file /home/ubuntu/projects/Graphene-Band-Structure-Quantum-Espresso/outputs/field_0.001/vdw-df2-c09/top/data/ldos.pp.dat165.xsf
     Plot Type: 3D                     Output format: XCrySDen     
     Reading data from file  /home/ubuntu/projects/Graphene-Band-Structure-Quantum-Espresso/outputs/field_0.001/vdw-df2-c09/top/data/ldos.pp.dat166

     Writing data to be plotted to file /home/ubuntu/projects/Graphene-Band-Structure-Quantum-Espresso/outputs/field_0.001/vdw-df2-c09/top/data/ldos.pp.dat166.xsf
     Plot Type: 3D                     Output format: XCrySDen     
     Reading data from file  /home/ubuntu/projects/Graphene-Band-Structure-Quantum-Espresso/outputs/field_0.001/vdw-df2-c09/top/data/ldos.pp.dat167

     Writing data to be plotted to file /home/ubuntu/projects/Graphene-Band-Structure-Quantum-Espresso/outputs/field_0.001/vdw-df2-c09/top/data/ldos.pp.dat167.xsf
     Plot Type: 3D                     Output format: XCrySDen     
     Reading data from file  /home/ubuntu/projects/Graphene-Band-Structure-Quantum-Espresso/outputs/field_0.001/vdw-df2-c09/top/data/ldos.pp.dat168

     Writing data to be plotted to file /home/ubuntu/projects/Graphene-Band-Structure-Quantum-Espresso/outputs/field_0.001/vdw-df2-c09/top/data/ldos.pp.dat168.xsf
     Plot Type: 3D                     Output format: XCrySDen     
     Reading data from file  /home/ubuntu/projects/Graphene-Band-Structure-Quantum-Espresso/outputs/field_0.001/vdw-df2-c09/top/data/ldos.pp.dat169

     Writing data to be plotted to file /home/ubuntu/projects/Graphene-Band-Structure-Quantum-Espresso/outputs/field_0.001/vdw-df2-c09/top/data/ldos.pp.dat169.xsf
     Plot Type: 3D                     Output format: XCrySDen     
     Reading data from file  /home/ubuntu/projects/Graphene-Band-Structure-Quantum-Espresso/outputs/field_0.001/vdw-df2-c09/top/data/ldos.pp.dat170

     Writing data to be plotted to file /home/ubuntu/projects/Graphene-Band-Structure-Quantum-Espresso/outputs/field_0.001/vdw-df2-c09/top/data/ldos.pp.dat170.xsf
     Plot Type: 3D                     Output format: XCrySDen     
     Reading data from file  /home/ubuntu/projects/Graphene-Band-Structure-Quantum-Espresso/outputs/field_0.001/vdw-df2-c09/top/data/ldos.pp.dat171

     Writing data to be plotted to file /home/ubuntu/projects/Graphene-Band-Structure-Quantum-Espresso/outputs/field_0.001/vdw-df2-c09/top/data/ldos.pp.dat171.xsf
     Plot Type: 3D                     Output format: XCrySDen     
     Reading data from file  /home/ubuntu/projects/Graphene-Band-Structure-Quantum-Espresso/outputs/field_0.001/vdw-df2-c09/top/data/ldos.pp.dat172

     Writing data to be plotted to file /home/ubuntu/projects/Graphene-Band-Structure-Quantum-Espresso/outputs/field_0.001/vdw-df2-c09/top/data/ldos.pp.dat172.xsf
     Plot Type: 3D                     Output format: XCrySDen     
     Reading data from file  /home/ubuntu/projects/Graphene-Band-Structure-Quantum-Espresso/outputs/field_0.001/vdw-df2-c09/top/data/ldos.pp.dat173

     Writing data to be plotted to file /home/ubuntu/projects/Graphene-Band-Structure-Quantum-Espresso/outputs/field_0.001/vdw-df2-c09/top/data/ldos.pp.dat173.xsf
     Plot Type: 3D                     Output format: XCrySDen     
     Reading data from file  /home/ubuntu/projects/Graphene-Band-Structure-Quantum-Espresso/outputs/field_0.001/vdw-df2-c09/top/data/ldos.pp.dat174

     Writing data to be plotted to file /home/ubuntu/projects/Graphene-Band-Structure-Quantum-Espresso/outputs/field_0.001/vdw-df2-c09/top/data/ldos.pp.dat174.xsf
     Plot Type: 3D                     Output format: XCrySDen     
     Reading data from file  /home/ubuntu/projects/Graphene-Band-Structure-Quantum-Espresso/outputs/field_0.001/vdw-df2-c09/top/data/ldos.pp.dat175

     Writing data to be plotted to file /home/ubuntu/projects/Graphene-Band-Structure-Quantum-Espresso/outputs/field_0.001/vdw-df2-c09/top/data/ldos.pp.dat175.xsf
     Plot Type: 3D                     Output format: XCrySDen     
     Reading data from file  /home/ubuntu/projects/Graphene-Band-Structure-Quantum-Espresso/outputs/field_0.001/vdw-df2-c09/top/data/ldos.pp.dat176

     Writing data to be plotted to file /home/ubuntu/projects/Graphene-Band-Structure-Quantum-Espresso/outputs/field_0.001/vdw-df2-c09/top/data/ldos.pp.dat176.xsf
     Plot Type: 3D                     Output format: XCrySDen     
     Reading data from file  /home/ubuntu/projects/Graphene-Band-Structure-Quantum-Espresso/outputs/field_0.001/vdw-df2-c09/top/data/ldos.pp.dat177

     Writing data to be plotted to file /home/ubuntu/projects/Graphene-Band-Structure-Quantum-Espresso/outputs/field_0.001/vdw-df2-c09/top/data/ldos.pp.dat177.xsf
     Plot Type: 3D                     Output format: XCrySDen     
     Reading data from file  /home/ubuntu/projects/Graphene-Band-Structure-Quantum-Espresso/outputs/field_0.001/vdw-df2-c09/top/data/ldos.pp.dat178

     Writing data to be plotted to file /home/ubuntu/projects/Graphene-Band-Structure-Quantum-Espresso/outputs/field_0.001/vdw-df2-c09/top/data/ldos.pp.dat178.xsf
     Plot Type: 3D                     Output format: XCrySDen     
     Reading data from file  /home/ubuntu/projects/Graphene-Band-Structure-Quantum-Espresso/outputs/field_0.001/vdw-df2-c09/top/data/ldos.pp.dat179

     Writing data to be plotted to file /home/ubuntu/projects/Graphene-Band-Structure-Quantum-Espresso/outputs/field_0.001/vdw-df2-c09/top/data/ldos.pp.dat179.xsf
     Plot Type: 3D                     Output format: XCrySDen     
     Reading data from file  /home/ubuntu/projects/Graphene-Band-Structure-Quantum-Espresso/outputs/field_0.001/vdw-df2-c09/top/data/ldos.pp.dat180

     Writing data to be plotted to file /home/ubuntu/projects/Graphene-Band-Structure-Quantum-Espresso/outputs/field_0.001/vdw-df2-c09/top/data/ldos.pp.dat180.xsf
     Plot Type: 3D                     Output format: XCrySDen     
     Reading data from file  /home/ubuntu/projects/Graphene-Band-Structure-Quantum-Espresso/outputs/field_0.001/vdw-df2-c09/top/data/ldos.pp.dat181

     Writing data to be plotted to file /home/ubuntu/projects/Graphene-Band-Structure-Quantum-Espresso/outputs/field_0.001/vdw-df2-c09/top/data/ldos.pp.dat181.xsf
     Plot Type: 3D                     Output format: XCrySDen     
     Reading data from file  /home/ubuntu/projects/Graphene-Band-Structure-Quantum-Espresso/outputs/field_0.001/vdw-df2-c09/top/data/ldos.pp.dat182

     Writing data to be plotted to file /home/ubuntu/projects/Graphene-Band-Structure-Quantum-Espresso/outputs/field_0.001/vdw-df2-c09/top/data/ldos.pp.dat182.xsf
     Plot Type: 3D                     Output format: XCrySDen     
     Reading data from file  /home/ubuntu/projects/Graphene-Band-Structure-Quantum-Espresso/outputs/field_0.001/vdw-df2-c09/top/data/ldos.pp.dat183

     Writing data to be plotted to file /home/ubuntu/projects/Graphene-Band-Structure-Quantum-Espresso/outputs/field_0.001/vdw-df2-c09/top/data/ldos.pp.dat183.xsf
     Plot Type: 3D                     Output format: XCrySDen     
     Reading data from file  /home/ubuntu/projects/Graphene-Band-Structure-Quantum-Espresso/outputs/field_0.001/vdw-df2-c09/top/data/ldos.pp.dat184

     Writing data to be plotted to file /home/ubuntu/projects/Graphene-Band-Structure-Quantum-Espresso/outputs/field_0.001/vdw-df2-c09/top/data/ldos.pp.dat184.xsf
     Plot Type: 3D                     Output format: XCrySDen     
     Reading data from file  /home/ubuntu/projects/Graphene-Band-Structure-Quantum-Espresso/outputs/field_0.001/vdw-df2-c09/top/data/ldos.pp.dat185

     Writing data to be plotted to file /home/ubuntu/projects/Graphene-Band-Structure-Quantum-Espresso/outputs/field_0.001/vdw-df2-c09/top/data/ldos.pp.dat185.xsf
     Plot Type: 3D                     Output format: XCrySDen     
     Reading data from file  /home/ubuntu/projects/Graphene-Band-Structure-Quantum-Espresso/outputs/field_0.001/vdw-df2-c09/top/data/ldos.pp.dat186

     Writing data to be plotted to file /home/ubuntu/projects/Graphene-Band-Structure-Quantum-Espresso/outputs/field_0.001/vdw-df2-c09/top/data/ldos.pp.dat186.xsf
     Plot Type: 3D                     Output format: XCrySDen     
     Reading data from file  /home/ubuntu/projects/Graphene-Band-Structure-Quantum-Espresso/outputs/field_0.001/vdw-df2-c09/top/data/ldos.pp.dat187

     Writing data to be plotted to file /home/ubuntu/projects/Graphene-Band-Structure-Quantum-Espresso/outputs/field_0.001/vdw-df2-c09/top/data/ldos.pp.dat187.xsf
     Plot Type: 3D                     Output format: XCrySDen     
     Reading data from file  /home/ubuntu/projects/Graphene-Band-Structure-Quantum-Espresso/outputs/field_0.001/vdw-df2-c09/top/data/ldos.pp.dat188

     Writing data to be plotted to file /home/ubuntu/projects/Graphene-Band-Structure-Quantum-Espresso/outputs/field_0.001/vdw-df2-c09/top/data/ldos.pp.dat188.xsf
     Plot Type: 3D                     Output format: XCrySDen     
     Reading data from file  /home/ubuntu/projects/Graphene-Band-Structure-Quantum-Espresso/outputs/field_0.001/vdw-df2-c09/top/data/ldos.pp.dat189

     Writing data to be plotted to file /home/ubuntu/projects/Graphene-Band-Structure-Quantum-Espresso/outputs/field_0.001/vdw-df2-c09/top/data/ldos.pp.dat189.xsf
     Plot Type: 3D                     Output format: XCrySDen     
     Reading data from file  /home/ubuntu/projects/Graphene-Band-Structure-Quantum-Espresso/outputs/field_0.001/vdw-df2-c09/top/data/ldos.pp.dat190

     Writing data to be plotted to file /home/ubuntu/projects/Graphene-Band-Structure-Quantum-Espresso/outputs/field_0.001/vdw-df2-c09/top/data/ldos.pp.dat190.xsf
     Plot Type: 3D                     Output format: XCrySDen     
     Reading data from file  /home/ubuntu/projects/Graphene-Band-Structure-Quantum-Espresso/outputs/field_0.001/vdw-df2-c09/top/data/ldos.pp.dat191

     Writing data to be plotted to file /home/ubuntu/projects/Graphene-Band-Structure-Quantum-Espresso/outputs/field_0.001/vdw-df2-c09/top/data/ldos.pp.dat191.xsf
     Plot Type: 3D                     Output format: XCrySDen     
     Reading data from file  /home/ubuntu/projects/Graphene-Band-Structure-Quantum-Espresso/outputs/field_0.001/vdw-df2-c09/top/data/ldos.pp.dat192

     Writing data to be plotted to file /home/ubuntu/projects/Graphene-Band-Structure-Quantum-Espresso/outputs/field_0.001/vdw-df2-c09/top/data/ldos.pp.dat192.xsf
     Plot Type: 3D                     Output format: XCrySDen     
     Reading data from file  /home/ubuntu/projects/Graphene-Band-Structure-Quantum-Espresso/outputs/field_0.001/vdw-df2-c09/top/data/ldos.pp.dat193

     Writing data to be plotted to file /home/ubuntu/projects/Graphene-Band-Structure-Quantum-Espresso/outputs/field_0.001/vdw-df2-c09/top/data/ldos.pp.dat193.xsf
     Plot Type: 3D                     Output format: XCrySDen     
     Reading data from file  /home/ubuntu/projects/Graphene-Band-Structure-Quantum-Espresso/outputs/field_0.001/vdw-df2-c09/top/data/ldos.pp.dat194

     Writing data to be plotted to file /home/ubuntu/projects/Graphene-Band-Structure-Quantum-Espresso/outputs/field_0.001/vdw-df2-c09/top/data/ldos.pp.dat194.xsf
     Plot Type: 3D                     Output format: XCrySDen     
     Reading data from file  /home/ubuntu/projects/Graphene-Band-Structure-Quantum-Espresso/outputs/field_0.001/vdw-df2-c09/top/data/ldos.pp.dat195

     Writing data to be plotted to file /home/ubuntu/projects/Graphene-Band-Structure-Quantum-Espresso/outputs/field_0.001/vdw-df2-c09/top/data/ldos.pp.dat195.xsf
     Plot Type: 3D                     Output format: XCrySDen     
     Reading data from file  /home/ubuntu/projects/Graphene-Band-Structure-Quantum-Espresso/outputs/field_0.001/vdw-df2-c09/top/data/ldos.pp.dat196

     Writing data to be plotted to file /home/ubuntu/projects/Graphene-Band-Structure-Quantum-Espresso/outputs/field_0.001/vdw-df2-c09/top/data/ldos.pp.dat196.xsf
     Plot Type: 3D                     Output format: XCrySDen     
     Reading data from file  /home/ubuntu/projects/Graphene-Band-Structure-Quantum-Espresso/outputs/field_0.001/vdw-df2-c09/top/data/ldos.pp.dat197

     Writing data to be plotted to file /home/ubuntu/projects/Graphene-Band-Structure-Quantum-Espresso/outputs/field_0.001/vdw-df2-c09/top/data/ldos.pp.dat197.xsf
     Plot Type: 3D                     Output format: XCrySDen     
     Reading data from file  /home/ubuntu/projects/Graphene-Band-Structure-Quantum-Espresso/outputs/field_0.001/vdw-df2-c09/top/data/ldos.pp.dat198

     Writing data to be plotted to file /home/ubuntu/projects/Graphene-Band-Structure-Quantum-Espresso/outputs/field_0.001/vdw-df2-c09/top/data/ldos.pp.dat198.xsf
     Plot Type: 3D                     Output format: XCrySDen     
     Reading data from file  /home/ubuntu/projects/Graphene-Band-Structure-Quantum-Espresso/outputs/field_0.001/vdw-df2-c09/top/data/ldos.pp.dat199

     Writing data to be plotted to file /home/ubuntu/projects/Graphene-Band-Structure-Quantum-Espresso/outputs/field_0.001/vdw-df2-c09/top/data/ldos.pp.dat199.xsf
     Plot Type: 3D                     Output format: XCrySDen     
     Reading data from file  /home/ubuntu/projects/Graphene-Band-Structure-Quantum-Espresso/outputs/field_0.001/vdw-df2-c09/top/data/ldos.pp.dat200

     Writing data to be plotted to file /home/ubuntu/projects/Graphene-Band-Structure-Quantum-Espresso/outputs/field_0.001/vdw-df2-c09/top/data/ldos.pp.dat200.xsf
     Plot Type: 3D                     Output format: XCrySDen     
     Reading data from file  /home/ubuntu/projects/Graphene-Band-Structure-Quantum-Espresso/outputs/field_0.001/vdw-df2-c09/top/data/ldos.pp.dat201

     Writing data to be plotted to file /home/ubuntu/projects/Graphene-Band-Structure-Quantum-Espresso/outputs/field_0.001/vdw-df2-c09/top/data/ldos.pp.dat201.xsf
     Plot Type: 3D                     Output format: XCrySDen     
     Reading data from file  /home/ubuntu/projects/Graphene-Band-Structure-Quantum-Espresso/outputs/field_0.001/vdw-df2-c09/top/data/ldos.pp.dat202

     Writing data to be plotted to file /home/ubuntu/projects/Graphene-Band-Structure-Quantum-Espresso/outputs/field_0.001/vdw-df2-c09/top/data/ldos.pp.dat202.xsf
     Plot Type: 3D                     Output format: XCrySDen     
     Reading data from file  /home/ubuntu/projects/Graphene-Band-Structure-Quantum-Espresso/outputs/field_0.001/vdw-df2-c09/top/data/ldos.pp.dat203

     Writing data to be plotted to file /home/ubuntu/projects/Graphene-Band-Structure-Quantum-Espresso/outputs/field_0.001/vdw-df2-c09/top/data/ldos.pp.dat203.xsf
     Plot Type: 3D                     Output format: XCrySDen     
     Reading data from file  /home/ubuntu/projects/Graphene-Band-Structure-Quantum-Espresso/outputs/field_0.001/vdw-df2-c09/top/data/ldos.pp.dat204

     Writing data to be plotted to file /home/ubuntu/projects/Graphene-Band-Structure-Quantum-Espresso/outputs/field_0.001/vdw-df2-c09/top/data/ldos.pp.dat204.xsf
     Plot Type: 3D                     Output format: XCrySDen     
     Reading data from file  /home/ubuntu/projects/Graphene-Band-Structure-Quantum-Espresso/outputs/field_0.001/vdw-df2-c09/top/data/ldos.pp.dat205

     Writing data to be plotted to file /home/ubuntu/projects/Graphene-Band-Structure-Quantum-Espresso/outputs/field_0.001/vdw-df2-c09/top/data/ldos.pp.dat205.xsf
     Plot Type: 3D                     Output format: XCrySDen     
     Reading data from file  /home/ubuntu/projects/Graphene-Band-Structure-Quantum-Espresso/outputs/field_0.001/vdw-df2-c09/top/data/ldos.pp.dat206

     Writing data to be plotted to file /home/ubuntu/projects/Graphene-Band-Structure-Quantum-Espresso/outputs/field_0.001/vdw-df2-c09/top/data/ldos.pp.dat206.xsf
     Plot Type: 3D                     Output format: XCrySDen     
     Reading data from file  /home/ubuntu/projects/Graphene-Band-Structure-Quantum-Espresso/outputs/field_0.001/vdw-df2-c09/top/data/ldos.pp.dat207

     Writing data to be plotted to file /home/ubuntu/projects/Graphene-Band-Structure-Quantum-Espresso/outputs/field_0.001/vdw-df2-c09/top/data/ldos.pp.dat207.xsf
     Plot Type: 3D                     Output format: XCrySDen     
     Reading data from file  /home/ubuntu/projects/Graphene-Band-Structure-Quantum-Espresso/outputs/field_0.001/vdw-df2-c09/top/data/ldos.pp.dat208

     Writing data to be plotted to file /home/ubuntu/projects/Graphene-Band-Structure-Quantum-Espresso/outputs/field_0.001/vdw-df2-c09/top/data/ldos.pp.dat208.xsf
     Plot Type: 3D                     Output format: XCrySDen     
     Reading data from file  /home/ubuntu/projects/Graphene-Band-Structure-Quantum-Espresso/outputs/field_0.001/vdw-df2-c09/top/data/ldos.pp.dat209

     Writing data to be plotted to file /home/ubuntu/projects/Graphene-Band-Structure-Quantum-Espresso/outputs/field_0.001/vdw-df2-c09/top/data/ldos.pp.dat209.xsf
     Plot Type: 3D                     Output format: XCrySDen     
     Reading data from file  /home/ubuntu/projects/Graphene-Band-Structure-Quantum-Espresso/outputs/field_0.001/vdw-df2-c09/top/data/ldos.pp.dat210

     Writing data to be plotted to file /home/ubuntu/projects/Graphene-Band-Structure-Quantum-Espresso/outputs/field_0.001/vdw-df2-c09/top/data/ldos.pp.dat210.xsf
     Plot Type: 3D                     Output format: XCrySDen     
     Reading data from file  /home/ubuntu/projects/Graphene-Band-Structure-Quantum-Espresso/outputs/field_0.001/vdw-df2-c09/top/data/ldos.pp.dat211

     Writing data to be plotted to file /home/ubuntu/projects/Graphene-Band-Structure-Quantum-Espresso/outputs/field_0.001/vdw-df2-c09/top/data/ldos.pp.dat211.xsf
     Plot Type: 3D                     Output format: XCrySDen     
     Reading data from file  /home/ubuntu/projects/Graphene-Band-Structure-Quantum-Espresso/outputs/field_0.001/vdw-df2-c09/top/data/ldos.pp.dat212

     Writing data to be plotted to file /home/ubuntu/projects/Graphene-Band-Structure-Quantum-Espresso/outputs/field_0.001/vdw-df2-c09/top/data/ldos.pp.dat212.xsf
     Plot Type: 3D                     Output format: XCrySDen     
     Reading data from file  /home/ubuntu/projects/Graphene-Band-Structure-Quantum-Espresso/outputs/field_0.001/vdw-df2-c09/top/data/ldos.pp.dat213

     Writing data to be plotted to file /home/ubuntu/projects/Graphene-Band-Structure-Quantum-Espresso/outputs/field_0.001/vdw-df2-c09/top/data/ldos.pp.dat213.xsf
     Plot Type: 3D                     Output format: XCrySDen     
     Reading data from file  /home/ubuntu/projects/Graphene-Band-Structure-Quantum-Espresso/outputs/field_0.001/vdw-df2-c09/top/data/ldos.pp.dat214

     Writing data to be plotted to file /home/ubuntu/projects/Graphene-Band-Structure-Quantum-Espresso/outputs/field_0.001/vdw-df2-c09/top/data/ldos.pp.dat214.xsf
     Plot Type: 3D                     Output format: XCrySDen     
     Reading data from file  /home/ubuntu/projects/Graphene-Band-Structure-Quantum-Espresso/outputs/field_0.001/vdw-df2-c09/top/data/ldos.pp.dat215

     Writing data to be plotted to file /home/ubuntu/projects/Graphene-Band-Structure-Quantum-Espresso/outputs/field_0.001/vdw-df2-c09/top/data/ldos.pp.dat215.xsf
     Plot Type: 3D                     Output format: XCrySDen     
     Reading data from file  /home/ubuntu/projects/Graphene-Band-Structure-Quantum-Espresso/outputs/field_0.001/vdw-df2-c09/top/data/ldos.pp.dat216

     Writing data to be plotted to file /home/ubuntu/projects/Graphene-Band-Structure-Quantum-Espresso/outputs/field_0.001/vdw-df2-c09/top/data/ldos.pp.dat216.xsf
     Plot Type: 3D                     Output format: XCrySDen     
     Reading data from file  /home/ubuntu/projects/Graphene-Band-Structure-Quantum-Espresso/outputs/field_0.001/vdw-df2-c09/top/data/ldos.pp.dat217

     Writing data to be plotted to file /home/ubuntu/projects/Graphene-Band-Structure-Quantum-Espresso/outputs/field_0.001/vdw-df2-c09/top/data/ldos.pp.dat217.xsf
     Plot Type: 3D                     Output format: XCrySDen     
     Reading data from file  /home/ubuntu/projects/Graphene-Band-Structure-Quantum-Espresso/outputs/field_0.001/vdw-df2-c09/top/data/ldos.pp.dat218

     Writing data to be plotted to file /home/ubuntu/projects/Graphene-Band-Structure-Quantum-Espresso/outputs/field_0.001/vdw-df2-c09/top/data/ldos.pp.dat218.xsf
     Plot Type: 3D                     Output format: XCrySDen     
     Reading data from file  /home/ubuntu/projects/Graphene-Band-Structure-Quantum-Espresso/outputs/field_0.001/vdw-df2-c09/top/data/ldos.pp.dat219

     Writing data to be plotted to file /home/ubuntu/projects/Graphene-Band-Structure-Quantum-Espresso/outputs/field_0.001/vdw-df2-c09/top/data/ldos.pp.dat219.xsf
     Plot Type: 3D                     Output format: XCrySDen     
     Reading data from file  /home/ubuntu/projects/Graphene-Band-Structure-Quantum-Espresso/outputs/field_0.001/vdw-df2-c09/top/data/ldos.pp.dat220

     Writing data to be plotted to file /home/ubuntu/projects/Graphene-Band-Structure-Quantum-Espresso/outputs/field_0.001/vdw-df2-c09/top/data/ldos.pp.dat220.xsf
     Plot Type: 3D                     Output format: XCrySDen     
     Reading data from file  /home/ubuntu/projects/Graphene-Band-Structure-Quantum-Espresso/outputs/field_0.001/vdw-df2-c09/top/data/ldos.pp.dat221

     Writing data to be plotted to file /home/ubuntu/projects/Graphene-Band-Structure-Quantum-Espresso/outputs/field_0.001/vdw-df2-c09/top/data/ldos.pp.dat221.xsf
     Plot Type: 3D                     Output format: XCrySDen     
     Reading data from file  /home/ubuntu/projects/Graphene-Band-Structure-Quantum-Espresso/outputs/field_0.001/vdw-df2-c09/top/data/ldos.pp.dat222

     Writing data to be plotted to file /home/ubuntu/projects/Graphene-Band-Structure-Quantum-Espresso/outputs/field_0.001/vdw-df2-c09/top/data/ldos.pp.dat222.xsf
     Plot Type: 3D                     Output format: XCrySDen     
     Reading data from file  /home/ubuntu/projects/Graphene-Band-Structure-Quantum-Espresso/outputs/field_0.001/vdw-df2-c09/top/data/ldos.pp.dat223

     Writing data to be plotted to file /home/ubuntu/projects/Graphene-Band-Structure-Quantum-Espresso/outputs/field_0.001/vdw-df2-c09/top/data/ldos.pp.dat223.xsf
     Plot Type: 3D                     Output format: XCrySDen     
     Reading data from file  /home/ubuntu/projects/Graphene-Band-Structure-Quantum-Espresso/outputs/field_0.001/vdw-df2-c09/top/data/ldos.pp.dat224

     Writing data to be plotted to file /home/ubuntu/projects/Graphene-Band-Structure-Quantum-Espresso/outputs/field_0.001/vdw-df2-c09/top/data/ldos.pp.dat224.xsf
     Plot Type: 3D                     Output format: XCrySDen     
     Reading data from file  /home/ubuntu/projects/Graphene-Band-Structure-Quantum-Espresso/outputs/field_0.001/vdw-df2-c09/top/data/ldos.pp.dat225

     Writing data to be plotted to file /home/ubuntu/projects/Graphene-Band-Structure-Quantum-Espresso/outputs/field_0.001/vdw-df2-c09/top/data/ldos.pp.dat225.xsf
     Plot Type: 3D                     Output format: XCrySDen     
     Reading data from file  /home/ubuntu/projects/Graphene-Band-Structure-Quantum-Espresso/outputs/field_0.001/vdw-df2-c09/top/data/ldos.pp.dat226

     Writing data to be plotted to file /home/ubuntu/projects/Graphene-Band-Structure-Quantum-Espresso/outputs/field_0.001/vdw-df2-c09/top/data/ldos.pp.dat226.xsf
     Plot Type: 3D                     Output format: XCrySDen     
     Reading data from file  /home/ubuntu/projects/Graphene-Band-Structure-Quantum-Espresso/outputs/field_0.001/vdw-df2-c09/top/data/ldos.pp.dat227

     Writing data to be plotted to file /home/ubuntu/projects/Graphene-Band-Structure-Quantum-Espresso/outputs/field_0.001/vdw-df2-c09/top/data/ldos.pp.dat227.xsf
     Plot Type: 3D                     Output format: XCrySDen     
     Reading data from file  /home/ubuntu/projects/Graphene-Band-Structure-Quantum-Espresso/outputs/field_0.001/vdw-df2-c09/top/data/ldos.pp.dat228

     Writing data to be plotted to file /home/ubuntu/projects/Graphene-Band-Structure-Quantum-Espresso/outputs/field_0.001/vdw-df2-c09/top/data/ldos.pp.dat228.xsf
     Plot Type: 3D                     Output format: XCrySDen     
     Reading data from file  /home/ubuntu/projects/Graphene-Band-Structure-Quantum-Espresso/outputs/field_0.001/vdw-df2-c09/top/data/ldos.pp.dat229

     Writing data to be plotted to file /home/ubuntu/projects/Graphene-Band-Structure-Quantum-Espresso/outputs/field_0.001/vdw-df2-c09/top/data/ldos.pp.dat229.xsf
     Plot Type: 3D                     Output format: XCrySDen     
     Reading data from file  /home/ubuntu/projects/Graphene-Band-Structure-Quantum-Espresso/outputs/field_0.001/vdw-df2-c09/top/data/ldos.pp.dat230

     Writing data to be plotted to file /home/ubuntu/projects/Graphene-Band-Structure-Quantum-Espresso/outputs/field_0.001/vdw-df2-c09/top/data/ldos.pp.dat230.xsf
     Plot Type: 3D                     Output format: XCrySDen     
     Reading data from file  /home/ubuntu/projects/Graphene-Band-Structure-Quantum-Espresso/outputs/field_0.001/vdw-df2-c09/top/data/ldos.pp.dat231

     Writing data to be plotted to file /home/ubuntu/projects/Graphene-Band-Structure-Quantum-Espresso/outputs/field_0.001/vdw-df2-c09/top/data/ldos.pp.dat231.xsf
     Plot Type: 3D                     Output format: XCrySDen     
     Reading data from file  /home/ubuntu/projects/Graphene-Band-Structure-Quantum-Espresso/outputs/field_0.001/vdw-df2-c09/top/data/ldos.pp.dat232

     Writing data to be plotted to file /home/ubuntu/projects/Graphene-Band-Structure-Quantum-Espresso/outputs/field_0.001/vdw-df2-c09/top/data/ldos.pp.dat232.xsf
     Plot Type: 3D                     Output format: XCrySDen     
     Reading data from file  /home/ubuntu/projects/Graphene-Band-Structure-Quantum-Espresso/outputs/field_0.001/vdw-df2-c09/top/data/ldos.pp.dat233

     Writing data to be plotted to file /home/ubuntu/projects/Graphene-Band-Structure-Quantum-Espresso/outputs/field_0.001/vdw-df2-c09/top/data/ldos.pp.dat233.xsf
     Plot Type: 3D                     Output format: XCrySDen     
     Reading data from file  /home/ubuntu/projects/Graphene-Band-Structure-Quantum-Espresso/outputs/field_0.001/vdw-df2-c09/top/data/ldos.pp.dat234

     Writing data to be plotted to file /home/ubuntu/projects/Graphene-Band-Structure-Quantum-Espresso/outputs/field_0.001/vdw-df2-c09/top/data/ldos.pp.dat234.xsf
     Plot Type: 3D                     Output format: XCrySDen     
     Reading data from file  /home/ubuntu/projects/Graphene-Band-Structure-Quantum-Espresso/outputs/field_0.001/vdw-df2-c09/top/data/ldos.pp.dat235

     Writing data to be plotted to file /home/ubuntu/projects/Graphene-Band-Structure-Quantum-Espresso/outputs/field_0.001/vdw-df2-c09/top/data/ldos.pp.dat235.xsf
     Plot Type: 3D                     Output format: XCrySDen     
     Reading data from file  /home/ubuntu/projects/Graphene-Band-Structure-Quantum-Espresso/outputs/field_0.001/vdw-df2-c09/top/data/ldos.pp.dat236

     Writing data to be plotted to file /home/ubuntu/projects/Graphene-Band-Structure-Quantum-Espresso/outputs/field_0.001/vdw-df2-c09/top/data/ldos.pp.dat236.xsf
     Plot Type: 3D                     Output format: XCrySDen     
     Reading data from file  /home/ubuntu/projects/Graphene-Band-Structure-Quantum-Espresso/outputs/field_0.001/vdw-df2-c09/top/data/ldos.pp.dat237

     Writing data to be plotted to file /home/ubuntu/projects/Graphene-Band-Structure-Quantum-Espresso/outputs/field_0.001/vdw-df2-c09/top/data/ldos.pp.dat237.xsf
     Plot Type: 3D                     Output format: XCrySDen     
     Reading data from file  /home/ubuntu/projects/Graphene-Band-Structure-Quantum-Espresso/outputs/field_0.001/vdw-df2-c09/top/data/ldos.pp.dat238

     Writing data to be plotted to file /home/ubuntu/projects/Graphene-Band-Structure-Quantum-Espresso/outputs/field_0.001/vdw-df2-c09/top/data/ldos.pp.dat238.xsf
     Plot Type: 3D                     Output format: XCrySDen     
     Reading data from file  /home/ubuntu/projects/Graphene-Band-Structure-Quantum-Espresso/outputs/field_0.001/vdw-df2-c09/top/data/ldos.pp.dat239

     Writing data to be plotted to file /home/ubuntu/projects/Graphene-Band-Structure-Quantum-Espresso/outputs/field_0.001/vdw-df2-c09/top/data/ldos.pp.dat239.xsf
     Plot Type: 3D                     Output format: XCrySDen     
     Reading data from file  /home/ubuntu/projects/Graphene-Band-Structure-Quantum-Espresso/outputs/field_0.001/vdw-df2-c09/top/data/ldos.pp.dat240

     Writing data to be plotted to file /home/ubuntu/projects/Graphene-Band-Structure-Quantum-Espresso/outputs/field_0.001/vdw-df2-c09/top/data/ldos.pp.dat240.xsf
     Plot Type: 3D                     Output format: XCrySDen     
     Reading data from file  /home/ubuntu/projects/Graphene-Band-Structure-Quantum-Espresso/outputs/field_0.001/vdw-df2-c09/top/data/ldos.pp.dat241

     Writing data to be plotted to file /home/ubuntu/projects/Graphene-Band-Structure-Quantum-Espresso/outputs/field_0.001/vdw-df2-c09/top/data/ldos.pp.dat241.xsf
     Plot Type: 3D                     Output format: XCrySDen     
     Reading data from file  /home/ubuntu/projects/Graphene-Band-Structure-Quantum-Espresso/outputs/field_0.001/vdw-df2-c09/top/data/ldos.pp.dat242

     Writing data to be plotted to file /home/ubuntu/projects/Graphene-Band-Structure-Quantum-Espresso/outputs/field_0.001/vdw-df2-c09/top/data/ldos.pp.dat242.xsf
     Plot Type: 3D                     Output format: XCrySDen     
     Reading data from file  /home/ubuntu/projects/Graphene-Band-Structure-Quantum-Espresso/outputs/field_0.001/vdw-df2-c09/top/data/ldos.pp.dat243

     Writing data to be plotted to file /home/ubuntu/projects/Graphene-Band-Structure-Quantum-Espresso/outputs/field_0.001/vdw-df2-c09/top/data/ldos.pp.dat243.xsf
     Plot Type: 3D                     Output format: XCrySDen     
     Reading data from file  /home/ubuntu/projects/Graphene-Band-Structure-Quantum-Espresso/outputs/field_0.001/vdw-df2-c09/top/data/ldos.pp.dat244

     Writing data to be plotted to file /home/ubuntu/projects/Graphene-Band-Structure-Quantum-Espresso/outputs/field_0.001/vdw-df2-c09/top/data/ldos.pp.dat244.xsf
     Plot Type: 3D                     Output format: XCrySDen     
     Reading data from file  /home/ubuntu/projects/Graphene-Band-Structure-Quantum-Espresso/outputs/field_0.001/vdw-df2-c09/top/data/ldos.pp.dat245

     Writing data to be plotted to file /home/ubuntu/projects/Graphene-Band-Structure-Quantum-Espresso/outputs/field_0.001/vdw-df2-c09/top/data/ldos.pp.dat245.xsf
     Plot Type: 3D                     Output format: XCrySDen     
     Reading data from file  /home/ubuntu/projects/Graphene-Band-Structure-Quantum-Espresso/outputs/field_0.001/vdw-df2-c09/top/data/ldos.pp.dat246

     Writing data to be plotted to file /home/ubuntu/projects/Graphene-Band-Structure-Quantum-Espresso/outputs/field_0.001/vdw-df2-c09/top/data/ldos.pp.dat246.xsf
     Plot Type: 3D                     Output format: XCrySDen     
     Reading data from file  /home/ubuntu/projects/Graphene-Band-Structure-Quantum-Espresso/outputs/field_0.001/vdw-df2-c09/top/data/ldos.pp.dat247

     Writing data to be plotted to file /home/ubuntu/projects/Graphene-Band-Structure-Quantum-Espresso/outputs/field_0.001/vdw-df2-c09/top/data/ldos.pp.dat247.xsf
     Plot Type: 3D                     Output format: XCrySDen     
     Reading data from file  /home/ubuntu/projects/Graphene-Band-Structure-Quantum-Espresso/outputs/field_0.001/vdw-df2-c09/top/data/ldos.pp.dat248

     Writing data to be plotted to file /home/ubuntu/projects/Graphene-Band-Structure-Quantum-Espresso/outputs/field_0.001/vdw-df2-c09/top/data/ldos.pp.dat248.xsf
     Plot Type: 3D                     Output format: XCrySDen     
     Reading data from file  /home/ubuntu/projects/Graphene-Band-Structure-Quantum-Espresso/outputs/field_0.001/vdw-df2-c09/top/data/ldos.pp.dat249

     Writing data to be plotted to file /home/ubuntu/projects/Graphene-Band-Structure-Quantum-Espresso/outputs/field_0.001/vdw-df2-c09/top/data/ldos.pp.dat249.xsf
     Plot Type: 3D                     Output format: XCrySDen     
     Reading data from file  /home/ubuntu/projects/Graphene-Band-Structure-Quantum-Espresso/outputs/field_0.001/vdw-df2-c09/top/data/ldos.pp.dat250

     Writing data to be plotted to file /home/ubuntu/projects/Graphene-Band-Structure-Quantum-Espresso/outputs/field_0.001/vdw-df2-c09/top/data/ldos.pp.dat250.xsf
     Plot Type: 3D                     Output format: XCrySDen     
     Reading data from file  /home/ubuntu/projects/Graphene-Band-Structure-Quantum-Espresso/outputs/field_0.001/vdw-df2-c09/top/data/ldos.pp.dat251

     Writing data to be plotted to file /home/ubuntu/projects/Graphene-Band-Structure-Quantum-Espresso/outputs/field_0.001/vdw-df2-c09/top/data/ldos.pp.dat251.xsf
     Plot Type: 3D                     Output format: XCrySDen     
     Reading data from file  /home/ubuntu/projects/Graphene-Band-Structure-Quantum-Espresso/outputs/field_0.001/vdw-df2-c09/top/data/ldos.pp.dat252

     Writing data to be plotted to file /home/ubuntu/projects/Graphene-Band-Structure-Quantum-Espresso/outputs/field_0.001/vdw-df2-c09/top/data/ldos.pp.dat252.xsf
     Plot Type: 3D                     Output format: XCrySDen     
     Reading data from file  /home/ubuntu/projects/Graphene-Band-Structure-Quantum-Espresso/outputs/field_0.001/vdw-df2-c09/top/data/ldos.pp.dat253

     Writing data to be plotted to file /home/ubuntu/projects/Graphene-Band-Structure-Quantum-Espresso/outputs/field_0.001/vdw-df2-c09/top/data/ldos.pp.dat253.xsf
     Plot Type: 3D                     Output format: XCrySDen     
     Reading data from file  /home/ubuntu/projects/Graphene-Band-Structure-Quantum-Espresso/outputs/field_0.001/vdw-df2-c09/top/data/ldos.pp.dat254

     Writing data to be plotted to file /home/ubuntu/projects/Graphene-Band-Structure-Quantum-Espresso/outputs/field_0.001/vdw-df2-c09/top/data/ldos.pp.dat254.xsf
     Plot Type: 3D                     Output format: XCrySDen     
     Reading data from file  /home/ubuntu/projects/Graphene-Band-Structure-Quantum-Espresso/outputs/field_0.001/vdw-df2-c09/top/data/ldos.pp.dat255

     Writing data to be plotted to file /home/ubuntu/projects/Graphene-Band-Structure-Quantum-Espresso/outputs/field_0.001/vdw-df2-c09/top/data/ldos.pp.dat255.xsf
     Plot Type: 3D                     Output format: XCrySDen     
     Reading data from file  /home/ubuntu/projects/Graphene-Band-Structure-Quantum-Espresso/outputs/field_0.001/vdw-df2-c09/top/data/ldos.pp.dat256

     Writing data to be plotted to file /home/ubuntu/projects/Graphene-Band-Structure-Quantum-Espresso/outputs/field_0.001/vdw-df2-c09/top/data/ldos.pp.dat256.xsf
     Plot Type: 3D                     Output format: XCrySDen     
     Reading data from file  /home/ubuntu/projects/Graphene-Band-Structure-Quantum-Espresso/outputs/field_0.001/vdw-df2-c09/top/data/ldos.pp.dat257

     Writing data to be plotted to file /home/ubuntu/projects/Graphene-Band-Structure-Quantum-Espresso/outputs/field_0.001/vdw-df2-c09/top/data/ldos.pp.dat257.xsf
     Plot Type: 3D                     Output format: XCrySDen     
     Reading data from file  /home/ubuntu/projects/Graphene-Band-Structure-Quantum-Espresso/outputs/field_0.001/vdw-df2-c09/top/data/ldos.pp.dat258

     Writing data to be plotted to file /home/ubuntu/projects/Graphene-Band-Structure-Quantum-Espresso/outputs/field_0.001/vdw-df2-c09/top/data/ldos.pp.dat258.xsf
     Plot Type: 3D                     Output format: XCrySDen     
     Reading data from file  /home/ubuntu/projects/Graphene-Band-Structure-Quantum-Espresso/outputs/field_0.001/vdw-df2-c09/top/data/ldos.pp.dat259

     Writing data to be plotted to file /home/ubuntu/projects/Graphene-Band-Structure-Quantum-Espresso/outputs/field_0.001/vdw-df2-c09/top/data/ldos.pp.dat259.xsf
     Plot Type: 3D                     Output format: XCrySDen     
     Reading data from file  /home/ubuntu/projects/Graphene-Band-Structure-Quantum-Espresso/outputs/field_0.001/vdw-df2-c09/top/data/ldos.pp.dat260

     Writing data to be plotted to file /home/ubuntu/projects/Graphene-Band-Structure-Quantum-Espresso/outputs/field_0.001/vdw-df2-c09/top/data/ldos.pp.dat260.xsf
     Plot Type: 3D                     Output format: XCrySDen     
     Reading data from file  /home/ubuntu/projects/Graphene-Band-Structure-Quantum-Espresso/outputs/field_0.001/vdw-df2-c09/top/data/ldos.pp.dat261

     Writing data to be plotted to file /home/ubuntu/projects/Graphene-Band-Structure-Quantum-Espresso/outputs/field_0.001/vdw-df2-c09/top/data/ldos.pp.dat261.xsf
     Plot Type: 3D                     Output format: XCrySDen     
     Reading data from file  /home/ubuntu/projects/Graphene-Band-Structure-Quantum-Espresso/outputs/field_0.001/vdw-df2-c09/top/data/ldos.pp.dat262

     Writing data to be plotted to file /home/ubuntu/projects/Graphene-Band-Structure-Quantum-Espresso/outputs/field_0.001/vdw-df2-c09/top/data/ldos.pp.dat262.xsf
     Plot Type: 3D                     Output format: XCrySDen     
     Reading data from file  /home/ubuntu/projects/Graphene-Band-Structure-Quantum-Espresso/outputs/field_0.001/vdw-df2-c09/top/data/ldos.pp.dat263

     Writing data to be plotted to file /home/ubuntu/projects/Graphene-Band-Structure-Quantum-Espresso/outputs/field_0.001/vdw-df2-c09/top/data/ldos.pp.dat263.xsf
     Plot Type: 3D                     Output format: XCrySDen     
     Reading data from file  /home/ubuntu/projects/Graphene-Band-Structure-Quantum-Espresso/outputs/field_0.001/vdw-df2-c09/top/data/ldos.pp.dat264

     Writing data to be plotted to file /home/ubuntu/projects/Graphene-Band-Structure-Quantum-Espresso/outputs/field_0.001/vdw-df2-c09/top/data/ldos.pp.dat264.xsf
     Plot Type: 3D                     Output format: XCrySDen     
     Reading data from file  /home/ubuntu/projects/Graphene-Band-Structure-Quantum-Espresso/outputs/field_0.001/vdw-df2-c09/top/data/ldos.pp.dat265

     Writing data to be plotted to file /home/ubuntu/projects/Graphene-Band-Structure-Quantum-Espresso/outputs/field_0.001/vdw-df2-c09/top/data/ldos.pp.dat265.xsf
     Plot Type: 3D                     Output format: XCrySDen     
     Reading data from file  /home/ubuntu/projects/Graphene-Band-Structure-Quantum-Espresso/outputs/field_0.001/vdw-df2-c09/top/data/ldos.pp.dat266

     Writing data to be plotted to file /home/ubuntu/projects/Graphene-Band-Structure-Quantum-Espresso/outputs/field_0.001/vdw-df2-c09/top/data/ldos.pp.dat266.xsf
     Plot Type: 3D                     Output format: XCrySDen     
     Reading data from file  /home/ubuntu/projects/Graphene-Band-Structure-Quantum-Espresso/outputs/field_0.001/vdw-df2-c09/top/data/ldos.pp.dat267

     Writing data to be plotted to file /home/ubuntu/projects/Graphene-Band-Structure-Quantum-Espresso/outputs/field_0.001/vdw-df2-c09/top/data/ldos.pp.dat267.xsf
     Plot Type: 3D                     Output format: XCrySDen     
     Reading data from file  /home/ubuntu/projects/Graphene-Band-Structure-Quantum-Espresso/outputs/field_0.001/vdw-df2-c09/top/data/ldos.pp.dat268

     Writing data to be plotted to file /home/ubuntu/projects/Graphene-Band-Structure-Quantum-Espresso/outputs/field_0.001/vdw-df2-c09/top/data/ldos.pp.dat268.xsf
     Plot Type: 3D                     Output format: XCrySDen     
     Reading data from file  /home/ubuntu/projects/Graphene-Band-Structure-Quantum-Espresso/outputs/field_0.001/vdw-df2-c09/top/data/ldos.pp.dat269

     Writing data to be plotted to file /home/ubuntu/projects/Graphene-Band-Structure-Quantum-Espresso/outputs/field_0.001/vdw-df2-c09/top/data/ldos.pp.dat269.xsf
     Plot Type: 3D                     Output format: XCrySDen     
     Reading data from file  /home/ubuntu/projects/Graphene-Band-Structure-Quantum-Espresso/outputs/field_0.001/vdw-df2-c09/top/data/ldos.pp.dat270

     Writing data to be plotted to file /home/ubuntu/projects/Graphene-Band-Structure-Quantum-Espresso/outputs/field_0.001/vdw-df2-c09/top/data/ldos.pp.dat270.xsf
     Plot Type: 3D                     Output format: XCrySDen     
     Reading data from file  /home/ubuntu/projects/Graphene-Band-Structure-Quantum-Espresso/outputs/field_0.001/vdw-df2-c09/top/data/ldos.pp.dat271

     Writing data to be plotted to file /home/ubuntu/projects/Graphene-Band-Structure-Quantum-Espresso/outputs/field_0.001/vdw-df2-c09/top/data/ldos.pp.dat271.xsf
     Plot Type: 3D                     Output format: XCrySDen     
     Reading data from file  /home/ubuntu/projects/Graphene-Band-Structure-Quantum-Espresso/outputs/field_0.001/vdw-df2-c09/top/data/ldos.pp.dat272

     Writing data to be plotted to file /home/ubuntu/projects/Graphene-Band-Structure-Quantum-Espresso/outputs/field_0.001/vdw-df2-c09/top/data/ldos.pp.dat272.xsf
     Plot Type: 3D                     Output format: XCrySDen     
     Reading data from file  /home/ubuntu/projects/Graphene-Band-Structure-Quantum-Espresso/outputs/field_0.001/vdw-df2-c09/top/data/ldos.pp.dat273

     Writing data to be plotted to file /home/ubuntu/projects/Graphene-Band-Structure-Quantum-Espresso/outputs/field_0.001/vdw-df2-c09/top/data/ldos.pp.dat273.xsf
     Plot Type: 3D                     Output format: XCrySDen     
     Reading data from file  /home/ubuntu/projects/Graphene-Band-Structure-Quantum-Espresso/outputs/field_0.001/vdw-df2-c09/top/data/ldos.pp.dat274

     Writing data to be plotted to file /home/ubuntu/projects/Graphene-Band-Structure-Quantum-Espresso/outputs/field_0.001/vdw-df2-c09/top/data/ldos.pp.dat274.xsf
     Plot Type: 3D                     Output format: XCrySDen     
     Reading data from file  /home/ubuntu/projects/Graphene-Band-Structure-Quantum-Espresso/outputs/field_0.001/vdw-df2-c09/top/data/ldos.pp.dat275

     Writing data to be plotted to file /home/ubuntu/projects/Graphene-Band-Structure-Quantum-Espresso/outputs/field_0.001/vdw-df2-c09/top/data/ldos.pp.dat275.xsf
     Plot Type: 3D                     Output format: XCrySDen     
     Reading data from file  /home/ubuntu/projects/Graphene-Band-Structure-Quantum-Espresso/outputs/field_0.001/vdw-df2-c09/top/data/ldos.pp.dat276

     Writing data to be plotted to file /home/ubuntu/projects/Graphene-Band-Structure-Quantum-Espresso/outputs/field_0.001/vdw-df2-c09/top/data/ldos.pp.dat276.xsf
     Plot Type: 3D                     Output format: XCrySDen     
     Reading data from file  /home/ubuntu/projects/Graphene-Band-Structure-Quantum-Espresso/outputs/field_0.001/vdw-df2-c09/top/data/ldos.pp.dat277

     Writing data to be plotted to file /home/ubuntu/projects/Graphene-Band-Structure-Quantum-Espresso/outputs/field_0.001/vdw-df2-c09/top/data/ldos.pp.dat277.xsf
     Plot Type: 3D                     Output format: XCrySDen     
     Reading data from file  /home/ubuntu/projects/Graphene-Band-Structure-Quantum-Espresso/outputs/field_0.001/vdw-df2-c09/top/data/ldos.pp.dat278

     Writing data to be plotted to file /home/ubuntu/projects/Graphene-Band-Structure-Quantum-Espresso/outputs/field_0.001/vdw-df2-c09/top/data/ldos.pp.dat278.xsf
     Plot Type: 3D                     Output format: XCrySDen     
     Reading data from file  /home/ubuntu/projects/Graphene-Band-Structure-Quantum-Espresso/outputs/field_0.001/vdw-df2-c09/top/data/ldos.pp.dat279

     Writing data to be plotted to file /home/ubuntu/projects/Graphene-Band-Structure-Quantum-Espresso/outputs/field_0.001/vdw-df2-c09/top/data/ldos.pp.dat279.xsf
     Plot Type: 3D                     Output format: XCrySDen     
     Reading data from file  /home/ubuntu/projects/Graphene-Band-Structure-Quantum-Espresso/outputs/field_0.001/vdw-df2-c09/top/data/ldos.pp.dat280

     Writing data to be plotted to file /home/ubuntu/projects/Graphene-Band-Structure-Quantum-Espresso/outputs/field_0.001/vdw-df2-c09/top/data/ldos.pp.dat280.xsf
     Plot Type: 3D                     Output format: XCrySDen     
     Reading data from file  /home/ubuntu/projects/Graphene-Band-Structure-Quantum-Espresso/outputs/field_0.001/vdw-df2-c09/top/data/ldos.pp.dat281

     Writing data to be plotted to file /home/ubuntu/projects/Graphene-Band-Structure-Quantum-Espresso/outputs/field_0.001/vdw-df2-c09/top/data/ldos.pp.dat281.xsf
     Plot Type: 3D                     Output format: XCrySDen     
     Reading data from file  /home/ubuntu/projects/Graphene-Band-Structure-Quantum-Espresso/outputs/field_0.001/vdw-df2-c09/top/data/ldos.pp.dat282

     Writing data to be plotted to file /home/ubuntu/projects/Graphene-Band-Structure-Quantum-Espresso/outputs/field_0.001/vdw-df2-c09/top/data/ldos.pp.dat282.xsf
     Plot Type: 3D                     Output format: XCrySDen     
     Reading data from file  /home/ubuntu/projects/Graphene-Band-Structure-Quantum-Espresso/outputs/field_0.001/vdw-df2-c09/top/data/ldos.pp.dat283

     Writing data to be plotted to file /home/ubuntu/projects/Graphene-Band-Structure-Quantum-Espresso/outputs/field_0.001/vdw-df2-c09/top/data/ldos.pp.dat283.xsf
     Plot Type: 3D                     Output format: XCrySDen     
     Reading data from file  /home/ubuntu/projects/Graphene-Band-Structure-Quantum-Espresso/outputs/field_0.001/vdw-df2-c09/top/data/ldos.pp.dat284

     Writing data to be plotted to file /home/ubuntu/projects/Graphene-Band-Structure-Quantum-Espresso/outputs/field_0.001/vdw-df2-c09/top/data/ldos.pp.dat284.xsf
     Plot Type: 3D                     Output format: XCrySDen     
     Reading data from file  /home/ubuntu/projects/Graphene-Band-Structure-Quantum-Espresso/outputs/field_0.001/vdw-df2-c09/top/data/ldos.pp.dat285

     Writing data to be plotted to file /home/ubuntu/projects/Graphene-Band-Structure-Quantum-Espresso/outputs/field_0.001/vdw-df2-c09/top/data/ldos.pp.dat285.xsf
     Plot Type: 3D                     Output format: XCrySDen     
     Reading data from file  /home/ubuntu/projects/Graphene-Band-Structure-Quantum-Espresso/outputs/field_0.001/vdw-df2-c09/top/data/ldos.pp.dat286

     Writing data to be plotted to file /home/ubuntu/projects/Graphene-Band-Structure-Quantum-Espresso/outputs/field_0.001/vdw-df2-c09/top/data/ldos.pp.dat286.xsf
     Plot Type: 3D                     Output format: XCrySDen     
     Reading data from file  /home/ubuntu/projects/Graphene-Band-Structure-Quantum-Espresso/outputs/field_0.001/vdw-df2-c09/top/data/ldos.pp.dat287

     Writing data to be plotted to file /home/ubuntu/projects/Graphene-Band-Structure-Quantum-Espresso/outputs/field_0.001/vdw-df2-c09/top/data/ldos.pp.dat287.xsf
     Plot Type: 3D                     Output format: XCrySDen     
     Reading data from file  /home/ubuntu/projects/Graphene-Band-Structure-Quantum-Espresso/outputs/field_0.001/vdw-df2-c09/top/data/ldos.pp.dat288

     Writing data to be plotted to file /home/ubuntu/projects/Graphene-Band-Structure-Quantum-Espresso/outputs/field_0.001/vdw-df2-c09/top/data/ldos.pp.dat288.xsf
     Plot Type: 3D                     Output format: XCrySDen     
     Reading data from file  /home/ubuntu/projects/Graphene-Band-Structure-Quantum-Espresso/outputs/field_0.001/vdw-df2-c09/top/data/ldos.pp.dat289

     Writing data to be plotted to file /home/ubuntu/projects/Graphene-Band-Structure-Quantum-Espresso/outputs/field_0.001/vdw-df2-c09/top/data/ldos.pp.dat289.xsf
     Plot Type: 3D                     Output format: XCrySDen     
     Reading data from file  /home/ubuntu/projects/Graphene-Band-Structure-Quantum-Espresso/outputs/field_0.001/vdw-df2-c09/top/data/ldos.pp.dat290

     Writing data to be plotted to file /home/ubuntu/projects/Graphene-Band-Structure-Quantum-Espresso/outputs/field_0.001/vdw-df2-c09/top/data/ldos.pp.dat290.xsf
     Plot Type: 3D                     Output format: XCrySDen     
     Reading data from file  /home/ubuntu/projects/Graphene-Band-Structure-Quantum-Espresso/outputs/field_0.001/vdw-df2-c09/top/data/ldos.pp.dat291

     Writing data to be plotted to file /home/ubuntu/projects/Graphene-Band-Structure-Quantum-Espresso/outputs/field_0.001/vdw-df2-c09/top/data/ldos.pp.dat291.xsf
     Plot Type: 3D                     Output format: XCrySDen     
     Reading data from file  /home/ubuntu/projects/Graphene-Band-Structure-Quantum-Espresso/outputs/field_0.001/vdw-df2-c09/top/data/ldos.pp.dat292

     Writing data to be plotted to file /home/ubuntu/projects/Graphene-Band-Structure-Quantum-Espresso/outputs/field_0.001/vdw-df2-c09/top/data/ldos.pp.dat292.xsf
     Plot Type: 3D                     Output format: XCrySDen     
     Reading data from file  /home/ubuntu/projects/Graphene-Band-Structure-Quantum-Espresso/outputs/field_0.001/vdw-df2-c09/top/data/ldos.pp.dat293

     Writing data to be plotted to file /home/ubuntu/projects/Graphene-Band-Structure-Quantum-Espresso/outputs/field_0.001/vdw-df2-c09/top/data/ldos.pp.dat293.xsf
     Plot Type: 3D                     Output format: XCrySDen     
     Reading data from file  /home/ubuntu/projects/Graphene-Band-Structure-Quantum-Espresso/outputs/field_0.001/vdw-df2-c09/top/data/ldos.pp.dat294

     Writing data to be plotted to file /home/ubuntu/projects/Graphene-Band-Structure-Quantum-Espresso/outputs/field_0.001/vdw-df2-c09/top/data/ldos.pp.dat294.xsf
     Plot Type: 3D                     Output format: XCrySDen     
     Reading data from file  /home/ubuntu/projects/Graphene-Band-Structure-Quantum-Espresso/outputs/field_0.001/vdw-df2-c09/top/data/ldos.pp.dat295

     Writing data to be plotted to file /home/ubuntu/projects/Graphene-Band-Structure-Quantum-Espresso/outputs/field_0.001/vdw-df2-c09/top/data/ldos.pp.dat295.xsf
     Plot Type: 3D                     Output format: XCrySDen     
     Reading data from file  /home/ubuntu/projects/Graphene-Band-Structure-Quantum-Espresso/outputs/field_0.001/vdw-df2-c09/top/data/ldos.pp.dat296

     Writing data to be plotted to file /home/ubuntu/projects/Graphene-Band-Structure-Quantum-Espresso/outputs/field_0.001/vdw-df2-c09/top/data/ldos.pp.dat296.xsf
     Plot Type: 3D                     Output format: XCrySDen     
     Reading data from file  /home/ubuntu/projects/Graphene-Band-Structure-Quantum-Espresso/outputs/field_0.001/vdw-df2-c09/top/data/ldos.pp.dat297

     Writing data to be plotted to file /home/ubuntu/projects/Graphene-Band-Structure-Quantum-Espresso/outputs/field_0.001/vdw-df2-c09/top/data/ldos.pp.dat297.xsf
     Plot Type: 3D                     Output format: XCrySDen     
     Reading data from file  /home/ubuntu/projects/Graphene-Band-Structure-Quantum-Espresso/outputs/field_0.001/vdw-df2-c09/top/data/ldos.pp.dat298

     Writing data to be plotted to file /home/ubuntu/projects/Graphene-Band-Structure-Quantum-Espresso/outputs/field_0.001/vdw-df2-c09/top/data/ldos.pp.dat298.xsf
     Plot Type: 3D                     Output format: XCrySDen     
     Reading data from file  /home/ubuntu/projects/Graphene-Band-Structure-Quantum-Espresso/outputs/field_0.001/vdw-df2-c09/top/data/ldos.pp.dat299

     Writing data to be plotted to file /home/ubuntu/projects/Graphene-Band-Structure-Quantum-Espresso/outputs/field_0.001/vdw-df2-c09/top/data/ldos.pp.dat299.xsf
     Plot Type: 3D                     Output format: XCrySDen     
     Reading data from file  /home/ubuntu/projects/Graphene-Band-Structure-Quantum-Espresso/outputs/field_0.001/vdw-df2-c09/top/data/ldos.pp.dat300

     Writing data to be plotted to file /home/ubuntu/projects/Graphene-Band-Structure-Quantum-Espresso/outputs/field_0.001/vdw-df2-c09/top/data/ldos.pp.dat300.xsf
     Plot Type: 3D                     Output format: XCrySDen     
     Reading data from file  /home/ubuntu/projects/Graphene-Band-Structure-Quantum-Espresso/outputs/field_0.001/vdw-df2-c09/top/data/ldos.pp.dat301

     Writing data to be plotted to file /home/ubuntu/projects/Graphene-Band-Structure-Quantum-Espresso/outputs/field_0.001/vdw-df2-c09/top/data/ldos.pp.dat301.xsf
     Plot Type: 3D                     Output format: XCrySDen     
     Reading data from file  /home/ubuntu/projects/Graphene-Band-Structure-Quantum-Espresso/outputs/field_0.001/vdw-df2-c09/top/data/ldos.pp.dat302

     Writing data to be plotted to file /home/ubuntu/projects/Graphene-Band-Structure-Quantum-Espresso/outputs/field_0.001/vdw-df2-c09/top/data/ldos.pp.dat302.xsf
     Plot Type: 3D                     Output format: XCrySDen     
     Reading data from file  /home/ubuntu/projects/Graphene-Band-Structure-Quantum-Espresso/outputs/field_0.001/vdw-df2-c09/top/data/ldos.pp.dat303

     Writing data to be plotted to file /home/ubuntu/projects/Graphene-Band-Structure-Quantum-Espresso/outputs/field_0.001/vdw-df2-c09/top/data/ldos.pp.dat303.xsf
     Plot Type: 3D                     Output format: XCrySDen     
     Reading data from file  /home/ubuntu/projects/Graphene-Band-Structure-Quantum-Espresso/outputs/field_0.001/vdw-df2-c09/top/data/ldos.pp.dat304

     Writing data to be plotted to file /home/ubuntu/projects/Graphene-Band-Structure-Quantum-Espresso/outputs/field_0.001/vdw-df2-c09/top/data/ldos.pp.dat304.xsf
     Plot Type: 3D                     Output format: XCrySDen     
     Reading data from file  /home/ubuntu/projects/Graphene-Band-Structure-Quantum-Espresso/outputs/field_0.001/vdw-df2-c09/top/data/ldos.pp.dat305

     Writing data to be plotted to file /home/ubuntu/projects/Graphene-Band-Structure-Quantum-Espresso/outputs/field_0.001/vdw-df2-c09/top/data/ldos.pp.dat305.xsf
     Plot Type: 3D                     Output format: XCrySDen     
     Reading data from file  /home/ubuntu/projects/Graphene-Band-Structure-Quantum-Espresso/outputs/field_0.001/vdw-df2-c09/top/data/ldos.pp.dat306

     Writing data to be plotted to file /home/ubuntu/projects/Graphene-Band-Structure-Quantum-Espresso/outputs/field_0.001/vdw-df2-c09/top/data/ldos.pp.dat306.xsf
     Plot Type: 3D                     Output format: XCrySDen     
     Reading data from file  /home/ubuntu/projects/Graphene-Band-Structure-Quantum-Espresso/outputs/field_0.001/vdw-df2-c09/top/data/ldos.pp.dat307

     Writing data to be plotted to file /home/ubuntu/projects/Graphene-Band-Structure-Quantum-Espresso/outputs/field_0.001/vdw-df2-c09/top/data/ldos.pp.dat307.xsf
     Plot Type: 3D                     Output format: XCrySDen     
     Reading data from file  /home/ubuntu/projects/Graphene-Band-Structure-Quantum-Espresso/outputs/field_0.001/vdw-df2-c09/top/data/ldos.pp.dat308

     Writing data to be plotted to file /home/ubuntu/projects/Graphene-Band-Structure-Quantum-Espresso/outputs/field_0.001/vdw-df2-c09/top/data/ldos.pp.dat308.xsf
     Plot Type: 3D                     Output format: XCrySDen     
     Reading data from file  /home/ubuntu/projects/Graphene-Band-Structure-Quantum-Espresso/outputs/field_0.001/vdw-df2-c09/top/data/ldos.pp.dat309

     Writing data to be plotted to file /home/ubuntu/projects/Graphene-Band-Structure-Quantum-Espresso/outputs/field_0.001/vdw-df2-c09/top/data/ldos.pp.dat309.xsf
     Plot Type: 3D                     Output format: XCrySDen     
     Reading data from file  /home/ubuntu/projects/Graphene-Band-Structure-Quantum-Espresso/outputs/field_0.001/vdw-df2-c09/top/data/ldos.pp.dat310

     Writing data to be plotted to file /home/ubuntu/projects/Graphene-Band-Structure-Quantum-Espresso/outputs/field_0.001/vdw-df2-c09/top/data/ldos.pp.dat310.xsf
     Plot Type: 3D                     Output format: XCrySDen     
     Reading data from file  /home/ubuntu/projects/Graphene-Band-Structure-Quantum-Espresso/outputs/field_0.001/vdw-df2-c09/top/data/ldos.pp.dat311

     Writing data to be plotted to file /home/ubuntu/projects/Graphene-Band-Structure-Quantum-Espresso/outputs/field_0.001/vdw-df2-c09/top/data/ldos.pp.dat311.xsf
     Plot Type: 3D                     Output format: XCrySDen     
     Reading data from file  /home/ubuntu/projects/Graphene-Band-Structure-Quantum-Espresso/outputs/field_0.001/vdw-df2-c09/top/data/ldos.pp.dat312

     Writing data to be plotted to file /home/ubuntu/projects/Graphene-Band-Structure-Quantum-Espresso/outputs/field_0.001/vdw-df2-c09/top/data/ldos.pp.dat312.xsf
     Plot Type: 3D                     Output format: XCrySDen     
     Reading data from file  /home/ubuntu/projects/Graphene-Band-Structure-Quantum-Espresso/outputs/field_0.001/vdw-df2-c09/top/data/ldos.pp.dat313

     Writing data to be plotted to file /home/ubuntu/projects/Graphene-Band-Structure-Quantum-Espresso/outputs/field_0.001/vdw-df2-c09/top/data/ldos.pp.dat313.xsf
     Plot Type: 3D                     Output format: XCrySDen     
     Reading data from file  /home/ubuntu/projects/Graphene-Band-Structure-Quantum-Espresso/outputs/field_0.001/vdw-df2-c09/top/data/ldos.pp.dat314

     Writing data to be plotted to file /home/ubuntu/projects/Graphene-Band-Structure-Quantum-Espresso/outputs/field_0.001/vdw-df2-c09/top/data/ldos.pp.dat314.xsf
     Plot Type: 3D                     Output format: XCrySDen     
     Reading data from file  /home/ubuntu/projects/Graphene-Band-Structure-Quantum-Espresso/outputs/field_0.001/vdw-df2-c09/top/data/ldos.pp.dat315

     Writing data to be plotted to file /home/ubuntu/projects/Graphene-Band-Structure-Quantum-Espresso/outputs/field_0.001/vdw-df2-c09/top/data/ldos.pp.dat315.xsf
     Plot Type: 3D                     Output format: XCrySDen     
     Reading data from file  /home/ubuntu/projects/Graphene-Band-Structure-Quantum-Espresso/outputs/field_0.001/vdw-df2-c09/top/data/ldos.pp.dat316

     Writing data to be plotted to file /home/ubuntu/projects/Graphene-Band-Structure-Quantum-Espresso/outputs/field_0.001/vdw-df2-c09/top/data/ldos.pp.dat316.xsf
     Plot Type: 3D                     Output format: XCrySDen     
     Reading data from file  /home/ubuntu/projects/Graphene-Band-Structure-Quantum-Espresso/outputs/field_0.001/vdw-df2-c09/top/data/ldos.pp.dat317

     Writing data to be plotted to file /home/ubuntu/projects/Graphene-Band-Structure-Quantum-Espresso/outputs/field_0.001/vdw-df2-c09/top/data/ldos.pp.dat317.xsf
     Plot Type: 3D                     Output format: XCrySDen     
     Reading data from file  /home/ubuntu/projects/Graphene-Band-Structure-Quantum-Espresso/outputs/field_0.001/vdw-df2-c09/top/data/ldos.pp.dat318

     Writing data to be plotted to file /home/ubuntu/projects/Graphene-Band-Structure-Quantum-Espresso/outputs/field_0.001/vdw-df2-c09/top/data/ldos.pp.dat318.xsf
     Plot Type: 3D                     Output format: XCrySDen     
     Reading data from file  /home/ubuntu/projects/Graphene-Band-Structure-Quantum-Espresso/outputs/field_0.001/vdw-df2-c09/top/data/ldos.pp.dat319

     Writing data to be plotted to file /home/ubuntu/projects/Graphene-Band-Structure-Quantum-Espresso/outputs/field_0.001/vdw-df2-c09/top/data/ldos.pp.dat319.xsf
     Plot Type: 3D                     Output format: XCrySDen     
     Reading data from file  /home/ubuntu/projects/Graphene-Band-Structure-Quantum-Espresso/outputs/field_0.001/vdw-df2-c09/top/data/ldos.pp.dat320

     Writing data to be plotted to file /home/ubuntu/projects/Graphene-Band-Structure-Quantum-Espresso/outputs/field_0.001/vdw-df2-c09/top/data/ldos.pp.dat320.xsf
     Plot Type: 3D                     Output format: XCrySDen     
     Reading data from file  /home/ubuntu/projects/Graphene-Band-Structure-Quantum-Espresso/outputs/field_0.001/vdw-df2-c09/top/data/ldos.pp.dat321

     Writing data to be plotted to file /home/ubuntu/projects/Graphene-Band-Structure-Quantum-Espresso/outputs/field_0.001/vdw-df2-c09/top/data/ldos.pp.dat321.xsf
     Plot Type: 3D                     Output format: XCrySDen     
     Reading data from file  /home/ubuntu/projects/Graphene-Band-Structure-Quantum-Espresso/outputs/field_0.001/vdw-df2-c09/top/data/ldos.pp.dat322

     Writing data to be plotted to file /home/ubuntu/projects/Graphene-Band-Structure-Quantum-Espresso/outputs/field_0.001/vdw-df2-c09/top/data/ldos.pp.dat322.xsf
     Plot Type: 3D                     Output format: XCrySDen     
     Reading data from file  /home/ubuntu/projects/Graphene-Band-Structure-Quantum-Espresso/outputs/field_0.001/vdw-df2-c09/top/data/ldos.pp.dat323

     Writing data to be plotted to file /home/ubuntu/projects/Graphene-Band-Structure-Quantum-Espresso/outputs/field_0.001/vdw-df2-c09/top/data/ldos.pp.dat323.xsf
     Plot Type: 3D                     Output format: XCrySDen     
     Reading data from file  /home/ubuntu/projects/Graphene-Band-Structure-Quantum-Espresso/outputs/field_0.001/vdw-df2-c09/top/data/ldos.pp.dat324

     Writing data to be plotted to file /home/ubuntu/projects/Graphene-Band-Structure-Quantum-Espresso/outputs/field_0.001/vdw-df2-c09/top/data/ldos.pp.dat324.xsf
     Plot Type: 3D                     Output format: XCrySDen     
     Reading data from file  /home/ubuntu/projects/Graphene-Band-Structure-Quantum-Espresso/outputs/field_0.001/vdw-df2-c09/top/data/ldos.pp.dat325

     Writing data to be plotted to file /home/ubuntu/projects/Graphene-Band-Structure-Quantum-Espresso/outputs/field_0.001/vdw-df2-c09/top/data/ldos.pp.dat325.xsf
     Plot Type: 3D                     Output format: XCrySDen     
     Reading data from file  /home/ubuntu/projects/Graphene-Band-Structure-Quantum-Espresso/outputs/field_0.001/vdw-df2-c09/top/data/ldos.pp.dat326

     Writing data to be plotted to file /home/ubuntu/projects/Graphene-Band-Structure-Quantum-Espresso/outputs/field_0.001/vdw-df2-c09/top/data/ldos.pp.dat326.xsf
     Plot Type: 3D                     Output format: XCrySDen     
     Reading data from file  /home/ubuntu/projects/Graphene-Band-Structure-Quantum-Espresso/outputs/field_0.001/vdw-df2-c09/top/data/ldos.pp.dat327

     Writing data to be plotted to file /home/ubuntu/projects/Graphene-Band-Structure-Quantum-Espresso/outputs/field_0.001/vdw-df2-c09/top/data/ldos.pp.dat327.xsf
     Plot Type: 3D                     Output format: XCrySDen     
     Reading data from file  /home/ubuntu/projects/Graphene-Band-Structure-Quantum-Espresso/outputs/field_0.001/vdw-df2-c09/top/data/ldos.pp.dat328

     Writing data to be plotted to file /home/ubuntu/projects/Graphene-Band-Structure-Quantum-Espresso/outputs/field_0.001/vdw-df2-c09/top/data/ldos.pp.dat328.xsf
     Plot Type: 3D                     Output format: XCrySDen     
     Reading data from file  /home/ubuntu/projects/Graphene-Band-Structure-Quantum-Espresso/outputs/field_0.001/vdw-df2-c09/top/data/ldos.pp.dat329

     Writing data to be plotted to file /home/ubuntu/projects/Graphene-Band-Structure-Quantum-Espresso/outputs/field_0.001/vdw-df2-c09/top/data/ldos.pp.dat329.xsf
     Plot Type: 3D                     Output format: XCrySDen     
     Reading data from file  /home/ubuntu/projects/Graphene-Band-Structure-Quantum-Espresso/outputs/field_0.001/vdw-df2-c09/top/data/ldos.pp.dat330

     Writing data to be plotted to file /home/ubuntu/projects/Graphene-Band-Structure-Quantum-Espresso/outputs/field_0.001/vdw-df2-c09/top/data/ldos.pp.dat330.xsf
     Plot Type: 3D                     Output format: XCrySDen     
     Reading data from file  /home/ubuntu/projects/Graphene-Band-Structure-Quantum-Espresso/outputs/field_0.001/vdw-df2-c09/top/data/ldos.pp.dat331

     Writing data to be plotted to file /home/ubuntu/projects/Graphene-Band-Structure-Quantum-Espresso/outputs/field_0.001/vdw-df2-c09/top/data/ldos.pp.dat331.xsf
     Plot Type: 3D                     Output format: XCrySDen     
     Reading data from file  /home/ubuntu/projects/Graphene-Band-Structure-Quantum-Espresso/outputs/field_0.001/vdw-df2-c09/top/data/ldos.pp.dat332

     Writing data to be plotted to file /home/ubuntu/projects/Graphene-Band-Structure-Quantum-Espresso/outputs/field_0.001/vdw-df2-c09/top/data/ldos.pp.dat332.xsf
     Plot Type: 3D                     Output format: XCrySDen     
     Reading data from file  /home/ubuntu/projects/Graphene-Band-Structure-Quantum-Espresso/outputs/field_0.001/vdw-df2-c09/top/data/ldos.pp.dat333

     Writing data to be plotted to file /home/ubuntu/projects/Graphene-Band-Structure-Quantum-Espresso/outputs/field_0.001/vdw-df2-c09/top/data/ldos.pp.dat333.xsf
     Plot Type: 3D                     Output format: XCrySDen     
     Reading data from file  /home/ubuntu/projects/Graphene-Band-Structure-Quantum-Espresso/outputs/field_0.001/vdw-df2-c09/top/data/ldos.pp.dat334

     Writing data to be plotted to file /home/ubuntu/projects/Graphene-Band-Structure-Quantum-Espresso/outputs/field_0.001/vdw-df2-c09/top/data/ldos.pp.dat334.xsf
     Plot Type: 3D                     Output format: XCrySDen     
     Reading data from file  /home/ubuntu/projects/Graphene-Band-Structure-Quantum-Espresso/outputs/field_0.001/vdw-df2-c09/top/data/ldos.pp.dat335

     Writing data to be plotted to file /home/ubuntu/projects/Graphene-Band-Structure-Quantum-Espresso/outputs/field_0.001/vdw-df2-c09/top/data/ldos.pp.dat335.xsf
     Plot Type: 3D                     Output format: XCrySDen     
     Reading data from file  /home/ubuntu/projects/Graphene-Band-Structure-Quantum-Espresso/outputs/field_0.001/vdw-df2-c09/top/data/ldos.pp.dat336

     Writing data to be plotted to file /home/ubuntu/projects/Graphene-Band-Structure-Quantum-Espresso/outputs/field_0.001/vdw-df2-c09/top/data/ldos.pp.dat336.xsf
     Plot Type: 3D                     Output format: XCrySDen     
     Reading data from file  /home/ubuntu/projects/Graphene-Band-Structure-Quantum-Espresso/outputs/field_0.001/vdw-df2-c09/top/data/ldos.pp.dat337

     Writing data to be plotted to file /home/ubuntu/projects/Graphene-Band-Structure-Quantum-Espresso/outputs/field_0.001/vdw-df2-c09/top/data/ldos.pp.dat337.xsf
     Plot Type: 3D                     Output format: XCrySDen     
     Reading data from file  /home/ubuntu/projects/Graphene-Band-Structure-Quantum-Espresso/outputs/field_0.001/vdw-df2-c09/top/data/ldos.pp.dat338

     Writing data to be plotted to file /home/ubuntu/projects/Graphene-Band-Structure-Quantum-Espresso/outputs/field_0.001/vdw-df2-c09/top/data/ldos.pp.dat338.xsf
     Plot Type: 3D                     Output format: XCrySDen     
     Reading data from file  /home/ubuntu/projects/Graphene-Band-Structure-Quantum-Espresso/outputs/field_0.001/vdw-df2-c09/top/data/ldos.pp.dat339

     Writing data to be plotted to file /home/ubuntu/projects/Graphene-Band-Structure-Quantum-Espresso/outputs/field_0.001/vdw-df2-c09/top/data/ldos.pp.dat339.xsf
     Plot Type: 3D                     Output format: XCrySDen     
     Reading data from file  /home/ubuntu/projects/Graphene-Band-Structure-Quantum-Espresso/outputs/field_0.001/vdw-df2-c09/top/data/ldos.pp.dat340

     Writing data to be plotted to file /home/ubuntu/projects/Graphene-Band-Structure-Quantum-Espresso/outputs/field_0.001/vdw-df2-c09/top/data/ldos.pp.dat340.xsf
     Plot Type: 3D                     Output format: XCrySDen     
     Reading data from file  /home/ubuntu/projects/Graphene-Band-Structure-Quantum-Espresso/outputs/field_0.001/vdw-df2-c09/top/data/ldos.pp.dat341

     Writing data to be plotted to file /home/ubuntu/projects/Graphene-Band-Structure-Quantum-Espresso/outputs/field_0.001/vdw-df2-c09/top/data/ldos.pp.dat341.xsf
     Plot Type: 3D                     Output format: XCrySDen     
     Reading data from file  /home/ubuntu/projects/Graphene-Band-Structure-Quantum-Espresso/outputs/field_0.001/vdw-df2-c09/top/data/ldos.pp.dat342

     Writing data to be plotted to file /home/ubuntu/projects/Graphene-Band-Structure-Quantum-Espresso/outputs/field_0.001/vdw-df2-c09/top/data/ldos.pp.dat342.xsf
     Plot Type: 3D                     Output format: XCrySDen     
     Reading data from file  /home/ubuntu/projects/Graphene-Band-Structure-Quantum-Espresso/outputs/field_0.001/vdw-df2-c09/top/data/ldos.pp.dat343

     Writing data to be plotted to file /home/ubuntu/projects/Graphene-Band-Structure-Quantum-Espresso/outputs/field_0.001/vdw-df2-c09/top/data/ldos.pp.dat343.xsf
     Plot Type: 3D                     Output format: XCrySDen     
     Reading data from file  /home/ubuntu/projects/Graphene-Band-Structure-Quantum-Espresso/outputs/field_0.001/vdw-df2-c09/top/data/ldos.pp.dat344

     Writing data to be plotted to file /home/ubuntu/projects/Graphene-Band-Structure-Quantum-Espresso/outputs/field_0.001/vdw-df2-c09/top/data/ldos.pp.dat344.xsf
     Plot Type: 3D                     Output format: XCrySDen     
     Reading data from file  /home/ubuntu/projects/Graphene-Band-Structure-Quantum-Espresso/outputs/field_0.001/vdw-df2-c09/top/data/ldos.pp.dat345

     Writing data to be plotted to file /home/ubuntu/projects/Graphene-Band-Structure-Quantum-Espresso/outputs/field_0.001/vdw-df2-c09/top/data/ldos.pp.dat345.xsf
     Plot Type: 3D                     Output format: XCrySDen     
     Reading data from file  /home/ubuntu/projects/Graphene-Band-Structure-Quantum-Espresso/outputs/field_0.001/vdw-df2-c09/top/data/ldos.pp.dat346

     Writing data to be plotted to file /home/ubuntu/projects/Graphene-Band-Structure-Quantum-Espresso/outputs/field_0.001/vdw-df2-c09/top/data/ldos.pp.dat346.xsf
     Plot Type: 3D                     Output format: XCrySDen     
     Reading data from file  /home/ubuntu/projects/Graphene-Band-Structure-Quantum-Espresso/outputs/field_0.001/vdw-df2-c09/top/data/ldos.pp.dat347

     Writing data to be plotted to file /home/ubuntu/projects/Graphene-Band-Structure-Quantum-Espresso/outputs/field_0.001/vdw-df2-c09/top/data/ldos.pp.dat347.xsf
     Plot Type: 3D                     Output format: XCrySDen     
     Reading data from file  /home/ubuntu/projects/Graphene-Band-Structure-Quantum-Espresso/outputs/field_0.001/vdw-df2-c09/top/data/ldos.pp.dat348

     Writing data to be plotted to file /home/ubuntu/projects/Graphene-Band-Structure-Quantum-Espresso/outputs/field_0.001/vdw-df2-c09/top/data/ldos.pp.dat348.xsf
     Plot Type: 3D                     Output format: XCrySDen     
     Reading data from file  /home/ubuntu/projects/Graphene-Band-Structure-Quantum-Espresso/outputs/field_0.001/vdw-df2-c09/top/data/ldos.pp.dat349

     Writing data to be plotted to file /home/ubuntu/projects/Graphene-Band-Structure-Quantum-Espresso/outputs/field_0.001/vdw-df2-c09/top/data/ldos.pp.dat349.xsf
     Plot Type: 3D                     Output format: XCrySDen     
     Reading data from file  /home/ubuntu/projects/Graphene-Band-Structure-Quantum-Espresso/outputs/field_0.001/vdw-df2-c09/top/data/ldos.pp.dat350

     Writing data to be plotted to file /home/ubuntu/projects/Graphene-Band-Structure-Quantum-Espresso/outputs/field_0.001/vdw-df2-c09/top/data/ldos.pp.dat350.xsf
     Plot Type: 3D                     Output format: XCrySDen     
     Reading data from file  /home/ubuntu/projects/Graphene-Band-Structure-Quantum-Espresso/outputs/field_0.001/vdw-df2-c09/top/data/ldos.pp.dat351

     Writing data to be plotted to file /home/ubuntu/projects/Graphene-Band-Structure-Quantum-Espresso/outputs/field_0.001/vdw-df2-c09/top/data/ldos.pp.dat351.xsf
     Plot Type: 3D                     Output format: XCrySDen     
     Reading data from file  /home/ubuntu/projects/Graphene-Band-Structure-Quantum-Espresso/outputs/field_0.001/vdw-df2-c09/top/data/ldos.pp.dat352

     Writing data to be plotted to file /home/ubuntu/projects/Graphene-Band-Structure-Quantum-Espresso/outputs/field_0.001/vdw-df2-c09/top/data/ldos.pp.dat352.xsf
     Plot Type: 3D                     Output format: XCrySDen     
     Reading data from file  /home/ubuntu/projects/Graphene-Band-Structure-Quantum-Espresso/outputs/field_0.001/vdw-df2-c09/top/data/ldos.pp.dat353

     Writing data to be plotted to file /home/ubuntu/projects/Graphene-Band-Structure-Quantum-Espresso/outputs/field_0.001/vdw-df2-c09/top/data/ldos.pp.dat353.xsf
     Plot Type: 3D                     Output format: XCrySDen     
     Reading data from file  /home/ubuntu/projects/Graphene-Band-Structure-Quantum-Espresso/outputs/field_0.001/vdw-df2-c09/top/data/ldos.pp.dat354

     Writing data to be plotted to file /home/ubuntu/projects/Graphene-Band-Structure-Quantum-Espresso/outputs/field_0.001/vdw-df2-c09/top/data/ldos.pp.dat354.xsf
     Plot Type: 3D                     Output format: XCrySDen     
     Reading data from file  /home/ubuntu/projects/Graphene-Band-Structure-Quantum-Espresso/outputs/field_0.001/vdw-df2-c09/top/data/ldos.pp.dat355

     Writing data to be plotted to file /home/ubuntu/projects/Graphene-Band-Structure-Quantum-Espresso/outputs/field_0.001/vdw-df2-c09/top/data/ldos.pp.dat355.xsf
     Plot Type: 3D                     Output format: XCrySDen     
     Reading data from file  /home/ubuntu/projects/Graphene-Band-Structure-Quantum-Espresso/outputs/field_0.001/vdw-df2-c09/top/data/ldos.pp.dat356

     Writing data to be plotted to file /home/ubuntu/projects/Graphene-Band-Structure-Quantum-Espresso/outputs/field_0.001/vdw-df2-c09/top/data/ldos.pp.dat356.xsf
     Plot Type: 3D                     Output format: XCrySDen     
     Reading data from file  /home/ubuntu/projects/Graphene-Band-Structure-Quantum-Espresso/outputs/field_0.001/vdw-df2-c09/top/data/ldos.pp.dat357

     Writing data to be plotted to file /home/ubuntu/projects/Graphene-Band-Structure-Quantum-Espresso/outputs/field_0.001/vdw-df2-c09/top/data/ldos.pp.dat357.xsf
     Plot Type: 3D                     Output format: XCrySDen     
     Reading data from file  /home/ubuntu/projects/Graphene-Band-Structure-Quantum-Espresso/outputs/field_0.001/vdw-df2-c09/top/data/ldos.pp.dat358

     Writing data to be plotted to file /home/ubuntu/projects/Graphene-Band-Structure-Quantum-Espresso/outputs/field_0.001/vdw-df2-c09/top/data/ldos.pp.dat358.xsf
     Plot Type: 3D                     Output format: XCrySDen     
     Reading data from file  /home/ubuntu/projects/Graphene-Band-Structure-Quantum-Espresso/outputs/field_0.001/vdw-df2-c09/top/data/ldos.pp.dat359

     Writing data to be plotted to file /home/ubuntu/projects/Graphene-Band-Structure-Quantum-Espresso/outputs/field_0.001/vdw-df2-c09/top/data/ldos.pp.dat359.xsf
     Plot Type: 3D                     Output format: XCrySDen     
     Reading data from file  /home/ubuntu/projects/Graphene-Band-Structure-Quantum-Espresso/outputs/field_0.001/vdw-df2-c09/top/data/ldos.pp.dat360

     Writing data to be plotted to file /home/ubuntu/projects/Graphene-Band-Structure-Quantum-Espresso/outputs/field_0.001/vdw-df2-c09/top/data/ldos.pp.dat360.xsf
     Plot Type: 3D                     Output format: XCrySDen     
     Reading data from file  /home/ubuntu/projects/Graphene-Band-Structure-Quantum-Espresso/outputs/field_0.001/vdw-df2-c09/top/data/ldos.pp.dat361

     Writing data to be plotted to file /home/ubuntu/projects/Graphene-Band-Structure-Quantum-Espresso/outputs/field_0.001/vdw-df2-c09/top/data/ldos.pp.dat361.xsf
     Plot Type: 3D                     Output format: XCrySDen     
     Reading data from file  /home/ubuntu/projects/Graphene-Band-Structure-Quantum-Espresso/outputs/field_0.001/vdw-df2-c09/top/data/ldos.pp.dat362

     Writing data to be plotted to file /home/ubuntu/projects/Graphene-Band-Structure-Quantum-Espresso/outputs/field_0.001/vdw-df2-c09/top/data/ldos.pp.dat362.xsf
     Plot Type: 3D                     Output format: XCrySDen     
     Reading data from file  /home/ubuntu/projects/Graphene-Band-Structure-Quantum-Espresso/outputs/field_0.001/vdw-df2-c09/top/data/ldos.pp.dat363

     Writing data to be plotted to file /home/ubuntu/projects/Graphene-Band-Structure-Quantum-Espresso/outputs/field_0.001/vdw-df2-c09/top/data/ldos.pp.dat363.xsf
     Plot Type: 3D                     Output format: XCrySDen     
     Reading data from file  /home/ubuntu/projects/Graphene-Band-Structure-Quantum-Espresso/outputs/field_0.001/vdw-df2-c09/top/data/ldos.pp.dat364

     Writing data to be plotted to file /home/ubuntu/projects/Graphene-Band-Structure-Quantum-Espresso/outputs/field_0.001/vdw-df2-c09/top/data/ldos.pp.dat364.xsf
     Plot Type: 3D                     Output format: XCrySDen     
     Reading data from file  /home/ubuntu/projects/Graphene-Band-Structure-Quantum-Espresso/outputs/field_0.001/vdw-df2-c09/top/data/ldos.pp.dat365

     Writing data to be plotted to file /home/ubuntu/projects/Graphene-Band-Structure-Quantum-Espresso/outputs/field_0.001/vdw-df2-c09/top/data/ldos.pp.dat365.xsf
     Plot Type: 3D                     Output format: XCrySDen     
     Reading data from file  /home/ubuntu/projects/Graphene-Band-Structure-Quantum-Espresso/outputs/field_0.001/vdw-df2-c09/top/data/ldos.pp.dat366

     Writing data to be plotted to file /home/ubuntu/projects/Graphene-Band-Structure-Quantum-Espresso/outputs/field_0.001/vdw-df2-c09/top/data/ldos.pp.dat366.xsf
     Plot Type: 3D                     Output format: XCrySDen     
     Reading data from file  /home/ubuntu/projects/Graphene-Band-Structure-Quantum-Espresso/outputs/field_0.001/vdw-df2-c09/top/data/ldos.pp.dat367

     Writing data to be plotted to file /home/ubuntu/projects/Graphene-Band-Structure-Quantum-Espresso/outputs/field_0.001/vdw-df2-c09/top/data/ldos.pp.dat367.xsf
     Plot Type: 3D                     Output format: XCrySDen     
     Reading data from file  /home/ubuntu/projects/Graphene-Band-Structure-Quantum-Espresso/outputs/field_0.001/vdw-df2-c09/top/data/ldos.pp.dat368

     Writing data to be plotted to file /home/ubuntu/projects/Graphene-Band-Structure-Quantum-Espresso/outputs/field_0.001/vdw-df2-c09/top/data/ldos.pp.dat368.xsf
     Plot Type: 3D                     Output format: XCrySDen     
     Reading data from file  /home/ubuntu/projects/Graphene-Band-Structure-Quantum-Espresso/outputs/field_0.001/vdw-df2-c09/top/data/ldos.pp.dat369

     Writing data to be plotted to file /home/ubuntu/projects/Graphene-Band-Structure-Quantum-Espresso/outputs/field_0.001/vdw-df2-c09/top/data/ldos.pp.dat369.xsf
     Plot Type: 3D                     Output format: XCrySDen     
     Reading data from file  /home/ubuntu/projects/Graphene-Band-Structure-Quantum-Espresso/outputs/field_0.001/vdw-df2-c09/top/data/ldos.pp.dat370

     Writing data to be plotted to file /home/ubuntu/projects/Graphene-Band-Structure-Quantum-Espresso/outputs/field_0.001/vdw-df2-c09/top/data/ldos.pp.dat370.xsf
     Plot Type: 3D                     Output format: XCrySDen     
     Reading data from file  /home/ubuntu/projects/Graphene-Band-Structure-Quantum-Espresso/outputs/field_0.001/vdw-df2-c09/top/data/ldos.pp.dat371

     Writing data to be plotted to file /home/ubuntu/projects/Graphene-Band-Structure-Quantum-Espresso/outputs/field_0.001/vdw-df2-c09/top/data/ldos.pp.dat371.xsf
     Plot Type: 3D                     Output format: XCrySDen     
     Reading data from file  /home/ubuntu/projects/Graphene-Band-Structure-Quantum-Espresso/outputs/field_0.001/vdw-df2-c09/top/data/ldos.pp.dat372

     Writing data to be plotted to file /home/ubuntu/projects/Graphene-Band-Structure-Quantum-Espresso/outputs/field_0.001/vdw-df2-c09/top/data/ldos.pp.dat372.xsf
     Plot Type: 3D                     Output format: XCrySDen     
     Reading data from file  /home/ubuntu/projects/Graphene-Band-Structure-Quantum-Espresso/outputs/field_0.001/vdw-df2-c09/top/data/ldos.pp.dat373

     Writing data to be plotted to file /home/ubuntu/projects/Graphene-Band-Structure-Quantum-Espresso/outputs/field_0.001/vdw-df2-c09/top/data/ldos.pp.dat373.xsf
     Plot Type: 3D                     Output format: XCrySDen     
     Reading data from file  /home/ubuntu/projects/Graphene-Band-Structure-Quantum-Espresso/outputs/field_0.001/vdw-df2-c09/top/data/ldos.pp.dat374

     Writing data to be plotted to file /home/ubuntu/projects/Graphene-Band-Structure-Quantum-Espresso/outputs/field_0.001/vdw-df2-c09/top/data/ldos.pp.dat374.xsf
     Plot Type: 3D                     Output format: XCrySDen     
     Reading data from file  /home/ubuntu/projects/Graphene-Band-Structure-Quantum-Espresso/outputs/field_0.001/vdw-df2-c09/top/data/ldos.pp.dat375

     Writing data to be plotted to file /home/ubuntu/projects/Graphene-Band-Structure-Quantum-Espresso/outputs/field_0.001/vdw-df2-c09/top/data/ldos.pp.dat375.xsf
     Plot Type: 3D                     Output format: XCrySDen     
     Reading data from file  /home/ubuntu/projects/Graphene-Band-Structure-Quantum-Espresso/outputs/field_0.001/vdw-df2-c09/top/data/ldos.pp.dat376

     Writing data to be plotted to file /home/ubuntu/projects/Graphene-Band-Structure-Quantum-Espresso/outputs/field_0.001/vdw-df2-c09/top/data/ldos.pp.dat376.xsf
     Plot Type: 3D                     Output format: XCrySDen     
     Reading data from file  /home/ubuntu/projects/Graphene-Band-Structure-Quantum-Espresso/outputs/field_0.001/vdw-df2-c09/top/data/ldos.pp.dat377

     Writing data to be plotted to file /home/ubuntu/projects/Graphene-Band-Structure-Quantum-Espresso/outputs/field_0.001/vdw-df2-c09/top/data/ldos.pp.dat377.xsf
     Plot Type: 3D                     Output format: XCrySDen     
     Reading data from file  /home/ubuntu/projects/Graphene-Band-Structure-Quantum-Espresso/outputs/field_0.001/vdw-df2-c09/top/data/ldos.pp.dat378

     Writing data to be plotted to file /home/ubuntu/projects/Graphene-Band-Structure-Quantum-Espresso/outputs/field_0.001/vdw-df2-c09/top/data/ldos.pp.dat378.xsf
     Plot Type: 3D                     Output format: XCrySDen     
     Reading data from file  /home/ubuntu/projects/Graphene-Band-Structure-Quantum-Espresso/outputs/field_0.001/vdw-df2-c09/top/data/ldos.pp.dat379

     Writing data to be plotted to file /home/ubuntu/projects/Graphene-Band-Structure-Quantum-Espresso/outputs/field_0.001/vdw-df2-c09/top/data/ldos.pp.dat379.xsf
     Plot Type: 3D                     Output format: XCrySDen     
     Reading data from file  /home/ubuntu/projects/Graphene-Band-Structure-Quantum-Espresso/outputs/field_0.001/vdw-df2-c09/top/data/ldos.pp.dat380

     Writing data to be plotted to file /home/ubuntu/projects/Graphene-Band-Structure-Quantum-Espresso/outputs/field_0.001/vdw-df2-c09/top/data/ldos.pp.dat380.xsf
     Plot Type: 3D                     Output format: XCrySDen     
     Reading data from file  /home/ubuntu/projects/Graphene-Band-Structure-Quantum-Espresso/outputs/field_0.001/vdw-df2-c09/top/data/ldos.pp.dat381

     Writing data to be plotted to file /home/ubuntu/projects/Graphene-Band-Structure-Quantum-Espresso/outputs/field_0.001/vdw-df2-c09/top/data/ldos.pp.dat381.xsf
     Plot Type: 3D                     Output format: XCrySDen     
     Reading data from file  /home/ubuntu/projects/Graphene-Band-Structure-Quantum-Espresso/outputs/field_0.001/vdw-df2-c09/top/data/ldos.pp.dat382

     Writing data to be plotted to file /home/ubuntu/projects/Graphene-Band-Structure-Quantum-Espresso/outputs/field_0.001/vdw-df2-c09/top/data/ldos.pp.dat382.xsf
     Plot Type: 3D                     Output format: XCrySDen     
     Reading data from file  /home/ubuntu/projects/Graphene-Band-Structure-Quantum-Espresso/outputs/field_0.001/vdw-df2-c09/top/data/ldos.pp.dat383

     Writing data to be plotted to file /home/ubuntu/projects/Graphene-Band-Structure-Quantum-Espresso/outputs/field_0.001/vdw-df2-c09/top/data/ldos.pp.dat383.xsf
     Plot Type: 3D                     Output format: XCrySDen     
     Reading data from file  /home/ubuntu/projects/Graphene-Band-Structure-Quantum-Espresso/outputs/field_0.001/vdw-df2-c09/top/data/ldos.pp.dat384

     Writing data to be plotted to file /home/ubuntu/projects/Graphene-Band-Structure-Quantum-Espresso/outputs/field_0.001/vdw-df2-c09/top/data/ldos.pp.dat384.xsf
     Plot Type: 3D                     Output format: XCrySDen     
     Reading data from file  /home/ubuntu/projects/Graphene-Band-Structure-Quantum-Espresso/outputs/field_0.001/vdw-df2-c09/top/data/ldos.pp.dat385

     Writing data to be plotted to file /home/ubuntu/projects/Graphene-Band-Structure-Quantum-Espresso/outputs/field_0.001/vdw-df2-c09/top/data/ldos.pp.dat385.xsf
     Plot Type: 3D                     Output format: XCrySDen     
     Reading data from file  /home/ubuntu/projects/Graphene-Band-Structure-Quantum-Espresso/outputs/field_0.001/vdw-df2-c09/top/data/ldos.pp.dat386

     Writing data to be plotted to file /home/ubuntu/projects/Graphene-Band-Structure-Quantum-Espresso/outputs/field_0.001/vdw-df2-c09/top/data/ldos.pp.dat386.xsf
     Plot Type: 3D                     Output format: XCrySDen     
     Reading data from file  /home/ubuntu/projects/Graphene-Band-Structure-Quantum-Espresso/outputs/field_0.001/vdw-df2-c09/top/data/ldos.pp.dat387

     Writing data to be plotted to file /home/ubuntu/projects/Graphene-Band-Structure-Quantum-Espresso/outputs/field_0.001/vdw-df2-c09/top/data/ldos.pp.dat387.xsf
     Plot Type: 3D                     Output format: XCrySDen     
     Reading data from file  /home/ubuntu/projects/Graphene-Band-Structure-Quantum-Espresso/outputs/field_0.001/vdw-df2-c09/top/data/ldos.pp.dat388

     Writing data to be plotted to file /home/ubuntu/projects/Graphene-Band-Structure-Quantum-Espresso/outputs/field_0.001/vdw-df2-c09/top/data/ldos.pp.dat388.xsf
     Plot Type: 3D                     Output format: XCrySDen     
     Reading data from file  /home/ubuntu/projects/Graphene-Band-Structure-Quantum-Espresso/outputs/field_0.001/vdw-df2-c09/top/data/ldos.pp.dat389

     Writing data to be plotted to file /home/ubuntu/projects/Graphene-Band-Structure-Quantum-Espresso/outputs/field_0.001/vdw-df2-c09/top/data/ldos.pp.dat389.xsf
     Plot Type: 3D                     Output format: XCrySDen     
     Reading data from file  /home/ubuntu/projects/Graphene-Band-Structure-Quantum-Espresso/outputs/field_0.001/vdw-df2-c09/top/data/ldos.pp.dat390

     Writing data to be plotted to file /home/ubuntu/projects/Graphene-Band-Structure-Quantum-Espresso/outputs/field_0.001/vdw-df2-c09/top/data/ldos.pp.dat390.xsf
     Plot Type: 3D                     Output format: XCrySDen     
     Reading data from file  /home/ubuntu/projects/Graphene-Band-Structure-Quantum-Espresso/outputs/field_0.001/vdw-df2-c09/top/data/ldos.pp.dat391

     Writing data to be plotted to file /home/ubuntu/projects/Graphene-Band-Structure-Quantum-Espresso/outputs/field_0.001/vdw-df2-c09/top/data/ldos.pp.dat391.xsf
     Plot Type: 3D                     Output format: XCrySDen     
     Reading data from file  /home/ubuntu/projects/Graphene-Band-Structure-Quantum-Espresso/outputs/field_0.001/vdw-df2-c09/top/data/ldos.pp.dat392

     Writing data to be plotted to file /home/ubuntu/projects/Graphene-Band-Structure-Quantum-Espresso/outputs/field_0.001/vdw-df2-c09/top/data/ldos.pp.dat392.xsf
     Plot Type: 3D                     Output format: XCrySDen     
     Reading data from file  /home/ubuntu/projects/Graphene-Band-Structure-Quantum-Espresso/outputs/field_0.001/vdw-df2-c09/top/data/ldos.pp.dat393

     Writing data to be plotted to file /home/ubuntu/projects/Graphene-Band-Structure-Quantum-Espresso/outputs/field_0.001/vdw-df2-c09/top/data/ldos.pp.dat393.xsf
     Plot Type: 3D                     Output format: XCrySDen     
     Reading data from file  /home/ubuntu/projects/Graphene-Band-Structure-Quantum-Espresso/outputs/field_0.001/vdw-df2-c09/top/data/ldos.pp.dat394

     Writing data to be plotted to file /home/ubuntu/projects/Graphene-Band-Structure-Quantum-Espresso/outputs/field_0.001/vdw-df2-c09/top/data/ldos.pp.dat394.xsf
     Plot Type: 3D                     Output format: XCrySDen     
     Reading data from file  /home/ubuntu/projects/Graphene-Band-Structure-Quantum-Espresso/outputs/field_0.001/vdw-df2-c09/top/data/ldos.pp.dat395

     Writing data to be plotted to file /home/ubuntu/projects/Graphene-Band-Structure-Quantum-Espresso/outputs/field_0.001/vdw-df2-c09/top/data/ldos.pp.dat395.xsf
     Plot Type: 3D                     Output format: XCrySDen     
     Reading data from file  /home/ubuntu/projects/Graphene-Band-Structure-Quantum-Espresso/outputs/field_0.001/vdw-df2-c09/top/data/ldos.pp.dat396

     Writing data to be plotted to file /home/ubuntu/projects/Graphene-Band-Structure-Quantum-Espresso/outputs/field_0.001/vdw-df2-c09/top/data/ldos.pp.dat396.xsf
     Plot Type: 3D                     Output format: XCrySDen     
     Reading data from file  /home/ubuntu/projects/Graphene-Band-Structure-Quantum-Espresso/outputs/field_0.001/vdw-df2-c09/top/data/ldos.pp.dat397

     Writing data to be plotted to file /home/ubuntu/projects/Graphene-Band-Structure-Quantum-Espresso/outputs/field_0.001/vdw-df2-c09/top/data/ldos.pp.dat397.xsf
     Plot Type: 3D                     Output format: XCrySDen     
     Reading data from file  /home/ubuntu/projects/Graphene-Band-Structure-Quantum-Espresso/outputs/field_0.001/vdw-df2-c09/top/data/ldos.pp.dat398

     Writing data to be plotted to file /home/ubuntu/projects/Graphene-Band-Structure-Quantum-Espresso/outputs/field_0.001/vdw-df2-c09/top/data/ldos.pp.dat398.xsf
     Plot Type: 3D                     Output format: XCrySDen     
     Reading data from file  /home/ubuntu/projects/Graphene-Band-Structure-Quantum-Espresso/outputs/field_0.001/vdw-df2-c09/top/data/ldos.pp.dat399

     Writing data to be plotted to file /home/ubuntu/projects/Graphene-Band-Structure-Quantum-Espresso/outputs/field_0.001/vdw-df2-c09/top/data/ldos.pp.dat399.xsf
     Plot Type: 3D                     Output format: XCrySDen     
     Reading data from file  /home/ubuntu/projects/Graphene-Band-Structure-Quantum-Espresso/outputs/field_0.001/vdw-df2-c09/top/data/ldos.pp.dat400

     Writing data to be plotted to file /home/ubuntu/projects/Graphene-Band-Structure-Quantum-Espresso/outputs/field_0.001/vdw-df2-c09/top/data/ldos.pp.dat400.xsf
     Plot Type: 3D                     Output format: XCrySDen     
     Reading data from file  /home/ubuntu/projects/Graphene-Band-Structure-Quantum-Espresso/outputs/field_0.001/vdw-df2-c09/top/data/ldos.pp.dat401

     Writing data to be plotted to file /home/ubuntu/projects/Graphene-Band-Structure-Quantum-Espresso/outputs/field_0.001/vdw-df2-c09/top/data/ldos.pp.dat401.xsf
     Plot Type: 3D                     Output format: XCrySDen     
     Reading data from file  /home/ubuntu/projects/Graphene-Band-Structure-Quantum-Espresso/outputs/field_0.001/vdw-df2-c09/top/data/ldos.pp.dat402

     Writing data to be plotted to file /home/ubuntu/projects/Graphene-Band-Structure-Quantum-Espresso/outputs/field_0.001/vdw-df2-c09/top/data/ldos.pp.dat402.xsf
     Plot Type: 3D                     Output format: XCrySDen     
     Reading data from file  /home/ubuntu/projects/Graphene-Band-Structure-Quantum-Espresso/outputs/field_0.001/vdw-df2-c09/top/data/ldos.pp.dat403

     Writing data to be plotted to file /home/ubuntu/projects/Graphene-Band-Structure-Quantum-Espresso/outputs/field_0.001/vdw-df2-c09/top/data/ldos.pp.dat403.xsf
     Plot Type: 3D                     Output format: XCrySDen     
     Reading data from file  /home/ubuntu/projects/Graphene-Band-Structure-Quantum-Espresso/outputs/field_0.001/vdw-df2-c09/top/data/ldos.pp.dat404

     Writing data to be plotted to file /home/ubuntu/projects/Graphene-Band-Structure-Quantum-Espresso/outputs/field_0.001/vdw-df2-c09/top/data/ldos.pp.dat404.xsf
     Plot Type: 3D                     Output format: XCrySDen     
     Reading data from file  /home/ubuntu/projects/Graphene-Band-Structure-Quantum-Espresso/outputs/field_0.001/vdw-df2-c09/top/data/ldos.pp.dat405

     Writing data to be plotted to file /home/ubuntu/projects/Graphene-Band-Structure-Quantum-Espresso/outputs/field_0.001/vdw-df2-c09/top/data/ldos.pp.dat405.xsf
     Plot Type: 3D                     Output format: XCrySDen     
     Reading data from file  /home/ubuntu/projects/Graphene-Band-Structure-Quantum-Espresso/outputs/field_0.001/vdw-df2-c09/top/data/ldos.pp.dat406

     Writing data to be plotted to file /home/ubuntu/projects/Graphene-Band-Structure-Quantum-Espresso/outputs/field_0.001/vdw-df2-c09/top/data/ldos.pp.dat406.xsf
     Plot Type: 3D                     Output format: XCrySDen     
     Reading data from file  /home/ubuntu/projects/Graphene-Band-Structure-Quantum-Espresso/outputs/field_0.001/vdw-df2-c09/top/data/ldos.pp.dat407

     Writing data to be plotted to file /home/ubuntu/projects/Graphene-Band-Structure-Quantum-Espresso/outputs/field_0.001/vdw-df2-c09/top/data/ldos.pp.dat407.xsf
     Plot Type: 3D                     Output format: XCrySDen     
     Reading data from file  /home/ubuntu/projects/Graphene-Band-Structure-Quantum-Espresso/outputs/field_0.001/vdw-df2-c09/top/data/ldos.pp.dat408

     Writing data to be plotted to file /home/ubuntu/projects/Graphene-Band-Structure-Quantum-Espresso/outputs/field_0.001/vdw-df2-c09/top/data/ldos.pp.dat408.xsf
     Plot Type: 3D                     Output format: XCrySDen     
     Reading data from file  /home/ubuntu/projects/Graphene-Band-Structure-Quantum-Espresso/outputs/field_0.001/vdw-df2-c09/top/data/ldos.pp.dat409

     Writing data to be plotted to file /home/ubuntu/projects/Graphene-Band-Structure-Quantum-Espresso/outputs/field_0.001/vdw-df2-c09/top/data/ldos.pp.dat409.xsf
     Plot Type: 3D                     Output format: XCrySDen     
     Reading data from file  /home/ubuntu/projects/Graphene-Band-Structure-Quantum-Espresso/outputs/field_0.001/vdw-df2-c09/top/data/ldos.pp.dat410

     Writing data to be plotted to file /home/ubuntu/projects/Graphene-Band-Structure-Quantum-Espresso/outputs/field_0.001/vdw-df2-c09/top/data/ldos.pp.dat410.xsf
     Plot Type: 3D                     Output format: XCrySDen     
     Reading data from file  /home/ubuntu/projects/Graphene-Band-Structure-Quantum-Espresso/outputs/field_0.001/vdw-df2-c09/top/data/ldos.pp.dat411

     Writing data to be plotted to file /home/ubuntu/projects/Graphene-Band-Structure-Quantum-Espresso/outputs/field_0.001/vdw-df2-c09/top/data/ldos.pp.dat411.xsf
     Plot Type: 3D                     Output format: XCrySDen     
     Reading data from file  /home/ubuntu/projects/Graphene-Band-Structure-Quantum-Espresso/outputs/field_0.001/vdw-df2-c09/top/data/ldos.pp.dat412

     Writing data to be plotted to file /home/ubuntu/projects/Graphene-Band-Structure-Quantum-Espresso/outputs/field_0.001/vdw-df2-c09/top/data/ldos.pp.dat412.xsf
     Plot Type: 3D                     Output format: XCrySDen     
     Reading data from file  /home/ubuntu/projects/Graphene-Band-Structure-Quantum-Espresso/outputs/field_0.001/vdw-df2-c09/top/data/ldos.pp.dat413

     Writing data to be plotted to file /home/ubuntu/projects/Graphene-Band-Structure-Quantum-Espresso/outputs/field_0.001/vdw-df2-c09/top/data/ldos.pp.dat413.xsf
     Plot Type: 3D                     Output format: XCrySDen     
     Reading data from file  /home/ubuntu/projects/Graphene-Band-Structure-Quantum-Espresso/outputs/field_0.001/vdw-df2-c09/top/data/ldos.pp.dat414

     Writing data to be plotted to file /home/ubuntu/projects/Graphene-Band-Structure-Quantum-Espresso/outputs/field_0.001/vdw-df2-c09/top/data/ldos.pp.dat414.xsf
     Plot Type: 3D                     Output format: XCrySDen     
     Reading data from file  /home/ubuntu/projects/Graphene-Band-Structure-Quantum-Espresso/outputs/field_0.001/vdw-df2-c09/top/data/ldos.pp.dat415

     Writing data to be plotted to file /home/ubuntu/projects/Graphene-Band-Structure-Quantum-Espresso/outputs/field_0.001/vdw-df2-c09/top/data/ldos.pp.dat415.xsf
     Plot Type: 3D                     Output format: XCrySDen     
     Reading data from file  /home/ubuntu/projects/Graphene-Band-Structure-Quantum-Espresso/outputs/field_0.001/vdw-df2-c09/top/data/ldos.pp.dat416

     Writing data to be plotted to file /home/ubuntu/projects/Graphene-Band-Structure-Quantum-Espresso/outputs/field_0.001/vdw-df2-c09/top/data/ldos.pp.dat416.xsf
     Plot Type: 3D                     Output format: XCrySDen     
     Reading data from file  /home/ubuntu/projects/Graphene-Band-Structure-Quantum-Espresso/outputs/field_0.001/vdw-df2-c09/top/data/ldos.pp.dat417

     Writing data to be plotted to file /home/ubuntu/projects/Graphene-Band-Structure-Quantum-Espresso/outputs/field_0.001/vdw-df2-c09/top/data/ldos.pp.dat417.xsf
     Plot Type: 3D                     Output format: XCrySDen     
     Reading data from file  /home/ubuntu/projects/Graphene-Band-Structure-Quantum-Espresso/outputs/field_0.001/vdw-df2-c09/top/data/ldos.pp.dat418

     Writing data to be plotted to file /home/ubuntu/projects/Graphene-Band-Structure-Quantum-Espresso/outputs/field_0.001/vdw-df2-c09/top/data/ldos.pp.dat418.xsf
     Plot Type: 3D                     Output format: XCrySDen     
     Reading data from file  /home/ubuntu/projects/Graphene-Band-Structure-Quantum-Espresso/outputs/field_0.001/vdw-df2-c09/top/data/ldos.pp.dat419

     Writing data to be plotted to file /home/ubuntu/projects/Graphene-Band-Structure-Quantum-Espresso/outputs/field_0.001/vdw-df2-c09/top/data/ldos.pp.dat419.xsf
     Plot Type: 3D                     Output format: XCrySDen     
     Reading data from file  /home/ubuntu/projects/Graphene-Band-Structure-Quantum-Espresso/outputs/field_0.001/vdw-df2-c09/top/data/ldos.pp.dat420

     Writing data to be plotted to file /home/ubuntu/projects/Graphene-Band-Structure-Quantum-Espresso/outputs/field_0.001/vdw-df2-c09/top/data/ldos.pp.dat420.xsf
     Plot Type: 3D                     Output format: XCrySDen     
     Reading data from file  /home/ubuntu/projects/Graphene-Band-Structure-Quantum-Espresso/outputs/field_0.001/vdw-df2-c09/top/data/ldos.pp.dat421

     Writing data to be plotted to file /home/ubuntu/projects/Graphene-Band-Structure-Quantum-Espresso/outputs/field_0.001/vdw-df2-c09/top/data/ldos.pp.dat421.xsf
     Plot Type: 3D                     Output format: XCrySDen     
     Reading data from file  /home/ubuntu/projects/Graphene-Band-Structure-Quantum-Espresso/outputs/field_0.001/vdw-df2-c09/top/data/ldos.pp.dat422

     Writing data to be plotted to file /home/ubuntu/projects/Graphene-Band-Structure-Quantum-Espresso/outputs/field_0.001/vdw-df2-c09/top/data/ldos.pp.dat422.xsf
     Plot Type: 3D                     Output format: XCrySDen     
     Reading data from file  /home/ubuntu/projects/Graphene-Band-Structure-Quantum-Espresso/outputs/field_0.001/vdw-df2-c09/top/data/ldos.pp.dat423

     Writing data to be plotted to file /home/ubuntu/projects/Graphene-Band-Structure-Quantum-Espresso/outputs/field_0.001/vdw-df2-c09/top/data/ldos.pp.dat423.xsf
     Plot Type: 3D                     Output format: XCrySDen     
     Reading data from file  /home/ubuntu/projects/Graphene-Band-Structure-Quantum-Espresso/outputs/field_0.001/vdw-df2-c09/top/data/ldos.pp.dat424

     Writing data to be plotted to file /home/ubuntu/projects/Graphene-Band-Structure-Quantum-Espresso/outputs/field_0.001/vdw-df2-c09/top/data/ldos.pp.dat424.xsf
     Plot Type: 3D                     Output format: XCrySDen     
     Reading data from file  /home/ubuntu/projects/Graphene-Band-Structure-Quantum-Espresso/outputs/field_0.001/vdw-df2-c09/top/data/ldos.pp.dat425

     Writing data to be plotted to file /home/ubuntu/projects/Graphene-Band-Structure-Quantum-Espresso/outputs/field_0.001/vdw-df2-c09/top/data/ldos.pp.dat425.xsf
     Plot Type: 3D                     Output format: XCrySDen     
     Reading data from file  /home/ubuntu/projects/Graphene-Band-Structure-Quantum-Espresso/outputs/field_0.001/vdw-df2-c09/top/data/ldos.pp.dat426

     Writing data to be plotted to file /home/ubuntu/projects/Graphene-Band-Structure-Quantum-Espresso/outputs/field_0.001/vdw-df2-c09/top/data/ldos.pp.dat426.xsf
     Plot Type: 3D                     Output format: XCrySDen     
     Reading data from file  /home/ubuntu/projects/Graphene-Band-Structure-Quantum-Espresso/outputs/field_0.001/vdw-df2-c09/top/data/ldos.pp.dat427

     Writing data to be plotted to file /home/ubuntu/projects/Graphene-Band-Structure-Quantum-Espresso/outputs/field_0.001/vdw-df2-c09/top/data/ldos.pp.dat427.xsf
     Plot Type: 3D                     Output format: XCrySDen     
     Reading data from file  /home/ubuntu/projects/Graphene-Band-Structure-Quantum-Espresso/outputs/field_0.001/vdw-df2-c09/top/data/ldos.pp.dat428

     Writing data to be plotted to file /home/ubuntu/projects/Graphene-Band-Structure-Quantum-Espresso/outputs/field_0.001/vdw-df2-c09/top/data/ldos.pp.dat428.xsf
     Plot Type: 3D                     Output format: XCrySDen     
     Reading data from file  /home/ubuntu/projects/Graphene-Band-Structure-Quantum-Espresso/outputs/field_0.001/vdw-df2-c09/top/data/ldos.pp.dat429

     Writing data to be plotted to file /home/ubuntu/projects/Graphene-Band-Structure-Quantum-Espresso/outputs/field_0.001/vdw-df2-c09/top/data/ldos.pp.dat429.xsf
     Plot Type: 3D                     Output format: XCrySDen     
     Reading data from file  /home/ubuntu/projects/Graphene-Band-Structure-Quantum-Espresso/outputs/field_0.001/vdw-df2-c09/top/data/ldos.pp.dat430

     Writing data to be plotted to file /home/ubuntu/projects/Graphene-Band-Structure-Quantum-Espresso/outputs/field_0.001/vdw-df2-c09/top/data/ldos.pp.dat430.xsf
     Plot Type: 3D                     Output format: XCrySDen     
     Reading data from file  /home/ubuntu/projects/Graphene-Band-Structure-Quantum-Espresso/outputs/field_0.001/vdw-df2-c09/top/data/ldos.pp.dat431

     Writing data to be plotted to file /home/ubuntu/projects/Graphene-Band-Structure-Quantum-Espresso/outputs/field_0.001/vdw-df2-c09/top/data/ldos.pp.dat431.xsf
     Plot Type: 3D                     Output format: XCrySDen     
     Reading data from file  /home/ubuntu/projects/Graphene-Band-Structure-Quantum-Espresso/outputs/field_0.001/vdw-df2-c09/top/data/ldos.pp.dat432

     Writing data to be plotted to file /home/ubuntu/projects/Graphene-Band-Structure-Quantum-Espresso/outputs/field_0.001/vdw-df2-c09/top/data/ldos.pp.dat432.xsf
     Plot Type: 3D                     Output format: XCrySDen     
     Reading data from file  /home/ubuntu/projects/Graphene-Band-Structure-Quantum-Espresso/outputs/field_0.001/vdw-df2-c09/top/data/ldos.pp.dat433

     Writing data to be plotted to file /home/ubuntu/projects/Graphene-Band-Structure-Quantum-Espresso/outputs/field_0.001/vdw-df2-c09/top/data/ldos.pp.dat433.xsf
     Plot Type: 3D                     Output format: XCrySDen     
     Reading data from file  /home/ubuntu/projects/Graphene-Band-Structure-Quantum-Espresso/outputs/field_0.001/vdw-df2-c09/top/data/ldos.pp.dat434

     Writing data to be plotted to file /home/ubuntu/projects/Graphene-Band-Structure-Quantum-Espresso/outputs/field_0.001/vdw-df2-c09/top/data/ldos.pp.dat434.xsf
     Plot Type: 3D                     Output format: XCrySDen     
     Reading data from file  /home/ubuntu/projects/Graphene-Band-Structure-Quantum-Espresso/outputs/field_0.001/vdw-df2-c09/top/data/ldos.pp.dat435

     Writing data to be plotted to file /home/ubuntu/projects/Graphene-Band-Structure-Quantum-Espresso/outputs/field_0.001/vdw-df2-c09/top/data/ldos.pp.dat435.xsf
     Plot Type: 3D                     Output format: XCrySDen     
     Reading data from file  /home/ubuntu/projects/Graphene-Band-Structure-Quantum-Espresso/outputs/field_0.001/vdw-df2-c09/top/data/ldos.pp.dat436

     Writing data to be plotted to file /home/ubuntu/projects/Graphene-Band-Structure-Quantum-Espresso/outputs/field_0.001/vdw-df2-c09/top/data/ldos.pp.dat436.xsf
     Plot Type: 3D                     Output format: XCrySDen     
     Reading data from file  /home/ubuntu/projects/Graphene-Band-Structure-Quantum-Espresso/outputs/field_0.001/vdw-df2-c09/top/data/ldos.pp.dat437

     Writing data to be plotted to file /home/ubuntu/projects/Graphene-Band-Structure-Quantum-Espresso/outputs/field_0.001/vdw-df2-c09/top/data/ldos.pp.dat437.xsf
     Plot Type: 3D                     Output format: XCrySDen     
     Reading data from file  /home/ubuntu/projects/Graphene-Band-Structure-Quantum-Espresso/outputs/field_0.001/vdw-df2-c09/top/data/ldos.pp.dat438

     Writing data to be plotted to file /home/ubuntu/projects/Graphene-Band-Structure-Quantum-Espresso/outputs/field_0.001/vdw-df2-c09/top/data/ldos.pp.dat438.xsf
     Plot Type: 3D                     Output format: XCrySDen     
     Reading data from file  /home/ubuntu/projects/Graphene-Band-Structure-Quantum-Espresso/outputs/field_0.001/vdw-df2-c09/top/data/ldos.pp.dat439

     Writing data to be plotted to file /home/ubuntu/projects/Graphene-Band-Structure-Quantum-Espresso/outputs/field_0.001/vdw-df2-c09/top/data/ldos.pp.dat439.xsf
     Plot Type: 3D                     Output format: XCrySDen     
     Reading data from file  /home/ubuntu/projects/Graphene-Band-Structure-Quantum-Espresso/outputs/field_0.001/vdw-df2-c09/top/data/ldos.pp.dat440

     Writing data to be plotted to file /home/ubuntu/projects/Graphene-Band-Structure-Quantum-Espresso/outputs/field_0.001/vdw-df2-c09/top/data/ldos.pp.dat440.xsf
     Plot Type: 3D                     Output format: XCrySDen     
     Reading data from file  /home/ubuntu/projects/Graphene-Band-Structure-Quantum-Espresso/outputs/field_0.001/vdw-df2-c09/top/data/ldos.pp.dat441

     Writing data to be plotted to file /home/ubuntu/projects/Graphene-Band-Structure-Quantum-Espresso/outputs/field_0.001/vdw-df2-c09/top/data/ldos.pp.dat441.xsf
     Plot Type: 3D                     Output format: XCrySDen     
     Reading data from file  /home/ubuntu/projects/Graphene-Band-Structure-Quantum-Espresso/outputs/field_0.001/vdw-df2-c09/top/data/ldos.pp.dat442

     Writing data to be plotted to file /home/ubuntu/projects/Graphene-Band-Structure-Quantum-Espresso/outputs/field_0.001/vdw-df2-c09/top/data/ldos.pp.dat442.xsf
     Plot Type: 3D                     Output format: XCrySDen     
     Reading data from file  /home/ubuntu/projects/Graphene-Band-Structure-Quantum-Espresso/outputs/field_0.001/vdw-df2-c09/top/data/ldos.pp.dat443

     Writing data to be plotted to file /home/ubuntu/projects/Graphene-Band-Structure-Quantum-Espresso/outputs/field_0.001/vdw-df2-c09/top/data/ldos.pp.dat443.xsf
     Plot Type: 3D                     Output format: XCrySDen     
     Reading data from file  /home/ubuntu/projects/Graphene-Band-Structure-Quantum-Espresso/outputs/field_0.001/vdw-df2-c09/top/data/ldos.pp.dat444

     Writing data to be plotted to file /home/ubuntu/projects/Graphene-Band-Structure-Quantum-Espresso/outputs/field_0.001/vdw-df2-c09/top/data/ldos.pp.dat444.xsf
     Plot Type: 3D                     Output format: XCrySDen     
     Reading data from file  /home/ubuntu/projects/Graphene-Band-Structure-Quantum-Espresso/outputs/field_0.001/vdw-df2-c09/top/data/ldos.pp.dat445

     Writing data to be plotted to file /home/ubuntu/projects/Graphene-Band-Structure-Quantum-Espresso/outputs/field_0.001/vdw-df2-c09/top/data/ldos.pp.dat445.xsf
     Plot Type: 3D                     Output format: XCrySDen     
     Reading data from file  /home/ubuntu/projects/Graphene-Band-Structure-Quantum-Espresso/outputs/field_0.001/vdw-df2-c09/top/data/ldos.pp.dat446

     Writing data to be plotted to file /home/ubuntu/projects/Graphene-Band-Structure-Quantum-Espresso/outputs/field_0.001/vdw-df2-c09/top/data/ldos.pp.dat446.xsf
     Plot Type: 3D                     Output format: XCrySDen     
     Reading data from file  /home/ubuntu/projects/Graphene-Band-Structure-Quantum-Espresso/outputs/field_0.001/vdw-df2-c09/top/data/ldos.pp.dat447

     Writing data to be plotted to file /home/ubuntu/projects/Graphene-Band-Structure-Quantum-Espresso/outputs/field_0.001/vdw-df2-c09/top/data/ldos.pp.dat447.xsf
     Plot Type: 3D                     Output format: XCrySDen     
     Reading data from file  /home/ubuntu/projects/Graphene-Band-Structure-Quantum-Espresso/outputs/field_0.001/vdw-df2-c09/top/data/ldos.pp.dat448

     Writing data to be plotted to file /home/ubuntu/projects/Graphene-Band-Structure-Quantum-Espresso/outputs/field_0.001/vdw-df2-c09/top/data/ldos.pp.dat448.xsf
     Plot Type: 3D                     Output format: XCrySDen     
     Reading data from file  /home/ubuntu/projects/Graphene-Band-Structure-Quantum-Espresso/outputs/field_0.001/vdw-df2-c09/top/data/ldos.pp.dat449

     Writing data to be plotted to file /home/ubuntu/projects/Graphene-Band-Structure-Quantum-Espresso/outputs/field_0.001/vdw-df2-c09/top/data/ldos.pp.dat449.xsf
     Plot Type: 3D                     Output format: XCrySDen     
     Reading data from file  /home/ubuntu/projects/Graphene-Band-Structure-Quantum-Espresso/outputs/field_0.001/vdw-df2-c09/top/data/ldos.pp.dat450

     Writing data to be plotted to file /home/ubuntu/projects/Graphene-Band-Structure-Quantum-Espresso/outputs/field_0.001/vdw-df2-c09/top/data/ldos.pp.dat450.xsf
     Plot Type: 3D                     Output format: XCrySDen     
     Reading data from file  /home/ubuntu/projects/Graphene-Band-Structure-Quantum-Espresso/outputs/field_0.001/vdw-df2-c09/top/data/ldos.pp.dat451

     Writing data to be plotted to file /home/ubuntu/projects/Graphene-Band-Structure-Quantum-Espresso/outputs/field_0.001/vdw-df2-c09/top/data/ldos.pp.dat451.xsf
     Plot Type: 3D                     Output format: XCrySDen     
     Reading data from file  /home/ubuntu/projects/Graphene-Band-Structure-Quantum-Espresso/outputs/field_0.001/vdw-df2-c09/top/data/ldos.pp.dat452

     Writing data to be plotted to file /home/ubuntu/projects/Graphene-Band-Structure-Quantum-Espresso/outputs/field_0.001/vdw-df2-c09/top/data/ldos.pp.dat452.xsf
     Plot Type: 3D                     Output format: XCrySDen     
     Reading data from file  /home/ubuntu/projects/Graphene-Band-Structure-Quantum-Espresso/outputs/field_0.001/vdw-df2-c09/top/data/ldos.pp.dat453

     Writing data to be plotted to file /home/ubuntu/projects/Graphene-Band-Structure-Quantum-Espresso/outputs/field_0.001/vdw-df2-c09/top/data/ldos.pp.dat453.xsf
     Plot Type: 3D                     Output format: XCrySDen     
     Reading data from file  /home/ubuntu/projects/Graphene-Band-Structure-Quantum-Espresso/outputs/field_0.001/vdw-df2-c09/top/data/ldos.pp.dat454

     Writing data to be plotted to file /home/ubuntu/projects/Graphene-Band-Structure-Quantum-Espresso/outputs/field_0.001/vdw-df2-c09/top/data/ldos.pp.dat454.xsf
     Plot Type: 3D                     Output format: XCrySDen     
     Reading data from file  /home/ubuntu/projects/Graphene-Band-Structure-Quantum-Espresso/outputs/field_0.001/vdw-df2-c09/top/data/ldos.pp.dat455

     Writing data to be plotted to file /home/ubuntu/projects/Graphene-Band-Structure-Quantum-Espresso/outputs/field_0.001/vdw-df2-c09/top/data/ldos.pp.dat455.xsf
     Plot Type: 3D                     Output format: XCrySDen     
     Reading data from file  /home/ubuntu/projects/Graphene-Band-Structure-Quantum-Espresso/outputs/field_0.001/vdw-df2-c09/top/data/ldos.pp.dat456

     Writing data to be plotted to file /home/ubuntu/projects/Graphene-Band-Structure-Quantum-Espresso/outputs/field_0.001/vdw-df2-c09/top/data/ldos.pp.dat456.xsf
     Plot Type: 3D                     Output format: XCrySDen     
     Reading data from file  /home/ubuntu/projects/Graphene-Band-Structure-Quantum-Espresso/outputs/field_0.001/vdw-df2-c09/top/data/ldos.pp.dat457

     Writing data to be plotted to file /home/ubuntu/projects/Graphene-Band-Structure-Quantum-Espresso/outputs/field_0.001/vdw-df2-c09/top/data/ldos.pp.dat457.xsf
     Plot Type: 3D                     Output format: XCrySDen     
     Reading data from file  /home/ubuntu/projects/Graphene-Band-Structure-Quantum-Espresso/outputs/field_0.001/vdw-df2-c09/top/data/ldos.pp.dat458

     Writing data to be plotted to file /home/ubuntu/projects/Graphene-Band-Structure-Quantum-Espresso/outputs/field_0.001/vdw-df2-c09/top/data/ldos.pp.dat458.xsf
     Plot Type: 3D                     Output format: XCrySDen     
     Reading data from file  /home/ubuntu/projects/Graphene-Band-Structure-Quantum-Espresso/outputs/field_0.001/vdw-df2-c09/top/data/ldos.pp.dat459

     Writing data to be plotted to file /home/ubuntu/projects/Graphene-Band-Structure-Quantum-Espresso/outputs/field_0.001/vdw-df2-c09/top/data/ldos.pp.dat459.xsf
     Plot Type: 3D                     Output format: XCrySDen     
     Reading data from file  /home/ubuntu/projects/Graphene-Band-Structure-Quantum-Espresso/outputs/field_0.001/vdw-df2-c09/top/data/ldos.pp.dat460

     Writing data to be plotted to file /home/ubuntu/projects/Graphene-Band-Structure-Quantum-Espresso/outputs/field_0.001/vdw-df2-c09/top/data/ldos.pp.dat460.xsf
     Plot Type: 3D                     Output format: XCrySDen     
     Reading data from file  /home/ubuntu/projects/Graphene-Band-Structure-Quantum-Espresso/outputs/field_0.001/vdw-df2-c09/top/data/ldos.pp.dat461

     Writing data to be plotted to file /home/ubuntu/projects/Graphene-Band-Structure-Quantum-Espresso/outputs/field_0.001/vdw-df2-c09/top/data/ldos.pp.dat461.xsf
     Plot Type: 3D                     Output format: XCrySDen     
     Reading data from file  /home/ubuntu/projects/Graphene-Band-Structure-Quantum-Espresso/outputs/field_0.001/vdw-df2-c09/top/data/ldos.pp.dat462

     Writing data to be plotted to file /home/ubuntu/projects/Graphene-Band-Structure-Quantum-Espresso/outputs/field_0.001/vdw-df2-c09/top/data/ldos.pp.dat462.xsf
     Plot Type: 3D                     Output format: XCrySDen     
     Reading data from file  /home/ubuntu/projects/Graphene-Band-Structure-Quantum-Espresso/outputs/field_0.001/vdw-df2-c09/top/data/ldos.pp.dat463

     Writing data to be plotted to file /home/ubuntu/projects/Graphene-Band-Structure-Quantum-Espresso/outputs/field_0.001/vdw-df2-c09/top/data/ldos.pp.dat463.xsf
     Plot Type: 3D                     Output format: XCrySDen     
     Reading data from file  /home/ubuntu/projects/Graphene-Band-Structure-Quantum-Espresso/outputs/field_0.001/vdw-df2-c09/top/data/ldos.pp.dat464

     Writing data to be plotted to file /home/ubuntu/projects/Graphene-Band-Structure-Quantum-Espresso/outputs/field_0.001/vdw-df2-c09/top/data/ldos.pp.dat464.xsf
     Plot Type: 3D                     Output format: XCrySDen     
     Reading data from file  /home/ubuntu/projects/Graphene-Band-Structure-Quantum-Espresso/outputs/field_0.001/vdw-df2-c09/top/data/ldos.pp.dat465

     Writing data to be plotted to file /home/ubuntu/projects/Graphene-Band-Structure-Quantum-Espresso/outputs/field_0.001/vdw-df2-c09/top/data/ldos.pp.dat465.xsf
     Plot Type: 3D                     Output format: XCrySDen     
     Reading data from file  /home/ubuntu/projects/Graphene-Band-Structure-Quantum-Espresso/outputs/field_0.001/vdw-df2-c09/top/data/ldos.pp.dat466

     Writing data to be plotted to file /home/ubuntu/projects/Graphene-Band-Structure-Quantum-Espresso/outputs/field_0.001/vdw-df2-c09/top/data/ldos.pp.dat466.xsf
     Plot Type: 3D                     Output format: XCrySDen     
     Reading data from file  /home/ubuntu/projects/Graphene-Band-Structure-Quantum-Espresso/outputs/field_0.001/vdw-df2-c09/top/data/ldos.pp.dat467

     Writing data to be plotted to file /home/ubuntu/projects/Graphene-Band-Structure-Quantum-Espresso/outputs/field_0.001/vdw-df2-c09/top/data/ldos.pp.dat467.xsf
     Plot Type: 3D                     Output format: XCrySDen     
     Reading data from file  /home/ubuntu/projects/Graphene-Band-Structure-Quantum-Espresso/outputs/field_0.001/vdw-df2-c09/top/data/ldos.pp.dat468

     Writing data to be plotted to file /home/ubuntu/projects/Graphene-Band-Structure-Quantum-Espresso/outputs/field_0.001/vdw-df2-c09/top/data/ldos.pp.dat468.xsf
     Plot Type: 3D                     Output format: XCrySDen     
     Reading data from file  /home/ubuntu/projects/Graphene-Band-Structure-Quantum-Espresso/outputs/field_0.001/vdw-df2-c09/top/data/ldos.pp.dat469

     Writing data to be plotted to file /home/ubuntu/projects/Graphene-Band-Structure-Quantum-Espresso/outputs/field_0.001/vdw-df2-c09/top/data/ldos.pp.dat469.xsf
     Plot Type: 3D                     Output format: XCrySDen     
     Reading data from file  /home/ubuntu/projects/Graphene-Band-Structure-Quantum-Espresso/outputs/field_0.001/vdw-df2-c09/top/data/ldos.pp.dat470

     Writing data to be plotted to file /home/ubuntu/projects/Graphene-Band-Structure-Quantum-Espresso/outputs/field_0.001/vdw-df2-c09/top/data/ldos.pp.dat470.xsf
     Plot Type: 3D                     Output format: XCrySDen     
     Reading data from file  /home/ubuntu/projects/Graphene-Band-Structure-Quantum-Espresso/outputs/field_0.001/vdw-df2-c09/top/data/ldos.pp.dat471

     Writing data to be plotted to file /home/ubuntu/projects/Graphene-Band-Structure-Quantum-Espresso/outputs/field_0.001/vdw-df2-c09/top/data/ldos.pp.dat471.xsf
     Plot Type: 3D                     Output format: XCrySDen     
     Reading data from file  /home/ubuntu/projects/Graphene-Band-Structure-Quantum-Espresso/outputs/field_0.001/vdw-df2-c09/top/data/ldos.pp.dat472

     Writing data to be plotted to file /home/ubuntu/projects/Graphene-Band-Structure-Quantum-Espresso/outputs/field_0.001/vdw-df2-c09/top/data/ldos.pp.dat472.xsf
     Plot Type: 3D                     Output format: XCrySDen     
     Reading data from file  /home/ubuntu/projects/Graphene-Band-Structure-Quantum-Espresso/outputs/field_0.001/vdw-df2-c09/top/data/ldos.pp.dat473

     Writing data to be plotted to file /home/ubuntu/projects/Graphene-Band-Structure-Quantum-Espresso/outputs/field_0.001/vdw-df2-c09/top/data/ldos.pp.dat473.xsf
     Plot Type: 3D                     Output format: XCrySDen     
     Reading data from file  /home/ubuntu/projects/Graphene-Band-Structure-Quantum-Espresso/outputs/field_0.001/vdw-df2-c09/top/data/ldos.pp.dat474

     Writing data to be plotted to file /home/ubuntu/projects/Graphene-Band-Structure-Quantum-Espresso/outputs/field_0.001/vdw-df2-c09/top/data/ldos.pp.dat474.xsf
     Plot Type: 3D                     Output format: XCrySDen     
     Reading data from file  /home/ubuntu/projects/Graphene-Band-Structure-Quantum-Espresso/outputs/field_0.001/vdw-df2-c09/top/data/ldos.pp.dat475

     Writing data to be plotted to file /home/ubuntu/projects/Graphene-Band-Structure-Quantum-Espresso/outputs/field_0.001/vdw-df2-c09/top/data/ldos.pp.dat475.xsf
     Plot Type: 3D                     Output format: XCrySDen     
     Reading data from file  /home/ubuntu/projects/Graphene-Band-Structure-Quantum-Espresso/outputs/field_0.001/vdw-df2-c09/top/data/ldos.pp.dat476

     Writing data to be plotted to file /home/ubuntu/projects/Graphene-Band-Structure-Quantum-Espresso/outputs/field_0.001/vdw-df2-c09/top/data/ldos.pp.dat476.xsf
     Plot Type: 3D                     Output format: XCrySDen     
     Reading data from file  /home/ubuntu/projects/Graphene-Band-Structure-Quantum-Espresso/outputs/field_0.001/vdw-df2-c09/top/data/ldos.pp.dat477

     Writing data to be plotted to file /home/ubuntu/projects/Graphene-Band-Structure-Quantum-Espresso/outputs/field_0.001/vdw-df2-c09/top/data/ldos.pp.dat477.xsf
     Plot Type: 3D                     Output format: XCrySDen     
     Reading data from file  /home/ubuntu/projects/Graphene-Band-Structure-Quantum-Espresso/outputs/field_0.001/vdw-df2-c09/top/data/ldos.pp.dat478

     Writing data to be plotted to file /home/ubuntu/projects/Graphene-Band-Structure-Quantum-Espresso/outputs/field_0.001/vdw-df2-c09/top/data/ldos.pp.dat478.xsf
     Plot Type: 3D                     Output format: XCrySDen     
     Reading data from file  /home/ubuntu/projects/Graphene-Band-Structure-Quantum-Espresso/outputs/field_0.001/vdw-df2-c09/top/data/ldos.pp.dat479

     Writing data to be plotted to file /home/ubuntu/projects/Graphene-Band-Structure-Quantum-Espresso/outputs/field_0.001/vdw-df2-c09/top/data/ldos.pp.dat479.xsf
     Plot Type: 3D                     Output format: XCrySDen     
     Reading data from file  /home/ubuntu/projects/Graphene-Band-Structure-Quantum-Espresso/outputs/field_0.001/vdw-df2-c09/top/data/ldos.pp.dat480

     Writing data to be plotted to file /home/ubuntu/projects/Graphene-Band-Structure-Quantum-Espresso/outputs/field_0.001/vdw-df2-c09/top/data/ldos.pp.dat480.xsf
     Plot Type: 3D                     Output format: XCrySDen     
     Reading data from file  /home/ubuntu/projects/Graphene-Band-Structure-Quantum-Espresso/outputs/field_0.001/vdw-df2-c09/top/data/ldos.pp.dat481

     Writing data to be plotted to file /home/ubuntu/projects/Graphene-Band-Structure-Quantum-Espresso/outputs/field_0.001/vdw-df2-c09/top/data/ldos.pp.dat481.xsf
     Plot Type: 3D                     Output format: XCrySDen     
     Reading data from file  /home/ubuntu/projects/Graphene-Band-Structure-Quantum-Espresso/outputs/field_0.001/vdw-df2-c09/top/data/ldos.pp.dat482

     Writing data to be plotted to file /home/ubuntu/projects/Graphene-Band-Structure-Quantum-Espresso/outputs/field_0.001/vdw-df2-c09/top/data/ldos.pp.dat482.xsf
     Plot Type: 3D                     Output format: XCrySDen     
     Reading data from file  /home/ubuntu/projects/Graphene-Band-Structure-Quantum-Espresso/outputs/field_0.001/vdw-df2-c09/top/data/ldos.pp.dat483

     Writing data to be plotted to file /home/ubuntu/projects/Graphene-Band-Structure-Quantum-Espresso/outputs/field_0.001/vdw-df2-c09/top/data/ldos.pp.dat483.xsf
     Plot Type: 3D                     Output format: XCrySDen     
     Reading data from file  /home/ubuntu/projects/Graphene-Band-Structure-Quantum-Espresso/outputs/field_0.001/vdw-df2-c09/top/data/ldos.pp.dat484

     Writing data to be plotted to file /home/ubuntu/projects/Graphene-Band-Structure-Quantum-Espresso/outputs/field_0.001/vdw-df2-c09/top/data/ldos.pp.dat484.xsf
     Plot Type: 3D                     Output format: XCrySDen     
     Reading data from file  /home/ubuntu/projects/Graphene-Band-Structure-Quantum-Espresso/outputs/field_0.001/vdw-df2-c09/top/data/ldos.pp.dat485

     Writing data to be plotted to file /home/ubuntu/projects/Graphene-Band-Structure-Quantum-Espresso/outputs/field_0.001/vdw-df2-c09/top/data/ldos.pp.dat485.xsf
     Plot Type: 3D                     Output format: XCrySDen     
     Reading data from file  /home/ubuntu/projects/Graphene-Band-Structure-Quantum-Espresso/outputs/field_0.001/vdw-df2-c09/top/data/ldos.pp.dat486

     Writing data to be plotted to file /home/ubuntu/projects/Graphene-Band-Structure-Quantum-Espresso/outputs/field_0.001/vdw-df2-c09/top/data/ldos.pp.dat486.xsf
     Plot Type: 3D                     Output format: XCrySDen     
     Reading data from file  /home/ubuntu/projects/Graphene-Band-Structure-Quantum-Espresso/outputs/field_0.001/vdw-df2-c09/top/data/ldos.pp.dat487

     Writing data to be plotted to file /home/ubuntu/projects/Graphene-Band-Structure-Quantum-Espresso/outputs/field_0.001/vdw-df2-c09/top/data/ldos.pp.dat487.xsf
     Plot Type: 3D                     Output format: XCrySDen     
     Reading data from file  /home/ubuntu/projects/Graphene-Band-Structure-Quantum-Espresso/outputs/field_0.001/vdw-df2-c09/top/data/ldos.pp.dat488

     Writing data to be plotted to file /home/ubuntu/projects/Graphene-Band-Structure-Quantum-Espresso/outputs/field_0.001/vdw-df2-c09/top/data/ldos.pp.dat488.xsf
     Plot Type: 3D                     Output format: XCrySDen     
     Reading data from file  /home/ubuntu/projects/Graphene-Band-Structure-Quantum-Espresso/outputs/field_0.001/vdw-df2-c09/top/data/ldos.pp.dat489

     Writing data to be plotted to file /home/ubuntu/projects/Graphene-Band-Structure-Quantum-Espresso/outputs/field_0.001/vdw-df2-c09/top/data/ldos.pp.dat489.xsf
     Plot Type: 3D                     Output format: XCrySDen     
     Reading data from file  /home/ubuntu/projects/Graphene-Band-Structure-Quantum-Espresso/outputs/field_0.001/vdw-df2-c09/top/data/ldos.pp.dat490

     Writing data to be plotted to file /home/ubuntu/projects/Graphene-Band-Structure-Quantum-Espresso/outputs/field_0.001/vdw-df2-c09/top/data/ldos.pp.dat490.xsf
     Plot Type: 3D                     Output format: XCrySDen     
     Reading data from file  /home/ubuntu/projects/Graphene-Band-Structure-Quantum-Espresso/outputs/field_0.001/vdw-df2-c09/top/data/ldos.pp.dat491

     Writing data to be plotted to file /home/ubuntu/projects/Graphene-Band-Structure-Quantum-Espresso/outputs/field_0.001/vdw-df2-c09/top/data/ldos.pp.dat491.xsf
     Plot Type: 3D                     Output format: XCrySDen     
     Reading data from file  /home/ubuntu/projects/Graphene-Band-Structure-Quantum-Espresso/outputs/field_0.001/vdw-df2-c09/top/data/ldos.pp.dat492

     Writing data to be plotted to file /home/ubuntu/projects/Graphene-Band-Structure-Quantum-Espresso/outputs/field_0.001/vdw-df2-c09/top/data/ldos.pp.dat492.xsf
     Plot Type: 3D                     Output format: XCrySDen     
     Reading data from file  /home/ubuntu/projects/Graphene-Band-Structure-Quantum-Espresso/outputs/field_0.001/vdw-df2-c09/top/data/ldos.pp.dat493

     Writing data to be plotted to file /home/ubuntu/projects/Graphene-Band-Structure-Quantum-Espresso/outputs/field_0.001/vdw-df2-c09/top/data/ldos.pp.dat493.xsf
     Plot Type: 3D                     Output format: XCrySDen     
     Reading data from file  /home/ubuntu/projects/Graphene-Band-Structure-Quantum-Espresso/outputs/field_0.001/vdw-df2-c09/top/data/ldos.pp.dat494

     Writing data to be plotted to file /home/ubuntu/projects/Graphene-Band-Structure-Quantum-Espresso/outputs/field_0.001/vdw-df2-c09/top/data/ldos.pp.dat494.xsf
     Plot Type: 3D                     Output format: XCrySDen     
     Reading data from file  /home/ubuntu/projects/Graphene-Band-Structure-Quantum-Espresso/outputs/field_0.001/vdw-df2-c09/top/data/ldos.pp.dat495

     Writing data to be plotted to file /home/ubuntu/projects/Graphene-Band-Structure-Quantum-Espresso/outputs/field_0.001/vdw-df2-c09/top/data/ldos.pp.dat495.xsf
     Plot Type: 3D                     Output format: XCrySDen     
     Reading data from file  /home/ubuntu/projects/Graphene-Band-Structure-Quantum-Espresso/outputs/field_0.001/vdw-df2-c09/top/data/ldos.pp.dat496

     Writing data to be plotted to file /home/ubuntu/projects/Graphene-Band-Structure-Quantum-Espresso/outputs/field_0.001/vdw-df2-c09/top/data/ldos.pp.dat496.xsf
     Plot Type: 3D                     Output format: XCrySDen     
     Reading data from file  /home/ubuntu/projects/Graphene-Band-Structure-Quantum-Espresso/outputs/field_0.001/vdw-df2-c09/top/data/ldos.pp.dat497

     Writing data to be plotted to file /home/ubuntu/projects/Graphene-Band-Structure-Quantum-Espresso/outputs/field_0.001/vdw-df2-c09/top/data/ldos.pp.dat497.xsf
     Plot Type: 3D                     Output format: XCrySDen     
     Reading data from file  /home/ubuntu/projects/Graphene-Band-Structure-Quantum-Espresso/outputs/field_0.001/vdw-df2-c09/top/data/ldos.pp.dat498

     Writing data to be plotted to file /home/ubuntu/projects/Graphene-Band-Structure-Quantum-Espresso/outputs/field_0.001/vdw-df2-c09/top/data/ldos.pp.dat498.xsf
     Plot Type: 3D                     Output format: XCrySDen     
     Reading data from file  /home/ubuntu/projects/Graphene-Band-Structure-Quantum-Espresso/outputs/field_0.001/vdw-df2-c09/top/data/ldos.pp.dat499

     Writing data to be plotted to file /home/ubuntu/projects/Graphene-Band-Structure-Quantum-Espresso/outputs/field_0.001/vdw-df2-c09/top/data/ldos.pp.dat499.xsf
     Plot Type: 3D                     Output format: XCrySDen     
     Reading data from file  /home/ubuntu/projects/Graphene-Band-Structure-Quantum-Espresso/outputs/field_0.001/vdw-df2-c09/top/data/ldos.pp.dat500

     Writing data to be plotted to file /home/ubuntu/projects/Graphene-Band-Structure-Quantum-Espresso/outputs/field_0.001/vdw-df2-c09/top/data/ldos.pp.dat500.xsf
     Plot Type: 3D                     Output format: XCrySDen     
     Reading data from file  /home/ubuntu/projects/Graphene-Band-Structure-Quantum-Espresso/outputs/field_0.001/vdw-df2-c09/top/data/ldos.pp.dat501

     Writing data to be plotted to file /home/ubuntu/projects/Graphene-Band-Structure-Quantum-Espresso/outputs/field_0.001/vdw-df2-c09/top/data/ldos.pp.dat501.xsf
     Plot Type: 3D                     Output format: XCrySDen     
     Reading data from file  /home/ubuntu/projects/Graphene-Band-Structure-Quantum-Espresso/outputs/field_0.001/vdw-df2-c09/top/data/ldos.pp.dat502

     Writing data to be plotted to file /home/ubuntu/projects/Graphene-Band-Structure-Quantum-Espresso/outputs/field_0.001/vdw-df2-c09/top/data/ldos.pp.dat502.xsf
     Plot Type: 3D                     Output format: XCrySDen     
     Reading data from file  /home/ubuntu/projects/Graphene-Band-Structure-Quantum-Espresso/outputs/field_0.001/vdw-df2-c09/top/data/ldos.pp.dat503

     Writing data to be plotted to file /home/ubuntu/projects/Graphene-Band-Structure-Quantum-Espresso/outputs/field_0.001/vdw-df2-c09/top/data/ldos.pp.dat503.xsf
     Plot Type: 3D                     Output format: XCrySDen     
     Reading data from file  /home/ubuntu/projects/Graphene-Band-Structure-Quantum-Espresso/outputs/field_0.001/vdw-df2-c09/top/data/ldos.pp.dat504

     Writing data to be plotted to file /home/ubuntu/projects/Graphene-Band-Structure-Quantum-Espresso/outputs/field_0.001/vdw-df2-c09/top/data/ldos.pp.dat504.xsf
     Plot Type: 3D                     Output format: XCrySDen     
     Reading data from file  /home/ubuntu/projects/Graphene-Band-Structure-Quantum-Espresso/outputs/field_0.001/vdw-df2-c09/top/data/ldos.pp.dat505

     Writing data to be plotted to file /home/ubuntu/projects/Graphene-Band-Structure-Quantum-Espresso/outputs/field_0.001/vdw-df2-c09/top/data/ldos.pp.dat505.xsf
     Plot Type: 3D                     Output format: XCrySDen     
     Reading data from file  /home/ubuntu/projects/Graphene-Band-Structure-Quantum-Espresso/outputs/field_0.001/vdw-df2-c09/top/data/ldos.pp.dat506

     Writing data to be plotted to file /home/ubuntu/projects/Graphene-Band-Structure-Quantum-Espresso/outputs/field_0.001/vdw-df2-c09/top/data/ldos.pp.dat506.xsf
     Plot Type: 3D                     Output format: XCrySDen     
     Reading data from file  /home/ubuntu/projects/Graphene-Band-Structure-Quantum-Espresso/outputs/field_0.001/vdw-df2-c09/top/data/ldos.pp.dat507

     Writing data to be plotted to file /home/ubuntu/projects/Graphene-Band-Structure-Quantum-Espresso/outputs/field_0.001/vdw-df2-c09/top/data/ldos.pp.dat507.xsf
     Plot Type: 3D                     Output format: XCrySDen     
     Reading data from file  /home/ubuntu/projects/Graphene-Band-Structure-Quantum-Espresso/outputs/field_0.001/vdw-df2-c09/top/data/ldos.pp.dat508

     Writing data to be plotted to file /home/ubuntu/projects/Graphene-Band-Structure-Quantum-Espresso/outputs/field_0.001/vdw-df2-c09/top/data/ldos.pp.dat508.xsf
     Plot Type: 3D                     Output format: XCrySDen     
     Reading data from file  /home/ubuntu/projects/Graphene-Band-Structure-Quantum-Espresso/outputs/field_0.001/vdw-df2-c09/top/data/ldos.pp.dat509

     Writing data to be plotted to file /home/ubuntu/projects/Graphene-Band-Structure-Quantum-Espresso/outputs/field_0.001/vdw-df2-c09/top/data/ldos.pp.dat509.xsf
     Plot Type: 3D                     Output format: XCrySDen     
     Reading data from file  /home/ubuntu/projects/Graphene-Band-Structure-Quantum-Espresso/outputs/field_0.001/vdw-df2-c09/top/data/ldos.pp.dat510

     Writing data to be plotted to file /home/ubuntu/projects/Graphene-Band-Structure-Quantum-Espresso/outputs/field_0.001/vdw-df2-c09/top/data/ldos.pp.dat510.xsf
     Plot Type: 3D                     Output format: XCrySDen     
     Reading data from file  /home/ubuntu/projects/Graphene-Band-Structure-Quantum-Espresso/outputs/field_0.001/vdw-df2-c09/top/data/ldos.pp.dat511

     Writing data to be plotted to file /home/ubuntu/projects/Graphene-Band-Structure-Quantum-Espresso/outputs/field_0.001/vdw-df2-c09/top/data/ldos.pp.dat511.xsf
     Plot Type: 3D                     Output format: XCrySDen     
     Reading data from file  /home/ubuntu/projects/Graphene-Band-Structure-Quantum-Espresso/outputs/field_0.001/vdw-df2-c09/top/data/ldos.pp.dat512

     Writing data to be plotted to file /home/ubuntu/projects/Graphene-Band-Structure-Quantum-Espresso/outputs/field_0.001/vdw-df2-c09/top/data/ldos.pp.dat512.xsf
     Plot Type: 3D                     Output format: XCrySDen     
     Reading data from file  /home/ubuntu/projects/Graphene-Band-Structure-Quantum-Espresso/outputs/field_0.001/vdw-df2-c09/top/data/ldos.pp.dat513

     Writing data to be plotted to file /home/ubuntu/projects/Graphene-Band-Structure-Quantum-Espresso/outputs/field_0.001/vdw-df2-c09/top/data/ldos.pp.dat513.xsf
     Plot Type: 3D                     Output format: XCrySDen     
     Reading data from file  /home/ubuntu/projects/Graphene-Band-Structure-Quantum-Espresso/outputs/field_0.001/vdw-df2-c09/top/data/ldos.pp.dat514

     Writing data to be plotted to file /home/ubuntu/projects/Graphene-Band-Structure-Quantum-Espresso/outputs/field_0.001/vdw-df2-c09/top/data/ldos.pp.dat514.xsf
     Plot Type: 3D                     Output format: XCrySDen     
     Reading data from file  /home/ubuntu/projects/Graphene-Band-Structure-Quantum-Espresso/outputs/field_0.001/vdw-df2-c09/top/data/ldos.pp.dat515

     Writing data to be plotted to file /home/ubuntu/projects/Graphene-Band-Structure-Quantum-Espresso/outputs/field_0.001/vdw-df2-c09/top/data/ldos.pp.dat515.xsf
     Plot Type: 3D                     Output format: XCrySDen     
     Reading data from file  /home/ubuntu/projects/Graphene-Band-Structure-Quantum-Espresso/outputs/field_0.001/vdw-df2-c09/top/data/ldos.pp.dat516

     Writing data to be plotted to file /home/ubuntu/projects/Graphene-Band-Structure-Quantum-Espresso/outputs/field_0.001/vdw-df2-c09/top/data/ldos.pp.dat516.xsf
     Plot Type: 3D                     Output format: XCrySDen     
     Reading data from file  /home/ubuntu/projects/Graphene-Band-Structure-Quantum-Espresso/outputs/field_0.001/vdw-df2-c09/top/data/ldos.pp.dat517

     Writing data to be plotted to file /home/ubuntu/projects/Graphene-Band-Structure-Quantum-Espresso/outputs/field_0.001/vdw-df2-c09/top/data/ldos.pp.dat517.xsf
     Plot Type: 3D                     Output format: XCrySDen     
     Reading data from file  /home/ubuntu/projects/Graphene-Band-Structure-Quantum-Espresso/outputs/field_0.001/vdw-df2-c09/top/data/ldos.pp.dat518

     Writing data to be plotted to file /home/ubuntu/projects/Graphene-Band-Structure-Quantum-Espresso/outputs/field_0.001/vdw-df2-c09/top/data/ldos.pp.dat518.xsf
     Plot Type: 3D                     Output format: XCrySDen     
     Reading data from file  /home/ubuntu/projects/Graphene-Band-Structure-Quantum-Espresso/outputs/field_0.001/vdw-df2-c09/top/data/ldos.pp.dat519

     Writing data to be plotted to file /home/ubuntu/projects/Graphene-Band-Structure-Quantum-Espresso/outputs/field_0.001/vdw-df2-c09/top/data/ldos.pp.dat519.xsf
     Plot Type: 3D                     Output format: XCrySDen     
     Reading data from file  /home/ubuntu/projects/Graphene-Band-Structure-Quantum-Espresso/outputs/field_0.001/vdw-df2-c09/top/data/ldos.pp.dat520

     Writing data to be plotted to file /home/ubuntu/projects/Graphene-Band-Structure-Quantum-Espresso/outputs/field_0.001/vdw-df2-c09/top/data/ldos.pp.dat520.xsf
     Plot Type: 3D                     Output format: XCrySDen     
     Reading data from file  /home/ubuntu/projects/Graphene-Band-Structure-Quantum-Espresso/outputs/field_0.001/vdw-df2-c09/top/data/ldos.pp.dat521

     Writing data to be plotted to file /home/ubuntu/projects/Graphene-Band-Structure-Quantum-Espresso/outputs/field_0.001/vdw-df2-c09/top/data/ldos.pp.dat521.xsf
     Plot Type: 3D                     Output format: XCrySDen     
     Reading data from file  /home/ubuntu/projects/Graphene-Band-Structure-Quantum-Espresso/outputs/field_0.001/vdw-df2-c09/top/data/ldos.pp.dat522

     Writing data to be plotted to file /home/ubuntu/projects/Graphene-Band-Structure-Quantum-Espresso/outputs/field_0.001/vdw-df2-c09/top/data/ldos.pp.dat522.xsf
     Plot Type: 3D                     Output format: XCrySDen     
     Reading data from file  /home/ubuntu/projects/Graphene-Band-Structure-Quantum-Espresso/outputs/field_0.001/vdw-df2-c09/top/data/ldos.pp.dat523

     Writing data to be plotted to file /home/ubuntu/projects/Graphene-Band-Structure-Quantum-Espresso/outputs/field_0.001/vdw-df2-c09/top/data/ldos.pp.dat523.xsf
     Plot Type: 3D                     Output format: XCrySDen     
     Reading data from file  /home/ubuntu/projects/Graphene-Band-Structure-Quantum-Espresso/outputs/field_0.001/vdw-df2-c09/top/data/ldos.pp.dat524

     Writing data to be plotted to file /home/ubuntu/projects/Graphene-Band-Structure-Quantum-Espresso/outputs/field_0.001/vdw-df2-c09/top/data/ldos.pp.dat524.xsf
     Plot Type: 3D                     Output format: XCrySDen     
     Reading data from file  /home/ubuntu/projects/Graphene-Band-Structure-Quantum-Espresso/outputs/field_0.001/vdw-df2-c09/top/data/ldos.pp.dat525

     Writing data to be plotted to file /home/ubuntu/projects/Graphene-Band-Structure-Quantum-Espresso/outputs/field_0.001/vdw-df2-c09/top/data/ldos.pp.dat525.xsf
     Plot Type: 3D                     Output format: XCrySDen     
     Reading data from file  /home/ubuntu/projects/Graphene-Band-Structure-Quantum-Espresso/outputs/field_0.001/vdw-df2-c09/top/data/ldos.pp.dat526

     Writing data to be plotted to file /home/ubuntu/projects/Graphene-Band-Structure-Quantum-Espresso/outputs/field_0.001/vdw-df2-c09/top/data/ldos.pp.dat526.xsf
     Plot Type: 3D                     Output format: XCrySDen     
     Reading data from file  /home/ubuntu/projects/Graphene-Band-Structure-Quantum-Espresso/outputs/field_0.001/vdw-df2-c09/top/data/ldos.pp.dat527

     Writing data to be plotted to file /home/ubuntu/projects/Graphene-Band-Structure-Quantum-Espresso/outputs/field_0.001/vdw-df2-c09/top/data/ldos.pp.dat527.xsf
     Plot Type: 3D                     Output format: XCrySDen     
     Reading data from file  /home/ubuntu/projects/Graphene-Band-Structure-Quantum-Espresso/outputs/field_0.001/vdw-df2-c09/top/data/ldos.pp.dat528

     Writing data to be plotted to file /home/ubuntu/projects/Graphene-Band-Structure-Quantum-Espresso/outputs/field_0.001/vdw-df2-c09/top/data/ldos.pp.dat528.xsf
     Plot Type: 3D                     Output format: XCrySDen     
     Reading data from file  /home/ubuntu/projects/Graphene-Band-Structure-Quantum-Espresso/outputs/field_0.001/vdw-df2-c09/top/data/ldos.pp.dat529

     Writing data to be plotted to file /home/ubuntu/projects/Graphene-Band-Structure-Quantum-Espresso/outputs/field_0.001/vdw-df2-c09/top/data/ldos.pp.dat529.xsf
     Plot Type: 3D                     Output format: XCrySDen     
     Reading data from file  /home/ubuntu/projects/Graphene-Band-Structure-Quantum-Espresso/outputs/field_0.001/vdw-df2-c09/top/data/ldos.pp.dat530

     Writing data to be plotted to file /home/ubuntu/projects/Graphene-Band-Structure-Quantum-Espresso/outputs/field_0.001/vdw-df2-c09/top/data/ldos.pp.dat530.xsf
     Plot Type: 3D                     Output format: XCrySDen     
     Reading data from file  /home/ubuntu/projects/Graphene-Band-Structure-Quantum-Espresso/outputs/field_0.001/vdw-df2-c09/top/data/ldos.pp.dat531

     Writing data to be plotted to file /home/ubuntu/projects/Graphene-Band-Structure-Quantum-Espresso/outputs/field_0.001/vdw-df2-c09/top/data/ldos.pp.dat531.xsf
     Plot Type: 3D                     Output format: XCrySDen     
     Reading data from file  /home/ubuntu/projects/Graphene-Band-Structure-Quantum-Espresso/outputs/field_0.001/vdw-df2-c09/top/data/ldos.pp.dat532

     Writing data to be plotted to file /home/ubuntu/projects/Graphene-Band-Structure-Quantum-Espresso/outputs/field_0.001/vdw-df2-c09/top/data/ldos.pp.dat532.xsf
     Plot Type: 3D                     Output format: XCrySDen     
     Reading data from file  /home/ubuntu/projects/Graphene-Band-Structure-Quantum-Espresso/outputs/field_0.001/vdw-df2-c09/top/data/ldos.pp.dat533

     Writing data to be plotted to file /home/ubuntu/projects/Graphene-Band-Structure-Quantum-Espresso/outputs/field_0.001/vdw-df2-c09/top/data/ldos.pp.dat533.xsf
     Plot Type: 3D                     Output format: XCrySDen     
     Reading data from file  /home/ubuntu/projects/Graphene-Band-Structure-Quantum-Espresso/outputs/field_0.001/vdw-df2-c09/top/data/ldos.pp.dat534

     Writing data to be plotted to file /home/ubuntu/projects/Graphene-Band-Structure-Quantum-Espresso/outputs/field_0.001/vdw-df2-c09/top/data/ldos.pp.dat534.xsf
     Plot Type: 3D                     Output format: XCrySDen     
     Reading data from file  /home/ubuntu/projects/Graphene-Band-Structure-Quantum-Espresso/outputs/field_0.001/vdw-df2-c09/top/data/ldos.pp.dat535

     Writing data to be plotted to file /home/ubuntu/projects/Graphene-Band-Structure-Quantum-Espresso/outputs/field_0.001/vdw-df2-c09/top/data/ldos.pp.dat535.xsf
     Plot Type: 3D                     Output format: XCrySDen     
     Reading data from file  /home/ubuntu/projects/Graphene-Band-Structure-Quantum-Espresso/outputs/field_0.001/vdw-df2-c09/top/data/ldos.pp.dat536

     Writing data to be plotted to file /home/ubuntu/projects/Graphene-Band-Structure-Quantum-Espresso/outputs/field_0.001/vdw-df2-c09/top/data/ldos.pp.dat536.xsf
     Plot Type: 3D                     Output format: XCrySDen     
     Reading data from file  /home/ubuntu/projects/Graphene-Band-Structure-Quantum-Espresso/outputs/field_0.001/vdw-df2-c09/top/data/ldos.pp.dat537

     Writing data to be plotted to file /home/ubuntu/projects/Graphene-Band-Structure-Quantum-Espresso/outputs/field_0.001/vdw-df2-c09/top/data/ldos.pp.dat537.xsf
     Plot Type: 3D                     Output format: XCrySDen     
     Reading data from file  /home/ubuntu/projects/Graphene-Band-Structure-Quantum-Espresso/outputs/field_0.001/vdw-df2-c09/top/data/ldos.pp.dat538

     Writing data to be plotted to file /home/ubuntu/projects/Graphene-Band-Structure-Quantum-Espresso/outputs/field_0.001/vdw-df2-c09/top/data/ldos.pp.dat538.xsf
     Plot Type: 3D                     Output format: XCrySDen     
     Reading data from file  /home/ubuntu/projects/Graphene-Band-Structure-Quantum-Espresso/outputs/field_0.001/vdw-df2-c09/top/data/ldos.pp.dat539

     Writing data to be plotted to file /home/ubuntu/projects/Graphene-Band-Structure-Quantum-Espresso/outputs/field_0.001/vdw-df2-c09/top/data/ldos.pp.dat539.xsf
     Plot Type: 3D                     Output format: XCrySDen     
     Reading data from file  /home/ubuntu/projects/Graphene-Band-Structure-Quantum-Espresso/outputs/field_0.001/vdw-df2-c09/top/data/ldos.pp.dat540

     Writing data to be plotted to file /home/ubuntu/projects/Graphene-Band-Structure-Quantum-Espresso/outputs/field_0.001/vdw-df2-c09/top/data/ldos.pp.dat540.xsf
     Plot Type: 3D                     Output format: XCrySDen     
     Reading data from file  /home/ubuntu/projects/Graphene-Band-Structure-Quantum-Espresso/outputs/field_0.001/vdw-df2-c09/top/data/ldos.pp.dat541

     Writing data to be plotted to file /home/ubuntu/projects/Graphene-Band-Structure-Quantum-Espresso/outputs/field_0.001/vdw-df2-c09/top/data/ldos.pp.dat541.xsf
     Plot Type: 3D                     Output format: XCrySDen     
     Reading data from file  /home/ubuntu/projects/Graphene-Band-Structure-Quantum-Espresso/outputs/field_0.001/vdw-df2-c09/top/data/ldos.pp.dat542

     Writing data to be plotted to file /home/ubuntu/projects/Graphene-Band-Structure-Quantum-Espresso/outputs/field_0.001/vdw-df2-c09/top/data/ldos.pp.dat542.xsf
     Plot Type: 3D                     Output format: XCrySDen     
     Reading data from file  /home/ubuntu/projects/Graphene-Band-Structure-Quantum-Espresso/outputs/field_0.001/vdw-df2-c09/top/data/ldos.pp.dat543

     Writing data to be plotted to file /home/ubuntu/projects/Graphene-Band-Structure-Quantum-Espresso/outputs/field_0.001/vdw-df2-c09/top/data/ldos.pp.dat543.xsf
     Plot Type: 3D                     Output format: XCrySDen     
     Reading data from file  /home/ubuntu/projects/Graphene-Band-Structure-Quantum-Espresso/outputs/field_0.001/vdw-df2-c09/top/data/ldos.pp.dat544

     Writing data to be plotted to file /home/ubuntu/projects/Graphene-Band-Structure-Quantum-Espresso/outputs/field_0.001/vdw-df2-c09/top/data/ldos.pp.dat544.xsf
     Plot Type: 3D                     Output format: XCrySDen     
     Reading data from file  /home/ubuntu/projects/Graphene-Band-Structure-Quantum-Espresso/outputs/field_0.001/vdw-df2-c09/top/data/ldos.pp.dat545

     Writing data to be plotted to file /home/ubuntu/projects/Graphene-Band-Structure-Quantum-Espresso/outputs/field_0.001/vdw-df2-c09/top/data/ldos.pp.dat545.xsf
     Plot Type: 3D                     Output format: XCrySDen     
     Reading data from file  /home/ubuntu/projects/Graphene-Band-Structure-Quantum-Espresso/outputs/field_0.001/vdw-df2-c09/top/data/ldos.pp.dat546

     Writing data to be plotted to file /home/ubuntu/projects/Graphene-Band-Structure-Quantum-Espresso/outputs/field_0.001/vdw-df2-c09/top/data/ldos.pp.dat546.xsf
     Plot Type: 3D                     Output format: XCrySDen     
     Reading data from file  /home/ubuntu/projects/Graphene-Band-Structure-Quantum-Espresso/outputs/field_0.001/vdw-df2-c09/top/data/ldos.pp.dat547

     Writing data to be plotted to file /home/ubuntu/projects/Graphene-Band-Structure-Quantum-Espresso/outputs/field_0.001/vdw-df2-c09/top/data/ldos.pp.dat547.xsf
     Plot Type: 3D                     Output format: XCrySDen     
     Reading data from file  /home/ubuntu/projects/Graphene-Band-Structure-Quantum-Espresso/outputs/field_0.001/vdw-df2-c09/top/data/ldos.pp.dat548

     Writing data to be plotted to file /home/ubuntu/projects/Graphene-Band-Structure-Quantum-Espresso/outputs/field_0.001/vdw-df2-c09/top/data/ldos.pp.dat548.xsf
     Plot Type: 3D                     Output format: XCrySDen     
     Reading data from file  /home/ubuntu/projects/Graphene-Band-Structure-Quantum-Espresso/outputs/field_0.001/vdw-df2-c09/top/data/ldos.pp.dat549

     Writing data to be plotted to file /home/ubuntu/projects/Graphene-Band-Structure-Quantum-Espresso/outputs/field_0.001/vdw-df2-c09/top/data/ldos.pp.dat549.xsf
     Plot Type: 3D                     Output format: XCrySDen     
     Reading data from file  /home/ubuntu/projects/Graphene-Band-Structure-Quantum-Espresso/outputs/field_0.001/vdw-df2-c09/top/data/ldos.pp.dat550

     Writing data to be plotted to file /home/ubuntu/projects/Graphene-Band-Structure-Quantum-Espresso/outputs/field_0.001/vdw-df2-c09/top/data/ldos.pp.dat550.xsf
     Plot Type: 3D                     Output format: XCrySDen     
     Reading data from file  /home/ubuntu/projects/Graphene-Band-Structure-Quantum-Espresso/outputs/field_0.001/vdw-df2-c09/top/data/ldos.pp.dat551

     Writing data to be plotted to file /home/ubuntu/projects/Graphene-Band-Structure-Quantum-Espresso/outputs/field_0.001/vdw-df2-c09/top/data/ldos.pp.dat551.xsf
     Plot Type: 3D                     Output format: XCrySDen     
     Reading data from file  /home/ubuntu/projects/Graphene-Band-Structure-Quantum-Espresso/outputs/field_0.001/vdw-df2-c09/top/data/ldos.pp.dat552

     Writing data to be plotted to file /home/ubuntu/projects/Graphene-Band-Structure-Quantum-Espresso/outputs/field_0.001/vdw-df2-c09/top/data/ldos.pp.dat552.xsf
     Plot Type: 3D                     Output format: XCrySDen     
     Reading data from file  /home/ubuntu/projects/Graphene-Band-Structure-Quantum-Espresso/outputs/field_0.001/vdw-df2-c09/top/data/ldos.pp.dat553

     Writing data to be plotted to file /home/ubuntu/projects/Graphene-Band-Structure-Quantum-Espresso/outputs/field_0.001/vdw-df2-c09/top/data/ldos.pp.dat553.xsf
     Plot Type: 3D                     Output format: XCrySDen     
     Reading data from file  /home/ubuntu/projects/Graphene-Band-Structure-Quantum-Espresso/outputs/field_0.001/vdw-df2-c09/top/data/ldos.pp.dat554

     Writing data to be plotted to file /home/ubuntu/projects/Graphene-Band-Structure-Quantum-Espresso/outputs/field_0.001/vdw-df2-c09/top/data/ldos.pp.dat554.xsf
     Plot Type: 3D                     Output format: XCrySDen     
     Reading data from file  /home/ubuntu/projects/Graphene-Band-Structure-Quantum-Espresso/outputs/field_0.001/vdw-df2-c09/top/data/ldos.pp.dat555

     Writing data to be plotted to file /home/ubuntu/projects/Graphene-Band-Structure-Quantum-Espresso/outputs/field_0.001/vdw-df2-c09/top/data/ldos.pp.dat555.xsf
     Plot Type: 3D                     Output format: XCrySDen     
     Reading data from file  /home/ubuntu/projects/Graphene-Band-Structure-Quantum-Espresso/outputs/field_0.001/vdw-df2-c09/top/data/ldos.pp.dat556

     Writing data to be plotted to file /home/ubuntu/projects/Graphene-Band-Structure-Quantum-Espresso/outputs/field_0.001/vdw-df2-c09/top/data/ldos.pp.dat556.xsf
     Plot Type: 3D                     Output format: XCrySDen     
     Reading data from file  /home/ubuntu/projects/Graphene-Band-Structure-Quantum-Espresso/outputs/field_0.001/vdw-df2-c09/top/data/ldos.pp.dat557

     Writing data to be plotted to file /home/ubuntu/projects/Graphene-Band-Structure-Quantum-Espresso/outputs/field_0.001/vdw-df2-c09/top/data/ldos.pp.dat557.xsf
     Plot Type: 3D                     Output format: XCrySDen     
     Reading data from file  /home/ubuntu/projects/Graphene-Band-Structure-Quantum-Espresso/outputs/field_0.001/vdw-df2-c09/top/data/ldos.pp.dat558

     Writing data to be plotted to file /home/ubuntu/projects/Graphene-Band-Structure-Quantum-Espresso/outputs/field_0.001/vdw-df2-c09/top/data/ldos.pp.dat558.xsf
     Plot Type: 3D                     Output format: XCrySDen     
     Reading data from file  /home/ubuntu/projects/Graphene-Band-Structure-Quantum-Espresso/outputs/field_0.001/vdw-df2-c09/top/data/ldos.pp.dat559

     Writing data to be plotted to file /home/ubuntu/projects/Graphene-Band-Structure-Quantum-Espresso/outputs/field_0.001/vdw-df2-c09/top/data/ldos.pp.dat559.xsf
     Plot Type: 3D                     Output format: XCrySDen     
     Reading data from file  /home/ubuntu/projects/Graphene-Band-Structure-Quantum-Espresso/outputs/field_0.001/vdw-df2-c09/top/data/ldos.pp.dat560

     Writing data to be plotted to file /home/ubuntu/projects/Graphene-Band-Structure-Quantum-Espresso/outputs/field_0.001/vdw-df2-c09/top/data/ldos.pp.dat560.xsf
     Plot Type: 3D                     Output format: XCrySDen     
     Reading data from file  /home/ubuntu/projects/Graphene-Band-Structure-Quantum-Espresso/outputs/field_0.001/vdw-df2-c09/top/data/ldos.pp.dat561

     Writing data to be plotted to file /home/ubuntu/projects/Graphene-Band-Structure-Quantum-Espresso/outputs/field_0.001/vdw-df2-c09/top/data/ldos.pp.dat561.xsf
     Plot Type: 3D                     Output format: XCrySDen     
     Reading data from file  /home/ubuntu/projects/Graphene-Band-Structure-Quantum-Espresso/outputs/field_0.001/vdw-df2-c09/top/data/ldos.pp.dat562

     Writing data to be plotted to file /home/ubuntu/projects/Graphene-Band-Structure-Quantum-Espresso/outputs/field_0.001/vdw-df2-c09/top/data/ldos.pp.dat562.xsf
     Plot Type: 3D                     Output format: XCrySDen     
     Reading data from file  /home/ubuntu/projects/Graphene-Band-Structure-Quantum-Espresso/outputs/field_0.001/vdw-df2-c09/top/data/ldos.pp.dat563

     Writing data to be plotted to file /home/ubuntu/projects/Graphene-Band-Structure-Quantum-Espresso/outputs/field_0.001/vdw-df2-c09/top/data/ldos.pp.dat563.xsf
     Plot Type: 3D                     Output format: XCrySDen     
     Reading data from file  /home/ubuntu/projects/Graphene-Band-Structure-Quantum-Espresso/outputs/field_0.001/vdw-df2-c09/top/data/ldos.pp.dat564

     Writing data to be plotted to file /home/ubuntu/projects/Graphene-Band-Structure-Quantum-Espresso/outputs/field_0.001/vdw-df2-c09/top/data/ldos.pp.dat564.xsf
     Plot Type: 3D                     Output format: XCrySDen     
     Reading data from file  /home/ubuntu/projects/Graphene-Band-Structure-Quantum-Espresso/outputs/field_0.001/vdw-df2-c09/top/data/ldos.pp.dat565

     Writing data to be plotted to file /home/ubuntu/projects/Graphene-Band-Structure-Quantum-Espresso/outputs/field_0.001/vdw-df2-c09/top/data/ldos.pp.dat565.xsf
     Plot Type: 3D                     Output format: XCrySDen     
     Reading data from file  /home/ubuntu/projects/Graphene-Band-Structure-Quantum-Espresso/outputs/field_0.001/vdw-df2-c09/top/data/ldos.pp.dat566

     Writing data to be plotted to file /home/ubuntu/projects/Graphene-Band-Structure-Quantum-Espresso/outputs/field_0.001/vdw-df2-c09/top/data/ldos.pp.dat566.xsf
     Plot Type: 3D                     Output format: XCrySDen     
     Reading data from file  /home/ubuntu/projects/Graphene-Band-Structure-Quantum-Espresso/outputs/field_0.001/vdw-df2-c09/top/data/ldos.pp.dat567

     Writing data to be plotted to file /home/ubuntu/projects/Graphene-Band-Structure-Quantum-Espresso/outputs/field_0.001/vdw-df2-c09/top/data/ldos.pp.dat567.xsf
     Plot Type: 3D                     Output format: XCrySDen     
     Reading data from file  /home/ubuntu/projects/Graphene-Band-Structure-Quantum-Espresso/outputs/field_0.001/vdw-df2-c09/top/data/ldos.pp.dat568

     Writing data to be plotted to file /home/ubuntu/projects/Graphene-Band-Structure-Quantum-Espresso/outputs/field_0.001/vdw-df2-c09/top/data/ldos.pp.dat568.xsf
     Plot Type: 3D                     Output format: XCrySDen     
     Reading data from file  /home/ubuntu/projects/Graphene-Band-Structure-Quantum-Espresso/outputs/field_0.001/vdw-df2-c09/top/data/ldos.pp.dat569

     Writing data to be plotted to file /home/ubuntu/projects/Graphene-Band-Structure-Quantum-Espresso/outputs/field_0.001/vdw-df2-c09/top/data/ldos.pp.dat569.xsf
     Plot Type: 3D                     Output format: XCrySDen     
     Reading data from file  /home/ubuntu/projects/Graphene-Band-Structure-Quantum-Espresso/outputs/field_0.001/vdw-df2-c09/top/data/ldos.pp.dat570

     Writing data to be plotted to file /home/ubuntu/projects/Graphene-Band-Structure-Quantum-Espresso/outputs/field_0.001/vdw-df2-c09/top/data/ldos.pp.dat570.xsf
     Plot Type: 3D                     Output format: XCrySDen     
     Reading data from file  /home/ubuntu/projects/Graphene-Band-Structure-Quantum-Espresso/outputs/field_0.001/vdw-df2-c09/top/data/ldos.pp.dat571

     Writing data to be plotted to file /home/ubuntu/projects/Graphene-Band-Structure-Quantum-Espresso/outputs/field_0.001/vdw-df2-c09/top/data/ldos.pp.dat571.xsf
     Plot Type: 3D                     Output format: XCrySDen     
     Reading data from file  /home/ubuntu/projects/Graphene-Band-Structure-Quantum-Espresso/outputs/field_0.001/vdw-df2-c09/top/data/ldos.pp.dat572

     Writing data to be plotted to file /home/ubuntu/projects/Graphene-Band-Structure-Quantum-Espresso/outputs/field_0.001/vdw-df2-c09/top/data/ldos.pp.dat572.xsf
     Plot Type: 3D                     Output format: XCrySDen     
     Reading data from file  /home/ubuntu/projects/Graphene-Band-Structure-Quantum-Espresso/outputs/field_0.001/vdw-df2-c09/top/data/ldos.pp.dat573

     Writing data to be plotted to file /home/ubuntu/projects/Graphene-Band-Structure-Quantum-Espresso/outputs/field_0.001/vdw-df2-c09/top/data/ldos.pp.dat573.xsf
     Plot Type: 3D                     Output format: XCrySDen     
     Reading data from file  /home/ubuntu/projects/Graphene-Band-Structure-Quantum-Espresso/outputs/field_0.001/vdw-df2-c09/top/data/ldos.pp.dat574

     Writing data to be plotted to file /home/ubuntu/projects/Graphene-Band-Structure-Quantum-Espresso/outputs/field_0.001/vdw-df2-c09/top/data/ldos.pp.dat574.xsf
     Plot Type: 3D                     Output format: XCrySDen     
     Reading data from file  /home/ubuntu/projects/Graphene-Band-Structure-Quantum-Espresso/outputs/field_0.001/vdw-df2-c09/top/data/ldos.pp.dat575

     Writing data to be plotted to file /home/ubuntu/projects/Graphene-Band-Structure-Quantum-Espresso/outputs/field_0.001/vdw-df2-c09/top/data/ldos.pp.dat575.xsf
     Plot Type: 3D                     Output format: XCrySDen     
     Reading data from file  /home/ubuntu/projects/Graphene-Band-Structure-Quantum-Espresso/outputs/field_0.001/vdw-df2-c09/top/data/ldos.pp.dat576

     Writing data to be plotted to file /home/ubuntu/projects/Graphene-Band-Structure-Quantum-Espresso/outputs/field_0.001/vdw-df2-c09/top/data/ldos.pp.dat576.xsf
     Plot Type: 3D                     Output format: XCrySDen     
     Reading data from file  /home/ubuntu/projects/Graphene-Band-Structure-Quantum-Espresso/outputs/field_0.001/vdw-df2-c09/top/data/ldos.pp.dat577

     Writing data to be plotted to file /home/ubuntu/projects/Graphene-Band-Structure-Quantum-Espresso/outputs/field_0.001/vdw-df2-c09/top/data/ldos.pp.dat577.xsf
     Plot Type: 3D                     Output format: XCrySDen     
     Reading data from file  /home/ubuntu/projects/Graphene-Band-Structure-Quantum-Espresso/outputs/field_0.001/vdw-df2-c09/top/data/ldos.pp.dat578

     Writing data to be plotted to file /home/ubuntu/projects/Graphene-Band-Structure-Quantum-Espresso/outputs/field_0.001/vdw-df2-c09/top/data/ldos.pp.dat578.xsf
     Plot Type: 3D                     Output format: XCrySDen     
     Reading data from file  /home/ubuntu/projects/Graphene-Band-Structure-Quantum-Espresso/outputs/field_0.001/vdw-df2-c09/top/data/ldos.pp.dat579

     Writing data to be plotted to file /home/ubuntu/projects/Graphene-Band-Structure-Quantum-Espresso/outputs/field_0.001/vdw-df2-c09/top/data/ldos.pp.dat579.xsf
     Plot Type: 3D                     Output format: XCrySDen     
     Reading data from file  /home/ubuntu/projects/Graphene-Band-Structure-Quantum-Espresso/outputs/field_0.001/vdw-df2-c09/top/data/ldos.pp.dat580

     Writing data to be plotted to file /home/ubuntu/projects/Graphene-Band-Structure-Quantum-Espresso/outputs/field_0.001/vdw-df2-c09/top/data/ldos.pp.dat580.xsf
     Plot Type: 3D                     Output format: XCrySDen     
     Reading data from file  /home/ubuntu/projects/Graphene-Band-Structure-Quantum-Espresso/outputs/field_0.001/vdw-df2-c09/top/data/ldos.pp.dat581

     Writing data to be plotted to file /home/ubuntu/projects/Graphene-Band-Structure-Quantum-Espresso/outputs/field_0.001/vdw-df2-c09/top/data/ldos.pp.dat581.xsf
     Plot Type: 3D                     Output format: XCrySDen     
     Reading data from file  /home/ubuntu/projects/Graphene-Band-Structure-Quantum-Espresso/outputs/field_0.001/vdw-df2-c09/top/data/ldos.pp.dat582

     Writing data to be plotted to file /home/ubuntu/projects/Graphene-Band-Structure-Quantum-Espresso/outputs/field_0.001/vdw-df2-c09/top/data/ldos.pp.dat582.xsf
     Plot Type: 3D                     Output format: XCrySDen     
     Reading data from file  /home/ubuntu/projects/Graphene-Band-Structure-Quantum-Espresso/outputs/field_0.001/vdw-df2-c09/top/data/ldos.pp.dat583

     Writing data to be plotted to file /home/ubuntu/projects/Graphene-Band-Structure-Quantum-Espresso/outputs/field_0.001/vdw-df2-c09/top/data/ldos.pp.dat583.xsf
     Plot Type: 3D                     Output format: XCrySDen     
     Reading data from file  /home/ubuntu/projects/Graphene-Band-Structure-Quantum-Espresso/outputs/field_0.001/vdw-df2-c09/top/data/ldos.pp.dat584

     Writing data to be plotted to file /home/ubuntu/projects/Graphene-Band-Structure-Quantum-Espresso/outputs/field_0.001/vdw-df2-c09/top/data/ldos.pp.dat584.xsf
     Plot Type: 3D                     Output format: XCrySDen     
     Reading data from file  /home/ubuntu/projects/Graphene-Band-Structure-Quantum-Espresso/outputs/field_0.001/vdw-df2-c09/top/data/ldos.pp.dat585

     Writing data to be plotted to file /home/ubuntu/projects/Graphene-Band-Structure-Quantum-Espresso/outputs/field_0.001/vdw-df2-c09/top/data/ldos.pp.dat585.xsf
     Plot Type: 3D                     Output format: XCrySDen     
     Reading data from file  /home/ubuntu/projects/Graphene-Band-Structure-Quantum-Espresso/outputs/field_0.001/vdw-df2-c09/top/data/ldos.pp.dat586

     Writing data to be plotted to file /home/ubuntu/projects/Graphene-Band-Structure-Quantum-Espresso/outputs/field_0.001/vdw-df2-c09/top/data/ldos.pp.dat586.xsf
     Plot Type: 3D                     Output format: XCrySDen     
     Reading data from file  /home/ubuntu/projects/Graphene-Band-Structure-Quantum-Espresso/outputs/field_0.001/vdw-df2-c09/top/data/ldos.pp.dat587

     Writing data to be plotted to file /home/ubuntu/projects/Graphene-Band-Structure-Quantum-Espresso/outputs/field_0.001/vdw-df2-c09/top/data/ldos.pp.dat587.xsf
     Plot Type: 3D                     Output format: XCrySDen     
     Reading data from file  /home/ubuntu/projects/Graphene-Band-Structure-Quantum-Espresso/outputs/field_0.001/vdw-df2-c09/top/data/ldos.pp.dat588

     Writing data to be plotted to file /home/ubuntu/projects/Graphene-Band-Structure-Quantum-Espresso/outputs/field_0.001/vdw-df2-c09/top/data/ldos.pp.dat588.xsf
     Plot Type: 3D                     Output format: XCrySDen     
     Reading data from file  /home/ubuntu/projects/Graphene-Band-Structure-Quantum-Espresso/outputs/field_0.001/vdw-df2-c09/top/data/ldos.pp.dat589

     Writing data to be plotted to file /home/ubuntu/projects/Graphene-Band-Structure-Quantum-Espresso/outputs/field_0.001/vdw-df2-c09/top/data/ldos.pp.dat589.xsf
     Plot Type: 3D                     Output format: XCrySDen     
     Reading data from file  /home/ubuntu/projects/Graphene-Band-Structure-Quantum-Espresso/outputs/field_0.001/vdw-df2-c09/top/data/ldos.pp.dat590

     Writing data to be plotted to file /home/ubuntu/projects/Graphene-Band-Structure-Quantum-Espresso/outputs/field_0.001/vdw-df2-c09/top/data/ldos.pp.dat590.xsf
     Plot Type: 3D                     Output format: XCrySDen     
     Reading data from file  /home/ubuntu/projects/Graphene-Band-Structure-Quantum-Espresso/outputs/field_0.001/vdw-df2-c09/top/data/ldos.pp.dat591

     Writing data to be plotted to file /home/ubuntu/projects/Graphene-Band-Structure-Quantum-Espresso/outputs/field_0.001/vdw-df2-c09/top/data/ldos.pp.dat591.xsf
     Plot Type: 3D                     Output format: XCrySDen     
     Reading data from file  /home/ubuntu/projects/Graphene-Band-Structure-Quantum-Espresso/outputs/field_0.001/vdw-df2-c09/top/data/ldos.pp.dat592

     Writing data to be plotted to file /home/ubuntu/projects/Graphene-Band-Structure-Quantum-Espresso/outputs/field_0.001/vdw-df2-c09/top/data/ldos.pp.dat592.xsf
     Plot Type: 3D                     Output format: XCrySDen     
     Reading data from file  /home/ubuntu/projects/Graphene-Band-Structure-Quantum-Espresso/outputs/field_0.001/vdw-df2-c09/top/data/ldos.pp.dat593

     Writing data to be plotted to file /home/ubuntu/projects/Graphene-Band-Structure-Quantum-Espresso/outputs/field_0.001/vdw-df2-c09/top/data/ldos.pp.dat593.xsf
     Plot Type: 3D                     Output format: XCrySDen     
     Reading data from file  /home/ubuntu/projects/Graphene-Band-Structure-Quantum-Espresso/outputs/field_0.001/vdw-df2-c09/top/data/ldos.pp.dat594

     Writing data to be plotted to file /home/ubuntu/projects/Graphene-Band-Structure-Quantum-Espresso/outputs/field_0.001/vdw-df2-c09/top/data/ldos.pp.dat594.xsf
     Plot Type: 3D                     Output format: XCrySDen     
     Reading data from file  /home/ubuntu/projects/Graphene-Band-Structure-Quantum-Espresso/outputs/field_0.001/vdw-df2-c09/top/data/ldos.pp.dat595

     Writing data to be plotted to file /home/ubuntu/projects/Graphene-Band-Structure-Quantum-Espresso/outputs/field_0.001/vdw-df2-c09/top/data/ldos.pp.dat595.xsf
     Plot Type: 3D                     Output format: XCrySDen     
     Reading data from file  /home/ubuntu/projects/Graphene-Band-Structure-Quantum-Espresso/outputs/field_0.001/vdw-df2-c09/top/data/ldos.pp.dat596

     Writing data to be plotted to file /home/ubuntu/projects/Graphene-Band-Structure-Quantum-Espresso/outputs/field_0.001/vdw-df2-c09/top/data/ldos.pp.dat596.xsf
     Plot Type: 3D                     Output format: XCrySDen     
     Reading data from file  /home/ubuntu/projects/Graphene-Band-Structure-Quantum-Espresso/outputs/field_0.001/vdw-df2-c09/top/data/ldos.pp.dat597

     Writing data to be plotted to file /home/ubuntu/projects/Graphene-Band-Structure-Quantum-Espresso/outputs/field_0.001/vdw-df2-c09/top/data/ldos.pp.dat597.xsf
     Plot Type: 3D                     Output format: XCrySDen     
     Reading data from file  /home/ubuntu/projects/Graphene-Band-Structure-Quantum-Espresso/outputs/field_0.001/vdw-df2-c09/top/data/ldos.pp.dat598

     Writing data to be plotted to file /home/ubuntu/projects/Graphene-Band-Structure-Quantum-Espresso/outputs/field_0.001/vdw-df2-c09/top/data/ldos.pp.dat598.xsf
     Plot Type: 3D                     Output format: XCrySDen     
     Reading data from file  /home/ubuntu/projects/Graphene-Band-Structure-Quantum-Espresso/outputs/field_0.001/vdw-df2-c09/top/data/ldos.pp.dat599

     Writing data to be plotted to file /home/ubuntu/projects/Graphene-Band-Structure-Quantum-Espresso/outputs/field_0.001/vdw-df2-c09/top/data/ldos.pp.dat599.xsf
     Plot Type: 3D                     Output format: XCrySDen     
     Reading data from file  /home/ubuntu/projects/Graphene-Band-Structure-Quantum-Espresso/outputs/field_0.001/vdw-df2-c09/top/data/ldos.pp.dat600

     Writing data to be plotted to file /home/ubuntu/projects/Graphene-Band-Structure-Quantum-Espresso/outputs/field_0.001/vdw-df2-c09/top/data/ldos.pp.dat600.xsf
     Plot Type: 3D                     Output format: XCrySDen     
     Reading data from file  /home/ubuntu/projects/Graphene-Band-Structure-Quantum-Espresso/outputs/field_0.001/vdw-df2-c09/top/data/ldos.pp.dat601

     Writing data to be plotted to file /home/ubuntu/projects/Graphene-Band-Structure-Quantum-Espresso/outputs/field_0.001/vdw-df2-c09/top/data/ldos.pp.dat601.xsf
     Plot Type: 3D                     Output format: XCrySDen     

     POST-PROC    :  44m11.04s CPU  45m58.56s WALL


   This run was terminated on:   1:12:26   5Oct2026            

=------------------------------------------------------------------------------=
   JOB DONE.
=------------------------------------------------------------------------------=
Note: The following floating-point exceptions are signalling: IEEE_UNDERFLOW_FLAG IEEE_DENORMAL
Note: The following floating-point exceptions are signalling: IEEE_UNDERFLOW_FLAG IEEE_DENORMAL
Note: The following floating-point exceptions are signalling: IEEE_UNDERFLOW_FLAG IEEE_DENORMAL
Note: The following floating-point exceptions are signalling: IEEE_UNDERFLOW_FLAG IEEE_DENORMAL
Note: The following floating-point exceptions are signalling: IEEE_UNDERFLOW_FLAG IEEE_DENORMAL
Note: The following floating-point exceptions are signalling: IEEE_UNDERFLOW_FLAG IEEE_DENORMAL
Note: The following floating-point exceptions are signalling: IEEE_UNDERFLOW_FLAG IEEE_DENORMAL
Note: The following floating-point exceptions are signalling: IEEE_UNDERFLOW_FLAG IEEE_DENORMAL
Note: The following floating-point exceptions are signalling: IEEE_UNDERFLOW_FLAG IEEE_DENORMAL
Note: The following floating-point exceptions are signalling: IEEE_UNDERFLOW_FLAG IEEE_DENORMAL
Note: The following floating-point exceptions are signalling: IEEE_UNDERFLOW_FLAG IEEE_DENORMAL
Note: The following floating-point exceptions are signalling: IEEE_UNDERFLOW_FLAG IEEE_DENORMAL
Note: The following floating-point exceptions are signalling: IEEE_UNDERFLOW_FLAG IEEE_DENORMAL
Note: The following floating-point exceptions are signalling: IEEE_UNDERFLOW_FLAG IEEE_DENORMAL
Note: The following floating-point exceptions are signalling: IEEE_UNDERFLOW_FLAG IEEE_DENORMAL
Note: The following floating-point exceptions are signalling: IEEE_UNDERFLOW_FLAG IEEE_DENORMAL
