
     Program POST-PROC v.7.6 starts on  3Oct2026 at 16:54:50 

     This program is part of the open-source Quantum ESPRESSO suite
     for quantum simulation of materials; please cite
         "P. Giannozzi et al., J. Phys.:Condens. Matter 21 395502 (2009);
         "P. Giannozzi et al., J. Phys.:Condens. Matter 29 465901 (2017);
         "P. Giannozzi et al., J. Chem. Phys. 152 154105 (2020);
          URL http://www.quantum-espresso.org", 
     in publications or presentations arising from this work. More details at
     http://www.quantum-espresso.org/quote

     Parallel version (MPI), running on    16 processors

     MPI processes distributed on     1 nodes
     K-points division:     npool     =      16
     28127 MiB available memory on the printing compute node when the environment starts


     Reading xml data from directory:

     /home/ubuntu/projects/Graphene-Band-Structure-Quantum-Espresso/outputs/field_0/PBE-d3/top/data/top.save/

     IMPORTANT: XC functional enforced from input :
     Exchange-correlation= PBE
                           (   1   4   3   4   0   0   0)
     Any further DFT definition will be discarded
     Please, verify this is what you really want


     G-vector sticks info
     --------------------
     sticks:   dense  smooth     PW     G-vecs:    dense   smooth      PW
     Sum         535     535    163                94953    94953   15739

     Using Slab Decomposition


     Calling punch_plot, plot_num =   3

     Energy = -12.59240 eV, broadening =   0.30000eV
     Writing data to file  /home/ubuntu/projects/Graphene-Band-Structure-Quantum-Espresso/outputs/field_0/PBE-d3/top/data/ldos.pp.dat001

     Calling punch_plot, plot_num =   3

     Energy = -12.57240 eV, broadening =   0.30000eV
     Writing data to file  /home/ubuntu/projects/Graphene-Band-Structure-Quantum-Espresso/outputs/field_0/PBE-d3/top/data/ldos.pp.dat002

     Calling punch_plot, plot_num =   3

     Energy = -12.55240 eV, broadening =   0.30000eV
     Writing data to file  /home/ubuntu/projects/Graphene-Band-Structure-Quantum-Espresso/outputs/field_0/PBE-d3/top/data/ldos.pp.dat003

     Calling punch_plot, plot_num =   3

     Energy = -12.53240 eV, broadening =   0.30000eV
     Writing data to file  /home/ubuntu/projects/Graphene-Band-Structure-Quantum-Espresso/outputs/field_0/PBE-d3/top/data/ldos.pp.dat004

     Calling punch_plot, plot_num =   3

     Energy = -12.51240 eV, broadening =   0.30000eV
     Writing data to file  /home/ubuntu/projects/Graphene-Band-Structure-Quantum-Espresso/outputs/field_0/PBE-d3/top/data/ldos.pp.dat005

     Calling punch_plot, plot_num =   3

     Energy = -12.49240 eV, broadening =   0.30000eV
     Writing data to file  /home/ubuntu/projects/Graphene-Band-Structure-Quantum-Espresso/outputs/field_0/PBE-d3/top/data/ldos.pp.dat006

     Calling punch_plot, plot_num =   3

     Energy = -12.47240 eV, broadening =   0.30000eV
     Writing data to file  /home/ubuntu/projects/Graphene-Band-Structure-Quantum-Espresso/outputs/field_0/PBE-d3/top/data/ldos.pp.dat007

     Calling punch_plot, plot_num =   3

     Energy = -12.45240 eV, broadening =   0.30000eV
     Writing data to file  /home/ubuntu/projects/Graphene-Band-Structure-Quantum-Espresso/outputs/field_0/PBE-d3/top/data/ldos.pp.dat008

     Calling punch_plot, plot_num =   3

     Energy = -12.43240 eV, broadening =   0.30000eV
     Writing data to file  /home/ubuntu/projects/Graphene-Band-Structure-Quantum-Espresso/outputs/field_0/PBE-d3/top/data/ldos.pp.dat009

     Calling punch_plot, plot_num =   3

     Energy = -12.41240 eV, broadening =   0.30000eV
     Writing data to file  /home/ubuntu/projects/Graphene-Band-Structure-Quantum-Espresso/outputs/field_0/PBE-d3/top/data/ldos.pp.dat010

     Calling punch_plot, plot_num =   3

     Energy = -12.39240 eV, broadening =   0.30000eV
     Writing data to file  /home/ubuntu/projects/Graphene-Band-Structure-Quantum-Espresso/outputs/field_0/PBE-d3/top/data/ldos.pp.dat011

     Calling punch_plot, plot_num =   3

     Energy = -12.37240 eV, broadening =   0.30000eV
     Writing data to file  /home/ubuntu/projects/Graphene-Band-Structure-Quantum-Espresso/outputs/field_0/PBE-d3/top/data/ldos.pp.dat012

     Calling punch_plot, plot_num =   3

     Energy = -12.35240 eV, broadening =   0.30000eV
     Writing data to file  /home/ubuntu/projects/Graphene-Band-Structure-Quantum-Espresso/outputs/field_0/PBE-d3/top/data/ldos.pp.dat013

     Calling punch_plot, plot_num =   3

     Energy = -12.33240 eV, broadening =   0.30000eV
     Writing data to file  /home/ubuntu/projects/Graphene-Band-Structure-Quantum-Espresso/outputs/field_0/PBE-d3/top/data/ldos.pp.dat014

     Calling punch_plot, plot_num =   3

     Energy = -12.31240 eV, broadening =   0.30000eV
     Writing data to file  /home/ubuntu/projects/Graphene-Band-Structure-Quantum-Espresso/outputs/field_0/PBE-d3/top/data/ldos.pp.dat015

     Calling punch_plot, plot_num =   3

     Energy = -12.29240 eV, broadening =   0.30000eV
     Writing data to file  /home/ubuntu/projects/Graphene-Band-Structure-Quantum-Espresso/outputs/field_0/PBE-d3/top/data/ldos.pp.dat016

     Calling punch_plot, plot_num =   3

     Energy = -12.27240 eV, broadening =   0.30000eV
     Writing data to file  /home/ubuntu/projects/Graphene-Band-Structure-Quantum-Espresso/outputs/field_0/PBE-d3/top/data/ldos.pp.dat017

     Calling punch_plot, plot_num =   3

     Energy = -12.25240 eV, broadening =   0.30000eV
     Writing data to file  /home/ubuntu/projects/Graphene-Band-Structure-Quantum-Espresso/outputs/field_0/PBE-d3/top/data/ldos.pp.dat018

     Calling punch_plot, plot_num =   3

     Energy = -12.23240 eV, broadening =   0.30000eV
     Writing data to file  /home/ubuntu/projects/Graphene-Band-Structure-Quantum-Espresso/outputs/field_0/PBE-d3/top/data/ldos.pp.dat019

     Calling punch_plot, plot_num =   3

     Energy = -12.21240 eV, broadening =   0.30000eV
     Writing data to file  /home/ubuntu/projects/Graphene-Band-Structure-Quantum-Espresso/outputs/field_0/PBE-d3/top/data/ldos.pp.dat020

     Calling punch_plot, plot_num =   3

     Energy = -12.19240 eV, broadening =   0.30000eV
     Writing data to file  /home/ubuntu/projects/Graphene-Band-Structure-Quantum-Espresso/outputs/field_0/PBE-d3/top/data/ldos.pp.dat021

     Calling punch_plot, plot_num =   3

     Energy = -12.17240 eV, broadening =   0.30000eV
     Writing data to file  /home/ubuntu/projects/Graphene-Band-Structure-Quantum-Espresso/outputs/field_0/PBE-d3/top/data/ldos.pp.dat022

     Calling punch_plot, plot_num =   3

     Energy = -12.15240 eV, broadening =   0.30000eV
     Writing data to file  /home/ubuntu/projects/Graphene-Band-Structure-Quantum-Espresso/outputs/field_0/PBE-d3/top/data/ldos.pp.dat023

     Calling punch_plot, plot_num =   3

     Energy = -12.13240 eV, broadening =   0.30000eV
     Writing data to file  /home/ubuntu/projects/Graphene-Band-Structure-Quantum-Espresso/outputs/field_0/PBE-d3/top/data/ldos.pp.dat024

     Calling punch_plot, plot_num =   3

     Energy = -12.11240 eV, broadening =   0.30000eV
     Writing data to file  /home/ubuntu/projects/Graphene-Band-Structure-Quantum-Espresso/outputs/field_0/PBE-d3/top/data/ldos.pp.dat025

     Calling punch_plot, plot_num =   3

     Energy = -12.09240 eV, broadening =   0.30000eV
     Writing data to file  /home/ubuntu/projects/Graphene-Band-Structure-Quantum-Espresso/outputs/field_0/PBE-d3/top/data/ldos.pp.dat026

     Calling punch_plot, plot_num =   3

     Energy = -12.07240 eV, broadening =   0.30000eV
     Writing data to file  /home/ubuntu/projects/Graphene-Band-Structure-Quantum-Espresso/outputs/field_0/PBE-d3/top/data/ldos.pp.dat027

     Calling punch_plot, plot_num =   3

     Energy = -12.05240 eV, broadening =   0.30000eV
     Writing data to file  /home/ubuntu/projects/Graphene-Band-Structure-Quantum-Espresso/outputs/field_0/PBE-d3/top/data/ldos.pp.dat028

     Calling punch_plot, plot_num =   3

     Energy = -12.03240 eV, broadening =   0.30000eV
     Writing data to file  /home/ubuntu/projects/Graphene-Band-Structure-Quantum-Espresso/outputs/field_0/PBE-d3/top/data/ldos.pp.dat029

     Calling punch_plot, plot_num =   3

     Energy = -12.01240 eV, broadening =   0.30000eV
     Writing data to file  /home/ubuntu/projects/Graphene-Band-Structure-Quantum-Espresso/outputs/field_0/PBE-d3/top/data/ldos.pp.dat030

     Calling punch_plot, plot_num =   3

     Energy = -11.99240 eV, broadening =   0.30000eV
     Writing data to file  /home/ubuntu/projects/Graphene-Band-Structure-Quantum-Espresso/outputs/field_0/PBE-d3/top/data/ldos.pp.dat031

     Calling punch_plot, plot_num =   3

     Energy = -11.97240 eV, broadening =   0.30000eV
     Writing data to file  /home/ubuntu/projects/Graphene-Band-Structure-Quantum-Espresso/outputs/field_0/PBE-d3/top/data/ldos.pp.dat032

     Calling punch_plot, plot_num =   3

     Energy = -11.95240 eV, broadening =   0.30000eV
     Writing data to file  /home/ubuntu/projects/Graphene-Band-Structure-Quantum-Espresso/outputs/field_0/PBE-d3/top/data/ldos.pp.dat033

     Calling punch_plot, plot_num =   3

     Energy = -11.93240 eV, broadening =   0.30000eV
     Writing data to file  /home/ubuntu/projects/Graphene-Band-Structure-Quantum-Espresso/outputs/field_0/PBE-d3/top/data/ldos.pp.dat034

     Calling punch_plot, plot_num =   3

     Energy = -11.91240 eV, broadening =   0.30000eV
     Writing data to file  /home/ubuntu/projects/Graphene-Band-Structure-Quantum-Espresso/outputs/field_0/PBE-d3/top/data/ldos.pp.dat035

     Calling punch_plot, plot_num =   3

     Energy = -11.89240 eV, broadening =   0.30000eV
     Writing data to file  /home/ubuntu/projects/Graphene-Band-Structure-Quantum-Espresso/outputs/field_0/PBE-d3/top/data/ldos.pp.dat036

     Calling punch_plot, plot_num =   3

     Energy = -11.87240 eV, broadening =   0.30000eV
     Writing data to file  /home/ubuntu/projects/Graphene-Band-Structure-Quantum-Espresso/outputs/field_0/PBE-d3/top/data/ldos.pp.dat037

     Calling punch_plot, plot_num =   3

     Energy = -11.85240 eV, broadening =   0.30000eV
     Writing data to file  /home/ubuntu/projects/Graphene-Band-Structure-Quantum-Espresso/outputs/field_0/PBE-d3/top/data/ldos.pp.dat038

     Calling punch_plot, plot_num =   3

     Energy = -11.83240 eV, broadening =   0.30000eV
     Writing data to file  /home/ubuntu/projects/Graphene-Band-Structure-Quantum-Espresso/outputs/field_0/PBE-d3/top/data/ldos.pp.dat039

     Calling punch_plot, plot_num =   3

     Energy = -11.81240 eV, broadening =   0.30000eV
     Writing data to file  /home/ubuntu/projects/Graphene-Band-Structure-Quantum-Espresso/outputs/field_0/PBE-d3/top/data/ldos.pp.dat040

     Calling punch_plot, plot_num =   3

     Energy = -11.79240 eV, broadening =   0.30000eV
     Writing data to file  /home/ubuntu/projects/Graphene-Band-Structure-Quantum-Espresso/outputs/field_0/PBE-d3/top/data/ldos.pp.dat041

     Calling punch_plot, plot_num =   3

     Energy = -11.77240 eV, broadening =   0.30000eV
     Writing data to file  /home/ubuntu/projects/Graphene-Band-Structure-Quantum-Espresso/outputs/field_0/PBE-d3/top/data/ldos.pp.dat042

     Calling punch_plot, plot_num =   3

     Energy = -11.75240 eV, broadening =   0.30000eV
     Writing data to file  /home/ubuntu/projects/Graphene-Band-Structure-Quantum-Espresso/outputs/field_0/PBE-d3/top/data/ldos.pp.dat043

     Calling punch_plot, plot_num =   3

     Energy = -11.73240 eV, broadening =   0.30000eV
     Writing data to file  /home/ubuntu/projects/Graphene-Band-Structure-Quantum-Espresso/outputs/field_0/PBE-d3/top/data/ldos.pp.dat044

     Calling punch_plot, plot_num =   3

     Energy = -11.71240 eV, broadening =   0.30000eV
     Writing data to file  /home/ubuntu/projects/Graphene-Band-Structure-Quantum-Espresso/outputs/field_0/PBE-d3/top/data/ldos.pp.dat045

     Calling punch_plot, plot_num =   3

     Energy = -11.69240 eV, broadening =   0.30000eV
     Writing data to file  /home/ubuntu/projects/Graphene-Band-Structure-Quantum-Espresso/outputs/field_0/PBE-d3/top/data/ldos.pp.dat046

     Calling punch_plot, plot_num =   3

     Energy = -11.67240 eV, broadening =   0.30000eV
     Writing data to file  /home/ubuntu/projects/Graphene-Band-Structure-Quantum-Espresso/outputs/field_0/PBE-d3/top/data/ldos.pp.dat047

     Calling punch_plot, plot_num =   3

     Energy = -11.65240 eV, broadening =   0.30000eV
     Writing data to file  /home/ubuntu/projects/Graphene-Band-Structure-Quantum-Espresso/outputs/field_0/PBE-d3/top/data/ldos.pp.dat048

     Calling punch_plot, plot_num =   3

     Energy = -11.63240 eV, broadening =   0.30000eV
     Writing data to file  /home/ubuntu/projects/Graphene-Band-Structure-Quantum-Espresso/outputs/field_0/PBE-d3/top/data/ldos.pp.dat049

     Calling punch_plot, plot_num =   3

     Energy = -11.61240 eV, broadening =   0.30000eV
     Writing data to file  /home/ubuntu/projects/Graphene-Band-Structure-Quantum-Espresso/outputs/field_0/PBE-d3/top/data/ldos.pp.dat050

     Calling punch_plot, plot_num =   3

     Energy = -11.59240 eV, broadening =   0.30000eV
     Writing data to file  /home/ubuntu/projects/Graphene-Band-Structure-Quantum-Espresso/outputs/field_0/PBE-d3/top/data/ldos.pp.dat051

     Calling punch_plot, plot_num =   3

     Energy = -11.57240 eV, broadening =   0.30000eV
     Writing data to file  /home/ubuntu/projects/Graphene-Band-Structure-Quantum-Espresso/outputs/field_0/PBE-d3/top/data/ldos.pp.dat052

     Calling punch_plot, plot_num =   3

     Energy = -11.55240 eV, broadening =   0.30000eV
     Writing data to file  /home/ubuntu/projects/Graphene-Band-Structure-Quantum-Espresso/outputs/field_0/PBE-d3/top/data/ldos.pp.dat053

     Calling punch_plot, plot_num =   3

     Energy = -11.53240 eV, broadening =   0.30000eV
     Writing data to file  /home/ubuntu/projects/Graphene-Band-Structure-Quantum-Espresso/outputs/field_0/PBE-d3/top/data/ldos.pp.dat054

     Calling punch_plot, plot_num =   3

     Energy = -11.51240 eV, broadening =   0.30000eV
     Writing data to file  /home/ubuntu/projects/Graphene-Band-Structure-Quantum-Espresso/outputs/field_0/PBE-d3/top/data/ldos.pp.dat055

     Calling punch_plot, plot_num =   3

     Energy = -11.49240 eV, broadening =   0.30000eV
     Writing data to file  /home/ubuntu/projects/Graphene-Band-Structure-Quantum-Espresso/outputs/field_0/PBE-d3/top/data/ldos.pp.dat056

     Calling punch_plot, plot_num =   3

     Energy = -11.47240 eV, broadening =   0.30000eV
     Writing data to file  /home/ubuntu/projects/Graphene-Band-Structure-Quantum-Espresso/outputs/field_0/PBE-d3/top/data/ldos.pp.dat057

     Calling punch_plot, plot_num =   3

     Energy = -11.45240 eV, broadening =   0.30000eV
     Writing data to file  /home/ubuntu/projects/Graphene-Band-Structure-Quantum-Espresso/outputs/field_0/PBE-d3/top/data/ldos.pp.dat058

     Calling punch_plot, plot_num =   3

     Energy = -11.43240 eV, broadening =   0.30000eV
     Writing data to file  /home/ubuntu/projects/Graphene-Band-Structure-Quantum-Espresso/outputs/field_0/PBE-d3/top/data/ldos.pp.dat059

     Calling punch_plot, plot_num =   3

     Energy = -11.41240 eV, broadening =   0.30000eV
     Writing data to file  /home/ubuntu/projects/Graphene-Band-Structure-Quantum-Espresso/outputs/field_0/PBE-d3/top/data/ldos.pp.dat060

     Calling punch_plot, plot_num =   3

     Energy = -11.39240 eV, broadening =   0.30000eV
     Writing data to file  /home/ubuntu/projects/Graphene-Band-Structure-Quantum-Espresso/outputs/field_0/PBE-d3/top/data/ldos.pp.dat061

     Calling punch_plot, plot_num =   3

     Energy = -11.37240 eV, broadening =   0.30000eV
     Writing data to file  /home/ubuntu/projects/Graphene-Band-Structure-Quantum-Espresso/outputs/field_0/PBE-d3/top/data/ldos.pp.dat062

     Calling punch_plot, plot_num =   3

     Energy = -11.35240 eV, broadening =   0.30000eV
     Writing data to file  /home/ubuntu/projects/Graphene-Band-Structure-Quantum-Espresso/outputs/field_0/PBE-d3/top/data/ldos.pp.dat063

     Calling punch_plot, plot_num =   3

     Energy = -11.33240 eV, broadening =   0.30000eV
     Writing data to file  /home/ubuntu/projects/Graphene-Band-Structure-Quantum-Espresso/outputs/field_0/PBE-d3/top/data/ldos.pp.dat064

     Calling punch_plot, plot_num =   3

     Energy = -11.31240 eV, broadening =   0.30000eV
     Writing data to file  /home/ubuntu/projects/Graphene-Band-Structure-Quantum-Espresso/outputs/field_0/PBE-d3/top/data/ldos.pp.dat065

     Calling punch_plot, plot_num =   3

     Energy = -11.29240 eV, broadening =   0.30000eV
     Writing data to file  /home/ubuntu/projects/Graphene-Band-Structure-Quantum-Espresso/outputs/field_0/PBE-d3/top/data/ldos.pp.dat066

     Calling punch_plot, plot_num =   3

     Energy = -11.27240 eV, broadening =   0.30000eV
     Writing data to file  /home/ubuntu/projects/Graphene-Band-Structure-Quantum-Espresso/outputs/field_0/PBE-d3/top/data/ldos.pp.dat067

     Calling punch_plot, plot_num =   3

     Energy = -11.25240 eV, broadening =   0.30000eV
     Writing data to file  /home/ubuntu/projects/Graphene-Band-Structure-Quantum-Espresso/outputs/field_0/PBE-d3/top/data/ldos.pp.dat068

     Calling punch_plot, plot_num =   3

     Energy = -11.23240 eV, broadening =   0.30000eV
     Writing data to file  /home/ubuntu/projects/Graphene-Band-Structure-Quantum-Espresso/outputs/field_0/PBE-d3/top/data/ldos.pp.dat069

     Calling punch_plot, plot_num =   3

     Energy = -11.21240 eV, broadening =   0.30000eV
     Writing data to file  /home/ubuntu/projects/Graphene-Band-Structure-Quantum-Espresso/outputs/field_0/PBE-d3/top/data/ldos.pp.dat070

     Calling punch_plot, plot_num =   3

     Energy = -11.19240 eV, broadening =   0.30000eV
     Writing data to file  /home/ubuntu/projects/Graphene-Band-Structure-Quantum-Espresso/outputs/field_0/PBE-d3/top/data/ldos.pp.dat071

     Calling punch_plot, plot_num =   3

     Energy = -11.17240 eV, broadening =   0.30000eV
     Writing data to file  /home/ubuntu/projects/Graphene-Band-Structure-Quantum-Espresso/outputs/field_0/PBE-d3/top/data/ldos.pp.dat072

     Calling punch_plot, plot_num =   3

     Energy = -11.15240 eV, broadening =   0.30000eV
     Writing data to file  /home/ubuntu/projects/Graphene-Band-Structure-Quantum-Espresso/outputs/field_0/PBE-d3/top/data/ldos.pp.dat073

     Calling punch_plot, plot_num =   3

     Energy = -11.13240 eV, broadening =   0.30000eV
     Writing data to file  /home/ubuntu/projects/Graphene-Band-Structure-Quantum-Espresso/outputs/field_0/PBE-d3/top/data/ldos.pp.dat074

     Calling punch_plot, plot_num =   3

     Energy = -11.11240 eV, broadening =   0.30000eV
     Writing data to file  /home/ubuntu/projects/Graphene-Band-Structure-Quantum-Espresso/outputs/field_0/PBE-d3/top/data/ldos.pp.dat075

     Calling punch_plot, plot_num =   3

     Energy = -11.09240 eV, broadening =   0.30000eV
     Writing data to file  /home/ubuntu/projects/Graphene-Band-Structure-Quantum-Espresso/outputs/field_0/PBE-d3/top/data/ldos.pp.dat076

     Calling punch_plot, plot_num =   3

     Energy = -11.07240 eV, broadening =   0.30000eV
     Writing data to file  /home/ubuntu/projects/Graphene-Band-Structure-Quantum-Espresso/outputs/field_0/PBE-d3/top/data/ldos.pp.dat077

     Calling punch_plot, plot_num =   3

     Energy = -11.05240 eV, broadening =   0.30000eV
     Writing data to file  /home/ubuntu/projects/Graphene-Band-Structure-Quantum-Espresso/outputs/field_0/PBE-d3/top/data/ldos.pp.dat078

     Calling punch_plot, plot_num =   3

     Energy = -11.03240 eV, broadening =   0.30000eV
     Writing data to file  /home/ubuntu/projects/Graphene-Band-Structure-Quantum-Espresso/outputs/field_0/PBE-d3/top/data/ldos.pp.dat079

     Calling punch_plot, plot_num =   3

     Energy = -11.01240 eV, broadening =   0.30000eV
     Writing data to file  /home/ubuntu/projects/Graphene-Band-Structure-Quantum-Espresso/outputs/field_0/PBE-d3/top/data/ldos.pp.dat080

     Calling punch_plot, plot_num =   3

     Energy = -10.99240 eV, broadening =   0.30000eV
     Writing data to file  /home/ubuntu/projects/Graphene-Band-Structure-Quantum-Espresso/outputs/field_0/PBE-d3/top/data/ldos.pp.dat081

     Calling punch_plot, plot_num =   3

     Energy = -10.97240 eV, broadening =   0.30000eV
     Writing data to file  /home/ubuntu/projects/Graphene-Band-Structure-Quantum-Espresso/outputs/field_0/PBE-d3/top/data/ldos.pp.dat082

     Calling punch_plot, plot_num =   3

     Energy = -10.95240 eV, broadening =   0.30000eV
     Writing data to file  /home/ubuntu/projects/Graphene-Band-Structure-Quantum-Espresso/outputs/field_0/PBE-d3/top/data/ldos.pp.dat083

     Calling punch_plot, plot_num =   3

     Energy = -10.93240 eV, broadening =   0.30000eV
     Writing data to file  /home/ubuntu/projects/Graphene-Band-Structure-Quantum-Espresso/outputs/field_0/PBE-d3/top/data/ldos.pp.dat084

     Calling punch_plot, plot_num =   3

     Energy = -10.91240 eV, broadening =   0.30000eV
     Writing data to file  /home/ubuntu/projects/Graphene-Band-Structure-Quantum-Espresso/outputs/field_0/PBE-d3/top/data/ldos.pp.dat085

     Calling punch_plot, plot_num =   3

     Energy = -10.89240 eV, broadening =   0.30000eV
     Writing data to file  /home/ubuntu/projects/Graphene-Band-Structure-Quantum-Espresso/outputs/field_0/PBE-d3/top/data/ldos.pp.dat086

     Calling punch_plot, plot_num =   3

     Energy = -10.87240 eV, broadening =   0.30000eV
     Writing data to file  /home/ubuntu/projects/Graphene-Band-Structure-Quantum-Espresso/outputs/field_0/PBE-d3/top/data/ldos.pp.dat087

     Calling punch_plot, plot_num =   3

     Energy = -10.85240 eV, broadening =   0.30000eV
     Writing data to file  /home/ubuntu/projects/Graphene-Band-Structure-Quantum-Espresso/outputs/field_0/PBE-d3/top/data/ldos.pp.dat088

     Calling punch_plot, plot_num =   3

     Energy = -10.83240 eV, broadening =   0.30000eV
     Writing data to file  /home/ubuntu/projects/Graphene-Band-Structure-Quantum-Espresso/outputs/field_0/PBE-d3/top/data/ldos.pp.dat089

     Calling punch_plot, plot_num =   3

     Energy = -10.81240 eV, broadening =   0.30000eV
     Writing data to file  /home/ubuntu/projects/Graphene-Band-Structure-Quantum-Espresso/outputs/field_0/PBE-d3/top/data/ldos.pp.dat090

     Calling punch_plot, plot_num =   3

     Energy = -10.79240 eV, broadening =   0.30000eV
     Writing data to file  /home/ubuntu/projects/Graphene-Band-Structure-Quantum-Espresso/outputs/field_0/PBE-d3/top/data/ldos.pp.dat091

     Calling punch_plot, plot_num =   3

     Energy = -10.77240 eV, broadening =   0.30000eV
     Writing data to file  /home/ubuntu/projects/Graphene-Band-Structure-Quantum-Espresso/outputs/field_0/PBE-d3/top/data/ldos.pp.dat092

     Calling punch_plot, plot_num =   3

     Energy = -10.75240 eV, broadening =   0.30000eV
     Writing data to file  /home/ubuntu/projects/Graphene-Band-Structure-Quantum-Espresso/outputs/field_0/PBE-d3/top/data/ldos.pp.dat093

     Calling punch_plot, plot_num =   3

     Energy = -10.73240 eV, broadening =   0.30000eV
     Writing data to file  /home/ubuntu/projects/Graphene-Band-Structure-Quantum-Espresso/outputs/field_0/PBE-d3/top/data/ldos.pp.dat094

     Calling punch_plot, plot_num =   3

     Energy = -10.71240 eV, broadening =   0.30000eV
     Writing data to file  /home/ubuntu/projects/Graphene-Band-Structure-Quantum-Espresso/outputs/field_0/PBE-d3/top/data/ldos.pp.dat095

     Calling punch_plot, plot_num =   3

     Energy = -10.69240 eV, broadening =   0.30000eV
     Writing data to file  /home/ubuntu/projects/Graphene-Band-Structure-Quantum-Espresso/outputs/field_0/PBE-d3/top/data/ldos.pp.dat096

     Calling punch_plot, plot_num =   3

     Energy = -10.67240 eV, broadening =   0.30000eV
     Writing data to file  /home/ubuntu/projects/Graphene-Band-Structure-Quantum-Espresso/outputs/field_0/PBE-d3/top/data/ldos.pp.dat097

     Calling punch_plot, plot_num =   3

     Energy = -10.65240 eV, broadening =   0.30000eV
     Writing data to file  /home/ubuntu/projects/Graphene-Band-Structure-Quantum-Espresso/outputs/field_0/PBE-d3/top/data/ldos.pp.dat098

     Calling punch_plot, plot_num =   3

     Energy = -10.63240 eV, broadening =   0.30000eV
     Writing data to file  /home/ubuntu/projects/Graphene-Band-Structure-Quantum-Espresso/outputs/field_0/PBE-d3/top/data/ldos.pp.dat099

     Calling punch_plot, plot_num =   3

     Energy = -10.61240 eV, broadening =   0.30000eV
     Writing data to file  /home/ubuntu/projects/Graphene-Band-Structure-Quantum-Espresso/outputs/field_0/PBE-d3/top/data/ldos.pp.dat100

     Calling punch_plot, plot_num =   3

     Energy = -10.59240 eV, broadening =   0.30000eV
     Writing data to file  /home/ubuntu/projects/Graphene-Band-Structure-Quantum-Espresso/outputs/field_0/PBE-d3/top/data/ldos.pp.dat101

     Calling punch_plot, plot_num =   3

     Energy = -10.57240 eV, broadening =   0.30000eV
     Writing data to file  /home/ubuntu/projects/Graphene-Band-Structure-Quantum-Espresso/outputs/field_0/PBE-d3/top/data/ldos.pp.dat102

     Calling punch_plot, plot_num =   3

     Energy = -10.55240 eV, broadening =   0.30000eV
     Writing data to file  /home/ubuntu/projects/Graphene-Band-Structure-Quantum-Espresso/outputs/field_0/PBE-d3/top/data/ldos.pp.dat103

     Calling punch_plot, plot_num =   3

     Energy = -10.53240 eV, broadening =   0.30000eV
     Writing data to file  /home/ubuntu/projects/Graphene-Band-Structure-Quantum-Espresso/outputs/field_0/PBE-d3/top/data/ldos.pp.dat104

     Calling punch_plot, plot_num =   3

     Energy = -10.51240 eV, broadening =   0.30000eV
     Writing data to file  /home/ubuntu/projects/Graphene-Band-Structure-Quantum-Espresso/outputs/field_0/PBE-d3/top/data/ldos.pp.dat105

     Calling punch_plot, plot_num =   3

     Energy = -10.49240 eV, broadening =   0.30000eV
     Writing data to file  /home/ubuntu/projects/Graphene-Band-Structure-Quantum-Espresso/outputs/field_0/PBE-d3/top/data/ldos.pp.dat106

     Calling punch_plot, plot_num =   3

     Energy = -10.47240 eV, broadening =   0.30000eV
     Writing data to file  /home/ubuntu/projects/Graphene-Band-Structure-Quantum-Espresso/outputs/field_0/PBE-d3/top/data/ldos.pp.dat107

     Calling punch_plot, plot_num =   3

     Energy = -10.45240 eV, broadening =   0.30000eV
     Writing data to file  /home/ubuntu/projects/Graphene-Band-Structure-Quantum-Espresso/outputs/field_0/PBE-d3/top/data/ldos.pp.dat108

     Calling punch_plot, plot_num =   3

     Energy = -10.43240 eV, broadening =   0.30000eV
     Writing data to file  /home/ubuntu/projects/Graphene-Band-Structure-Quantum-Espresso/outputs/field_0/PBE-d3/top/data/ldos.pp.dat109

     Calling punch_plot, plot_num =   3

     Energy = -10.41240 eV, broadening =   0.30000eV
     Writing data to file  /home/ubuntu/projects/Graphene-Band-Structure-Quantum-Espresso/outputs/field_0/PBE-d3/top/data/ldos.pp.dat110

     Calling punch_plot, plot_num =   3

     Energy = -10.39240 eV, broadening =   0.30000eV
     Writing data to file  /home/ubuntu/projects/Graphene-Band-Structure-Quantum-Espresso/outputs/field_0/PBE-d3/top/data/ldos.pp.dat111

     Calling punch_plot, plot_num =   3

     Energy = -10.37240 eV, broadening =   0.30000eV
     Writing data to file  /home/ubuntu/projects/Graphene-Band-Structure-Quantum-Espresso/outputs/field_0/PBE-d3/top/data/ldos.pp.dat112

     Calling punch_plot, plot_num =   3

     Energy = -10.35240 eV, broadening =   0.30000eV
     Writing data to file  /home/ubuntu/projects/Graphene-Band-Structure-Quantum-Espresso/outputs/field_0/PBE-d3/top/data/ldos.pp.dat113

     Calling punch_plot, plot_num =   3

     Energy = -10.33240 eV, broadening =   0.30000eV
     Writing data to file  /home/ubuntu/projects/Graphene-Band-Structure-Quantum-Espresso/outputs/field_0/PBE-d3/top/data/ldos.pp.dat114

     Calling punch_plot, plot_num =   3

     Energy = -10.31240 eV, broadening =   0.30000eV
     Writing data to file  /home/ubuntu/projects/Graphene-Band-Structure-Quantum-Espresso/outputs/field_0/PBE-d3/top/data/ldos.pp.dat115

     Calling punch_plot, plot_num =   3

     Energy = -10.29240 eV, broadening =   0.30000eV
     Writing data to file  /home/ubuntu/projects/Graphene-Band-Structure-Quantum-Espresso/outputs/field_0/PBE-d3/top/data/ldos.pp.dat116

     Calling punch_plot, plot_num =   3

     Energy = -10.27240 eV, broadening =   0.30000eV
     Writing data to file  /home/ubuntu/projects/Graphene-Band-Structure-Quantum-Espresso/outputs/field_0/PBE-d3/top/data/ldos.pp.dat117

     Calling punch_plot, plot_num =   3

     Energy = -10.25240 eV, broadening =   0.30000eV
     Writing data to file  /home/ubuntu/projects/Graphene-Band-Structure-Quantum-Espresso/outputs/field_0/PBE-d3/top/data/ldos.pp.dat118

     Calling punch_plot, plot_num =   3

     Energy = -10.23240 eV, broadening =   0.30000eV
     Writing data to file  /home/ubuntu/projects/Graphene-Band-Structure-Quantum-Espresso/outputs/field_0/PBE-d3/top/data/ldos.pp.dat119

     Calling punch_plot, plot_num =   3

     Energy = -10.21240 eV, broadening =   0.30000eV
     Writing data to file  /home/ubuntu/projects/Graphene-Band-Structure-Quantum-Espresso/outputs/field_0/PBE-d3/top/data/ldos.pp.dat120

     Calling punch_plot, plot_num =   3

     Energy = -10.19240 eV, broadening =   0.30000eV
     Writing data to file  /home/ubuntu/projects/Graphene-Band-Structure-Quantum-Espresso/outputs/field_0/PBE-d3/top/data/ldos.pp.dat121

     Calling punch_plot, plot_num =   3

     Energy = -10.17240 eV, broadening =   0.30000eV
     Writing data to file  /home/ubuntu/projects/Graphene-Band-Structure-Quantum-Espresso/outputs/field_0/PBE-d3/top/data/ldos.pp.dat122

     Calling punch_plot, plot_num =   3

     Energy = -10.15240 eV, broadening =   0.30000eV
     Writing data to file  /home/ubuntu/projects/Graphene-Band-Structure-Quantum-Espresso/outputs/field_0/PBE-d3/top/data/ldos.pp.dat123

     Calling punch_plot, plot_num =   3

     Energy = -10.13240 eV, broadening =   0.30000eV
     Writing data to file  /home/ubuntu/projects/Graphene-Band-Structure-Quantum-Espresso/outputs/field_0/PBE-d3/top/data/ldos.pp.dat124

     Calling punch_plot, plot_num =   3

     Energy = -10.11240 eV, broadening =   0.30000eV
     Writing data to file  /home/ubuntu/projects/Graphene-Band-Structure-Quantum-Espresso/outputs/field_0/PBE-d3/top/data/ldos.pp.dat125

     Calling punch_plot, plot_num =   3

     Energy = -10.09240 eV, broadening =   0.30000eV
     Writing data to file  /home/ubuntu/projects/Graphene-Band-Structure-Quantum-Espresso/outputs/field_0/PBE-d3/top/data/ldos.pp.dat126

     Calling punch_plot, plot_num =   3

     Energy = -10.07240 eV, broadening =   0.30000eV
     Writing data to file  /home/ubuntu/projects/Graphene-Band-Structure-Quantum-Espresso/outputs/field_0/PBE-d3/top/data/ldos.pp.dat127

     Calling punch_plot, plot_num =   3

     Energy = -10.05240 eV, broadening =   0.30000eV
     Writing data to file  /home/ubuntu/projects/Graphene-Band-Structure-Quantum-Espresso/outputs/field_0/PBE-d3/top/data/ldos.pp.dat128

     Calling punch_plot, plot_num =   3

     Energy = -10.03240 eV, broadening =   0.30000eV
     Writing data to file  /home/ubuntu/projects/Graphene-Band-Structure-Quantum-Espresso/outputs/field_0/PBE-d3/top/data/ldos.pp.dat129

     Calling punch_plot, plot_num =   3

     Energy = -10.01240 eV, broadening =   0.30000eV
     Writing data to file  /home/ubuntu/projects/Graphene-Band-Structure-Quantum-Espresso/outputs/field_0/PBE-d3/top/data/ldos.pp.dat130

     Calling punch_plot, plot_num =   3

     Energy =  -9.99240 eV, broadening =   0.30000eV
     Writing data to file  /home/ubuntu/projects/Graphene-Band-Structure-Quantum-Espresso/outputs/field_0/PBE-d3/top/data/ldos.pp.dat131

     Calling punch_plot, plot_num =   3

     Energy =  -9.97240 eV, broadening =   0.30000eV
     Writing data to file  /home/ubuntu/projects/Graphene-Band-Structure-Quantum-Espresso/outputs/field_0/PBE-d3/top/data/ldos.pp.dat132

     Calling punch_plot, plot_num =   3

     Energy =  -9.95240 eV, broadening =   0.30000eV
     Writing data to file  /home/ubuntu/projects/Graphene-Band-Structure-Quantum-Espresso/outputs/field_0/PBE-d3/top/data/ldos.pp.dat133

     Calling punch_plot, plot_num =   3

     Energy =  -9.93240 eV, broadening =   0.30000eV
     Writing data to file  /home/ubuntu/projects/Graphene-Band-Structure-Quantum-Espresso/outputs/field_0/PBE-d3/top/data/ldos.pp.dat134

     Calling punch_plot, plot_num =   3

     Energy =  -9.91240 eV, broadening =   0.30000eV
     Writing data to file  /home/ubuntu/projects/Graphene-Band-Structure-Quantum-Espresso/outputs/field_0/PBE-d3/top/data/ldos.pp.dat135

     Calling punch_plot, plot_num =   3

     Energy =  -9.89240 eV, broadening =   0.30000eV
     Writing data to file  /home/ubuntu/projects/Graphene-Band-Structure-Quantum-Espresso/outputs/field_0/PBE-d3/top/data/ldos.pp.dat136

     Calling punch_plot, plot_num =   3

     Energy =  -9.87240 eV, broadening =   0.30000eV
     Writing data to file  /home/ubuntu/projects/Graphene-Band-Structure-Quantum-Espresso/outputs/field_0/PBE-d3/top/data/ldos.pp.dat137

     Calling punch_plot, plot_num =   3

     Energy =  -9.85240 eV, broadening =   0.30000eV
     Writing data to file  /home/ubuntu/projects/Graphene-Band-Structure-Quantum-Espresso/outputs/field_0/PBE-d3/top/data/ldos.pp.dat138

     Calling punch_plot, plot_num =   3

     Energy =  -9.83240 eV, broadening =   0.30000eV
     Writing data to file  /home/ubuntu/projects/Graphene-Band-Structure-Quantum-Espresso/outputs/field_0/PBE-d3/top/data/ldos.pp.dat139

     Calling punch_plot, plot_num =   3

     Energy =  -9.81240 eV, broadening =   0.30000eV
     Writing data to file  /home/ubuntu/projects/Graphene-Band-Structure-Quantum-Espresso/outputs/field_0/PBE-d3/top/data/ldos.pp.dat140

     Calling punch_plot, plot_num =   3

     Energy =  -9.79240 eV, broadening =   0.30000eV
     Writing data to file  /home/ubuntu/projects/Graphene-Band-Structure-Quantum-Espresso/outputs/field_0/PBE-d3/top/data/ldos.pp.dat141

     Calling punch_plot, plot_num =   3

     Energy =  -9.77240 eV, broadening =   0.30000eV
     Writing data to file  /home/ubuntu/projects/Graphene-Band-Structure-Quantum-Espresso/outputs/field_0/PBE-d3/top/data/ldos.pp.dat142

     Calling punch_plot, plot_num =   3

     Energy =  -9.75240 eV, broadening =   0.30000eV
     Writing data to file  /home/ubuntu/projects/Graphene-Band-Structure-Quantum-Espresso/outputs/field_0/PBE-d3/top/data/ldos.pp.dat143

     Calling punch_plot, plot_num =   3

     Energy =  -9.73240 eV, broadening =   0.30000eV
     Writing data to file  /home/ubuntu/projects/Graphene-Band-Structure-Quantum-Espresso/outputs/field_0/PBE-d3/top/data/ldos.pp.dat144

     Calling punch_plot, plot_num =   3

     Energy =  -9.71240 eV, broadening =   0.30000eV
     Writing data to file  /home/ubuntu/projects/Graphene-Band-Structure-Quantum-Espresso/outputs/field_0/PBE-d3/top/data/ldos.pp.dat145

     Calling punch_plot, plot_num =   3

     Energy =  -9.69240 eV, broadening =   0.30000eV
     Writing data to file  /home/ubuntu/projects/Graphene-Band-Structure-Quantum-Espresso/outputs/field_0/PBE-d3/top/data/ldos.pp.dat146

     Calling punch_plot, plot_num =   3

     Energy =  -9.67240 eV, broadening =   0.30000eV
     Writing data to file  /home/ubuntu/projects/Graphene-Band-Structure-Quantum-Espresso/outputs/field_0/PBE-d3/top/data/ldos.pp.dat147

     Calling punch_plot, plot_num =   3

     Energy =  -9.65240 eV, broadening =   0.30000eV
     Writing data to file  /home/ubuntu/projects/Graphene-Band-Structure-Quantum-Espresso/outputs/field_0/PBE-d3/top/data/ldos.pp.dat148

     Calling punch_plot, plot_num =   3

     Energy =  -9.63240 eV, broadening =   0.30000eV
     Writing data to file  /home/ubuntu/projects/Graphene-Band-Structure-Quantum-Espresso/outputs/field_0/PBE-d3/top/data/ldos.pp.dat149

     Calling punch_plot, plot_num =   3

     Energy =  -9.61240 eV, broadening =   0.30000eV
     Writing data to file  /home/ubuntu/projects/Graphene-Band-Structure-Quantum-Espresso/outputs/field_0/PBE-d3/top/data/ldos.pp.dat150

     Calling punch_plot, plot_num =   3

     Energy =  -9.59240 eV, broadening =   0.30000eV
     Writing data to file  /home/ubuntu/projects/Graphene-Band-Structure-Quantum-Espresso/outputs/field_0/PBE-d3/top/data/ldos.pp.dat151

     Calling punch_plot, plot_num =   3

     Energy =  -9.57240 eV, broadening =   0.30000eV
     Writing data to file  /home/ubuntu/projects/Graphene-Band-Structure-Quantum-Espresso/outputs/field_0/PBE-d3/top/data/ldos.pp.dat152

     Calling punch_plot, plot_num =   3

     Energy =  -9.55240 eV, broadening =   0.30000eV
     Writing data to file  /home/ubuntu/projects/Graphene-Band-Structure-Quantum-Espresso/outputs/field_0/PBE-d3/top/data/ldos.pp.dat153

     Calling punch_plot, plot_num =   3

     Energy =  -9.53240 eV, broadening =   0.30000eV
     Writing data to file  /home/ubuntu/projects/Graphene-Band-Structure-Quantum-Espresso/outputs/field_0/PBE-d3/top/data/ldos.pp.dat154

     Calling punch_plot, plot_num =   3

     Energy =  -9.51240 eV, broadening =   0.30000eV
     Writing data to file  /home/ubuntu/projects/Graphene-Band-Structure-Quantum-Espresso/outputs/field_0/PBE-d3/top/data/ldos.pp.dat155

     Calling punch_plot, plot_num =   3

     Energy =  -9.49240 eV, broadening =   0.30000eV
     Writing data to file  /home/ubuntu/projects/Graphene-Band-Structure-Quantum-Espresso/outputs/field_0/PBE-d3/top/data/ldos.pp.dat156

     Calling punch_plot, plot_num =   3

     Energy =  -9.47240 eV, broadening =   0.30000eV
     Writing data to file  /home/ubuntu/projects/Graphene-Band-Structure-Quantum-Espresso/outputs/field_0/PBE-d3/top/data/ldos.pp.dat157

     Calling punch_plot, plot_num =   3

     Energy =  -9.45240 eV, broadening =   0.30000eV
     Writing data to file  /home/ubuntu/projects/Graphene-Band-Structure-Quantum-Espresso/outputs/field_0/PBE-d3/top/data/ldos.pp.dat158

     Calling punch_plot, plot_num =   3

     Energy =  -9.43240 eV, broadening =   0.30000eV
     Writing data to file  /home/ubuntu/projects/Graphene-Band-Structure-Quantum-Espresso/outputs/field_0/PBE-d3/top/data/ldos.pp.dat159

     Calling punch_plot, plot_num =   3

     Energy =  -9.41240 eV, broadening =   0.30000eV
     Writing data to file  /home/ubuntu/projects/Graphene-Band-Structure-Quantum-Espresso/outputs/field_0/PBE-d3/top/data/ldos.pp.dat160

     Calling punch_plot, plot_num =   3

     Energy =  -9.39240 eV, broadening =   0.30000eV
     Writing data to file  /home/ubuntu/projects/Graphene-Band-Structure-Quantum-Espresso/outputs/field_0/PBE-d3/top/data/ldos.pp.dat161

     Calling punch_plot, plot_num =   3

     Energy =  -9.37240 eV, broadening =   0.30000eV
     Writing data to file  /home/ubuntu/projects/Graphene-Band-Structure-Quantum-Espresso/outputs/field_0/PBE-d3/top/data/ldos.pp.dat162

     Calling punch_plot, plot_num =   3

     Energy =  -9.35240 eV, broadening =   0.30000eV
     Writing data to file  /home/ubuntu/projects/Graphene-Band-Structure-Quantum-Espresso/outputs/field_0/PBE-d3/top/data/ldos.pp.dat163

     Calling punch_plot, plot_num =   3

     Energy =  -9.33240 eV, broadening =   0.30000eV
     Writing data to file  /home/ubuntu/projects/Graphene-Band-Structure-Quantum-Espresso/outputs/field_0/PBE-d3/top/data/ldos.pp.dat164

     Calling punch_plot, plot_num =   3

     Energy =  -9.31240 eV, broadening =   0.30000eV
     Writing data to file  /home/ubuntu/projects/Graphene-Band-Structure-Quantum-Espresso/outputs/field_0/PBE-d3/top/data/ldos.pp.dat165

     Calling punch_plot, plot_num =   3

     Energy =  -9.29240 eV, broadening =   0.30000eV
     Writing data to file  /home/ubuntu/projects/Graphene-Band-Structure-Quantum-Espresso/outputs/field_0/PBE-d3/top/data/ldos.pp.dat166

     Calling punch_plot, plot_num =   3

     Energy =  -9.27240 eV, broadening =   0.30000eV
     Writing data to file  /home/ubuntu/projects/Graphene-Band-Structure-Quantum-Espresso/outputs/field_0/PBE-d3/top/data/ldos.pp.dat167

     Calling punch_plot, plot_num =   3

     Energy =  -9.25240 eV, broadening =   0.30000eV
     Writing data to file  /home/ubuntu/projects/Graphene-Band-Structure-Quantum-Espresso/outputs/field_0/PBE-d3/top/data/ldos.pp.dat168

     Calling punch_plot, plot_num =   3

     Energy =  -9.23240 eV, broadening =   0.30000eV
     Writing data to file  /home/ubuntu/projects/Graphene-Band-Structure-Quantum-Espresso/outputs/field_0/PBE-d3/top/data/ldos.pp.dat169

     Calling punch_plot, plot_num =   3

     Energy =  -9.21240 eV, broadening =   0.30000eV
     Writing data to file  /home/ubuntu/projects/Graphene-Band-Structure-Quantum-Espresso/outputs/field_0/PBE-d3/top/data/ldos.pp.dat170

     Calling punch_plot, plot_num =   3

     Energy =  -9.19240 eV, broadening =   0.30000eV
     Writing data to file  /home/ubuntu/projects/Graphene-Band-Structure-Quantum-Espresso/outputs/field_0/PBE-d3/top/data/ldos.pp.dat171

     Calling punch_plot, plot_num =   3

     Energy =  -9.17240 eV, broadening =   0.30000eV
     Writing data to file  /home/ubuntu/projects/Graphene-Band-Structure-Quantum-Espresso/outputs/field_0/PBE-d3/top/data/ldos.pp.dat172

     Calling punch_plot, plot_num =   3

     Energy =  -9.15240 eV, broadening =   0.30000eV
     Writing data to file  /home/ubuntu/projects/Graphene-Band-Structure-Quantum-Espresso/outputs/field_0/PBE-d3/top/data/ldos.pp.dat173

     Calling punch_plot, plot_num =   3

     Energy =  -9.13240 eV, broadening =   0.30000eV
     Writing data to file  /home/ubuntu/projects/Graphene-Band-Structure-Quantum-Espresso/outputs/field_0/PBE-d3/top/data/ldos.pp.dat174

     Calling punch_plot, plot_num =   3

     Energy =  -9.11240 eV, broadening =   0.30000eV
     Writing data to file  /home/ubuntu/projects/Graphene-Band-Structure-Quantum-Espresso/outputs/field_0/PBE-d3/top/data/ldos.pp.dat175

     Calling punch_plot, plot_num =   3

     Energy =  -9.09240 eV, broadening =   0.30000eV
     Writing data to file  /home/ubuntu/projects/Graphene-Band-Structure-Quantum-Espresso/outputs/field_0/PBE-d3/top/data/ldos.pp.dat176

     Calling punch_plot, plot_num =   3

     Energy =  -9.07240 eV, broadening =   0.30000eV
     Writing data to file  /home/ubuntu/projects/Graphene-Band-Structure-Quantum-Espresso/outputs/field_0/PBE-d3/top/data/ldos.pp.dat177

     Calling punch_plot, plot_num =   3

     Energy =  -9.05240 eV, broadening =   0.30000eV
     Writing data to file  /home/ubuntu/projects/Graphene-Band-Structure-Quantum-Espresso/outputs/field_0/PBE-d3/top/data/ldos.pp.dat178

     Calling punch_plot, plot_num =   3

     Energy =  -9.03240 eV, broadening =   0.30000eV
     Writing data to file  /home/ubuntu/projects/Graphene-Band-Structure-Quantum-Espresso/outputs/field_0/PBE-d3/top/data/ldos.pp.dat179

     Calling punch_plot, plot_num =   3

     Energy =  -9.01240 eV, broadening =   0.30000eV
     Writing data to file  /home/ubuntu/projects/Graphene-Band-Structure-Quantum-Espresso/outputs/field_0/PBE-d3/top/data/ldos.pp.dat180

     Calling punch_plot, plot_num =   3

     Energy =  -8.99240 eV, broadening =   0.30000eV
     Writing data to file  /home/ubuntu/projects/Graphene-Band-Structure-Quantum-Espresso/outputs/field_0/PBE-d3/top/data/ldos.pp.dat181

     Calling punch_plot, plot_num =   3

     Energy =  -8.97240 eV, broadening =   0.30000eV
     Writing data to file  /home/ubuntu/projects/Graphene-Band-Structure-Quantum-Espresso/outputs/field_0/PBE-d3/top/data/ldos.pp.dat182

     Calling punch_plot, plot_num =   3

     Energy =  -8.95240 eV, broadening =   0.30000eV
     Writing data to file  /home/ubuntu/projects/Graphene-Band-Structure-Quantum-Espresso/outputs/field_0/PBE-d3/top/data/ldos.pp.dat183

     Calling punch_plot, plot_num =   3

     Energy =  -8.93240 eV, broadening =   0.30000eV
     Writing data to file  /home/ubuntu/projects/Graphene-Band-Structure-Quantum-Espresso/outputs/field_0/PBE-d3/top/data/ldos.pp.dat184

     Calling punch_plot, plot_num =   3

     Energy =  -8.91240 eV, broadening =   0.30000eV
     Writing data to file  /home/ubuntu/projects/Graphene-Band-Structure-Quantum-Espresso/outputs/field_0/PBE-d3/top/data/ldos.pp.dat185

     Calling punch_plot, plot_num =   3

     Energy =  -8.89240 eV, broadening =   0.30000eV
     Writing data to file  /home/ubuntu/projects/Graphene-Band-Structure-Quantum-Espresso/outputs/field_0/PBE-d3/top/data/ldos.pp.dat186

     Calling punch_plot, plot_num =   3

     Energy =  -8.87240 eV, broadening =   0.30000eV
     Writing data to file  /home/ubuntu/projects/Graphene-Band-Structure-Quantum-Espresso/outputs/field_0/PBE-d3/top/data/ldos.pp.dat187

     Calling punch_plot, plot_num =   3

     Energy =  -8.85240 eV, broadening =   0.30000eV
     Writing data to file  /home/ubuntu/projects/Graphene-Band-Structure-Quantum-Espresso/outputs/field_0/PBE-d3/top/data/ldos.pp.dat188

     Calling punch_plot, plot_num =   3

     Energy =  -8.83240 eV, broadening =   0.30000eV
     Writing data to file  /home/ubuntu/projects/Graphene-Band-Structure-Quantum-Espresso/outputs/field_0/PBE-d3/top/data/ldos.pp.dat189

     Calling punch_plot, plot_num =   3

     Energy =  -8.81240 eV, broadening =   0.30000eV
     Writing data to file  /home/ubuntu/projects/Graphene-Band-Structure-Quantum-Espresso/outputs/field_0/PBE-d3/top/data/ldos.pp.dat190

     Calling punch_plot, plot_num =   3

     Energy =  -8.79240 eV, broadening =   0.30000eV
     Writing data to file  /home/ubuntu/projects/Graphene-Band-Structure-Quantum-Espresso/outputs/field_0/PBE-d3/top/data/ldos.pp.dat191

     Calling punch_plot, plot_num =   3

     Energy =  -8.77240 eV, broadening =   0.30000eV
     Writing data to file  /home/ubuntu/projects/Graphene-Band-Structure-Quantum-Espresso/outputs/field_0/PBE-d3/top/data/ldos.pp.dat192

     Calling punch_plot, plot_num =   3

     Energy =  -8.75240 eV, broadening =   0.30000eV
     Writing data to file  /home/ubuntu/projects/Graphene-Band-Structure-Quantum-Espresso/outputs/field_0/PBE-d3/top/data/ldos.pp.dat193

     Calling punch_plot, plot_num =   3

     Energy =  -8.73240 eV, broadening =   0.30000eV
     Writing data to file  /home/ubuntu/projects/Graphene-Band-Structure-Quantum-Espresso/outputs/field_0/PBE-d3/top/data/ldos.pp.dat194

     Calling punch_plot, plot_num =   3

     Energy =  -8.71240 eV, broadening =   0.30000eV
     Writing data to file  /home/ubuntu/projects/Graphene-Band-Structure-Quantum-Espresso/outputs/field_0/PBE-d3/top/data/ldos.pp.dat195

     Calling punch_plot, plot_num =   3

     Energy =  -8.69240 eV, broadening =   0.30000eV
     Writing data to file  /home/ubuntu/projects/Graphene-Band-Structure-Quantum-Espresso/outputs/field_0/PBE-d3/top/data/ldos.pp.dat196

     Calling punch_plot, plot_num =   3

     Energy =  -8.67240 eV, broadening =   0.30000eV
     Writing data to file  /home/ubuntu/projects/Graphene-Band-Structure-Quantum-Espresso/outputs/field_0/PBE-d3/top/data/ldos.pp.dat197

     Calling punch_plot, plot_num =   3

     Energy =  -8.65240 eV, broadening =   0.30000eV
     Writing data to file  /home/ubuntu/projects/Graphene-Band-Structure-Quantum-Espresso/outputs/field_0/PBE-d3/top/data/ldos.pp.dat198

     Calling punch_plot, plot_num =   3

     Energy =  -8.63240 eV, broadening =   0.30000eV
     Writing data to file  /home/ubuntu/projects/Graphene-Band-Structure-Quantum-Espresso/outputs/field_0/PBE-d3/top/data/ldos.pp.dat199

     Calling punch_plot, plot_num =   3

     Energy =  -8.61240 eV, broadening =   0.30000eV
     Writing data to file  /home/ubuntu/projects/Graphene-Band-Structure-Quantum-Espresso/outputs/field_0/PBE-d3/top/data/ldos.pp.dat200

     Calling punch_plot, plot_num =   3

     Energy =  -8.59240 eV, broadening =   0.30000eV
     Writing data to file  /home/ubuntu/projects/Graphene-Band-Structure-Quantum-Espresso/outputs/field_0/PBE-d3/top/data/ldos.pp.dat201

     Calling punch_plot, plot_num =   3

     Energy =  -8.57240 eV, broadening =   0.30000eV
     Writing data to file  /home/ubuntu/projects/Graphene-Band-Structure-Quantum-Espresso/outputs/field_0/PBE-d3/top/data/ldos.pp.dat202

     Calling punch_plot, plot_num =   3

     Energy =  -8.55240 eV, broadening =   0.30000eV
     Writing data to file  /home/ubuntu/projects/Graphene-Band-Structure-Quantum-Espresso/outputs/field_0/PBE-d3/top/data/ldos.pp.dat203

     Calling punch_plot, plot_num =   3

     Energy =  -8.53240 eV, broadening =   0.30000eV
     Writing data to file  /home/ubuntu/projects/Graphene-Band-Structure-Quantum-Espresso/outputs/field_0/PBE-d3/top/data/ldos.pp.dat204

     Calling punch_plot, plot_num =   3

     Energy =  -8.51240 eV, broadening =   0.30000eV
     Writing data to file  /home/ubuntu/projects/Graphene-Band-Structure-Quantum-Espresso/outputs/field_0/PBE-d3/top/data/ldos.pp.dat205

     Calling punch_plot, plot_num =   3

     Energy =  -8.49240 eV, broadening =   0.30000eV
     Writing data to file  /home/ubuntu/projects/Graphene-Band-Structure-Quantum-Espresso/outputs/field_0/PBE-d3/top/data/ldos.pp.dat206

     Calling punch_plot, plot_num =   3

     Energy =  -8.47240 eV, broadening =   0.30000eV
     Writing data to file  /home/ubuntu/projects/Graphene-Band-Structure-Quantum-Espresso/outputs/field_0/PBE-d3/top/data/ldos.pp.dat207

     Calling punch_plot, plot_num =   3

     Energy =  -8.45240 eV, broadening =   0.30000eV
     Writing data to file  /home/ubuntu/projects/Graphene-Band-Structure-Quantum-Espresso/outputs/field_0/PBE-d3/top/data/ldos.pp.dat208

     Calling punch_plot, plot_num =   3

     Energy =  -8.43240 eV, broadening =   0.30000eV
     Writing data to file  /home/ubuntu/projects/Graphene-Band-Structure-Quantum-Espresso/outputs/field_0/PBE-d3/top/data/ldos.pp.dat209

     Calling punch_plot, plot_num =   3

     Energy =  -8.41240 eV, broadening =   0.30000eV
     Writing data to file  /home/ubuntu/projects/Graphene-Band-Structure-Quantum-Espresso/outputs/field_0/PBE-d3/top/data/ldos.pp.dat210

     Calling punch_plot, plot_num =   3

     Energy =  -8.39240 eV, broadening =   0.30000eV
     Writing data to file  /home/ubuntu/projects/Graphene-Band-Structure-Quantum-Espresso/outputs/field_0/PBE-d3/top/data/ldos.pp.dat211

     Calling punch_plot, plot_num =   3

     Energy =  -8.37240 eV, broadening =   0.30000eV
     Writing data to file  /home/ubuntu/projects/Graphene-Band-Structure-Quantum-Espresso/outputs/field_0/PBE-d3/top/data/ldos.pp.dat212

     Calling punch_plot, plot_num =   3

     Energy =  -8.35240 eV, broadening =   0.30000eV
     Writing data to file  /home/ubuntu/projects/Graphene-Band-Structure-Quantum-Espresso/outputs/field_0/PBE-d3/top/data/ldos.pp.dat213

     Calling punch_plot, plot_num =   3

     Energy =  -8.33240 eV, broadening =   0.30000eV
     Writing data to file  /home/ubuntu/projects/Graphene-Band-Structure-Quantum-Espresso/outputs/field_0/PBE-d3/top/data/ldos.pp.dat214

     Calling punch_plot, plot_num =   3

     Energy =  -8.31240 eV, broadening =   0.30000eV
     Writing data to file  /home/ubuntu/projects/Graphene-Band-Structure-Quantum-Espresso/outputs/field_0/PBE-d3/top/data/ldos.pp.dat215

     Calling punch_plot, plot_num =   3

     Energy =  -8.29240 eV, broadening =   0.30000eV
     Writing data to file  /home/ubuntu/projects/Graphene-Band-Structure-Quantum-Espresso/outputs/field_0/PBE-d3/top/data/ldos.pp.dat216

     Calling punch_plot, plot_num =   3

     Energy =  -8.27240 eV, broadening =   0.30000eV
     Writing data to file  /home/ubuntu/projects/Graphene-Band-Structure-Quantum-Espresso/outputs/field_0/PBE-d3/top/data/ldos.pp.dat217

     Calling punch_plot, plot_num =   3

     Energy =  -8.25240 eV, broadening =   0.30000eV
     Writing data to file  /home/ubuntu/projects/Graphene-Band-Structure-Quantum-Espresso/outputs/field_0/PBE-d3/top/data/ldos.pp.dat218

     Calling punch_plot, plot_num =   3

     Energy =  -8.23240 eV, broadening =   0.30000eV
     Writing data to file  /home/ubuntu/projects/Graphene-Band-Structure-Quantum-Espresso/outputs/field_0/PBE-d3/top/data/ldos.pp.dat219

     Calling punch_plot, plot_num =   3

     Energy =  -8.21240 eV, broadening =   0.30000eV
     Writing data to file  /home/ubuntu/projects/Graphene-Band-Structure-Quantum-Espresso/outputs/field_0/PBE-d3/top/data/ldos.pp.dat220

     Calling punch_plot, plot_num =   3

     Energy =  -8.19240 eV, broadening =   0.30000eV
     Writing data to file  /home/ubuntu/projects/Graphene-Band-Structure-Quantum-Espresso/outputs/field_0/PBE-d3/top/data/ldos.pp.dat221

     Calling punch_plot, plot_num =   3

     Energy =  -8.17240 eV, broadening =   0.30000eV
     Writing data to file  /home/ubuntu/projects/Graphene-Band-Structure-Quantum-Espresso/outputs/field_0/PBE-d3/top/data/ldos.pp.dat222

     Calling punch_plot, plot_num =   3

     Energy =  -8.15240 eV, broadening =   0.30000eV
     Writing data to file  /home/ubuntu/projects/Graphene-Band-Structure-Quantum-Espresso/outputs/field_0/PBE-d3/top/data/ldos.pp.dat223

     Calling punch_plot, plot_num =   3

     Energy =  -8.13240 eV, broadening =   0.30000eV
     Writing data to file  /home/ubuntu/projects/Graphene-Band-Structure-Quantum-Espresso/outputs/field_0/PBE-d3/top/data/ldos.pp.dat224

     Calling punch_plot, plot_num =   3

     Energy =  -8.11240 eV, broadening =   0.30000eV
     Writing data to file  /home/ubuntu/projects/Graphene-Band-Structure-Quantum-Espresso/outputs/field_0/PBE-d3/top/data/ldos.pp.dat225

     Calling punch_plot, plot_num =   3

     Energy =  -8.09240 eV, broadening =   0.30000eV
     Writing data to file  /home/ubuntu/projects/Graphene-Band-Structure-Quantum-Espresso/outputs/field_0/PBE-d3/top/data/ldos.pp.dat226

     Calling punch_plot, plot_num =   3

     Energy =  -8.07240 eV, broadening =   0.30000eV
     Writing data to file  /home/ubuntu/projects/Graphene-Band-Structure-Quantum-Espresso/outputs/field_0/PBE-d3/top/data/ldos.pp.dat227

     Calling punch_plot, plot_num =   3

     Energy =  -8.05240 eV, broadening =   0.30000eV
     Writing data to file  /home/ubuntu/projects/Graphene-Band-Structure-Quantum-Espresso/outputs/field_0/PBE-d3/top/data/ldos.pp.dat228

     Calling punch_plot, plot_num =   3

     Energy =  -8.03240 eV, broadening =   0.30000eV
     Writing data to file  /home/ubuntu/projects/Graphene-Band-Structure-Quantum-Espresso/outputs/field_0/PBE-d3/top/data/ldos.pp.dat229

     Calling punch_plot, plot_num =   3

     Energy =  -8.01240 eV, broadening =   0.30000eV
     Writing data to file  /home/ubuntu/projects/Graphene-Band-Structure-Quantum-Espresso/outputs/field_0/PBE-d3/top/data/ldos.pp.dat230

     Calling punch_plot, plot_num =   3

     Energy =  -7.99240 eV, broadening =   0.30000eV
     Writing data to file  /home/ubuntu/projects/Graphene-Band-Structure-Quantum-Espresso/outputs/field_0/PBE-d3/top/data/ldos.pp.dat231

     Calling punch_plot, plot_num =   3

     Energy =  -7.97240 eV, broadening =   0.30000eV
     Writing data to file  /home/ubuntu/projects/Graphene-Band-Structure-Quantum-Espresso/outputs/field_0/PBE-d3/top/data/ldos.pp.dat232

     Calling punch_plot, plot_num =   3

     Energy =  -7.95240 eV, broadening =   0.30000eV
     Writing data to file  /home/ubuntu/projects/Graphene-Band-Structure-Quantum-Espresso/outputs/field_0/PBE-d3/top/data/ldos.pp.dat233

     Calling punch_plot, plot_num =   3

     Energy =  -7.93240 eV, broadening =   0.30000eV
     Writing data to file  /home/ubuntu/projects/Graphene-Band-Structure-Quantum-Espresso/outputs/field_0/PBE-d3/top/data/ldos.pp.dat234

     Calling punch_plot, plot_num =   3

     Energy =  -7.91240 eV, broadening =   0.30000eV
     Writing data to file  /home/ubuntu/projects/Graphene-Band-Structure-Quantum-Espresso/outputs/field_0/PBE-d3/top/data/ldos.pp.dat235

     Calling punch_plot, plot_num =   3

     Energy =  -7.89240 eV, broadening =   0.30000eV
     Writing data to file  /home/ubuntu/projects/Graphene-Band-Structure-Quantum-Espresso/outputs/field_0/PBE-d3/top/data/ldos.pp.dat236

     Calling punch_plot, plot_num =   3

     Energy =  -7.87240 eV, broadening =   0.30000eV
     Writing data to file  /home/ubuntu/projects/Graphene-Band-Structure-Quantum-Espresso/outputs/field_0/PBE-d3/top/data/ldos.pp.dat237

     Calling punch_plot, plot_num =   3

     Energy =  -7.85240 eV, broadening =   0.30000eV
     Writing data to file  /home/ubuntu/projects/Graphene-Band-Structure-Quantum-Espresso/outputs/field_0/PBE-d3/top/data/ldos.pp.dat238

     Calling punch_plot, plot_num =   3

     Energy =  -7.83240 eV, broadening =   0.30000eV
     Writing data to file  /home/ubuntu/projects/Graphene-Band-Structure-Quantum-Espresso/outputs/field_0/PBE-d3/top/data/ldos.pp.dat239

     Calling punch_plot, plot_num =   3

     Energy =  -7.81240 eV, broadening =   0.30000eV
     Writing data to file  /home/ubuntu/projects/Graphene-Band-Structure-Quantum-Espresso/outputs/field_0/PBE-d3/top/data/ldos.pp.dat240

     Calling punch_plot, plot_num =   3

     Energy =  -7.79240 eV, broadening =   0.30000eV
     Writing data to file  /home/ubuntu/projects/Graphene-Band-Structure-Quantum-Espresso/outputs/field_0/PBE-d3/top/data/ldos.pp.dat241

     Calling punch_plot, plot_num =   3

     Energy =  -7.77240 eV, broadening =   0.30000eV
     Writing data to file  /home/ubuntu/projects/Graphene-Band-Structure-Quantum-Espresso/outputs/field_0/PBE-d3/top/data/ldos.pp.dat242

     Calling punch_plot, plot_num =   3

     Energy =  -7.75240 eV, broadening =   0.30000eV
     Writing data to file  /home/ubuntu/projects/Graphene-Band-Structure-Quantum-Espresso/outputs/field_0/PBE-d3/top/data/ldos.pp.dat243

     Calling punch_plot, plot_num =   3

     Energy =  -7.73240 eV, broadening =   0.30000eV
     Writing data to file  /home/ubuntu/projects/Graphene-Band-Structure-Quantum-Espresso/outputs/field_0/PBE-d3/top/data/ldos.pp.dat244

     Calling punch_plot, plot_num =   3

     Energy =  -7.71240 eV, broadening =   0.30000eV
     Writing data to file  /home/ubuntu/projects/Graphene-Band-Structure-Quantum-Espresso/outputs/field_0/PBE-d3/top/data/ldos.pp.dat245

     Calling punch_plot, plot_num =   3

     Energy =  -7.69240 eV, broadening =   0.30000eV
     Writing data to file  /home/ubuntu/projects/Graphene-Band-Structure-Quantum-Espresso/outputs/field_0/PBE-d3/top/data/ldos.pp.dat246

     Calling punch_plot, plot_num =   3

     Energy =  -7.67240 eV, broadening =   0.30000eV
     Writing data to file  /home/ubuntu/projects/Graphene-Band-Structure-Quantum-Espresso/outputs/field_0/PBE-d3/top/data/ldos.pp.dat247

     Calling punch_plot, plot_num =   3

     Energy =  -7.65240 eV, broadening =   0.30000eV
     Writing data to file  /home/ubuntu/projects/Graphene-Band-Structure-Quantum-Espresso/outputs/field_0/PBE-d3/top/data/ldos.pp.dat248

     Calling punch_plot, plot_num =   3

     Energy =  -7.63240 eV, broadening =   0.30000eV
     Writing data to file  /home/ubuntu/projects/Graphene-Band-Structure-Quantum-Espresso/outputs/field_0/PBE-d3/top/data/ldos.pp.dat249

     Calling punch_plot, plot_num =   3

     Energy =  -7.61240 eV, broadening =   0.30000eV
     Writing data to file  /home/ubuntu/projects/Graphene-Band-Structure-Quantum-Espresso/outputs/field_0/PBE-d3/top/data/ldos.pp.dat250

     Calling punch_plot, plot_num =   3

     Energy =  -7.59240 eV, broadening =   0.30000eV
     Writing data to file  /home/ubuntu/projects/Graphene-Band-Structure-Quantum-Espresso/outputs/field_0/PBE-d3/top/data/ldos.pp.dat251

     Calling punch_plot, plot_num =   3

     Energy =  -7.57240 eV, broadening =   0.30000eV
     Writing data to file  /home/ubuntu/projects/Graphene-Band-Structure-Quantum-Espresso/outputs/field_0/PBE-d3/top/data/ldos.pp.dat252

     Calling punch_plot, plot_num =   3

     Energy =  -7.55240 eV, broadening =   0.30000eV
     Writing data to file  /home/ubuntu/projects/Graphene-Band-Structure-Quantum-Espresso/outputs/field_0/PBE-d3/top/data/ldos.pp.dat253

     Calling punch_plot, plot_num =   3

     Energy =  -7.53240 eV, broadening =   0.30000eV
     Writing data to file  /home/ubuntu/projects/Graphene-Band-Structure-Quantum-Espresso/outputs/field_0/PBE-d3/top/data/ldos.pp.dat254

     Calling punch_plot, plot_num =   3

     Energy =  -7.51240 eV, broadening =   0.30000eV
     Writing data to file  /home/ubuntu/projects/Graphene-Band-Structure-Quantum-Espresso/outputs/field_0/PBE-d3/top/data/ldos.pp.dat255

     Calling punch_plot, plot_num =   3

     Energy =  -7.49240 eV, broadening =   0.30000eV
     Writing data to file  /home/ubuntu/projects/Graphene-Band-Structure-Quantum-Espresso/outputs/field_0/PBE-d3/top/data/ldos.pp.dat256

     Calling punch_plot, plot_num =   3

     Energy =  -7.47240 eV, broadening =   0.30000eV
     Writing data to file  /home/ubuntu/projects/Graphene-Band-Structure-Quantum-Espresso/outputs/field_0/PBE-d3/top/data/ldos.pp.dat257

     Calling punch_plot, plot_num =   3

     Energy =  -7.45240 eV, broadening =   0.30000eV
     Writing data to file  /home/ubuntu/projects/Graphene-Band-Structure-Quantum-Espresso/outputs/field_0/PBE-d3/top/data/ldos.pp.dat258

     Calling punch_plot, plot_num =   3

     Energy =  -7.43240 eV, broadening =   0.30000eV
     Writing data to file  /home/ubuntu/projects/Graphene-Band-Structure-Quantum-Espresso/outputs/field_0/PBE-d3/top/data/ldos.pp.dat259

     Calling punch_plot, plot_num =   3

     Energy =  -7.41240 eV, broadening =   0.30000eV
     Writing data to file  /home/ubuntu/projects/Graphene-Band-Structure-Quantum-Espresso/outputs/field_0/PBE-d3/top/data/ldos.pp.dat260

     Calling punch_plot, plot_num =   3

     Energy =  -7.39240 eV, broadening =   0.30000eV
     Writing data to file  /home/ubuntu/projects/Graphene-Band-Structure-Quantum-Espresso/outputs/field_0/PBE-d3/top/data/ldos.pp.dat261

     Calling punch_plot, plot_num =   3

     Energy =  -7.37240 eV, broadening =   0.30000eV
     Writing data to file  /home/ubuntu/projects/Graphene-Band-Structure-Quantum-Espresso/outputs/field_0/PBE-d3/top/data/ldos.pp.dat262

     Calling punch_plot, plot_num =   3

     Energy =  -7.35240 eV, broadening =   0.30000eV
     Writing data to file  /home/ubuntu/projects/Graphene-Band-Structure-Quantum-Espresso/outputs/field_0/PBE-d3/top/data/ldos.pp.dat263

     Calling punch_plot, plot_num =   3

     Energy =  -7.33240 eV, broadening =   0.30000eV
     Writing data to file  /home/ubuntu/projects/Graphene-Band-Structure-Quantum-Espresso/outputs/field_0/PBE-d3/top/data/ldos.pp.dat264

     Calling punch_plot, plot_num =   3

     Energy =  -7.31240 eV, broadening =   0.30000eV
     Writing data to file  /home/ubuntu/projects/Graphene-Band-Structure-Quantum-Espresso/outputs/field_0/PBE-d3/top/data/ldos.pp.dat265

     Calling punch_plot, plot_num =   3

     Energy =  -7.29240 eV, broadening =   0.30000eV
     Writing data to file  /home/ubuntu/projects/Graphene-Band-Structure-Quantum-Espresso/outputs/field_0/PBE-d3/top/data/ldos.pp.dat266

     Calling punch_plot, plot_num =   3

     Energy =  -7.27240 eV, broadening =   0.30000eV
     Writing data to file  /home/ubuntu/projects/Graphene-Band-Structure-Quantum-Espresso/outputs/field_0/PBE-d3/top/data/ldos.pp.dat267

     Calling punch_plot, plot_num =   3

     Energy =  -7.25240 eV, broadening =   0.30000eV
     Writing data to file  /home/ubuntu/projects/Graphene-Band-Structure-Quantum-Espresso/outputs/field_0/PBE-d3/top/data/ldos.pp.dat268

     Calling punch_plot, plot_num =   3

     Energy =  -7.23240 eV, broadening =   0.30000eV
     Writing data to file  /home/ubuntu/projects/Graphene-Band-Structure-Quantum-Espresso/outputs/field_0/PBE-d3/top/data/ldos.pp.dat269

     Calling punch_plot, plot_num =   3

     Energy =  -7.21240 eV, broadening =   0.30000eV
     Writing data to file  /home/ubuntu/projects/Graphene-Band-Structure-Quantum-Espresso/outputs/field_0/PBE-d3/top/data/ldos.pp.dat270

     Calling punch_plot, plot_num =   3

     Energy =  -7.19240 eV, broadening =   0.30000eV
     Writing data to file  /home/ubuntu/projects/Graphene-Band-Structure-Quantum-Espresso/outputs/field_0/PBE-d3/top/data/ldos.pp.dat271

     Calling punch_plot, plot_num =   3

     Energy =  -7.17240 eV, broadening =   0.30000eV
     Writing data to file  /home/ubuntu/projects/Graphene-Band-Structure-Quantum-Espresso/outputs/field_0/PBE-d3/top/data/ldos.pp.dat272

     Calling punch_plot, plot_num =   3

     Energy =  -7.15240 eV, broadening =   0.30000eV
     Writing data to file  /home/ubuntu/projects/Graphene-Band-Structure-Quantum-Espresso/outputs/field_0/PBE-d3/top/data/ldos.pp.dat273

     Calling punch_plot, plot_num =   3

     Energy =  -7.13240 eV, broadening =   0.30000eV
     Writing data to file  /home/ubuntu/projects/Graphene-Band-Structure-Quantum-Espresso/outputs/field_0/PBE-d3/top/data/ldos.pp.dat274

     Calling punch_plot, plot_num =   3

     Energy =  -7.11240 eV, broadening =   0.30000eV
     Writing data to file  /home/ubuntu/projects/Graphene-Band-Structure-Quantum-Espresso/outputs/field_0/PBE-d3/top/data/ldos.pp.dat275

     Calling punch_plot, plot_num =   3

     Energy =  -7.09240 eV, broadening =   0.30000eV
     Writing data to file  /home/ubuntu/projects/Graphene-Band-Structure-Quantum-Espresso/outputs/field_0/PBE-d3/top/data/ldos.pp.dat276

     Calling punch_plot, plot_num =   3

     Energy =  -7.07240 eV, broadening =   0.30000eV
     Writing data to file  /home/ubuntu/projects/Graphene-Band-Structure-Quantum-Espresso/outputs/field_0/PBE-d3/top/data/ldos.pp.dat277

     Calling punch_plot, plot_num =   3

     Energy =  -7.05240 eV, broadening =   0.30000eV
     Writing data to file  /home/ubuntu/projects/Graphene-Band-Structure-Quantum-Espresso/outputs/field_0/PBE-d3/top/data/ldos.pp.dat278

     Calling punch_plot, plot_num =   3

     Energy =  -7.03240 eV, broadening =   0.30000eV
     Writing data to file  /home/ubuntu/projects/Graphene-Band-Structure-Quantum-Espresso/outputs/field_0/PBE-d3/top/data/ldos.pp.dat279

     Calling punch_plot, plot_num =   3

     Energy =  -7.01240 eV, broadening =   0.30000eV
     Writing data to file  /home/ubuntu/projects/Graphene-Band-Structure-Quantum-Espresso/outputs/field_0/PBE-d3/top/data/ldos.pp.dat280

     Calling punch_plot, plot_num =   3

     Energy =  -6.99240 eV, broadening =   0.30000eV
     Writing data to file  /home/ubuntu/projects/Graphene-Band-Structure-Quantum-Espresso/outputs/field_0/PBE-d3/top/data/ldos.pp.dat281

     Calling punch_plot, plot_num =   3

     Energy =  -6.97240 eV, broadening =   0.30000eV
     Writing data to file  /home/ubuntu/projects/Graphene-Band-Structure-Quantum-Espresso/outputs/field_0/PBE-d3/top/data/ldos.pp.dat282

     Calling punch_plot, plot_num =   3

     Energy =  -6.95240 eV, broadening =   0.30000eV
     Writing data to file  /home/ubuntu/projects/Graphene-Band-Structure-Quantum-Espresso/outputs/field_0/PBE-d3/top/data/ldos.pp.dat283

     Calling punch_plot, plot_num =   3

     Energy =  -6.93240 eV, broadening =   0.30000eV
     Writing data to file  /home/ubuntu/projects/Graphene-Band-Structure-Quantum-Espresso/outputs/field_0/PBE-d3/top/data/ldos.pp.dat284

     Calling punch_plot, plot_num =   3

     Energy =  -6.91240 eV, broadening =   0.30000eV
     Writing data to file  /home/ubuntu/projects/Graphene-Band-Structure-Quantum-Espresso/outputs/field_0/PBE-d3/top/data/ldos.pp.dat285

     Calling punch_plot, plot_num =   3

     Energy =  -6.89240 eV, broadening =   0.30000eV
     Writing data to file  /home/ubuntu/projects/Graphene-Band-Structure-Quantum-Espresso/outputs/field_0/PBE-d3/top/data/ldos.pp.dat286

     Calling punch_plot, plot_num =   3

     Energy =  -6.87240 eV, broadening =   0.30000eV
     Writing data to file  /home/ubuntu/projects/Graphene-Band-Structure-Quantum-Espresso/outputs/field_0/PBE-d3/top/data/ldos.pp.dat287

     Calling punch_plot, plot_num =   3

     Energy =  -6.85240 eV, broadening =   0.30000eV
     Writing data to file  /home/ubuntu/projects/Graphene-Band-Structure-Quantum-Espresso/outputs/field_0/PBE-d3/top/data/ldos.pp.dat288

     Calling punch_plot, plot_num =   3

     Energy =  -6.83240 eV, broadening =   0.30000eV
     Writing data to file  /home/ubuntu/projects/Graphene-Band-Structure-Quantum-Espresso/outputs/field_0/PBE-d3/top/data/ldos.pp.dat289

     Calling punch_plot, plot_num =   3

     Energy =  -6.81240 eV, broadening =   0.30000eV
     Writing data to file  /home/ubuntu/projects/Graphene-Band-Structure-Quantum-Espresso/outputs/field_0/PBE-d3/top/data/ldos.pp.dat290

     Calling punch_plot, plot_num =   3

     Energy =  -6.79240 eV, broadening =   0.30000eV
     Writing data to file  /home/ubuntu/projects/Graphene-Band-Structure-Quantum-Espresso/outputs/field_0/PBE-d3/top/data/ldos.pp.dat291

     Calling punch_plot, plot_num =   3

     Energy =  -6.77240 eV, broadening =   0.30000eV
     Writing data to file  /home/ubuntu/projects/Graphene-Band-Structure-Quantum-Espresso/outputs/field_0/PBE-d3/top/data/ldos.pp.dat292

     Calling punch_plot, plot_num =   3

     Energy =  -6.75240 eV, broadening =   0.30000eV
     Writing data to file  /home/ubuntu/projects/Graphene-Band-Structure-Quantum-Espresso/outputs/field_0/PBE-d3/top/data/ldos.pp.dat293

     Calling punch_plot, plot_num =   3

     Energy =  -6.73240 eV, broadening =   0.30000eV
     Writing data to file  /home/ubuntu/projects/Graphene-Band-Structure-Quantum-Espresso/outputs/field_0/PBE-d3/top/data/ldos.pp.dat294

     Calling punch_plot, plot_num =   3

     Energy =  -6.71240 eV, broadening =   0.30000eV
     Writing data to file  /home/ubuntu/projects/Graphene-Band-Structure-Quantum-Espresso/outputs/field_0/PBE-d3/top/data/ldos.pp.dat295

     Calling punch_plot, plot_num =   3

     Energy =  -6.69240 eV, broadening =   0.30000eV
     Writing data to file  /home/ubuntu/projects/Graphene-Band-Structure-Quantum-Espresso/outputs/field_0/PBE-d3/top/data/ldos.pp.dat296

     Calling punch_plot, plot_num =   3

     Energy =  -6.67240 eV, broadening =   0.30000eV
     Writing data to file  /home/ubuntu/projects/Graphene-Band-Structure-Quantum-Espresso/outputs/field_0/PBE-d3/top/data/ldos.pp.dat297

     Calling punch_plot, plot_num =   3

     Energy =  -6.65240 eV, broadening =   0.30000eV
     Writing data to file  /home/ubuntu/projects/Graphene-Band-Structure-Quantum-Espresso/outputs/field_0/PBE-d3/top/data/ldos.pp.dat298

     Calling punch_plot, plot_num =   3

     Energy =  -6.63240 eV, broadening =   0.30000eV
     Writing data to file  /home/ubuntu/projects/Graphene-Band-Structure-Quantum-Espresso/outputs/field_0/PBE-d3/top/data/ldos.pp.dat299

     Calling punch_plot, plot_num =   3

     Energy =  -6.61240 eV, broadening =   0.30000eV
     Writing data to file  /home/ubuntu/projects/Graphene-Band-Structure-Quantum-Espresso/outputs/field_0/PBE-d3/top/data/ldos.pp.dat300

     Calling punch_plot, plot_num =   3

     Energy =  -6.59240 eV, broadening =   0.30000eV
     Writing data to file  /home/ubuntu/projects/Graphene-Band-Structure-Quantum-Espresso/outputs/field_0/PBE-d3/top/data/ldos.pp.dat301

     Calling punch_plot, plot_num =   3

     Energy =  -6.57240 eV, broadening =   0.30000eV
     Writing data to file  /home/ubuntu/projects/Graphene-Band-Structure-Quantum-Espresso/outputs/field_0/PBE-d3/top/data/ldos.pp.dat302

     Calling punch_plot, plot_num =   3

     Energy =  -6.55240 eV, broadening =   0.30000eV
     Writing data to file  /home/ubuntu/projects/Graphene-Band-Structure-Quantum-Espresso/outputs/field_0/PBE-d3/top/data/ldos.pp.dat303

     Calling punch_plot, plot_num =   3

     Energy =  -6.53240 eV, broadening =   0.30000eV
     Writing data to file  /home/ubuntu/projects/Graphene-Band-Structure-Quantum-Espresso/outputs/field_0/PBE-d3/top/data/ldos.pp.dat304

     Calling punch_plot, plot_num =   3

     Energy =  -6.51240 eV, broadening =   0.30000eV
     Writing data to file  /home/ubuntu/projects/Graphene-Band-Structure-Quantum-Espresso/outputs/field_0/PBE-d3/top/data/ldos.pp.dat305

     Calling punch_plot, plot_num =   3

     Energy =  -6.49240 eV, broadening =   0.30000eV
     Writing data to file  /home/ubuntu/projects/Graphene-Band-Structure-Quantum-Espresso/outputs/field_0/PBE-d3/top/data/ldos.pp.dat306

     Calling punch_plot, plot_num =   3

     Energy =  -6.47240 eV, broadening =   0.30000eV
     Writing data to file  /home/ubuntu/projects/Graphene-Band-Structure-Quantum-Espresso/outputs/field_0/PBE-d3/top/data/ldos.pp.dat307

     Calling punch_plot, plot_num =   3

     Energy =  -6.45240 eV, broadening =   0.30000eV
     Writing data to file  /home/ubuntu/projects/Graphene-Band-Structure-Quantum-Espresso/outputs/field_0/PBE-d3/top/data/ldos.pp.dat308

     Calling punch_plot, plot_num =   3

     Energy =  -6.43240 eV, broadening =   0.30000eV
     Writing data to file  /home/ubuntu/projects/Graphene-Band-Structure-Quantum-Espresso/outputs/field_0/PBE-d3/top/data/ldos.pp.dat309

     Calling punch_plot, plot_num =   3

     Energy =  -6.41240 eV, broadening =   0.30000eV
     Writing data to file  /home/ubuntu/projects/Graphene-Band-Structure-Quantum-Espresso/outputs/field_0/PBE-d3/top/data/ldos.pp.dat310

     Calling punch_plot, plot_num =   3

     Energy =  -6.39240 eV, broadening =   0.30000eV
     Writing data to file  /home/ubuntu/projects/Graphene-Band-Structure-Quantum-Espresso/outputs/field_0/PBE-d3/top/data/ldos.pp.dat311

     Calling punch_plot, plot_num =   3

     Energy =  -6.37240 eV, broadening =   0.30000eV
     Writing data to file  /home/ubuntu/projects/Graphene-Band-Structure-Quantum-Espresso/outputs/field_0/PBE-d3/top/data/ldos.pp.dat312

     Calling punch_plot, plot_num =   3

     Energy =  -6.35240 eV, broadening =   0.30000eV
     Writing data to file  /home/ubuntu/projects/Graphene-Band-Structure-Quantum-Espresso/outputs/field_0/PBE-d3/top/data/ldos.pp.dat313

     Calling punch_plot, plot_num =   3

     Energy =  -6.33240 eV, broadening =   0.30000eV
     Writing data to file  /home/ubuntu/projects/Graphene-Band-Structure-Quantum-Espresso/outputs/field_0/PBE-d3/top/data/ldos.pp.dat314

     Calling punch_plot, plot_num =   3

     Energy =  -6.31240 eV, broadening =   0.30000eV
     Writing data to file  /home/ubuntu/projects/Graphene-Band-Structure-Quantum-Espresso/outputs/field_0/PBE-d3/top/data/ldos.pp.dat315

     Calling punch_plot, plot_num =   3

     Energy =  -6.29240 eV, broadening =   0.30000eV
     Writing data to file  /home/ubuntu/projects/Graphene-Band-Structure-Quantum-Espresso/outputs/field_0/PBE-d3/top/data/ldos.pp.dat316

     Calling punch_plot, plot_num =   3

     Energy =  -6.27240 eV, broadening =   0.30000eV
     Writing data to file  /home/ubuntu/projects/Graphene-Band-Structure-Quantum-Espresso/outputs/field_0/PBE-d3/top/data/ldos.pp.dat317

     Calling punch_plot, plot_num =   3

     Energy =  -6.25240 eV, broadening =   0.30000eV
     Writing data to file  /home/ubuntu/projects/Graphene-Band-Structure-Quantum-Espresso/outputs/field_0/PBE-d3/top/data/ldos.pp.dat318

     Calling punch_plot, plot_num =   3

     Energy =  -6.23240 eV, broadening =   0.30000eV
     Writing data to file  /home/ubuntu/projects/Graphene-Band-Structure-Quantum-Espresso/outputs/field_0/PBE-d3/top/data/ldos.pp.dat319

     Calling punch_plot, plot_num =   3

     Energy =  -6.21240 eV, broadening =   0.30000eV
     Writing data to file  /home/ubuntu/projects/Graphene-Band-Structure-Quantum-Espresso/outputs/field_0/PBE-d3/top/data/ldos.pp.dat320

     Calling punch_plot, plot_num =   3

     Energy =  -6.19240 eV, broadening =   0.30000eV
     Writing data to file  /home/ubuntu/projects/Graphene-Band-Structure-Quantum-Espresso/outputs/field_0/PBE-d3/top/data/ldos.pp.dat321

     Calling punch_plot, plot_num =   3

     Energy =  -6.17240 eV, broadening =   0.30000eV
     Writing data to file  /home/ubuntu/projects/Graphene-Band-Structure-Quantum-Espresso/outputs/field_0/PBE-d3/top/data/ldos.pp.dat322

     Calling punch_plot, plot_num =   3

     Energy =  -6.15240 eV, broadening =   0.30000eV
     Writing data to file  /home/ubuntu/projects/Graphene-Band-Structure-Quantum-Espresso/outputs/field_0/PBE-d3/top/data/ldos.pp.dat323

     Calling punch_plot, plot_num =   3

     Energy =  -6.13240 eV, broadening =   0.30000eV
     Writing data to file  /home/ubuntu/projects/Graphene-Band-Structure-Quantum-Espresso/outputs/field_0/PBE-d3/top/data/ldos.pp.dat324

     Calling punch_plot, plot_num =   3

     Energy =  -6.11240 eV, broadening =   0.30000eV
     Writing data to file  /home/ubuntu/projects/Graphene-Band-Structure-Quantum-Espresso/outputs/field_0/PBE-d3/top/data/ldos.pp.dat325

     Calling punch_plot, plot_num =   3

     Energy =  -6.09240 eV, broadening =   0.30000eV
     Writing data to file  /home/ubuntu/projects/Graphene-Band-Structure-Quantum-Espresso/outputs/field_0/PBE-d3/top/data/ldos.pp.dat326

     Calling punch_plot, plot_num =   3

     Energy =  -6.07240 eV, broadening =   0.30000eV
     Writing data to file  /home/ubuntu/projects/Graphene-Band-Structure-Quantum-Espresso/outputs/field_0/PBE-d3/top/data/ldos.pp.dat327

     Calling punch_plot, plot_num =   3

     Energy =  -6.05240 eV, broadening =   0.30000eV
     Writing data to file  /home/ubuntu/projects/Graphene-Band-Structure-Quantum-Espresso/outputs/field_0/PBE-d3/top/data/ldos.pp.dat328

     Calling punch_plot, plot_num =   3

     Energy =  -6.03240 eV, broadening =   0.30000eV
     Writing data to file  /home/ubuntu/projects/Graphene-Band-Structure-Quantum-Espresso/outputs/field_0/PBE-d3/top/data/ldos.pp.dat329

     Calling punch_plot, plot_num =   3

     Energy =  -6.01240 eV, broadening =   0.30000eV
     Writing data to file  /home/ubuntu/projects/Graphene-Band-Structure-Quantum-Espresso/outputs/field_0/PBE-d3/top/data/ldos.pp.dat330

     Calling punch_plot, plot_num =   3

     Energy =  -5.99240 eV, broadening =   0.30000eV
     Writing data to file  /home/ubuntu/projects/Graphene-Band-Structure-Quantum-Espresso/outputs/field_0/PBE-d3/top/data/ldos.pp.dat331

     Calling punch_plot, plot_num =   3

     Energy =  -5.97240 eV, broadening =   0.30000eV
     Writing data to file  /home/ubuntu/projects/Graphene-Band-Structure-Quantum-Espresso/outputs/field_0/PBE-d3/top/data/ldos.pp.dat332

     Calling punch_plot, plot_num =   3

     Energy =  -5.95240 eV, broadening =   0.30000eV
     Writing data to file  /home/ubuntu/projects/Graphene-Band-Structure-Quantum-Espresso/outputs/field_0/PBE-d3/top/data/ldos.pp.dat333

     Calling punch_plot, plot_num =   3

     Energy =  -5.93240 eV, broadening =   0.30000eV
     Writing data to file  /home/ubuntu/projects/Graphene-Band-Structure-Quantum-Espresso/outputs/field_0/PBE-d3/top/data/ldos.pp.dat334

     Calling punch_plot, plot_num =   3

     Energy =  -5.91240 eV, broadening =   0.30000eV
     Writing data to file  /home/ubuntu/projects/Graphene-Band-Structure-Quantum-Espresso/outputs/field_0/PBE-d3/top/data/ldos.pp.dat335

     Calling punch_plot, plot_num =   3

     Energy =  -5.89240 eV, broadening =   0.30000eV
     Writing data to file  /home/ubuntu/projects/Graphene-Band-Structure-Quantum-Espresso/outputs/field_0/PBE-d3/top/data/ldos.pp.dat336

     Calling punch_plot, plot_num =   3

     Energy =  -5.87240 eV, broadening =   0.30000eV
     Writing data to file  /home/ubuntu/projects/Graphene-Band-Structure-Quantum-Espresso/outputs/field_0/PBE-d3/top/data/ldos.pp.dat337

     Calling punch_plot, plot_num =   3

     Energy =  -5.85240 eV, broadening =   0.30000eV
     Writing data to file  /home/ubuntu/projects/Graphene-Band-Structure-Quantum-Espresso/outputs/field_0/PBE-d3/top/data/ldos.pp.dat338

     Calling punch_plot, plot_num =   3

     Energy =  -5.83240 eV, broadening =   0.30000eV
     Writing data to file  /home/ubuntu/projects/Graphene-Band-Structure-Quantum-Espresso/outputs/field_0/PBE-d3/top/data/ldos.pp.dat339

     Calling punch_plot, plot_num =   3

     Energy =  -5.81240 eV, broadening =   0.30000eV
     Writing data to file  /home/ubuntu/projects/Graphene-Band-Structure-Quantum-Espresso/outputs/field_0/PBE-d3/top/data/ldos.pp.dat340

     Calling punch_plot, plot_num =   3

     Energy =  -5.79240 eV, broadening =   0.30000eV
     Writing data to file  /home/ubuntu/projects/Graphene-Band-Structure-Quantum-Espresso/outputs/field_0/PBE-d3/top/data/ldos.pp.dat341

     Calling punch_plot, plot_num =   3

     Energy =  -5.77240 eV, broadening =   0.30000eV
     Writing data to file  /home/ubuntu/projects/Graphene-Band-Structure-Quantum-Espresso/outputs/field_0/PBE-d3/top/data/ldos.pp.dat342

     Calling punch_plot, plot_num =   3

     Energy =  -5.75240 eV, broadening =   0.30000eV
     Writing data to file  /home/ubuntu/projects/Graphene-Band-Structure-Quantum-Espresso/outputs/field_0/PBE-d3/top/data/ldos.pp.dat343

     Calling punch_plot, plot_num =   3

     Energy =  -5.73240 eV, broadening =   0.30000eV
     Writing data to file  /home/ubuntu/projects/Graphene-Band-Structure-Quantum-Espresso/outputs/field_0/PBE-d3/top/data/ldos.pp.dat344

     Calling punch_plot, plot_num =   3

     Energy =  -5.71240 eV, broadening =   0.30000eV
     Writing data to file  /home/ubuntu/projects/Graphene-Band-Structure-Quantum-Espresso/outputs/field_0/PBE-d3/top/data/ldos.pp.dat345

     Calling punch_plot, plot_num =   3

     Energy =  -5.69240 eV, broadening =   0.30000eV
     Writing data to file  /home/ubuntu/projects/Graphene-Band-Structure-Quantum-Espresso/outputs/field_0/PBE-d3/top/data/ldos.pp.dat346

     Calling punch_plot, plot_num =   3

     Energy =  -5.67240 eV, broadening =   0.30000eV
     Writing data to file  /home/ubuntu/projects/Graphene-Band-Structure-Quantum-Espresso/outputs/field_0/PBE-d3/top/data/ldos.pp.dat347

     Calling punch_plot, plot_num =   3

     Energy =  -5.65240 eV, broadening =   0.30000eV
     Writing data to file  /home/ubuntu/projects/Graphene-Band-Structure-Quantum-Espresso/outputs/field_0/PBE-d3/top/data/ldos.pp.dat348

     Calling punch_plot, plot_num =   3

     Energy =  -5.63240 eV, broadening =   0.30000eV
     Writing data to file  /home/ubuntu/projects/Graphene-Band-Structure-Quantum-Espresso/outputs/field_0/PBE-d3/top/data/ldos.pp.dat349

     Calling punch_plot, plot_num =   3

     Energy =  -5.61240 eV, broadening =   0.30000eV
     Writing data to file  /home/ubuntu/projects/Graphene-Band-Structure-Quantum-Espresso/outputs/field_0/PBE-d3/top/data/ldos.pp.dat350

     Calling punch_plot, plot_num =   3

     Energy =  -5.59240 eV, broadening =   0.30000eV
     Writing data to file  /home/ubuntu/projects/Graphene-Band-Structure-Quantum-Espresso/outputs/field_0/PBE-d3/top/data/ldos.pp.dat351

     Calling punch_plot, plot_num =   3

     Energy =  -5.57240 eV, broadening =   0.30000eV
     Writing data to file  /home/ubuntu/projects/Graphene-Band-Structure-Quantum-Espresso/outputs/field_0/PBE-d3/top/data/ldos.pp.dat352

     Calling punch_plot, plot_num =   3

     Energy =  -5.55240 eV, broadening =   0.30000eV
     Writing data to file  /home/ubuntu/projects/Graphene-Band-Structure-Quantum-Espresso/outputs/field_0/PBE-d3/top/data/ldos.pp.dat353

     Calling punch_plot, plot_num =   3

     Energy =  -5.53240 eV, broadening =   0.30000eV
     Writing data to file  /home/ubuntu/projects/Graphene-Band-Structure-Quantum-Espresso/outputs/field_0/PBE-d3/top/data/ldos.pp.dat354

     Calling punch_plot, plot_num =   3

     Energy =  -5.51240 eV, broadening =   0.30000eV
     Writing data to file  /home/ubuntu/projects/Graphene-Band-Structure-Quantum-Espresso/outputs/field_0/PBE-d3/top/data/ldos.pp.dat355

     Calling punch_plot, plot_num =   3

     Energy =  -5.49240 eV, broadening =   0.30000eV
     Writing data to file  /home/ubuntu/projects/Graphene-Band-Structure-Quantum-Espresso/outputs/field_0/PBE-d3/top/data/ldos.pp.dat356

     Calling punch_plot, plot_num =   3

     Energy =  -5.47240 eV, broadening =   0.30000eV
     Writing data to file  /home/ubuntu/projects/Graphene-Band-Structure-Quantum-Espresso/outputs/field_0/PBE-d3/top/data/ldos.pp.dat357

     Calling punch_plot, plot_num =   3

     Energy =  -5.45240 eV, broadening =   0.30000eV
     Writing data to file  /home/ubuntu/projects/Graphene-Band-Structure-Quantum-Espresso/outputs/field_0/PBE-d3/top/data/ldos.pp.dat358

     Calling punch_plot, plot_num =   3

     Energy =  -5.43240 eV, broadening =   0.30000eV
     Writing data to file  /home/ubuntu/projects/Graphene-Band-Structure-Quantum-Espresso/outputs/field_0/PBE-d3/top/data/ldos.pp.dat359

     Calling punch_plot, plot_num =   3

     Energy =  -5.41240 eV, broadening =   0.30000eV
     Writing data to file  /home/ubuntu/projects/Graphene-Band-Structure-Quantum-Espresso/outputs/field_0/PBE-d3/top/data/ldos.pp.dat360

     Calling punch_plot, plot_num =   3

     Energy =  -5.39240 eV, broadening =   0.30000eV
     Writing data to file  /home/ubuntu/projects/Graphene-Band-Structure-Quantum-Espresso/outputs/field_0/PBE-d3/top/data/ldos.pp.dat361

     Calling punch_plot, plot_num =   3

     Energy =  -5.37240 eV, broadening =   0.30000eV
     Writing data to file  /home/ubuntu/projects/Graphene-Band-Structure-Quantum-Espresso/outputs/field_0/PBE-d3/top/data/ldos.pp.dat362

     Calling punch_plot, plot_num =   3

     Energy =  -5.35240 eV, broadening =   0.30000eV
     Writing data to file  /home/ubuntu/projects/Graphene-Band-Structure-Quantum-Espresso/outputs/field_0/PBE-d3/top/data/ldos.pp.dat363

     Calling punch_plot, plot_num =   3

     Energy =  -5.33240 eV, broadening =   0.30000eV
     Writing data to file  /home/ubuntu/projects/Graphene-Band-Structure-Quantum-Espresso/outputs/field_0/PBE-d3/top/data/ldos.pp.dat364

     Calling punch_plot, plot_num =   3

     Energy =  -5.31240 eV, broadening =   0.30000eV
     Writing data to file  /home/ubuntu/projects/Graphene-Band-Structure-Quantum-Espresso/outputs/field_0/PBE-d3/top/data/ldos.pp.dat365

     Calling punch_plot, plot_num =   3

     Energy =  -5.29240 eV, broadening =   0.30000eV
     Writing data to file  /home/ubuntu/projects/Graphene-Band-Structure-Quantum-Espresso/outputs/field_0/PBE-d3/top/data/ldos.pp.dat366

     Calling punch_plot, plot_num =   3

     Energy =  -5.27240 eV, broadening =   0.30000eV
     Writing data to file  /home/ubuntu/projects/Graphene-Band-Structure-Quantum-Espresso/outputs/field_0/PBE-d3/top/data/ldos.pp.dat367

     Calling punch_plot, plot_num =   3

     Energy =  -5.25240 eV, broadening =   0.30000eV
     Writing data to file  /home/ubuntu/projects/Graphene-Band-Structure-Quantum-Espresso/outputs/field_0/PBE-d3/top/data/ldos.pp.dat368

     Calling punch_plot, plot_num =   3

     Energy =  -5.23240 eV, broadening =   0.30000eV
     Writing data to file  /home/ubuntu/projects/Graphene-Band-Structure-Quantum-Espresso/outputs/field_0/PBE-d3/top/data/ldos.pp.dat369

     Calling punch_plot, plot_num =   3

     Energy =  -5.21240 eV, broadening =   0.30000eV
     Writing data to file  /home/ubuntu/projects/Graphene-Band-Structure-Quantum-Espresso/outputs/field_0/PBE-d3/top/data/ldos.pp.dat370

     Calling punch_plot, plot_num =   3

     Energy =  -5.19240 eV, broadening =   0.30000eV
     Writing data to file  /home/ubuntu/projects/Graphene-Band-Structure-Quantum-Espresso/outputs/field_0/PBE-d3/top/data/ldos.pp.dat371

     Calling punch_plot, plot_num =   3

     Energy =  -5.17240 eV, broadening =   0.30000eV
     Writing data to file  /home/ubuntu/projects/Graphene-Band-Structure-Quantum-Espresso/outputs/field_0/PBE-d3/top/data/ldos.pp.dat372

     Calling punch_plot, plot_num =   3

     Energy =  -5.15240 eV, broadening =   0.30000eV
     Writing data to file  /home/ubuntu/projects/Graphene-Band-Structure-Quantum-Espresso/outputs/field_0/PBE-d3/top/data/ldos.pp.dat373

     Calling punch_plot, plot_num =   3

     Energy =  -5.13240 eV, broadening =   0.30000eV
     Writing data to file  /home/ubuntu/projects/Graphene-Band-Structure-Quantum-Espresso/outputs/field_0/PBE-d3/top/data/ldos.pp.dat374

     Calling punch_plot, plot_num =   3

     Energy =  -5.11240 eV, broadening =   0.30000eV
     Writing data to file  /home/ubuntu/projects/Graphene-Band-Structure-Quantum-Espresso/outputs/field_0/PBE-d3/top/data/ldos.pp.dat375

     Calling punch_plot, plot_num =   3

     Energy =  -5.09240 eV, broadening =   0.30000eV
     Writing data to file  /home/ubuntu/projects/Graphene-Band-Structure-Quantum-Espresso/outputs/field_0/PBE-d3/top/data/ldos.pp.dat376

     Calling punch_plot, plot_num =   3

     Energy =  -5.07240 eV, broadening =   0.30000eV
     Writing data to file  /home/ubuntu/projects/Graphene-Band-Structure-Quantum-Espresso/outputs/field_0/PBE-d3/top/data/ldos.pp.dat377

     Calling punch_plot, plot_num =   3

     Energy =  -5.05240 eV, broadening =   0.30000eV
     Writing data to file  /home/ubuntu/projects/Graphene-Band-Structure-Quantum-Espresso/outputs/field_0/PBE-d3/top/data/ldos.pp.dat378

     Calling punch_plot, plot_num =   3

     Energy =  -5.03240 eV, broadening =   0.30000eV
     Writing data to file  /home/ubuntu/projects/Graphene-Band-Structure-Quantum-Espresso/outputs/field_0/PBE-d3/top/data/ldos.pp.dat379

     Calling punch_plot, plot_num =   3

     Energy =  -5.01240 eV, broadening =   0.30000eV
     Writing data to file  /home/ubuntu/projects/Graphene-Band-Structure-Quantum-Espresso/outputs/field_0/PBE-d3/top/data/ldos.pp.dat380

     Calling punch_plot, plot_num =   3

     Energy =  -4.99240 eV, broadening =   0.30000eV
     Writing data to file  /home/ubuntu/projects/Graphene-Band-Structure-Quantum-Espresso/outputs/field_0/PBE-d3/top/data/ldos.pp.dat381

     Calling punch_plot, plot_num =   3

     Energy =  -4.97240 eV, broadening =   0.30000eV
     Writing data to file  /home/ubuntu/projects/Graphene-Band-Structure-Quantum-Espresso/outputs/field_0/PBE-d3/top/data/ldos.pp.dat382

     Calling punch_plot, plot_num =   3

     Energy =  -4.95240 eV, broadening =   0.30000eV
     Writing data to file  /home/ubuntu/projects/Graphene-Band-Structure-Quantum-Espresso/outputs/field_0/PBE-d3/top/data/ldos.pp.dat383

     Calling punch_plot, plot_num =   3

     Energy =  -4.93240 eV, broadening =   0.30000eV
     Writing data to file  /home/ubuntu/projects/Graphene-Band-Structure-Quantum-Espresso/outputs/field_0/PBE-d3/top/data/ldos.pp.dat384

     Calling punch_plot, plot_num =   3

     Energy =  -4.91240 eV, broadening =   0.30000eV
     Writing data to file  /home/ubuntu/projects/Graphene-Band-Structure-Quantum-Espresso/outputs/field_0/PBE-d3/top/data/ldos.pp.dat385

     Calling punch_plot, plot_num =   3

     Energy =  -4.89240 eV, broadening =   0.30000eV
     Writing data to file  /home/ubuntu/projects/Graphene-Band-Structure-Quantum-Espresso/outputs/field_0/PBE-d3/top/data/ldos.pp.dat386

     Calling punch_plot, plot_num =   3

     Energy =  -4.87240 eV, broadening =   0.30000eV
     Writing data to file  /home/ubuntu/projects/Graphene-Band-Structure-Quantum-Espresso/outputs/field_0/PBE-d3/top/data/ldos.pp.dat387

     Calling punch_plot, plot_num =   3

     Energy =  -4.85240 eV, broadening =   0.30000eV
     Writing data to file  /home/ubuntu/projects/Graphene-Band-Structure-Quantum-Espresso/outputs/field_0/PBE-d3/top/data/ldos.pp.dat388

     Calling punch_plot, plot_num =   3

     Energy =  -4.83240 eV, broadening =   0.30000eV
     Writing data to file  /home/ubuntu/projects/Graphene-Band-Structure-Quantum-Espresso/outputs/field_0/PBE-d3/top/data/ldos.pp.dat389

     Calling punch_plot, plot_num =   3

     Energy =  -4.81240 eV, broadening =   0.30000eV
     Writing data to file  /home/ubuntu/projects/Graphene-Band-Structure-Quantum-Espresso/outputs/field_0/PBE-d3/top/data/ldos.pp.dat390

     Calling punch_plot, plot_num =   3

     Energy =  -4.79240 eV, broadening =   0.30000eV
     Writing data to file  /home/ubuntu/projects/Graphene-Band-Structure-Quantum-Espresso/outputs/field_0/PBE-d3/top/data/ldos.pp.dat391

     Calling punch_plot, plot_num =   3

     Energy =  -4.77240 eV, broadening =   0.30000eV
     Writing data to file  /home/ubuntu/projects/Graphene-Band-Structure-Quantum-Espresso/outputs/field_0/PBE-d3/top/data/ldos.pp.dat392

     Calling punch_plot, plot_num =   3

     Energy =  -4.75240 eV, broadening =   0.30000eV
     Writing data to file  /home/ubuntu/projects/Graphene-Band-Structure-Quantum-Espresso/outputs/field_0/PBE-d3/top/data/ldos.pp.dat393

     Calling punch_plot, plot_num =   3

     Energy =  -4.73240 eV, broadening =   0.30000eV
     Writing data to file  /home/ubuntu/projects/Graphene-Band-Structure-Quantum-Espresso/outputs/field_0/PBE-d3/top/data/ldos.pp.dat394

     Calling punch_plot, plot_num =   3

     Energy =  -4.71240 eV, broadening =   0.30000eV
     Writing data to file  /home/ubuntu/projects/Graphene-Band-Structure-Quantum-Espresso/outputs/field_0/PBE-d3/top/data/ldos.pp.dat395

     Calling punch_plot, plot_num =   3

     Energy =  -4.69240 eV, broadening =   0.30000eV
     Writing data to file  /home/ubuntu/projects/Graphene-Band-Structure-Quantum-Espresso/outputs/field_0/PBE-d3/top/data/ldos.pp.dat396

     Calling punch_plot, plot_num =   3

     Energy =  -4.67240 eV, broadening =   0.30000eV
     Writing data to file  /home/ubuntu/projects/Graphene-Band-Structure-Quantum-Espresso/outputs/field_0/PBE-d3/top/data/ldos.pp.dat397

     Calling punch_plot, plot_num =   3

     Energy =  -4.65240 eV, broadening =   0.30000eV
     Writing data to file  /home/ubuntu/projects/Graphene-Band-Structure-Quantum-Espresso/outputs/field_0/PBE-d3/top/data/ldos.pp.dat398

     Calling punch_plot, plot_num =   3

     Energy =  -4.63240 eV, broadening =   0.30000eV
     Writing data to file  /home/ubuntu/projects/Graphene-Band-Structure-Quantum-Espresso/outputs/field_0/PBE-d3/top/data/ldos.pp.dat399

     Calling punch_plot, plot_num =   3

     Energy =  -4.61240 eV, broadening =   0.30000eV
     Writing data to file  /home/ubuntu/projects/Graphene-Band-Structure-Quantum-Espresso/outputs/field_0/PBE-d3/top/data/ldos.pp.dat400

     Calling punch_plot, plot_num =   3

     Energy =  -4.59240 eV, broadening =   0.30000eV
     Writing data to file  /home/ubuntu/projects/Graphene-Band-Structure-Quantum-Espresso/outputs/field_0/PBE-d3/top/data/ldos.pp.dat401

     Calling punch_plot, plot_num =   3

     Energy =  -4.57240 eV, broadening =   0.30000eV
     Writing data to file  /home/ubuntu/projects/Graphene-Band-Structure-Quantum-Espresso/outputs/field_0/PBE-d3/top/data/ldos.pp.dat402

     Calling punch_plot, plot_num =   3

     Energy =  -4.55240 eV, broadening =   0.30000eV
     Writing data to file  /home/ubuntu/projects/Graphene-Band-Structure-Quantum-Espresso/outputs/field_0/PBE-d3/top/data/ldos.pp.dat403

     Calling punch_plot, plot_num =   3

     Energy =  -4.53240 eV, broadening =   0.30000eV
     Writing data to file  /home/ubuntu/projects/Graphene-Band-Structure-Quantum-Espresso/outputs/field_0/PBE-d3/top/data/ldos.pp.dat404

     Calling punch_plot, plot_num =   3

     Energy =  -4.51240 eV, broadening =   0.30000eV
     Writing data to file  /home/ubuntu/projects/Graphene-Band-Structure-Quantum-Espresso/outputs/field_0/PBE-d3/top/data/ldos.pp.dat405

     Calling punch_plot, plot_num =   3

     Energy =  -4.49240 eV, broadening =   0.30000eV
     Writing data to file  /home/ubuntu/projects/Graphene-Band-Structure-Quantum-Espresso/outputs/field_0/PBE-d3/top/data/ldos.pp.dat406

     Calling punch_plot, plot_num =   3

     Energy =  -4.47240 eV, broadening =   0.30000eV
     Writing data to file  /home/ubuntu/projects/Graphene-Band-Structure-Quantum-Espresso/outputs/field_0/PBE-d3/top/data/ldos.pp.dat407

     Calling punch_plot, plot_num =   3

     Energy =  -4.45240 eV, broadening =   0.30000eV
     Writing data to file  /home/ubuntu/projects/Graphene-Band-Structure-Quantum-Espresso/outputs/field_0/PBE-d3/top/data/ldos.pp.dat408

     Calling punch_plot, plot_num =   3

     Energy =  -4.43240 eV, broadening =   0.30000eV
     Writing data to file  /home/ubuntu/projects/Graphene-Band-Structure-Quantum-Espresso/outputs/field_0/PBE-d3/top/data/ldos.pp.dat409

     Calling punch_plot, plot_num =   3

     Energy =  -4.41240 eV, broadening =   0.30000eV
     Writing data to file  /home/ubuntu/projects/Graphene-Band-Structure-Quantum-Espresso/outputs/field_0/PBE-d3/top/data/ldos.pp.dat410

     Calling punch_plot, plot_num =   3

     Energy =  -4.39240 eV, broadening =   0.30000eV
     Writing data to file  /home/ubuntu/projects/Graphene-Band-Structure-Quantum-Espresso/outputs/field_0/PBE-d3/top/data/ldos.pp.dat411

     Calling punch_plot, plot_num =   3

     Energy =  -4.37240 eV, broadening =   0.30000eV
     Writing data to file  /home/ubuntu/projects/Graphene-Band-Structure-Quantum-Espresso/outputs/field_0/PBE-d3/top/data/ldos.pp.dat412

     Calling punch_plot, plot_num =   3

     Energy =  -4.35240 eV, broadening =   0.30000eV
     Writing data to file  /home/ubuntu/projects/Graphene-Band-Structure-Quantum-Espresso/outputs/field_0/PBE-d3/top/data/ldos.pp.dat413

     Calling punch_plot, plot_num =   3

     Energy =  -4.33240 eV, broadening =   0.30000eV
     Writing data to file  /home/ubuntu/projects/Graphene-Band-Structure-Quantum-Espresso/outputs/field_0/PBE-d3/top/data/ldos.pp.dat414

     Calling punch_plot, plot_num =   3

     Energy =  -4.31240 eV, broadening =   0.30000eV
     Writing data to file  /home/ubuntu/projects/Graphene-Band-Structure-Quantum-Espresso/outputs/field_0/PBE-d3/top/data/ldos.pp.dat415

     Calling punch_plot, plot_num =   3

     Energy =  -4.29240 eV, broadening =   0.30000eV
     Writing data to file  /home/ubuntu/projects/Graphene-Band-Structure-Quantum-Espresso/outputs/field_0/PBE-d3/top/data/ldos.pp.dat416

     Calling punch_plot, plot_num =   3

     Energy =  -4.27240 eV, broadening =   0.30000eV
     Writing data to file  /home/ubuntu/projects/Graphene-Band-Structure-Quantum-Espresso/outputs/field_0/PBE-d3/top/data/ldos.pp.dat417

     Calling punch_plot, plot_num =   3

     Energy =  -4.25240 eV, broadening =   0.30000eV
     Writing data to file  /home/ubuntu/projects/Graphene-Band-Structure-Quantum-Espresso/outputs/field_0/PBE-d3/top/data/ldos.pp.dat418

     Calling punch_plot, plot_num =   3

     Energy =  -4.23240 eV, broadening =   0.30000eV
     Writing data to file  /home/ubuntu/projects/Graphene-Band-Structure-Quantum-Espresso/outputs/field_0/PBE-d3/top/data/ldos.pp.dat419

     Calling punch_plot, plot_num =   3

     Energy =  -4.21240 eV, broadening =   0.30000eV
     Writing data to file  /home/ubuntu/projects/Graphene-Band-Structure-Quantum-Espresso/outputs/field_0/PBE-d3/top/data/ldos.pp.dat420

     Calling punch_plot, plot_num =   3

     Energy =  -4.19240 eV, broadening =   0.30000eV
     Writing data to file  /home/ubuntu/projects/Graphene-Band-Structure-Quantum-Espresso/outputs/field_0/PBE-d3/top/data/ldos.pp.dat421

     Calling punch_plot, plot_num =   3

     Energy =  -4.17240 eV, broadening =   0.30000eV
     Writing data to file  /home/ubuntu/projects/Graphene-Band-Structure-Quantum-Espresso/outputs/field_0/PBE-d3/top/data/ldos.pp.dat422

     Calling punch_plot, plot_num =   3

     Energy =  -4.15240 eV, broadening =   0.30000eV
     Writing data to file  /home/ubuntu/projects/Graphene-Band-Structure-Quantum-Espresso/outputs/field_0/PBE-d3/top/data/ldos.pp.dat423

     Calling punch_plot, plot_num =   3

     Energy =  -4.13240 eV, broadening =   0.30000eV
     Writing data to file  /home/ubuntu/projects/Graphene-Band-Structure-Quantum-Espresso/outputs/field_0/PBE-d3/top/data/ldos.pp.dat424

     Calling punch_plot, plot_num =   3

     Energy =  -4.11240 eV, broadening =   0.30000eV
     Writing data to file  /home/ubuntu/projects/Graphene-Band-Structure-Quantum-Espresso/outputs/field_0/PBE-d3/top/data/ldos.pp.dat425

     Calling punch_plot, plot_num =   3

     Energy =  -4.09240 eV, broadening =   0.30000eV
     Writing data to file  /home/ubuntu/projects/Graphene-Band-Structure-Quantum-Espresso/outputs/field_0/PBE-d3/top/data/ldos.pp.dat426

     Calling punch_plot, plot_num =   3

     Energy =  -4.07240 eV, broadening =   0.30000eV
     Writing data to file  /home/ubuntu/projects/Graphene-Band-Structure-Quantum-Espresso/outputs/field_0/PBE-d3/top/data/ldos.pp.dat427

     Calling punch_plot, plot_num =   3

     Energy =  -4.05240 eV, broadening =   0.30000eV
     Writing data to file  /home/ubuntu/projects/Graphene-Band-Structure-Quantum-Espresso/outputs/field_0/PBE-d3/top/data/ldos.pp.dat428

     Calling punch_plot, plot_num =   3

     Energy =  -4.03240 eV, broadening =   0.30000eV
     Writing data to file  /home/ubuntu/projects/Graphene-Band-Structure-Quantum-Espresso/outputs/field_0/PBE-d3/top/data/ldos.pp.dat429

     Calling punch_plot, plot_num =   3

     Energy =  -4.01240 eV, broadening =   0.30000eV
     Writing data to file  /home/ubuntu/projects/Graphene-Band-Structure-Quantum-Espresso/outputs/field_0/PBE-d3/top/data/ldos.pp.dat430

     Calling punch_plot, plot_num =   3

     Energy =  -3.99240 eV, broadening =   0.30000eV
     Writing data to file  /home/ubuntu/projects/Graphene-Band-Structure-Quantum-Espresso/outputs/field_0/PBE-d3/top/data/ldos.pp.dat431

     Calling punch_plot, plot_num =   3

     Energy =  -3.97240 eV, broadening =   0.30000eV
     Writing data to file  /home/ubuntu/projects/Graphene-Band-Structure-Quantum-Espresso/outputs/field_0/PBE-d3/top/data/ldos.pp.dat432

     Calling punch_plot, plot_num =   3

     Energy =  -3.95240 eV, broadening =   0.30000eV
     Writing data to file  /home/ubuntu/projects/Graphene-Band-Structure-Quantum-Espresso/outputs/field_0/PBE-d3/top/data/ldos.pp.dat433

     Calling punch_plot, plot_num =   3

     Energy =  -3.93240 eV, broadening =   0.30000eV
     Writing data to file  /home/ubuntu/projects/Graphene-Band-Structure-Quantum-Espresso/outputs/field_0/PBE-d3/top/data/ldos.pp.dat434

     Calling punch_plot, plot_num =   3

     Energy =  -3.91240 eV, broadening =   0.30000eV
     Writing data to file  /home/ubuntu/projects/Graphene-Band-Structure-Quantum-Espresso/outputs/field_0/PBE-d3/top/data/ldos.pp.dat435

     Calling punch_plot, plot_num =   3

     Energy =  -3.89240 eV, broadening =   0.30000eV
     Writing data to file  /home/ubuntu/projects/Graphene-Band-Structure-Quantum-Espresso/outputs/field_0/PBE-d3/top/data/ldos.pp.dat436

     Calling punch_plot, plot_num =   3

     Energy =  -3.87240 eV, broadening =   0.30000eV
     Writing data to file  /home/ubuntu/projects/Graphene-Band-Structure-Quantum-Espresso/outputs/field_0/PBE-d3/top/data/ldos.pp.dat437

     Calling punch_plot, plot_num =   3

     Energy =  -3.85240 eV, broadening =   0.30000eV
     Writing data to file  /home/ubuntu/projects/Graphene-Band-Structure-Quantum-Espresso/outputs/field_0/PBE-d3/top/data/ldos.pp.dat438

     Calling punch_plot, plot_num =   3

     Energy =  -3.83240 eV, broadening =   0.30000eV
     Writing data to file  /home/ubuntu/projects/Graphene-Band-Structure-Quantum-Espresso/outputs/field_0/PBE-d3/top/data/ldos.pp.dat439

     Calling punch_plot, plot_num =   3

     Energy =  -3.81240 eV, broadening =   0.30000eV
     Writing data to file  /home/ubuntu/projects/Graphene-Band-Structure-Quantum-Espresso/outputs/field_0/PBE-d3/top/data/ldos.pp.dat440

     Calling punch_plot, plot_num =   3

     Energy =  -3.79240 eV, broadening =   0.30000eV
     Writing data to file  /home/ubuntu/projects/Graphene-Band-Structure-Quantum-Espresso/outputs/field_0/PBE-d3/top/data/ldos.pp.dat441

     Calling punch_plot, plot_num =   3

     Energy =  -3.77240 eV, broadening =   0.30000eV
     Writing data to file  /home/ubuntu/projects/Graphene-Band-Structure-Quantum-Espresso/outputs/field_0/PBE-d3/top/data/ldos.pp.dat442

     Calling punch_plot, plot_num =   3

     Energy =  -3.75240 eV, broadening =   0.30000eV
     Writing data to file  /home/ubuntu/projects/Graphene-Band-Structure-Quantum-Espresso/outputs/field_0/PBE-d3/top/data/ldos.pp.dat443

     Calling punch_plot, plot_num =   3

     Energy =  -3.73240 eV, broadening =   0.30000eV
     Writing data to file  /home/ubuntu/projects/Graphene-Band-Structure-Quantum-Espresso/outputs/field_0/PBE-d3/top/data/ldos.pp.dat444

     Calling punch_plot, plot_num =   3

     Energy =  -3.71240 eV, broadening =   0.30000eV
     Writing data to file  /home/ubuntu/projects/Graphene-Band-Structure-Quantum-Espresso/outputs/field_0/PBE-d3/top/data/ldos.pp.dat445

     Calling punch_plot, plot_num =   3

     Energy =  -3.69240 eV, broadening =   0.30000eV
     Writing data to file  /home/ubuntu/projects/Graphene-Band-Structure-Quantum-Espresso/outputs/field_0/PBE-d3/top/data/ldos.pp.dat446

     Calling punch_plot, plot_num =   3

     Energy =  -3.67240 eV, broadening =   0.30000eV
     Writing data to file  /home/ubuntu/projects/Graphene-Band-Structure-Quantum-Espresso/outputs/field_0/PBE-d3/top/data/ldos.pp.dat447

     Calling punch_plot, plot_num =   3

     Energy =  -3.65240 eV, broadening =   0.30000eV
     Writing data to file  /home/ubuntu/projects/Graphene-Band-Structure-Quantum-Espresso/outputs/field_0/PBE-d3/top/data/ldos.pp.dat448

     Calling punch_plot, plot_num =   3

     Energy =  -3.63240 eV, broadening =   0.30000eV
     Writing data to file  /home/ubuntu/projects/Graphene-Band-Structure-Quantum-Espresso/outputs/field_0/PBE-d3/top/data/ldos.pp.dat449

     Calling punch_plot, plot_num =   3

     Energy =  -3.61240 eV, broadening =   0.30000eV
     Writing data to file  /home/ubuntu/projects/Graphene-Band-Structure-Quantum-Espresso/outputs/field_0/PBE-d3/top/data/ldos.pp.dat450

     Calling punch_plot, plot_num =   3

     Energy =  -3.59240 eV, broadening =   0.30000eV
     Writing data to file  /home/ubuntu/projects/Graphene-Band-Structure-Quantum-Espresso/outputs/field_0/PBE-d3/top/data/ldos.pp.dat451

     Calling punch_plot, plot_num =   3

     Energy =  -3.57240 eV, broadening =   0.30000eV
     Writing data to file  /home/ubuntu/projects/Graphene-Band-Structure-Quantum-Espresso/outputs/field_0/PBE-d3/top/data/ldos.pp.dat452

     Calling punch_plot, plot_num =   3

     Energy =  -3.55240 eV, broadening =   0.30000eV
     Writing data to file  /home/ubuntu/projects/Graphene-Band-Structure-Quantum-Espresso/outputs/field_0/PBE-d3/top/data/ldos.pp.dat453

     Calling punch_plot, plot_num =   3

     Energy =  -3.53240 eV, broadening =   0.30000eV
     Writing data to file  /home/ubuntu/projects/Graphene-Band-Structure-Quantum-Espresso/outputs/field_0/PBE-d3/top/data/ldos.pp.dat454

     Calling punch_plot, plot_num =   3

     Energy =  -3.51240 eV, broadening =   0.30000eV
     Writing data to file  /home/ubuntu/projects/Graphene-Band-Structure-Quantum-Espresso/outputs/field_0/PBE-d3/top/data/ldos.pp.dat455

     Calling punch_plot, plot_num =   3

     Energy =  -3.49240 eV, broadening =   0.30000eV
     Writing data to file  /home/ubuntu/projects/Graphene-Band-Structure-Quantum-Espresso/outputs/field_0/PBE-d3/top/data/ldos.pp.dat456

     Calling punch_plot, plot_num =   3

     Energy =  -3.47240 eV, broadening =   0.30000eV
     Writing data to file  /home/ubuntu/projects/Graphene-Band-Structure-Quantum-Espresso/outputs/field_0/PBE-d3/top/data/ldos.pp.dat457

     Calling punch_plot, plot_num =   3

     Energy =  -3.45240 eV, broadening =   0.30000eV
     Writing data to file  /home/ubuntu/projects/Graphene-Band-Structure-Quantum-Espresso/outputs/field_0/PBE-d3/top/data/ldos.pp.dat458

     Calling punch_plot, plot_num =   3

     Energy =  -3.43240 eV, broadening =   0.30000eV
     Writing data to file  /home/ubuntu/projects/Graphene-Band-Structure-Quantum-Espresso/outputs/field_0/PBE-d3/top/data/ldos.pp.dat459

     Calling punch_plot, plot_num =   3

     Energy =  -3.41240 eV, broadening =   0.30000eV
     Writing data to file  /home/ubuntu/projects/Graphene-Band-Structure-Quantum-Espresso/outputs/field_0/PBE-d3/top/data/ldos.pp.dat460

     Calling punch_plot, plot_num =   3

     Energy =  -3.39240 eV, broadening =   0.30000eV
     Writing data to file  /home/ubuntu/projects/Graphene-Band-Structure-Quantum-Espresso/outputs/field_0/PBE-d3/top/data/ldos.pp.dat461

     Calling punch_plot, plot_num =   3

     Energy =  -3.37240 eV, broadening =   0.30000eV
     Writing data to file  /home/ubuntu/projects/Graphene-Band-Structure-Quantum-Espresso/outputs/field_0/PBE-d3/top/data/ldos.pp.dat462

     Calling punch_plot, plot_num =   3

     Energy =  -3.35240 eV, broadening =   0.30000eV
     Writing data to file  /home/ubuntu/projects/Graphene-Band-Structure-Quantum-Espresso/outputs/field_0/PBE-d3/top/data/ldos.pp.dat463

     Calling punch_plot, plot_num =   3

     Energy =  -3.33240 eV, broadening =   0.30000eV
     Writing data to file  /home/ubuntu/projects/Graphene-Band-Structure-Quantum-Espresso/outputs/field_0/PBE-d3/top/data/ldos.pp.dat464

     Calling punch_plot, plot_num =   3

     Energy =  -3.31240 eV, broadening =   0.30000eV
     Writing data to file  /home/ubuntu/projects/Graphene-Band-Structure-Quantum-Espresso/outputs/field_0/PBE-d3/top/data/ldos.pp.dat465

     Calling punch_plot, plot_num =   3

     Energy =  -3.29240 eV, broadening =   0.30000eV
     Writing data to file  /home/ubuntu/projects/Graphene-Band-Structure-Quantum-Espresso/outputs/field_0/PBE-d3/top/data/ldos.pp.dat466

     Calling punch_plot, plot_num =   3

     Energy =  -3.27240 eV, broadening =   0.30000eV
     Writing data to file  /home/ubuntu/projects/Graphene-Band-Structure-Quantum-Espresso/outputs/field_0/PBE-d3/top/data/ldos.pp.dat467

     Calling punch_plot, plot_num =   3

     Energy =  -3.25240 eV, broadening =   0.30000eV
     Writing data to file  /home/ubuntu/projects/Graphene-Band-Structure-Quantum-Espresso/outputs/field_0/PBE-d3/top/data/ldos.pp.dat468

     Calling punch_plot, plot_num =   3

     Energy =  -3.23240 eV, broadening =   0.30000eV
     Writing data to file  /home/ubuntu/projects/Graphene-Band-Structure-Quantum-Espresso/outputs/field_0/PBE-d3/top/data/ldos.pp.dat469

     Calling punch_plot, plot_num =   3

     Energy =  -3.21240 eV, broadening =   0.30000eV
     Writing data to file  /home/ubuntu/projects/Graphene-Band-Structure-Quantum-Espresso/outputs/field_0/PBE-d3/top/data/ldos.pp.dat470

     Calling punch_plot, plot_num =   3

     Energy =  -3.19240 eV, broadening =   0.30000eV
     Writing data to file  /home/ubuntu/projects/Graphene-Band-Structure-Quantum-Espresso/outputs/field_0/PBE-d3/top/data/ldos.pp.dat471

     Calling punch_plot, plot_num =   3

     Energy =  -3.17240 eV, broadening =   0.30000eV
     Writing data to file  /home/ubuntu/projects/Graphene-Band-Structure-Quantum-Espresso/outputs/field_0/PBE-d3/top/data/ldos.pp.dat472

     Calling punch_plot, plot_num =   3

     Energy =  -3.15240 eV, broadening =   0.30000eV
     Writing data to file  /home/ubuntu/projects/Graphene-Band-Structure-Quantum-Espresso/outputs/field_0/PBE-d3/top/data/ldos.pp.dat473

     Calling punch_plot, plot_num =   3

     Energy =  -3.13240 eV, broadening =   0.30000eV
     Writing data to file  /home/ubuntu/projects/Graphene-Band-Structure-Quantum-Espresso/outputs/field_0/PBE-d3/top/data/ldos.pp.dat474

     Calling punch_plot, plot_num =   3

     Energy =  -3.11240 eV, broadening =   0.30000eV
     Writing data to file  /home/ubuntu/projects/Graphene-Band-Structure-Quantum-Espresso/outputs/field_0/PBE-d3/top/data/ldos.pp.dat475

     Calling punch_plot, plot_num =   3

     Energy =  -3.09240 eV, broadening =   0.30000eV
     Writing data to file  /home/ubuntu/projects/Graphene-Band-Structure-Quantum-Espresso/outputs/field_0/PBE-d3/top/data/ldos.pp.dat476

     Calling punch_plot, plot_num =   3

     Energy =  -3.07240 eV, broadening =   0.30000eV
     Writing data to file  /home/ubuntu/projects/Graphene-Band-Structure-Quantum-Espresso/outputs/field_0/PBE-d3/top/data/ldos.pp.dat477

     Calling punch_plot, plot_num =   3

     Energy =  -3.05240 eV, broadening =   0.30000eV
     Writing data to file  /home/ubuntu/projects/Graphene-Band-Structure-Quantum-Espresso/outputs/field_0/PBE-d3/top/data/ldos.pp.dat478

     Calling punch_plot, plot_num =   3

     Energy =  -3.03240 eV, broadening =   0.30000eV
     Writing data to file  /home/ubuntu/projects/Graphene-Band-Structure-Quantum-Espresso/outputs/field_0/PBE-d3/top/data/ldos.pp.dat479

     Calling punch_plot, plot_num =   3

     Energy =  -3.01240 eV, broadening =   0.30000eV
     Writing data to file  /home/ubuntu/projects/Graphene-Band-Structure-Quantum-Espresso/outputs/field_0/PBE-d3/top/data/ldos.pp.dat480

     Calling punch_plot, plot_num =   3

     Energy =  -2.99240 eV, broadening =   0.30000eV
     Writing data to file  /home/ubuntu/projects/Graphene-Band-Structure-Quantum-Espresso/outputs/field_0/PBE-d3/top/data/ldos.pp.dat481

     Calling punch_plot, plot_num =   3

     Energy =  -2.97240 eV, broadening =   0.30000eV
     Writing data to file  /home/ubuntu/projects/Graphene-Band-Structure-Quantum-Espresso/outputs/field_0/PBE-d3/top/data/ldos.pp.dat482

     Calling punch_plot, plot_num =   3

     Energy =  -2.95240 eV, broadening =   0.30000eV
     Writing data to file  /home/ubuntu/projects/Graphene-Band-Structure-Quantum-Espresso/outputs/field_0/PBE-d3/top/data/ldos.pp.dat483

     Calling punch_plot, plot_num =   3

     Energy =  -2.93240 eV, broadening =   0.30000eV
     Writing data to file  /home/ubuntu/projects/Graphene-Band-Structure-Quantum-Espresso/outputs/field_0/PBE-d3/top/data/ldos.pp.dat484

     Calling punch_plot, plot_num =   3

     Energy =  -2.91240 eV, broadening =   0.30000eV
     Writing data to file  /home/ubuntu/projects/Graphene-Band-Structure-Quantum-Espresso/outputs/field_0/PBE-d3/top/data/ldos.pp.dat485

     Calling punch_plot, plot_num =   3

     Energy =  -2.89240 eV, broadening =   0.30000eV
     Writing data to file  /home/ubuntu/projects/Graphene-Band-Structure-Quantum-Espresso/outputs/field_0/PBE-d3/top/data/ldos.pp.dat486

     Calling punch_plot, plot_num =   3

     Energy =  -2.87240 eV, broadening =   0.30000eV
     Writing data to file  /home/ubuntu/projects/Graphene-Band-Structure-Quantum-Espresso/outputs/field_0/PBE-d3/top/data/ldos.pp.dat487

     Calling punch_plot, plot_num =   3

     Energy =  -2.85240 eV, broadening =   0.30000eV
     Writing data to file  /home/ubuntu/projects/Graphene-Band-Structure-Quantum-Espresso/outputs/field_0/PBE-d3/top/data/ldos.pp.dat488

     Calling punch_plot, plot_num =   3

     Energy =  -2.83240 eV, broadening =   0.30000eV
     Writing data to file  /home/ubuntu/projects/Graphene-Band-Structure-Quantum-Espresso/outputs/field_0/PBE-d3/top/data/ldos.pp.dat489

     Calling punch_plot, plot_num =   3

     Energy =  -2.81240 eV, broadening =   0.30000eV
     Writing data to file  /home/ubuntu/projects/Graphene-Band-Structure-Quantum-Espresso/outputs/field_0/PBE-d3/top/data/ldos.pp.dat490

     Calling punch_plot, plot_num =   3

     Energy =  -2.79240 eV, broadening =   0.30000eV
     Writing data to file  /home/ubuntu/projects/Graphene-Band-Structure-Quantum-Espresso/outputs/field_0/PBE-d3/top/data/ldos.pp.dat491

     Calling punch_plot, plot_num =   3

     Energy =  -2.77240 eV, broadening =   0.30000eV
     Writing data to file  /home/ubuntu/projects/Graphene-Band-Structure-Quantum-Espresso/outputs/field_0/PBE-d3/top/data/ldos.pp.dat492

     Calling punch_plot, plot_num =   3

     Energy =  -2.75240 eV, broadening =   0.30000eV
     Writing data to file  /home/ubuntu/projects/Graphene-Band-Structure-Quantum-Espresso/outputs/field_0/PBE-d3/top/data/ldos.pp.dat493

     Calling punch_plot, plot_num =   3

     Energy =  -2.73240 eV, broadening =   0.30000eV
     Writing data to file  /home/ubuntu/projects/Graphene-Band-Structure-Quantum-Espresso/outputs/field_0/PBE-d3/top/data/ldos.pp.dat494

     Calling punch_plot, plot_num =   3

     Energy =  -2.71240 eV, broadening =   0.30000eV
     Writing data to file  /home/ubuntu/projects/Graphene-Band-Structure-Quantum-Espresso/outputs/field_0/PBE-d3/top/data/ldos.pp.dat495

     Calling punch_plot, plot_num =   3

     Energy =  -2.69240 eV, broadening =   0.30000eV
     Writing data to file  /home/ubuntu/projects/Graphene-Band-Structure-Quantum-Espresso/outputs/field_0/PBE-d3/top/data/ldos.pp.dat496

     Calling punch_plot, plot_num =   3

     Energy =  -2.67240 eV, broadening =   0.30000eV
     Writing data to file  /home/ubuntu/projects/Graphene-Band-Structure-Quantum-Espresso/outputs/field_0/PBE-d3/top/data/ldos.pp.dat497

     Calling punch_plot, plot_num =   3

     Energy =  -2.65240 eV, broadening =   0.30000eV
     Writing data to file  /home/ubuntu/projects/Graphene-Band-Structure-Quantum-Espresso/outputs/field_0/PBE-d3/top/data/ldos.pp.dat498

     Calling punch_plot, plot_num =   3

     Energy =  -2.63240 eV, broadening =   0.30000eV
     Writing data to file  /home/ubuntu/projects/Graphene-Band-Structure-Quantum-Espresso/outputs/field_0/PBE-d3/top/data/ldos.pp.dat499

     Calling punch_plot, plot_num =   3

     Energy =  -2.61240 eV, broadening =   0.30000eV
     Writing data to file  /home/ubuntu/projects/Graphene-Band-Structure-Quantum-Espresso/outputs/field_0/PBE-d3/top/data/ldos.pp.dat500

     Calling punch_plot, plot_num =   3

     Energy =  -2.59240 eV, broadening =   0.30000eV
     Writing data to file  /home/ubuntu/projects/Graphene-Band-Structure-Quantum-Espresso/outputs/field_0/PBE-d3/top/data/ldos.pp.dat501

     Calling punch_plot, plot_num =   3

     Energy =  -2.57240 eV, broadening =   0.30000eV
     Writing data to file  /home/ubuntu/projects/Graphene-Band-Structure-Quantum-Espresso/outputs/field_0/PBE-d3/top/data/ldos.pp.dat502

     Calling punch_plot, plot_num =   3

     Energy =  -2.55240 eV, broadening =   0.30000eV
     Writing data to file  /home/ubuntu/projects/Graphene-Band-Structure-Quantum-Espresso/outputs/field_0/PBE-d3/top/data/ldos.pp.dat503

     Calling punch_plot, plot_num =   3

     Energy =  -2.53240 eV, broadening =   0.30000eV
     Writing data to file  /home/ubuntu/projects/Graphene-Band-Structure-Quantum-Espresso/outputs/field_0/PBE-d3/top/data/ldos.pp.dat504

     Calling punch_plot, plot_num =   3

     Energy =  -2.51240 eV, broadening =   0.30000eV
     Writing data to file  /home/ubuntu/projects/Graphene-Band-Structure-Quantum-Espresso/outputs/field_0/PBE-d3/top/data/ldos.pp.dat505

     Calling punch_plot, plot_num =   3

     Energy =  -2.49240 eV, broadening =   0.30000eV
     Writing data to file  /home/ubuntu/projects/Graphene-Band-Structure-Quantum-Espresso/outputs/field_0/PBE-d3/top/data/ldos.pp.dat506

     Calling punch_plot, plot_num =   3

     Energy =  -2.47240 eV, broadening =   0.30000eV
     Writing data to file  /home/ubuntu/projects/Graphene-Band-Structure-Quantum-Espresso/outputs/field_0/PBE-d3/top/data/ldos.pp.dat507

     Calling punch_plot, plot_num =   3

     Energy =  -2.45240 eV, broadening =   0.30000eV
     Writing data to file  /home/ubuntu/projects/Graphene-Band-Structure-Quantum-Espresso/outputs/field_0/PBE-d3/top/data/ldos.pp.dat508

     Calling punch_plot, plot_num =   3

     Energy =  -2.43240 eV, broadening =   0.30000eV
     Writing data to file  /home/ubuntu/projects/Graphene-Band-Structure-Quantum-Espresso/outputs/field_0/PBE-d3/top/data/ldos.pp.dat509

     Calling punch_plot, plot_num =   3

     Energy =  -2.41240 eV, broadening =   0.30000eV
     Writing data to file  /home/ubuntu/projects/Graphene-Band-Structure-Quantum-Espresso/outputs/field_0/PBE-d3/top/data/ldos.pp.dat510

     Calling punch_plot, plot_num =   3

     Energy =  -2.39240 eV, broadening =   0.30000eV
     Writing data to file  /home/ubuntu/projects/Graphene-Band-Structure-Quantum-Espresso/outputs/field_0/PBE-d3/top/data/ldos.pp.dat511

     Calling punch_plot, plot_num =   3

     Energy =  -2.37240 eV, broadening =   0.30000eV
     Writing data to file  /home/ubuntu/projects/Graphene-Band-Structure-Quantum-Espresso/outputs/field_0/PBE-d3/top/data/ldos.pp.dat512

     Calling punch_plot, plot_num =   3

     Energy =  -2.35240 eV, broadening =   0.30000eV
     Writing data to file  /home/ubuntu/projects/Graphene-Band-Structure-Quantum-Espresso/outputs/field_0/PBE-d3/top/data/ldos.pp.dat513

     Calling punch_plot, plot_num =   3

     Energy =  -2.33240 eV, broadening =   0.30000eV
     Writing data to file  /home/ubuntu/projects/Graphene-Band-Structure-Quantum-Espresso/outputs/field_0/PBE-d3/top/data/ldos.pp.dat514

     Calling punch_plot, plot_num =   3

     Energy =  -2.31240 eV, broadening =   0.30000eV
     Writing data to file  /home/ubuntu/projects/Graphene-Band-Structure-Quantum-Espresso/outputs/field_0/PBE-d3/top/data/ldos.pp.dat515

     Calling punch_plot, plot_num =   3

     Energy =  -2.29240 eV, broadening =   0.30000eV
     Writing data to file  /home/ubuntu/projects/Graphene-Band-Structure-Quantum-Espresso/outputs/field_0/PBE-d3/top/data/ldos.pp.dat516

     Calling punch_plot, plot_num =   3

     Energy =  -2.27240 eV, broadening =   0.30000eV
     Writing data to file  /home/ubuntu/projects/Graphene-Band-Structure-Quantum-Espresso/outputs/field_0/PBE-d3/top/data/ldos.pp.dat517

     Calling punch_plot, plot_num =   3

     Energy =  -2.25240 eV, broadening =   0.30000eV
     Writing data to file  /home/ubuntu/projects/Graphene-Band-Structure-Quantum-Espresso/outputs/field_0/PBE-d3/top/data/ldos.pp.dat518

     Calling punch_plot, plot_num =   3

     Energy =  -2.23240 eV, broadening =   0.30000eV
     Writing data to file  /home/ubuntu/projects/Graphene-Band-Structure-Quantum-Espresso/outputs/field_0/PBE-d3/top/data/ldos.pp.dat519

     Calling punch_plot, plot_num =   3

     Energy =  -2.21240 eV, broadening =   0.30000eV
     Writing data to file  /home/ubuntu/projects/Graphene-Band-Structure-Quantum-Espresso/outputs/field_0/PBE-d3/top/data/ldos.pp.dat520

     Calling punch_plot, plot_num =   3

     Energy =  -2.19240 eV, broadening =   0.30000eV
     Writing data to file  /home/ubuntu/projects/Graphene-Band-Structure-Quantum-Espresso/outputs/field_0/PBE-d3/top/data/ldos.pp.dat521

     Calling punch_plot, plot_num =   3

     Energy =  -2.17240 eV, broadening =   0.30000eV
     Writing data to file  /home/ubuntu/projects/Graphene-Band-Structure-Quantum-Espresso/outputs/field_0/PBE-d3/top/data/ldos.pp.dat522

     Calling punch_plot, plot_num =   3

     Energy =  -2.15240 eV, broadening =   0.30000eV
     Writing data to file  /home/ubuntu/projects/Graphene-Band-Structure-Quantum-Espresso/outputs/field_0/PBE-d3/top/data/ldos.pp.dat523

     Calling punch_plot, plot_num =   3

     Energy =  -2.13240 eV, broadening =   0.30000eV
     Writing data to file  /home/ubuntu/projects/Graphene-Band-Structure-Quantum-Espresso/outputs/field_0/PBE-d3/top/data/ldos.pp.dat524

     Calling punch_plot, plot_num =   3

     Energy =  -2.11240 eV, broadening =   0.30000eV
     Writing data to file  /home/ubuntu/projects/Graphene-Band-Structure-Quantum-Espresso/outputs/field_0/PBE-d3/top/data/ldos.pp.dat525

     Calling punch_plot, plot_num =   3

     Energy =  -2.09240 eV, broadening =   0.30000eV
     Writing data to file  /home/ubuntu/projects/Graphene-Band-Structure-Quantum-Espresso/outputs/field_0/PBE-d3/top/data/ldos.pp.dat526

     Calling punch_plot, plot_num =   3

     Energy =  -2.07240 eV, broadening =   0.30000eV
     Writing data to file  /home/ubuntu/projects/Graphene-Band-Structure-Quantum-Espresso/outputs/field_0/PBE-d3/top/data/ldos.pp.dat527

     Calling punch_plot, plot_num =   3

     Energy =  -2.05240 eV, broadening =   0.30000eV
     Writing data to file  /home/ubuntu/projects/Graphene-Band-Structure-Quantum-Espresso/outputs/field_0/PBE-d3/top/data/ldos.pp.dat528

     Calling punch_plot, plot_num =   3

     Energy =  -2.03240 eV, broadening =   0.30000eV
     Writing data to file  /home/ubuntu/projects/Graphene-Band-Structure-Quantum-Espresso/outputs/field_0/PBE-d3/top/data/ldos.pp.dat529

     Calling punch_plot, plot_num =   3

     Energy =  -2.01240 eV, broadening =   0.30000eV
     Writing data to file  /home/ubuntu/projects/Graphene-Band-Structure-Quantum-Espresso/outputs/field_0/PBE-d3/top/data/ldos.pp.dat530

     Calling punch_plot, plot_num =   3

     Energy =  -1.99240 eV, broadening =   0.30000eV
     Writing data to file  /home/ubuntu/projects/Graphene-Band-Structure-Quantum-Espresso/outputs/field_0/PBE-d3/top/data/ldos.pp.dat531

     Calling punch_plot, plot_num =   3

     Energy =  -1.97240 eV, broadening =   0.30000eV
     Writing data to file  /home/ubuntu/projects/Graphene-Band-Structure-Quantum-Espresso/outputs/field_0/PBE-d3/top/data/ldos.pp.dat532

     Calling punch_plot, plot_num =   3

     Energy =  -1.95240 eV, broadening =   0.30000eV
     Writing data to file  /home/ubuntu/projects/Graphene-Band-Structure-Quantum-Espresso/outputs/field_0/PBE-d3/top/data/ldos.pp.dat533

     Calling punch_plot, plot_num =   3

     Energy =  -1.93240 eV, broadening =   0.30000eV
     Writing data to file  /home/ubuntu/projects/Graphene-Band-Structure-Quantum-Espresso/outputs/field_0/PBE-d3/top/data/ldos.pp.dat534

     Calling punch_plot, plot_num =   3

     Energy =  -1.91240 eV, broadening =   0.30000eV
     Writing data to file  /home/ubuntu/projects/Graphene-Band-Structure-Quantum-Espresso/outputs/field_0/PBE-d3/top/data/ldos.pp.dat535

     Calling punch_plot, plot_num =   3

     Energy =  -1.89240 eV, broadening =   0.30000eV
     Writing data to file  /home/ubuntu/projects/Graphene-Band-Structure-Quantum-Espresso/outputs/field_0/PBE-d3/top/data/ldos.pp.dat536

     Calling punch_plot, plot_num =   3

     Energy =  -1.87240 eV, broadening =   0.30000eV
     Writing data to file  /home/ubuntu/projects/Graphene-Band-Structure-Quantum-Espresso/outputs/field_0/PBE-d3/top/data/ldos.pp.dat537

     Calling punch_plot, plot_num =   3

     Energy =  -1.85240 eV, broadening =   0.30000eV
     Writing data to file  /home/ubuntu/projects/Graphene-Band-Structure-Quantum-Espresso/outputs/field_0/PBE-d3/top/data/ldos.pp.dat538

     Calling punch_plot, plot_num =   3

     Energy =  -1.83240 eV, broadening =   0.30000eV
     Writing data to file  /home/ubuntu/projects/Graphene-Band-Structure-Quantum-Espresso/outputs/field_0/PBE-d3/top/data/ldos.pp.dat539

     Calling punch_plot, plot_num =   3

     Energy =  -1.81240 eV, broadening =   0.30000eV
     Writing data to file  /home/ubuntu/projects/Graphene-Band-Structure-Quantum-Espresso/outputs/field_0/PBE-d3/top/data/ldos.pp.dat540

     Calling punch_plot, plot_num =   3

     Energy =  -1.79240 eV, broadening =   0.30000eV
     Writing data to file  /home/ubuntu/projects/Graphene-Band-Structure-Quantum-Espresso/outputs/field_0/PBE-d3/top/data/ldos.pp.dat541

     Calling punch_plot, plot_num =   3

     Energy =  -1.77240 eV, broadening =   0.30000eV
     Writing data to file  /home/ubuntu/projects/Graphene-Band-Structure-Quantum-Espresso/outputs/field_0/PBE-d3/top/data/ldos.pp.dat542

     Calling punch_plot, plot_num =   3

     Energy =  -1.75240 eV, broadening =   0.30000eV
     Writing data to file  /home/ubuntu/projects/Graphene-Band-Structure-Quantum-Espresso/outputs/field_0/PBE-d3/top/data/ldos.pp.dat543

     Calling punch_plot, plot_num =   3

     Energy =  -1.73240 eV, broadening =   0.30000eV
     Writing data to file  /home/ubuntu/projects/Graphene-Band-Structure-Quantum-Espresso/outputs/field_0/PBE-d3/top/data/ldos.pp.dat544

     Calling punch_plot, plot_num =   3

     Energy =  -1.71240 eV, broadening =   0.30000eV
     Writing data to file  /home/ubuntu/projects/Graphene-Band-Structure-Quantum-Espresso/outputs/field_0/PBE-d3/top/data/ldos.pp.dat545

     Calling punch_plot, plot_num =   3

     Energy =  -1.69240 eV, broadening =   0.30000eV
     Writing data to file  /home/ubuntu/projects/Graphene-Band-Structure-Quantum-Espresso/outputs/field_0/PBE-d3/top/data/ldos.pp.dat546

     Calling punch_plot, plot_num =   3

     Energy =  -1.67240 eV, broadening =   0.30000eV
     Writing data to file  /home/ubuntu/projects/Graphene-Band-Structure-Quantum-Espresso/outputs/field_0/PBE-d3/top/data/ldos.pp.dat547

     Calling punch_plot, plot_num =   3

     Energy =  -1.65240 eV, broadening =   0.30000eV
     Writing data to file  /home/ubuntu/projects/Graphene-Band-Structure-Quantum-Espresso/outputs/field_0/PBE-d3/top/data/ldos.pp.dat548

     Calling punch_plot, plot_num =   3

     Energy =  -1.63240 eV, broadening =   0.30000eV
     Writing data to file  /home/ubuntu/projects/Graphene-Band-Structure-Quantum-Espresso/outputs/field_0/PBE-d3/top/data/ldos.pp.dat549

     Calling punch_plot, plot_num =   3

     Energy =  -1.61240 eV, broadening =   0.30000eV
     Writing data to file  /home/ubuntu/projects/Graphene-Band-Structure-Quantum-Espresso/outputs/field_0/PBE-d3/top/data/ldos.pp.dat550

     Calling punch_plot, plot_num =   3

     Energy =  -1.59240 eV, broadening =   0.30000eV
     Writing data to file  /home/ubuntu/projects/Graphene-Band-Structure-Quantum-Espresso/outputs/field_0/PBE-d3/top/data/ldos.pp.dat551

     Calling punch_plot, plot_num =   3

     Energy =  -1.57240 eV, broadening =   0.30000eV
     Writing data to file  /home/ubuntu/projects/Graphene-Band-Structure-Quantum-Espresso/outputs/field_0/PBE-d3/top/data/ldos.pp.dat552

     Calling punch_plot, plot_num =   3

     Energy =  -1.55240 eV, broadening =   0.30000eV
     Writing data to file  /home/ubuntu/projects/Graphene-Band-Structure-Quantum-Espresso/outputs/field_0/PBE-d3/top/data/ldos.pp.dat553

     Calling punch_plot, plot_num =   3

     Energy =  -1.53240 eV, broadening =   0.30000eV
     Writing data to file  /home/ubuntu/projects/Graphene-Band-Structure-Quantum-Espresso/outputs/field_0/PBE-d3/top/data/ldos.pp.dat554

     Calling punch_plot, plot_num =   3

     Energy =  -1.51240 eV, broadening =   0.30000eV
     Writing data to file  /home/ubuntu/projects/Graphene-Band-Structure-Quantum-Espresso/outputs/field_0/PBE-d3/top/data/ldos.pp.dat555

     Calling punch_plot, plot_num =   3

     Energy =  -1.49240 eV, broadening =   0.30000eV
     Writing data to file  /home/ubuntu/projects/Graphene-Band-Structure-Quantum-Espresso/outputs/field_0/PBE-d3/top/data/ldos.pp.dat556

     Calling punch_plot, plot_num =   3

     Energy =  -1.47240 eV, broadening =   0.30000eV
     Writing data to file  /home/ubuntu/projects/Graphene-Band-Structure-Quantum-Espresso/outputs/field_0/PBE-d3/top/data/ldos.pp.dat557

     Calling punch_plot, plot_num =   3

     Energy =  -1.45240 eV, broadening =   0.30000eV
     Writing data to file  /home/ubuntu/projects/Graphene-Band-Structure-Quantum-Espresso/outputs/field_0/PBE-d3/top/data/ldos.pp.dat558

     Calling punch_plot, plot_num =   3

     Energy =  -1.43240 eV, broadening =   0.30000eV
     Writing data to file  /home/ubuntu/projects/Graphene-Band-Structure-Quantum-Espresso/outputs/field_0/PBE-d3/top/data/ldos.pp.dat559

     Calling punch_plot, plot_num =   3

     Energy =  -1.41240 eV, broadening =   0.30000eV
     Writing data to file  /home/ubuntu/projects/Graphene-Band-Structure-Quantum-Espresso/outputs/field_0/PBE-d3/top/data/ldos.pp.dat560

     Calling punch_plot, plot_num =   3

     Energy =  -1.39240 eV, broadening =   0.30000eV
     Writing data to file  /home/ubuntu/projects/Graphene-Band-Structure-Quantum-Espresso/outputs/field_0/PBE-d3/top/data/ldos.pp.dat561

     Calling punch_plot, plot_num =   3

     Energy =  -1.37240 eV, broadening =   0.30000eV
     Writing data to file  /home/ubuntu/projects/Graphene-Band-Structure-Quantum-Espresso/outputs/field_0/PBE-d3/top/data/ldos.pp.dat562

     Calling punch_plot, plot_num =   3

     Energy =  -1.35240 eV, broadening =   0.30000eV
     Writing data to file  /home/ubuntu/projects/Graphene-Band-Structure-Quantum-Espresso/outputs/field_0/PBE-d3/top/data/ldos.pp.dat563

     Calling punch_plot, plot_num =   3

     Energy =  -1.33240 eV, broadening =   0.30000eV
     Writing data to file  /home/ubuntu/projects/Graphene-Band-Structure-Quantum-Espresso/outputs/field_0/PBE-d3/top/data/ldos.pp.dat564

     Calling punch_plot, plot_num =   3

     Energy =  -1.31240 eV, broadening =   0.30000eV
     Writing data to file  /home/ubuntu/projects/Graphene-Band-Structure-Quantum-Espresso/outputs/field_0/PBE-d3/top/data/ldos.pp.dat565

     Calling punch_plot, plot_num =   3

     Energy =  -1.29240 eV, broadening =   0.30000eV
     Writing data to file  /home/ubuntu/projects/Graphene-Band-Structure-Quantum-Espresso/outputs/field_0/PBE-d3/top/data/ldos.pp.dat566

     Calling punch_plot, plot_num =   3

     Energy =  -1.27240 eV, broadening =   0.30000eV
     Writing data to file  /home/ubuntu/projects/Graphene-Band-Structure-Quantum-Espresso/outputs/field_0/PBE-d3/top/data/ldos.pp.dat567

     Calling punch_plot, plot_num =   3

     Energy =  -1.25240 eV, broadening =   0.30000eV
     Writing data to file  /home/ubuntu/projects/Graphene-Band-Structure-Quantum-Espresso/outputs/field_0/PBE-d3/top/data/ldos.pp.dat568

     Calling punch_plot, plot_num =   3

     Energy =  -1.23240 eV, broadening =   0.30000eV
     Writing data to file  /home/ubuntu/projects/Graphene-Band-Structure-Quantum-Espresso/outputs/field_0/PBE-d3/top/data/ldos.pp.dat569

     Calling punch_plot, plot_num =   3

     Energy =  -1.21240 eV, broadening =   0.30000eV
     Writing data to file  /home/ubuntu/projects/Graphene-Band-Structure-Quantum-Espresso/outputs/field_0/PBE-d3/top/data/ldos.pp.dat570

     Calling punch_plot, plot_num =   3

     Energy =  -1.19240 eV, broadening =   0.30000eV
     Writing data to file  /home/ubuntu/projects/Graphene-Band-Structure-Quantum-Espresso/outputs/field_0/PBE-d3/top/data/ldos.pp.dat571

     Calling punch_plot, plot_num =   3

     Energy =  -1.17240 eV, broadening =   0.30000eV
     Writing data to file  /home/ubuntu/projects/Graphene-Band-Structure-Quantum-Espresso/outputs/field_0/PBE-d3/top/data/ldos.pp.dat572

     Calling punch_plot, plot_num =   3

     Energy =  -1.15240 eV, broadening =   0.30000eV
     Writing data to file  /home/ubuntu/projects/Graphene-Band-Structure-Quantum-Espresso/outputs/field_0/PBE-d3/top/data/ldos.pp.dat573

     Calling punch_plot, plot_num =   3

     Energy =  -1.13240 eV, broadening =   0.30000eV
     Writing data to file  /home/ubuntu/projects/Graphene-Band-Structure-Quantum-Espresso/outputs/field_0/PBE-d3/top/data/ldos.pp.dat574

     Calling punch_plot, plot_num =   3

     Energy =  -1.11240 eV, broadening =   0.30000eV
     Writing data to file  /home/ubuntu/projects/Graphene-Band-Structure-Quantum-Espresso/outputs/field_0/PBE-d3/top/data/ldos.pp.dat575

     Calling punch_plot, plot_num =   3

     Energy =  -1.09240 eV, broadening =   0.30000eV
     Writing data to file  /home/ubuntu/projects/Graphene-Band-Structure-Quantum-Espresso/outputs/field_0/PBE-d3/top/data/ldos.pp.dat576

     Calling punch_plot, plot_num =   3

     Energy =  -1.07240 eV, broadening =   0.30000eV
     Writing data to file  /home/ubuntu/projects/Graphene-Band-Structure-Quantum-Espresso/outputs/field_0/PBE-d3/top/data/ldos.pp.dat577

     Calling punch_plot, plot_num =   3

     Energy =  -1.05240 eV, broadening =   0.30000eV
     Writing data to file  /home/ubuntu/projects/Graphene-Band-Structure-Quantum-Espresso/outputs/field_0/PBE-d3/top/data/ldos.pp.dat578

     Calling punch_plot, plot_num =   3

     Energy =  -1.03240 eV, broadening =   0.30000eV
     Writing data to file  /home/ubuntu/projects/Graphene-Band-Structure-Quantum-Espresso/outputs/field_0/PBE-d3/top/data/ldos.pp.dat579

     Calling punch_plot, plot_num =   3

     Energy =  -1.01240 eV, broadening =   0.30000eV
     Writing data to file  /home/ubuntu/projects/Graphene-Band-Structure-Quantum-Espresso/outputs/field_0/PBE-d3/top/data/ldos.pp.dat580

     Calling punch_plot, plot_num =   3

     Energy =  -0.99240 eV, broadening =   0.30000eV
     Writing data to file  /home/ubuntu/projects/Graphene-Band-Structure-Quantum-Espresso/outputs/field_0/PBE-d3/top/data/ldos.pp.dat581

     Calling punch_plot, plot_num =   3

     Energy =  -0.97240 eV, broadening =   0.30000eV
     Writing data to file  /home/ubuntu/projects/Graphene-Band-Structure-Quantum-Espresso/outputs/field_0/PBE-d3/top/data/ldos.pp.dat582

     Calling punch_plot, plot_num =   3

     Energy =  -0.95240 eV, broadening =   0.30000eV
     Writing data to file  /home/ubuntu/projects/Graphene-Band-Structure-Quantum-Espresso/outputs/field_0/PBE-d3/top/data/ldos.pp.dat583

     Calling punch_plot, plot_num =   3

     Energy =  -0.93240 eV, broadening =   0.30000eV
     Writing data to file  /home/ubuntu/projects/Graphene-Band-Structure-Quantum-Espresso/outputs/field_0/PBE-d3/top/data/ldos.pp.dat584

     Calling punch_plot, plot_num =   3

     Energy =  -0.91240 eV, broadening =   0.30000eV
     Writing data to file  /home/ubuntu/projects/Graphene-Band-Structure-Quantum-Espresso/outputs/field_0/PBE-d3/top/data/ldos.pp.dat585

     Calling punch_plot, plot_num =   3

     Energy =  -0.89240 eV, broadening =   0.30000eV
     Writing data to file  /home/ubuntu/projects/Graphene-Band-Structure-Quantum-Espresso/outputs/field_0/PBE-d3/top/data/ldos.pp.dat586

     Calling punch_plot, plot_num =   3

     Energy =  -0.87240 eV, broadening =   0.30000eV
     Writing data to file  /home/ubuntu/projects/Graphene-Band-Structure-Quantum-Espresso/outputs/field_0/PBE-d3/top/data/ldos.pp.dat587

     Calling punch_plot, plot_num =   3

     Energy =  -0.85240 eV, broadening =   0.30000eV
     Writing data to file  /home/ubuntu/projects/Graphene-Band-Structure-Quantum-Espresso/outputs/field_0/PBE-d3/top/data/ldos.pp.dat588

     Calling punch_plot, plot_num =   3

     Energy =  -0.83240 eV, broadening =   0.30000eV
     Writing data to file  /home/ubuntu/projects/Graphene-Band-Structure-Quantum-Espresso/outputs/field_0/PBE-d3/top/data/ldos.pp.dat589

     Calling punch_plot, plot_num =   3

     Energy =  -0.81240 eV, broadening =   0.30000eV
     Writing data to file  /home/ubuntu/projects/Graphene-Band-Structure-Quantum-Espresso/outputs/field_0/PBE-d3/top/data/ldos.pp.dat590

     Calling punch_plot, plot_num =   3

     Energy =  -0.79240 eV, broadening =   0.30000eV
     Writing data to file  /home/ubuntu/projects/Graphene-Band-Structure-Quantum-Espresso/outputs/field_0/PBE-d3/top/data/ldos.pp.dat591

     Calling punch_plot, plot_num =   3

     Energy =  -0.77240 eV, broadening =   0.30000eV
     Writing data to file  /home/ubuntu/projects/Graphene-Band-Structure-Quantum-Espresso/outputs/field_0/PBE-d3/top/data/ldos.pp.dat592

     Calling punch_plot, plot_num =   3

     Energy =  -0.75240 eV, broadening =   0.30000eV
     Writing data to file  /home/ubuntu/projects/Graphene-Band-Structure-Quantum-Espresso/outputs/field_0/PBE-d3/top/data/ldos.pp.dat593

     Calling punch_plot, plot_num =   3

     Energy =  -0.73240 eV, broadening =   0.30000eV
     Writing data to file  /home/ubuntu/projects/Graphene-Band-Structure-Quantum-Espresso/outputs/field_0/PBE-d3/top/data/ldos.pp.dat594

     Calling punch_plot, plot_num =   3

     Energy =  -0.71240 eV, broadening =   0.30000eV
     Writing data to file  /home/ubuntu/projects/Graphene-Band-Structure-Quantum-Espresso/outputs/field_0/PBE-d3/top/data/ldos.pp.dat595

     Calling punch_plot, plot_num =   3

     Energy =  -0.69240 eV, broadening =   0.30000eV
     Writing data to file  /home/ubuntu/projects/Graphene-Band-Structure-Quantum-Espresso/outputs/field_0/PBE-d3/top/data/ldos.pp.dat596

     Calling punch_plot, plot_num =   3

     Energy =  -0.67240 eV, broadening =   0.30000eV
     Writing data to file  /home/ubuntu/projects/Graphene-Band-Structure-Quantum-Espresso/outputs/field_0/PBE-d3/top/data/ldos.pp.dat597

     Calling punch_plot, plot_num =   3

     Energy =  -0.65240 eV, broadening =   0.30000eV
     Writing data to file  /home/ubuntu/projects/Graphene-Band-Structure-Quantum-Espresso/outputs/field_0/PBE-d3/top/data/ldos.pp.dat598

     Calling punch_plot, plot_num =   3

     Energy =  -0.63240 eV, broadening =   0.30000eV
     Writing data to file  /home/ubuntu/projects/Graphene-Band-Structure-Quantum-Espresso/outputs/field_0/PBE-d3/top/data/ldos.pp.dat599

     Calling punch_plot, plot_num =   3

     Energy =  -0.61240 eV, broadening =   0.30000eV
     Writing data to file  /home/ubuntu/projects/Graphene-Band-Structure-Quantum-Espresso/outputs/field_0/PBE-d3/top/data/ldos.pp.dat600

     Calling punch_plot, plot_num =   3

     Energy =  -0.59240 eV, broadening =   0.30000eV
     Writing data to file  /home/ubuntu/projects/Graphene-Band-Structure-Quantum-Espresso/outputs/field_0/PBE-d3/top/data/ldos.pp.dat601

     Calling punch_plot, plot_num =   3

     Energy =  -0.57240 eV, broadening =   0.30000eV
     Writing data to file  /home/ubuntu/projects/Graphene-Band-Structure-Quantum-Espresso/outputs/field_0/PBE-d3/top/data/ldos.pp.dat602

     Calling punch_plot, plot_num =   3

     Energy =  -0.55240 eV, broadening =   0.30000eV
     Writing data to file  /home/ubuntu/projects/Graphene-Band-Structure-Quantum-Espresso/outputs/field_0/PBE-d3/top/data/ldos.pp.dat603

     Calling punch_plot, plot_num =   3

     Energy =  -0.53240 eV, broadening =   0.30000eV
     Writing data to file  /home/ubuntu/projects/Graphene-Band-Structure-Quantum-Espresso/outputs/field_0/PBE-d3/top/data/ldos.pp.dat604

     Calling punch_plot, plot_num =   3

     Energy =  -0.51240 eV, broadening =   0.30000eV
     Writing data to file  /home/ubuntu/projects/Graphene-Band-Structure-Quantum-Espresso/outputs/field_0/PBE-d3/top/data/ldos.pp.dat605

     Calling punch_plot, plot_num =   3

     Energy =  -0.49240 eV, broadening =   0.30000eV
     Writing data to file  /home/ubuntu/projects/Graphene-Band-Structure-Quantum-Espresso/outputs/field_0/PBE-d3/top/data/ldos.pp.dat606

     Calling punch_plot, plot_num =   3

     Energy =  -0.47240 eV, broadening =   0.30000eV
     Writing data to file  /home/ubuntu/projects/Graphene-Band-Structure-Quantum-Espresso/outputs/field_0/PBE-d3/top/data/ldos.pp.dat607

     Calling punch_plot, plot_num =   3

     Energy =  -0.45240 eV, broadening =   0.30000eV
     Writing data to file  /home/ubuntu/projects/Graphene-Band-Structure-Quantum-Espresso/outputs/field_0/PBE-d3/top/data/ldos.pp.dat608

     Calling punch_plot, plot_num =   3

     Energy =  -0.43240 eV, broadening =   0.30000eV
     Writing data to file  /home/ubuntu/projects/Graphene-Band-Structure-Quantum-Espresso/outputs/field_0/PBE-d3/top/data/ldos.pp.dat609

     Calling punch_plot, plot_num =   3

     Energy =  -0.41240 eV, broadening =   0.30000eV
     Writing data to file  /home/ubuntu/projects/Graphene-Band-Structure-Quantum-Espresso/outputs/field_0/PBE-d3/top/data/ldos.pp.dat610

     Calling punch_plot, plot_num =   3

     Energy =  -0.39240 eV, broadening =   0.30000eV
     Writing data to file  /home/ubuntu/projects/Graphene-Band-Structure-Quantum-Espresso/outputs/field_0/PBE-d3/top/data/ldos.pp.dat611

     Calling punch_plot, plot_num =   3

     Energy =  -0.37240 eV, broadening =   0.30000eV
     Writing data to file  /home/ubuntu/projects/Graphene-Band-Structure-Quantum-Espresso/outputs/field_0/PBE-d3/top/data/ldos.pp.dat612

     Calling punch_plot, plot_num =   3

     Energy =  -0.35240 eV, broadening =   0.30000eV
     Writing data to file  /home/ubuntu/projects/Graphene-Band-Structure-Quantum-Espresso/outputs/field_0/PBE-d3/top/data/ldos.pp.dat613

     Calling punch_plot, plot_num =   3

     Energy =  -0.33240 eV, broadening =   0.30000eV
     Writing data to file  /home/ubuntu/projects/Graphene-Band-Structure-Quantum-Espresso/outputs/field_0/PBE-d3/top/data/ldos.pp.dat614

     Calling punch_plot, plot_num =   3

     Energy =  -0.31240 eV, broadening =   0.30000eV
     Writing data to file  /home/ubuntu/projects/Graphene-Band-Structure-Quantum-Espresso/outputs/field_0/PBE-d3/top/data/ldos.pp.dat615

     Calling punch_plot, plot_num =   3

     Energy =  -0.29240 eV, broadening =   0.30000eV
     Writing data to file  /home/ubuntu/projects/Graphene-Band-Structure-Quantum-Espresso/outputs/field_0/PBE-d3/top/data/ldos.pp.dat616

     Calling punch_plot, plot_num =   3

     Energy =  -0.27240 eV, broadening =   0.30000eV
     Writing data to file  /home/ubuntu/projects/Graphene-Band-Structure-Quantum-Espresso/outputs/field_0/PBE-d3/top/data/ldos.pp.dat617

     Calling punch_plot, plot_num =   3

     Energy =  -0.25240 eV, broadening =   0.30000eV
     Writing data to file  /home/ubuntu/projects/Graphene-Band-Structure-Quantum-Espresso/outputs/field_0/PBE-d3/top/data/ldos.pp.dat618

     Calling punch_plot, plot_num =   3

     Energy =  -0.23240 eV, broadening =   0.30000eV
     Writing data to file  /home/ubuntu/projects/Graphene-Band-Structure-Quantum-Espresso/outputs/field_0/PBE-d3/top/data/ldos.pp.dat619

     Calling punch_plot, plot_num =   3

     Energy =  -0.21240 eV, broadening =   0.30000eV
     Writing data to file  /home/ubuntu/projects/Graphene-Band-Structure-Quantum-Espresso/outputs/field_0/PBE-d3/top/data/ldos.pp.dat620

     Calling punch_plot, plot_num =   3

     Energy =  -0.19240 eV, broadening =   0.30000eV
     Writing data to file  /home/ubuntu/projects/Graphene-Band-Structure-Quantum-Espresso/outputs/field_0/PBE-d3/top/data/ldos.pp.dat621

     Calling punch_plot, plot_num =   3

     Energy =  -0.17240 eV, broadening =   0.30000eV
     Writing data to file  /home/ubuntu/projects/Graphene-Band-Structure-Quantum-Espresso/outputs/field_0/PBE-d3/top/data/ldos.pp.dat622

     Calling punch_plot, plot_num =   3

     Energy =  -0.15240 eV, broadening =   0.30000eV
     Writing data to file  /home/ubuntu/projects/Graphene-Band-Structure-Quantum-Espresso/outputs/field_0/PBE-d3/top/data/ldos.pp.dat623

     Calling punch_plot, plot_num =   3

     Energy =  -0.13240 eV, broadening =   0.30000eV
     Writing data to file  /home/ubuntu/projects/Graphene-Band-Structure-Quantum-Espresso/outputs/field_0/PBE-d3/top/data/ldos.pp.dat624

     Calling punch_plot, plot_num =   3

     Energy =  -0.11240 eV, broadening =   0.30000eV
     Writing data to file  /home/ubuntu/projects/Graphene-Band-Structure-Quantum-Espresso/outputs/field_0/PBE-d3/top/data/ldos.pp.dat625

     Calling punch_plot, plot_num =   3

     Energy =  -0.09240 eV, broadening =   0.30000eV
     Writing data to file  /home/ubuntu/projects/Graphene-Band-Structure-Quantum-Espresso/outputs/field_0/PBE-d3/top/data/ldos.pp.dat626

     Calling punch_plot, plot_num =   3

     Energy =  -0.07240 eV, broadening =   0.30000eV
     Writing data to file  /home/ubuntu/projects/Graphene-Band-Structure-Quantum-Espresso/outputs/field_0/PBE-d3/top/data/ldos.pp.dat627

     Calling punch_plot, plot_num =   3

     Energy =  -0.05240 eV, broadening =   0.30000eV
     Writing data to file  /home/ubuntu/projects/Graphene-Band-Structure-Quantum-Espresso/outputs/field_0/PBE-d3/top/data/ldos.pp.dat628

     Calling punch_plot, plot_num =   3

     Energy =  -0.03240 eV, broadening =   0.30000eV
     Writing data to file  /home/ubuntu/projects/Graphene-Band-Structure-Quantum-Espresso/outputs/field_0/PBE-d3/top/data/ldos.pp.dat629

     Calling punch_plot, plot_num =   3

     Energy =  -0.01240 eV, broadening =   0.30000eV
     Writing data to file  /home/ubuntu/projects/Graphene-Band-Structure-Quantum-Espresso/outputs/field_0/PBE-d3/top/data/ldos.pp.dat630

     Calling punch_plot, plot_num =   3

     Energy =   0.00760 eV, broadening =   0.30000eV
     Writing data to file  /home/ubuntu/projects/Graphene-Band-Structure-Quantum-Espresso/outputs/field_0/PBE-d3/top/data/ldos.pp.dat631

     Calling punch_plot, plot_num =   3

     Energy =   0.02760 eV, broadening =   0.30000eV
     Writing data to file  /home/ubuntu/projects/Graphene-Band-Structure-Quantum-Espresso/outputs/field_0/PBE-d3/top/data/ldos.pp.dat632

     Calling punch_plot, plot_num =   3

     Energy =   0.04760 eV, broadening =   0.30000eV
     Writing data to file  /home/ubuntu/projects/Graphene-Band-Structure-Quantum-Espresso/outputs/field_0/PBE-d3/top/data/ldos.pp.dat633

     Calling punch_plot, plot_num =   3

     Energy =   0.06760 eV, broadening =   0.30000eV
     Writing data to file  /home/ubuntu/projects/Graphene-Band-Structure-Quantum-Espresso/outputs/field_0/PBE-d3/top/data/ldos.pp.dat634

     Calling punch_plot, plot_num =   3

     Energy =   0.08760 eV, broadening =   0.30000eV
     Writing data to file  /home/ubuntu/projects/Graphene-Band-Structure-Quantum-Espresso/outputs/field_0/PBE-d3/top/data/ldos.pp.dat635

     Calling punch_plot, plot_num =   3

     Energy =   0.10760 eV, broadening =   0.30000eV
     Writing data to file  /home/ubuntu/projects/Graphene-Band-Structure-Quantum-Espresso/outputs/field_0/PBE-d3/top/data/ldos.pp.dat636

     Calling punch_plot, plot_num =   3

     Energy =   0.12760 eV, broadening =   0.30000eV
     Writing data to file  /home/ubuntu/projects/Graphene-Band-Structure-Quantum-Espresso/outputs/field_0/PBE-d3/top/data/ldos.pp.dat637

     Calling punch_plot, plot_num =   3

     Energy =   0.14760 eV, broadening =   0.30000eV
     Writing data to file  /home/ubuntu/projects/Graphene-Band-Structure-Quantum-Espresso/outputs/field_0/PBE-d3/top/data/ldos.pp.dat638

     Calling punch_plot, plot_num =   3

     Energy =   0.16760 eV, broadening =   0.30000eV
     Writing data to file  /home/ubuntu/projects/Graphene-Band-Structure-Quantum-Espresso/outputs/field_0/PBE-d3/top/data/ldos.pp.dat639

     Calling punch_plot, plot_num =   3

     Energy =   0.18760 eV, broadening =   0.30000eV
     Writing data to file  /home/ubuntu/projects/Graphene-Band-Structure-Quantum-Espresso/outputs/field_0/PBE-d3/top/data/ldos.pp.dat640

     Calling punch_plot, plot_num =   3

     Energy =   0.20760 eV, broadening =   0.30000eV
     Writing data to file  /home/ubuntu/projects/Graphene-Band-Structure-Quantum-Espresso/outputs/field_0/PBE-d3/top/data/ldos.pp.dat641

     Calling punch_plot, plot_num =   3

     Energy =   0.22760 eV, broadening =   0.30000eV
     Writing data to file  /home/ubuntu/projects/Graphene-Band-Structure-Quantum-Espresso/outputs/field_0/PBE-d3/top/data/ldos.pp.dat642

     Calling punch_plot, plot_num =   3

     Energy =   0.24760 eV, broadening =   0.30000eV
     Writing data to file  /home/ubuntu/projects/Graphene-Band-Structure-Quantum-Espresso/outputs/field_0/PBE-d3/top/data/ldos.pp.dat643

     Calling punch_plot, plot_num =   3

     Energy =   0.26760 eV, broadening =   0.30000eV
     Writing data to file  /home/ubuntu/projects/Graphene-Band-Structure-Quantum-Espresso/outputs/field_0/PBE-d3/top/data/ldos.pp.dat644

     Calling punch_plot, plot_num =   3

     Energy =   0.28760 eV, broadening =   0.30000eV
     Writing data to file  /home/ubuntu/projects/Graphene-Band-Structure-Quantum-Espresso/outputs/field_0/PBE-d3/top/data/ldos.pp.dat645

     Calling punch_plot, plot_num =   3

     Energy =   0.30760 eV, broadening =   0.30000eV
     Writing data to file  /home/ubuntu/projects/Graphene-Band-Structure-Quantum-Espresso/outputs/field_0/PBE-d3/top/data/ldos.pp.dat646

     Calling punch_plot, plot_num =   3

     Energy =   0.32760 eV, broadening =   0.30000eV
     Writing data to file  /home/ubuntu/projects/Graphene-Band-Structure-Quantum-Espresso/outputs/field_0/PBE-d3/top/data/ldos.pp.dat647

     Calling punch_plot, plot_num =   3

     Energy =   0.34760 eV, broadening =   0.30000eV
     Writing data to file  /home/ubuntu/projects/Graphene-Band-Structure-Quantum-Espresso/outputs/field_0/PBE-d3/top/data/ldos.pp.dat648

     Calling punch_plot, plot_num =   3

     Energy =   0.36760 eV, broadening =   0.30000eV
     Writing data to file  /home/ubuntu/projects/Graphene-Band-Structure-Quantum-Espresso/outputs/field_0/PBE-d3/top/data/ldos.pp.dat649

     Calling punch_plot, plot_num =   3

     Energy =   0.38760 eV, broadening =   0.30000eV
     Writing data to file  /home/ubuntu/projects/Graphene-Band-Structure-Quantum-Espresso/outputs/field_0/PBE-d3/top/data/ldos.pp.dat650

     Calling punch_plot, plot_num =   3

     Energy =   0.40760 eV, broadening =   0.30000eV
     Writing data to file  /home/ubuntu/projects/Graphene-Band-Structure-Quantum-Espresso/outputs/field_0/PBE-d3/top/data/ldos.pp.dat651

     Calling punch_plot, plot_num =   3

     Energy =   0.42760 eV, broadening =   0.30000eV
     Writing data to file  /home/ubuntu/projects/Graphene-Band-Structure-Quantum-Espresso/outputs/field_0/PBE-d3/top/data/ldos.pp.dat652

     Calling punch_plot, plot_num =   3

     Energy =   0.44760 eV, broadening =   0.30000eV
     Writing data to file  /home/ubuntu/projects/Graphene-Band-Structure-Quantum-Espresso/outputs/field_0/PBE-d3/top/data/ldos.pp.dat653

     Calling punch_plot, plot_num =   3

     Energy =   0.46760 eV, broadening =   0.30000eV
     Writing data to file  /home/ubuntu/projects/Graphene-Band-Structure-Quantum-Espresso/outputs/field_0/PBE-d3/top/data/ldos.pp.dat654

     Calling punch_plot, plot_num =   3

     Energy =   0.48760 eV, broadening =   0.30000eV
     Writing data to file  /home/ubuntu/projects/Graphene-Band-Structure-Quantum-Espresso/outputs/field_0/PBE-d3/top/data/ldos.pp.dat655

     Calling punch_plot, plot_num =   3

     Energy =   0.50760 eV, broadening =   0.30000eV
     Writing data to file  /home/ubuntu/projects/Graphene-Band-Structure-Quantum-Espresso/outputs/field_0/PBE-d3/top/data/ldos.pp.dat656

     Calling punch_plot, plot_num =   3

     Energy =   0.52760 eV, broadening =   0.30000eV
     Writing data to file  /home/ubuntu/projects/Graphene-Band-Structure-Quantum-Espresso/outputs/field_0/PBE-d3/top/data/ldos.pp.dat657

     Calling punch_plot, plot_num =   3

     Energy =   0.54760 eV, broadening =   0.30000eV
     Writing data to file  /home/ubuntu/projects/Graphene-Band-Structure-Quantum-Espresso/outputs/field_0/PBE-d3/top/data/ldos.pp.dat658

     Calling punch_plot, plot_num =   3

     Energy =   0.56760 eV, broadening =   0.30000eV
     Writing data to file  /home/ubuntu/projects/Graphene-Band-Structure-Quantum-Espresso/outputs/field_0/PBE-d3/top/data/ldos.pp.dat659

     Calling punch_plot, plot_num =   3

     Energy =   0.58760 eV, broadening =   0.30000eV
     Writing data to file  /home/ubuntu/projects/Graphene-Band-Structure-Quantum-Espresso/outputs/field_0/PBE-d3/top/data/ldos.pp.dat660

     Calling punch_plot, plot_num =   3

     Energy =   0.60760 eV, broadening =   0.30000eV
     Writing data to file  /home/ubuntu/projects/Graphene-Band-Structure-Quantum-Espresso/outputs/field_0/PBE-d3/top/data/ldos.pp.dat661

     Calling punch_plot, plot_num =   3

     Energy =   0.62760 eV, broadening =   0.30000eV
     Writing data to file  /home/ubuntu/projects/Graphene-Band-Structure-Quantum-Espresso/outputs/field_0/PBE-d3/top/data/ldos.pp.dat662

     Calling punch_plot, plot_num =   3

     Energy =   0.64760 eV, broadening =   0.30000eV
     Writing data to file  /home/ubuntu/projects/Graphene-Band-Structure-Quantum-Espresso/outputs/field_0/PBE-d3/top/data/ldos.pp.dat663

     Calling punch_plot, plot_num =   3

     Energy =   0.66760 eV, broadening =   0.30000eV
     Writing data to file  /home/ubuntu/projects/Graphene-Band-Structure-Quantum-Espresso/outputs/field_0/PBE-d3/top/data/ldos.pp.dat664

     Calling punch_plot, plot_num =   3

     Energy =   0.68760 eV, broadening =   0.30000eV
     Writing data to file  /home/ubuntu/projects/Graphene-Band-Structure-Quantum-Espresso/outputs/field_0/PBE-d3/top/data/ldos.pp.dat665

     Calling punch_plot, plot_num =   3

     Energy =   0.70760 eV, broadening =   0.30000eV
     Writing data to file  /home/ubuntu/projects/Graphene-Band-Structure-Quantum-Espresso/outputs/field_0/PBE-d3/top/data/ldos.pp.dat666

     Calling punch_plot, plot_num =   3

     Energy =   0.72760 eV, broadening =   0.30000eV
     Writing data to file  /home/ubuntu/projects/Graphene-Band-Structure-Quantum-Espresso/outputs/field_0/PBE-d3/top/data/ldos.pp.dat667

     Calling punch_plot, plot_num =   3

     Energy =   0.74760 eV, broadening =   0.30000eV
     Writing data to file  /home/ubuntu/projects/Graphene-Band-Structure-Quantum-Espresso/outputs/field_0/PBE-d3/top/data/ldos.pp.dat668

     Calling punch_plot, plot_num =   3

     Energy =   0.76760 eV, broadening =   0.30000eV
     Writing data to file  /home/ubuntu/projects/Graphene-Band-Structure-Quantum-Espresso/outputs/field_0/PBE-d3/top/data/ldos.pp.dat669

     Calling punch_plot, plot_num =   3

     Energy =   0.78760 eV, broadening =   0.30000eV
     Writing data to file  /home/ubuntu/projects/Graphene-Band-Structure-Quantum-Espresso/outputs/field_0/PBE-d3/top/data/ldos.pp.dat670

     Calling punch_plot, plot_num =   3

     Energy =   0.80760 eV, broadening =   0.30000eV
     Writing data to file  /home/ubuntu/projects/Graphene-Band-Structure-Quantum-Espresso/outputs/field_0/PBE-d3/top/data/ldos.pp.dat671

     Calling punch_plot, plot_num =   3

     Energy =   0.82760 eV, broadening =   0.30000eV
     Writing data to file  /home/ubuntu/projects/Graphene-Band-Structure-Quantum-Espresso/outputs/field_0/PBE-d3/top/data/ldos.pp.dat672

     Calling punch_plot, plot_num =   3

     Energy =   0.84760 eV, broadening =   0.30000eV
     Writing data to file  /home/ubuntu/projects/Graphene-Band-Structure-Quantum-Espresso/outputs/field_0/PBE-d3/top/data/ldos.pp.dat673

     Calling punch_plot, plot_num =   3

     Energy =   0.86760 eV, broadening =   0.30000eV
     Writing data to file  /home/ubuntu/projects/Graphene-Band-Structure-Quantum-Espresso/outputs/field_0/PBE-d3/top/data/ldos.pp.dat674

     Calling punch_plot, plot_num =   3

     Energy =   0.88760 eV, broadening =   0.30000eV
     Writing data to file  /home/ubuntu/projects/Graphene-Band-Structure-Quantum-Espresso/outputs/field_0/PBE-d3/top/data/ldos.pp.dat675

     Calling punch_plot, plot_num =   3

     Energy =   0.90760 eV, broadening =   0.30000eV
     Writing data to file  /home/ubuntu/projects/Graphene-Band-Structure-Quantum-Espresso/outputs/field_0/PBE-d3/top/data/ldos.pp.dat676

     Calling punch_plot, plot_num =   3

     Energy =   0.92760 eV, broadening =   0.30000eV
     Writing data to file  /home/ubuntu/projects/Graphene-Band-Structure-Quantum-Espresso/outputs/field_0/PBE-d3/top/data/ldos.pp.dat677

     Calling punch_plot, plot_num =   3

     Energy =   0.94760 eV, broadening =   0.30000eV
     Writing data to file  /home/ubuntu/projects/Graphene-Band-Structure-Quantum-Espresso/outputs/field_0/PBE-d3/top/data/ldos.pp.dat678

     Calling punch_plot, plot_num =   3

     Energy =   0.96760 eV, broadening =   0.30000eV
     Writing data to file  /home/ubuntu/projects/Graphene-Band-Structure-Quantum-Espresso/outputs/field_0/PBE-d3/top/data/ldos.pp.dat679

     Calling punch_plot, plot_num =   3

     Energy =   0.98760 eV, broadening =   0.30000eV
     Writing data to file  /home/ubuntu/projects/Graphene-Band-Structure-Quantum-Espresso/outputs/field_0/PBE-d3/top/data/ldos.pp.dat680

     Calling punch_plot, plot_num =   3

     Energy =   1.00760 eV, broadening =   0.30000eV
     Writing data to file  /home/ubuntu/projects/Graphene-Band-Structure-Quantum-Espresso/outputs/field_0/PBE-d3/top/data/ldos.pp.dat681

     Calling punch_plot, plot_num =   3

     Energy =   1.02760 eV, broadening =   0.30000eV
     Writing data to file  /home/ubuntu/projects/Graphene-Band-Structure-Quantum-Espresso/outputs/field_0/PBE-d3/top/data/ldos.pp.dat682

     Calling punch_plot, plot_num =   3

     Energy =   1.04760 eV, broadening =   0.30000eV
     Writing data to file  /home/ubuntu/projects/Graphene-Band-Structure-Quantum-Espresso/outputs/field_0/PBE-d3/top/data/ldos.pp.dat683

     Calling punch_plot, plot_num =   3

     Energy =   1.06760 eV, broadening =   0.30000eV
     Writing data to file  /home/ubuntu/projects/Graphene-Band-Structure-Quantum-Espresso/outputs/field_0/PBE-d3/top/data/ldos.pp.dat684

     Calling punch_plot, plot_num =   3

     Energy =   1.08760 eV, broadening =   0.30000eV
     Writing data to file  /home/ubuntu/projects/Graphene-Band-Structure-Quantum-Espresso/outputs/field_0/PBE-d3/top/data/ldos.pp.dat685

     Calling punch_plot, plot_num =   3

     Energy =   1.10760 eV, broadening =   0.30000eV
     Writing data to file  /home/ubuntu/projects/Graphene-Band-Structure-Quantum-Espresso/outputs/field_0/PBE-d3/top/data/ldos.pp.dat686

     Calling punch_plot, plot_num =   3

     Energy =   1.12760 eV, broadening =   0.30000eV
     Writing data to file  /home/ubuntu/projects/Graphene-Band-Structure-Quantum-Espresso/outputs/field_0/PBE-d3/top/data/ldos.pp.dat687

     Calling punch_plot, plot_num =   3

     Energy =   1.14760 eV, broadening =   0.30000eV
     Writing data to file  /home/ubuntu/projects/Graphene-Band-Structure-Quantum-Espresso/outputs/field_0/PBE-d3/top/data/ldos.pp.dat688

     Calling punch_plot, plot_num =   3

     Energy =   1.16760 eV, broadening =   0.30000eV
     Writing data to file  /home/ubuntu/projects/Graphene-Band-Structure-Quantum-Espresso/outputs/field_0/PBE-d3/top/data/ldos.pp.dat689

     Calling punch_plot, plot_num =   3

     Energy =   1.18760 eV, broadening =   0.30000eV
     Writing data to file  /home/ubuntu/projects/Graphene-Band-Structure-Quantum-Espresso/outputs/field_0/PBE-d3/top/data/ldos.pp.dat690

     Calling punch_plot, plot_num =   3

     Energy =   1.20760 eV, broadening =   0.30000eV
     Writing data to file  /home/ubuntu/projects/Graphene-Band-Structure-Quantum-Espresso/outputs/field_0/PBE-d3/top/data/ldos.pp.dat691

     Calling punch_plot, plot_num =   3

     Energy =   1.22760 eV, broadening =   0.30000eV
     Writing data to file  /home/ubuntu/projects/Graphene-Band-Structure-Quantum-Espresso/outputs/field_0/PBE-d3/top/data/ldos.pp.dat692

     Calling punch_plot, plot_num =   3

     Energy =   1.24760 eV, broadening =   0.30000eV
     Writing data to file  /home/ubuntu/projects/Graphene-Band-Structure-Quantum-Espresso/outputs/field_0/PBE-d3/top/data/ldos.pp.dat693

     Calling punch_plot, plot_num =   3

     Energy =   1.26760 eV, broadening =   0.30000eV
     Writing data to file  /home/ubuntu/projects/Graphene-Band-Structure-Quantum-Espresso/outputs/field_0/PBE-d3/top/data/ldos.pp.dat694

     Calling punch_plot, plot_num =   3

     Energy =   1.28760 eV, broadening =   0.30000eV
     Writing data to file  /home/ubuntu/projects/Graphene-Band-Structure-Quantum-Espresso/outputs/field_0/PBE-d3/top/data/ldos.pp.dat695

     Calling punch_plot, plot_num =   3

     Energy =   1.30760 eV, broadening =   0.30000eV
     Writing data to file  /home/ubuntu/projects/Graphene-Band-Structure-Quantum-Espresso/outputs/field_0/PBE-d3/top/data/ldos.pp.dat696

     Calling punch_plot, plot_num =   3

     Energy =   1.32760 eV, broadening =   0.30000eV
     Writing data to file  /home/ubuntu/projects/Graphene-Band-Structure-Quantum-Espresso/outputs/field_0/PBE-d3/top/data/ldos.pp.dat697

     Calling punch_plot, plot_num =   3

     Energy =   1.34760 eV, broadening =   0.30000eV
     Writing data to file  /home/ubuntu/projects/Graphene-Band-Structure-Quantum-Espresso/outputs/field_0/PBE-d3/top/data/ldos.pp.dat698

     Calling punch_plot, plot_num =   3

     Energy =   1.36760 eV, broadening =   0.30000eV
     Writing data to file  /home/ubuntu/projects/Graphene-Band-Structure-Quantum-Espresso/outputs/field_0/PBE-d3/top/data/ldos.pp.dat699

     Calling punch_plot, plot_num =   3

     Energy =   1.38760 eV, broadening =   0.30000eV
     Writing data to file  /home/ubuntu/projects/Graphene-Band-Structure-Quantum-Espresso/outputs/field_0/PBE-d3/top/data/ldos.pp.dat700

     Calling punch_plot, plot_num =   3

     Energy =   1.40760 eV, broadening =   0.30000eV
     Writing data to file  /home/ubuntu/projects/Graphene-Band-Structure-Quantum-Espresso/outputs/field_0/PBE-d3/top/data/ldos.pp.dat701

     Calling punch_plot, plot_num =   3

     Energy =   1.42760 eV, broadening =   0.30000eV
     Writing data to file  /home/ubuntu/projects/Graphene-Band-Structure-Quantum-Espresso/outputs/field_0/PBE-d3/top/data/ldos.pp.dat702

     Calling punch_plot, plot_num =   3

     Energy =   1.44760 eV, broadening =   0.30000eV
     Writing data to file  /home/ubuntu/projects/Graphene-Band-Structure-Quantum-Espresso/outputs/field_0/PBE-d3/top/data/ldos.pp.dat703

     Calling punch_plot, plot_num =   3

     Energy =   1.46760 eV, broadening =   0.30000eV
     Writing data to file  /home/ubuntu/projects/Graphene-Band-Structure-Quantum-Espresso/outputs/field_0/PBE-d3/top/data/ldos.pp.dat704

     Calling punch_plot, plot_num =   3

     Energy =   1.48760 eV, broadening =   0.30000eV
     Writing data to file  /home/ubuntu/projects/Graphene-Band-Structure-Quantum-Espresso/outputs/field_0/PBE-d3/top/data/ldos.pp.dat705

     Calling punch_plot, plot_num =   3

     Energy =   1.50760 eV, broadening =   0.30000eV
     Writing data to file  /home/ubuntu/projects/Graphene-Band-Structure-Quantum-Espresso/outputs/field_0/PBE-d3/top/data/ldos.pp.dat706

     Calling punch_plot, plot_num =   3

     Energy =   1.52760 eV, broadening =   0.30000eV
     Writing data to file  /home/ubuntu/projects/Graphene-Band-Structure-Quantum-Espresso/outputs/field_0/PBE-d3/top/data/ldos.pp.dat707

     Calling punch_plot, plot_num =   3

     Energy =   1.54760 eV, broadening =   0.30000eV
     Writing data to file  /home/ubuntu/projects/Graphene-Band-Structure-Quantum-Espresso/outputs/field_0/PBE-d3/top/data/ldos.pp.dat708

     Calling punch_plot, plot_num =   3

     Energy =   1.56760 eV, broadening =   0.30000eV
     Writing data to file  /home/ubuntu/projects/Graphene-Band-Structure-Quantum-Espresso/outputs/field_0/PBE-d3/top/data/ldos.pp.dat709

     Calling punch_plot, plot_num =   3

     Energy =   1.58760 eV, broadening =   0.30000eV
     Writing data to file  /home/ubuntu/projects/Graphene-Band-Structure-Quantum-Espresso/outputs/field_0/PBE-d3/top/data/ldos.pp.dat710

     Calling punch_plot, plot_num =   3

     Energy =   1.60760 eV, broadening =   0.30000eV
     Writing data to file  /home/ubuntu/projects/Graphene-Band-Structure-Quantum-Espresso/outputs/field_0/PBE-d3/top/data/ldos.pp.dat711

     Calling punch_plot, plot_num =   3

     Energy =   1.62760 eV, broadening =   0.30000eV
     Writing data to file  /home/ubuntu/projects/Graphene-Band-Structure-Quantum-Espresso/outputs/field_0/PBE-d3/top/data/ldos.pp.dat712

     Calling punch_plot, plot_num =   3

     Energy =   1.64760 eV, broadening =   0.30000eV
     Writing data to file  /home/ubuntu/projects/Graphene-Band-Structure-Quantum-Espresso/outputs/field_0/PBE-d3/top/data/ldos.pp.dat713

     Calling punch_plot, plot_num =   3

     Energy =   1.66760 eV, broadening =   0.30000eV
     Writing data to file  /home/ubuntu/projects/Graphene-Band-Structure-Quantum-Espresso/outputs/field_0/PBE-d3/top/data/ldos.pp.dat714

     Calling punch_plot, plot_num =   3

     Energy =   1.68760 eV, broadening =   0.30000eV
     Writing data to file  /home/ubuntu/projects/Graphene-Band-Structure-Quantum-Espresso/outputs/field_0/PBE-d3/top/data/ldos.pp.dat715

     Calling punch_plot, plot_num =   3

     Energy =   1.70760 eV, broadening =   0.30000eV
     Writing data to file  /home/ubuntu/projects/Graphene-Band-Structure-Quantum-Espresso/outputs/field_0/PBE-d3/top/data/ldos.pp.dat716

     Calling punch_plot, plot_num =   3

     Energy =   1.72760 eV, broadening =   0.30000eV
     Writing data to file  /home/ubuntu/projects/Graphene-Band-Structure-Quantum-Espresso/outputs/field_0/PBE-d3/top/data/ldos.pp.dat717

     Calling punch_plot, plot_num =   3

     Energy =   1.74760 eV, broadening =   0.30000eV
     Writing data to file  /home/ubuntu/projects/Graphene-Band-Structure-Quantum-Espresso/outputs/field_0/PBE-d3/top/data/ldos.pp.dat718

     Calling punch_plot, plot_num =   3

     Energy =   1.76760 eV, broadening =   0.30000eV
     Writing data to file  /home/ubuntu/projects/Graphene-Band-Structure-Quantum-Espresso/outputs/field_0/PBE-d3/top/data/ldos.pp.dat719

     Calling punch_plot, plot_num =   3

     Energy =   1.78760 eV, broadening =   0.30000eV
     Writing data to file  /home/ubuntu/projects/Graphene-Band-Structure-Quantum-Espresso/outputs/field_0/PBE-d3/top/data/ldos.pp.dat720

     Calling punch_plot, plot_num =   3

     Energy =   1.80760 eV, broadening =   0.30000eV
     Writing data to file  /home/ubuntu/projects/Graphene-Band-Structure-Quantum-Espresso/outputs/field_0/PBE-d3/top/data/ldos.pp.dat721

     Calling punch_plot, plot_num =   3

     Energy =   1.82760 eV, broadening =   0.30000eV
     Writing data to file  /home/ubuntu/projects/Graphene-Band-Structure-Quantum-Espresso/outputs/field_0/PBE-d3/top/data/ldos.pp.dat722

     Calling punch_plot, plot_num =   3

     Energy =   1.84760 eV, broadening =   0.30000eV
     Writing data to file  /home/ubuntu/projects/Graphene-Band-Structure-Quantum-Espresso/outputs/field_0/PBE-d3/top/data/ldos.pp.dat723

     Calling punch_plot, plot_num =   3

     Energy =   1.86760 eV, broadening =   0.30000eV
     Writing data to file  /home/ubuntu/projects/Graphene-Band-Structure-Quantum-Espresso/outputs/field_0/PBE-d3/top/data/ldos.pp.dat724

     Calling punch_plot, plot_num =   3

     Energy =   1.88760 eV, broadening =   0.30000eV
     Writing data to file  /home/ubuntu/projects/Graphene-Band-Structure-Quantum-Espresso/outputs/field_0/PBE-d3/top/data/ldos.pp.dat725

     Calling punch_plot, plot_num =   3

     Energy =   1.90760 eV, broadening =   0.30000eV
     Writing data to file  /home/ubuntu/projects/Graphene-Band-Structure-Quantum-Espresso/outputs/field_0/PBE-d3/top/data/ldos.pp.dat726

     Calling punch_plot, plot_num =   3

     Energy =   1.92760 eV, broadening =   0.30000eV
     Writing data to file  /home/ubuntu/projects/Graphene-Band-Structure-Quantum-Espresso/outputs/field_0/PBE-d3/top/data/ldos.pp.dat727

     Calling punch_plot, plot_num =   3

     Energy =   1.94760 eV, broadening =   0.30000eV
     Writing data to file  /home/ubuntu/projects/Graphene-Band-Structure-Quantum-Espresso/outputs/field_0/PBE-d3/top/data/ldos.pp.dat728

     Calling punch_plot, plot_num =   3

     Energy =   1.96760 eV, broadening =   0.30000eV
     Writing data to file  /home/ubuntu/projects/Graphene-Band-Structure-Quantum-Espresso/outputs/field_0/PBE-d3/top/data/ldos.pp.dat729

     Calling punch_plot, plot_num =   3

     Energy =   1.98760 eV, broadening =   0.30000eV
     Writing data to file  /home/ubuntu/projects/Graphene-Band-Structure-Quantum-Espresso/outputs/field_0/PBE-d3/top/data/ldos.pp.dat730

     Calling punch_plot, plot_num =   3

     Energy =   2.00760 eV, broadening =   0.30000eV
     Writing data to file  /home/ubuntu/projects/Graphene-Band-Structure-Quantum-Espresso/outputs/field_0/PBE-d3/top/data/ldos.pp.dat731

     Calling punch_plot, plot_num =   3

     Energy =   2.02760 eV, broadening =   0.30000eV
     Writing data to file  /home/ubuntu/projects/Graphene-Band-Structure-Quantum-Espresso/outputs/field_0/PBE-d3/top/data/ldos.pp.dat732

     Calling punch_plot, plot_num =   3

     Energy =   2.04760 eV, broadening =   0.30000eV
     Writing data to file  /home/ubuntu/projects/Graphene-Band-Structure-Quantum-Espresso/outputs/field_0/PBE-d3/top/data/ldos.pp.dat733

     Calling punch_plot, plot_num =   3

     Energy =   2.06760 eV, broadening =   0.30000eV
     Writing data to file  /home/ubuntu/projects/Graphene-Band-Structure-Quantum-Espresso/outputs/field_0/PBE-d3/top/data/ldos.pp.dat734

     Calling punch_plot, plot_num =   3

     Energy =   2.08760 eV, broadening =   0.30000eV
     Writing data to file  /home/ubuntu/projects/Graphene-Band-Structure-Quantum-Espresso/outputs/field_0/PBE-d3/top/data/ldos.pp.dat735

     Calling punch_plot, plot_num =   3

     Energy =   2.10760 eV, broadening =   0.30000eV
     Writing data to file  /home/ubuntu/projects/Graphene-Band-Structure-Quantum-Espresso/outputs/field_0/PBE-d3/top/data/ldos.pp.dat736

     Calling punch_plot, plot_num =   3

     Energy =   2.12760 eV, broadening =   0.30000eV
     Writing data to file  /home/ubuntu/projects/Graphene-Band-Structure-Quantum-Espresso/outputs/field_0/PBE-d3/top/data/ldos.pp.dat737

     Calling punch_plot, plot_num =   3

     Energy =   2.14760 eV, broadening =   0.30000eV
     Writing data to file  /home/ubuntu/projects/Graphene-Band-Structure-Quantum-Espresso/outputs/field_0/PBE-d3/top/data/ldos.pp.dat738

     Calling punch_plot, plot_num =   3

     Energy =   2.16760 eV, broadening =   0.30000eV
     Writing data to file  /home/ubuntu/projects/Graphene-Band-Structure-Quantum-Espresso/outputs/field_0/PBE-d3/top/data/ldos.pp.dat739

     Calling punch_plot, plot_num =   3

     Energy =   2.18760 eV, broadening =   0.30000eV
     Writing data to file  /home/ubuntu/projects/Graphene-Band-Structure-Quantum-Espresso/outputs/field_0/PBE-d3/top/data/ldos.pp.dat740

     Calling punch_plot, plot_num =   3

     Energy =   2.20760 eV, broadening =   0.30000eV
     Writing data to file  /home/ubuntu/projects/Graphene-Band-Structure-Quantum-Espresso/outputs/field_0/PBE-d3/top/data/ldos.pp.dat741

     Calling punch_plot, plot_num =   3

     Energy =   2.22760 eV, broadening =   0.30000eV
     Writing data to file  /home/ubuntu/projects/Graphene-Band-Structure-Quantum-Espresso/outputs/field_0/PBE-d3/top/data/ldos.pp.dat742

     Calling punch_plot, plot_num =   3

     Energy =   2.24760 eV, broadening =   0.30000eV
     Writing data to file  /home/ubuntu/projects/Graphene-Band-Structure-Quantum-Espresso/outputs/field_0/PBE-d3/top/data/ldos.pp.dat743

     Calling punch_plot, plot_num =   3

     Energy =   2.26760 eV, broadening =   0.30000eV
     Writing data to file  /home/ubuntu/projects/Graphene-Band-Structure-Quantum-Espresso/outputs/field_0/PBE-d3/top/data/ldos.pp.dat744

     Calling punch_plot, plot_num =   3

     Energy =   2.28760 eV, broadening =   0.30000eV
     Writing data to file  /home/ubuntu/projects/Graphene-Band-Structure-Quantum-Espresso/outputs/field_0/PBE-d3/top/data/ldos.pp.dat745

     Calling punch_plot, plot_num =   3

     Energy =   2.30760 eV, broadening =   0.30000eV
     Writing data to file  /home/ubuntu/projects/Graphene-Band-Structure-Quantum-Espresso/outputs/field_0/PBE-d3/top/data/ldos.pp.dat746

     Calling punch_plot, plot_num =   3

     Energy =   2.32760 eV, broadening =   0.30000eV
     Writing data to file  /home/ubuntu/projects/Graphene-Band-Structure-Quantum-Espresso/outputs/field_0/PBE-d3/top/data/ldos.pp.dat747

     Calling punch_plot, plot_num =   3

     Energy =   2.34760 eV, broadening =   0.30000eV
     Writing data to file  /home/ubuntu/projects/Graphene-Band-Structure-Quantum-Espresso/outputs/field_0/PBE-d3/top/data/ldos.pp.dat748

     Calling punch_plot, plot_num =   3

     Energy =   2.36760 eV, broadening =   0.30000eV
     Writing data to file  /home/ubuntu/projects/Graphene-Band-Structure-Quantum-Espresso/outputs/field_0/PBE-d3/top/data/ldos.pp.dat749

     Calling punch_plot, plot_num =   3

     Energy =   2.38760 eV, broadening =   0.30000eV
     Writing data to file  /home/ubuntu/projects/Graphene-Band-Structure-Quantum-Espresso/outputs/field_0/PBE-d3/top/data/ldos.pp.dat750

     Calling punch_plot, plot_num =   3

     Energy =   2.40760 eV, broadening =   0.30000eV
     Writing data to file  /home/ubuntu/projects/Graphene-Band-Structure-Quantum-Espresso/outputs/field_0/PBE-d3/top/data/ldos.pp.dat751

     Calling punch_plot, plot_num =   3

     Energy =   2.42760 eV, broadening =   0.30000eV
     Writing data to file  /home/ubuntu/projects/Graphene-Band-Structure-Quantum-Espresso/outputs/field_0/PBE-d3/top/data/ldos.pp.dat752

     Calling punch_plot, plot_num =   3

     Energy =   2.44760 eV, broadening =   0.30000eV
     Writing data to file  /home/ubuntu/projects/Graphene-Band-Structure-Quantum-Espresso/outputs/field_0/PBE-d3/top/data/ldos.pp.dat753

     Calling punch_plot, plot_num =   3

     Energy =   2.46760 eV, broadening =   0.30000eV
     Writing data to file  /home/ubuntu/projects/Graphene-Band-Structure-Quantum-Espresso/outputs/field_0/PBE-d3/top/data/ldos.pp.dat754

     Calling punch_plot, plot_num =   3

     Energy =   2.48760 eV, broadening =   0.30000eV
     Writing data to file  /home/ubuntu/projects/Graphene-Band-Structure-Quantum-Espresso/outputs/field_0/PBE-d3/top/data/ldos.pp.dat755

     Calling punch_plot, plot_num =   3

     Energy =   2.50760 eV, broadening =   0.30000eV
     Writing data to file  /home/ubuntu/projects/Graphene-Band-Structure-Quantum-Espresso/outputs/field_0/PBE-d3/top/data/ldos.pp.dat756

     Calling punch_plot, plot_num =   3

     Energy =   2.52760 eV, broadening =   0.30000eV
     Writing data to file  /home/ubuntu/projects/Graphene-Band-Structure-Quantum-Espresso/outputs/field_0/PBE-d3/top/data/ldos.pp.dat757

     Calling punch_plot, plot_num =   3

     Energy =   2.54760 eV, broadening =   0.30000eV
     Writing data to file  /home/ubuntu/projects/Graphene-Band-Structure-Quantum-Espresso/outputs/field_0/PBE-d3/top/data/ldos.pp.dat758

     Calling punch_plot, plot_num =   3

     Energy =   2.56760 eV, broadening =   0.30000eV
     Writing data to file  /home/ubuntu/projects/Graphene-Band-Structure-Quantum-Espresso/outputs/field_0/PBE-d3/top/data/ldos.pp.dat759

     Calling punch_plot, plot_num =   3

     Energy =   2.58760 eV, broadening =   0.30000eV
     Writing data to file  /home/ubuntu/projects/Graphene-Band-Structure-Quantum-Espresso/outputs/field_0/PBE-d3/top/data/ldos.pp.dat760

     Calling punch_plot, plot_num =   3

     Energy =   2.60760 eV, broadening =   0.30000eV
     Writing data to file  /home/ubuntu/projects/Graphene-Band-Structure-Quantum-Espresso/outputs/field_0/PBE-d3/top/data/ldos.pp.dat761

     Calling punch_plot, plot_num =   3

     Energy =   2.62760 eV, broadening =   0.30000eV
     Writing data to file  /home/ubuntu/projects/Graphene-Band-Structure-Quantum-Espresso/outputs/field_0/PBE-d3/top/data/ldos.pp.dat762

     Calling punch_plot, plot_num =   3

     Energy =   2.64760 eV, broadening =   0.30000eV
     Writing data to file  /home/ubuntu/projects/Graphene-Band-Structure-Quantum-Espresso/outputs/field_0/PBE-d3/top/data/ldos.pp.dat763

     Calling punch_plot, plot_num =   3

     Energy =   2.66760 eV, broadening =   0.30000eV
     Writing data to file  /home/ubuntu/projects/Graphene-Band-Structure-Quantum-Espresso/outputs/field_0/PBE-d3/top/data/ldos.pp.dat764

     Calling punch_plot, plot_num =   3

     Energy =   2.68760 eV, broadening =   0.30000eV
     Writing data to file  /home/ubuntu/projects/Graphene-Band-Structure-Quantum-Espresso/outputs/field_0/PBE-d3/top/data/ldos.pp.dat765

     Calling punch_plot, plot_num =   3

     Energy =   2.70760 eV, broadening =   0.30000eV
     Writing data to file  /home/ubuntu/projects/Graphene-Band-Structure-Quantum-Espresso/outputs/field_0/PBE-d3/top/data/ldos.pp.dat766

     Calling punch_plot, plot_num =   3

     Energy =   2.72760 eV, broadening =   0.30000eV
     Writing data to file  /home/ubuntu/projects/Graphene-Band-Structure-Quantum-Espresso/outputs/field_0/PBE-d3/top/data/ldos.pp.dat767

     Calling punch_plot, plot_num =   3

     Energy =   2.74760 eV, broadening =   0.30000eV
     Writing data to file  /home/ubuntu/projects/Graphene-Band-Structure-Quantum-Espresso/outputs/field_0/PBE-d3/top/data/ldos.pp.dat768

     Calling punch_plot, plot_num =   3

     Energy =   2.76760 eV, broadening =   0.30000eV
     Writing data to file  /home/ubuntu/projects/Graphene-Band-Structure-Quantum-Espresso/outputs/field_0/PBE-d3/top/data/ldos.pp.dat769

     Calling punch_plot, plot_num =   3

     Energy =   2.78760 eV, broadening =   0.30000eV
     Writing data to file  /home/ubuntu/projects/Graphene-Band-Structure-Quantum-Espresso/outputs/field_0/PBE-d3/top/data/ldos.pp.dat770

     Calling punch_plot, plot_num =   3

     Energy =   2.80760 eV, broadening =   0.30000eV
     Writing data to file  /home/ubuntu/projects/Graphene-Band-Structure-Quantum-Espresso/outputs/field_0/PBE-d3/top/data/ldos.pp.dat771

     Calling punch_plot, plot_num =   3

     Energy =   2.82760 eV, broadening =   0.30000eV
     Writing data to file  /home/ubuntu/projects/Graphene-Band-Structure-Quantum-Espresso/outputs/field_0/PBE-d3/top/data/ldos.pp.dat772

     Calling punch_plot, plot_num =   3

     Energy =   2.84760 eV, broadening =   0.30000eV
     Writing data to file  /home/ubuntu/projects/Graphene-Band-Structure-Quantum-Espresso/outputs/field_0/PBE-d3/top/data/ldos.pp.dat773

     Calling punch_plot, plot_num =   3

     Energy =   2.86760 eV, broadening =   0.30000eV
     Writing data to file  /home/ubuntu/projects/Graphene-Band-Structure-Quantum-Espresso/outputs/field_0/PBE-d3/top/data/ldos.pp.dat774

     Calling punch_plot, plot_num =   3

     Energy =   2.88760 eV, broadening =   0.30000eV
     Writing data to file  /home/ubuntu/projects/Graphene-Band-Structure-Quantum-Espresso/outputs/field_0/PBE-d3/top/data/ldos.pp.dat775

     Calling punch_plot, plot_num =   3

     Energy =   2.90760 eV, broadening =   0.30000eV
     Writing data to file  /home/ubuntu/projects/Graphene-Band-Structure-Quantum-Espresso/outputs/field_0/PBE-d3/top/data/ldos.pp.dat776

     Calling punch_plot, plot_num =   3

     Energy =   2.92760 eV, broadening =   0.30000eV
     Writing data to file  /home/ubuntu/projects/Graphene-Band-Structure-Quantum-Espresso/outputs/field_0/PBE-d3/top/data/ldos.pp.dat777

     Calling punch_plot, plot_num =   3

     Energy =   2.94760 eV, broadening =   0.30000eV
     Writing data to file  /home/ubuntu/projects/Graphene-Band-Structure-Quantum-Espresso/outputs/field_0/PBE-d3/top/data/ldos.pp.dat778

     Calling punch_plot, plot_num =   3

     Energy =   2.96760 eV, broadening =   0.30000eV
     Writing data to file  /home/ubuntu/projects/Graphene-Band-Structure-Quantum-Espresso/outputs/field_0/PBE-d3/top/data/ldos.pp.dat779

     Calling punch_plot, plot_num =   3

     Energy =   2.98760 eV, broadening =   0.30000eV
     Writing data to file  /home/ubuntu/projects/Graphene-Band-Structure-Quantum-Espresso/outputs/field_0/PBE-d3/top/data/ldos.pp.dat780

     Calling punch_plot, plot_num =   3

     Energy =   3.00760 eV, broadening =   0.30000eV
     Writing data to file  /home/ubuntu/projects/Graphene-Band-Structure-Quantum-Espresso/outputs/field_0/PBE-d3/top/data/ldos.pp.dat781

     Calling punch_plot, plot_num =   3

     Energy =   3.02760 eV, broadening =   0.30000eV
     Writing data to file  /home/ubuntu/projects/Graphene-Band-Structure-Quantum-Espresso/outputs/field_0/PBE-d3/top/data/ldos.pp.dat782

     Calling punch_plot, plot_num =   3

     Energy =   3.04760 eV, broadening =   0.30000eV
     Writing data to file  /home/ubuntu/projects/Graphene-Band-Structure-Quantum-Espresso/outputs/field_0/PBE-d3/top/data/ldos.pp.dat783

     Calling punch_plot, plot_num =   3

     Energy =   3.06760 eV, broadening =   0.30000eV
     Writing data to file  /home/ubuntu/projects/Graphene-Band-Structure-Quantum-Espresso/outputs/field_0/PBE-d3/top/data/ldos.pp.dat784

     Calling punch_plot, plot_num =   3

     Energy =   3.08760 eV, broadening =   0.30000eV
     Writing data to file  /home/ubuntu/projects/Graphene-Band-Structure-Quantum-Espresso/outputs/field_0/PBE-d3/top/data/ldos.pp.dat785

     Calling punch_plot, plot_num =   3

     Energy =   3.10760 eV, broadening =   0.30000eV
     Writing data to file  /home/ubuntu/projects/Graphene-Band-Structure-Quantum-Espresso/outputs/field_0/PBE-d3/top/data/ldos.pp.dat786

     Calling punch_plot, plot_num =   3

     Energy =   3.12760 eV, broadening =   0.30000eV
     Writing data to file  /home/ubuntu/projects/Graphene-Band-Structure-Quantum-Espresso/outputs/field_0/PBE-d3/top/data/ldos.pp.dat787

     Calling punch_plot, plot_num =   3

     Energy =   3.14760 eV, broadening =   0.30000eV
     Writing data to file  /home/ubuntu/projects/Graphene-Band-Structure-Quantum-Espresso/outputs/field_0/PBE-d3/top/data/ldos.pp.dat788

     Calling punch_plot, plot_num =   3

     Energy =   3.16760 eV, broadening =   0.30000eV
     Writing data to file  /home/ubuntu/projects/Graphene-Band-Structure-Quantum-Espresso/outputs/field_0/PBE-d3/top/data/ldos.pp.dat789

     Calling punch_plot, plot_num =   3

     Energy =   3.18760 eV, broadening =   0.30000eV
     Writing data to file  /home/ubuntu/projects/Graphene-Band-Structure-Quantum-Espresso/outputs/field_0/PBE-d3/top/data/ldos.pp.dat790

     Calling punch_plot, plot_num =   3

     Energy =   3.20760 eV, broadening =   0.30000eV
     Writing data to file  /home/ubuntu/projects/Graphene-Band-Structure-Quantum-Espresso/outputs/field_0/PBE-d3/top/data/ldos.pp.dat791

     Calling punch_plot, plot_num =   3

     Energy =   3.22760 eV, broadening =   0.30000eV
     Writing data to file  /home/ubuntu/projects/Graphene-Band-Structure-Quantum-Espresso/outputs/field_0/PBE-d3/top/data/ldos.pp.dat792

     Calling punch_plot, plot_num =   3

     Energy =   3.24760 eV, broadening =   0.30000eV
     Writing data to file  /home/ubuntu/projects/Graphene-Band-Structure-Quantum-Espresso/outputs/field_0/PBE-d3/top/data/ldos.pp.dat793

     Calling punch_plot, plot_num =   3

     Energy =   3.26760 eV, broadening =   0.30000eV
     Writing data to file  /home/ubuntu/projects/Graphene-Band-Structure-Quantum-Espresso/outputs/field_0/PBE-d3/top/data/ldos.pp.dat794

     Calling punch_plot, plot_num =   3

     Energy =   3.28760 eV, broadening =   0.30000eV
     Writing data to file  /home/ubuntu/projects/Graphene-Band-Structure-Quantum-Espresso/outputs/field_0/PBE-d3/top/data/ldos.pp.dat795

     Calling punch_plot, plot_num =   3

     Energy =   3.30760 eV, broadening =   0.30000eV
     Writing data to file  /home/ubuntu/projects/Graphene-Band-Structure-Quantum-Espresso/outputs/field_0/PBE-d3/top/data/ldos.pp.dat796

     Calling punch_plot, plot_num =   3

     Energy =   3.32760 eV, broadening =   0.30000eV
     Writing data to file  /home/ubuntu/projects/Graphene-Band-Structure-Quantum-Espresso/outputs/field_0/PBE-d3/top/data/ldos.pp.dat797

     Calling punch_plot, plot_num =   3

     Energy =   3.34760 eV, broadening =   0.30000eV
     Writing data to file  /home/ubuntu/projects/Graphene-Band-Structure-Quantum-Espresso/outputs/field_0/PBE-d3/top/data/ldos.pp.dat798

     Calling punch_plot, plot_num =   3

     Energy =   3.36760 eV, broadening =   0.30000eV
     Writing data to file  /home/ubuntu/projects/Graphene-Band-Structure-Quantum-Espresso/outputs/field_0/PBE-d3/top/data/ldos.pp.dat799

     Calling punch_plot, plot_num =   3

     Energy =   3.38760 eV, broadening =   0.30000eV
     Writing data to file  /home/ubuntu/projects/Graphene-Band-Structure-Quantum-Espresso/outputs/field_0/PBE-d3/top/data/ldos.pp.dat800

     Calling punch_plot, plot_num =   3

     Energy =   3.40760 eV, broadening =   0.30000eV
     Writing data to file  /home/ubuntu/projects/Graphene-Band-Structure-Quantum-Espresso/outputs/field_0/PBE-d3/top/data/ldos.pp.dat801

     Calling punch_plot, plot_num =   3

     Energy =   3.42760 eV, broadening =   0.30000eV
     Writing data to file  /home/ubuntu/projects/Graphene-Band-Structure-Quantum-Espresso/outputs/field_0/PBE-d3/top/data/ldos.pp.dat802

     Calling punch_plot, plot_num =   3

     Energy =   3.44760 eV, broadening =   0.30000eV
     Writing data to file  /home/ubuntu/projects/Graphene-Band-Structure-Quantum-Espresso/outputs/field_0/PBE-d3/top/data/ldos.pp.dat803

     Calling punch_plot, plot_num =   3

     Energy =   3.46760 eV, broadening =   0.30000eV
     Writing data to file  /home/ubuntu/projects/Graphene-Band-Structure-Quantum-Espresso/outputs/field_0/PBE-d3/top/data/ldos.pp.dat804

     Calling punch_plot, plot_num =   3

     Energy =   3.48760 eV, broadening =   0.30000eV
     Writing data to file  /home/ubuntu/projects/Graphene-Band-Structure-Quantum-Espresso/outputs/field_0/PBE-d3/top/data/ldos.pp.dat805

     Calling punch_plot, plot_num =   3

     Energy =   3.50760 eV, broadening =   0.30000eV
     Writing data to file  /home/ubuntu/projects/Graphene-Band-Structure-Quantum-Espresso/outputs/field_0/PBE-d3/top/data/ldos.pp.dat806

     Calling punch_plot, plot_num =   3

     Energy =   3.52760 eV, broadening =   0.30000eV
     Writing data to file  /home/ubuntu/projects/Graphene-Band-Structure-Quantum-Espresso/outputs/field_0/PBE-d3/top/data/ldos.pp.dat807

     Calling punch_plot, plot_num =   3

     Energy =   3.54760 eV, broadening =   0.30000eV
     Writing data to file  /home/ubuntu/projects/Graphene-Band-Structure-Quantum-Espresso/outputs/field_0/PBE-d3/top/data/ldos.pp.dat808

     Calling punch_plot, plot_num =   3

     Energy =   3.56760 eV, broadening =   0.30000eV
     Writing data to file  /home/ubuntu/projects/Graphene-Band-Structure-Quantum-Espresso/outputs/field_0/PBE-d3/top/data/ldos.pp.dat809

     Calling punch_plot, plot_num =   3

     Energy =   3.58760 eV, broadening =   0.30000eV
     Writing data to file  /home/ubuntu/projects/Graphene-Band-Structure-Quantum-Espresso/outputs/field_0/PBE-d3/top/data/ldos.pp.dat810

     Calling punch_plot, plot_num =   3

     Energy =   3.60760 eV, broadening =   0.30000eV
     Writing data to file  /home/ubuntu/projects/Graphene-Band-Structure-Quantum-Espresso/outputs/field_0/PBE-d3/top/data/ldos.pp.dat811

     Calling punch_plot, plot_num =   3

     Energy =   3.62760 eV, broadening =   0.30000eV
     Writing data to file  /home/ubuntu/projects/Graphene-Band-Structure-Quantum-Espresso/outputs/field_0/PBE-d3/top/data/ldos.pp.dat812

     Calling punch_plot, plot_num =   3

     Energy =   3.64760 eV, broadening =   0.30000eV
     Writing data to file  /home/ubuntu/projects/Graphene-Band-Structure-Quantum-Espresso/outputs/field_0/PBE-d3/top/data/ldos.pp.dat813

     Calling punch_plot, plot_num =   3

     Energy =   3.66760 eV, broadening =   0.30000eV
     Writing data to file  /home/ubuntu/projects/Graphene-Band-Structure-Quantum-Espresso/outputs/field_0/PBE-d3/top/data/ldos.pp.dat814

     Calling punch_plot, plot_num =   3

     Energy =   3.68760 eV, broadening =   0.30000eV
     Writing data to file  /home/ubuntu/projects/Graphene-Band-Structure-Quantum-Espresso/outputs/field_0/PBE-d3/top/data/ldos.pp.dat815

     Calling punch_plot, plot_num =   3

     Energy =   3.70760 eV, broadening =   0.30000eV
     Writing data to file  /home/ubuntu/projects/Graphene-Band-Structure-Quantum-Espresso/outputs/field_0/PBE-d3/top/data/ldos.pp.dat816

     Calling punch_plot, plot_num =   3

     Energy =   3.72760 eV, broadening =   0.30000eV
     Writing data to file  /home/ubuntu/projects/Graphene-Band-Structure-Quantum-Espresso/outputs/field_0/PBE-d3/top/data/ldos.pp.dat817

     Calling punch_plot, plot_num =   3

     Energy =   3.74760 eV, broadening =   0.30000eV
     Writing data to file  /home/ubuntu/projects/Graphene-Band-Structure-Quantum-Espresso/outputs/field_0/PBE-d3/top/data/ldos.pp.dat818

     Calling punch_plot, plot_num =   3

     Energy =   3.76760 eV, broadening =   0.30000eV
     Writing data to file  /home/ubuntu/projects/Graphene-Band-Structure-Quantum-Espresso/outputs/field_0/PBE-d3/top/data/ldos.pp.dat819

     Calling punch_plot, plot_num =   3

     Energy =   3.78760 eV, broadening =   0.30000eV
     Writing data to file  /home/ubuntu/projects/Graphene-Band-Structure-Quantum-Espresso/outputs/field_0/PBE-d3/top/data/ldos.pp.dat820

     Calling punch_plot, plot_num =   3

     Energy =   3.80760 eV, broadening =   0.30000eV
     Writing data to file  /home/ubuntu/projects/Graphene-Band-Structure-Quantum-Espresso/outputs/field_0/PBE-d3/top/data/ldos.pp.dat821

     Calling punch_plot, plot_num =   3

     Energy =   3.82760 eV, broadening =   0.30000eV
     Writing data to file  /home/ubuntu/projects/Graphene-Band-Structure-Quantum-Espresso/outputs/field_0/PBE-d3/top/data/ldos.pp.dat822

     Calling punch_plot, plot_num =   3

     Energy =   3.84760 eV, broadening =   0.30000eV
     Writing data to file  /home/ubuntu/projects/Graphene-Band-Structure-Quantum-Espresso/outputs/field_0/PBE-d3/top/data/ldos.pp.dat823

     Calling punch_plot, plot_num =   3

     Energy =   3.86760 eV, broadening =   0.30000eV
     Writing data to file  /home/ubuntu/projects/Graphene-Band-Structure-Quantum-Espresso/outputs/field_0/PBE-d3/top/data/ldos.pp.dat824

     Calling punch_plot, plot_num =   3

     Energy =   3.88760 eV, broadening =   0.30000eV
     Writing data to file  /home/ubuntu/projects/Graphene-Band-Structure-Quantum-Espresso/outputs/field_0/PBE-d3/top/data/ldos.pp.dat825

     Calling punch_plot, plot_num =   3

     Energy =   3.90760 eV, broadening =   0.30000eV
     Writing data to file  /home/ubuntu/projects/Graphene-Band-Structure-Quantum-Espresso/outputs/field_0/PBE-d3/top/data/ldos.pp.dat826

     Calling punch_plot, plot_num =   3

     Energy =   3.92760 eV, broadening =   0.30000eV
     Writing data to file  /home/ubuntu/projects/Graphene-Band-Structure-Quantum-Espresso/outputs/field_0/PBE-d3/top/data/ldos.pp.dat827

     Calling punch_plot, plot_num =   3

     Energy =   3.94760 eV, broadening =   0.30000eV
     Writing data to file  /home/ubuntu/projects/Graphene-Band-Structure-Quantum-Espresso/outputs/field_0/PBE-d3/top/data/ldos.pp.dat828

     Calling punch_plot, plot_num =   3

     Energy =   3.96760 eV, broadening =   0.30000eV
     Writing data to file  /home/ubuntu/projects/Graphene-Band-Structure-Quantum-Espresso/outputs/field_0/PBE-d3/top/data/ldos.pp.dat829

     Calling punch_plot, plot_num =   3

     Energy =   3.98760 eV, broadening =   0.30000eV
     Writing data to file  /home/ubuntu/projects/Graphene-Band-Structure-Quantum-Espresso/outputs/field_0/PBE-d3/top/data/ldos.pp.dat830

     Calling punch_plot, plot_num =   3

     Energy =   4.00760 eV, broadening =   0.30000eV
     Writing data to file  /home/ubuntu/projects/Graphene-Band-Structure-Quantum-Espresso/outputs/field_0/PBE-d3/top/data/ldos.pp.dat831

     Calling punch_plot, plot_num =   3

     Energy =   4.02760 eV, broadening =   0.30000eV
     Writing data to file  /home/ubuntu/projects/Graphene-Band-Structure-Quantum-Espresso/outputs/field_0/PBE-d3/top/data/ldos.pp.dat832

     Calling punch_plot, plot_num =   3

     Energy =   4.04760 eV, broadening =   0.30000eV
     Writing data to file  /home/ubuntu/projects/Graphene-Band-Structure-Quantum-Espresso/outputs/field_0/PBE-d3/top/data/ldos.pp.dat833

     Calling punch_plot, plot_num =   3

     Energy =   4.06760 eV, broadening =   0.30000eV
     Writing data to file  /home/ubuntu/projects/Graphene-Band-Structure-Quantum-Espresso/outputs/field_0/PBE-d3/top/data/ldos.pp.dat834

     Calling punch_plot, plot_num =   3

     Energy =   4.08760 eV, broadening =   0.30000eV
     Writing data to file  /home/ubuntu/projects/Graphene-Band-Structure-Quantum-Espresso/outputs/field_0/PBE-d3/top/data/ldos.pp.dat835

     Calling punch_plot, plot_num =   3

     Energy =   4.10760 eV, broadening =   0.30000eV
     Writing data to file  /home/ubuntu/projects/Graphene-Band-Structure-Quantum-Espresso/outputs/field_0/PBE-d3/top/data/ldos.pp.dat836

     Calling punch_plot, plot_num =   3

     Energy =   4.12760 eV, broadening =   0.30000eV
     Writing data to file  /home/ubuntu/projects/Graphene-Band-Structure-Quantum-Espresso/outputs/field_0/PBE-d3/top/data/ldos.pp.dat837

     Calling punch_plot, plot_num =   3

     Energy =   4.14760 eV, broadening =   0.30000eV
     Writing data to file  /home/ubuntu/projects/Graphene-Band-Structure-Quantum-Espresso/outputs/field_0/PBE-d3/top/data/ldos.pp.dat838

     Calling punch_plot, plot_num =   3

     Energy =   4.16760 eV, broadening =   0.30000eV
     Writing data to file  /home/ubuntu/projects/Graphene-Band-Structure-Quantum-Espresso/outputs/field_0/PBE-d3/top/data/ldos.pp.dat839

     Calling punch_plot, plot_num =   3

     Energy =   4.18760 eV, broadening =   0.30000eV
     Writing data to file  /home/ubuntu/projects/Graphene-Band-Structure-Quantum-Espresso/outputs/field_0/PBE-d3/top/data/ldos.pp.dat840

     Calling punch_plot, plot_num =   3

     Energy =   4.20760 eV, broadening =   0.30000eV
     Writing data to file  /home/ubuntu/projects/Graphene-Band-Structure-Quantum-Espresso/outputs/field_0/PBE-d3/top/data/ldos.pp.dat841

     Calling punch_plot, plot_num =   3

     Energy =   4.22760 eV, broadening =   0.30000eV
     Writing data to file  /home/ubuntu/projects/Graphene-Band-Structure-Quantum-Espresso/outputs/field_0/PBE-d3/top/data/ldos.pp.dat842

     Calling punch_plot, plot_num =   3

     Energy =   4.24760 eV, broadening =   0.30000eV
     Writing data to file  /home/ubuntu/projects/Graphene-Band-Structure-Quantum-Espresso/outputs/field_0/PBE-d3/top/data/ldos.pp.dat843

     Calling punch_plot, plot_num =   3

     Energy =   4.26760 eV, broadening =   0.30000eV
     Writing data to file  /home/ubuntu/projects/Graphene-Band-Structure-Quantum-Espresso/outputs/field_0/PBE-d3/top/data/ldos.pp.dat844

     Calling punch_plot, plot_num =   3

     Energy =   4.28760 eV, broadening =   0.30000eV
     Writing data to file  /home/ubuntu/projects/Graphene-Band-Structure-Quantum-Espresso/outputs/field_0/PBE-d3/top/data/ldos.pp.dat845

     Calling punch_plot, plot_num =   3

     Energy =   4.30760 eV, broadening =   0.30000eV
     Writing data to file  /home/ubuntu/projects/Graphene-Band-Structure-Quantum-Espresso/outputs/field_0/PBE-d3/top/data/ldos.pp.dat846

     Calling punch_plot, plot_num =   3

     Energy =   4.32760 eV, broadening =   0.30000eV
     Writing data to file  /home/ubuntu/projects/Graphene-Band-Structure-Quantum-Espresso/outputs/field_0/PBE-d3/top/data/ldos.pp.dat847

     Calling punch_plot, plot_num =   3

     Energy =   4.34760 eV, broadening =   0.30000eV
     Writing data to file  /home/ubuntu/projects/Graphene-Band-Structure-Quantum-Espresso/outputs/field_0/PBE-d3/top/data/ldos.pp.dat848

     Calling punch_plot, plot_num =   3

     Energy =   4.36760 eV, broadening =   0.30000eV
     Writing data to file  /home/ubuntu/projects/Graphene-Band-Structure-Quantum-Espresso/outputs/field_0/PBE-d3/top/data/ldos.pp.dat849

     Calling punch_plot, plot_num =   3

     Energy =   4.38760 eV, broadening =   0.30000eV
     Writing data to file  /home/ubuntu/projects/Graphene-Band-Structure-Quantum-Espresso/outputs/field_0/PBE-d3/top/data/ldos.pp.dat850

     Calling punch_plot, plot_num =   3

     Energy =   4.40760 eV, broadening =   0.30000eV
     Writing data to file  /home/ubuntu/projects/Graphene-Band-Structure-Quantum-Espresso/outputs/field_0/PBE-d3/top/data/ldos.pp.dat851

     Calling punch_plot, plot_num =   3

     Energy =   4.42760 eV, broadening =   0.30000eV
     Writing data to file  /home/ubuntu/projects/Graphene-Band-Structure-Quantum-Espresso/outputs/field_0/PBE-d3/top/data/ldos.pp.dat852

     Calling punch_plot, plot_num =   3

     Energy =   4.44760 eV, broadening =   0.30000eV
     Writing data to file  /home/ubuntu/projects/Graphene-Band-Structure-Quantum-Espresso/outputs/field_0/PBE-d3/top/data/ldos.pp.dat853

     Calling punch_plot, plot_num =   3

     Energy =   4.46760 eV, broadening =   0.30000eV
     Writing data to file  /home/ubuntu/projects/Graphene-Band-Structure-Quantum-Espresso/outputs/field_0/PBE-d3/top/data/ldos.pp.dat854

     Calling punch_plot, plot_num =   3

     Energy =   4.48760 eV, broadening =   0.30000eV
     Writing data to file  /home/ubuntu/projects/Graphene-Band-Structure-Quantum-Espresso/outputs/field_0/PBE-d3/top/data/ldos.pp.dat855

     Calling punch_plot, plot_num =   3

     Energy =   4.50760 eV, broadening =   0.30000eV
     Writing data to file  /home/ubuntu/projects/Graphene-Band-Structure-Quantum-Espresso/outputs/field_0/PBE-d3/top/data/ldos.pp.dat856

     Calling punch_plot, plot_num =   3

     Energy =   4.52760 eV, broadening =   0.30000eV
     Writing data to file  /home/ubuntu/projects/Graphene-Band-Structure-Quantum-Espresso/outputs/field_0/PBE-d3/top/data/ldos.pp.dat857

     Calling punch_plot, plot_num =   3

     Energy =   4.54760 eV, broadening =   0.30000eV
     Writing data to file  /home/ubuntu/projects/Graphene-Band-Structure-Quantum-Espresso/outputs/field_0/PBE-d3/top/data/ldos.pp.dat858

     Calling punch_plot, plot_num =   3

     Energy =   4.56760 eV, broadening =   0.30000eV
     Writing data to file  /home/ubuntu/projects/Graphene-Band-Structure-Quantum-Espresso/outputs/field_0/PBE-d3/top/data/ldos.pp.dat859

     Calling punch_plot, plot_num =   3

     Energy =   4.58760 eV, broadening =   0.30000eV
     Writing data to file  /home/ubuntu/projects/Graphene-Band-Structure-Quantum-Espresso/outputs/field_0/PBE-d3/top/data/ldos.pp.dat860

     Calling punch_plot, plot_num =   3

     Energy =   4.60760 eV, broadening =   0.30000eV
     Writing data to file  /home/ubuntu/projects/Graphene-Band-Structure-Quantum-Espresso/outputs/field_0/PBE-d3/top/data/ldos.pp.dat861

     Calling punch_plot, plot_num =   3

     Energy =   4.62760 eV, broadening =   0.30000eV
     Writing data to file  /home/ubuntu/projects/Graphene-Band-Structure-Quantum-Espresso/outputs/field_0/PBE-d3/top/data/ldos.pp.dat862

     Calling punch_plot, plot_num =   3

     Energy =   4.64760 eV, broadening =   0.30000eV
     Writing data to file  /home/ubuntu/projects/Graphene-Band-Structure-Quantum-Espresso/outputs/field_0/PBE-d3/top/data/ldos.pp.dat863

     Calling punch_plot, plot_num =   3

     Energy =   4.66760 eV, broadening =   0.30000eV
     Writing data to file  /home/ubuntu/projects/Graphene-Band-Structure-Quantum-Espresso/outputs/field_0/PBE-d3/top/data/ldos.pp.dat864

     Calling punch_plot, plot_num =   3

     Energy =   4.68760 eV, broadening =   0.30000eV
     Writing data to file  /home/ubuntu/projects/Graphene-Band-Structure-Quantum-Espresso/outputs/field_0/PBE-d3/top/data/ldos.pp.dat865

     Calling punch_plot, plot_num =   3

     Energy =   4.70760 eV, broadening =   0.30000eV
     Writing data to file  /home/ubuntu/projects/Graphene-Band-Structure-Quantum-Espresso/outputs/field_0/PBE-d3/top/data/ldos.pp.dat866

     Calling punch_plot, plot_num =   3

     Energy =   4.72760 eV, broadening =   0.30000eV
     Writing data to file  /home/ubuntu/projects/Graphene-Band-Structure-Quantum-Espresso/outputs/field_0/PBE-d3/top/data/ldos.pp.dat867

     Calling punch_plot, plot_num =   3

     Energy =   4.74760 eV, broadening =   0.30000eV
     Writing data to file  /home/ubuntu/projects/Graphene-Band-Structure-Quantum-Espresso/outputs/field_0/PBE-d3/top/data/ldos.pp.dat868

     Calling punch_plot, plot_num =   3

     Energy =   4.76760 eV, broadening =   0.30000eV
     Writing data to file  /home/ubuntu/projects/Graphene-Band-Structure-Quantum-Espresso/outputs/field_0/PBE-d3/top/data/ldos.pp.dat869

     Calling punch_plot, plot_num =   3

     Energy =   4.78760 eV, broadening =   0.30000eV
     Writing data to file  /home/ubuntu/projects/Graphene-Band-Structure-Quantum-Espresso/outputs/field_0/PBE-d3/top/data/ldos.pp.dat870

     Calling punch_plot, plot_num =   3

     Energy =   4.80760 eV, broadening =   0.30000eV
     Writing data to file  /home/ubuntu/projects/Graphene-Band-Structure-Quantum-Espresso/outputs/field_0/PBE-d3/top/data/ldos.pp.dat871

     Calling punch_plot, plot_num =   3

     Energy =   4.82760 eV, broadening =   0.30000eV
     Writing data to file  /home/ubuntu/projects/Graphene-Band-Structure-Quantum-Espresso/outputs/field_0/PBE-d3/top/data/ldos.pp.dat872

     Calling punch_plot, plot_num =   3

     Energy =   4.84760 eV, broadening =   0.30000eV
     Writing data to file  /home/ubuntu/projects/Graphene-Band-Structure-Quantum-Espresso/outputs/field_0/PBE-d3/top/data/ldos.pp.dat873

     Calling punch_plot, plot_num =   3

     Energy =   4.86760 eV, broadening =   0.30000eV
     Writing data to file  /home/ubuntu/projects/Graphene-Band-Structure-Quantum-Espresso/outputs/field_0/PBE-d3/top/data/ldos.pp.dat874

     Calling punch_plot, plot_num =   3

     Energy =   4.88760 eV, broadening =   0.30000eV
     Writing data to file  /home/ubuntu/projects/Graphene-Band-Structure-Quantum-Espresso/outputs/field_0/PBE-d3/top/data/ldos.pp.dat875

     Calling punch_plot, plot_num =   3

     Energy =   4.90760 eV, broadening =   0.30000eV
     Writing data to file  /home/ubuntu/projects/Graphene-Band-Structure-Quantum-Espresso/outputs/field_0/PBE-d3/top/data/ldos.pp.dat876

     Calling punch_plot, plot_num =   3

     Energy =   4.92760 eV, broadening =   0.30000eV
     Writing data to file  /home/ubuntu/projects/Graphene-Band-Structure-Quantum-Espresso/outputs/field_0/PBE-d3/top/data/ldos.pp.dat877

     Calling punch_plot, plot_num =   3

     Energy =   4.94760 eV, broadening =   0.30000eV
     Writing data to file  /home/ubuntu/projects/Graphene-Band-Structure-Quantum-Espresso/outputs/field_0/PBE-d3/top/data/ldos.pp.dat878

     Calling punch_plot, plot_num =   3

     Energy =   4.96760 eV, broadening =   0.30000eV
     Writing data to file  /home/ubuntu/projects/Graphene-Band-Structure-Quantum-Espresso/outputs/field_0/PBE-d3/top/data/ldos.pp.dat879

     Calling punch_plot, plot_num =   3

     Energy =   4.98760 eV, broadening =   0.30000eV
     Writing data to file  /home/ubuntu/projects/Graphene-Band-Structure-Quantum-Espresso/outputs/field_0/PBE-d3/top/data/ldos.pp.dat880

     Calling punch_plot, plot_num =   3

     Energy =   5.00760 eV, broadening =   0.30000eV
     Writing data to file  /home/ubuntu/projects/Graphene-Band-Structure-Quantum-Espresso/outputs/field_0/PBE-d3/top/data/ldos.pp.dat881

     Calling punch_plot, plot_num =   3

     Energy =   5.02760 eV, broadening =   0.30000eV
     Writing data to file  /home/ubuntu/projects/Graphene-Band-Structure-Quantum-Espresso/outputs/field_0/PBE-d3/top/data/ldos.pp.dat882

     Calling punch_plot, plot_num =   3

     Energy =   5.04760 eV, broadening =   0.30000eV
     Writing data to file  /home/ubuntu/projects/Graphene-Band-Structure-Quantum-Espresso/outputs/field_0/PBE-d3/top/data/ldos.pp.dat883

     Calling punch_plot, plot_num =   3

     Energy =   5.06760 eV, broadening =   0.30000eV
     Writing data to file  /home/ubuntu/projects/Graphene-Band-Structure-Quantum-Espresso/outputs/field_0/PBE-d3/top/data/ldos.pp.dat884

     Calling punch_plot, plot_num =   3

     Energy =   5.08760 eV, broadening =   0.30000eV
     Writing data to file  /home/ubuntu/projects/Graphene-Band-Structure-Quantum-Espresso/outputs/field_0/PBE-d3/top/data/ldos.pp.dat885

     Calling punch_plot, plot_num =   3

     Energy =   5.10760 eV, broadening =   0.30000eV
     Writing data to file  /home/ubuntu/projects/Graphene-Band-Structure-Quantum-Espresso/outputs/field_0/PBE-d3/top/data/ldos.pp.dat886

     Calling punch_plot, plot_num =   3

     Energy =   5.12760 eV, broadening =   0.30000eV
     Writing data to file  /home/ubuntu/projects/Graphene-Band-Structure-Quantum-Espresso/outputs/field_0/PBE-d3/top/data/ldos.pp.dat887

     Calling punch_plot, plot_num =   3

     Energy =   5.14760 eV, broadening =   0.30000eV
     Writing data to file  /home/ubuntu/projects/Graphene-Band-Structure-Quantum-Espresso/outputs/field_0/PBE-d3/top/data/ldos.pp.dat888

     Calling punch_plot, plot_num =   3

     Energy =   5.16760 eV, broadening =   0.30000eV
     Writing data to file  /home/ubuntu/projects/Graphene-Band-Structure-Quantum-Espresso/outputs/field_0/PBE-d3/top/data/ldos.pp.dat889

     Calling punch_plot, plot_num =   3

     Energy =   5.18760 eV, broadening =   0.30000eV
     Writing data to file  /home/ubuntu/projects/Graphene-Band-Structure-Quantum-Espresso/outputs/field_0/PBE-d3/top/data/ldos.pp.dat890

     Calling punch_plot, plot_num =   3

     Energy =   5.20760 eV, broadening =   0.30000eV
     Writing data to file  /home/ubuntu/projects/Graphene-Band-Structure-Quantum-Espresso/outputs/field_0/PBE-d3/top/data/ldos.pp.dat891

     Calling punch_plot, plot_num =   3

     Energy =   5.22760 eV, broadening =   0.30000eV
     Writing data to file  /home/ubuntu/projects/Graphene-Band-Structure-Quantum-Espresso/outputs/field_0/PBE-d3/top/data/ldos.pp.dat892

     Calling punch_plot, plot_num =   3

     Energy =   5.24760 eV, broadening =   0.30000eV
     Writing data to file  /home/ubuntu/projects/Graphene-Band-Structure-Quantum-Espresso/outputs/field_0/PBE-d3/top/data/ldos.pp.dat893

     Calling punch_plot, plot_num =   3

     Energy =   5.26760 eV, broadening =   0.30000eV
     Writing data to file  /home/ubuntu/projects/Graphene-Band-Structure-Quantum-Espresso/outputs/field_0/PBE-d3/top/data/ldos.pp.dat894

     Calling punch_plot, plot_num =   3

     Energy =   5.28760 eV, broadening =   0.30000eV
     Writing data to file  /home/ubuntu/projects/Graphene-Band-Structure-Quantum-Espresso/outputs/field_0/PBE-d3/top/data/ldos.pp.dat895

     Calling punch_plot, plot_num =   3

     Energy =   5.30760 eV, broadening =   0.30000eV
     Writing data to file  /home/ubuntu/projects/Graphene-Band-Structure-Quantum-Espresso/outputs/field_0/PBE-d3/top/data/ldos.pp.dat896

     Calling punch_plot, plot_num =   3

     Energy =   5.32760 eV, broadening =   0.30000eV
     Writing data to file  /home/ubuntu/projects/Graphene-Band-Structure-Quantum-Espresso/outputs/field_0/PBE-d3/top/data/ldos.pp.dat897

     Calling punch_plot, plot_num =   3

     Energy =   5.34760 eV, broadening =   0.30000eV
     Writing data to file  /home/ubuntu/projects/Graphene-Band-Structure-Quantum-Espresso/outputs/field_0/PBE-d3/top/data/ldos.pp.dat898

     Calling punch_plot, plot_num =   3

     Energy =   5.36760 eV, broadening =   0.30000eV
     Writing data to file  /home/ubuntu/projects/Graphene-Band-Structure-Quantum-Espresso/outputs/field_0/PBE-d3/top/data/ldos.pp.dat899

     Calling punch_plot, plot_num =   3

     Energy =   5.38760 eV, broadening =   0.30000eV
     Writing data to file  /home/ubuntu/projects/Graphene-Band-Structure-Quantum-Espresso/outputs/field_0/PBE-d3/top/data/ldos.pp.dat900

     Calling punch_plot, plot_num =   3

     Energy =   5.40760 eV, broadening =   0.30000eV
     Writing data to file  /home/ubuntu/projects/Graphene-Band-Structure-Quantum-Espresso/outputs/field_0/PBE-d3/top/data/ldos.pp.dat901

     Calling punch_plot, plot_num =   3

     Energy =   5.42760 eV, broadening =   0.30000eV
     Writing data to file  /home/ubuntu/projects/Graphene-Band-Structure-Quantum-Espresso/outputs/field_0/PBE-d3/top/data/ldos.pp.dat902

     Calling punch_plot, plot_num =   3

     Energy =   5.44760 eV, broadening =   0.30000eV
     Writing data to file  /home/ubuntu/projects/Graphene-Band-Structure-Quantum-Espresso/outputs/field_0/PBE-d3/top/data/ldos.pp.dat903

     Calling punch_plot, plot_num =   3

     Energy =   5.46760 eV, broadening =   0.30000eV
     Writing data to file  /home/ubuntu/projects/Graphene-Band-Structure-Quantum-Espresso/outputs/field_0/PBE-d3/top/data/ldos.pp.dat904

     Calling punch_plot, plot_num =   3

     Energy =   5.48760 eV, broadening =   0.30000eV
     Writing data to file  /home/ubuntu/projects/Graphene-Band-Structure-Quantum-Espresso/outputs/field_0/PBE-d3/top/data/ldos.pp.dat905

     Calling punch_plot, plot_num =   3

     Energy =   5.50760 eV, broadening =   0.30000eV
     Writing data to file  /home/ubuntu/projects/Graphene-Band-Structure-Quantum-Espresso/outputs/field_0/PBE-d3/top/data/ldos.pp.dat906

     Calling punch_plot, plot_num =   3

     Energy =   5.52760 eV, broadening =   0.30000eV
     Writing data to file  /home/ubuntu/projects/Graphene-Band-Structure-Quantum-Espresso/outputs/field_0/PBE-d3/top/data/ldos.pp.dat907

     Calling punch_plot, plot_num =   3

     Energy =   5.54760 eV, broadening =   0.30000eV
     Writing data to file  /home/ubuntu/projects/Graphene-Band-Structure-Quantum-Espresso/outputs/field_0/PBE-d3/top/data/ldos.pp.dat908

     Calling punch_plot, plot_num =   3

     Energy =   5.56760 eV, broadening =   0.30000eV
     Writing data to file  /home/ubuntu/projects/Graphene-Band-Structure-Quantum-Espresso/outputs/field_0/PBE-d3/top/data/ldos.pp.dat909

     Calling punch_plot, plot_num =   3

     Energy =   5.58760 eV, broadening =   0.30000eV
     Writing data to file  /home/ubuntu/projects/Graphene-Band-Structure-Quantum-Espresso/outputs/field_0/PBE-d3/top/data/ldos.pp.dat910

     Calling punch_plot, plot_num =   3

     Energy =   5.60760 eV, broadening =   0.30000eV
     Writing data to file  /home/ubuntu/projects/Graphene-Band-Structure-Quantum-Espresso/outputs/field_0/PBE-d3/top/data/ldos.pp.dat911

     Calling punch_plot, plot_num =   3

     Energy =   5.62760 eV, broadening =   0.30000eV
     Writing data to file  /home/ubuntu/projects/Graphene-Band-Structure-Quantum-Espresso/outputs/field_0/PBE-d3/top/data/ldos.pp.dat912

     Calling punch_plot, plot_num =   3

     Energy =   5.64760 eV, broadening =   0.30000eV
     Writing data to file  /home/ubuntu/projects/Graphene-Band-Structure-Quantum-Espresso/outputs/field_0/PBE-d3/top/data/ldos.pp.dat913

     Calling punch_plot, plot_num =   3

     Energy =   5.66760 eV, broadening =   0.30000eV
     Writing data to file  /home/ubuntu/projects/Graphene-Band-Structure-Quantum-Espresso/outputs/field_0/PBE-d3/top/data/ldos.pp.dat914

     Calling punch_plot, plot_num =   3

     Energy =   5.68760 eV, broadening =   0.30000eV
     Writing data to file  /home/ubuntu/projects/Graphene-Band-Structure-Quantum-Espresso/outputs/field_0/PBE-d3/top/data/ldos.pp.dat915

     Calling punch_plot, plot_num =   3

     Energy =   5.70760 eV, broadening =   0.30000eV
     Writing data to file  /home/ubuntu/projects/Graphene-Band-Structure-Quantum-Espresso/outputs/field_0/PBE-d3/top/data/ldos.pp.dat916

     Calling punch_plot, plot_num =   3

     Energy =   5.72760 eV, broadening =   0.30000eV
     Writing data to file  /home/ubuntu/projects/Graphene-Band-Structure-Quantum-Espresso/outputs/field_0/PBE-d3/top/data/ldos.pp.dat917

     Calling punch_plot, plot_num =   3

     Energy =   5.74760 eV, broadening =   0.30000eV
     Writing data to file  /home/ubuntu/projects/Graphene-Band-Structure-Quantum-Espresso/outputs/field_0/PBE-d3/top/data/ldos.pp.dat918

     Calling punch_plot, plot_num =   3

     Energy =   5.76760 eV, broadening =   0.30000eV
     Writing data to file  /home/ubuntu/projects/Graphene-Band-Structure-Quantum-Espresso/outputs/field_0/PBE-d3/top/data/ldos.pp.dat919

     Calling punch_plot, plot_num =   3

     Energy =   5.78760 eV, broadening =   0.30000eV
     Writing data to file  /home/ubuntu/projects/Graphene-Band-Structure-Quantum-Espresso/outputs/field_0/PBE-d3/top/data/ldos.pp.dat920

     Calling punch_plot, plot_num =   3

     Energy =   5.80760 eV, broadening =   0.30000eV
     Writing data to file  /home/ubuntu/projects/Graphene-Band-Structure-Quantum-Espresso/outputs/field_0/PBE-d3/top/data/ldos.pp.dat921

     Calling punch_plot, plot_num =   3

     Energy =   5.82760 eV, broadening =   0.30000eV
     Writing data to file  /home/ubuntu/projects/Graphene-Band-Structure-Quantum-Espresso/outputs/field_0/PBE-d3/top/data/ldos.pp.dat922

     Calling punch_plot, plot_num =   3

     Energy =   5.84760 eV, broadening =   0.30000eV
     Writing data to file  /home/ubuntu/projects/Graphene-Band-Structure-Quantum-Espresso/outputs/field_0/PBE-d3/top/data/ldos.pp.dat923

     Calling punch_plot, plot_num =   3

     Energy =   5.86760 eV, broadening =   0.30000eV
     Writing data to file  /home/ubuntu/projects/Graphene-Band-Structure-Quantum-Espresso/outputs/field_0/PBE-d3/top/data/ldos.pp.dat924

     Calling punch_plot, plot_num =   3

     Energy =   5.88760 eV, broadening =   0.30000eV
     Writing data to file  /home/ubuntu/projects/Graphene-Band-Structure-Quantum-Espresso/outputs/field_0/PBE-d3/top/data/ldos.pp.dat925

     Calling punch_plot, plot_num =   3

     Energy =   5.90760 eV, broadening =   0.30000eV
     Writing data to file  /home/ubuntu/projects/Graphene-Band-Structure-Quantum-Espresso/outputs/field_0/PBE-d3/top/data/ldos.pp.dat926

     Calling punch_plot, plot_num =   3

     Energy =   5.92760 eV, broadening =   0.30000eV
     Writing data to file  /home/ubuntu/projects/Graphene-Band-Structure-Quantum-Espresso/outputs/field_0/PBE-d3/top/data/ldos.pp.dat927

     Calling punch_plot, plot_num =   3

     Energy =   5.94760 eV, broadening =   0.30000eV
     Writing data to file  /home/ubuntu/projects/Graphene-Band-Structure-Quantum-Espresso/outputs/field_0/PBE-d3/top/data/ldos.pp.dat928

     Calling punch_plot, plot_num =   3

     Energy =   5.96760 eV, broadening =   0.30000eV
     Writing data to file  /home/ubuntu/projects/Graphene-Band-Structure-Quantum-Espresso/outputs/field_0/PBE-d3/top/data/ldos.pp.dat929

     Calling punch_plot, plot_num =   3

     Energy =   5.98760 eV, broadening =   0.30000eV
     Writing data to file  /home/ubuntu/projects/Graphene-Band-Structure-Quantum-Espresso/outputs/field_0/PBE-d3/top/data/ldos.pp.dat930

     Calling punch_plot, plot_num =   3

     Energy =   6.00760 eV, broadening =   0.30000eV
     Writing data to file  /home/ubuntu/projects/Graphene-Band-Structure-Quantum-Espresso/outputs/field_0/PBE-d3/top/data/ldos.pp.dat931

     Calling punch_plot, plot_num =   3

     Energy =   6.02760 eV, broadening =   0.30000eV
     Writing data to file  /home/ubuntu/projects/Graphene-Band-Structure-Quantum-Espresso/outputs/field_0/PBE-d3/top/data/ldos.pp.dat932

     Calling punch_plot, plot_num =   3

     Energy =   6.04760 eV, broadening =   0.30000eV
     Writing data to file  /home/ubuntu/projects/Graphene-Band-Structure-Quantum-Espresso/outputs/field_0/PBE-d3/top/data/ldos.pp.dat933

     Calling punch_plot, plot_num =   3

     Energy =   6.06760 eV, broadening =   0.30000eV
     Writing data to file  /home/ubuntu/projects/Graphene-Band-Structure-Quantum-Espresso/outputs/field_0/PBE-d3/top/data/ldos.pp.dat934

     Calling punch_plot, plot_num =   3

     Energy =   6.08760 eV, broadening =   0.30000eV
     Writing data to file  /home/ubuntu/projects/Graphene-Band-Structure-Quantum-Espresso/outputs/field_0/PBE-d3/top/data/ldos.pp.dat935

     Calling punch_plot, plot_num =   3

     Energy =   6.10760 eV, broadening =   0.30000eV
     Writing data to file  /home/ubuntu/projects/Graphene-Band-Structure-Quantum-Espresso/outputs/field_0/PBE-d3/top/data/ldos.pp.dat936

     Calling punch_plot, plot_num =   3

     Energy =   6.12760 eV, broadening =   0.30000eV
     Writing data to file  /home/ubuntu/projects/Graphene-Band-Structure-Quantum-Espresso/outputs/field_0/PBE-d3/top/data/ldos.pp.dat937

     Calling punch_plot, plot_num =   3

     Energy =   6.14760 eV, broadening =   0.30000eV
     Writing data to file  /home/ubuntu/projects/Graphene-Band-Structure-Quantum-Espresso/outputs/field_0/PBE-d3/top/data/ldos.pp.dat938

     Calling punch_plot, plot_num =   3

     Energy =   6.16760 eV, broadening =   0.30000eV
     Writing data to file  /home/ubuntu/projects/Graphene-Band-Structure-Quantum-Espresso/outputs/field_0/PBE-d3/top/data/ldos.pp.dat939

     Calling punch_plot, plot_num =   3

     Energy =   6.18760 eV, broadening =   0.30000eV
     Writing data to file  /home/ubuntu/projects/Graphene-Band-Structure-Quantum-Espresso/outputs/field_0/PBE-d3/top/data/ldos.pp.dat940

     Calling punch_plot, plot_num =   3

     Energy =   6.20760 eV, broadening =   0.30000eV
     Writing data to file  /home/ubuntu/projects/Graphene-Band-Structure-Quantum-Espresso/outputs/field_0/PBE-d3/top/data/ldos.pp.dat941

     Calling punch_plot, plot_num =   3

     Energy =   6.22760 eV, broadening =   0.30000eV
     Writing data to file  /home/ubuntu/projects/Graphene-Band-Structure-Quantum-Espresso/outputs/field_0/PBE-d3/top/data/ldos.pp.dat942

     Calling punch_plot, plot_num =   3

     Energy =   6.24760 eV, broadening =   0.30000eV
     Writing data to file  /home/ubuntu/projects/Graphene-Band-Structure-Quantum-Espresso/outputs/field_0/PBE-d3/top/data/ldos.pp.dat943

     Calling punch_plot, plot_num =   3

     Energy =   6.26760 eV, broadening =   0.30000eV
     Writing data to file  /home/ubuntu/projects/Graphene-Band-Structure-Quantum-Espresso/outputs/field_0/PBE-d3/top/data/ldos.pp.dat944

     Calling punch_plot, plot_num =   3

     Energy =   6.28760 eV, broadening =   0.30000eV
     Writing data to file  /home/ubuntu/projects/Graphene-Band-Structure-Quantum-Espresso/outputs/field_0/PBE-d3/top/data/ldos.pp.dat945

     Calling punch_plot, plot_num =   3

     Energy =   6.30760 eV, broadening =   0.30000eV
     Writing data to file  /home/ubuntu/projects/Graphene-Band-Structure-Quantum-Espresso/outputs/field_0/PBE-d3/top/data/ldos.pp.dat946

     Calling punch_plot, plot_num =   3

     Energy =   6.32760 eV, broadening =   0.30000eV
     Writing data to file  /home/ubuntu/projects/Graphene-Band-Structure-Quantum-Espresso/outputs/field_0/PBE-d3/top/data/ldos.pp.dat947

     Calling punch_plot, plot_num =   3

     Energy =   6.34760 eV, broadening =   0.30000eV
     Writing data to file  /home/ubuntu/projects/Graphene-Band-Structure-Quantum-Espresso/outputs/field_0/PBE-d3/top/data/ldos.pp.dat948

     Calling punch_plot, plot_num =   3

     Energy =   6.36760 eV, broadening =   0.30000eV
     Writing data to file  /home/ubuntu/projects/Graphene-Band-Structure-Quantum-Espresso/outputs/field_0/PBE-d3/top/data/ldos.pp.dat949

     Calling punch_plot, plot_num =   3

     Energy =   6.38760 eV, broadening =   0.30000eV
     Writing data to file  /home/ubuntu/projects/Graphene-Band-Structure-Quantum-Espresso/outputs/field_0/PBE-d3/top/data/ldos.pp.dat950

     Calling punch_plot, plot_num =   3

     Energy =   6.40760 eV, broadening =   0.30000eV
     Writing data to file  /home/ubuntu/projects/Graphene-Band-Structure-Quantum-Espresso/outputs/field_0/PBE-d3/top/data/ldos.pp.dat951

     Calling punch_plot, plot_num =   3

     Energy =   6.42760 eV, broadening =   0.30000eV
     Writing data to file  /home/ubuntu/projects/Graphene-Band-Structure-Quantum-Espresso/outputs/field_0/PBE-d3/top/data/ldos.pp.dat952

     Calling punch_plot, plot_num =   3

     Energy =   6.44760 eV, broadening =   0.30000eV
     Writing data to file  /home/ubuntu/projects/Graphene-Band-Structure-Quantum-Espresso/outputs/field_0/PBE-d3/top/data/ldos.pp.dat953

     Calling punch_plot, plot_num =   3

     Energy =   6.46760 eV, broadening =   0.30000eV
     Writing data to file  /home/ubuntu/projects/Graphene-Band-Structure-Quantum-Espresso/outputs/field_0/PBE-d3/top/data/ldos.pp.dat954

     Calling punch_plot, plot_num =   3

     Energy =   6.48760 eV, broadening =   0.30000eV
     Writing data to file  /home/ubuntu/projects/Graphene-Band-Structure-Quantum-Espresso/outputs/field_0/PBE-d3/top/data/ldos.pp.dat955

     Calling punch_plot, plot_num =   3

     Energy =   6.50760 eV, broadening =   0.30000eV
     Writing data to file  /home/ubuntu/projects/Graphene-Band-Structure-Quantum-Espresso/outputs/field_0/PBE-d3/top/data/ldos.pp.dat956

     Calling punch_plot, plot_num =   3

     Energy =   6.52760 eV, broadening =   0.30000eV
     Writing data to file  /home/ubuntu/projects/Graphene-Band-Structure-Quantum-Espresso/outputs/field_0/PBE-d3/top/data/ldos.pp.dat957

     Calling punch_plot, plot_num =   3

     Energy =   6.54760 eV, broadening =   0.30000eV
     Writing data to file  /home/ubuntu/projects/Graphene-Band-Structure-Quantum-Espresso/outputs/field_0/PBE-d3/top/data/ldos.pp.dat958

     Calling punch_plot, plot_num =   3

     Energy =   6.56760 eV, broadening =   0.30000eV
     Writing data to file  /home/ubuntu/projects/Graphene-Band-Structure-Quantum-Espresso/outputs/field_0/PBE-d3/top/data/ldos.pp.dat959

     Calling punch_plot, plot_num =   3

     Energy =   6.58760 eV, broadening =   0.30000eV
     Writing data to file  /home/ubuntu/projects/Graphene-Band-Structure-Quantum-Espresso/outputs/field_0/PBE-d3/top/data/ldos.pp.dat960

     Calling punch_plot, plot_num =   3

     Energy =   6.60760 eV, broadening =   0.30000eV
     Writing data to file  /home/ubuntu/projects/Graphene-Band-Structure-Quantum-Espresso/outputs/field_0/PBE-d3/top/data/ldos.pp.dat961

     Calling punch_plot, plot_num =   3

     Energy =   6.62760 eV, broadening =   0.30000eV
     Writing data to file  /home/ubuntu/projects/Graphene-Band-Structure-Quantum-Espresso/outputs/field_0/PBE-d3/top/data/ldos.pp.dat962

     Calling punch_plot, plot_num =   3

     Energy =   6.64760 eV, broadening =   0.30000eV
     Writing data to file  /home/ubuntu/projects/Graphene-Band-Structure-Quantum-Espresso/outputs/field_0/PBE-d3/top/data/ldos.pp.dat963

     Calling punch_plot, plot_num =   3

     Energy =   6.66760 eV, broadening =   0.30000eV
     Writing data to file  /home/ubuntu/projects/Graphene-Band-Structure-Quantum-Espresso/outputs/field_0/PBE-d3/top/data/ldos.pp.dat964

     Calling punch_plot, plot_num =   3

     Energy =   6.68760 eV, broadening =   0.30000eV
     Writing data to file  /home/ubuntu/projects/Graphene-Band-Structure-Quantum-Espresso/outputs/field_0/PBE-d3/top/data/ldos.pp.dat965

     Calling punch_plot, plot_num =   3

     Energy =   6.70760 eV, broadening =   0.30000eV
     Writing data to file  /home/ubuntu/projects/Graphene-Band-Structure-Quantum-Espresso/outputs/field_0/PBE-d3/top/data/ldos.pp.dat966

     Calling punch_plot, plot_num =   3

     Energy =   6.72760 eV, broadening =   0.30000eV
     Writing data to file  /home/ubuntu/projects/Graphene-Band-Structure-Quantum-Espresso/outputs/field_0/PBE-d3/top/data/ldos.pp.dat967

     Calling punch_plot, plot_num =   3

     Energy =   6.74760 eV, broadening =   0.30000eV
     Writing data to file  /home/ubuntu/projects/Graphene-Band-Structure-Quantum-Espresso/outputs/field_0/PBE-d3/top/data/ldos.pp.dat968

     Calling punch_plot, plot_num =   3

     Energy =   6.76760 eV, broadening =   0.30000eV
     Writing data to file  /home/ubuntu/projects/Graphene-Band-Structure-Quantum-Espresso/outputs/field_0/PBE-d3/top/data/ldos.pp.dat969

     Calling punch_plot, plot_num =   3

     Energy =   6.78760 eV, broadening =   0.30000eV
     Writing data to file  /home/ubuntu/projects/Graphene-Band-Structure-Quantum-Espresso/outputs/field_0/PBE-d3/top/data/ldos.pp.dat970

     Calling punch_plot, plot_num =   3

     Energy =   6.80760 eV, broadening =   0.30000eV
     Writing data to file  /home/ubuntu/projects/Graphene-Band-Structure-Quantum-Espresso/outputs/field_0/PBE-d3/top/data/ldos.pp.dat971

     Calling punch_plot, plot_num =   3

     Energy =   6.82760 eV, broadening =   0.30000eV
     Writing data to file  /home/ubuntu/projects/Graphene-Band-Structure-Quantum-Espresso/outputs/field_0/PBE-d3/top/data/ldos.pp.dat972

     Calling punch_plot, plot_num =   3

     Energy =   6.84760 eV, broadening =   0.30000eV
     Writing data to file  /home/ubuntu/projects/Graphene-Band-Structure-Quantum-Espresso/outputs/field_0/PBE-d3/top/data/ldos.pp.dat973

     Calling punch_plot, plot_num =   3

     Energy =   6.86760 eV, broadening =   0.30000eV
     Writing data to file  /home/ubuntu/projects/Graphene-Band-Structure-Quantum-Espresso/outputs/field_0/PBE-d3/top/data/ldos.pp.dat974

     Calling punch_plot, plot_num =   3

     Energy =   6.88760 eV, broadening =   0.30000eV
     Writing data to file  /home/ubuntu/projects/Graphene-Band-Structure-Quantum-Espresso/outputs/field_0/PBE-d3/top/data/ldos.pp.dat975

     Calling punch_plot, plot_num =   3

     Energy =   6.90760 eV, broadening =   0.30000eV
     Writing data to file  /home/ubuntu/projects/Graphene-Band-Structure-Quantum-Espresso/outputs/field_0/PBE-d3/top/data/ldos.pp.dat976

     Calling punch_plot, plot_num =   3

     Energy =   6.92760 eV, broadening =   0.30000eV
     Writing data to file  /home/ubuntu/projects/Graphene-Band-Structure-Quantum-Espresso/outputs/field_0/PBE-d3/top/data/ldos.pp.dat977

     Calling punch_plot, plot_num =   3

     Energy =   6.94760 eV, broadening =   0.30000eV
     Writing data to file  /home/ubuntu/projects/Graphene-Band-Structure-Quantum-Espresso/outputs/field_0/PBE-d3/top/data/ldos.pp.dat978

     Calling punch_plot, plot_num =   3

     Energy =   6.96760 eV, broadening =   0.30000eV
     Writing data to file  /home/ubuntu/projects/Graphene-Band-Structure-Quantum-Espresso/outputs/field_0/PBE-d3/top/data/ldos.pp.dat979

     Calling punch_plot, plot_num =   3

     Energy =   6.98760 eV, broadening =   0.30000eV
     Writing data to file  /home/ubuntu/projects/Graphene-Band-Structure-Quantum-Espresso/outputs/field_0/PBE-d3/top/data/ldos.pp.dat980

     Calling punch_plot, plot_num =   3

     Energy =   7.00760 eV, broadening =   0.30000eV
     Writing data to file  /home/ubuntu/projects/Graphene-Band-Structure-Quantum-Espresso/outputs/field_0/PBE-d3/top/data/ldos.pp.dat981

     Calling punch_plot, plot_num =   3

     Energy =   7.02760 eV, broadening =   0.30000eV
     Writing data to file  /home/ubuntu/projects/Graphene-Band-Structure-Quantum-Espresso/outputs/field_0/PBE-d3/top/data/ldos.pp.dat982

     Calling punch_plot, plot_num =   3

     Energy =   7.04760 eV, broadening =   0.30000eV
     Writing data to file  /home/ubuntu/projects/Graphene-Band-Structure-Quantum-Espresso/outputs/field_0/PBE-d3/top/data/ldos.pp.dat983

     Calling punch_plot, plot_num =   3

     Energy =   7.06760 eV, broadening =   0.30000eV
     Writing data to file  /home/ubuntu/projects/Graphene-Band-Structure-Quantum-Espresso/outputs/field_0/PBE-d3/top/data/ldos.pp.dat984

     Calling punch_plot, plot_num =   3

     Energy =   7.08760 eV, broadening =   0.30000eV
     Writing data to file  /home/ubuntu/projects/Graphene-Band-Structure-Quantum-Espresso/outputs/field_0/PBE-d3/top/data/ldos.pp.dat985

     Calling punch_plot, plot_num =   3

     Energy =   7.10760 eV, broadening =   0.30000eV
     Writing data to file  /home/ubuntu/projects/Graphene-Band-Structure-Quantum-Espresso/outputs/field_0/PBE-d3/top/data/ldos.pp.dat986

     Calling punch_plot, plot_num =   3

     Energy =   7.12760 eV, broadening =   0.30000eV
     Writing data to file  /home/ubuntu/projects/Graphene-Band-Structure-Quantum-Espresso/outputs/field_0/PBE-d3/top/data/ldos.pp.dat987

     Calling punch_plot, plot_num =   3

     Energy =   7.14760 eV, broadening =   0.30000eV
     Writing data to file  /home/ubuntu/projects/Graphene-Band-Structure-Quantum-Espresso/outputs/field_0/PBE-d3/top/data/ldos.pp.dat988

     Calling punch_plot, plot_num =   3

     Energy =   7.16760 eV, broadening =   0.30000eV
     Writing data to file  /home/ubuntu/projects/Graphene-Band-Structure-Quantum-Espresso/outputs/field_0/PBE-d3/top/data/ldos.pp.dat989

     Calling punch_plot, plot_num =   3

     Energy =   7.18760 eV, broadening =   0.30000eV
     Writing data to file  /home/ubuntu/projects/Graphene-Band-Structure-Quantum-Espresso/outputs/field_0/PBE-d3/top/data/ldos.pp.dat990

     Calling punch_plot, plot_num =   3

     Energy =   7.20760 eV, broadening =   0.30000eV
     Writing data to file  /home/ubuntu/projects/Graphene-Band-Structure-Quantum-Espresso/outputs/field_0/PBE-d3/top/data/ldos.pp.dat991

     Calling punch_plot, plot_num =   3

     Energy =   7.22760 eV, broadening =   0.30000eV
     Writing data to file  /home/ubuntu/projects/Graphene-Band-Structure-Quantum-Espresso/outputs/field_0/PBE-d3/top/data/ldos.pp.dat992

     Calling punch_plot, plot_num =   3

     Energy =   7.24760 eV, broadening =   0.30000eV
     Writing data to file  /home/ubuntu/projects/Graphene-Band-Structure-Quantum-Espresso/outputs/field_0/PBE-d3/top/data/ldos.pp.dat993

     Calling punch_plot, plot_num =   3

     Energy =   7.26760 eV, broadening =   0.30000eV
     Writing data to file  /home/ubuntu/projects/Graphene-Band-Structure-Quantum-Espresso/outputs/field_0/PBE-d3/top/data/ldos.pp.dat994

     Calling punch_plot, plot_num =   3

     Energy =   7.28760 eV, broadening =   0.30000eV
     Writing data to file  /home/ubuntu/projects/Graphene-Band-Structure-Quantum-Espresso/outputs/field_0/PBE-d3/top/data/ldos.pp.dat995

     Calling punch_plot, plot_num =   3

     Energy =   7.30760 eV, broadening =   0.30000eV
     Writing data to file  /home/ubuntu/projects/Graphene-Band-Structure-Quantum-Espresso/outputs/field_0/PBE-d3/top/data/ldos.pp.dat996

     Calling punch_plot, plot_num =   3

     Energy =   7.32760 eV, broadening =   0.30000eV
     Writing data to file  /home/ubuntu/projects/Graphene-Band-Structure-Quantum-Espresso/outputs/field_0/PBE-d3/top/data/ldos.pp.dat997

     Calling punch_plot, plot_num =   3

     Energy =   7.34760 eV, broadening =   0.30000eV
     Writing data to file  /home/ubuntu/projects/Graphene-Band-Structure-Quantum-Espresso/outputs/field_0/PBE-d3/top/data/ldos.pp.dat998

     Calling punch_plot, plot_num =   3

     Energy =   7.36760 eV, broadening =   0.30000eV
     Writing data to file  /home/ubuntu/projects/Graphene-Band-Structure-Quantum-Espresso/outputs/field_0/PBE-d3/top/data/ldos.pp.dat999

     Calling punch_plot, plot_num =   3

     Energy =   7.38760 eV, broadening =   0.30000eV
     Writing data to file  /home/ubuntu/projects/Graphene-Band-Structure-Quantum-Espresso/outputs/field_0/PBE-d3/top/data/ldos.pp.dat1000

     Calling punch_plot, plot_num =   3

     Energy =   7.40760 eV, broadening =   0.30000eV
     Writing data to file  /home/ubuntu/projects/Graphene-Band-Structure-Quantum-Espresso/outputs/field_0/PBE-d3/top/data/ldos.pp.dat1001
     Reading data from file  /home/ubuntu/projects/Graphene-Band-Structure-Quantum-Espresso/outputs/field_0/PBE-d3/top/data/ldos.pp.dat001

     Writing data to be plotted to file /home/ubuntu/projects/Graphene-Band-Structure-Quantum-Espresso/outputs/field_0/PBE-d3/top/data/ldos.pp.dat001.xsf
     Plot Type: 3D                     Output format: XCrySDen     
     Reading data from file  /home/ubuntu/projects/Graphene-Band-Structure-Quantum-Espresso/outputs/field_0/PBE-d3/top/data/ldos.pp.dat002

     Writing data to be plotted to file /home/ubuntu/projects/Graphene-Band-Structure-Quantum-Espresso/outputs/field_0/PBE-d3/top/data/ldos.pp.dat002.xsf
     Plot Type: 3D                     Output format: XCrySDen     
     Reading data from file  /home/ubuntu/projects/Graphene-Band-Structure-Quantum-Espresso/outputs/field_0/PBE-d3/top/data/ldos.pp.dat003

     Writing data to be plotted to file /home/ubuntu/projects/Graphene-Band-Structure-Quantum-Espresso/outputs/field_0/PBE-d3/top/data/ldos.pp.dat003.xsf
     Plot Type: 3D                     Output format: XCrySDen     
     Reading data from file  /home/ubuntu/projects/Graphene-Band-Structure-Quantum-Espresso/outputs/field_0/PBE-d3/top/data/ldos.pp.dat004

     Writing data to be plotted to file /home/ubuntu/projects/Graphene-Band-Structure-Quantum-Espresso/outputs/field_0/PBE-d3/top/data/ldos.pp.dat004.xsf
     Plot Type: 3D                     Output format: XCrySDen     
     Reading data from file  /home/ubuntu/projects/Graphene-Band-Structure-Quantum-Espresso/outputs/field_0/PBE-d3/top/data/ldos.pp.dat005

     Writing data to be plotted to file /home/ubuntu/projects/Graphene-Band-Structure-Quantum-Espresso/outputs/field_0/PBE-d3/top/data/ldos.pp.dat005.xsf
     Plot Type: 3D                     Output format: XCrySDen     
     Reading data from file  /home/ubuntu/projects/Graphene-Band-Structure-Quantum-Espresso/outputs/field_0/PBE-d3/top/data/ldos.pp.dat006

     Writing data to be plotted to file /home/ubuntu/projects/Graphene-Band-Structure-Quantum-Espresso/outputs/field_0/PBE-d3/top/data/ldos.pp.dat006.xsf
     Plot Type: 3D                     Output format: XCrySDen     
     Reading data from file  /home/ubuntu/projects/Graphene-Band-Structure-Quantum-Espresso/outputs/field_0/PBE-d3/top/data/ldos.pp.dat007

     Writing data to be plotted to file /home/ubuntu/projects/Graphene-Band-Structure-Quantum-Espresso/outputs/field_0/PBE-d3/top/data/ldos.pp.dat007.xsf
     Plot Type: 3D                     Output format: XCrySDen     
     Reading data from file  /home/ubuntu/projects/Graphene-Band-Structure-Quantum-Espresso/outputs/field_0/PBE-d3/top/data/ldos.pp.dat008

     Writing data to be plotted to file /home/ubuntu/projects/Graphene-Band-Structure-Quantum-Espresso/outputs/field_0/PBE-d3/top/data/ldos.pp.dat008.xsf
     Plot Type: 3D                     Output format: XCrySDen     
     Reading data from file  /home/ubuntu/projects/Graphene-Band-Structure-Quantum-Espresso/outputs/field_0/PBE-d3/top/data/ldos.pp.dat009

     Writing data to be plotted to file /home/ubuntu/projects/Graphene-Band-Structure-Quantum-Espresso/outputs/field_0/PBE-d3/top/data/ldos.pp.dat009.xsf
     Plot Type: 3D                     Output format: XCrySDen     
     Reading data from file  /home/ubuntu/projects/Graphene-Band-Structure-Quantum-Espresso/outputs/field_0/PBE-d3/top/data/ldos.pp.dat010

     Writing data to be plotted to file /home/ubuntu/projects/Graphene-Band-Structure-Quantum-Espresso/outputs/field_0/PBE-d3/top/data/ldos.pp.dat010.xsf
     Plot Type: 3D                     Output format: XCrySDen     
     Reading data from file  /home/ubuntu/projects/Graphene-Band-Structure-Quantum-Espresso/outputs/field_0/PBE-d3/top/data/ldos.pp.dat011

     Writing data to be plotted to file /home/ubuntu/projects/Graphene-Band-Structure-Quantum-Espresso/outputs/field_0/PBE-d3/top/data/ldos.pp.dat011.xsf
     Plot Type: 3D                     Output format: XCrySDen     
     Reading data from file  /home/ubuntu/projects/Graphene-Band-Structure-Quantum-Espresso/outputs/field_0/PBE-d3/top/data/ldos.pp.dat012

     Writing data to be plotted to file /home/ubuntu/projects/Graphene-Band-Structure-Quantum-Espresso/outputs/field_0/PBE-d3/top/data/ldos.pp.dat012.xsf
     Plot Type: 3D                     Output format: XCrySDen     
     Reading data from file  /home/ubuntu/projects/Graphene-Band-Structure-Quantum-Espresso/outputs/field_0/PBE-d3/top/data/ldos.pp.dat013

     Writing data to be plotted to file /home/ubuntu/projects/Graphene-Band-Structure-Quantum-Espresso/outputs/field_0/PBE-d3/top/data/ldos.pp.dat013.xsf
     Plot Type: 3D                     Output format: XCrySDen     
     Reading data from file  /home/ubuntu/projects/Graphene-Band-Structure-Quantum-Espresso/outputs/field_0/PBE-d3/top/data/ldos.pp.dat014

     Writing data to be plotted to file /home/ubuntu/projects/Graphene-Band-Structure-Quantum-Espresso/outputs/field_0/PBE-d3/top/data/ldos.pp.dat014.xsf
     Plot Type: 3D                     Output format: XCrySDen     
     Reading data from file  /home/ubuntu/projects/Graphene-Band-Structure-Quantum-Espresso/outputs/field_0/PBE-d3/top/data/ldos.pp.dat015

     Writing data to be plotted to file /home/ubuntu/projects/Graphene-Band-Structure-Quantum-Espresso/outputs/field_0/PBE-d3/top/data/ldos.pp.dat015.xsf
     Plot Type: 3D                     Output format: XCrySDen     
     Reading data from file  /home/ubuntu/projects/Graphene-Band-Structure-Quantum-Espresso/outputs/field_0/PBE-d3/top/data/ldos.pp.dat016

     Writing data to be plotted to file /home/ubuntu/projects/Graphene-Band-Structure-Quantum-Espresso/outputs/field_0/PBE-d3/top/data/ldos.pp.dat016.xsf
     Plot Type: 3D                     Output format: XCrySDen     
     Reading data from file  /home/ubuntu/projects/Graphene-Band-Structure-Quantum-Espresso/outputs/field_0/PBE-d3/top/data/ldos.pp.dat017

     Writing data to be plotted to file /home/ubuntu/projects/Graphene-Band-Structure-Quantum-Espresso/outputs/field_0/PBE-d3/top/data/ldos.pp.dat017.xsf
     Plot Type: 3D                     Output format: XCrySDen     
     Reading data from file  /home/ubuntu/projects/Graphene-Band-Structure-Quantum-Espresso/outputs/field_0/PBE-d3/top/data/ldos.pp.dat018

     Writing data to be plotted to file /home/ubuntu/projects/Graphene-Band-Structure-Quantum-Espresso/outputs/field_0/PBE-d3/top/data/ldos.pp.dat018.xsf
     Plot Type: 3D                     Output format: XCrySDen     
     Reading data from file  /home/ubuntu/projects/Graphene-Band-Structure-Quantum-Espresso/outputs/field_0/PBE-d3/top/data/ldos.pp.dat019

     Writing data to be plotted to file /home/ubuntu/projects/Graphene-Band-Structure-Quantum-Espresso/outputs/field_0/PBE-d3/top/data/ldos.pp.dat019.xsf
     Plot Type: 3D                     Output format: XCrySDen     
     Reading data from file  /home/ubuntu/projects/Graphene-Band-Structure-Quantum-Espresso/outputs/field_0/PBE-d3/top/data/ldos.pp.dat020

     Writing data to be plotted to file /home/ubuntu/projects/Graphene-Band-Structure-Quantum-Espresso/outputs/field_0/PBE-d3/top/data/ldos.pp.dat020.xsf
     Plot Type: 3D                     Output format: XCrySDen     
     Reading data from file  /home/ubuntu/projects/Graphene-Band-Structure-Quantum-Espresso/outputs/field_0/PBE-d3/top/data/ldos.pp.dat021

     Writing data to be plotted to file /home/ubuntu/projects/Graphene-Band-Structure-Quantum-Espresso/outputs/field_0/PBE-d3/top/data/ldos.pp.dat021.xsf
     Plot Type: 3D                     Output format: XCrySDen     
     Reading data from file  /home/ubuntu/projects/Graphene-Band-Structure-Quantum-Espresso/outputs/field_0/PBE-d3/top/data/ldos.pp.dat022

     Writing data to be plotted to file /home/ubuntu/projects/Graphene-Band-Structure-Quantum-Espresso/outputs/field_0/PBE-d3/top/data/ldos.pp.dat022.xsf
     Plot Type: 3D                     Output format: XCrySDen     
     Reading data from file  /home/ubuntu/projects/Graphene-Band-Structure-Quantum-Espresso/outputs/field_0/PBE-d3/top/data/ldos.pp.dat023

     Writing data to be plotted to file /home/ubuntu/projects/Graphene-Band-Structure-Quantum-Espresso/outputs/field_0/PBE-d3/top/data/ldos.pp.dat023.xsf
     Plot Type: 3D                     Output format: XCrySDen     
     Reading data from file  /home/ubuntu/projects/Graphene-Band-Structure-Quantum-Espresso/outputs/field_0/PBE-d3/top/data/ldos.pp.dat024

     Writing data to be plotted to file /home/ubuntu/projects/Graphene-Band-Structure-Quantum-Espresso/outputs/field_0/PBE-d3/top/data/ldos.pp.dat024.xsf
     Plot Type: 3D                     Output format: XCrySDen     
     Reading data from file  /home/ubuntu/projects/Graphene-Band-Structure-Quantum-Espresso/outputs/field_0/PBE-d3/top/data/ldos.pp.dat025

     Writing data to be plotted to file /home/ubuntu/projects/Graphene-Band-Structure-Quantum-Espresso/outputs/field_0/PBE-d3/top/data/ldos.pp.dat025.xsf
     Plot Type: 3D                     Output format: XCrySDen     
     Reading data from file  /home/ubuntu/projects/Graphene-Band-Structure-Quantum-Espresso/outputs/field_0/PBE-d3/top/data/ldos.pp.dat026

     Writing data to be plotted to file /home/ubuntu/projects/Graphene-Band-Structure-Quantum-Espresso/outputs/field_0/PBE-d3/top/data/ldos.pp.dat026.xsf
     Plot Type: 3D                     Output format: XCrySDen     
     Reading data from file  /home/ubuntu/projects/Graphene-Band-Structure-Quantum-Espresso/outputs/field_0/PBE-d3/top/data/ldos.pp.dat027

     Writing data to be plotted to file /home/ubuntu/projects/Graphene-Band-Structure-Quantum-Espresso/outputs/field_0/PBE-d3/top/data/ldos.pp.dat027.xsf
     Plot Type: 3D                     Output format: XCrySDen     
     Reading data from file  /home/ubuntu/projects/Graphene-Band-Structure-Quantum-Espresso/outputs/field_0/PBE-d3/top/data/ldos.pp.dat028

     Writing data to be plotted to file /home/ubuntu/projects/Graphene-Band-Structure-Quantum-Espresso/outputs/field_0/PBE-d3/top/data/ldos.pp.dat028.xsf
     Plot Type: 3D                     Output format: XCrySDen     
     Reading data from file  /home/ubuntu/projects/Graphene-Band-Structure-Quantum-Espresso/outputs/field_0/PBE-d3/top/data/ldos.pp.dat029

     Writing data to be plotted to file /home/ubuntu/projects/Graphene-Band-Structure-Quantum-Espresso/outputs/field_0/PBE-d3/top/data/ldos.pp.dat029.xsf
     Plot Type: 3D                     Output format: XCrySDen     
     Reading data from file  /home/ubuntu/projects/Graphene-Band-Structure-Quantum-Espresso/outputs/field_0/PBE-d3/top/data/ldos.pp.dat030

     Writing data to be plotted to file /home/ubuntu/projects/Graphene-Band-Structure-Quantum-Espresso/outputs/field_0/PBE-d3/top/data/ldos.pp.dat030.xsf
     Plot Type: 3D                     Output format: XCrySDen     
     Reading data from file  /home/ubuntu/projects/Graphene-Band-Structure-Quantum-Espresso/outputs/field_0/PBE-d3/top/data/ldos.pp.dat031

     Writing data to be plotted to file /home/ubuntu/projects/Graphene-Band-Structure-Quantum-Espresso/outputs/field_0/PBE-d3/top/data/ldos.pp.dat031.xsf
     Plot Type: 3D                     Output format: XCrySDen     
     Reading data from file  /home/ubuntu/projects/Graphene-Band-Structure-Quantum-Espresso/outputs/field_0/PBE-d3/top/data/ldos.pp.dat032

     Writing data to be plotted to file /home/ubuntu/projects/Graphene-Band-Structure-Quantum-Espresso/outputs/field_0/PBE-d3/top/data/ldos.pp.dat032.xsf
     Plot Type: 3D                     Output format: XCrySDen     
     Reading data from file  /home/ubuntu/projects/Graphene-Band-Structure-Quantum-Espresso/outputs/field_0/PBE-d3/top/data/ldos.pp.dat033

     Writing data to be plotted to file /home/ubuntu/projects/Graphene-Band-Structure-Quantum-Espresso/outputs/field_0/PBE-d3/top/data/ldos.pp.dat033.xsf
     Plot Type: 3D                     Output format: XCrySDen     
     Reading data from file  /home/ubuntu/projects/Graphene-Band-Structure-Quantum-Espresso/outputs/field_0/PBE-d3/top/data/ldos.pp.dat034

     Writing data to be plotted to file /home/ubuntu/projects/Graphene-Band-Structure-Quantum-Espresso/outputs/field_0/PBE-d3/top/data/ldos.pp.dat034.xsf
     Plot Type: 3D                     Output format: XCrySDen     
     Reading data from file  /home/ubuntu/projects/Graphene-Band-Structure-Quantum-Espresso/outputs/field_0/PBE-d3/top/data/ldos.pp.dat035

     Writing data to be plotted to file /home/ubuntu/projects/Graphene-Band-Structure-Quantum-Espresso/outputs/field_0/PBE-d3/top/data/ldos.pp.dat035.xsf
     Plot Type: 3D                     Output format: XCrySDen     
     Reading data from file  /home/ubuntu/projects/Graphene-Band-Structure-Quantum-Espresso/outputs/field_0/PBE-d3/top/data/ldos.pp.dat036

     Writing data to be plotted to file /home/ubuntu/projects/Graphene-Band-Structure-Quantum-Espresso/outputs/field_0/PBE-d3/top/data/ldos.pp.dat036.xsf
     Plot Type: 3D                     Output format: XCrySDen     
     Reading data from file  /home/ubuntu/projects/Graphene-Band-Structure-Quantum-Espresso/outputs/field_0/PBE-d3/top/data/ldos.pp.dat037

     Writing data to be plotted to file /home/ubuntu/projects/Graphene-Band-Structure-Quantum-Espresso/outputs/field_0/PBE-d3/top/data/ldos.pp.dat037.xsf
     Plot Type: 3D                     Output format: XCrySDen     
     Reading data from file  /home/ubuntu/projects/Graphene-Band-Structure-Quantum-Espresso/outputs/field_0/PBE-d3/top/data/ldos.pp.dat038

     Writing data to be plotted to file /home/ubuntu/projects/Graphene-Band-Structure-Quantum-Espresso/outputs/field_0/PBE-d3/top/data/ldos.pp.dat038.xsf
     Plot Type: 3D                     Output format: XCrySDen     
     Reading data from file  /home/ubuntu/projects/Graphene-Band-Structure-Quantum-Espresso/outputs/field_0/PBE-d3/top/data/ldos.pp.dat039

     Writing data to be plotted to file /home/ubuntu/projects/Graphene-Band-Structure-Quantum-Espresso/outputs/field_0/PBE-d3/top/data/ldos.pp.dat039.xsf
     Plot Type: 3D                     Output format: XCrySDen     
     Reading data from file  /home/ubuntu/projects/Graphene-Band-Structure-Quantum-Espresso/outputs/field_0/PBE-d3/top/data/ldos.pp.dat040

     Writing data to be plotted to file /home/ubuntu/projects/Graphene-Band-Structure-Quantum-Espresso/outputs/field_0/PBE-d3/top/data/ldos.pp.dat040.xsf
     Plot Type: 3D                     Output format: XCrySDen     
     Reading data from file  /home/ubuntu/projects/Graphene-Band-Structure-Quantum-Espresso/outputs/field_0/PBE-d3/top/data/ldos.pp.dat041

     Writing data to be plotted to file /home/ubuntu/projects/Graphene-Band-Structure-Quantum-Espresso/outputs/field_0/PBE-d3/top/data/ldos.pp.dat041.xsf
     Plot Type: 3D                     Output format: XCrySDen     
     Reading data from file  /home/ubuntu/projects/Graphene-Band-Structure-Quantum-Espresso/outputs/field_0/PBE-d3/top/data/ldos.pp.dat042

     Writing data to be plotted to file /home/ubuntu/projects/Graphene-Band-Structure-Quantum-Espresso/outputs/field_0/PBE-d3/top/data/ldos.pp.dat042.xsf
     Plot Type: 3D                     Output format: XCrySDen     
     Reading data from file  /home/ubuntu/projects/Graphene-Band-Structure-Quantum-Espresso/outputs/field_0/PBE-d3/top/data/ldos.pp.dat043

     Writing data to be plotted to file /home/ubuntu/projects/Graphene-Band-Structure-Quantum-Espresso/outputs/field_0/PBE-d3/top/data/ldos.pp.dat043.xsf
     Plot Type: 3D                     Output format: XCrySDen     
     Reading data from file  /home/ubuntu/projects/Graphene-Band-Structure-Quantum-Espresso/outputs/field_0/PBE-d3/top/data/ldos.pp.dat044

     Writing data to be plotted to file /home/ubuntu/projects/Graphene-Band-Structure-Quantum-Espresso/outputs/field_0/PBE-d3/top/data/ldos.pp.dat044.xsf
     Plot Type: 3D                     Output format: XCrySDen     
     Reading data from file  /home/ubuntu/projects/Graphene-Band-Structure-Quantum-Espresso/outputs/field_0/PBE-d3/top/data/ldos.pp.dat045

     Writing data to be plotted to file /home/ubuntu/projects/Graphene-Band-Structure-Quantum-Espresso/outputs/field_0/PBE-d3/top/data/ldos.pp.dat045.xsf
     Plot Type: 3D                     Output format: XCrySDen     
     Reading data from file  /home/ubuntu/projects/Graphene-Band-Structure-Quantum-Espresso/outputs/field_0/PBE-d3/top/data/ldos.pp.dat046

     Writing data to be plotted to file /home/ubuntu/projects/Graphene-Band-Structure-Quantum-Espresso/outputs/field_0/PBE-d3/top/data/ldos.pp.dat046.xsf
     Plot Type: 3D                     Output format: XCrySDen     
     Reading data from file  /home/ubuntu/projects/Graphene-Band-Structure-Quantum-Espresso/outputs/field_0/PBE-d3/top/data/ldos.pp.dat047

     Writing data to be plotted to file /home/ubuntu/projects/Graphene-Band-Structure-Quantum-Espresso/outputs/field_0/PBE-d3/top/data/ldos.pp.dat047.xsf
     Plot Type: 3D                     Output format: XCrySDen     
     Reading data from file  /home/ubuntu/projects/Graphene-Band-Structure-Quantum-Espresso/outputs/field_0/PBE-d3/top/data/ldos.pp.dat048

     Writing data to be plotted to file /home/ubuntu/projects/Graphene-Band-Structure-Quantum-Espresso/outputs/field_0/PBE-d3/top/data/ldos.pp.dat048.xsf
     Plot Type: 3D                     Output format: XCrySDen     
     Reading data from file  /home/ubuntu/projects/Graphene-Band-Structure-Quantum-Espresso/outputs/field_0/PBE-d3/top/data/ldos.pp.dat049

     Writing data to be plotted to file /home/ubuntu/projects/Graphene-Band-Structure-Quantum-Espresso/outputs/field_0/PBE-d3/top/data/ldos.pp.dat049.xsf
     Plot Type: 3D                     Output format: XCrySDen     
     Reading data from file  /home/ubuntu/projects/Graphene-Band-Structure-Quantum-Espresso/outputs/field_0/PBE-d3/top/data/ldos.pp.dat050

     Writing data to be plotted to file /home/ubuntu/projects/Graphene-Band-Structure-Quantum-Espresso/outputs/field_0/PBE-d3/top/data/ldos.pp.dat050.xsf
     Plot Type: 3D                     Output format: XCrySDen     
     Reading data from file  /home/ubuntu/projects/Graphene-Band-Structure-Quantum-Espresso/outputs/field_0/PBE-d3/top/data/ldos.pp.dat051

     Writing data to be plotted to file /home/ubuntu/projects/Graphene-Band-Structure-Quantum-Espresso/outputs/field_0/PBE-d3/top/data/ldos.pp.dat051.xsf
     Plot Type: 3D                     Output format: XCrySDen     
     Reading data from file  /home/ubuntu/projects/Graphene-Band-Structure-Quantum-Espresso/outputs/field_0/PBE-d3/top/data/ldos.pp.dat052

     Writing data to be plotted to file /home/ubuntu/projects/Graphene-Band-Structure-Quantum-Espresso/outputs/field_0/PBE-d3/top/data/ldos.pp.dat052.xsf
     Plot Type: 3D                     Output format: XCrySDen     
     Reading data from file  /home/ubuntu/projects/Graphene-Band-Structure-Quantum-Espresso/outputs/field_0/PBE-d3/top/data/ldos.pp.dat053

     Writing data to be plotted to file /home/ubuntu/projects/Graphene-Band-Structure-Quantum-Espresso/outputs/field_0/PBE-d3/top/data/ldos.pp.dat053.xsf
     Plot Type: 3D                     Output format: XCrySDen     
     Reading data from file  /home/ubuntu/projects/Graphene-Band-Structure-Quantum-Espresso/outputs/field_0/PBE-d3/top/data/ldos.pp.dat054

     Writing data to be plotted to file /home/ubuntu/projects/Graphene-Band-Structure-Quantum-Espresso/outputs/field_0/PBE-d3/top/data/ldos.pp.dat054.xsf
     Plot Type: 3D                     Output format: XCrySDen     
     Reading data from file  /home/ubuntu/projects/Graphene-Band-Structure-Quantum-Espresso/outputs/field_0/PBE-d3/top/data/ldos.pp.dat055

     Writing data to be plotted to file /home/ubuntu/projects/Graphene-Band-Structure-Quantum-Espresso/outputs/field_0/PBE-d3/top/data/ldos.pp.dat055.xsf
     Plot Type: 3D                     Output format: XCrySDen     
     Reading data from file  /home/ubuntu/projects/Graphene-Band-Structure-Quantum-Espresso/outputs/field_0/PBE-d3/top/data/ldos.pp.dat056

     Writing data to be plotted to file /home/ubuntu/projects/Graphene-Band-Structure-Quantum-Espresso/outputs/field_0/PBE-d3/top/data/ldos.pp.dat056.xsf
     Plot Type: 3D                     Output format: XCrySDen     
     Reading data from file  /home/ubuntu/projects/Graphene-Band-Structure-Quantum-Espresso/outputs/field_0/PBE-d3/top/data/ldos.pp.dat057

     Writing data to be plotted to file /home/ubuntu/projects/Graphene-Band-Structure-Quantum-Espresso/outputs/field_0/PBE-d3/top/data/ldos.pp.dat057.xsf
     Plot Type: 3D                     Output format: XCrySDen     
     Reading data from file  /home/ubuntu/projects/Graphene-Band-Structure-Quantum-Espresso/outputs/field_0/PBE-d3/top/data/ldos.pp.dat058

     Writing data to be plotted to file /home/ubuntu/projects/Graphene-Band-Structure-Quantum-Espresso/outputs/field_0/PBE-d3/top/data/ldos.pp.dat058.xsf
     Plot Type: 3D                     Output format: XCrySDen     
     Reading data from file  /home/ubuntu/projects/Graphene-Band-Structure-Quantum-Espresso/outputs/field_0/PBE-d3/top/data/ldos.pp.dat059

     Writing data to be plotted to file /home/ubuntu/projects/Graphene-Band-Structure-Quantum-Espresso/outputs/field_0/PBE-d3/top/data/ldos.pp.dat059.xsf
     Plot Type: 3D                     Output format: XCrySDen     
     Reading data from file  /home/ubuntu/projects/Graphene-Band-Structure-Quantum-Espresso/outputs/field_0/PBE-d3/top/data/ldos.pp.dat060

     Writing data to be plotted to file /home/ubuntu/projects/Graphene-Band-Structure-Quantum-Espresso/outputs/field_0/PBE-d3/top/data/ldos.pp.dat060.xsf
     Plot Type: 3D                     Output format: XCrySDen     
     Reading data from file  /home/ubuntu/projects/Graphene-Band-Structure-Quantum-Espresso/outputs/field_0/PBE-d3/top/data/ldos.pp.dat061

     Writing data to be plotted to file /home/ubuntu/projects/Graphene-Band-Structure-Quantum-Espresso/outputs/field_0/PBE-d3/top/data/ldos.pp.dat061.xsf
     Plot Type: 3D                     Output format: XCrySDen     
     Reading data from file  /home/ubuntu/projects/Graphene-Band-Structure-Quantum-Espresso/outputs/field_0/PBE-d3/top/data/ldos.pp.dat062

     Writing data to be plotted to file /home/ubuntu/projects/Graphene-Band-Structure-Quantum-Espresso/outputs/field_0/PBE-d3/top/data/ldos.pp.dat062.xsf
     Plot Type: 3D                     Output format: XCrySDen     
     Reading data from file  /home/ubuntu/projects/Graphene-Band-Structure-Quantum-Espresso/outputs/field_0/PBE-d3/top/data/ldos.pp.dat063

     Writing data to be plotted to file /home/ubuntu/projects/Graphene-Band-Structure-Quantum-Espresso/outputs/field_0/PBE-d3/top/data/ldos.pp.dat063.xsf
     Plot Type: 3D                     Output format: XCrySDen     
     Reading data from file  /home/ubuntu/projects/Graphene-Band-Structure-Quantum-Espresso/outputs/field_0/PBE-d3/top/data/ldos.pp.dat064

     Writing data to be plotted to file /home/ubuntu/projects/Graphene-Band-Structure-Quantum-Espresso/outputs/field_0/PBE-d3/top/data/ldos.pp.dat064.xsf
     Plot Type: 3D                     Output format: XCrySDen     
     Reading data from file  /home/ubuntu/projects/Graphene-Band-Structure-Quantum-Espresso/outputs/field_0/PBE-d3/top/data/ldos.pp.dat065

     Writing data to be plotted to file /home/ubuntu/projects/Graphene-Band-Structure-Quantum-Espresso/outputs/field_0/PBE-d3/top/data/ldos.pp.dat065.xsf
     Plot Type: 3D                     Output format: XCrySDen     
     Reading data from file  /home/ubuntu/projects/Graphene-Band-Structure-Quantum-Espresso/outputs/field_0/PBE-d3/top/data/ldos.pp.dat066

     Writing data to be plotted to file /home/ubuntu/projects/Graphene-Band-Structure-Quantum-Espresso/outputs/field_0/PBE-d3/top/data/ldos.pp.dat066.xsf
     Plot Type: 3D                     Output format: XCrySDen     
     Reading data from file  /home/ubuntu/projects/Graphene-Band-Structure-Quantum-Espresso/outputs/field_0/PBE-d3/top/data/ldos.pp.dat067

     Writing data to be plotted to file /home/ubuntu/projects/Graphene-Band-Structure-Quantum-Espresso/outputs/field_0/PBE-d3/top/data/ldos.pp.dat067.xsf
     Plot Type: 3D                     Output format: XCrySDen     
     Reading data from file  /home/ubuntu/projects/Graphene-Band-Structure-Quantum-Espresso/outputs/field_0/PBE-d3/top/data/ldos.pp.dat068

     Writing data to be plotted to file /home/ubuntu/projects/Graphene-Band-Structure-Quantum-Espresso/outputs/field_0/PBE-d3/top/data/ldos.pp.dat068.xsf
     Plot Type: 3D                     Output format: XCrySDen     
     Reading data from file  /home/ubuntu/projects/Graphene-Band-Structure-Quantum-Espresso/outputs/field_0/PBE-d3/top/data/ldos.pp.dat069

     Writing data to be plotted to file /home/ubuntu/projects/Graphene-Band-Structure-Quantum-Espresso/outputs/field_0/PBE-d3/top/data/ldos.pp.dat069.xsf
     Plot Type: 3D                     Output format: XCrySDen     
     Reading data from file  /home/ubuntu/projects/Graphene-Band-Structure-Quantum-Espresso/outputs/field_0/PBE-d3/top/data/ldos.pp.dat070

     Writing data to be plotted to file /home/ubuntu/projects/Graphene-Band-Structure-Quantum-Espresso/outputs/field_0/PBE-d3/top/data/ldos.pp.dat070.xsf
     Plot Type: 3D                     Output format: XCrySDen     
     Reading data from file  /home/ubuntu/projects/Graphene-Band-Structure-Quantum-Espresso/outputs/field_0/PBE-d3/top/data/ldos.pp.dat071

     Writing data to be plotted to file /home/ubuntu/projects/Graphene-Band-Structure-Quantum-Espresso/outputs/field_0/PBE-d3/top/data/ldos.pp.dat071.xsf
     Plot Type: 3D                     Output format: XCrySDen     
     Reading data from file  /home/ubuntu/projects/Graphene-Band-Structure-Quantum-Espresso/outputs/field_0/PBE-d3/top/data/ldos.pp.dat072

     Writing data to be plotted to file /home/ubuntu/projects/Graphene-Band-Structure-Quantum-Espresso/outputs/field_0/PBE-d3/top/data/ldos.pp.dat072.xsf
     Plot Type: 3D                     Output format: XCrySDen     
     Reading data from file  /home/ubuntu/projects/Graphene-Band-Structure-Quantum-Espresso/outputs/field_0/PBE-d3/top/data/ldos.pp.dat073

     Writing data to be plotted to file /home/ubuntu/projects/Graphene-Band-Structure-Quantum-Espresso/outputs/field_0/PBE-d3/top/data/ldos.pp.dat073.xsf
     Plot Type: 3D                     Output format: XCrySDen     
     Reading data from file  /home/ubuntu/projects/Graphene-Band-Structure-Quantum-Espresso/outputs/field_0/PBE-d3/top/data/ldos.pp.dat074

     Writing data to be plotted to file /home/ubuntu/projects/Graphene-Band-Structure-Quantum-Espresso/outputs/field_0/PBE-d3/top/data/ldos.pp.dat074.xsf
     Plot Type: 3D                     Output format: XCrySDen     
     Reading data from file  /home/ubuntu/projects/Graphene-Band-Structure-Quantum-Espresso/outputs/field_0/PBE-d3/top/data/ldos.pp.dat075

     Writing data to be plotted to file /home/ubuntu/projects/Graphene-Band-Structure-Quantum-Espresso/outputs/field_0/PBE-d3/top/data/ldos.pp.dat075.xsf
     Plot Type: 3D                     Output format: XCrySDen     
     Reading data from file  /home/ubuntu/projects/Graphene-Band-Structure-Quantum-Espresso/outputs/field_0/PBE-d3/top/data/ldos.pp.dat076

     Writing data to be plotted to file /home/ubuntu/projects/Graphene-Band-Structure-Quantum-Espresso/outputs/field_0/PBE-d3/top/data/ldos.pp.dat076.xsf
     Plot Type: 3D                     Output format: XCrySDen     
     Reading data from file  /home/ubuntu/projects/Graphene-Band-Structure-Quantum-Espresso/outputs/field_0/PBE-d3/top/data/ldos.pp.dat077

     Writing data to be plotted to file /home/ubuntu/projects/Graphene-Band-Structure-Quantum-Espresso/outputs/field_0/PBE-d3/top/data/ldos.pp.dat077.xsf
     Plot Type: 3D                     Output format: XCrySDen     
     Reading data from file  /home/ubuntu/projects/Graphene-Band-Structure-Quantum-Espresso/outputs/field_0/PBE-d3/top/data/ldos.pp.dat078

     Writing data to be plotted to file /home/ubuntu/projects/Graphene-Band-Structure-Quantum-Espresso/outputs/field_0/PBE-d3/top/data/ldos.pp.dat078.xsf
     Plot Type: 3D                     Output format: XCrySDen     
     Reading data from file  /home/ubuntu/projects/Graphene-Band-Structure-Quantum-Espresso/outputs/field_0/PBE-d3/top/data/ldos.pp.dat079

     Writing data to be plotted to file /home/ubuntu/projects/Graphene-Band-Structure-Quantum-Espresso/outputs/field_0/PBE-d3/top/data/ldos.pp.dat079.xsf
     Plot Type: 3D                     Output format: XCrySDen     
     Reading data from file  /home/ubuntu/projects/Graphene-Band-Structure-Quantum-Espresso/outputs/field_0/PBE-d3/top/data/ldos.pp.dat080

     Writing data to be plotted to file /home/ubuntu/projects/Graphene-Band-Structure-Quantum-Espresso/outputs/field_0/PBE-d3/top/data/ldos.pp.dat080.xsf
     Plot Type: 3D                     Output format: XCrySDen     
     Reading data from file  /home/ubuntu/projects/Graphene-Band-Structure-Quantum-Espresso/outputs/field_0/PBE-d3/top/data/ldos.pp.dat081

     Writing data to be plotted to file /home/ubuntu/projects/Graphene-Band-Structure-Quantum-Espresso/outputs/field_0/PBE-d3/top/data/ldos.pp.dat081.xsf
     Plot Type: 3D                     Output format: XCrySDen     
     Reading data from file  /home/ubuntu/projects/Graphene-Band-Structure-Quantum-Espresso/outputs/field_0/PBE-d3/top/data/ldos.pp.dat082

     Writing data to be plotted to file /home/ubuntu/projects/Graphene-Band-Structure-Quantum-Espresso/outputs/field_0/PBE-d3/top/data/ldos.pp.dat082.xsf
     Plot Type: 3D                     Output format: XCrySDen     
     Reading data from file  /home/ubuntu/projects/Graphene-Band-Structure-Quantum-Espresso/outputs/field_0/PBE-d3/top/data/ldos.pp.dat083

     Writing data to be plotted to file /home/ubuntu/projects/Graphene-Band-Structure-Quantum-Espresso/outputs/field_0/PBE-d3/top/data/ldos.pp.dat083.xsf
     Plot Type: 3D                     Output format: XCrySDen     
     Reading data from file  /home/ubuntu/projects/Graphene-Band-Structure-Quantum-Espresso/outputs/field_0/PBE-d3/top/data/ldos.pp.dat084

     Writing data to be plotted to file /home/ubuntu/projects/Graphene-Band-Structure-Quantum-Espresso/outputs/field_0/PBE-d3/top/data/ldos.pp.dat084.xsf
     Plot Type: 3D                     Output format: XCrySDen     
     Reading data from file  /home/ubuntu/projects/Graphene-Band-Structure-Quantum-Espresso/outputs/field_0/PBE-d3/top/data/ldos.pp.dat085

     Writing data to be plotted to file /home/ubuntu/projects/Graphene-Band-Structure-Quantum-Espresso/outputs/field_0/PBE-d3/top/data/ldos.pp.dat085.xsf
     Plot Type: 3D                     Output format: XCrySDen     
     Reading data from file  /home/ubuntu/projects/Graphene-Band-Structure-Quantum-Espresso/outputs/field_0/PBE-d3/top/data/ldos.pp.dat086

     Writing data to be plotted to file /home/ubuntu/projects/Graphene-Band-Structure-Quantum-Espresso/outputs/field_0/PBE-d3/top/data/ldos.pp.dat086.xsf
     Plot Type: 3D                     Output format: XCrySDen     
     Reading data from file  /home/ubuntu/projects/Graphene-Band-Structure-Quantum-Espresso/outputs/field_0/PBE-d3/top/data/ldos.pp.dat087

     Writing data to be plotted to file /home/ubuntu/projects/Graphene-Band-Structure-Quantum-Espresso/outputs/field_0/PBE-d3/top/data/ldos.pp.dat087.xsf
     Plot Type: 3D                     Output format: XCrySDen     
     Reading data from file  /home/ubuntu/projects/Graphene-Band-Structure-Quantum-Espresso/outputs/field_0/PBE-d3/top/data/ldos.pp.dat088

     Writing data to be plotted to file /home/ubuntu/projects/Graphene-Band-Structure-Quantum-Espresso/outputs/field_0/PBE-d3/top/data/ldos.pp.dat088.xsf
     Plot Type: 3D                     Output format: XCrySDen     
     Reading data from file  /home/ubuntu/projects/Graphene-Band-Structure-Quantum-Espresso/outputs/field_0/PBE-d3/top/data/ldos.pp.dat089

     Writing data to be plotted to file /home/ubuntu/projects/Graphene-Band-Structure-Quantum-Espresso/outputs/field_0/PBE-d3/top/data/ldos.pp.dat089.xsf
     Plot Type: 3D                     Output format: XCrySDen     
     Reading data from file  /home/ubuntu/projects/Graphene-Band-Structure-Quantum-Espresso/outputs/field_0/PBE-d3/top/data/ldos.pp.dat090

     Writing data to be plotted to file /home/ubuntu/projects/Graphene-Band-Structure-Quantum-Espresso/outputs/field_0/PBE-d3/top/data/ldos.pp.dat090.xsf
     Plot Type: 3D                     Output format: XCrySDen     
     Reading data from file  /home/ubuntu/projects/Graphene-Band-Structure-Quantum-Espresso/outputs/field_0/PBE-d3/top/data/ldos.pp.dat091

     Writing data to be plotted to file /home/ubuntu/projects/Graphene-Band-Structure-Quantum-Espresso/outputs/field_0/PBE-d3/top/data/ldos.pp.dat091.xsf
     Plot Type: 3D                     Output format: XCrySDen     
     Reading data from file  /home/ubuntu/projects/Graphene-Band-Structure-Quantum-Espresso/outputs/field_0/PBE-d3/top/data/ldos.pp.dat092

     Writing data to be plotted to file /home/ubuntu/projects/Graphene-Band-Structure-Quantum-Espresso/outputs/field_0/PBE-d3/top/data/ldos.pp.dat092.xsf
     Plot Type: 3D                     Output format: XCrySDen     
     Reading data from file  /home/ubuntu/projects/Graphene-Band-Structure-Quantum-Espresso/outputs/field_0/PBE-d3/top/data/ldos.pp.dat093

     Writing data to be plotted to file /home/ubuntu/projects/Graphene-Band-Structure-Quantum-Espresso/outputs/field_0/PBE-d3/top/data/ldos.pp.dat093.xsf
     Plot Type: 3D                     Output format: XCrySDen     
     Reading data from file  /home/ubuntu/projects/Graphene-Band-Structure-Quantum-Espresso/outputs/field_0/PBE-d3/top/data/ldos.pp.dat094

     Writing data to be plotted to file /home/ubuntu/projects/Graphene-Band-Structure-Quantum-Espresso/outputs/field_0/PBE-d3/top/data/ldos.pp.dat094.xsf
     Plot Type: 3D                     Output format: XCrySDen     
     Reading data from file  /home/ubuntu/projects/Graphene-Band-Structure-Quantum-Espresso/outputs/field_0/PBE-d3/top/data/ldos.pp.dat095

     Writing data to be plotted to file /home/ubuntu/projects/Graphene-Band-Structure-Quantum-Espresso/outputs/field_0/PBE-d3/top/data/ldos.pp.dat095.xsf
     Plot Type: 3D                     Output format: XCrySDen     
     Reading data from file  /home/ubuntu/projects/Graphene-Band-Structure-Quantum-Espresso/outputs/field_0/PBE-d3/top/data/ldos.pp.dat096

     Writing data to be plotted to file /home/ubuntu/projects/Graphene-Band-Structure-Quantum-Espresso/outputs/field_0/PBE-d3/top/data/ldos.pp.dat096.xsf
     Plot Type: 3D                     Output format: XCrySDen     
     Reading data from file  /home/ubuntu/projects/Graphene-Band-Structure-Quantum-Espresso/outputs/field_0/PBE-d3/top/data/ldos.pp.dat097

     Writing data to be plotted to file /home/ubuntu/projects/Graphene-Band-Structure-Quantum-Espresso/outputs/field_0/PBE-d3/top/data/ldos.pp.dat097.xsf
     Plot Type: 3D                     Output format: XCrySDen     
     Reading data from file  /home/ubuntu/projects/Graphene-Band-Structure-Quantum-Espresso/outputs/field_0/PBE-d3/top/data/ldos.pp.dat098

     Writing data to be plotted to file /home/ubuntu/projects/Graphene-Band-Structure-Quantum-Espresso/outputs/field_0/PBE-d3/top/data/ldos.pp.dat098.xsf
     Plot Type: 3D                     Output format: XCrySDen     
     Reading data from file  /home/ubuntu/projects/Graphene-Band-Structure-Quantum-Espresso/outputs/field_0/PBE-d3/top/data/ldos.pp.dat099

     Writing data to be plotted to file /home/ubuntu/projects/Graphene-Band-Structure-Quantum-Espresso/outputs/field_0/PBE-d3/top/data/ldos.pp.dat099.xsf
     Plot Type: 3D                     Output format: XCrySDen     
     Reading data from file  /home/ubuntu/projects/Graphene-Band-Structure-Quantum-Espresso/outputs/field_0/PBE-d3/top/data/ldos.pp.dat100

     Writing data to be plotted to file /home/ubuntu/projects/Graphene-Band-Structure-Quantum-Espresso/outputs/field_0/PBE-d3/top/data/ldos.pp.dat100.xsf
     Plot Type: 3D                     Output format: XCrySDen     
     Reading data from file  /home/ubuntu/projects/Graphene-Band-Structure-Quantum-Espresso/outputs/field_0/PBE-d3/top/data/ldos.pp.dat101

     Writing data to be plotted to file /home/ubuntu/projects/Graphene-Band-Structure-Quantum-Espresso/outputs/field_0/PBE-d3/top/data/ldos.pp.dat101.xsf
     Plot Type: 3D                     Output format: XCrySDen     
     Reading data from file  /home/ubuntu/projects/Graphene-Band-Structure-Quantum-Espresso/outputs/field_0/PBE-d3/top/data/ldos.pp.dat102

     Writing data to be plotted to file /home/ubuntu/projects/Graphene-Band-Structure-Quantum-Espresso/outputs/field_0/PBE-d3/top/data/ldos.pp.dat102.xsf
     Plot Type: 3D                     Output format: XCrySDen     
     Reading data from file  /home/ubuntu/projects/Graphene-Band-Structure-Quantum-Espresso/outputs/field_0/PBE-d3/top/data/ldos.pp.dat103

     Writing data to be plotted to file /home/ubuntu/projects/Graphene-Band-Structure-Quantum-Espresso/outputs/field_0/PBE-d3/top/data/ldos.pp.dat103.xsf
     Plot Type: 3D                     Output format: XCrySDen     
     Reading data from file  /home/ubuntu/projects/Graphene-Band-Structure-Quantum-Espresso/outputs/field_0/PBE-d3/top/data/ldos.pp.dat104

     Writing data to be plotted to file /home/ubuntu/projects/Graphene-Band-Structure-Quantum-Espresso/outputs/field_0/PBE-d3/top/data/ldos.pp.dat104.xsf
     Plot Type: 3D                     Output format: XCrySDen     
     Reading data from file  /home/ubuntu/projects/Graphene-Band-Structure-Quantum-Espresso/outputs/field_0/PBE-d3/top/data/ldos.pp.dat105

     Writing data to be plotted to file /home/ubuntu/projects/Graphene-Band-Structure-Quantum-Espresso/outputs/field_0/PBE-d3/top/data/ldos.pp.dat105.xsf
     Plot Type: 3D                     Output format: XCrySDen     
     Reading data from file  /home/ubuntu/projects/Graphene-Band-Structure-Quantum-Espresso/outputs/field_0/PBE-d3/top/data/ldos.pp.dat106

     Writing data to be plotted to file /home/ubuntu/projects/Graphene-Band-Structure-Quantum-Espresso/outputs/field_0/PBE-d3/top/data/ldos.pp.dat106.xsf
     Plot Type: 3D                     Output format: XCrySDen     
     Reading data from file  /home/ubuntu/projects/Graphene-Band-Structure-Quantum-Espresso/outputs/field_0/PBE-d3/top/data/ldos.pp.dat107

     Writing data to be plotted to file /home/ubuntu/projects/Graphene-Band-Structure-Quantum-Espresso/outputs/field_0/PBE-d3/top/data/ldos.pp.dat107.xsf
     Plot Type: 3D                     Output format: XCrySDen     
     Reading data from file  /home/ubuntu/projects/Graphene-Band-Structure-Quantum-Espresso/outputs/field_0/PBE-d3/top/data/ldos.pp.dat108

     Writing data to be plotted to file /home/ubuntu/projects/Graphene-Band-Structure-Quantum-Espresso/outputs/field_0/PBE-d3/top/data/ldos.pp.dat108.xsf
     Plot Type: 3D                     Output format: XCrySDen     
     Reading data from file  /home/ubuntu/projects/Graphene-Band-Structure-Quantum-Espresso/outputs/field_0/PBE-d3/top/data/ldos.pp.dat109

     Writing data to be plotted to file /home/ubuntu/projects/Graphene-Band-Structure-Quantum-Espresso/outputs/field_0/PBE-d3/top/data/ldos.pp.dat109.xsf
     Plot Type: 3D                     Output format: XCrySDen     
     Reading data from file  /home/ubuntu/projects/Graphene-Band-Structure-Quantum-Espresso/outputs/field_0/PBE-d3/top/data/ldos.pp.dat110

     Writing data to be plotted to file /home/ubuntu/projects/Graphene-Band-Structure-Quantum-Espresso/outputs/field_0/PBE-d3/top/data/ldos.pp.dat110.xsf
     Plot Type: 3D                     Output format: XCrySDen     
     Reading data from file  /home/ubuntu/projects/Graphene-Band-Structure-Quantum-Espresso/outputs/field_0/PBE-d3/top/data/ldos.pp.dat111

     Writing data to be plotted to file /home/ubuntu/projects/Graphene-Band-Structure-Quantum-Espresso/outputs/field_0/PBE-d3/top/data/ldos.pp.dat111.xsf
     Plot Type: 3D                     Output format: XCrySDen     
     Reading data from file  /home/ubuntu/projects/Graphene-Band-Structure-Quantum-Espresso/outputs/field_0/PBE-d3/top/data/ldos.pp.dat112

     Writing data to be plotted to file /home/ubuntu/projects/Graphene-Band-Structure-Quantum-Espresso/outputs/field_0/PBE-d3/top/data/ldos.pp.dat112.xsf
     Plot Type: 3D                     Output format: XCrySDen     
     Reading data from file  /home/ubuntu/projects/Graphene-Band-Structure-Quantum-Espresso/outputs/field_0/PBE-d3/top/data/ldos.pp.dat113

     Writing data to be plotted to file /home/ubuntu/projects/Graphene-Band-Structure-Quantum-Espresso/outputs/field_0/PBE-d3/top/data/ldos.pp.dat113.xsf
     Plot Type: 3D                     Output format: XCrySDen     
     Reading data from file  /home/ubuntu/projects/Graphene-Band-Structure-Quantum-Espresso/outputs/field_0/PBE-d3/top/data/ldos.pp.dat114

     Writing data to be plotted to file /home/ubuntu/projects/Graphene-Band-Structure-Quantum-Espresso/outputs/field_0/PBE-d3/top/data/ldos.pp.dat114.xsf
     Plot Type: 3D                     Output format: XCrySDen     
     Reading data from file  /home/ubuntu/projects/Graphene-Band-Structure-Quantum-Espresso/outputs/field_0/PBE-d3/top/data/ldos.pp.dat115

     Writing data to be plotted to file /home/ubuntu/projects/Graphene-Band-Structure-Quantum-Espresso/outputs/field_0/PBE-d3/top/data/ldos.pp.dat115.xsf
     Plot Type: 3D                     Output format: XCrySDen     
     Reading data from file  /home/ubuntu/projects/Graphene-Band-Structure-Quantum-Espresso/outputs/field_0/PBE-d3/top/data/ldos.pp.dat116

     Writing data to be plotted to file /home/ubuntu/projects/Graphene-Band-Structure-Quantum-Espresso/outputs/field_0/PBE-d3/top/data/ldos.pp.dat116.xsf
     Plot Type: 3D                     Output format: XCrySDen     
     Reading data from file  /home/ubuntu/projects/Graphene-Band-Structure-Quantum-Espresso/outputs/field_0/PBE-d3/top/data/ldos.pp.dat117

     Writing data to be plotted to file /home/ubuntu/projects/Graphene-Band-Structure-Quantum-Espresso/outputs/field_0/PBE-d3/top/data/ldos.pp.dat117.xsf
     Plot Type: 3D                     Output format: XCrySDen     
     Reading data from file  /home/ubuntu/projects/Graphene-Band-Structure-Quantum-Espresso/outputs/field_0/PBE-d3/top/data/ldos.pp.dat118

     Writing data to be plotted to file /home/ubuntu/projects/Graphene-Band-Structure-Quantum-Espresso/outputs/field_0/PBE-d3/top/data/ldos.pp.dat118.xsf
     Plot Type: 3D                     Output format: XCrySDen     
     Reading data from file  /home/ubuntu/projects/Graphene-Band-Structure-Quantum-Espresso/outputs/field_0/PBE-d3/top/data/ldos.pp.dat119

     Writing data to be plotted to file /home/ubuntu/projects/Graphene-Band-Structure-Quantum-Espresso/outputs/field_0/PBE-d3/top/data/ldos.pp.dat119.xsf
     Plot Type: 3D                     Output format: XCrySDen     
     Reading data from file  /home/ubuntu/projects/Graphene-Band-Structure-Quantum-Espresso/outputs/field_0/PBE-d3/top/data/ldos.pp.dat120

     Writing data to be plotted to file /home/ubuntu/projects/Graphene-Band-Structure-Quantum-Espresso/outputs/field_0/PBE-d3/top/data/ldos.pp.dat120.xsf
     Plot Type: 3D                     Output format: XCrySDen     
     Reading data from file  /home/ubuntu/projects/Graphene-Band-Structure-Quantum-Espresso/outputs/field_0/PBE-d3/top/data/ldos.pp.dat121

     Writing data to be plotted to file /home/ubuntu/projects/Graphene-Band-Structure-Quantum-Espresso/outputs/field_0/PBE-d3/top/data/ldos.pp.dat121.xsf
     Plot Type: 3D                     Output format: XCrySDen     
     Reading data from file  /home/ubuntu/projects/Graphene-Band-Structure-Quantum-Espresso/outputs/field_0/PBE-d3/top/data/ldos.pp.dat122

     Writing data to be plotted to file /home/ubuntu/projects/Graphene-Band-Structure-Quantum-Espresso/outputs/field_0/PBE-d3/top/data/ldos.pp.dat122.xsf
     Plot Type: 3D                     Output format: XCrySDen     
     Reading data from file  /home/ubuntu/projects/Graphene-Band-Structure-Quantum-Espresso/outputs/field_0/PBE-d3/top/data/ldos.pp.dat123

     Writing data to be plotted to file /home/ubuntu/projects/Graphene-Band-Structure-Quantum-Espresso/outputs/field_0/PBE-d3/top/data/ldos.pp.dat123.xsf
     Plot Type: 3D                     Output format: XCrySDen     
     Reading data from file  /home/ubuntu/projects/Graphene-Band-Structure-Quantum-Espresso/outputs/field_0/PBE-d3/top/data/ldos.pp.dat124

     Writing data to be plotted to file /home/ubuntu/projects/Graphene-Band-Structure-Quantum-Espresso/outputs/field_0/PBE-d3/top/data/ldos.pp.dat124.xsf
     Plot Type: 3D                     Output format: XCrySDen     
     Reading data from file  /home/ubuntu/projects/Graphene-Band-Structure-Quantum-Espresso/outputs/field_0/PBE-d3/top/data/ldos.pp.dat125

     Writing data to be plotted to file /home/ubuntu/projects/Graphene-Band-Structure-Quantum-Espresso/outputs/field_0/PBE-d3/top/data/ldos.pp.dat125.xsf
     Plot Type: 3D                     Output format: XCrySDen     
     Reading data from file  /home/ubuntu/projects/Graphene-Band-Structure-Quantum-Espresso/outputs/field_0/PBE-d3/top/data/ldos.pp.dat126

     Writing data to be plotted to file /home/ubuntu/projects/Graphene-Band-Structure-Quantum-Espresso/outputs/field_0/PBE-d3/top/data/ldos.pp.dat126.xsf
     Plot Type: 3D                     Output format: XCrySDen     
     Reading data from file  /home/ubuntu/projects/Graphene-Band-Structure-Quantum-Espresso/outputs/field_0/PBE-d3/top/data/ldos.pp.dat127

     Writing data to be plotted to file /home/ubuntu/projects/Graphene-Band-Structure-Quantum-Espresso/outputs/field_0/PBE-d3/top/data/ldos.pp.dat127.xsf
     Plot Type: 3D                     Output format: XCrySDen     
     Reading data from file  /home/ubuntu/projects/Graphene-Band-Structure-Quantum-Espresso/outputs/field_0/PBE-d3/top/data/ldos.pp.dat128

     Writing data to be plotted to file /home/ubuntu/projects/Graphene-Band-Structure-Quantum-Espresso/outputs/field_0/PBE-d3/top/data/ldos.pp.dat128.xsf
     Plot Type: 3D                     Output format: XCrySDen     
     Reading data from file  /home/ubuntu/projects/Graphene-Band-Structure-Quantum-Espresso/outputs/field_0/PBE-d3/top/data/ldos.pp.dat129

     Writing data to be plotted to file /home/ubuntu/projects/Graphene-Band-Structure-Quantum-Espresso/outputs/field_0/PBE-d3/top/data/ldos.pp.dat129.xsf
     Plot Type: 3D                     Output format: XCrySDen     
     Reading data from file  /home/ubuntu/projects/Graphene-Band-Structure-Quantum-Espresso/outputs/field_0/PBE-d3/top/data/ldos.pp.dat130

     Writing data to be plotted to file /home/ubuntu/projects/Graphene-Band-Structure-Quantum-Espresso/outputs/field_0/PBE-d3/top/data/ldos.pp.dat130.xsf
     Plot Type: 3D                     Output format: XCrySDen     
     Reading data from file  /home/ubuntu/projects/Graphene-Band-Structure-Quantum-Espresso/outputs/field_0/PBE-d3/top/data/ldos.pp.dat131

     Writing data to be plotted to file /home/ubuntu/projects/Graphene-Band-Structure-Quantum-Espresso/outputs/field_0/PBE-d3/top/data/ldos.pp.dat131.xsf
     Plot Type: 3D                     Output format: XCrySDen     
     Reading data from file  /home/ubuntu/projects/Graphene-Band-Structure-Quantum-Espresso/outputs/field_0/PBE-d3/top/data/ldos.pp.dat132

     Writing data to be plotted to file /home/ubuntu/projects/Graphene-Band-Structure-Quantum-Espresso/outputs/field_0/PBE-d3/top/data/ldos.pp.dat132.xsf
     Plot Type: 3D                     Output format: XCrySDen     
     Reading data from file  /home/ubuntu/projects/Graphene-Band-Structure-Quantum-Espresso/outputs/field_0/PBE-d3/top/data/ldos.pp.dat133

     Writing data to be plotted to file /home/ubuntu/projects/Graphene-Band-Structure-Quantum-Espresso/outputs/field_0/PBE-d3/top/data/ldos.pp.dat133.xsf
     Plot Type: 3D                     Output format: XCrySDen     
     Reading data from file  /home/ubuntu/projects/Graphene-Band-Structure-Quantum-Espresso/outputs/field_0/PBE-d3/top/data/ldos.pp.dat134

     Writing data to be plotted to file /home/ubuntu/projects/Graphene-Band-Structure-Quantum-Espresso/outputs/field_0/PBE-d3/top/data/ldos.pp.dat134.xsf
     Plot Type: 3D                     Output format: XCrySDen     
     Reading data from file  /home/ubuntu/projects/Graphene-Band-Structure-Quantum-Espresso/outputs/field_0/PBE-d3/top/data/ldos.pp.dat135

     Writing data to be plotted to file /home/ubuntu/projects/Graphene-Band-Structure-Quantum-Espresso/outputs/field_0/PBE-d3/top/data/ldos.pp.dat135.xsf
     Plot Type: 3D                     Output format: XCrySDen     
     Reading data from file  /home/ubuntu/projects/Graphene-Band-Structure-Quantum-Espresso/outputs/field_0/PBE-d3/top/data/ldos.pp.dat136

     Writing data to be plotted to file /home/ubuntu/projects/Graphene-Band-Structure-Quantum-Espresso/outputs/field_0/PBE-d3/top/data/ldos.pp.dat136.xsf
     Plot Type: 3D                     Output format: XCrySDen     
     Reading data from file  /home/ubuntu/projects/Graphene-Band-Structure-Quantum-Espresso/outputs/field_0/PBE-d3/top/data/ldos.pp.dat137

     Writing data to be plotted to file /home/ubuntu/projects/Graphene-Band-Structure-Quantum-Espresso/outputs/field_0/PBE-d3/top/data/ldos.pp.dat137.xsf
     Plot Type: 3D                     Output format: XCrySDen     
     Reading data from file  /home/ubuntu/projects/Graphene-Band-Structure-Quantum-Espresso/outputs/field_0/PBE-d3/top/data/ldos.pp.dat138

     Writing data to be plotted to file /home/ubuntu/projects/Graphene-Band-Structure-Quantum-Espresso/outputs/field_0/PBE-d3/top/data/ldos.pp.dat138.xsf
     Plot Type: 3D                     Output format: XCrySDen     
     Reading data from file  /home/ubuntu/projects/Graphene-Band-Structure-Quantum-Espresso/outputs/field_0/PBE-d3/top/data/ldos.pp.dat139

     Writing data to be plotted to file /home/ubuntu/projects/Graphene-Band-Structure-Quantum-Espresso/outputs/field_0/PBE-d3/top/data/ldos.pp.dat139.xsf
     Plot Type: 3D                     Output format: XCrySDen     
     Reading data from file  /home/ubuntu/projects/Graphene-Band-Structure-Quantum-Espresso/outputs/field_0/PBE-d3/top/data/ldos.pp.dat140

     Writing data to be plotted to file /home/ubuntu/projects/Graphene-Band-Structure-Quantum-Espresso/outputs/field_0/PBE-d3/top/data/ldos.pp.dat140.xsf
     Plot Type: 3D                     Output format: XCrySDen     
     Reading data from file  /home/ubuntu/projects/Graphene-Band-Structure-Quantum-Espresso/outputs/field_0/PBE-d3/top/data/ldos.pp.dat141

     Writing data to be plotted to file /home/ubuntu/projects/Graphene-Band-Structure-Quantum-Espresso/outputs/field_0/PBE-d3/top/data/ldos.pp.dat141.xsf
     Plot Type: 3D                     Output format: XCrySDen     
     Reading data from file  /home/ubuntu/projects/Graphene-Band-Structure-Quantum-Espresso/outputs/field_0/PBE-d3/top/data/ldos.pp.dat142

     Writing data to be plotted to file /home/ubuntu/projects/Graphene-Band-Structure-Quantum-Espresso/outputs/field_0/PBE-d3/top/data/ldos.pp.dat142.xsf
     Plot Type: 3D                     Output format: XCrySDen     
     Reading data from file  /home/ubuntu/projects/Graphene-Band-Structure-Quantum-Espresso/outputs/field_0/PBE-d3/top/data/ldos.pp.dat143

     Writing data to be plotted to file /home/ubuntu/projects/Graphene-Band-Structure-Quantum-Espresso/outputs/field_0/PBE-d3/top/data/ldos.pp.dat143.xsf
     Plot Type: 3D                     Output format: XCrySDen     
     Reading data from file  /home/ubuntu/projects/Graphene-Band-Structure-Quantum-Espresso/outputs/field_0/PBE-d3/top/data/ldos.pp.dat144

     Writing data to be plotted to file /home/ubuntu/projects/Graphene-Band-Structure-Quantum-Espresso/outputs/field_0/PBE-d3/top/data/ldos.pp.dat144.xsf
     Plot Type: 3D                     Output format: XCrySDen     
     Reading data from file  /home/ubuntu/projects/Graphene-Band-Structure-Quantum-Espresso/outputs/field_0/PBE-d3/top/data/ldos.pp.dat145

     Writing data to be plotted to file /home/ubuntu/projects/Graphene-Band-Structure-Quantum-Espresso/outputs/field_0/PBE-d3/top/data/ldos.pp.dat145.xsf
     Plot Type: 3D                     Output format: XCrySDen     
     Reading data from file  /home/ubuntu/projects/Graphene-Band-Structure-Quantum-Espresso/outputs/field_0/PBE-d3/top/data/ldos.pp.dat146

     Writing data to be plotted to file /home/ubuntu/projects/Graphene-Band-Structure-Quantum-Espresso/outputs/field_0/PBE-d3/top/data/ldos.pp.dat146.xsf
     Plot Type: 3D                     Output format: XCrySDen     
     Reading data from file  /home/ubuntu/projects/Graphene-Band-Structure-Quantum-Espresso/outputs/field_0/PBE-d3/top/data/ldos.pp.dat147

     Writing data to be plotted to file /home/ubuntu/projects/Graphene-Band-Structure-Quantum-Espresso/outputs/field_0/PBE-d3/top/data/ldos.pp.dat147.xsf
     Plot Type: 3D                     Output format: XCrySDen     
     Reading data from file  /home/ubuntu/projects/Graphene-Band-Structure-Quantum-Espresso/outputs/field_0/PBE-d3/top/data/ldos.pp.dat148

     Writing data to be plotted to file /home/ubuntu/projects/Graphene-Band-Structure-Quantum-Espresso/outputs/field_0/PBE-d3/top/data/ldos.pp.dat148.xsf
     Plot Type: 3D                     Output format: XCrySDen     
     Reading data from file  /home/ubuntu/projects/Graphene-Band-Structure-Quantum-Espresso/outputs/field_0/PBE-d3/top/data/ldos.pp.dat149

     Writing data to be plotted to file /home/ubuntu/projects/Graphene-Band-Structure-Quantum-Espresso/outputs/field_0/PBE-d3/top/data/ldos.pp.dat149.xsf
     Plot Type: 3D                     Output format: XCrySDen     
     Reading data from file  /home/ubuntu/projects/Graphene-Band-Structure-Quantum-Espresso/outputs/field_0/PBE-d3/top/data/ldos.pp.dat150

     Writing data to be plotted to file /home/ubuntu/projects/Graphene-Band-Structure-Quantum-Espresso/outputs/field_0/PBE-d3/top/data/ldos.pp.dat150.xsf
     Plot Type: 3D                     Output format: XCrySDen     
     Reading data from file  /home/ubuntu/projects/Graphene-Band-Structure-Quantum-Espresso/outputs/field_0/PBE-d3/top/data/ldos.pp.dat151

     Writing data to be plotted to file /home/ubuntu/projects/Graphene-Band-Structure-Quantum-Espresso/outputs/field_0/PBE-d3/top/data/ldos.pp.dat151.xsf
     Plot Type: 3D                     Output format: XCrySDen     
     Reading data from file  /home/ubuntu/projects/Graphene-Band-Structure-Quantum-Espresso/outputs/field_0/PBE-d3/top/data/ldos.pp.dat152

     Writing data to be plotted to file /home/ubuntu/projects/Graphene-Band-Structure-Quantum-Espresso/outputs/field_0/PBE-d3/top/data/ldos.pp.dat152.xsf
     Plot Type: 3D                     Output format: XCrySDen     
     Reading data from file  /home/ubuntu/projects/Graphene-Band-Structure-Quantum-Espresso/outputs/field_0/PBE-d3/top/data/ldos.pp.dat153

     Writing data to be plotted to file /home/ubuntu/projects/Graphene-Band-Structure-Quantum-Espresso/outputs/field_0/PBE-d3/top/data/ldos.pp.dat153.xsf
     Plot Type: 3D                     Output format: XCrySDen     
     Reading data from file  /home/ubuntu/projects/Graphene-Band-Structure-Quantum-Espresso/outputs/field_0/PBE-d3/top/data/ldos.pp.dat154

     Writing data to be plotted to file /home/ubuntu/projects/Graphene-Band-Structure-Quantum-Espresso/outputs/field_0/PBE-d3/top/data/ldos.pp.dat154.xsf
     Plot Type: 3D                     Output format: XCrySDen     
     Reading data from file  /home/ubuntu/projects/Graphene-Band-Structure-Quantum-Espresso/outputs/field_0/PBE-d3/top/data/ldos.pp.dat155

     Writing data to be plotted to file /home/ubuntu/projects/Graphene-Band-Structure-Quantum-Espresso/outputs/field_0/PBE-d3/top/data/ldos.pp.dat155.xsf
     Plot Type: 3D                     Output format: XCrySDen     
     Reading data from file  /home/ubuntu/projects/Graphene-Band-Structure-Quantum-Espresso/outputs/field_0/PBE-d3/top/data/ldos.pp.dat156

     Writing data to be plotted to file /home/ubuntu/projects/Graphene-Band-Structure-Quantum-Espresso/outputs/field_0/PBE-d3/top/data/ldos.pp.dat156.xsf
     Plot Type: 3D                     Output format: XCrySDen     
     Reading data from file  /home/ubuntu/projects/Graphene-Band-Structure-Quantum-Espresso/outputs/field_0/PBE-d3/top/data/ldos.pp.dat157

     Writing data to be plotted to file /home/ubuntu/projects/Graphene-Band-Structure-Quantum-Espresso/outputs/field_0/PBE-d3/top/data/ldos.pp.dat157.xsf
     Plot Type: 3D                     Output format: XCrySDen     
     Reading data from file  /home/ubuntu/projects/Graphene-Band-Structure-Quantum-Espresso/outputs/field_0/PBE-d3/top/data/ldos.pp.dat158

     Writing data to be plotted to file /home/ubuntu/projects/Graphene-Band-Structure-Quantum-Espresso/outputs/field_0/PBE-d3/top/data/ldos.pp.dat158.xsf
     Plot Type: 3D                     Output format: XCrySDen     
     Reading data from file  /home/ubuntu/projects/Graphene-Band-Structure-Quantum-Espresso/outputs/field_0/PBE-d3/top/data/ldos.pp.dat159

     Writing data to be plotted to file /home/ubuntu/projects/Graphene-Band-Structure-Quantum-Espresso/outputs/field_0/PBE-d3/top/data/ldos.pp.dat159.xsf
     Plot Type: 3D                     Output format: XCrySDen     
     Reading data from file  /home/ubuntu/projects/Graphene-Band-Structure-Quantum-Espresso/outputs/field_0/PBE-d3/top/data/ldos.pp.dat160

     Writing data to be plotted to file /home/ubuntu/projects/Graphene-Band-Structure-Quantum-Espresso/outputs/field_0/PBE-d3/top/data/ldos.pp.dat160.xsf
     Plot Type: 3D                     Output format: XCrySDen     
     Reading data from file  /home/ubuntu/projects/Graphene-Band-Structure-Quantum-Espresso/outputs/field_0/PBE-d3/top/data/ldos.pp.dat161

     Writing data to be plotted to file /home/ubuntu/projects/Graphene-Band-Structure-Quantum-Espresso/outputs/field_0/PBE-d3/top/data/ldos.pp.dat161.xsf
     Plot Type: 3D                     Output format: XCrySDen     
     Reading data from file  /home/ubuntu/projects/Graphene-Band-Structure-Quantum-Espresso/outputs/field_0/PBE-d3/top/data/ldos.pp.dat162

     Writing data to be plotted to file /home/ubuntu/projects/Graphene-Band-Structure-Quantum-Espresso/outputs/field_0/PBE-d3/top/data/ldos.pp.dat162.xsf
     Plot Type: 3D                     Output format: XCrySDen     
     Reading data from file  /home/ubuntu/projects/Graphene-Band-Structure-Quantum-Espresso/outputs/field_0/PBE-d3/top/data/ldos.pp.dat163

     Writing data to be plotted to file /home/ubuntu/projects/Graphene-Band-Structure-Quantum-Espresso/outputs/field_0/PBE-d3/top/data/ldos.pp.dat163.xsf
     Plot Type: 3D                     Output format: XCrySDen     
     Reading data from file  /home/ubuntu/projects/Graphene-Band-Structure-Quantum-Espresso/outputs/field_0/PBE-d3/top/data/ldos.pp.dat164

     Writing data to be plotted to file /home/ubuntu/projects/Graphene-Band-Structure-Quantum-Espresso/outputs/field_0/PBE-d3/top/data/ldos.pp.dat164.xsf
     Plot Type: 3D                     Output format: XCrySDen     
     Reading data from file  /home/ubuntu/projects/Graphene-Band-Structure-Quantum-Espresso/outputs/field_0/PBE-d3/top/data/ldos.pp.dat165

     Writing data to be plotted to file /home/ubuntu/projects/Graphene-Band-Structure-Quantum-Espresso/outputs/field_0/PBE-d3/top/data/ldos.pp.dat165.xsf
     Plot Type: 3D                     Output format: XCrySDen     
     Reading data from file  /home/ubuntu/projects/Graphene-Band-Structure-Quantum-Espresso/outputs/field_0/PBE-d3/top/data/ldos.pp.dat166

     Writing data to be plotted to file /home/ubuntu/projects/Graphene-Band-Structure-Quantum-Espresso/outputs/field_0/PBE-d3/top/data/ldos.pp.dat166.xsf
     Plot Type: 3D                     Output format: XCrySDen     
     Reading data from file  /home/ubuntu/projects/Graphene-Band-Structure-Quantum-Espresso/outputs/field_0/PBE-d3/top/data/ldos.pp.dat167

     Writing data to be plotted to file /home/ubuntu/projects/Graphene-Band-Structure-Quantum-Espresso/outputs/field_0/PBE-d3/top/data/ldos.pp.dat167.xsf
     Plot Type: 3D                     Output format: XCrySDen     
     Reading data from file  /home/ubuntu/projects/Graphene-Band-Structure-Quantum-Espresso/outputs/field_0/PBE-d3/top/data/ldos.pp.dat168

     Writing data to be plotted to file /home/ubuntu/projects/Graphene-Band-Structure-Quantum-Espresso/outputs/field_0/PBE-d3/top/data/ldos.pp.dat168.xsf
     Plot Type: 3D                     Output format: XCrySDen     
     Reading data from file  /home/ubuntu/projects/Graphene-Band-Structure-Quantum-Espresso/outputs/field_0/PBE-d3/top/data/ldos.pp.dat169

     Writing data to be plotted to file /home/ubuntu/projects/Graphene-Band-Structure-Quantum-Espresso/outputs/field_0/PBE-d3/top/data/ldos.pp.dat169.xsf
     Plot Type: 3D                     Output format: XCrySDen     
     Reading data from file  /home/ubuntu/projects/Graphene-Band-Structure-Quantum-Espresso/outputs/field_0/PBE-d3/top/data/ldos.pp.dat170

     Writing data to be plotted to file /home/ubuntu/projects/Graphene-Band-Structure-Quantum-Espresso/outputs/field_0/PBE-d3/top/data/ldos.pp.dat170.xsf
     Plot Type: 3D                     Output format: XCrySDen     
     Reading data from file  /home/ubuntu/projects/Graphene-Band-Structure-Quantum-Espresso/outputs/field_0/PBE-d3/top/data/ldos.pp.dat171

     Writing data to be plotted to file /home/ubuntu/projects/Graphene-Band-Structure-Quantum-Espresso/outputs/field_0/PBE-d3/top/data/ldos.pp.dat171.xsf
     Plot Type: 3D                     Output format: XCrySDen     
     Reading data from file  /home/ubuntu/projects/Graphene-Band-Structure-Quantum-Espresso/outputs/field_0/PBE-d3/top/data/ldos.pp.dat172

     Writing data to be plotted to file /home/ubuntu/projects/Graphene-Band-Structure-Quantum-Espresso/outputs/field_0/PBE-d3/top/data/ldos.pp.dat172.xsf
     Plot Type: 3D                     Output format: XCrySDen     
     Reading data from file  /home/ubuntu/projects/Graphene-Band-Structure-Quantum-Espresso/outputs/field_0/PBE-d3/top/data/ldos.pp.dat173

     Writing data to be plotted to file /home/ubuntu/projects/Graphene-Band-Structure-Quantum-Espresso/outputs/field_0/PBE-d3/top/data/ldos.pp.dat173.xsf
     Plot Type: 3D                     Output format: XCrySDen     
     Reading data from file  /home/ubuntu/projects/Graphene-Band-Structure-Quantum-Espresso/outputs/field_0/PBE-d3/top/data/ldos.pp.dat174

     Writing data to be plotted to file /home/ubuntu/projects/Graphene-Band-Structure-Quantum-Espresso/outputs/field_0/PBE-d3/top/data/ldos.pp.dat174.xsf
     Plot Type: 3D                     Output format: XCrySDen     
     Reading data from file  /home/ubuntu/projects/Graphene-Band-Structure-Quantum-Espresso/outputs/field_0/PBE-d3/top/data/ldos.pp.dat175

     Writing data to be plotted to file /home/ubuntu/projects/Graphene-Band-Structure-Quantum-Espresso/outputs/field_0/PBE-d3/top/data/ldos.pp.dat175.xsf
     Plot Type: 3D                     Output format: XCrySDen     
     Reading data from file  /home/ubuntu/projects/Graphene-Band-Structure-Quantum-Espresso/outputs/field_0/PBE-d3/top/data/ldos.pp.dat176

     Writing data to be plotted to file /home/ubuntu/projects/Graphene-Band-Structure-Quantum-Espresso/outputs/field_0/PBE-d3/top/data/ldos.pp.dat176.xsf
     Plot Type: 3D                     Output format: XCrySDen     
     Reading data from file  /home/ubuntu/projects/Graphene-Band-Structure-Quantum-Espresso/outputs/field_0/PBE-d3/top/data/ldos.pp.dat177

     Writing data to be plotted to file /home/ubuntu/projects/Graphene-Band-Structure-Quantum-Espresso/outputs/field_0/PBE-d3/top/data/ldos.pp.dat177.xsf
     Plot Type: 3D                     Output format: XCrySDen     
     Reading data from file  /home/ubuntu/projects/Graphene-Band-Structure-Quantum-Espresso/outputs/field_0/PBE-d3/top/data/ldos.pp.dat178

     Writing data to be plotted to file /home/ubuntu/projects/Graphene-Band-Structure-Quantum-Espresso/outputs/field_0/PBE-d3/top/data/ldos.pp.dat178.xsf
     Plot Type: 3D                     Output format: XCrySDen     
     Reading data from file  /home/ubuntu/projects/Graphene-Band-Structure-Quantum-Espresso/outputs/field_0/PBE-d3/top/data/ldos.pp.dat179

     Writing data to be plotted to file /home/ubuntu/projects/Graphene-Band-Structure-Quantum-Espresso/outputs/field_0/PBE-d3/top/data/ldos.pp.dat179.xsf
     Plot Type: 3D                     Output format: XCrySDen     
     Reading data from file  /home/ubuntu/projects/Graphene-Band-Structure-Quantum-Espresso/outputs/field_0/PBE-d3/top/data/ldos.pp.dat180

     Writing data to be plotted to file /home/ubuntu/projects/Graphene-Band-Structure-Quantum-Espresso/outputs/field_0/PBE-d3/top/data/ldos.pp.dat180.xsf
     Plot Type: 3D                     Output format: XCrySDen     
     Reading data from file  /home/ubuntu/projects/Graphene-Band-Structure-Quantum-Espresso/outputs/field_0/PBE-d3/top/data/ldos.pp.dat181

     Writing data to be plotted to file /home/ubuntu/projects/Graphene-Band-Structure-Quantum-Espresso/outputs/field_0/PBE-d3/top/data/ldos.pp.dat181.xsf
     Plot Type: 3D                     Output format: XCrySDen     
     Reading data from file  /home/ubuntu/projects/Graphene-Band-Structure-Quantum-Espresso/outputs/field_0/PBE-d3/top/data/ldos.pp.dat182

     Writing data to be plotted to file /home/ubuntu/projects/Graphene-Band-Structure-Quantum-Espresso/outputs/field_0/PBE-d3/top/data/ldos.pp.dat182.xsf
     Plot Type: 3D                     Output format: XCrySDen     
     Reading data from file  /home/ubuntu/projects/Graphene-Band-Structure-Quantum-Espresso/outputs/field_0/PBE-d3/top/data/ldos.pp.dat183

     Writing data to be plotted to file /home/ubuntu/projects/Graphene-Band-Structure-Quantum-Espresso/outputs/field_0/PBE-d3/top/data/ldos.pp.dat183.xsf
     Plot Type: 3D                     Output format: XCrySDen     
     Reading data from file  /home/ubuntu/projects/Graphene-Band-Structure-Quantum-Espresso/outputs/field_0/PBE-d3/top/data/ldos.pp.dat184

     Writing data to be plotted to file /home/ubuntu/projects/Graphene-Band-Structure-Quantum-Espresso/outputs/field_0/PBE-d3/top/data/ldos.pp.dat184.xsf
     Plot Type: 3D                     Output format: XCrySDen     
     Reading data from file  /home/ubuntu/projects/Graphene-Band-Structure-Quantum-Espresso/outputs/field_0/PBE-d3/top/data/ldos.pp.dat185

     Writing data to be plotted to file /home/ubuntu/projects/Graphene-Band-Structure-Quantum-Espresso/outputs/field_0/PBE-d3/top/data/ldos.pp.dat185.xsf
     Plot Type: 3D                     Output format: XCrySDen     
     Reading data from file  /home/ubuntu/projects/Graphene-Band-Structure-Quantum-Espresso/outputs/field_0/PBE-d3/top/data/ldos.pp.dat186

     Writing data to be plotted to file /home/ubuntu/projects/Graphene-Band-Structure-Quantum-Espresso/outputs/field_0/PBE-d3/top/data/ldos.pp.dat186.xsf
     Plot Type: 3D                     Output format: XCrySDen     
     Reading data from file  /home/ubuntu/projects/Graphene-Band-Structure-Quantum-Espresso/outputs/field_0/PBE-d3/top/data/ldos.pp.dat187

     Writing data to be plotted to file /home/ubuntu/projects/Graphene-Band-Structure-Quantum-Espresso/outputs/field_0/PBE-d3/top/data/ldos.pp.dat187.xsf
     Plot Type: 3D                     Output format: XCrySDen     
     Reading data from file  /home/ubuntu/projects/Graphene-Band-Structure-Quantum-Espresso/outputs/field_0/PBE-d3/top/data/ldos.pp.dat188

     Writing data to be plotted to file /home/ubuntu/projects/Graphene-Band-Structure-Quantum-Espresso/outputs/field_0/PBE-d3/top/data/ldos.pp.dat188.xsf
     Plot Type: 3D                     Output format: XCrySDen     
     Reading data from file  /home/ubuntu/projects/Graphene-Band-Structure-Quantum-Espresso/outputs/field_0/PBE-d3/top/data/ldos.pp.dat189

     Writing data to be plotted to file /home/ubuntu/projects/Graphene-Band-Structure-Quantum-Espresso/outputs/field_0/PBE-d3/top/data/ldos.pp.dat189.xsf
     Plot Type: 3D                     Output format: XCrySDen     
     Reading data from file  /home/ubuntu/projects/Graphene-Band-Structure-Quantum-Espresso/outputs/field_0/PBE-d3/top/data/ldos.pp.dat190

     Writing data to be plotted to file /home/ubuntu/projects/Graphene-Band-Structure-Quantum-Espresso/outputs/field_0/PBE-d3/top/data/ldos.pp.dat190.xsf
     Plot Type: 3D                     Output format: XCrySDen     
     Reading data from file  /home/ubuntu/projects/Graphene-Band-Structure-Quantum-Espresso/outputs/field_0/PBE-d3/top/data/ldos.pp.dat191

     Writing data to be plotted to file /home/ubuntu/projects/Graphene-Band-Structure-Quantum-Espresso/outputs/field_0/PBE-d3/top/data/ldos.pp.dat191.xsf
     Plot Type: 3D                     Output format: XCrySDen     
     Reading data from file  /home/ubuntu/projects/Graphene-Band-Structure-Quantum-Espresso/outputs/field_0/PBE-d3/top/data/ldos.pp.dat192

     Writing data to be plotted to file /home/ubuntu/projects/Graphene-Band-Structure-Quantum-Espresso/outputs/field_0/PBE-d3/top/data/ldos.pp.dat192.xsf
     Plot Type: 3D                     Output format: XCrySDen     
     Reading data from file  /home/ubuntu/projects/Graphene-Band-Structure-Quantum-Espresso/outputs/field_0/PBE-d3/top/data/ldos.pp.dat193

     Writing data to be plotted to file /home/ubuntu/projects/Graphene-Band-Structure-Quantum-Espresso/outputs/field_0/PBE-d3/top/data/ldos.pp.dat193.xsf
     Plot Type: 3D                     Output format: XCrySDen     
     Reading data from file  /home/ubuntu/projects/Graphene-Band-Structure-Quantum-Espresso/outputs/field_0/PBE-d3/top/data/ldos.pp.dat194

     Writing data to be plotted to file /home/ubuntu/projects/Graphene-Band-Structure-Quantum-Espresso/outputs/field_0/PBE-d3/top/data/ldos.pp.dat194.xsf
     Plot Type: 3D                     Output format: XCrySDen     
     Reading data from file  /home/ubuntu/projects/Graphene-Band-Structure-Quantum-Espresso/outputs/field_0/PBE-d3/top/data/ldos.pp.dat195

     Writing data to be plotted to file /home/ubuntu/projects/Graphene-Band-Structure-Quantum-Espresso/outputs/field_0/PBE-d3/top/data/ldos.pp.dat195.xsf
     Plot Type: 3D                     Output format: XCrySDen     
     Reading data from file  /home/ubuntu/projects/Graphene-Band-Structure-Quantum-Espresso/outputs/field_0/PBE-d3/top/data/ldos.pp.dat196

     Writing data to be plotted to file /home/ubuntu/projects/Graphene-Band-Structure-Quantum-Espresso/outputs/field_0/PBE-d3/top/data/ldos.pp.dat196.xsf
     Plot Type: 3D                     Output format: XCrySDen     
     Reading data from file  /home/ubuntu/projects/Graphene-Band-Structure-Quantum-Espresso/outputs/field_0/PBE-d3/top/data/ldos.pp.dat197

     Writing data to be plotted to file /home/ubuntu/projects/Graphene-Band-Structure-Quantum-Espresso/outputs/field_0/PBE-d3/top/data/ldos.pp.dat197.xsf
     Plot Type: 3D                     Output format: XCrySDen     
     Reading data from file  /home/ubuntu/projects/Graphene-Band-Structure-Quantum-Espresso/outputs/field_0/PBE-d3/top/data/ldos.pp.dat198

     Writing data to be plotted to file /home/ubuntu/projects/Graphene-Band-Structure-Quantum-Espresso/outputs/field_0/PBE-d3/top/data/ldos.pp.dat198.xsf
     Plot Type: 3D                     Output format: XCrySDen     
     Reading data from file  /home/ubuntu/projects/Graphene-Band-Structure-Quantum-Espresso/outputs/field_0/PBE-d3/top/data/ldos.pp.dat199

     Writing data to be plotted to file /home/ubuntu/projects/Graphene-Band-Structure-Quantum-Espresso/outputs/field_0/PBE-d3/top/data/ldos.pp.dat199.xsf
     Plot Type: 3D                     Output format: XCrySDen     
     Reading data from file  /home/ubuntu/projects/Graphene-Band-Structure-Quantum-Espresso/outputs/field_0/PBE-d3/top/data/ldos.pp.dat200

     Writing data to be plotted to file /home/ubuntu/projects/Graphene-Band-Structure-Quantum-Espresso/outputs/field_0/PBE-d3/top/data/ldos.pp.dat200.xsf
     Plot Type: 3D                     Output format: XCrySDen     
     Reading data from file  /home/ubuntu/projects/Graphene-Band-Structure-Quantum-Espresso/outputs/field_0/PBE-d3/top/data/ldos.pp.dat201

     Writing data to be plotted to file /home/ubuntu/projects/Graphene-Band-Structure-Quantum-Espresso/outputs/field_0/PBE-d3/top/data/ldos.pp.dat201.xsf
     Plot Type: 3D                     Output format: XCrySDen     
     Reading data from file  /home/ubuntu/projects/Graphene-Band-Structure-Quantum-Espresso/outputs/field_0/PBE-d3/top/data/ldos.pp.dat202

     Writing data to be plotted to file /home/ubuntu/projects/Graphene-Band-Structure-Quantum-Espresso/outputs/field_0/PBE-d3/top/data/ldos.pp.dat202.xsf
     Plot Type: 3D                     Output format: XCrySDen     
     Reading data from file  /home/ubuntu/projects/Graphene-Band-Structure-Quantum-Espresso/outputs/field_0/PBE-d3/top/data/ldos.pp.dat203

     Writing data to be plotted to file /home/ubuntu/projects/Graphene-Band-Structure-Quantum-Espresso/outputs/field_0/PBE-d3/top/data/ldos.pp.dat203.xsf
     Plot Type: 3D                     Output format: XCrySDen     
     Reading data from file  /home/ubuntu/projects/Graphene-Band-Structure-Quantum-Espresso/outputs/field_0/PBE-d3/top/data/ldos.pp.dat204

     Writing data to be plotted to file /home/ubuntu/projects/Graphene-Band-Structure-Quantum-Espresso/outputs/field_0/PBE-d3/top/data/ldos.pp.dat204.xsf
     Plot Type: 3D                     Output format: XCrySDen     
     Reading data from file  /home/ubuntu/projects/Graphene-Band-Structure-Quantum-Espresso/outputs/field_0/PBE-d3/top/data/ldos.pp.dat205

     Writing data to be plotted to file /home/ubuntu/projects/Graphene-Band-Structure-Quantum-Espresso/outputs/field_0/PBE-d3/top/data/ldos.pp.dat205.xsf
     Plot Type: 3D                     Output format: XCrySDen     
     Reading data from file  /home/ubuntu/projects/Graphene-Band-Structure-Quantum-Espresso/outputs/field_0/PBE-d3/top/data/ldos.pp.dat206

     Writing data to be plotted to file /home/ubuntu/projects/Graphene-Band-Structure-Quantum-Espresso/outputs/field_0/PBE-d3/top/data/ldos.pp.dat206.xsf
     Plot Type: 3D                     Output format: XCrySDen     
     Reading data from file  /home/ubuntu/projects/Graphene-Band-Structure-Quantum-Espresso/outputs/field_0/PBE-d3/top/data/ldos.pp.dat207

     Writing data to be plotted to file /home/ubuntu/projects/Graphene-Band-Structure-Quantum-Espresso/outputs/field_0/PBE-d3/top/data/ldos.pp.dat207.xsf
     Plot Type: 3D                     Output format: XCrySDen     
     Reading data from file  /home/ubuntu/projects/Graphene-Band-Structure-Quantum-Espresso/outputs/field_0/PBE-d3/top/data/ldos.pp.dat208

     Writing data to be plotted to file /home/ubuntu/projects/Graphene-Band-Structure-Quantum-Espresso/outputs/field_0/PBE-d3/top/data/ldos.pp.dat208.xsf
     Plot Type: 3D                     Output format: XCrySDen     
     Reading data from file  /home/ubuntu/projects/Graphene-Band-Structure-Quantum-Espresso/outputs/field_0/PBE-d3/top/data/ldos.pp.dat209

     Writing data to be plotted to file /home/ubuntu/projects/Graphene-Band-Structure-Quantum-Espresso/outputs/field_0/PBE-d3/top/data/ldos.pp.dat209.xsf
     Plot Type: 3D                     Output format: XCrySDen     
     Reading data from file  /home/ubuntu/projects/Graphene-Band-Structure-Quantum-Espresso/outputs/field_0/PBE-d3/top/data/ldos.pp.dat210

     Writing data to be plotted to file /home/ubuntu/projects/Graphene-Band-Structure-Quantum-Espresso/outputs/field_0/PBE-d3/top/data/ldos.pp.dat210.xsf
     Plot Type: 3D                     Output format: XCrySDen     
     Reading data from file  /home/ubuntu/projects/Graphene-Band-Structure-Quantum-Espresso/outputs/field_0/PBE-d3/top/data/ldos.pp.dat211

     Writing data to be plotted to file /home/ubuntu/projects/Graphene-Band-Structure-Quantum-Espresso/outputs/field_0/PBE-d3/top/data/ldos.pp.dat211.xsf
     Plot Type: 3D                     Output format: XCrySDen     
     Reading data from file  /home/ubuntu/projects/Graphene-Band-Structure-Quantum-Espresso/outputs/field_0/PBE-d3/top/data/ldos.pp.dat212

     Writing data to be plotted to file /home/ubuntu/projects/Graphene-Band-Structure-Quantum-Espresso/outputs/field_0/PBE-d3/top/data/ldos.pp.dat212.xsf
     Plot Type: 3D                     Output format: XCrySDen     
     Reading data from file  /home/ubuntu/projects/Graphene-Band-Structure-Quantum-Espresso/outputs/field_0/PBE-d3/top/data/ldos.pp.dat213

     Writing data to be plotted to file /home/ubuntu/projects/Graphene-Band-Structure-Quantum-Espresso/outputs/field_0/PBE-d3/top/data/ldos.pp.dat213.xsf
     Plot Type: 3D                     Output format: XCrySDen     
     Reading data from file  /home/ubuntu/projects/Graphene-Band-Structure-Quantum-Espresso/outputs/field_0/PBE-d3/top/data/ldos.pp.dat214

     Writing data to be plotted to file /home/ubuntu/projects/Graphene-Band-Structure-Quantum-Espresso/outputs/field_0/PBE-d3/top/data/ldos.pp.dat214.xsf
     Plot Type: 3D                     Output format: XCrySDen     
     Reading data from file  /home/ubuntu/projects/Graphene-Band-Structure-Quantum-Espresso/outputs/field_0/PBE-d3/top/data/ldos.pp.dat215

     Writing data to be plotted to file /home/ubuntu/projects/Graphene-Band-Structure-Quantum-Espresso/outputs/field_0/PBE-d3/top/data/ldos.pp.dat215.xsf
     Plot Type: 3D                     Output format: XCrySDen     
     Reading data from file  /home/ubuntu/projects/Graphene-Band-Structure-Quantum-Espresso/outputs/field_0/PBE-d3/top/data/ldos.pp.dat216

     Writing data to be plotted to file /home/ubuntu/projects/Graphene-Band-Structure-Quantum-Espresso/outputs/field_0/PBE-d3/top/data/ldos.pp.dat216.xsf
     Plot Type: 3D                     Output format: XCrySDen     
     Reading data from file  /home/ubuntu/projects/Graphene-Band-Structure-Quantum-Espresso/outputs/field_0/PBE-d3/top/data/ldos.pp.dat217

     Writing data to be plotted to file /home/ubuntu/projects/Graphene-Band-Structure-Quantum-Espresso/outputs/field_0/PBE-d3/top/data/ldos.pp.dat217.xsf
     Plot Type: 3D                     Output format: XCrySDen     
     Reading data from file  /home/ubuntu/projects/Graphene-Band-Structure-Quantum-Espresso/outputs/field_0/PBE-d3/top/data/ldos.pp.dat218

     Writing data to be plotted to file /home/ubuntu/projects/Graphene-Band-Structure-Quantum-Espresso/outputs/field_0/PBE-d3/top/data/ldos.pp.dat218.xsf
     Plot Type: 3D                     Output format: XCrySDen     
     Reading data from file  /home/ubuntu/projects/Graphene-Band-Structure-Quantum-Espresso/outputs/field_0/PBE-d3/top/data/ldos.pp.dat219

     Writing data to be plotted to file /home/ubuntu/projects/Graphene-Band-Structure-Quantum-Espresso/outputs/field_0/PBE-d3/top/data/ldos.pp.dat219.xsf
     Plot Type: 3D                     Output format: XCrySDen     
     Reading data from file  /home/ubuntu/projects/Graphene-Band-Structure-Quantum-Espresso/outputs/field_0/PBE-d3/top/data/ldos.pp.dat220

     Writing data to be plotted to file /home/ubuntu/projects/Graphene-Band-Structure-Quantum-Espresso/outputs/field_0/PBE-d3/top/data/ldos.pp.dat220.xsf
     Plot Type: 3D                     Output format: XCrySDen     
     Reading data from file  /home/ubuntu/projects/Graphene-Band-Structure-Quantum-Espresso/outputs/field_0/PBE-d3/top/data/ldos.pp.dat221

     Writing data to be plotted to file /home/ubuntu/projects/Graphene-Band-Structure-Quantum-Espresso/outputs/field_0/PBE-d3/top/data/ldos.pp.dat221.xsf
     Plot Type: 3D                     Output format: XCrySDen     
     Reading data from file  /home/ubuntu/projects/Graphene-Band-Structure-Quantum-Espresso/outputs/field_0/PBE-d3/top/data/ldos.pp.dat222

     Writing data to be plotted to file /home/ubuntu/projects/Graphene-Band-Structure-Quantum-Espresso/outputs/field_0/PBE-d3/top/data/ldos.pp.dat222.xsf
     Plot Type: 3D                     Output format: XCrySDen     
     Reading data from file  /home/ubuntu/projects/Graphene-Band-Structure-Quantum-Espresso/outputs/field_0/PBE-d3/top/data/ldos.pp.dat223

     Writing data to be plotted to file /home/ubuntu/projects/Graphene-Band-Structure-Quantum-Espresso/outputs/field_0/PBE-d3/top/data/ldos.pp.dat223.xsf
     Plot Type: 3D                     Output format: XCrySDen     
     Reading data from file  /home/ubuntu/projects/Graphene-Band-Structure-Quantum-Espresso/outputs/field_0/PBE-d3/top/data/ldos.pp.dat224

     Writing data to be plotted to file /home/ubuntu/projects/Graphene-Band-Structure-Quantum-Espresso/outputs/field_0/PBE-d3/top/data/ldos.pp.dat224.xsf
     Plot Type: 3D                     Output format: XCrySDen     
     Reading data from file  /home/ubuntu/projects/Graphene-Band-Structure-Quantum-Espresso/outputs/field_0/PBE-d3/top/data/ldos.pp.dat225

     Writing data to be plotted to file /home/ubuntu/projects/Graphene-Band-Structure-Quantum-Espresso/outputs/field_0/PBE-d3/top/data/ldos.pp.dat225.xsf
     Plot Type: 3D                     Output format: XCrySDen     
     Reading data from file  /home/ubuntu/projects/Graphene-Band-Structure-Quantum-Espresso/outputs/field_0/PBE-d3/top/data/ldos.pp.dat226

     Writing data to be plotted to file /home/ubuntu/projects/Graphene-Band-Structure-Quantum-Espresso/outputs/field_0/PBE-d3/top/data/ldos.pp.dat226.xsf
     Plot Type: 3D                     Output format: XCrySDen     
     Reading data from file  /home/ubuntu/projects/Graphene-Band-Structure-Quantum-Espresso/outputs/field_0/PBE-d3/top/data/ldos.pp.dat227

     Writing data to be plotted to file /home/ubuntu/projects/Graphene-Band-Structure-Quantum-Espresso/outputs/field_0/PBE-d3/top/data/ldos.pp.dat227.xsf
     Plot Type: 3D                     Output format: XCrySDen     
     Reading data from file  /home/ubuntu/projects/Graphene-Band-Structure-Quantum-Espresso/outputs/field_0/PBE-d3/top/data/ldos.pp.dat228

     Writing data to be plotted to file /home/ubuntu/projects/Graphene-Band-Structure-Quantum-Espresso/outputs/field_0/PBE-d3/top/data/ldos.pp.dat228.xsf
     Plot Type: 3D                     Output format: XCrySDen     
     Reading data from file  /home/ubuntu/projects/Graphene-Band-Structure-Quantum-Espresso/outputs/field_0/PBE-d3/top/data/ldos.pp.dat229

     Writing data to be plotted to file /home/ubuntu/projects/Graphene-Band-Structure-Quantum-Espresso/outputs/field_0/PBE-d3/top/data/ldos.pp.dat229.xsf
     Plot Type: 3D                     Output format: XCrySDen     
     Reading data from file  /home/ubuntu/projects/Graphene-Band-Structure-Quantum-Espresso/outputs/field_0/PBE-d3/top/data/ldos.pp.dat230

     Writing data to be plotted to file /home/ubuntu/projects/Graphene-Band-Structure-Quantum-Espresso/outputs/field_0/PBE-d3/top/data/ldos.pp.dat230.xsf
     Plot Type: 3D                     Output format: XCrySDen     
     Reading data from file  /home/ubuntu/projects/Graphene-Band-Structure-Quantum-Espresso/outputs/field_0/PBE-d3/top/data/ldos.pp.dat231

     Writing data to be plotted to file /home/ubuntu/projects/Graphene-Band-Structure-Quantum-Espresso/outputs/field_0/PBE-d3/top/data/ldos.pp.dat231.xsf
     Plot Type: 3D                     Output format: XCrySDen     
     Reading data from file  /home/ubuntu/projects/Graphene-Band-Structure-Quantum-Espresso/outputs/field_0/PBE-d3/top/data/ldos.pp.dat232

     Writing data to be plotted to file /home/ubuntu/projects/Graphene-Band-Structure-Quantum-Espresso/outputs/field_0/PBE-d3/top/data/ldos.pp.dat232.xsf
     Plot Type: 3D                     Output format: XCrySDen     
     Reading data from file  /home/ubuntu/projects/Graphene-Band-Structure-Quantum-Espresso/outputs/field_0/PBE-d3/top/data/ldos.pp.dat233

     Writing data to be plotted to file /home/ubuntu/projects/Graphene-Band-Structure-Quantum-Espresso/outputs/field_0/PBE-d3/top/data/ldos.pp.dat233.xsf
     Plot Type: 3D                     Output format: XCrySDen     
     Reading data from file  /home/ubuntu/projects/Graphene-Band-Structure-Quantum-Espresso/outputs/field_0/PBE-d3/top/data/ldos.pp.dat234

     Writing data to be plotted to file /home/ubuntu/projects/Graphene-Band-Structure-Quantum-Espresso/outputs/field_0/PBE-d3/top/data/ldos.pp.dat234.xsf
     Plot Type: 3D                     Output format: XCrySDen     
     Reading data from file  /home/ubuntu/projects/Graphene-Band-Structure-Quantum-Espresso/outputs/field_0/PBE-d3/top/data/ldos.pp.dat235

     Writing data to be plotted to file /home/ubuntu/projects/Graphene-Band-Structure-Quantum-Espresso/outputs/field_0/PBE-d3/top/data/ldos.pp.dat235.xsf
     Plot Type: 3D                     Output format: XCrySDen     
     Reading data from file  /home/ubuntu/projects/Graphene-Band-Structure-Quantum-Espresso/outputs/field_0/PBE-d3/top/data/ldos.pp.dat236

     Writing data to be plotted to file /home/ubuntu/projects/Graphene-Band-Structure-Quantum-Espresso/outputs/field_0/PBE-d3/top/data/ldos.pp.dat236.xsf
     Plot Type: 3D                     Output format: XCrySDen     
     Reading data from file  /home/ubuntu/projects/Graphene-Band-Structure-Quantum-Espresso/outputs/field_0/PBE-d3/top/data/ldos.pp.dat237

     Writing data to be plotted to file /home/ubuntu/projects/Graphene-Band-Structure-Quantum-Espresso/outputs/field_0/PBE-d3/top/data/ldos.pp.dat237.xsf
     Plot Type: 3D                     Output format: XCrySDen     
     Reading data from file  /home/ubuntu/projects/Graphene-Band-Structure-Quantum-Espresso/outputs/field_0/PBE-d3/top/data/ldos.pp.dat238

     Writing data to be plotted to file /home/ubuntu/projects/Graphene-Band-Structure-Quantum-Espresso/outputs/field_0/PBE-d3/top/data/ldos.pp.dat238.xsf
     Plot Type: 3D                     Output format: XCrySDen     
     Reading data from file  /home/ubuntu/projects/Graphene-Band-Structure-Quantum-Espresso/outputs/field_0/PBE-d3/top/data/ldos.pp.dat239

     Writing data to be plotted to file /home/ubuntu/projects/Graphene-Band-Structure-Quantum-Espresso/outputs/field_0/PBE-d3/top/data/ldos.pp.dat239.xsf
     Plot Type: 3D                     Output format: XCrySDen     
     Reading data from file  /home/ubuntu/projects/Graphene-Band-Structure-Quantum-Espresso/outputs/field_0/PBE-d3/top/data/ldos.pp.dat240

     Writing data to be plotted to file /home/ubuntu/projects/Graphene-Band-Structure-Quantum-Espresso/outputs/field_0/PBE-d3/top/data/ldos.pp.dat240.xsf
     Plot Type: 3D                     Output format: XCrySDen     
     Reading data from file  /home/ubuntu/projects/Graphene-Band-Structure-Quantum-Espresso/outputs/field_0/PBE-d3/top/data/ldos.pp.dat241

     Writing data to be plotted to file /home/ubuntu/projects/Graphene-Band-Structure-Quantum-Espresso/outputs/field_0/PBE-d3/top/data/ldos.pp.dat241.xsf
     Plot Type: 3D                     Output format: XCrySDen     
     Reading data from file  /home/ubuntu/projects/Graphene-Band-Structure-Quantum-Espresso/outputs/field_0/PBE-d3/top/data/ldos.pp.dat242

     Writing data to be plotted to file /home/ubuntu/projects/Graphene-Band-Structure-Quantum-Espresso/outputs/field_0/PBE-d3/top/data/ldos.pp.dat242.xsf
     Plot Type: 3D                     Output format: XCrySDen     
     Reading data from file  /home/ubuntu/projects/Graphene-Band-Structure-Quantum-Espresso/outputs/field_0/PBE-d3/top/data/ldos.pp.dat243

     Writing data to be plotted to file /home/ubuntu/projects/Graphene-Band-Structure-Quantum-Espresso/outputs/field_0/PBE-d3/top/data/ldos.pp.dat243.xsf
     Plot Type: 3D                     Output format: XCrySDen     
     Reading data from file  /home/ubuntu/projects/Graphene-Band-Structure-Quantum-Espresso/outputs/field_0/PBE-d3/top/data/ldos.pp.dat244

     Writing data to be plotted to file /home/ubuntu/projects/Graphene-Band-Structure-Quantum-Espresso/outputs/field_0/PBE-d3/top/data/ldos.pp.dat244.xsf
     Plot Type: 3D                     Output format: XCrySDen     
     Reading data from file  /home/ubuntu/projects/Graphene-Band-Structure-Quantum-Espresso/outputs/field_0/PBE-d3/top/data/ldos.pp.dat245

     Writing data to be plotted to file /home/ubuntu/projects/Graphene-Band-Structure-Quantum-Espresso/outputs/field_0/PBE-d3/top/data/ldos.pp.dat245.xsf
     Plot Type: 3D                     Output format: XCrySDen     
     Reading data from file  /home/ubuntu/projects/Graphene-Band-Structure-Quantum-Espresso/outputs/field_0/PBE-d3/top/data/ldos.pp.dat246

     Writing data to be plotted to file /home/ubuntu/projects/Graphene-Band-Structure-Quantum-Espresso/outputs/field_0/PBE-d3/top/data/ldos.pp.dat246.xsf
     Plot Type: 3D                     Output format: XCrySDen     
     Reading data from file  /home/ubuntu/projects/Graphene-Band-Structure-Quantum-Espresso/outputs/field_0/PBE-d3/top/data/ldos.pp.dat247

     Writing data to be plotted to file /home/ubuntu/projects/Graphene-Band-Structure-Quantum-Espresso/outputs/field_0/PBE-d3/top/data/ldos.pp.dat247.xsf
     Plot Type: 3D                     Output format: XCrySDen     
     Reading data from file  /home/ubuntu/projects/Graphene-Band-Structure-Quantum-Espresso/outputs/field_0/PBE-d3/top/data/ldos.pp.dat248

     Writing data to be plotted to file /home/ubuntu/projects/Graphene-Band-Structure-Quantum-Espresso/outputs/field_0/PBE-d3/top/data/ldos.pp.dat248.xsf
     Plot Type: 3D                     Output format: XCrySDen     
     Reading data from file  /home/ubuntu/projects/Graphene-Band-Structure-Quantum-Espresso/outputs/field_0/PBE-d3/top/data/ldos.pp.dat249

     Writing data to be plotted to file /home/ubuntu/projects/Graphene-Band-Structure-Quantum-Espresso/outputs/field_0/PBE-d3/top/data/ldos.pp.dat249.xsf
     Plot Type: 3D                     Output format: XCrySDen     
     Reading data from file  /home/ubuntu/projects/Graphene-Band-Structure-Quantum-Espresso/outputs/field_0/PBE-d3/top/data/ldos.pp.dat250

     Writing data to be plotted to file /home/ubuntu/projects/Graphene-Band-Structure-Quantum-Espresso/outputs/field_0/PBE-d3/top/data/ldos.pp.dat250.xsf
     Plot Type: 3D                     Output format: XCrySDen     
     Reading data from file  /home/ubuntu/projects/Graphene-Band-Structure-Quantum-Espresso/outputs/field_0/PBE-d3/top/data/ldos.pp.dat251

     Writing data to be plotted to file /home/ubuntu/projects/Graphene-Band-Structure-Quantum-Espresso/outputs/field_0/PBE-d3/top/data/ldos.pp.dat251.xsf
     Plot Type: 3D                     Output format: XCrySDen     
     Reading data from file  /home/ubuntu/projects/Graphene-Band-Structure-Quantum-Espresso/outputs/field_0/PBE-d3/top/data/ldos.pp.dat252

     Writing data to be plotted to file /home/ubuntu/projects/Graphene-Band-Structure-Quantum-Espresso/outputs/field_0/PBE-d3/top/data/ldos.pp.dat252.xsf
     Plot Type: 3D                     Output format: XCrySDen     
     Reading data from file  /home/ubuntu/projects/Graphene-Band-Structure-Quantum-Espresso/outputs/field_0/PBE-d3/top/data/ldos.pp.dat253

     Writing data to be plotted to file /home/ubuntu/projects/Graphene-Band-Structure-Quantum-Espresso/outputs/field_0/PBE-d3/top/data/ldos.pp.dat253.xsf
     Plot Type: 3D                     Output format: XCrySDen     
     Reading data from file  /home/ubuntu/projects/Graphene-Band-Structure-Quantum-Espresso/outputs/field_0/PBE-d3/top/data/ldos.pp.dat254

     Writing data to be plotted to file /home/ubuntu/projects/Graphene-Band-Structure-Quantum-Espresso/outputs/field_0/PBE-d3/top/data/ldos.pp.dat254.xsf
     Plot Type: 3D                     Output format: XCrySDen     
     Reading data from file  /home/ubuntu/projects/Graphene-Band-Structure-Quantum-Espresso/outputs/field_0/PBE-d3/top/data/ldos.pp.dat255

     Writing data to be plotted to file /home/ubuntu/projects/Graphene-Band-Structure-Quantum-Espresso/outputs/field_0/PBE-d3/top/data/ldos.pp.dat255.xsf
     Plot Type: 3D                     Output format: XCrySDen     
     Reading data from file  /home/ubuntu/projects/Graphene-Band-Structure-Quantum-Espresso/outputs/field_0/PBE-d3/top/data/ldos.pp.dat256

     Writing data to be plotted to file /home/ubuntu/projects/Graphene-Band-Structure-Quantum-Espresso/outputs/field_0/PBE-d3/top/data/ldos.pp.dat256.xsf
     Plot Type: 3D                     Output format: XCrySDen     
     Reading data from file  /home/ubuntu/projects/Graphene-Band-Structure-Quantum-Espresso/outputs/field_0/PBE-d3/top/data/ldos.pp.dat257

     Writing data to be plotted to file /home/ubuntu/projects/Graphene-Band-Structure-Quantum-Espresso/outputs/field_0/PBE-d3/top/data/ldos.pp.dat257.xsf
     Plot Type: 3D                     Output format: XCrySDen     
     Reading data from file  /home/ubuntu/projects/Graphene-Band-Structure-Quantum-Espresso/outputs/field_0/PBE-d3/top/data/ldos.pp.dat258

     Writing data to be plotted to file /home/ubuntu/projects/Graphene-Band-Structure-Quantum-Espresso/outputs/field_0/PBE-d3/top/data/ldos.pp.dat258.xsf
     Plot Type: 3D                     Output format: XCrySDen     
     Reading data from file  /home/ubuntu/projects/Graphene-Band-Structure-Quantum-Espresso/outputs/field_0/PBE-d3/top/data/ldos.pp.dat259

     Writing data to be plotted to file /home/ubuntu/projects/Graphene-Band-Structure-Quantum-Espresso/outputs/field_0/PBE-d3/top/data/ldos.pp.dat259.xsf
     Plot Type: 3D                     Output format: XCrySDen     
     Reading data from file  /home/ubuntu/projects/Graphene-Band-Structure-Quantum-Espresso/outputs/field_0/PBE-d3/top/data/ldos.pp.dat260

     Writing data to be plotted to file /home/ubuntu/projects/Graphene-Band-Structure-Quantum-Espresso/outputs/field_0/PBE-d3/top/data/ldos.pp.dat260.xsf
     Plot Type: 3D                     Output format: XCrySDen     
     Reading data from file  /home/ubuntu/projects/Graphene-Band-Structure-Quantum-Espresso/outputs/field_0/PBE-d3/top/data/ldos.pp.dat261

     Writing data to be plotted to file /home/ubuntu/projects/Graphene-Band-Structure-Quantum-Espresso/outputs/field_0/PBE-d3/top/data/ldos.pp.dat261.xsf
     Plot Type: 3D                     Output format: XCrySDen     
     Reading data from file  /home/ubuntu/projects/Graphene-Band-Structure-Quantum-Espresso/outputs/field_0/PBE-d3/top/data/ldos.pp.dat262

     Writing data to be plotted to file /home/ubuntu/projects/Graphene-Band-Structure-Quantum-Espresso/outputs/field_0/PBE-d3/top/data/ldos.pp.dat262.xsf
     Plot Type: 3D                     Output format: XCrySDen     
     Reading data from file  /home/ubuntu/projects/Graphene-Band-Structure-Quantum-Espresso/outputs/field_0/PBE-d3/top/data/ldos.pp.dat263

     Writing data to be plotted to file /home/ubuntu/projects/Graphene-Band-Structure-Quantum-Espresso/outputs/field_0/PBE-d3/top/data/ldos.pp.dat263.xsf
     Plot Type: 3D                     Output format: XCrySDen     
     Reading data from file  /home/ubuntu/projects/Graphene-Band-Structure-Quantum-Espresso/outputs/field_0/PBE-d3/top/data/ldos.pp.dat264

     Writing data to be plotted to file /home/ubuntu/projects/Graphene-Band-Structure-Quantum-Espresso/outputs/field_0/PBE-d3/top/data/ldos.pp.dat264.xsf
     Plot Type: 3D                     Output format: XCrySDen     
     Reading data from file  /home/ubuntu/projects/Graphene-Band-Structure-Quantum-Espresso/outputs/field_0/PBE-d3/top/data/ldos.pp.dat265

     Writing data to be plotted to file /home/ubuntu/projects/Graphene-Band-Structure-Quantum-Espresso/outputs/field_0/PBE-d3/top/data/ldos.pp.dat265.xsf
     Plot Type: 3D                     Output format: XCrySDen     
     Reading data from file  /home/ubuntu/projects/Graphene-Band-Structure-Quantum-Espresso/outputs/field_0/PBE-d3/top/data/ldos.pp.dat266

     Writing data to be plotted to file /home/ubuntu/projects/Graphene-Band-Structure-Quantum-Espresso/outputs/field_0/PBE-d3/top/data/ldos.pp.dat266.xsf
     Plot Type: 3D                     Output format: XCrySDen     
     Reading data from file  /home/ubuntu/projects/Graphene-Band-Structure-Quantum-Espresso/outputs/field_0/PBE-d3/top/data/ldos.pp.dat267

     Writing data to be plotted to file /home/ubuntu/projects/Graphene-Band-Structure-Quantum-Espresso/outputs/field_0/PBE-d3/top/data/ldos.pp.dat267.xsf
     Plot Type: 3D                     Output format: XCrySDen     
     Reading data from file  /home/ubuntu/projects/Graphene-Band-Structure-Quantum-Espresso/outputs/field_0/PBE-d3/top/data/ldos.pp.dat268

     Writing data to be plotted to file /home/ubuntu/projects/Graphene-Band-Structure-Quantum-Espresso/outputs/field_0/PBE-d3/top/data/ldos.pp.dat268.xsf
     Plot Type: 3D                     Output format: XCrySDen     
     Reading data from file  /home/ubuntu/projects/Graphene-Band-Structure-Quantum-Espresso/outputs/field_0/PBE-d3/top/data/ldos.pp.dat269

     Writing data to be plotted to file /home/ubuntu/projects/Graphene-Band-Structure-Quantum-Espresso/outputs/field_0/PBE-d3/top/data/ldos.pp.dat269.xsf
     Plot Type: 3D                     Output format: XCrySDen     
     Reading data from file  /home/ubuntu/projects/Graphene-Band-Structure-Quantum-Espresso/outputs/field_0/PBE-d3/top/data/ldos.pp.dat270

     Writing data to be plotted to file /home/ubuntu/projects/Graphene-Band-Structure-Quantum-Espresso/outputs/field_0/PBE-d3/top/data/ldos.pp.dat270.xsf
     Plot Type: 3D                     Output format: XCrySDen     
     Reading data from file  /home/ubuntu/projects/Graphene-Band-Structure-Quantum-Espresso/outputs/field_0/PBE-d3/top/data/ldos.pp.dat271

     Writing data to be plotted to file /home/ubuntu/projects/Graphene-Band-Structure-Quantum-Espresso/outputs/field_0/PBE-d3/top/data/ldos.pp.dat271.xsf
     Plot Type: 3D                     Output format: XCrySDen     
     Reading data from file  /home/ubuntu/projects/Graphene-Band-Structure-Quantum-Espresso/outputs/field_0/PBE-d3/top/data/ldos.pp.dat272

     Writing data to be plotted to file /home/ubuntu/projects/Graphene-Band-Structure-Quantum-Espresso/outputs/field_0/PBE-d3/top/data/ldos.pp.dat272.xsf
     Plot Type: 3D                     Output format: XCrySDen     
     Reading data from file  /home/ubuntu/projects/Graphene-Band-Structure-Quantum-Espresso/outputs/field_0/PBE-d3/top/data/ldos.pp.dat273

     Writing data to be plotted to file /home/ubuntu/projects/Graphene-Band-Structure-Quantum-Espresso/outputs/field_0/PBE-d3/top/data/ldos.pp.dat273.xsf
     Plot Type: 3D                     Output format: XCrySDen     
     Reading data from file  /home/ubuntu/projects/Graphene-Band-Structure-Quantum-Espresso/outputs/field_0/PBE-d3/top/data/ldos.pp.dat274

     Writing data to be plotted to file /home/ubuntu/projects/Graphene-Band-Structure-Quantum-Espresso/outputs/field_0/PBE-d3/top/data/ldos.pp.dat274.xsf
     Plot Type: 3D                     Output format: XCrySDen     
     Reading data from file  /home/ubuntu/projects/Graphene-Band-Structure-Quantum-Espresso/outputs/field_0/PBE-d3/top/data/ldos.pp.dat275

     Writing data to be plotted to file /home/ubuntu/projects/Graphene-Band-Structure-Quantum-Espresso/outputs/field_0/PBE-d3/top/data/ldos.pp.dat275.xsf
     Plot Type: 3D                     Output format: XCrySDen     
     Reading data from file  /home/ubuntu/projects/Graphene-Band-Structure-Quantum-Espresso/outputs/field_0/PBE-d3/top/data/ldos.pp.dat276

     Writing data to be plotted to file /home/ubuntu/projects/Graphene-Band-Structure-Quantum-Espresso/outputs/field_0/PBE-d3/top/data/ldos.pp.dat276.xsf
     Plot Type: 3D                     Output format: XCrySDen     
     Reading data from file  /home/ubuntu/projects/Graphene-Band-Structure-Quantum-Espresso/outputs/field_0/PBE-d3/top/data/ldos.pp.dat277

     Writing data to be plotted to file /home/ubuntu/projects/Graphene-Band-Structure-Quantum-Espresso/outputs/field_0/PBE-d3/top/data/ldos.pp.dat277.xsf
     Plot Type: 3D                     Output format: XCrySDen     
     Reading data from file  /home/ubuntu/projects/Graphene-Band-Structure-Quantum-Espresso/outputs/field_0/PBE-d3/top/data/ldos.pp.dat278

     Writing data to be plotted to file /home/ubuntu/projects/Graphene-Band-Structure-Quantum-Espresso/outputs/field_0/PBE-d3/top/data/ldos.pp.dat278.xsf
     Plot Type: 3D                     Output format: XCrySDen     
     Reading data from file  /home/ubuntu/projects/Graphene-Band-Structure-Quantum-Espresso/outputs/field_0/PBE-d3/top/data/ldos.pp.dat279

     Writing data to be plotted to file /home/ubuntu/projects/Graphene-Band-Structure-Quantum-Espresso/outputs/field_0/PBE-d3/top/data/ldos.pp.dat279.xsf
     Plot Type: 3D                     Output format: XCrySDen     
     Reading data from file  /home/ubuntu/projects/Graphene-Band-Structure-Quantum-Espresso/outputs/field_0/PBE-d3/top/data/ldos.pp.dat280

     Writing data to be plotted to file /home/ubuntu/projects/Graphene-Band-Structure-Quantum-Espresso/outputs/field_0/PBE-d3/top/data/ldos.pp.dat280.xsf
     Plot Type: 3D                     Output format: XCrySDen     
     Reading data from file  /home/ubuntu/projects/Graphene-Band-Structure-Quantum-Espresso/outputs/field_0/PBE-d3/top/data/ldos.pp.dat281

     Writing data to be plotted to file /home/ubuntu/projects/Graphene-Band-Structure-Quantum-Espresso/outputs/field_0/PBE-d3/top/data/ldos.pp.dat281.xsf
     Plot Type: 3D                     Output format: XCrySDen     
     Reading data from file  /home/ubuntu/projects/Graphene-Band-Structure-Quantum-Espresso/outputs/field_0/PBE-d3/top/data/ldos.pp.dat282

     Writing data to be plotted to file /home/ubuntu/projects/Graphene-Band-Structure-Quantum-Espresso/outputs/field_0/PBE-d3/top/data/ldos.pp.dat282.xsf
     Plot Type: 3D                     Output format: XCrySDen     
     Reading data from file  /home/ubuntu/projects/Graphene-Band-Structure-Quantum-Espresso/outputs/field_0/PBE-d3/top/data/ldos.pp.dat283

     Writing data to be plotted to file /home/ubuntu/projects/Graphene-Band-Structure-Quantum-Espresso/outputs/field_0/PBE-d3/top/data/ldos.pp.dat283.xsf
     Plot Type: 3D                     Output format: XCrySDen     
     Reading data from file  /home/ubuntu/projects/Graphene-Band-Structure-Quantum-Espresso/outputs/field_0/PBE-d3/top/data/ldos.pp.dat284

     Writing data to be plotted to file /home/ubuntu/projects/Graphene-Band-Structure-Quantum-Espresso/outputs/field_0/PBE-d3/top/data/ldos.pp.dat284.xsf
     Plot Type: 3D                     Output format: XCrySDen     
     Reading data from file  /home/ubuntu/projects/Graphene-Band-Structure-Quantum-Espresso/outputs/field_0/PBE-d3/top/data/ldos.pp.dat285

     Writing data to be plotted to file /home/ubuntu/projects/Graphene-Band-Structure-Quantum-Espresso/outputs/field_0/PBE-d3/top/data/ldos.pp.dat285.xsf
     Plot Type: 3D                     Output format: XCrySDen     
     Reading data from file  /home/ubuntu/projects/Graphene-Band-Structure-Quantum-Espresso/outputs/field_0/PBE-d3/top/data/ldos.pp.dat286

     Writing data to be plotted to file /home/ubuntu/projects/Graphene-Band-Structure-Quantum-Espresso/outputs/field_0/PBE-d3/top/data/ldos.pp.dat286.xsf
     Plot Type: 3D                     Output format: XCrySDen     
     Reading data from file  /home/ubuntu/projects/Graphene-Band-Structure-Quantum-Espresso/outputs/field_0/PBE-d3/top/data/ldos.pp.dat287

     Writing data to be plotted to file /home/ubuntu/projects/Graphene-Band-Structure-Quantum-Espresso/outputs/field_0/PBE-d3/top/data/ldos.pp.dat287.xsf
     Plot Type: 3D                     Output format: XCrySDen     
     Reading data from file  /home/ubuntu/projects/Graphene-Band-Structure-Quantum-Espresso/outputs/field_0/PBE-d3/top/data/ldos.pp.dat288

     Writing data to be plotted to file /home/ubuntu/projects/Graphene-Band-Structure-Quantum-Espresso/outputs/field_0/PBE-d3/top/data/ldos.pp.dat288.xsf
     Plot Type: 3D                     Output format: XCrySDen     
     Reading data from file  /home/ubuntu/projects/Graphene-Band-Structure-Quantum-Espresso/outputs/field_0/PBE-d3/top/data/ldos.pp.dat289

     Writing data to be plotted to file /home/ubuntu/projects/Graphene-Band-Structure-Quantum-Espresso/outputs/field_0/PBE-d3/top/data/ldos.pp.dat289.xsf
     Plot Type: 3D                     Output format: XCrySDen     
     Reading data from file  /home/ubuntu/projects/Graphene-Band-Structure-Quantum-Espresso/outputs/field_0/PBE-d3/top/data/ldos.pp.dat290

     Writing data to be plotted to file /home/ubuntu/projects/Graphene-Band-Structure-Quantum-Espresso/outputs/field_0/PBE-d3/top/data/ldos.pp.dat290.xsf
     Plot Type: 3D                     Output format: XCrySDen     
     Reading data from file  /home/ubuntu/projects/Graphene-Band-Structure-Quantum-Espresso/outputs/field_0/PBE-d3/top/data/ldos.pp.dat291

     Writing data to be plotted to file /home/ubuntu/projects/Graphene-Band-Structure-Quantum-Espresso/outputs/field_0/PBE-d3/top/data/ldos.pp.dat291.xsf
     Plot Type: 3D                     Output format: XCrySDen     
     Reading data from file  /home/ubuntu/projects/Graphene-Band-Structure-Quantum-Espresso/outputs/field_0/PBE-d3/top/data/ldos.pp.dat292

     Writing data to be plotted to file /home/ubuntu/projects/Graphene-Band-Structure-Quantum-Espresso/outputs/field_0/PBE-d3/top/data/ldos.pp.dat292.xsf
     Plot Type: 3D                     Output format: XCrySDen     
     Reading data from file  /home/ubuntu/projects/Graphene-Band-Structure-Quantum-Espresso/outputs/field_0/PBE-d3/top/data/ldos.pp.dat293

     Writing data to be plotted to file /home/ubuntu/projects/Graphene-Band-Structure-Quantum-Espresso/outputs/field_0/PBE-d3/top/data/ldos.pp.dat293.xsf
     Plot Type: 3D                     Output format: XCrySDen     
     Reading data from file  /home/ubuntu/projects/Graphene-Band-Structure-Quantum-Espresso/outputs/field_0/PBE-d3/top/data/ldos.pp.dat294

     Writing data to be plotted to file /home/ubuntu/projects/Graphene-Band-Structure-Quantum-Espresso/outputs/field_0/PBE-d3/top/data/ldos.pp.dat294.xsf
     Plot Type: 3D                     Output format: XCrySDen     
     Reading data from file  /home/ubuntu/projects/Graphene-Band-Structure-Quantum-Espresso/outputs/field_0/PBE-d3/top/data/ldos.pp.dat295

     Writing data to be plotted to file /home/ubuntu/projects/Graphene-Band-Structure-Quantum-Espresso/outputs/field_0/PBE-d3/top/data/ldos.pp.dat295.xsf
     Plot Type: 3D                     Output format: XCrySDen     
     Reading data from file  /home/ubuntu/projects/Graphene-Band-Structure-Quantum-Espresso/outputs/field_0/PBE-d3/top/data/ldos.pp.dat296

     Writing data to be plotted to file /home/ubuntu/projects/Graphene-Band-Structure-Quantum-Espresso/outputs/field_0/PBE-d3/top/data/ldos.pp.dat296.xsf
     Plot Type: 3D                     Output format: XCrySDen     
     Reading data from file  /home/ubuntu/projects/Graphene-Band-Structure-Quantum-Espresso/outputs/field_0/PBE-d3/top/data/ldos.pp.dat297

     Writing data to be plotted to file /home/ubuntu/projects/Graphene-Band-Structure-Quantum-Espresso/outputs/field_0/PBE-d3/top/data/ldos.pp.dat297.xsf
     Plot Type: 3D                     Output format: XCrySDen     
     Reading data from file  /home/ubuntu/projects/Graphene-Band-Structure-Quantum-Espresso/outputs/field_0/PBE-d3/top/data/ldos.pp.dat298

     Writing data to be plotted to file /home/ubuntu/projects/Graphene-Band-Structure-Quantum-Espresso/outputs/field_0/PBE-d3/top/data/ldos.pp.dat298.xsf
     Plot Type: 3D                     Output format: XCrySDen     
     Reading data from file  /home/ubuntu/projects/Graphene-Band-Structure-Quantum-Espresso/outputs/field_0/PBE-d3/top/data/ldos.pp.dat299

     Writing data to be plotted to file /home/ubuntu/projects/Graphene-Band-Structure-Quantum-Espresso/outputs/field_0/PBE-d3/top/data/ldos.pp.dat299.xsf
     Plot Type: 3D                     Output format: XCrySDen     
     Reading data from file  /home/ubuntu/projects/Graphene-Band-Structure-Quantum-Espresso/outputs/field_0/PBE-d3/top/data/ldos.pp.dat300

     Writing data to be plotted to file /home/ubuntu/projects/Graphene-Band-Structure-Quantum-Espresso/outputs/field_0/PBE-d3/top/data/ldos.pp.dat300.xsf
     Plot Type: 3D                     Output format: XCrySDen     
     Reading data from file  /home/ubuntu/projects/Graphene-Band-Structure-Quantum-Espresso/outputs/field_0/PBE-d3/top/data/ldos.pp.dat301

     Writing data to be plotted to file /home/ubuntu/projects/Graphene-Band-Structure-Quantum-Espresso/outputs/field_0/PBE-d3/top/data/ldos.pp.dat301.xsf
     Plot Type: 3D                     Output format: XCrySDen     
     Reading data from file  /home/ubuntu/projects/Graphene-Band-Structure-Quantum-Espresso/outputs/field_0/PBE-d3/top/data/ldos.pp.dat302

     Writing data to be plotted to file /home/ubuntu/projects/Graphene-Band-Structure-Quantum-Espresso/outputs/field_0/PBE-d3/top/data/ldos.pp.dat302.xsf
     Plot Type: 3D                     Output format: XCrySDen     
     Reading data from file  /home/ubuntu/projects/Graphene-Band-Structure-Quantum-Espresso/outputs/field_0/PBE-d3/top/data/ldos.pp.dat303

     Writing data to be plotted to file /home/ubuntu/projects/Graphene-Band-Structure-Quantum-Espresso/outputs/field_0/PBE-d3/top/data/ldos.pp.dat303.xsf
     Plot Type: 3D                     Output format: XCrySDen     
     Reading data from file  /home/ubuntu/projects/Graphene-Band-Structure-Quantum-Espresso/outputs/field_0/PBE-d3/top/data/ldos.pp.dat304

     Writing data to be plotted to file /home/ubuntu/projects/Graphene-Band-Structure-Quantum-Espresso/outputs/field_0/PBE-d3/top/data/ldos.pp.dat304.xsf
     Plot Type: 3D                     Output format: XCrySDen     
     Reading data from file  /home/ubuntu/projects/Graphene-Band-Structure-Quantum-Espresso/outputs/field_0/PBE-d3/top/data/ldos.pp.dat305

     Writing data to be plotted to file /home/ubuntu/projects/Graphene-Band-Structure-Quantum-Espresso/outputs/field_0/PBE-d3/top/data/ldos.pp.dat305.xsf
     Plot Type: 3D                     Output format: XCrySDen     
     Reading data from file  /home/ubuntu/projects/Graphene-Band-Structure-Quantum-Espresso/outputs/field_0/PBE-d3/top/data/ldos.pp.dat306

     Writing data to be plotted to file /home/ubuntu/projects/Graphene-Band-Structure-Quantum-Espresso/outputs/field_0/PBE-d3/top/data/ldos.pp.dat306.xsf
     Plot Type: 3D                     Output format: XCrySDen     
     Reading data from file  /home/ubuntu/projects/Graphene-Band-Structure-Quantum-Espresso/outputs/field_0/PBE-d3/top/data/ldos.pp.dat307

     Writing data to be plotted to file /home/ubuntu/projects/Graphene-Band-Structure-Quantum-Espresso/outputs/field_0/PBE-d3/top/data/ldos.pp.dat307.xsf
     Plot Type: 3D                     Output format: XCrySDen     
     Reading data from file  /home/ubuntu/projects/Graphene-Band-Structure-Quantum-Espresso/outputs/field_0/PBE-d3/top/data/ldos.pp.dat308

     Writing data to be plotted to file /home/ubuntu/projects/Graphene-Band-Structure-Quantum-Espresso/outputs/field_0/PBE-d3/top/data/ldos.pp.dat308.xsf
     Plot Type: 3D                     Output format: XCrySDen     
     Reading data from file  /home/ubuntu/projects/Graphene-Band-Structure-Quantum-Espresso/outputs/field_0/PBE-d3/top/data/ldos.pp.dat309

     Writing data to be plotted to file /home/ubuntu/projects/Graphene-Band-Structure-Quantum-Espresso/outputs/field_0/PBE-d3/top/data/ldos.pp.dat309.xsf
     Plot Type: 3D                     Output format: XCrySDen     
     Reading data from file  /home/ubuntu/projects/Graphene-Band-Structure-Quantum-Espresso/outputs/field_0/PBE-d3/top/data/ldos.pp.dat310

     Writing data to be plotted to file /home/ubuntu/projects/Graphene-Band-Structure-Quantum-Espresso/outputs/field_0/PBE-d3/top/data/ldos.pp.dat310.xsf
     Plot Type: 3D                     Output format: XCrySDen     
     Reading data from file  /home/ubuntu/projects/Graphene-Band-Structure-Quantum-Espresso/outputs/field_0/PBE-d3/top/data/ldos.pp.dat311

     Writing data to be plotted to file /home/ubuntu/projects/Graphene-Band-Structure-Quantum-Espresso/outputs/field_0/PBE-d3/top/data/ldos.pp.dat311.xsf
     Plot Type: 3D                     Output format: XCrySDen     
     Reading data from file  /home/ubuntu/projects/Graphene-Band-Structure-Quantum-Espresso/outputs/field_0/PBE-d3/top/data/ldos.pp.dat312

     Writing data to be plotted to file /home/ubuntu/projects/Graphene-Band-Structure-Quantum-Espresso/outputs/field_0/PBE-d3/top/data/ldos.pp.dat312.xsf
     Plot Type: 3D                     Output format: XCrySDen     
     Reading data from file  /home/ubuntu/projects/Graphene-Band-Structure-Quantum-Espresso/outputs/field_0/PBE-d3/top/data/ldos.pp.dat313

     Writing data to be plotted to file /home/ubuntu/projects/Graphene-Band-Structure-Quantum-Espresso/outputs/field_0/PBE-d3/top/data/ldos.pp.dat313.xsf
     Plot Type: 3D                     Output format: XCrySDen     
     Reading data from file  /home/ubuntu/projects/Graphene-Band-Structure-Quantum-Espresso/outputs/field_0/PBE-d3/top/data/ldos.pp.dat314

     Writing data to be plotted to file /home/ubuntu/projects/Graphene-Band-Structure-Quantum-Espresso/outputs/field_0/PBE-d3/top/data/ldos.pp.dat314.xsf
     Plot Type: 3D                     Output format: XCrySDen     
     Reading data from file  /home/ubuntu/projects/Graphene-Band-Structure-Quantum-Espresso/outputs/field_0/PBE-d3/top/data/ldos.pp.dat315

     Writing data to be plotted to file /home/ubuntu/projects/Graphene-Band-Structure-Quantum-Espresso/outputs/field_0/PBE-d3/top/data/ldos.pp.dat315.xsf
     Plot Type: 3D                     Output format: XCrySDen     
     Reading data from file  /home/ubuntu/projects/Graphene-Band-Structure-Quantum-Espresso/outputs/field_0/PBE-d3/top/data/ldos.pp.dat316

     Writing data to be plotted to file /home/ubuntu/projects/Graphene-Band-Structure-Quantum-Espresso/outputs/field_0/PBE-d3/top/data/ldos.pp.dat316.xsf
     Plot Type: 3D                     Output format: XCrySDen     
     Reading data from file  /home/ubuntu/projects/Graphene-Band-Structure-Quantum-Espresso/outputs/field_0/PBE-d3/top/data/ldos.pp.dat317

     Writing data to be plotted to file /home/ubuntu/projects/Graphene-Band-Structure-Quantum-Espresso/outputs/field_0/PBE-d3/top/data/ldos.pp.dat317.xsf
     Plot Type: 3D                     Output format: XCrySDen     
     Reading data from file  /home/ubuntu/projects/Graphene-Band-Structure-Quantum-Espresso/outputs/field_0/PBE-d3/top/data/ldos.pp.dat318

     Writing data to be plotted to file /home/ubuntu/projects/Graphene-Band-Structure-Quantum-Espresso/outputs/field_0/PBE-d3/top/data/ldos.pp.dat318.xsf
     Plot Type: 3D                     Output format: XCrySDen     
     Reading data from file  /home/ubuntu/projects/Graphene-Band-Structure-Quantum-Espresso/outputs/field_0/PBE-d3/top/data/ldos.pp.dat319

     Writing data to be plotted to file /home/ubuntu/projects/Graphene-Band-Structure-Quantum-Espresso/outputs/field_0/PBE-d3/top/data/ldos.pp.dat319.xsf
     Plot Type: 3D                     Output format: XCrySDen     
     Reading data from file  /home/ubuntu/projects/Graphene-Band-Structure-Quantum-Espresso/outputs/field_0/PBE-d3/top/data/ldos.pp.dat320

     Writing data to be plotted to file /home/ubuntu/projects/Graphene-Band-Structure-Quantum-Espresso/outputs/field_0/PBE-d3/top/data/ldos.pp.dat320.xsf
     Plot Type: 3D                     Output format: XCrySDen     
     Reading data from file  /home/ubuntu/projects/Graphene-Band-Structure-Quantum-Espresso/outputs/field_0/PBE-d3/top/data/ldos.pp.dat321

     Writing data to be plotted to file /home/ubuntu/projects/Graphene-Band-Structure-Quantum-Espresso/outputs/field_0/PBE-d3/top/data/ldos.pp.dat321.xsf
     Plot Type: 3D                     Output format: XCrySDen     
     Reading data from file  /home/ubuntu/projects/Graphene-Band-Structure-Quantum-Espresso/outputs/field_0/PBE-d3/top/data/ldos.pp.dat322

     Writing data to be plotted to file /home/ubuntu/projects/Graphene-Band-Structure-Quantum-Espresso/outputs/field_0/PBE-d3/top/data/ldos.pp.dat322.xsf
     Plot Type: 3D                     Output format: XCrySDen     
     Reading data from file  /home/ubuntu/projects/Graphene-Band-Structure-Quantum-Espresso/outputs/field_0/PBE-d3/top/data/ldos.pp.dat323

     Writing data to be plotted to file /home/ubuntu/projects/Graphene-Band-Structure-Quantum-Espresso/outputs/field_0/PBE-d3/top/data/ldos.pp.dat323.xsf
     Plot Type: 3D                     Output format: XCrySDen     
     Reading data from file  /home/ubuntu/projects/Graphene-Band-Structure-Quantum-Espresso/outputs/field_0/PBE-d3/top/data/ldos.pp.dat324

     Writing data to be plotted to file /home/ubuntu/projects/Graphene-Band-Structure-Quantum-Espresso/outputs/field_0/PBE-d3/top/data/ldos.pp.dat324.xsf
     Plot Type: 3D                     Output format: XCrySDen     
     Reading data from file  /home/ubuntu/projects/Graphene-Band-Structure-Quantum-Espresso/outputs/field_0/PBE-d3/top/data/ldos.pp.dat325

     Writing data to be plotted to file /home/ubuntu/projects/Graphene-Band-Structure-Quantum-Espresso/outputs/field_0/PBE-d3/top/data/ldos.pp.dat325.xsf
     Plot Type: 3D                     Output format: XCrySDen     
     Reading data from file  /home/ubuntu/projects/Graphene-Band-Structure-Quantum-Espresso/outputs/field_0/PBE-d3/top/data/ldos.pp.dat326

     Writing data to be plotted to file /home/ubuntu/projects/Graphene-Band-Structure-Quantum-Espresso/outputs/field_0/PBE-d3/top/data/ldos.pp.dat326.xsf
     Plot Type: 3D                     Output format: XCrySDen     
     Reading data from file  /home/ubuntu/projects/Graphene-Band-Structure-Quantum-Espresso/outputs/field_0/PBE-d3/top/data/ldos.pp.dat327

     Writing data to be plotted to file /home/ubuntu/projects/Graphene-Band-Structure-Quantum-Espresso/outputs/field_0/PBE-d3/top/data/ldos.pp.dat327.xsf
     Plot Type: 3D                     Output format: XCrySDen     
     Reading data from file  /home/ubuntu/projects/Graphene-Band-Structure-Quantum-Espresso/outputs/field_0/PBE-d3/top/data/ldos.pp.dat328

     Writing data to be plotted to file /home/ubuntu/projects/Graphene-Band-Structure-Quantum-Espresso/outputs/field_0/PBE-d3/top/data/ldos.pp.dat328.xsf
     Plot Type: 3D                     Output format: XCrySDen     
     Reading data from file  /home/ubuntu/projects/Graphene-Band-Structure-Quantum-Espresso/outputs/field_0/PBE-d3/top/data/ldos.pp.dat329

     Writing data to be plotted to file /home/ubuntu/projects/Graphene-Band-Structure-Quantum-Espresso/outputs/field_0/PBE-d3/top/data/ldos.pp.dat329.xsf
     Plot Type: 3D                     Output format: XCrySDen     
     Reading data from file  /home/ubuntu/projects/Graphene-Band-Structure-Quantum-Espresso/outputs/field_0/PBE-d3/top/data/ldos.pp.dat330

     Writing data to be plotted to file /home/ubuntu/projects/Graphene-Band-Structure-Quantum-Espresso/outputs/field_0/PBE-d3/top/data/ldos.pp.dat330.xsf
     Plot Type: 3D                     Output format: XCrySDen     
     Reading data from file  /home/ubuntu/projects/Graphene-Band-Structure-Quantum-Espresso/outputs/field_0/PBE-d3/top/data/ldos.pp.dat331

     Writing data to be plotted to file /home/ubuntu/projects/Graphene-Band-Structure-Quantum-Espresso/outputs/field_0/PBE-d3/top/data/ldos.pp.dat331.xsf
     Plot Type: 3D                     Output format: XCrySDen     
     Reading data from file  /home/ubuntu/projects/Graphene-Band-Structure-Quantum-Espresso/outputs/field_0/PBE-d3/top/data/ldos.pp.dat332

     Writing data to be plotted to file /home/ubuntu/projects/Graphene-Band-Structure-Quantum-Espresso/outputs/field_0/PBE-d3/top/data/ldos.pp.dat332.xsf
     Plot Type: 3D                     Output format: XCrySDen     
     Reading data from file  /home/ubuntu/projects/Graphene-Band-Structure-Quantum-Espresso/outputs/field_0/PBE-d3/top/data/ldos.pp.dat333

     Writing data to be plotted to file /home/ubuntu/projects/Graphene-Band-Structure-Quantum-Espresso/outputs/field_0/PBE-d3/top/data/ldos.pp.dat333.xsf
     Plot Type: 3D                     Output format: XCrySDen     
     Reading data from file  /home/ubuntu/projects/Graphene-Band-Structure-Quantum-Espresso/outputs/field_0/PBE-d3/top/data/ldos.pp.dat334

     Writing data to be plotted to file /home/ubuntu/projects/Graphene-Band-Structure-Quantum-Espresso/outputs/field_0/PBE-d3/top/data/ldos.pp.dat334.xsf
     Plot Type: 3D                     Output format: XCrySDen     
     Reading data from file  /home/ubuntu/projects/Graphene-Band-Structure-Quantum-Espresso/outputs/field_0/PBE-d3/top/data/ldos.pp.dat335

     Writing data to be plotted to file /home/ubuntu/projects/Graphene-Band-Structure-Quantum-Espresso/outputs/field_0/PBE-d3/top/data/ldos.pp.dat335.xsf
     Plot Type: 3D                     Output format: XCrySDen     
     Reading data from file  /home/ubuntu/projects/Graphene-Band-Structure-Quantum-Espresso/outputs/field_0/PBE-d3/top/data/ldos.pp.dat336

     Writing data to be plotted to file /home/ubuntu/projects/Graphene-Band-Structure-Quantum-Espresso/outputs/field_0/PBE-d3/top/data/ldos.pp.dat336.xsf
     Plot Type: 3D                     Output format: XCrySDen     
     Reading data from file  /home/ubuntu/projects/Graphene-Band-Structure-Quantum-Espresso/outputs/field_0/PBE-d3/top/data/ldos.pp.dat337

     Writing data to be plotted to file /home/ubuntu/projects/Graphene-Band-Structure-Quantum-Espresso/outputs/field_0/PBE-d3/top/data/ldos.pp.dat337.xsf
     Plot Type: 3D                     Output format: XCrySDen     
     Reading data from file  /home/ubuntu/projects/Graphene-Band-Structure-Quantum-Espresso/outputs/field_0/PBE-d3/top/data/ldos.pp.dat338

     Writing data to be plotted to file /home/ubuntu/projects/Graphene-Band-Structure-Quantum-Espresso/outputs/field_0/PBE-d3/top/data/ldos.pp.dat338.xsf
     Plot Type: 3D                     Output format: XCrySDen     
     Reading data from file  /home/ubuntu/projects/Graphene-Band-Structure-Quantum-Espresso/outputs/field_0/PBE-d3/top/data/ldos.pp.dat339

     Writing data to be plotted to file /home/ubuntu/projects/Graphene-Band-Structure-Quantum-Espresso/outputs/field_0/PBE-d3/top/data/ldos.pp.dat339.xsf
     Plot Type: 3D                     Output format: XCrySDen     
     Reading data from file  /home/ubuntu/projects/Graphene-Band-Structure-Quantum-Espresso/outputs/field_0/PBE-d3/top/data/ldos.pp.dat340

     Writing data to be plotted to file /home/ubuntu/projects/Graphene-Band-Structure-Quantum-Espresso/outputs/field_0/PBE-d3/top/data/ldos.pp.dat340.xsf
     Plot Type: 3D                     Output format: XCrySDen     
     Reading data from file  /home/ubuntu/projects/Graphene-Band-Structure-Quantum-Espresso/outputs/field_0/PBE-d3/top/data/ldos.pp.dat341

     Writing data to be plotted to file /home/ubuntu/projects/Graphene-Band-Structure-Quantum-Espresso/outputs/field_0/PBE-d3/top/data/ldos.pp.dat341.xsf
     Plot Type: 3D                     Output format: XCrySDen     
     Reading data from file  /home/ubuntu/projects/Graphene-Band-Structure-Quantum-Espresso/outputs/field_0/PBE-d3/top/data/ldos.pp.dat342

     Writing data to be plotted to file /home/ubuntu/projects/Graphene-Band-Structure-Quantum-Espresso/outputs/field_0/PBE-d3/top/data/ldos.pp.dat342.xsf
     Plot Type: 3D                     Output format: XCrySDen     
     Reading data from file  /home/ubuntu/projects/Graphene-Band-Structure-Quantum-Espresso/outputs/field_0/PBE-d3/top/data/ldos.pp.dat343

     Writing data to be plotted to file /home/ubuntu/projects/Graphene-Band-Structure-Quantum-Espresso/outputs/field_0/PBE-d3/top/data/ldos.pp.dat343.xsf
     Plot Type: 3D                     Output format: XCrySDen     
     Reading data from file  /home/ubuntu/projects/Graphene-Band-Structure-Quantum-Espresso/outputs/field_0/PBE-d3/top/data/ldos.pp.dat344

     Writing data to be plotted to file /home/ubuntu/projects/Graphene-Band-Structure-Quantum-Espresso/outputs/field_0/PBE-d3/top/data/ldos.pp.dat344.xsf
     Plot Type: 3D                     Output format: XCrySDen     
     Reading data from file  /home/ubuntu/projects/Graphene-Band-Structure-Quantum-Espresso/outputs/field_0/PBE-d3/top/data/ldos.pp.dat345

     Writing data to be plotted to file /home/ubuntu/projects/Graphene-Band-Structure-Quantum-Espresso/outputs/field_0/PBE-d3/top/data/ldos.pp.dat345.xsf
     Plot Type: 3D                     Output format: XCrySDen     
     Reading data from file  /home/ubuntu/projects/Graphene-Band-Structure-Quantum-Espresso/outputs/field_0/PBE-d3/top/data/ldos.pp.dat346

     Writing data to be plotted to file /home/ubuntu/projects/Graphene-Band-Structure-Quantum-Espresso/outputs/field_0/PBE-d3/top/data/ldos.pp.dat346.xsf
     Plot Type: 3D                     Output format: XCrySDen     
     Reading data from file  /home/ubuntu/projects/Graphene-Band-Structure-Quantum-Espresso/outputs/field_0/PBE-d3/top/data/ldos.pp.dat347

     Writing data to be plotted to file /home/ubuntu/projects/Graphene-Band-Structure-Quantum-Espresso/outputs/field_0/PBE-d3/top/data/ldos.pp.dat347.xsf
     Plot Type: 3D                     Output format: XCrySDen     
     Reading data from file  /home/ubuntu/projects/Graphene-Band-Structure-Quantum-Espresso/outputs/field_0/PBE-d3/top/data/ldos.pp.dat348

     Writing data to be plotted to file /home/ubuntu/projects/Graphene-Band-Structure-Quantum-Espresso/outputs/field_0/PBE-d3/top/data/ldos.pp.dat348.xsf
     Plot Type: 3D                     Output format: XCrySDen     
     Reading data from file  /home/ubuntu/projects/Graphene-Band-Structure-Quantum-Espresso/outputs/field_0/PBE-d3/top/data/ldos.pp.dat349

     Writing data to be plotted to file /home/ubuntu/projects/Graphene-Band-Structure-Quantum-Espresso/outputs/field_0/PBE-d3/top/data/ldos.pp.dat349.xsf
     Plot Type: 3D                     Output format: XCrySDen     
     Reading data from file  /home/ubuntu/projects/Graphene-Band-Structure-Quantum-Espresso/outputs/field_0/PBE-d3/top/data/ldos.pp.dat350

     Writing data to be plotted to file /home/ubuntu/projects/Graphene-Band-Structure-Quantum-Espresso/outputs/field_0/PBE-d3/top/data/ldos.pp.dat350.xsf
     Plot Type: 3D                     Output format: XCrySDen     
     Reading data from file  /home/ubuntu/projects/Graphene-Band-Structure-Quantum-Espresso/outputs/field_0/PBE-d3/top/data/ldos.pp.dat351

     Writing data to be plotted to file /home/ubuntu/projects/Graphene-Band-Structure-Quantum-Espresso/outputs/field_0/PBE-d3/top/data/ldos.pp.dat351.xsf
     Plot Type: 3D                     Output format: XCrySDen     
     Reading data from file  /home/ubuntu/projects/Graphene-Band-Structure-Quantum-Espresso/outputs/field_0/PBE-d3/top/data/ldos.pp.dat352

     Writing data to be plotted to file /home/ubuntu/projects/Graphene-Band-Structure-Quantum-Espresso/outputs/field_0/PBE-d3/top/data/ldos.pp.dat352.xsf
     Plot Type: 3D                     Output format: XCrySDen     
     Reading data from file  /home/ubuntu/projects/Graphene-Band-Structure-Quantum-Espresso/outputs/field_0/PBE-d3/top/data/ldos.pp.dat353

     Writing data to be plotted to file /home/ubuntu/projects/Graphene-Band-Structure-Quantum-Espresso/outputs/field_0/PBE-d3/top/data/ldos.pp.dat353.xsf
     Plot Type: 3D                     Output format: XCrySDen     
     Reading data from file  /home/ubuntu/projects/Graphene-Band-Structure-Quantum-Espresso/outputs/field_0/PBE-d3/top/data/ldos.pp.dat354

     Writing data to be plotted to file /home/ubuntu/projects/Graphene-Band-Structure-Quantum-Espresso/outputs/field_0/PBE-d3/top/data/ldos.pp.dat354.xsf
     Plot Type: 3D                     Output format: XCrySDen     
     Reading data from file  /home/ubuntu/projects/Graphene-Band-Structure-Quantum-Espresso/outputs/field_0/PBE-d3/top/data/ldos.pp.dat355

     Writing data to be plotted to file /home/ubuntu/projects/Graphene-Band-Structure-Quantum-Espresso/outputs/field_0/PBE-d3/top/data/ldos.pp.dat355.xsf
     Plot Type: 3D                     Output format: XCrySDen     
     Reading data from file  /home/ubuntu/projects/Graphene-Band-Structure-Quantum-Espresso/outputs/field_0/PBE-d3/top/data/ldos.pp.dat356

     Writing data to be plotted to file /home/ubuntu/projects/Graphene-Band-Structure-Quantum-Espresso/outputs/field_0/PBE-d3/top/data/ldos.pp.dat356.xsf
     Plot Type: 3D                     Output format: XCrySDen     
     Reading data from file  /home/ubuntu/projects/Graphene-Band-Structure-Quantum-Espresso/outputs/field_0/PBE-d3/top/data/ldos.pp.dat357

     Writing data to be plotted to file /home/ubuntu/projects/Graphene-Band-Structure-Quantum-Espresso/outputs/field_0/PBE-d3/top/data/ldos.pp.dat357.xsf
     Plot Type: 3D                     Output format: XCrySDen     
     Reading data from file  /home/ubuntu/projects/Graphene-Band-Structure-Quantum-Espresso/outputs/field_0/PBE-d3/top/data/ldos.pp.dat358

     Writing data to be plotted to file /home/ubuntu/projects/Graphene-Band-Structure-Quantum-Espresso/outputs/field_0/PBE-d3/top/data/ldos.pp.dat358.xsf
     Plot Type: 3D                     Output format: XCrySDen     
     Reading data from file  /home/ubuntu/projects/Graphene-Band-Structure-Quantum-Espresso/outputs/field_0/PBE-d3/top/data/ldos.pp.dat359

     Writing data to be plotted to file /home/ubuntu/projects/Graphene-Band-Structure-Quantum-Espresso/outputs/field_0/PBE-d3/top/data/ldos.pp.dat359.xsf
     Plot Type: 3D                     Output format: XCrySDen     
     Reading data from file  /home/ubuntu/projects/Graphene-Band-Structure-Quantum-Espresso/outputs/field_0/PBE-d3/top/data/ldos.pp.dat360

     Writing data to be plotted to file /home/ubuntu/projects/Graphene-Band-Structure-Quantum-Espresso/outputs/field_0/PBE-d3/top/data/ldos.pp.dat360.xsf
     Plot Type: 3D                     Output format: XCrySDen     
     Reading data from file  /home/ubuntu/projects/Graphene-Band-Structure-Quantum-Espresso/outputs/field_0/PBE-d3/top/data/ldos.pp.dat361

     Writing data to be plotted to file /home/ubuntu/projects/Graphene-Band-Structure-Quantum-Espresso/outputs/field_0/PBE-d3/top/data/ldos.pp.dat361.xsf
     Plot Type: 3D                     Output format: XCrySDen     
     Reading data from file  /home/ubuntu/projects/Graphene-Band-Structure-Quantum-Espresso/outputs/field_0/PBE-d3/top/data/ldos.pp.dat362

     Writing data to be plotted to file /home/ubuntu/projects/Graphene-Band-Structure-Quantum-Espresso/outputs/field_0/PBE-d3/top/data/ldos.pp.dat362.xsf
     Plot Type: 3D                     Output format: XCrySDen     
     Reading data from file  /home/ubuntu/projects/Graphene-Band-Structure-Quantum-Espresso/outputs/field_0/PBE-d3/top/data/ldos.pp.dat363

     Writing data to be plotted to file /home/ubuntu/projects/Graphene-Band-Structure-Quantum-Espresso/outputs/field_0/PBE-d3/top/data/ldos.pp.dat363.xsf
     Plot Type: 3D                     Output format: XCrySDen     
     Reading data from file  /home/ubuntu/projects/Graphene-Band-Structure-Quantum-Espresso/outputs/field_0/PBE-d3/top/data/ldos.pp.dat364

     Writing data to be plotted to file /home/ubuntu/projects/Graphene-Band-Structure-Quantum-Espresso/outputs/field_0/PBE-d3/top/data/ldos.pp.dat364.xsf
     Plot Type: 3D                     Output format: XCrySDen     
     Reading data from file  /home/ubuntu/projects/Graphene-Band-Structure-Quantum-Espresso/outputs/field_0/PBE-d3/top/data/ldos.pp.dat365

     Writing data to be plotted to file /home/ubuntu/projects/Graphene-Band-Structure-Quantum-Espresso/outputs/field_0/PBE-d3/top/data/ldos.pp.dat365.xsf
     Plot Type: 3D                     Output format: XCrySDen     
     Reading data from file  /home/ubuntu/projects/Graphene-Band-Structure-Quantum-Espresso/outputs/field_0/PBE-d3/top/data/ldos.pp.dat366

     Writing data to be plotted to file /home/ubuntu/projects/Graphene-Band-Structure-Quantum-Espresso/outputs/field_0/PBE-d3/top/data/ldos.pp.dat366.xsf
     Plot Type: 3D                     Output format: XCrySDen     
     Reading data from file  /home/ubuntu/projects/Graphene-Band-Structure-Quantum-Espresso/outputs/field_0/PBE-d3/top/data/ldos.pp.dat367

     Writing data to be plotted to file /home/ubuntu/projects/Graphene-Band-Structure-Quantum-Espresso/outputs/field_0/PBE-d3/top/data/ldos.pp.dat367.xsf
     Plot Type: 3D                     Output format: XCrySDen     
     Reading data from file  /home/ubuntu/projects/Graphene-Band-Structure-Quantum-Espresso/outputs/field_0/PBE-d3/top/data/ldos.pp.dat368

     Writing data to be plotted to file /home/ubuntu/projects/Graphene-Band-Structure-Quantum-Espresso/outputs/field_0/PBE-d3/top/data/ldos.pp.dat368.xsf
     Plot Type: 3D                     Output format: XCrySDen     
     Reading data from file  /home/ubuntu/projects/Graphene-Band-Structure-Quantum-Espresso/outputs/field_0/PBE-d3/top/data/ldos.pp.dat369

     Writing data to be plotted to file /home/ubuntu/projects/Graphene-Band-Structure-Quantum-Espresso/outputs/field_0/PBE-d3/top/data/ldos.pp.dat369.xsf
     Plot Type: 3D                     Output format: XCrySDen     
     Reading data from file  /home/ubuntu/projects/Graphene-Band-Structure-Quantum-Espresso/outputs/field_0/PBE-d3/top/data/ldos.pp.dat370

     Writing data to be plotted to file /home/ubuntu/projects/Graphene-Band-Structure-Quantum-Espresso/outputs/field_0/PBE-d3/top/data/ldos.pp.dat370.xsf
     Plot Type: 3D                     Output format: XCrySDen     
     Reading data from file  /home/ubuntu/projects/Graphene-Band-Structure-Quantum-Espresso/outputs/field_0/PBE-d3/top/data/ldos.pp.dat371

     Writing data to be plotted to file /home/ubuntu/projects/Graphene-Band-Structure-Quantum-Espresso/outputs/field_0/PBE-d3/top/data/ldos.pp.dat371.xsf
     Plot Type: 3D                     Output format: XCrySDen     
     Reading data from file  /home/ubuntu/projects/Graphene-Band-Structure-Quantum-Espresso/outputs/field_0/PBE-d3/top/data/ldos.pp.dat372

     Writing data to be plotted to file /home/ubuntu/projects/Graphene-Band-Structure-Quantum-Espresso/outputs/field_0/PBE-d3/top/data/ldos.pp.dat372.xsf
     Plot Type: 3D                     Output format: XCrySDen     
     Reading data from file  /home/ubuntu/projects/Graphene-Band-Structure-Quantum-Espresso/outputs/field_0/PBE-d3/top/data/ldos.pp.dat373

     Writing data to be plotted to file /home/ubuntu/projects/Graphene-Band-Structure-Quantum-Espresso/outputs/field_0/PBE-d3/top/data/ldos.pp.dat373.xsf
     Plot Type: 3D                     Output format: XCrySDen     
     Reading data from file  /home/ubuntu/projects/Graphene-Band-Structure-Quantum-Espresso/outputs/field_0/PBE-d3/top/data/ldos.pp.dat374

     Writing data to be plotted to file /home/ubuntu/projects/Graphene-Band-Structure-Quantum-Espresso/outputs/field_0/PBE-d3/top/data/ldos.pp.dat374.xsf
     Plot Type: 3D                     Output format: XCrySDen     
     Reading data from file  /home/ubuntu/projects/Graphene-Band-Structure-Quantum-Espresso/outputs/field_0/PBE-d3/top/data/ldos.pp.dat375

     Writing data to be plotted to file /home/ubuntu/projects/Graphene-Band-Structure-Quantum-Espresso/outputs/field_0/PBE-d3/top/data/ldos.pp.dat375.xsf
     Plot Type: 3D                     Output format: XCrySDen     
     Reading data from file  /home/ubuntu/projects/Graphene-Band-Structure-Quantum-Espresso/outputs/field_0/PBE-d3/top/data/ldos.pp.dat376

     Writing data to be plotted to file /home/ubuntu/projects/Graphene-Band-Structure-Quantum-Espresso/outputs/field_0/PBE-d3/top/data/ldos.pp.dat376.xsf
     Plot Type: 3D                     Output format: XCrySDen     
     Reading data from file  /home/ubuntu/projects/Graphene-Band-Structure-Quantum-Espresso/outputs/field_0/PBE-d3/top/data/ldos.pp.dat377

     Writing data to be plotted to file /home/ubuntu/projects/Graphene-Band-Structure-Quantum-Espresso/outputs/field_0/PBE-d3/top/data/ldos.pp.dat377.xsf
     Plot Type: 3D                     Output format: XCrySDen     
     Reading data from file  /home/ubuntu/projects/Graphene-Band-Structure-Quantum-Espresso/outputs/field_0/PBE-d3/top/data/ldos.pp.dat378

     Writing data to be plotted to file /home/ubuntu/projects/Graphene-Band-Structure-Quantum-Espresso/outputs/field_0/PBE-d3/top/data/ldos.pp.dat378.xsf
     Plot Type: 3D                     Output format: XCrySDen     
     Reading data from file  /home/ubuntu/projects/Graphene-Band-Structure-Quantum-Espresso/outputs/field_0/PBE-d3/top/data/ldos.pp.dat379

     Writing data to be plotted to file /home/ubuntu/projects/Graphene-Band-Structure-Quantum-Espresso/outputs/field_0/PBE-d3/top/data/ldos.pp.dat379.xsf
     Plot Type: 3D                     Output format: XCrySDen     
     Reading data from file  /home/ubuntu/projects/Graphene-Band-Structure-Quantum-Espresso/outputs/field_0/PBE-d3/top/data/ldos.pp.dat380

     Writing data to be plotted to file /home/ubuntu/projects/Graphene-Band-Structure-Quantum-Espresso/outputs/field_0/PBE-d3/top/data/ldos.pp.dat380.xsf
     Plot Type: 3D                     Output format: XCrySDen     
     Reading data from file  /home/ubuntu/projects/Graphene-Band-Structure-Quantum-Espresso/outputs/field_0/PBE-d3/top/data/ldos.pp.dat381

     Writing data to be plotted to file /home/ubuntu/projects/Graphene-Band-Structure-Quantum-Espresso/outputs/field_0/PBE-d3/top/data/ldos.pp.dat381.xsf
     Plot Type: 3D                     Output format: XCrySDen     
     Reading data from file  /home/ubuntu/projects/Graphene-Band-Structure-Quantum-Espresso/outputs/field_0/PBE-d3/top/data/ldos.pp.dat382

     Writing data to be plotted to file /home/ubuntu/projects/Graphene-Band-Structure-Quantum-Espresso/outputs/field_0/PBE-d3/top/data/ldos.pp.dat382.xsf
     Plot Type: 3D                     Output format: XCrySDen     
     Reading data from file  /home/ubuntu/projects/Graphene-Band-Structure-Quantum-Espresso/outputs/field_0/PBE-d3/top/data/ldos.pp.dat383

     Writing data to be plotted to file /home/ubuntu/projects/Graphene-Band-Structure-Quantum-Espresso/outputs/field_0/PBE-d3/top/data/ldos.pp.dat383.xsf
     Plot Type: 3D                     Output format: XCrySDen     
     Reading data from file  /home/ubuntu/projects/Graphene-Band-Structure-Quantum-Espresso/outputs/field_0/PBE-d3/top/data/ldos.pp.dat384

     Writing data to be plotted to file /home/ubuntu/projects/Graphene-Band-Structure-Quantum-Espresso/outputs/field_0/PBE-d3/top/data/ldos.pp.dat384.xsf
     Plot Type: 3D                     Output format: XCrySDen     
     Reading data from file  /home/ubuntu/projects/Graphene-Band-Structure-Quantum-Espresso/outputs/field_0/PBE-d3/top/data/ldos.pp.dat385

     Writing data to be plotted to file /home/ubuntu/projects/Graphene-Band-Structure-Quantum-Espresso/outputs/field_0/PBE-d3/top/data/ldos.pp.dat385.xsf
     Plot Type: 3D                     Output format: XCrySDen     
     Reading data from file  /home/ubuntu/projects/Graphene-Band-Structure-Quantum-Espresso/outputs/field_0/PBE-d3/top/data/ldos.pp.dat386

     Writing data to be plotted to file /home/ubuntu/projects/Graphene-Band-Structure-Quantum-Espresso/outputs/field_0/PBE-d3/top/data/ldos.pp.dat386.xsf
     Plot Type: 3D                     Output format: XCrySDen     
     Reading data from file  /home/ubuntu/projects/Graphene-Band-Structure-Quantum-Espresso/outputs/field_0/PBE-d3/top/data/ldos.pp.dat387

     Writing data to be plotted to file /home/ubuntu/projects/Graphene-Band-Structure-Quantum-Espresso/outputs/field_0/PBE-d3/top/data/ldos.pp.dat387.xsf
     Plot Type: 3D                     Output format: XCrySDen     
     Reading data from file  /home/ubuntu/projects/Graphene-Band-Structure-Quantum-Espresso/outputs/field_0/PBE-d3/top/data/ldos.pp.dat388

     Writing data to be plotted to file /home/ubuntu/projects/Graphene-Band-Structure-Quantum-Espresso/outputs/field_0/PBE-d3/top/data/ldos.pp.dat388.xsf
     Plot Type: 3D                     Output format: XCrySDen     
     Reading data from file  /home/ubuntu/projects/Graphene-Band-Structure-Quantum-Espresso/outputs/field_0/PBE-d3/top/data/ldos.pp.dat389

     Writing data to be plotted to file /home/ubuntu/projects/Graphene-Band-Structure-Quantum-Espresso/outputs/field_0/PBE-d3/top/data/ldos.pp.dat389.xsf
     Plot Type: 3D                     Output format: XCrySDen     
     Reading data from file  /home/ubuntu/projects/Graphene-Band-Structure-Quantum-Espresso/outputs/field_0/PBE-d3/top/data/ldos.pp.dat390

     Writing data to be plotted to file /home/ubuntu/projects/Graphene-Band-Structure-Quantum-Espresso/outputs/field_0/PBE-d3/top/data/ldos.pp.dat390.xsf
     Plot Type: 3D                     Output format: XCrySDen     
     Reading data from file  /home/ubuntu/projects/Graphene-Band-Structure-Quantum-Espresso/outputs/field_0/PBE-d3/top/data/ldos.pp.dat391

     Writing data to be plotted to file /home/ubuntu/projects/Graphene-Band-Structure-Quantum-Espresso/outputs/field_0/PBE-d3/top/data/ldos.pp.dat391.xsf
     Plot Type: 3D                     Output format: XCrySDen     
     Reading data from file  /home/ubuntu/projects/Graphene-Band-Structure-Quantum-Espresso/outputs/field_0/PBE-d3/top/data/ldos.pp.dat392

     Writing data to be plotted to file /home/ubuntu/projects/Graphene-Band-Structure-Quantum-Espresso/outputs/field_0/PBE-d3/top/data/ldos.pp.dat392.xsf
     Plot Type: 3D                     Output format: XCrySDen     
     Reading data from file  /home/ubuntu/projects/Graphene-Band-Structure-Quantum-Espresso/outputs/field_0/PBE-d3/top/data/ldos.pp.dat393

     Writing data to be plotted to file /home/ubuntu/projects/Graphene-Band-Structure-Quantum-Espresso/outputs/field_0/PBE-d3/top/data/ldos.pp.dat393.xsf
     Plot Type: 3D                     Output format: XCrySDen     
     Reading data from file  /home/ubuntu/projects/Graphene-Band-Structure-Quantum-Espresso/outputs/field_0/PBE-d3/top/data/ldos.pp.dat394

     Writing data to be plotted to file /home/ubuntu/projects/Graphene-Band-Structure-Quantum-Espresso/outputs/field_0/PBE-d3/top/data/ldos.pp.dat394.xsf
     Plot Type: 3D                     Output format: XCrySDen     
     Reading data from file  /home/ubuntu/projects/Graphene-Band-Structure-Quantum-Espresso/outputs/field_0/PBE-d3/top/data/ldos.pp.dat395

     Writing data to be plotted to file /home/ubuntu/projects/Graphene-Band-Structure-Quantum-Espresso/outputs/field_0/PBE-d3/top/data/ldos.pp.dat395.xsf
     Plot Type: 3D                     Output format: XCrySDen     
     Reading data from file  /home/ubuntu/projects/Graphene-Band-Structure-Quantum-Espresso/outputs/field_0/PBE-d3/top/data/ldos.pp.dat396

     Writing data to be plotted to file /home/ubuntu/projects/Graphene-Band-Structure-Quantum-Espresso/outputs/field_0/PBE-d3/top/data/ldos.pp.dat396.xsf
     Plot Type: 3D                     Output format: XCrySDen     
     Reading data from file  /home/ubuntu/projects/Graphene-Band-Structure-Quantum-Espresso/outputs/field_0/PBE-d3/top/data/ldos.pp.dat397

     Writing data to be plotted to file /home/ubuntu/projects/Graphene-Band-Structure-Quantum-Espresso/outputs/field_0/PBE-d3/top/data/ldos.pp.dat397.xsf
     Plot Type: 3D                     Output format: XCrySDen     
     Reading data from file  /home/ubuntu/projects/Graphene-Band-Structure-Quantum-Espresso/outputs/field_0/PBE-d3/top/data/ldos.pp.dat398

     Writing data to be plotted to file /home/ubuntu/projects/Graphene-Band-Structure-Quantum-Espresso/outputs/field_0/PBE-d3/top/data/ldos.pp.dat398.xsf
     Plot Type: 3D                     Output format: XCrySDen     
     Reading data from file  /home/ubuntu/projects/Graphene-Band-Structure-Quantum-Espresso/outputs/field_0/PBE-d3/top/data/ldos.pp.dat399

     Writing data to be plotted to file /home/ubuntu/projects/Graphene-Band-Structure-Quantum-Espresso/outputs/field_0/PBE-d3/top/data/ldos.pp.dat399.xsf
     Plot Type: 3D                     Output format: XCrySDen     
     Reading data from file  /home/ubuntu/projects/Graphene-Band-Structure-Quantum-Espresso/outputs/field_0/PBE-d3/top/data/ldos.pp.dat400

     Writing data to be plotted to file /home/ubuntu/projects/Graphene-Band-Structure-Quantum-Espresso/outputs/field_0/PBE-d3/top/data/ldos.pp.dat400.xsf
     Plot Type: 3D                     Output format: XCrySDen     
     Reading data from file  /home/ubuntu/projects/Graphene-Band-Structure-Quantum-Espresso/outputs/field_0/PBE-d3/top/data/ldos.pp.dat401

     Writing data to be plotted to file /home/ubuntu/projects/Graphene-Band-Structure-Quantum-Espresso/outputs/field_0/PBE-d3/top/data/ldos.pp.dat401.xsf
     Plot Type: 3D                     Output format: XCrySDen     
     Reading data from file  /home/ubuntu/projects/Graphene-Band-Structure-Quantum-Espresso/outputs/field_0/PBE-d3/top/data/ldos.pp.dat402

     Writing data to be plotted to file /home/ubuntu/projects/Graphene-Band-Structure-Quantum-Espresso/outputs/field_0/PBE-d3/top/data/ldos.pp.dat402.xsf
     Plot Type: 3D                     Output format: XCrySDen     
     Reading data from file  /home/ubuntu/projects/Graphene-Band-Structure-Quantum-Espresso/outputs/field_0/PBE-d3/top/data/ldos.pp.dat403

     Writing data to be plotted to file /home/ubuntu/projects/Graphene-Band-Structure-Quantum-Espresso/outputs/field_0/PBE-d3/top/data/ldos.pp.dat403.xsf
     Plot Type: 3D                     Output format: XCrySDen     
     Reading data from file  /home/ubuntu/projects/Graphene-Band-Structure-Quantum-Espresso/outputs/field_0/PBE-d3/top/data/ldos.pp.dat404

     Writing data to be plotted to file /home/ubuntu/projects/Graphene-Band-Structure-Quantum-Espresso/outputs/field_0/PBE-d3/top/data/ldos.pp.dat404.xsf
     Plot Type: 3D                     Output format: XCrySDen     
     Reading data from file  /home/ubuntu/projects/Graphene-Band-Structure-Quantum-Espresso/outputs/field_0/PBE-d3/top/data/ldos.pp.dat405

     Writing data to be plotted to file /home/ubuntu/projects/Graphene-Band-Structure-Quantum-Espresso/outputs/field_0/PBE-d3/top/data/ldos.pp.dat405.xsf
     Plot Type: 3D                     Output format: XCrySDen     
     Reading data from file  /home/ubuntu/projects/Graphene-Band-Structure-Quantum-Espresso/outputs/field_0/PBE-d3/top/data/ldos.pp.dat406

     Writing data to be plotted to file /home/ubuntu/projects/Graphene-Band-Structure-Quantum-Espresso/outputs/field_0/PBE-d3/top/data/ldos.pp.dat406.xsf
     Plot Type: 3D                     Output format: XCrySDen     
     Reading data from file  /home/ubuntu/projects/Graphene-Band-Structure-Quantum-Espresso/outputs/field_0/PBE-d3/top/data/ldos.pp.dat407

     Writing data to be plotted to file /home/ubuntu/projects/Graphene-Band-Structure-Quantum-Espresso/outputs/field_0/PBE-d3/top/data/ldos.pp.dat407.xsf
     Plot Type: 3D                     Output format: XCrySDen     
     Reading data from file  /home/ubuntu/projects/Graphene-Band-Structure-Quantum-Espresso/outputs/field_0/PBE-d3/top/data/ldos.pp.dat408

     Writing data to be plotted to file /home/ubuntu/projects/Graphene-Band-Structure-Quantum-Espresso/outputs/field_0/PBE-d3/top/data/ldos.pp.dat408.xsf
     Plot Type: 3D                     Output format: XCrySDen     
     Reading data from file  /home/ubuntu/projects/Graphene-Band-Structure-Quantum-Espresso/outputs/field_0/PBE-d3/top/data/ldos.pp.dat409

     Writing data to be plotted to file /home/ubuntu/projects/Graphene-Band-Structure-Quantum-Espresso/outputs/field_0/PBE-d3/top/data/ldos.pp.dat409.xsf
     Plot Type: 3D                     Output format: XCrySDen     
     Reading data from file  /home/ubuntu/projects/Graphene-Band-Structure-Quantum-Espresso/outputs/field_0/PBE-d3/top/data/ldos.pp.dat410

     Writing data to be plotted to file /home/ubuntu/projects/Graphene-Band-Structure-Quantum-Espresso/outputs/field_0/PBE-d3/top/data/ldos.pp.dat410.xsf
     Plot Type: 3D                     Output format: XCrySDen     
     Reading data from file  /home/ubuntu/projects/Graphene-Band-Structure-Quantum-Espresso/outputs/field_0/PBE-d3/top/data/ldos.pp.dat411

     Writing data to be plotted to file /home/ubuntu/projects/Graphene-Band-Structure-Quantum-Espresso/outputs/field_0/PBE-d3/top/data/ldos.pp.dat411.xsf
     Plot Type: 3D                     Output format: XCrySDen     
     Reading data from file  /home/ubuntu/projects/Graphene-Band-Structure-Quantum-Espresso/outputs/field_0/PBE-d3/top/data/ldos.pp.dat412

     Writing data to be plotted to file /home/ubuntu/projects/Graphene-Band-Structure-Quantum-Espresso/outputs/field_0/PBE-d3/top/data/ldos.pp.dat412.xsf
     Plot Type: 3D                     Output format: XCrySDen     
     Reading data from file  /home/ubuntu/projects/Graphene-Band-Structure-Quantum-Espresso/outputs/field_0/PBE-d3/top/data/ldos.pp.dat413

     Writing data to be plotted to file /home/ubuntu/projects/Graphene-Band-Structure-Quantum-Espresso/outputs/field_0/PBE-d3/top/data/ldos.pp.dat413.xsf
     Plot Type: 3D                     Output format: XCrySDen     
     Reading data from file  /home/ubuntu/projects/Graphene-Band-Structure-Quantum-Espresso/outputs/field_0/PBE-d3/top/data/ldos.pp.dat414

     Writing data to be plotted to file /home/ubuntu/projects/Graphene-Band-Structure-Quantum-Espresso/outputs/field_0/PBE-d3/top/data/ldos.pp.dat414.xsf
     Plot Type: 3D                     Output format: XCrySDen     
     Reading data from file  /home/ubuntu/projects/Graphene-Band-Structure-Quantum-Espresso/outputs/field_0/PBE-d3/top/data/ldos.pp.dat415

     Writing data to be plotted to file /home/ubuntu/projects/Graphene-Band-Structure-Quantum-Espresso/outputs/field_0/PBE-d3/top/data/ldos.pp.dat415.xsf
     Plot Type: 3D                     Output format: XCrySDen     
     Reading data from file  /home/ubuntu/projects/Graphene-Band-Structure-Quantum-Espresso/outputs/field_0/PBE-d3/top/data/ldos.pp.dat416

     Writing data to be plotted to file /home/ubuntu/projects/Graphene-Band-Structure-Quantum-Espresso/outputs/field_0/PBE-d3/top/data/ldos.pp.dat416.xsf
     Plot Type: 3D                     Output format: XCrySDen     
     Reading data from file  /home/ubuntu/projects/Graphene-Band-Structure-Quantum-Espresso/outputs/field_0/PBE-d3/top/data/ldos.pp.dat417

     Writing data to be plotted to file /home/ubuntu/projects/Graphene-Band-Structure-Quantum-Espresso/outputs/field_0/PBE-d3/top/data/ldos.pp.dat417.xsf
     Plot Type: 3D                     Output format: XCrySDen     
     Reading data from file  /home/ubuntu/projects/Graphene-Band-Structure-Quantum-Espresso/outputs/field_0/PBE-d3/top/data/ldos.pp.dat418

     Writing data to be plotted to file /home/ubuntu/projects/Graphene-Band-Structure-Quantum-Espresso/outputs/field_0/PBE-d3/top/data/ldos.pp.dat418.xsf
     Plot Type: 3D                     Output format: XCrySDen     
     Reading data from file  /home/ubuntu/projects/Graphene-Band-Structure-Quantum-Espresso/outputs/field_0/PBE-d3/top/data/ldos.pp.dat419

     Writing data to be plotted to file /home/ubuntu/projects/Graphene-Band-Structure-Quantum-Espresso/outputs/field_0/PBE-d3/top/data/ldos.pp.dat419.xsf
     Plot Type: 3D                     Output format: XCrySDen     
     Reading data from file  /home/ubuntu/projects/Graphene-Band-Structure-Quantum-Espresso/outputs/field_0/PBE-d3/top/data/ldos.pp.dat420

     Writing data to be plotted to file /home/ubuntu/projects/Graphene-Band-Structure-Quantum-Espresso/outputs/field_0/PBE-d3/top/data/ldos.pp.dat420.xsf
     Plot Type: 3D                     Output format: XCrySDen     
     Reading data from file  /home/ubuntu/projects/Graphene-Band-Structure-Quantum-Espresso/outputs/field_0/PBE-d3/top/data/ldos.pp.dat421

     Writing data to be plotted to file /home/ubuntu/projects/Graphene-Band-Structure-Quantum-Espresso/outputs/field_0/PBE-d3/top/data/ldos.pp.dat421.xsf
     Plot Type: 3D                     Output format: XCrySDen     
     Reading data from file  /home/ubuntu/projects/Graphene-Band-Structure-Quantum-Espresso/outputs/field_0/PBE-d3/top/data/ldos.pp.dat422

     Writing data to be plotted to file /home/ubuntu/projects/Graphene-Band-Structure-Quantum-Espresso/outputs/field_0/PBE-d3/top/data/ldos.pp.dat422.xsf
     Plot Type: 3D                     Output format: XCrySDen     
     Reading data from file  /home/ubuntu/projects/Graphene-Band-Structure-Quantum-Espresso/outputs/field_0/PBE-d3/top/data/ldos.pp.dat423

     Writing data to be plotted to file /home/ubuntu/projects/Graphene-Band-Structure-Quantum-Espresso/outputs/field_0/PBE-d3/top/data/ldos.pp.dat423.xsf
     Plot Type: 3D                     Output format: XCrySDen     
     Reading data from file  /home/ubuntu/projects/Graphene-Band-Structure-Quantum-Espresso/outputs/field_0/PBE-d3/top/data/ldos.pp.dat424

     Writing data to be plotted to file /home/ubuntu/projects/Graphene-Band-Structure-Quantum-Espresso/outputs/field_0/PBE-d3/top/data/ldos.pp.dat424.xsf
     Plot Type: 3D                     Output format: XCrySDen     
     Reading data from file  /home/ubuntu/projects/Graphene-Band-Structure-Quantum-Espresso/outputs/field_0/PBE-d3/top/data/ldos.pp.dat425

     Writing data to be plotted to file /home/ubuntu/projects/Graphene-Band-Structure-Quantum-Espresso/outputs/field_0/PBE-d3/top/data/ldos.pp.dat425.xsf
     Plot Type: 3D                     Output format: XCrySDen     
     Reading data from file  /home/ubuntu/projects/Graphene-Band-Structure-Quantum-Espresso/outputs/field_0/PBE-d3/top/data/ldos.pp.dat426

     Writing data to be plotted to file /home/ubuntu/projects/Graphene-Band-Structure-Quantum-Espresso/outputs/field_0/PBE-d3/top/data/ldos.pp.dat426.xsf
     Plot Type: 3D                     Output format: XCrySDen     
     Reading data from file  /home/ubuntu/projects/Graphene-Band-Structure-Quantum-Espresso/outputs/field_0/PBE-d3/top/data/ldos.pp.dat427

     Writing data to be plotted to file /home/ubuntu/projects/Graphene-Band-Structure-Quantum-Espresso/outputs/field_0/PBE-d3/top/data/ldos.pp.dat427.xsf
     Plot Type: 3D                     Output format: XCrySDen     
     Reading data from file  /home/ubuntu/projects/Graphene-Band-Structure-Quantum-Espresso/outputs/field_0/PBE-d3/top/data/ldos.pp.dat428

     Writing data to be plotted to file /home/ubuntu/projects/Graphene-Band-Structure-Quantum-Espresso/outputs/field_0/PBE-d3/top/data/ldos.pp.dat428.xsf
     Plot Type: 3D                     Output format: XCrySDen     
     Reading data from file  /home/ubuntu/projects/Graphene-Band-Structure-Quantum-Espresso/outputs/field_0/PBE-d3/top/data/ldos.pp.dat429

     Writing data to be plotted to file /home/ubuntu/projects/Graphene-Band-Structure-Quantum-Espresso/outputs/field_0/PBE-d3/top/data/ldos.pp.dat429.xsf
     Plot Type: 3D                     Output format: XCrySDen     
     Reading data from file  /home/ubuntu/projects/Graphene-Band-Structure-Quantum-Espresso/outputs/field_0/PBE-d3/top/data/ldos.pp.dat430

     Writing data to be plotted to file /home/ubuntu/projects/Graphene-Band-Structure-Quantum-Espresso/outputs/field_0/PBE-d3/top/data/ldos.pp.dat430.xsf
     Plot Type: 3D                     Output format: XCrySDen     
     Reading data from file  /home/ubuntu/projects/Graphene-Band-Structure-Quantum-Espresso/outputs/field_0/PBE-d3/top/data/ldos.pp.dat431

     Writing data to be plotted to file /home/ubuntu/projects/Graphene-Band-Structure-Quantum-Espresso/outputs/field_0/PBE-d3/top/data/ldos.pp.dat431.xsf
     Plot Type: 3D                     Output format: XCrySDen     
     Reading data from file  /home/ubuntu/projects/Graphene-Band-Structure-Quantum-Espresso/outputs/field_0/PBE-d3/top/data/ldos.pp.dat432

     Writing data to be plotted to file /home/ubuntu/projects/Graphene-Band-Structure-Quantum-Espresso/outputs/field_0/PBE-d3/top/data/ldos.pp.dat432.xsf
     Plot Type: 3D                     Output format: XCrySDen     
     Reading data from file  /home/ubuntu/projects/Graphene-Band-Structure-Quantum-Espresso/outputs/field_0/PBE-d3/top/data/ldos.pp.dat433

     Writing data to be plotted to file /home/ubuntu/projects/Graphene-Band-Structure-Quantum-Espresso/outputs/field_0/PBE-d3/top/data/ldos.pp.dat433.xsf
     Plot Type: 3D                     Output format: XCrySDen     
     Reading data from file  /home/ubuntu/projects/Graphene-Band-Structure-Quantum-Espresso/outputs/field_0/PBE-d3/top/data/ldos.pp.dat434

     Writing data to be plotted to file /home/ubuntu/projects/Graphene-Band-Structure-Quantum-Espresso/outputs/field_0/PBE-d3/top/data/ldos.pp.dat434.xsf
     Plot Type: 3D                     Output format: XCrySDen     
     Reading data from file  /home/ubuntu/projects/Graphene-Band-Structure-Quantum-Espresso/outputs/field_0/PBE-d3/top/data/ldos.pp.dat435

     Writing data to be plotted to file /home/ubuntu/projects/Graphene-Band-Structure-Quantum-Espresso/outputs/field_0/PBE-d3/top/data/ldos.pp.dat435.xsf
     Plot Type: 3D                     Output format: XCrySDen     
     Reading data from file  /home/ubuntu/projects/Graphene-Band-Structure-Quantum-Espresso/outputs/field_0/PBE-d3/top/data/ldos.pp.dat436

     Writing data to be plotted to file /home/ubuntu/projects/Graphene-Band-Structure-Quantum-Espresso/outputs/field_0/PBE-d3/top/data/ldos.pp.dat436.xsf
     Plot Type: 3D                     Output format: XCrySDen     
     Reading data from file  /home/ubuntu/projects/Graphene-Band-Structure-Quantum-Espresso/outputs/field_0/PBE-d3/top/data/ldos.pp.dat437

     Writing data to be plotted to file /home/ubuntu/projects/Graphene-Band-Structure-Quantum-Espresso/outputs/field_0/PBE-d3/top/data/ldos.pp.dat437.xsf
     Plot Type: 3D                     Output format: XCrySDen     
     Reading data from file  /home/ubuntu/projects/Graphene-Band-Structure-Quantum-Espresso/outputs/field_0/PBE-d3/top/data/ldos.pp.dat438

     Writing data to be plotted to file /home/ubuntu/projects/Graphene-Band-Structure-Quantum-Espresso/outputs/field_0/PBE-d3/top/data/ldos.pp.dat438.xsf
     Plot Type: 3D                     Output format: XCrySDen     
     Reading data from file  /home/ubuntu/projects/Graphene-Band-Structure-Quantum-Espresso/outputs/field_0/PBE-d3/top/data/ldos.pp.dat439

     Writing data to be plotted to file /home/ubuntu/projects/Graphene-Band-Structure-Quantum-Espresso/outputs/field_0/PBE-d3/top/data/ldos.pp.dat439.xsf
     Plot Type: 3D                     Output format: XCrySDen     
     Reading data from file  /home/ubuntu/projects/Graphene-Band-Structure-Quantum-Espresso/outputs/field_0/PBE-d3/top/data/ldos.pp.dat440

     Writing data to be plotted to file /home/ubuntu/projects/Graphene-Band-Structure-Quantum-Espresso/outputs/field_0/PBE-d3/top/data/ldos.pp.dat440.xsf
     Plot Type: 3D                     Output format: XCrySDen     
     Reading data from file  /home/ubuntu/projects/Graphene-Band-Structure-Quantum-Espresso/outputs/field_0/PBE-d3/top/data/ldos.pp.dat441

     Writing data to be plotted to file /home/ubuntu/projects/Graphene-Band-Structure-Quantum-Espresso/outputs/field_0/PBE-d3/top/data/ldos.pp.dat441.xsf
     Plot Type: 3D                     Output format: XCrySDen     
     Reading data from file  /home/ubuntu/projects/Graphene-Band-Structure-Quantum-Espresso/outputs/field_0/PBE-d3/top/data/ldos.pp.dat442

     Writing data to be plotted to file /home/ubuntu/projects/Graphene-Band-Structure-Quantum-Espresso/outputs/field_0/PBE-d3/top/data/ldos.pp.dat442.xsf
     Plot Type: 3D                     Output format: XCrySDen     
     Reading data from file  /home/ubuntu/projects/Graphene-Band-Structure-Quantum-Espresso/outputs/field_0/PBE-d3/top/data/ldos.pp.dat443

     Writing data to be plotted to file /home/ubuntu/projects/Graphene-Band-Structure-Quantum-Espresso/outputs/field_0/PBE-d3/top/data/ldos.pp.dat443.xsf
     Plot Type: 3D                     Output format: XCrySDen     
     Reading data from file  /home/ubuntu/projects/Graphene-Band-Structure-Quantum-Espresso/outputs/field_0/PBE-d3/top/data/ldos.pp.dat444

     Writing data to be plotted to file /home/ubuntu/projects/Graphene-Band-Structure-Quantum-Espresso/outputs/field_0/PBE-d3/top/data/ldos.pp.dat444.xsf
     Plot Type: 3D                     Output format: XCrySDen     
     Reading data from file  /home/ubuntu/projects/Graphene-Band-Structure-Quantum-Espresso/outputs/field_0/PBE-d3/top/data/ldos.pp.dat445

     Writing data to be plotted to file /home/ubuntu/projects/Graphene-Band-Structure-Quantum-Espresso/outputs/field_0/PBE-d3/top/data/ldos.pp.dat445.xsf
     Plot Type: 3D                     Output format: XCrySDen     
     Reading data from file  /home/ubuntu/projects/Graphene-Band-Structure-Quantum-Espresso/outputs/field_0/PBE-d3/top/data/ldos.pp.dat446

     Writing data to be plotted to file /home/ubuntu/projects/Graphene-Band-Structure-Quantum-Espresso/outputs/field_0/PBE-d3/top/data/ldos.pp.dat446.xsf
     Plot Type: 3D                     Output format: XCrySDen     
     Reading data from file  /home/ubuntu/projects/Graphene-Band-Structure-Quantum-Espresso/outputs/field_0/PBE-d3/top/data/ldos.pp.dat447

     Writing data to be plotted to file /home/ubuntu/projects/Graphene-Band-Structure-Quantum-Espresso/outputs/field_0/PBE-d3/top/data/ldos.pp.dat447.xsf
     Plot Type: 3D                     Output format: XCrySDen     
     Reading data from file  /home/ubuntu/projects/Graphene-Band-Structure-Quantum-Espresso/outputs/field_0/PBE-d3/top/data/ldos.pp.dat448

     Writing data to be plotted to file /home/ubuntu/projects/Graphene-Band-Structure-Quantum-Espresso/outputs/field_0/PBE-d3/top/data/ldos.pp.dat448.xsf
     Plot Type: 3D                     Output format: XCrySDen     
     Reading data from file  /home/ubuntu/projects/Graphene-Band-Structure-Quantum-Espresso/outputs/field_0/PBE-d3/top/data/ldos.pp.dat449

     Writing data to be plotted to file /home/ubuntu/projects/Graphene-Band-Structure-Quantum-Espresso/outputs/field_0/PBE-d3/top/data/ldos.pp.dat449.xsf
     Plot Type: 3D                     Output format: XCrySDen     
     Reading data from file  /home/ubuntu/projects/Graphene-Band-Structure-Quantum-Espresso/outputs/field_0/PBE-d3/top/data/ldos.pp.dat450

     Writing data to be plotted to file /home/ubuntu/projects/Graphene-Band-Structure-Quantum-Espresso/outputs/field_0/PBE-d3/top/data/ldos.pp.dat450.xsf
     Plot Type: 3D                     Output format: XCrySDen     
     Reading data from file  /home/ubuntu/projects/Graphene-Band-Structure-Quantum-Espresso/outputs/field_0/PBE-d3/top/data/ldos.pp.dat451

     Writing data to be plotted to file /home/ubuntu/projects/Graphene-Band-Structure-Quantum-Espresso/outputs/field_0/PBE-d3/top/data/ldos.pp.dat451.xsf
     Plot Type: 3D                     Output format: XCrySDen     
     Reading data from file  /home/ubuntu/projects/Graphene-Band-Structure-Quantum-Espresso/outputs/field_0/PBE-d3/top/data/ldos.pp.dat452

     Writing data to be plotted to file /home/ubuntu/projects/Graphene-Band-Structure-Quantum-Espresso/outputs/field_0/PBE-d3/top/data/ldos.pp.dat452.xsf
     Plot Type: 3D                     Output format: XCrySDen     
     Reading data from file  /home/ubuntu/projects/Graphene-Band-Structure-Quantum-Espresso/outputs/field_0/PBE-d3/top/data/ldos.pp.dat453

     Writing data to be plotted to file /home/ubuntu/projects/Graphene-Band-Structure-Quantum-Espresso/outputs/field_0/PBE-d3/top/data/ldos.pp.dat453.xsf
     Plot Type: 3D                     Output format: XCrySDen     
     Reading data from file  /home/ubuntu/projects/Graphene-Band-Structure-Quantum-Espresso/outputs/field_0/PBE-d3/top/data/ldos.pp.dat454

     Writing data to be plotted to file /home/ubuntu/projects/Graphene-Band-Structure-Quantum-Espresso/outputs/field_0/PBE-d3/top/data/ldos.pp.dat454.xsf
     Plot Type: 3D                     Output format: XCrySDen     
     Reading data from file  /home/ubuntu/projects/Graphene-Band-Structure-Quantum-Espresso/outputs/field_0/PBE-d3/top/data/ldos.pp.dat455

     Writing data to be plotted to file /home/ubuntu/projects/Graphene-Band-Structure-Quantum-Espresso/outputs/field_0/PBE-d3/top/data/ldos.pp.dat455.xsf
     Plot Type: 3D                     Output format: XCrySDen     
     Reading data from file  /home/ubuntu/projects/Graphene-Band-Structure-Quantum-Espresso/outputs/field_0/PBE-d3/top/data/ldos.pp.dat456

     Writing data to be plotted to file /home/ubuntu/projects/Graphene-Band-Structure-Quantum-Espresso/outputs/field_0/PBE-d3/top/data/ldos.pp.dat456.xsf
     Plot Type: 3D                     Output format: XCrySDen     
     Reading data from file  /home/ubuntu/projects/Graphene-Band-Structure-Quantum-Espresso/outputs/field_0/PBE-d3/top/data/ldos.pp.dat457

     Writing data to be plotted to file /home/ubuntu/projects/Graphene-Band-Structure-Quantum-Espresso/outputs/field_0/PBE-d3/top/data/ldos.pp.dat457.xsf
     Plot Type: 3D                     Output format: XCrySDen     
     Reading data from file  /home/ubuntu/projects/Graphene-Band-Structure-Quantum-Espresso/outputs/field_0/PBE-d3/top/data/ldos.pp.dat458

     Writing data to be plotted to file /home/ubuntu/projects/Graphene-Band-Structure-Quantum-Espresso/outputs/field_0/PBE-d3/top/data/ldos.pp.dat458.xsf
     Plot Type: 3D                     Output format: XCrySDen     
     Reading data from file  /home/ubuntu/projects/Graphene-Band-Structure-Quantum-Espresso/outputs/field_0/PBE-d3/top/data/ldos.pp.dat459

     Writing data to be plotted to file /home/ubuntu/projects/Graphene-Band-Structure-Quantum-Espresso/outputs/field_0/PBE-d3/top/data/ldos.pp.dat459.xsf
     Plot Type: 3D                     Output format: XCrySDen     
     Reading data from file  /home/ubuntu/projects/Graphene-Band-Structure-Quantum-Espresso/outputs/field_0/PBE-d3/top/data/ldos.pp.dat460

     Writing data to be plotted to file /home/ubuntu/projects/Graphene-Band-Structure-Quantum-Espresso/outputs/field_0/PBE-d3/top/data/ldos.pp.dat460.xsf
     Plot Type: 3D                     Output format: XCrySDen     
     Reading data from file  /home/ubuntu/projects/Graphene-Band-Structure-Quantum-Espresso/outputs/field_0/PBE-d3/top/data/ldos.pp.dat461

     Writing data to be plotted to file /home/ubuntu/projects/Graphene-Band-Structure-Quantum-Espresso/outputs/field_0/PBE-d3/top/data/ldos.pp.dat461.xsf
     Plot Type: 3D                     Output format: XCrySDen     
     Reading data from file  /home/ubuntu/projects/Graphene-Band-Structure-Quantum-Espresso/outputs/field_0/PBE-d3/top/data/ldos.pp.dat462

     Writing data to be plotted to file /home/ubuntu/projects/Graphene-Band-Structure-Quantum-Espresso/outputs/field_0/PBE-d3/top/data/ldos.pp.dat462.xsf
     Plot Type: 3D                     Output format: XCrySDen     
     Reading data from file  /home/ubuntu/projects/Graphene-Band-Structure-Quantum-Espresso/outputs/field_0/PBE-d3/top/data/ldos.pp.dat463

     Writing data to be plotted to file /home/ubuntu/projects/Graphene-Band-Structure-Quantum-Espresso/outputs/field_0/PBE-d3/top/data/ldos.pp.dat463.xsf
     Plot Type: 3D                     Output format: XCrySDen     
     Reading data from file  /home/ubuntu/projects/Graphene-Band-Structure-Quantum-Espresso/outputs/field_0/PBE-d3/top/data/ldos.pp.dat464

     Writing data to be plotted to file /home/ubuntu/projects/Graphene-Band-Structure-Quantum-Espresso/outputs/field_0/PBE-d3/top/data/ldos.pp.dat464.xsf
     Plot Type: 3D                     Output format: XCrySDen     
     Reading data from file  /home/ubuntu/projects/Graphene-Band-Structure-Quantum-Espresso/outputs/field_0/PBE-d3/top/data/ldos.pp.dat465

     Writing data to be plotted to file /home/ubuntu/projects/Graphene-Band-Structure-Quantum-Espresso/outputs/field_0/PBE-d3/top/data/ldos.pp.dat465.xsf
     Plot Type: 3D                     Output format: XCrySDen     
     Reading data from file  /home/ubuntu/projects/Graphene-Band-Structure-Quantum-Espresso/outputs/field_0/PBE-d3/top/data/ldos.pp.dat466

     Writing data to be plotted to file /home/ubuntu/projects/Graphene-Band-Structure-Quantum-Espresso/outputs/field_0/PBE-d3/top/data/ldos.pp.dat466.xsf
     Plot Type: 3D                     Output format: XCrySDen     
     Reading data from file  /home/ubuntu/projects/Graphene-Band-Structure-Quantum-Espresso/outputs/field_0/PBE-d3/top/data/ldos.pp.dat467

     Writing data to be plotted to file /home/ubuntu/projects/Graphene-Band-Structure-Quantum-Espresso/outputs/field_0/PBE-d3/top/data/ldos.pp.dat467.xsf
     Plot Type: 3D                     Output format: XCrySDen     
     Reading data from file  /home/ubuntu/projects/Graphene-Band-Structure-Quantum-Espresso/outputs/field_0/PBE-d3/top/data/ldos.pp.dat468

     Writing data to be plotted to file /home/ubuntu/projects/Graphene-Band-Structure-Quantum-Espresso/outputs/field_0/PBE-d3/top/data/ldos.pp.dat468.xsf
     Plot Type: 3D                     Output format: XCrySDen     
     Reading data from file  /home/ubuntu/projects/Graphene-Band-Structure-Quantum-Espresso/outputs/field_0/PBE-d3/top/data/ldos.pp.dat469

     Writing data to be plotted to file /home/ubuntu/projects/Graphene-Band-Structure-Quantum-Espresso/outputs/field_0/PBE-d3/top/data/ldos.pp.dat469.xsf
     Plot Type: 3D                     Output format: XCrySDen     
     Reading data from file  /home/ubuntu/projects/Graphene-Band-Structure-Quantum-Espresso/outputs/field_0/PBE-d3/top/data/ldos.pp.dat470

     Writing data to be plotted to file /home/ubuntu/projects/Graphene-Band-Structure-Quantum-Espresso/outputs/field_0/PBE-d3/top/data/ldos.pp.dat470.xsf
     Plot Type: 3D                     Output format: XCrySDen     
     Reading data from file  /home/ubuntu/projects/Graphene-Band-Structure-Quantum-Espresso/outputs/field_0/PBE-d3/top/data/ldos.pp.dat471

     Writing data to be plotted to file /home/ubuntu/projects/Graphene-Band-Structure-Quantum-Espresso/outputs/field_0/PBE-d3/top/data/ldos.pp.dat471.xsf
     Plot Type: 3D                     Output format: XCrySDen     
     Reading data from file  /home/ubuntu/projects/Graphene-Band-Structure-Quantum-Espresso/outputs/field_0/PBE-d3/top/data/ldos.pp.dat472

     Writing data to be plotted to file /home/ubuntu/projects/Graphene-Band-Structure-Quantum-Espresso/outputs/field_0/PBE-d3/top/data/ldos.pp.dat472.xsf
     Plot Type: 3D                     Output format: XCrySDen     
     Reading data from file  /home/ubuntu/projects/Graphene-Band-Structure-Quantum-Espresso/outputs/field_0/PBE-d3/top/data/ldos.pp.dat473

     Writing data to be plotted to file /home/ubuntu/projects/Graphene-Band-Structure-Quantum-Espresso/outputs/field_0/PBE-d3/top/data/ldos.pp.dat473.xsf
     Plot Type: 3D                     Output format: XCrySDen     
     Reading data from file  /home/ubuntu/projects/Graphene-Band-Structure-Quantum-Espresso/outputs/field_0/PBE-d3/top/data/ldos.pp.dat474

     Writing data to be plotted to file /home/ubuntu/projects/Graphene-Band-Structure-Quantum-Espresso/outputs/field_0/PBE-d3/top/data/ldos.pp.dat474.xsf
     Plot Type: 3D                     Output format: XCrySDen     
     Reading data from file  /home/ubuntu/projects/Graphene-Band-Structure-Quantum-Espresso/outputs/field_0/PBE-d3/top/data/ldos.pp.dat475

     Writing data to be plotted to file /home/ubuntu/projects/Graphene-Band-Structure-Quantum-Espresso/outputs/field_0/PBE-d3/top/data/ldos.pp.dat475.xsf
     Plot Type: 3D                     Output format: XCrySDen     
     Reading data from file  /home/ubuntu/projects/Graphene-Band-Structure-Quantum-Espresso/outputs/field_0/PBE-d3/top/data/ldos.pp.dat476

     Writing data to be plotted to file /home/ubuntu/projects/Graphene-Band-Structure-Quantum-Espresso/outputs/field_0/PBE-d3/top/data/ldos.pp.dat476.xsf
     Plot Type: 3D                     Output format: XCrySDen     
     Reading data from file  /home/ubuntu/projects/Graphene-Band-Structure-Quantum-Espresso/outputs/field_0/PBE-d3/top/data/ldos.pp.dat477

     Writing data to be plotted to file /home/ubuntu/projects/Graphene-Band-Structure-Quantum-Espresso/outputs/field_0/PBE-d3/top/data/ldos.pp.dat477.xsf
     Plot Type: 3D                     Output format: XCrySDen     
     Reading data from file  /home/ubuntu/projects/Graphene-Band-Structure-Quantum-Espresso/outputs/field_0/PBE-d3/top/data/ldos.pp.dat478

     Writing data to be plotted to file /home/ubuntu/projects/Graphene-Band-Structure-Quantum-Espresso/outputs/field_0/PBE-d3/top/data/ldos.pp.dat478.xsf
     Plot Type: 3D                     Output format: XCrySDen     
     Reading data from file  /home/ubuntu/projects/Graphene-Band-Structure-Quantum-Espresso/outputs/field_0/PBE-d3/top/data/ldos.pp.dat479

     Writing data to be plotted to file /home/ubuntu/projects/Graphene-Band-Structure-Quantum-Espresso/outputs/field_0/PBE-d3/top/data/ldos.pp.dat479.xsf
     Plot Type: 3D                     Output format: XCrySDen     
     Reading data from file  /home/ubuntu/projects/Graphene-Band-Structure-Quantum-Espresso/outputs/field_0/PBE-d3/top/data/ldos.pp.dat480

     Writing data to be plotted to file /home/ubuntu/projects/Graphene-Band-Structure-Quantum-Espresso/outputs/field_0/PBE-d3/top/data/ldos.pp.dat480.xsf
     Plot Type: 3D                     Output format: XCrySDen     
     Reading data from file  /home/ubuntu/projects/Graphene-Band-Structure-Quantum-Espresso/outputs/field_0/PBE-d3/top/data/ldos.pp.dat481

     Writing data to be plotted to file /home/ubuntu/projects/Graphene-Band-Structure-Quantum-Espresso/outputs/field_0/PBE-d3/top/data/ldos.pp.dat481.xsf
     Plot Type: 3D                     Output format: XCrySDen     
     Reading data from file  /home/ubuntu/projects/Graphene-Band-Structure-Quantum-Espresso/outputs/field_0/PBE-d3/top/data/ldos.pp.dat482

     Writing data to be plotted to file /home/ubuntu/projects/Graphene-Band-Structure-Quantum-Espresso/outputs/field_0/PBE-d3/top/data/ldos.pp.dat482.xsf
     Plot Type: 3D                     Output format: XCrySDen     
     Reading data from file  /home/ubuntu/projects/Graphene-Band-Structure-Quantum-Espresso/outputs/field_0/PBE-d3/top/data/ldos.pp.dat483

     Writing data to be plotted to file /home/ubuntu/projects/Graphene-Band-Structure-Quantum-Espresso/outputs/field_0/PBE-d3/top/data/ldos.pp.dat483.xsf
     Plot Type: 3D                     Output format: XCrySDen     
     Reading data from file  /home/ubuntu/projects/Graphene-Band-Structure-Quantum-Espresso/outputs/field_0/PBE-d3/top/data/ldos.pp.dat484

     Writing data to be plotted to file /home/ubuntu/projects/Graphene-Band-Structure-Quantum-Espresso/outputs/field_0/PBE-d3/top/data/ldos.pp.dat484.xsf
     Plot Type: 3D                     Output format: XCrySDen     
     Reading data from file  /home/ubuntu/projects/Graphene-Band-Structure-Quantum-Espresso/outputs/field_0/PBE-d3/top/data/ldos.pp.dat485

     Writing data to be plotted to file /home/ubuntu/projects/Graphene-Band-Structure-Quantum-Espresso/outputs/field_0/PBE-d3/top/data/ldos.pp.dat485.xsf
     Plot Type: 3D                     Output format: XCrySDen     
     Reading data from file  /home/ubuntu/projects/Graphene-Band-Structure-Quantum-Espresso/outputs/field_0/PBE-d3/top/data/ldos.pp.dat486

     Writing data to be plotted to file /home/ubuntu/projects/Graphene-Band-Structure-Quantum-Espresso/outputs/field_0/PBE-d3/top/data/ldos.pp.dat486.xsf
     Plot Type: 3D                     Output format: XCrySDen     
     Reading data from file  /home/ubuntu/projects/Graphene-Band-Structure-Quantum-Espresso/outputs/field_0/PBE-d3/top/data/ldos.pp.dat487

     Writing data to be plotted to file /home/ubuntu/projects/Graphene-Band-Structure-Quantum-Espresso/outputs/field_0/PBE-d3/top/data/ldos.pp.dat487.xsf
     Plot Type: 3D                     Output format: XCrySDen     
     Reading data from file  /home/ubuntu/projects/Graphene-Band-Structure-Quantum-Espresso/outputs/field_0/PBE-d3/top/data/ldos.pp.dat488

     Writing data to be plotted to file /home/ubuntu/projects/Graphene-Band-Structure-Quantum-Espresso/outputs/field_0/PBE-d3/top/data/ldos.pp.dat488.xsf
     Plot Type: 3D                     Output format: XCrySDen     
     Reading data from file  /home/ubuntu/projects/Graphene-Band-Structure-Quantum-Espresso/outputs/field_0/PBE-d3/top/data/ldos.pp.dat489

     Writing data to be plotted to file /home/ubuntu/projects/Graphene-Band-Structure-Quantum-Espresso/outputs/field_0/PBE-d3/top/data/ldos.pp.dat489.xsf
     Plot Type: 3D                     Output format: XCrySDen     
     Reading data from file  /home/ubuntu/projects/Graphene-Band-Structure-Quantum-Espresso/outputs/field_0/PBE-d3/top/data/ldos.pp.dat490

     Writing data to be plotted to file /home/ubuntu/projects/Graphene-Band-Structure-Quantum-Espresso/outputs/field_0/PBE-d3/top/data/ldos.pp.dat490.xsf
     Plot Type: 3D                     Output format: XCrySDen     
     Reading data from file  /home/ubuntu/projects/Graphene-Band-Structure-Quantum-Espresso/outputs/field_0/PBE-d3/top/data/ldos.pp.dat491

     Writing data to be plotted to file /home/ubuntu/projects/Graphene-Band-Structure-Quantum-Espresso/outputs/field_0/PBE-d3/top/data/ldos.pp.dat491.xsf
     Plot Type: 3D                     Output format: XCrySDen     
     Reading data from file  /home/ubuntu/projects/Graphene-Band-Structure-Quantum-Espresso/outputs/field_0/PBE-d3/top/data/ldos.pp.dat492

     Writing data to be plotted to file /home/ubuntu/projects/Graphene-Band-Structure-Quantum-Espresso/outputs/field_0/PBE-d3/top/data/ldos.pp.dat492.xsf
     Plot Type: 3D                     Output format: XCrySDen     
     Reading data from file  /home/ubuntu/projects/Graphene-Band-Structure-Quantum-Espresso/outputs/field_0/PBE-d3/top/data/ldos.pp.dat493

     Writing data to be plotted to file /home/ubuntu/projects/Graphene-Band-Structure-Quantum-Espresso/outputs/field_0/PBE-d3/top/data/ldos.pp.dat493.xsf
     Plot Type: 3D                     Output format: XCrySDen     
     Reading data from file  /home/ubuntu/projects/Graphene-Band-Structure-Quantum-Espresso/outputs/field_0/PBE-d3/top/data/ldos.pp.dat494

     Writing data to be plotted to file /home/ubuntu/projects/Graphene-Band-Structure-Quantum-Espresso/outputs/field_0/PBE-d3/top/data/ldos.pp.dat494.xsf
     Plot Type: 3D                     Output format: XCrySDen     
     Reading data from file  /home/ubuntu/projects/Graphene-Band-Structure-Quantum-Espresso/outputs/field_0/PBE-d3/top/data/ldos.pp.dat495

     Writing data to be plotted to file /home/ubuntu/projects/Graphene-Band-Structure-Quantum-Espresso/outputs/field_0/PBE-d3/top/data/ldos.pp.dat495.xsf
     Plot Type: 3D                     Output format: XCrySDen     
     Reading data from file  /home/ubuntu/projects/Graphene-Band-Structure-Quantum-Espresso/outputs/field_0/PBE-d3/top/data/ldos.pp.dat496

     Writing data to be plotted to file /home/ubuntu/projects/Graphene-Band-Structure-Quantum-Espresso/outputs/field_0/PBE-d3/top/data/ldos.pp.dat496.xsf
     Plot Type: 3D                     Output format: XCrySDen     
     Reading data from file  /home/ubuntu/projects/Graphene-Band-Structure-Quantum-Espresso/outputs/field_0/PBE-d3/top/data/ldos.pp.dat497

     Writing data to be plotted to file /home/ubuntu/projects/Graphene-Band-Structure-Quantum-Espresso/outputs/field_0/PBE-d3/top/data/ldos.pp.dat497.xsf
     Plot Type: 3D                     Output format: XCrySDen     
     Reading data from file  /home/ubuntu/projects/Graphene-Band-Structure-Quantum-Espresso/outputs/field_0/PBE-d3/top/data/ldos.pp.dat498

     Writing data to be plotted to file /home/ubuntu/projects/Graphene-Band-Structure-Quantum-Espresso/outputs/field_0/PBE-d3/top/data/ldos.pp.dat498.xsf
     Plot Type: 3D                     Output format: XCrySDen     
     Reading data from file  /home/ubuntu/projects/Graphene-Band-Structure-Quantum-Espresso/outputs/field_0/PBE-d3/top/data/ldos.pp.dat499

     Writing data to be plotted to file /home/ubuntu/projects/Graphene-Band-Structure-Quantum-Espresso/outputs/field_0/PBE-d3/top/data/ldos.pp.dat499.xsf
     Plot Type: 3D                     Output format: XCrySDen     
     Reading data from file  /home/ubuntu/projects/Graphene-Band-Structure-Quantum-Espresso/outputs/field_0/PBE-d3/top/data/ldos.pp.dat500

     Writing data to be plotted to file /home/ubuntu/projects/Graphene-Band-Structure-Quantum-Espresso/outputs/field_0/PBE-d3/top/data/ldos.pp.dat500.xsf
     Plot Type: 3D                     Output format: XCrySDen     
     Reading data from file  /home/ubuntu/projects/Graphene-Band-Structure-Quantum-Espresso/outputs/field_0/PBE-d3/top/data/ldos.pp.dat501

     Writing data to be plotted to file /home/ubuntu/projects/Graphene-Band-Structure-Quantum-Espresso/outputs/field_0/PBE-d3/top/data/ldos.pp.dat501.xsf
     Plot Type: 3D                     Output format: XCrySDen     
     Reading data from file  /home/ubuntu/projects/Graphene-Band-Structure-Quantum-Espresso/outputs/field_0/PBE-d3/top/data/ldos.pp.dat502

     Writing data to be plotted to file /home/ubuntu/projects/Graphene-Band-Structure-Quantum-Espresso/outputs/field_0/PBE-d3/top/data/ldos.pp.dat502.xsf
     Plot Type: 3D                     Output format: XCrySDen     
     Reading data from file  /home/ubuntu/projects/Graphene-Band-Structure-Quantum-Espresso/outputs/field_0/PBE-d3/top/data/ldos.pp.dat503

     Writing data to be plotted to file /home/ubuntu/projects/Graphene-Band-Structure-Quantum-Espresso/outputs/field_0/PBE-d3/top/data/ldos.pp.dat503.xsf
     Plot Type: 3D                     Output format: XCrySDen     
     Reading data from file  /home/ubuntu/projects/Graphene-Band-Structure-Quantum-Espresso/outputs/field_0/PBE-d3/top/data/ldos.pp.dat504

     Writing data to be plotted to file /home/ubuntu/projects/Graphene-Band-Structure-Quantum-Espresso/outputs/field_0/PBE-d3/top/data/ldos.pp.dat504.xsf
     Plot Type: 3D                     Output format: XCrySDen     
     Reading data from file  /home/ubuntu/projects/Graphene-Band-Structure-Quantum-Espresso/outputs/field_0/PBE-d3/top/data/ldos.pp.dat505

     Writing data to be plotted to file /home/ubuntu/projects/Graphene-Band-Structure-Quantum-Espresso/outputs/field_0/PBE-d3/top/data/ldos.pp.dat505.xsf
     Plot Type: 3D                     Output format: XCrySDen     
     Reading data from file  /home/ubuntu/projects/Graphene-Band-Structure-Quantum-Espresso/outputs/field_0/PBE-d3/top/data/ldos.pp.dat506

     Writing data to be plotted to file /home/ubuntu/projects/Graphene-Band-Structure-Quantum-Espresso/outputs/field_0/PBE-d3/top/data/ldos.pp.dat506.xsf
     Plot Type: 3D                     Output format: XCrySDen     
     Reading data from file  /home/ubuntu/projects/Graphene-Band-Structure-Quantum-Espresso/outputs/field_0/PBE-d3/top/data/ldos.pp.dat507

     Writing data to be plotted to file /home/ubuntu/projects/Graphene-Band-Structure-Quantum-Espresso/outputs/field_0/PBE-d3/top/data/ldos.pp.dat507.xsf
     Plot Type: 3D                     Output format: XCrySDen     
     Reading data from file  /home/ubuntu/projects/Graphene-Band-Structure-Quantum-Espresso/outputs/field_0/PBE-d3/top/data/ldos.pp.dat508

     Writing data to be plotted to file /home/ubuntu/projects/Graphene-Band-Structure-Quantum-Espresso/outputs/field_0/PBE-d3/top/data/ldos.pp.dat508.xsf
     Plot Type: 3D                     Output format: XCrySDen     
     Reading data from file  /home/ubuntu/projects/Graphene-Band-Structure-Quantum-Espresso/outputs/field_0/PBE-d3/top/data/ldos.pp.dat509

     Writing data to be plotted to file /home/ubuntu/projects/Graphene-Band-Structure-Quantum-Espresso/outputs/field_0/PBE-d3/top/data/ldos.pp.dat509.xsf
     Plot Type: 3D                     Output format: XCrySDen     
     Reading data from file  /home/ubuntu/projects/Graphene-Band-Structure-Quantum-Espresso/outputs/field_0/PBE-d3/top/data/ldos.pp.dat510

     Writing data to be plotted to file /home/ubuntu/projects/Graphene-Band-Structure-Quantum-Espresso/outputs/field_0/PBE-d3/top/data/ldos.pp.dat510.xsf
     Plot Type: 3D                     Output format: XCrySDen     
     Reading data from file  /home/ubuntu/projects/Graphene-Band-Structure-Quantum-Espresso/outputs/field_0/PBE-d3/top/data/ldos.pp.dat511

     Writing data to be plotted to file /home/ubuntu/projects/Graphene-Band-Structure-Quantum-Espresso/outputs/field_0/PBE-d3/top/data/ldos.pp.dat511.xsf
     Plot Type: 3D                     Output format: XCrySDen     
     Reading data from file  /home/ubuntu/projects/Graphene-Band-Structure-Quantum-Espresso/outputs/field_0/PBE-d3/top/data/ldos.pp.dat512

     Writing data to be plotted to file /home/ubuntu/projects/Graphene-Band-Structure-Quantum-Espresso/outputs/field_0/PBE-d3/top/data/ldos.pp.dat512.xsf
     Plot Type: 3D                     Output format: XCrySDen     
     Reading data from file  /home/ubuntu/projects/Graphene-Band-Structure-Quantum-Espresso/outputs/field_0/PBE-d3/top/data/ldos.pp.dat513

     Writing data to be plotted to file /home/ubuntu/projects/Graphene-Band-Structure-Quantum-Espresso/outputs/field_0/PBE-d3/top/data/ldos.pp.dat513.xsf
     Plot Type: 3D                     Output format: XCrySDen     
     Reading data from file  /home/ubuntu/projects/Graphene-Band-Structure-Quantum-Espresso/outputs/field_0/PBE-d3/top/data/ldos.pp.dat514

     Writing data to be plotted to file /home/ubuntu/projects/Graphene-Band-Structure-Quantum-Espresso/outputs/field_0/PBE-d3/top/data/ldos.pp.dat514.xsf
     Plot Type: 3D                     Output format: XCrySDen     
     Reading data from file  /home/ubuntu/projects/Graphene-Band-Structure-Quantum-Espresso/outputs/field_0/PBE-d3/top/data/ldos.pp.dat515

     Writing data to be plotted to file /home/ubuntu/projects/Graphene-Band-Structure-Quantum-Espresso/outputs/field_0/PBE-d3/top/data/ldos.pp.dat515.xsf
     Plot Type: 3D                     Output format: XCrySDen     
     Reading data from file  /home/ubuntu/projects/Graphene-Band-Structure-Quantum-Espresso/outputs/field_0/PBE-d3/top/data/ldos.pp.dat516

     Writing data to be plotted to file /home/ubuntu/projects/Graphene-Band-Structure-Quantum-Espresso/outputs/field_0/PBE-d3/top/data/ldos.pp.dat516.xsf
     Plot Type: 3D                     Output format: XCrySDen     
     Reading data from file  /home/ubuntu/projects/Graphene-Band-Structure-Quantum-Espresso/outputs/field_0/PBE-d3/top/data/ldos.pp.dat517

     Writing data to be plotted to file /home/ubuntu/projects/Graphene-Band-Structure-Quantum-Espresso/outputs/field_0/PBE-d3/top/data/ldos.pp.dat517.xsf
     Plot Type: 3D                     Output format: XCrySDen     
     Reading data from file  /home/ubuntu/projects/Graphene-Band-Structure-Quantum-Espresso/outputs/field_0/PBE-d3/top/data/ldos.pp.dat518

     Writing data to be plotted to file /home/ubuntu/projects/Graphene-Band-Structure-Quantum-Espresso/outputs/field_0/PBE-d3/top/data/ldos.pp.dat518.xsf
     Plot Type: 3D                     Output format: XCrySDen     
     Reading data from file  /home/ubuntu/projects/Graphene-Band-Structure-Quantum-Espresso/outputs/field_0/PBE-d3/top/data/ldos.pp.dat519

     Writing data to be plotted to file /home/ubuntu/projects/Graphene-Band-Structure-Quantum-Espresso/outputs/field_0/PBE-d3/top/data/ldos.pp.dat519.xsf
     Plot Type: 3D                     Output format: XCrySDen     
     Reading data from file  /home/ubuntu/projects/Graphene-Band-Structure-Quantum-Espresso/outputs/field_0/PBE-d3/top/data/ldos.pp.dat520

     Writing data to be plotted to file /home/ubuntu/projects/Graphene-Band-Structure-Quantum-Espresso/outputs/field_0/PBE-d3/top/data/ldos.pp.dat520.xsf
     Plot Type: 3D                     Output format: XCrySDen     
     Reading data from file  /home/ubuntu/projects/Graphene-Band-Structure-Quantum-Espresso/outputs/field_0/PBE-d3/top/data/ldos.pp.dat521

     Writing data to be plotted to file /home/ubuntu/projects/Graphene-Band-Structure-Quantum-Espresso/outputs/field_0/PBE-d3/top/data/ldos.pp.dat521.xsf
     Plot Type: 3D                     Output format: XCrySDen     
     Reading data from file  /home/ubuntu/projects/Graphene-Band-Structure-Quantum-Espresso/outputs/field_0/PBE-d3/top/data/ldos.pp.dat522

     Writing data to be plotted to file /home/ubuntu/projects/Graphene-Band-Structure-Quantum-Espresso/outputs/field_0/PBE-d3/top/data/ldos.pp.dat522.xsf
     Plot Type: 3D                     Output format: XCrySDen     
     Reading data from file  /home/ubuntu/projects/Graphene-Band-Structure-Quantum-Espresso/outputs/field_0/PBE-d3/top/data/ldos.pp.dat523

     Writing data to be plotted to file /home/ubuntu/projects/Graphene-Band-Structure-Quantum-Espresso/outputs/field_0/PBE-d3/top/data/ldos.pp.dat523.xsf
     Plot Type: 3D                     Output format: XCrySDen     
     Reading data from file  /home/ubuntu/projects/Graphene-Band-Structure-Quantum-Espresso/outputs/field_0/PBE-d3/top/data/ldos.pp.dat524

     Writing data to be plotted to file /home/ubuntu/projects/Graphene-Band-Structure-Quantum-Espresso/outputs/field_0/PBE-d3/top/data/ldos.pp.dat524.xsf
     Plot Type: 3D                     Output format: XCrySDen     
     Reading data from file  /home/ubuntu/projects/Graphene-Band-Structure-Quantum-Espresso/outputs/field_0/PBE-d3/top/data/ldos.pp.dat525

     Writing data to be plotted to file /home/ubuntu/projects/Graphene-Band-Structure-Quantum-Espresso/outputs/field_0/PBE-d3/top/data/ldos.pp.dat525.xsf
     Plot Type: 3D                     Output format: XCrySDen     
     Reading data from file  /home/ubuntu/projects/Graphene-Band-Structure-Quantum-Espresso/outputs/field_0/PBE-d3/top/data/ldos.pp.dat526

     Writing data to be plotted to file /home/ubuntu/projects/Graphene-Band-Structure-Quantum-Espresso/outputs/field_0/PBE-d3/top/data/ldos.pp.dat526.xsf
     Plot Type: 3D                     Output format: XCrySDen     
     Reading data from file  /home/ubuntu/projects/Graphene-Band-Structure-Quantum-Espresso/outputs/field_0/PBE-d3/top/data/ldos.pp.dat527

     Writing data to be plotted to file /home/ubuntu/projects/Graphene-Band-Structure-Quantum-Espresso/outputs/field_0/PBE-d3/top/data/ldos.pp.dat527.xsf
     Plot Type: 3D                     Output format: XCrySDen     
     Reading data from file  /home/ubuntu/projects/Graphene-Band-Structure-Quantum-Espresso/outputs/field_0/PBE-d3/top/data/ldos.pp.dat528

     Writing data to be plotted to file /home/ubuntu/projects/Graphene-Band-Structure-Quantum-Espresso/outputs/field_0/PBE-d3/top/data/ldos.pp.dat528.xsf
     Plot Type: 3D                     Output format: XCrySDen     
     Reading data from file  /home/ubuntu/projects/Graphene-Band-Structure-Quantum-Espresso/outputs/field_0/PBE-d3/top/data/ldos.pp.dat529

     Writing data to be plotted to file /home/ubuntu/projects/Graphene-Band-Structure-Quantum-Espresso/outputs/field_0/PBE-d3/top/data/ldos.pp.dat529.xsf
     Plot Type: 3D                     Output format: XCrySDen     
     Reading data from file  /home/ubuntu/projects/Graphene-Band-Structure-Quantum-Espresso/outputs/field_0/PBE-d3/top/data/ldos.pp.dat530

     Writing data to be plotted to file /home/ubuntu/projects/Graphene-Band-Structure-Quantum-Espresso/outputs/field_0/PBE-d3/top/data/ldos.pp.dat530.xsf
     Plot Type: 3D                     Output format: XCrySDen     
     Reading data from file  /home/ubuntu/projects/Graphene-Band-Structure-Quantum-Espresso/outputs/field_0/PBE-d3/top/data/ldos.pp.dat531

     Writing data to be plotted to file /home/ubuntu/projects/Graphene-Band-Structure-Quantum-Espresso/outputs/field_0/PBE-d3/top/data/ldos.pp.dat531.xsf
     Plot Type: 3D                     Output format: XCrySDen     
     Reading data from file  /home/ubuntu/projects/Graphene-Band-Structure-Quantum-Espresso/outputs/field_0/PBE-d3/top/data/ldos.pp.dat532

     Writing data to be plotted to file /home/ubuntu/projects/Graphene-Band-Structure-Quantum-Espresso/outputs/field_0/PBE-d3/top/data/ldos.pp.dat532.xsf
     Plot Type: 3D                     Output format: XCrySDen     
     Reading data from file  /home/ubuntu/projects/Graphene-Band-Structure-Quantum-Espresso/outputs/field_0/PBE-d3/top/data/ldos.pp.dat533

     Writing data to be plotted to file /home/ubuntu/projects/Graphene-Band-Structure-Quantum-Espresso/outputs/field_0/PBE-d3/top/data/ldos.pp.dat533.xsf
     Plot Type: 3D                     Output format: XCrySDen     
     Reading data from file  /home/ubuntu/projects/Graphene-Band-Structure-Quantum-Espresso/outputs/field_0/PBE-d3/top/data/ldos.pp.dat534

     Writing data to be plotted to file /home/ubuntu/projects/Graphene-Band-Structure-Quantum-Espresso/outputs/field_0/PBE-d3/top/data/ldos.pp.dat534.xsf
     Plot Type: 3D                     Output format: XCrySDen     
     Reading data from file  /home/ubuntu/projects/Graphene-Band-Structure-Quantum-Espresso/outputs/field_0/PBE-d3/top/data/ldos.pp.dat535

     Writing data to be plotted to file /home/ubuntu/projects/Graphene-Band-Structure-Quantum-Espresso/outputs/field_0/PBE-d3/top/data/ldos.pp.dat535.xsf
     Plot Type: 3D                     Output format: XCrySDen     
     Reading data from file  /home/ubuntu/projects/Graphene-Band-Structure-Quantum-Espresso/outputs/field_0/PBE-d3/top/data/ldos.pp.dat536

     Writing data to be plotted to file /home/ubuntu/projects/Graphene-Band-Structure-Quantum-Espresso/outputs/field_0/PBE-d3/top/data/ldos.pp.dat536.xsf
     Plot Type: 3D                     Output format: XCrySDen     
     Reading data from file  /home/ubuntu/projects/Graphene-Band-Structure-Quantum-Espresso/outputs/field_0/PBE-d3/top/data/ldos.pp.dat537

     Writing data to be plotted to file /home/ubuntu/projects/Graphene-Band-Structure-Quantum-Espresso/outputs/field_0/PBE-d3/top/data/ldos.pp.dat537.xsf
     Plot Type: 3D                     Output format: XCrySDen     
     Reading data from file  /home/ubuntu/projects/Graphene-Band-Structure-Quantum-Espresso/outputs/field_0/PBE-d3/top/data/ldos.pp.dat538

     Writing data to be plotted to file /home/ubuntu/projects/Graphene-Band-Structure-Quantum-Espresso/outputs/field_0/PBE-d3/top/data/ldos.pp.dat538.xsf
     Plot Type: 3D                     Output format: XCrySDen     
     Reading data from file  /home/ubuntu/projects/Graphene-Band-Structure-Quantum-Espresso/outputs/field_0/PBE-d3/top/data/ldos.pp.dat539

     Writing data to be plotted to file /home/ubuntu/projects/Graphene-Band-Structure-Quantum-Espresso/outputs/field_0/PBE-d3/top/data/ldos.pp.dat539.xsf
     Plot Type: 3D                     Output format: XCrySDen     
     Reading data from file  /home/ubuntu/projects/Graphene-Band-Structure-Quantum-Espresso/outputs/field_0/PBE-d3/top/data/ldos.pp.dat540

     Writing data to be plotted to file /home/ubuntu/projects/Graphene-Band-Structure-Quantum-Espresso/outputs/field_0/PBE-d3/top/data/ldos.pp.dat540.xsf
     Plot Type: 3D                     Output format: XCrySDen     
     Reading data from file  /home/ubuntu/projects/Graphene-Band-Structure-Quantum-Espresso/outputs/field_0/PBE-d3/top/data/ldos.pp.dat541

     Writing data to be plotted to file /home/ubuntu/projects/Graphene-Band-Structure-Quantum-Espresso/outputs/field_0/PBE-d3/top/data/ldos.pp.dat541.xsf
     Plot Type: 3D                     Output format: XCrySDen     
     Reading data from file  /home/ubuntu/projects/Graphene-Band-Structure-Quantum-Espresso/outputs/field_0/PBE-d3/top/data/ldos.pp.dat542

     Writing data to be plotted to file /home/ubuntu/projects/Graphene-Band-Structure-Quantum-Espresso/outputs/field_0/PBE-d3/top/data/ldos.pp.dat542.xsf
     Plot Type: 3D                     Output format: XCrySDen     
     Reading data from file  /home/ubuntu/projects/Graphene-Band-Structure-Quantum-Espresso/outputs/field_0/PBE-d3/top/data/ldos.pp.dat543

     Writing data to be plotted to file /home/ubuntu/projects/Graphene-Band-Structure-Quantum-Espresso/outputs/field_0/PBE-d3/top/data/ldos.pp.dat543.xsf
     Plot Type: 3D                     Output format: XCrySDen     
     Reading data from file  /home/ubuntu/projects/Graphene-Band-Structure-Quantum-Espresso/outputs/field_0/PBE-d3/top/data/ldos.pp.dat544

     Writing data to be plotted to file /home/ubuntu/projects/Graphene-Band-Structure-Quantum-Espresso/outputs/field_0/PBE-d3/top/data/ldos.pp.dat544.xsf
     Plot Type: 3D                     Output format: XCrySDen     
     Reading data from file  /home/ubuntu/projects/Graphene-Band-Structure-Quantum-Espresso/outputs/field_0/PBE-d3/top/data/ldos.pp.dat545

     Writing data to be plotted to file /home/ubuntu/projects/Graphene-Band-Structure-Quantum-Espresso/outputs/field_0/PBE-d3/top/data/ldos.pp.dat545.xsf
     Plot Type: 3D                     Output format: XCrySDen     
     Reading data from file  /home/ubuntu/projects/Graphene-Band-Structure-Quantum-Espresso/outputs/field_0/PBE-d3/top/data/ldos.pp.dat546

     Writing data to be plotted to file /home/ubuntu/projects/Graphene-Band-Structure-Quantum-Espresso/outputs/field_0/PBE-d3/top/data/ldos.pp.dat546.xsf
     Plot Type: 3D                     Output format: XCrySDen     
     Reading data from file  /home/ubuntu/projects/Graphene-Band-Structure-Quantum-Espresso/outputs/field_0/PBE-d3/top/data/ldos.pp.dat547

     Writing data to be plotted to file /home/ubuntu/projects/Graphene-Band-Structure-Quantum-Espresso/outputs/field_0/PBE-d3/top/data/ldos.pp.dat547.xsf
     Plot Type: 3D                     Output format: XCrySDen     
     Reading data from file  /home/ubuntu/projects/Graphene-Band-Structure-Quantum-Espresso/outputs/field_0/PBE-d3/top/data/ldos.pp.dat548

     Writing data to be plotted to file /home/ubuntu/projects/Graphene-Band-Structure-Quantum-Espresso/outputs/field_0/PBE-d3/top/data/ldos.pp.dat548.xsf
     Plot Type: 3D                     Output format: XCrySDen     
     Reading data from file  /home/ubuntu/projects/Graphene-Band-Structure-Quantum-Espresso/outputs/field_0/PBE-d3/top/data/ldos.pp.dat549

     Writing data to be plotted to file /home/ubuntu/projects/Graphene-Band-Structure-Quantum-Espresso/outputs/field_0/PBE-d3/top/data/ldos.pp.dat549.xsf
     Plot Type: 3D                     Output format: XCrySDen     
     Reading data from file  /home/ubuntu/projects/Graphene-Band-Structure-Quantum-Espresso/outputs/field_0/PBE-d3/top/data/ldos.pp.dat550

     Writing data to be plotted to file /home/ubuntu/projects/Graphene-Band-Structure-Quantum-Espresso/outputs/field_0/PBE-d3/top/data/ldos.pp.dat550.xsf
     Plot Type: 3D                     Output format: XCrySDen     
     Reading data from file  /home/ubuntu/projects/Graphene-Band-Structure-Quantum-Espresso/outputs/field_0/PBE-d3/top/data/ldos.pp.dat551

     Writing data to be plotted to file /home/ubuntu/projects/Graphene-Band-Structure-Quantum-Espresso/outputs/field_0/PBE-d3/top/data/ldos.pp.dat551.xsf
     Plot Type: 3D                     Output format: XCrySDen     
     Reading data from file  /home/ubuntu/projects/Graphene-Band-Structure-Quantum-Espresso/outputs/field_0/PBE-d3/top/data/ldos.pp.dat552

     Writing data to be plotted to file /home/ubuntu/projects/Graphene-Band-Structure-Quantum-Espresso/outputs/field_0/PBE-d3/top/data/ldos.pp.dat552.xsf
     Plot Type: 3D                     Output format: XCrySDen     
     Reading data from file  /home/ubuntu/projects/Graphene-Band-Structure-Quantum-Espresso/outputs/field_0/PBE-d3/top/data/ldos.pp.dat553

     Writing data to be plotted to file /home/ubuntu/projects/Graphene-Band-Structure-Quantum-Espresso/outputs/field_0/PBE-d3/top/data/ldos.pp.dat553.xsf
     Plot Type: 3D                     Output format: XCrySDen     
     Reading data from file  /home/ubuntu/projects/Graphene-Band-Structure-Quantum-Espresso/outputs/field_0/PBE-d3/top/data/ldos.pp.dat554

     Writing data to be plotted to file /home/ubuntu/projects/Graphene-Band-Structure-Quantum-Espresso/outputs/field_0/PBE-d3/top/data/ldos.pp.dat554.xsf
     Plot Type: 3D                     Output format: XCrySDen     
     Reading data from file  /home/ubuntu/projects/Graphene-Band-Structure-Quantum-Espresso/outputs/field_0/PBE-d3/top/data/ldos.pp.dat555

     Writing data to be plotted to file /home/ubuntu/projects/Graphene-Band-Structure-Quantum-Espresso/outputs/field_0/PBE-d3/top/data/ldos.pp.dat555.xsf
     Plot Type: 3D                     Output format: XCrySDen     
     Reading data from file  /home/ubuntu/projects/Graphene-Band-Structure-Quantum-Espresso/outputs/field_0/PBE-d3/top/data/ldos.pp.dat556

     Writing data to be plotted to file /home/ubuntu/projects/Graphene-Band-Structure-Quantum-Espresso/outputs/field_0/PBE-d3/top/data/ldos.pp.dat556.xsf
     Plot Type: 3D                     Output format: XCrySDen     
     Reading data from file  /home/ubuntu/projects/Graphene-Band-Structure-Quantum-Espresso/outputs/field_0/PBE-d3/top/data/ldos.pp.dat557

     Writing data to be plotted to file /home/ubuntu/projects/Graphene-Band-Structure-Quantum-Espresso/outputs/field_0/PBE-d3/top/data/ldos.pp.dat557.xsf
     Plot Type: 3D                     Output format: XCrySDen     
     Reading data from file  /home/ubuntu/projects/Graphene-Band-Structure-Quantum-Espresso/outputs/field_0/PBE-d3/top/data/ldos.pp.dat558

     Writing data to be plotted to file /home/ubuntu/projects/Graphene-Band-Structure-Quantum-Espresso/outputs/field_0/PBE-d3/top/data/ldos.pp.dat558.xsf
     Plot Type: 3D                     Output format: XCrySDen     
     Reading data from file  /home/ubuntu/projects/Graphene-Band-Structure-Quantum-Espresso/outputs/field_0/PBE-d3/top/data/ldos.pp.dat559

     Writing data to be plotted to file /home/ubuntu/projects/Graphene-Band-Structure-Quantum-Espresso/outputs/field_0/PBE-d3/top/data/ldos.pp.dat559.xsf
     Plot Type: 3D                     Output format: XCrySDen     
     Reading data from file  /home/ubuntu/projects/Graphene-Band-Structure-Quantum-Espresso/outputs/field_0/PBE-d3/top/data/ldos.pp.dat560

     Writing data to be plotted to file /home/ubuntu/projects/Graphene-Band-Structure-Quantum-Espresso/outputs/field_0/PBE-d3/top/data/ldos.pp.dat560.xsf
     Plot Type: 3D                     Output format: XCrySDen     
     Reading data from file  /home/ubuntu/projects/Graphene-Band-Structure-Quantum-Espresso/outputs/field_0/PBE-d3/top/data/ldos.pp.dat561

     Writing data to be plotted to file /home/ubuntu/projects/Graphene-Band-Structure-Quantum-Espresso/outputs/field_0/PBE-d3/top/data/ldos.pp.dat561.xsf
     Plot Type: 3D                     Output format: XCrySDen     
     Reading data from file  /home/ubuntu/projects/Graphene-Band-Structure-Quantum-Espresso/outputs/field_0/PBE-d3/top/data/ldos.pp.dat562

     Writing data to be plotted to file /home/ubuntu/projects/Graphene-Band-Structure-Quantum-Espresso/outputs/field_0/PBE-d3/top/data/ldos.pp.dat562.xsf
     Plot Type: 3D                     Output format: XCrySDen     
     Reading data from file  /home/ubuntu/projects/Graphene-Band-Structure-Quantum-Espresso/outputs/field_0/PBE-d3/top/data/ldos.pp.dat563

     Writing data to be plotted to file /home/ubuntu/projects/Graphene-Band-Structure-Quantum-Espresso/outputs/field_0/PBE-d3/top/data/ldos.pp.dat563.xsf
     Plot Type: 3D                     Output format: XCrySDen     
     Reading data from file  /home/ubuntu/projects/Graphene-Band-Structure-Quantum-Espresso/outputs/field_0/PBE-d3/top/data/ldos.pp.dat564

     Writing data to be plotted to file /home/ubuntu/projects/Graphene-Band-Structure-Quantum-Espresso/outputs/field_0/PBE-d3/top/data/ldos.pp.dat564.xsf
     Plot Type: 3D                     Output format: XCrySDen     
     Reading data from file  /home/ubuntu/projects/Graphene-Band-Structure-Quantum-Espresso/outputs/field_0/PBE-d3/top/data/ldos.pp.dat565

     Writing data to be plotted to file /home/ubuntu/projects/Graphene-Band-Structure-Quantum-Espresso/outputs/field_0/PBE-d3/top/data/ldos.pp.dat565.xsf
     Plot Type: 3D                     Output format: XCrySDen     
     Reading data from file  /home/ubuntu/projects/Graphene-Band-Structure-Quantum-Espresso/outputs/field_0/PBE-d3/top/data/ldos.pp.dat566

     Writing data to be plotted to file /home/ubuntu/projects/Graphene-Band-Structure-Quantum-Espresso/outputs/field_0/PBE-d3/top/data/ldos.pp.dat566.xsf
     Plot Type: 3D                     Output format: XCrySDen     
     Reading data from file  /home/ubuntu/projects/Graphene-Band-Structure-Quantum-Espresso/outputs/field_0/PBE-d3/top/data/ldos.pp.dat567

     Writing data to be plotted to file /home/ubuntu/projects/Graphene-Band-Structure-Quantum-Espresso/outputs/field_0/PBE-d3/top/data/ldos.pp.dat567.xsf
     Plot Type: 3D                     Output format: XCrySDen     
     Reading data from file  /home/ubuntu/projects/Graphene-Band-Structure-Quantum-Espresso/outputs/field_0/PBE-d3/top/data/ldos.pp.dat568

     Writing data to be plotted to file /home/ubuntu/projects/Graphene-Band-Structure-Quantum-Espresso/outputs/field_0/PBE-d3/top/data/ldos.pp.dat568.xsf
     Plot Type: 3D                     Output format: XCrySDen     
     Reading data from file  /home/ubuntu/projects/Graphene-Band-Structure-Quantum-Espresso/outputs/field_0/PBE-d3/top/data/ldos.pp.dat569

     Writing data to be plotted to file /home/ubuntu/projects/Graphene-Band-Structure-Quantum-Espresso/outputs/field_0/PBE-d3/top/data/ldos.pp.dat569.xsf
     Plot Type: 3D                     Output format: XCrySDen     
     Reading data from file  /home/ubuntu/projects/Graphene-Band-Structure-Quantum-Espresso/outputs/field_0/PBE-d3/top/data/ldos.pp.dat570

     Writing data to be plotted to file /home/ubuntu/projects/Graphene-Band-Structure-Quantum-Espresso/outputs/field_0/PBE-d3/top/data/ldos.pp.dat570.xsf
     Plot Type: 3D                     Output format: XCrySDen     
     Reading data from file  /home/ubuntu/projects/Graphene-Band-Structure-Quantum-Espresso/outputs/field_0/PBE-d3/top/data/ldos.pp.dat571

     Writing data to be plotted to file /home/ubuntu/projects/Graphene-Band-Structure-Quantum-Espresso/outputs/field_0/PBE-d3/top/data/ldos.pp.dat571.xsf
     Plot Type: 3D                     Output format: XCrySDen     
     Reading data from file  /home/ubuntu/projects/Graphene-Band-Structure-Quantum-Espresso/outputs/field_0/PBE-d3/top/data/ldos.pp.dat572

     Writing data to be plotted to file /home/ubuntu/projects/Graphene-Band-Structure-Quantum-Espresso/outputs/field_0/PBE-d3/top/data/ldos.pp.dat572.xsf
     Plot Type: 3D                     Output format: XCrySDen     
     Reading data from file  /home/ubuntu/projects/Graphene-Band-Structure-Quantum-Espresso/outputs/field_0/PBE-d3/top/data/ldos.pp.dat573

     Writing data to be plotted to file /home/ubuntu/projects/Graphene-Band-Structure-Quantum-Espresso/outputs/field_0/PBE-d3/top/data/ldos.pp.dat573.xsf
     Plot Type: 3D                     Output format: XCrySDen     
     Reading data from file  /home/ubuntu/projects/Graphene-Band-Structure-Quantum-Espresso/outputs/field_0/PBE-d3/top/data/ldos.pp.dat574

     Writing data to be plotted to file /home/ubuntu/projects/Graphene-Band-Structure-Quantum-Espresso/outputs/field_0/PBE-d3/top/data/ldos.pp.dat574.xsf
     Plot Type: 3D                     Output format: XCrySDen     
     Reading data from file  /home/ubuntu/projects/Graphene-Band-Structure-Quantum-Espresso/outputs/field_0/PBE-d3/top/data/ldos.pp.dat575

     Writing data to be plotted to file /home/ubuntu/projects/Graphene-Band-Structure-Quantum-Espresso/outputs/field_0/PBE-d3/top/data/ldos.pp.dat575.xsf
     Plot Type: 3D                     Output format: XCrySDen     
     Reading data from file  /home/ubuntu/projects/Graphene-Band-Structure-Quantum-Espresso/outputs/field_0/PBE-d3/top/data/ldos.pp.dat576

     Writing data to be plotted to file /home/ubuntu/projects/Graphene-Band-Structure-Quantum-Espresso/outputs/field_0/PBE-d3/top/data/ldos.pp.dat576.xsf
     Plot Type: 3D                     Output format: XCrySDen     
     Reading data from file  /home/ubuntu/projects/Graphene-Band-Structure-Quantum-Espresso/outputs/field_0/PBE-d3/top/data/ldos.pp.dat577

     Writing data to be plotted to file /home/ubuntu/projects/Graphene-Band-Structure-Quantum-Espresso/outputs/field_0/PBE-d3/top/data/ldos.pp.dat577.xsf
     Plot Type: 3D                     Output format: XCrySDen     
     Reading data from file  /home/ubuntu/projects/Graphene-Band-Structure-Quantum-Espresso/outputs/field_0/PBE-d3/top/data/ldos.pp.dat578

     Writing data to be plotted to file /home/ubuntu/projects/Graphene-Band-Structure-Quantum-Espresso/outputs/field_0/PBE-d3/top/data/ldos.pp.dat578.xsf
     Plot Type: 3D                     Output format: XCrySDen     
     Reading data from file  /home/ubuntu/projects/Graphene-Band-Structure-Quantum-Espresso/outputs/field_0/PBE-d3/top/data/ldos.pp.dat579

     Writing data to be plotted to file /home/ubuntu/projects/Graphene-Band-Structure-Quantum-Espresso/outputs/field_0/PBE-d3/top/data/ldos.pp.dat579.xsf
     Plot Type: 3D                     Output format: XCrySDen     
     Reading data from file  /home/ubuntu/projects/Graphene-Band-Structure-Quantum-Espresso/outputs/field_0/PBE-d3/top/data/ldos.pp.dat580

     Writing data to be plotted to file /home/ubuntu/projects/Graphene-Band-Structure-Quantum-Espresso/outputs/field_0/PBE-d3/top/data/ldos.pp.dat580.xsf
     Plot Type: 3D                     Output format: XCrySDen     
     Reading data from file  /home/ubuntu/projects/Graphene-Band-Structure-Quantum-Espresso/outputs/field_0/PBE-d3/top/data/ldos.pp.dat581

     Writing data to be plotted to file /home/ubuntu/projects/Graphene-Band-Structure-Quantum-Espresso/outputs/field_0/PBE-d3/top/data/ldos.pp.dat581.xsf
     Plot Type: 3D                     Output format: XCrySDen     
     Reading data from file  /home/ubuntu/projects/Graphene-Band-Structure-Quantum-Espresso/outputs/field_0/PBE-d3/top/data/ldos.pp.dat582

     Writing data to be plotted to file /home/ubuntu/projects/Graphene-Band-Structure-Quantum-Espresso/outputs/field_0/PBE-d3/top/data/ldos.pp.dat582.xsf
     Plot Type: 3D                     Output format: XCrySDen     
     Reading data from file  /home/ubuntu/projects/Graphene-Band-Structure-Quantum-Espresso/outputs/field_0/PBE-d3/top/data/ldos.pp.dat583

     Writing data to be plotted to file /home/ubuntu/projects/Graphene-Band-Structure-Quantum-Espresso/outputs/field_0/PBE-d3/top/data/ldos.pp.dat583.xsf
     Plot Type: 3D                     Output format: XCrySDen     
     Reading data from file  /home/ubuntu/projects/Graphene-Band-Structure-Quantum-Espresso/outputs/field_0/PBE-d3/top/data/ldos.pp.dat584

     Writing data to be plotted to file /home/ubuntu/projects/Graphene-Band-Structure-Quantum-Espresso/outputs/field_0/PBE-d3/top/data/ldos.pp.dat584.xsf
     Plot Type: 3D                     Output format: XCrySDen     
     Reading data from file  /home/ubuntu/projects/Graphene-Band-Structure-Quantum-Espresso/outputs/field_0/PBE-d3/top/data/ldos.pp.dat585

     Writing data to be plotted to file /home/ubuntu/projects/Graphene-Band-Structure-Quantum-Espresso/outputs/field_0/PBE-d3/top/data/ldos.pp.dat585.xsf
     Plot Type: 3D                     Output format: XCrySDen     
     Reading data from file  /home/ubuntu/projects/Graphene-Band-Structure-Quantum-Espresso/outputs/field_0/PBE-d3/top/data/ldos.pp.dat586

     Writing data to be plotted to file /home/ubuntu/projects/Graphene-Band-Structure-Quantum-Espresso/outputs/field_0/PBE-d3/top/data/ldos.pp.dat586.xsf
     Plot Type: 3D                     Output format: XCrySDen     
     Reading data from file  /home/ubuntu/projects/Graphene-Band-Structure-Quantum-Espresso/outputs/field_0/PBE-d3/top/data/ldos.pp.dat587

     Writing data to be plotted to file /home/ubuntu/projects/Graphene-Band-Structure-Quantum-Espresso/outputs/field_0/PBE-d3/top/data/ldos.pp.dat587.xsf
     Plot Type: 3D                     Output format: XCrySDen     
     Reading data from file  /home/ubuntu/projects/Graphene-Band-Structure-Quantum-Espresso/outputs/field_0/PBE-d3/top/data/ldos.pp.dat588

     Writing data to be plotted to file /home/ubuntu/projects/Graphene-Band-Structure-Quantum-Espresso/outputs/field_0/PBE-d3/top/data/ldos.pp.dat588.xsf
     Plot Type: 3D                     Output format: XCrySDen     
     Reading data from file  /home/ubuntu/projects/Graphene-Band-Structure-Quantum-Espresso/outputs/field_0/PBE-d3/top/data/ldos.pp.dat589

     Writing data to be plotted to file /home/ubuntu/projects/Graphene-Band-Structure-Quantum-Espresso/outputs/field_0/PBE-d3/top/data/ldos.pp.dat589.xsf
     Plot Type: 3D                     Output format: XCrySDen     
     Reading data from file  /home/ubuntu/projects/Graphene-Band-Structure-Quantum-Espresso/outputs/field_0/PBE-d3/top/data/ldos.pp.dat590

     Writing data to be plotted to file /home/ubuntu/projects/Graphene-Band-Structure-Quantum-Espresso/outputs/field_0/PBE-d3/top/data/ldos.pp.dat590.xsf
     Plot Type: 3D                     Output format: XCrySDen     
     Reading data from file  /home/ubuntu/projects/Graphene-Band-Structure-Quantum-Espresso/outputs/field_0/PBE-d3/top/data/ldos.pp.dat591

     Writing data to be plotted to file /home/ubuntu/projects/Graphene-Band-Structure-Quantum-Espresso/outputs/field_0/PBE-d3/top/data/ldos.pp.dat591.xsf
     Plot Type: 3D                     Output format: XCrySDen     
     Reading data from file  /home/ubuntu/projects/Graphene-Band-Structure-Quantum-Espresso/outputs/field_0/PBE-d3/top/data/ldos.pp.dat592

     Writing data to be plotted to file /home/ubuntu/projects/Graphene-Band-Structure-Quantum-Espresso/outputs/field_0/PBE-d3/top/data/ldos.pp.dat592.xsf
     Plot Type: 3D                     Output format: XCrySDen     
     Reading data from file  /home/ubuntu/projects/Graphene-Band-Structure-Quantum-Espresso/outputs/field_0/PBE-d3/top/data/ldos.pp.dat593

     Writing data to be plotted to file /home/ubuntu/projects/Graphene-Band-Structure-Quantum-Espresso/outputs/field_0/PBE-d3/top/data/ldos.pp.dat593.xsf
     Plot Type: 3D                     Output format: XCrySDen     
     Reading data from file  /home/ubuntu/projects/Graphene-Band-Structure-Quantum-Espresso/outputs/field_0/PBE-d3/top/data/ldos.pp.dat594

     Writing data to be plotted to file /home/ubuntu/projects/Graphene-Band-Structure-Quantum-Espresso/outputs/field_0/PBE-d3/top/data/ldos.pp.dat594.xsf
     Plot Type: 3D                     Output format: XCrySDen     
     Reading data from file  /home/ubuntu/projects/Graphene-Band-Structure-Quantum-Espresso/outputs/field_0/PBE-d3/top/data/ldos.pp.dat595

     Writing data to be plotted to file /home/ubuntu/projects/Graphene-Band-Structure-Quantum-Espresso/outputs/field_0/PBE-d3/top/data/ldos.pp.dat595.xsf
     Plot Type: 3D                     Output format: XCrySDen     
     Reading data from file  /home/ubuntu/projects/Graphene-Band-Structure-Quantum-Espresso/outputs/field_0/PBE-d3/top/data/ldos.pp.dat596

     Writing data to be plotted to file /home/ubuntu/projects/Graphene-Band-Structure-Quantum-Espresso/outputs/field_0/PBE-d3/top/data/ldos.pp.dat596.xsf
     Plot Type: 3D                     Output format: XCrySDen     
     Reading data from file  /home/ubuntu/projects/Graphene-Band-Structure-Quantum-Espresso/outputs/field_0/PBE-d3/top/data/ldos.pp.dat597

     Writing data to be plotted to file /home/ubuntu/projects/Graphene-Band-Structure-Quantum-Espresso/outputs/field_0/PBE-d3/top/data/ldos.pp.dat597.xsf
     Plot Type: 3D                     Output format: XCrySDen     
     Reading data from file  /home/ubuntu/projects/Graphene-Band-Structure-Quantum-Espresso/outputs/field_0/PBE-d3/top/data/ldos.pp.dat598

     Writing data to be plotted to file /home/ubuntu/projects/Graphene-Band-Structure-Quantum-Espresso/outputs/field_0/PBE-d3/top/data/ldos.pp.dat598.xsf
     Plot Type: 3D                     Output format: XCrySDen     
     Reading data from file  /home/ubuntu/projects/Graphene-Band-Structure-Quantum-Espresso/outputs/field_0/PBE-d3/top/data/ldos.pp.dat599

     Writing data to be plotted to file /home/ubuntu/projects/Graphene-Band-Structure-Quantum-Espresso/outputs/field_0/PBE-d3/top/data/ldos.pp.dat599.xsf
     Plot Type: 3D                     Output format: XCrySDen     
     Reading data from file  /home/ubuntu/projects/Graphene-Band-Structure-Quantum-Espresso/outputs/field_0/PBE-d3/top/data/ldos.pp.dat600

     Writing data to be plotted to file /home/ubuntu/projects/Graphene-Band-Structure-Quantum-Espresso/outputs/field_0/PBE-d3/top/data/ldos.pp.dat600.xsf
     Plot Type: 3D                     Output format: XCrySDen     
     Reading data from file  /home/ubuntu/projects/Graphene-Band-Structure-Quantum-Espresso/outputs/field_0/PBE-d3/top/data/ldos.pp.dat601

     Writing data to be plotted to file /home/ubuntu/projects/Graphene-Band-Structure-Quantum-Espresso/outputs/field_0/PBE-d3/top/data/ldos.pp.dat601.xsf
     Plot Type: 3D                     Output format: XCrySDen     
     Reading data from file  /home/ubuntu/projects/Graphene-Band-Structure-Quantum-Espresso/outputs/field_0/PBE-d3/top/data/ldos.pp.dat602

     Writing data to be plotted to file /home/ubuntu/projects/Graphene-Band-Structure-Quantum-Espresso/outputs/field_0/PBE-d3/top/data/ldos.pp.dat602.xsf
     Plot Type: 3D                     Output format: XCrySDen     
     Reading data from file  /home/ubuntu/projects/Graphene-Band-Structure-Quantum-Espresso/outputs/field_0/PBE-d3/top/data/ldos.pp.dat603

     Writing data to be plotted to file /home/ubuntu/projects/Graphene-Band-Structure-Quantum-Espresso/outputs/field_0/PBE-d3/top/data/ldos.pp.dat603.xsf
     Plot Type: 3D                     Output format: XCrySDen     
     Reading data from file  /home/ubuntu/projects/Graphene-Band-Structure-Quantum-Espresso/outputs/field_0/PBE-d3/top/data/ldos.pp.dat604

     Writing data to be plotted to file /home/ubuntu/projects/Graphene-Band-Structure-Quantum-Espresso/outputs/field_0/PBE-d3/top/data/ldos.pp.dat604.xsf
     Plot Type: 3D                     Output format: XCrySDen     
     Reading data from file  /home/ubuntu/projects/Graphene-Band-Structure-Quantum-Espresso/outputs/field_0/PBE-d3/top/data/ldos.pp.dat605

     Writing data to be plotted to file /home/ubuntu/projects/Graphene-Band-Structure-Quantum-Espresso/outputs/field_0/PBE-d3/top/data/ldos.pp.dat605.xsf
     Plot Type: 3D                     Output format: XCrySDen     
     Reading data from file  /home/ubuntu/projects/Graphene-Band-Structure-Quantum-Espresso/outputs/field_0/PBE-d3/top/data/ldos.pp.dat606

     Writing data to be plotted to file /home/ubuntu/projects/Graphene-Band-Structure-Quantum-Espresso/outputs/field_0/PBE-d3/top/data/ldos.pp.dat606.xsf
     Plot Type: 3D                     Output format: XCrySDen     
     Reading data from file  /home/ubuntu/projects/Graphene-Band-Structure-Quantum-Espresso/outputs/field_0/PBE-d3/top/data/ldos.pp.dat607

     Writing data to be plotted to file /home/ubuntu/projects/Graphene-Band-Structure-Quantum-Espresso/outputs/field_0/PBE-d3/top/data/ldos.pp.dat607.xsf
     Plot Type: 3D                     Output format: XCrySDen     
     Reading data from file  /home/ubuntu/projects/Graphene-Band-Structure-Quantum-Espresso/outputs/field_0/PBE-d3/top/data/ldos.pp.dat608

     Writing data to be plotted to file /home/ubuntu/projects/Graphene-Band-Structure-Quantum-Espresso/outputs/field_0/PBE-d3/top/data/ldos.pp.dat608.xsf
     Plot Type: 3D                     Output format: XCrySDen     
     Reading data from file  /home/ubuntu/projects/Graphene-Band-Structure-Quantum-Espresso/outputs/field_0/PBE-d3/top/data/ldos.pp.dat609

     Writing data to be plotted to file /home/ubuntu/projects/Graphene-Band-Structure-Quantum-Espresso/outputs/field_0/PBE-d3/top/data/ldos.pp.dat609.xsf
     Plot Type: 3D                     Output format: XCrySDen     
     Reading data from file  /home/ubuntu/projects/Graphene-Band-Structure-Quantum-Espresso/outputs/field_0/PBE-d3/top/data/ldos.pp.dat610

     Writing data to be plotted to file /home/ubuntu/projects/Graphene-Band-Structure-Quantum-Espresso/outputs/field_0/PBE-d3/top/data/ldos.pp.dat610.xsf
     Plot Type: 3D                     Output format: XCrySDen     
     Reading data from file  /home/ubuntu/projects/Graphene-Band-Structure-Quantum-Espresso/outputs/field_0/PBE-d3/top/data/ldos.pp.dat611

     Writing data to be plotted to file /home/ubuntu/projects/Graphene-Band-Structure-Quantum-Espresso/outputs/field_0/PBE-d3/top/data/ldos.pp.dat611.xsf
     Plot Type: 3D                     Output format: XCrySDen     
     Reading data from file  /home/ubuntu/projects/Graphene-Band-Structure-Quantum-Espresso/outputs/field_0/PBE-d3/top/data/ldos.pp.dat612

     Writing data to be plotted to file /home/ubuntu/projects/Graphene-Band-Structure-Quantum-Espresso/outputs/field_0/PBE-d3/top/data/ldos.pp.dat612.xsf
     Plot Type: 3D                     Output format: XCrySDen     
     Reading data from file  /home/ubuntu/projects/Graphene-Band-Structure-Quantum-Espresso/outputs/field_0/PBE-d3/top/data/ldos.pp.dat613

     Writing data to be plotted to file /home/ubuntu/projects/Graphene-Band-Structure-Quantum-Espresso/outputs/field_0/PBE-d3/top/data/ldos.pp.dat613.xsf
     Plot Type: 3D                     Output format: XCrySDen     
     Reading data from file  /home/ubuntu/projects/Graphene-Band-Structure-Quantum-Espresso/outputs/field_0/PBE-d3/top/data/ldos.pp.dat614

     Writing data to be plotted to file /home/ubuntu/projects/Graphene-Band-Structure-Quantum-Espresso/outputs/field_0/PBE-d3/top/data/ldos.pp.dat614.xsf
     Plot Type: 3D                     Output format: XCrySDen     
     Reading data from file  /home/ubuntu/projects/Graphene-Band-Structure-Quantum-Espresso/outputs/field_0/PBE-d3/top/data/ldos.pp.dat615

     Writing data to be plotted to file /home/ubuntu/projects/Graphene-Band-Structure-Quantum-Espresso/outputs/field_0/PBE-d3/top/data/ldos.pp.dat615.xsf
     Plot Type: 3D                     Output format: XCrySDen     
     Reading data from file  /home/ubuntu/projects/Graphene-Band-Structure-Quantum-Espresso/outputs/field_0/PBE-d3/top/data/ldos.pp.dat616

     Writing data to be plotted to file /home/ubuntu/projects/Graphene-Band-Structure-Quantum-Espresso/outputs/field_0/PBE-d3/top/data/ldos.pp.dat616.xsf
     Plot Type: 3D                     Output format: XCrySDen     
     Reading data from file  /home/ubuntu/projects/Graphene-Band-Structure-Quantum-Espresso/outputs/field_0/PBE-d3/top/data/ldos.pp.dat617

     Writing data to be plotted to file /home/ubuntu/projects/Graphene-Band-Structure-Quantum-Espresso/outputs/field_0/PBE-d3/top/data/ldos.pp.dat617.xsf
     Plot Type: 3D                     Output format: XCrySDen     
     Reading data from file  /home/ubuntu/projects/Graphene-Band-Structure-Quantum-Espresso/outputs/field_0/PBE-d3/top/data/ldos.pp.dat618

     Writing data to be plotted to file /home/ubuntu/projects/Graphene-Band-Structure-Quantum-Espresso/outputs/field_0/PBE-d3/top/data/ldos.pp.dat618.xsf
     Plot Type: 3D                     Output format: XCrySDen     
     Reading data from file  /home/ubuntu/projects/Graphene-Band-Structure-Quantum-Espresso/outputs/field_0/PBE-d3/top/data/ldos.pp.dat619

     Writing data to be plotted to file /home/ubuntu/projects/Graphene-Band-Structure-Quantum-Espresso/outputs/field_0/PBE-d3/top/data/ldos.pp.dat619.xsf
     Plot Type: 3D                     Output format: XCrySDen     
     Reading data from file  /home/ubuntu/projects/Graphene-Band-Structure-Quantum-Espresso/outputs/field_0/PBE-d3/top/data/ldos.pp.dat620

     Writing data to be plotted to file /home/ubuntu/projects/Graphene-Band-Structure-Quantum-Espresso/outputs/field_0/PBE-d3/top/data/ldos.pp.dat620.xsf
     Plot Type: 3D                     Output format: XCrySDen     
     Reading data from file  /home/ubuntu/projects/Graphene-Band-Structure-Quantum-Espresso/outputs/field_0/PBE-d3/top/data/ldos.pp.dat621

     Writing data to be plotted to file /home/ubuntu/projects/Graphene-Band-Structure-Quantum-Espresso/outputs/field_0/PBE-d3/top/data/ldos.pp.dat621.xsf
     Plot Type: 3D                     Output format: XCrySDen     
     Reading data from file  /home/ubuntu/projects/Graphene-Band-Structure-Quantum-Espresso/outputs/field_0/PBE-d3/top/data/ldos.pp.dat622

     Writing data to be plotted to file /home/ubuntu/projects/Graphene-Band-Structure-Quantum-Espresso/outputs/field_0/PBE-d3/top/data/ldos.pp.dat622.xsf
     Plot Type: 3D                     Output format: XCrySDen     
     Reading data from file  /home/ubuntu/projects/Graphene-Band-Structure-Quantum-Espresso/outputs/field_0/PBE-d3/top/data/ldos.pp.dat623

     Writing data to be plotted to file /home/ubuntu/projects/Graphene-Band-Structure-Quantum-Espresso/outputs/field_0/PBE-d3/top/data/ldos.pp.dat623.xsf
     Plot Type: 3D                     Output format: XCrySDen     
     Reading data from file  /home/ubuntu/projects/Graphene-Band-Structure-Quantum-Espresso/outputs/field_0/PBE-d3/top/data/ldos.pp.dat624

     Writing data to be plotted to file /home/ubuntu/projects/Graphene-Band-Structure-Quantum-Espresso/outputs/field_0/PBE-d3/top/data/ldos.pp.dat624.xsf
     Plot Type: 3D                     Output format: XCrySDen     
     Reading data from file  /home/ubuntu/projects/Graphene-Band-Structure-Quantum-Espresso/outputs/field_0/PBE-d3/top/data/ldos.pp.dat625

     Writing data to be plotted to file /home/ubuntu/projects/Graphene-Band-Structure-Quantum-Espresso/outputs/field_0/PBE-d3/top/data/ldos.pp.dat625.xsf
     Plot Type: 3D                     Output format: XCrySDen     
     Reading data from file  /home/ubuntu/projects/Graphene-Band-Structure-Quantum-Espresso/outputs/field_0/PBE-d3/top/data/ldos.pp.dat626

     Writing data to be plotted to file /home/ubuntu/projects/Graphene-Band-Structure-Quantum-Espresso/outputs/field_0/PBE-d3/top/data/ldos.pp.dat626.xsf
     Plot Type: 3D                     Output format: XCrySDen     
     Reading data from file  /home/ubuntu/projects/Graphene-Band-Structure-Quantum-Espresso/outputs/field_0/PBE-d3/top/data/ldos.pp.dat627

     Writing data to be plotted to file /home/ubuntu/projects/Graphene-Band-Structure-Quantum-Espresso/outputs/field_0/PBE-d3/top/data/ldos.pp.dat627.xsf
     Plot Type: 3D                     Output format: XCrySDen     
     Reading data from file  /home/ubuntu/projects/Graphene-Band-Structure-Quantum-Espresso/outputs/field_0/PBE-d3/top/data/ldos.pp.dat628

     Writing data to be plotted to file /home/ubuntu/projects/Graphene-Band-Structure-Quantum-Espresso/outputs/field_0/PBE-d3/top/data/ldos.pp.dat628.xsf
     Plot Type: 3D                     Output format: XCrySDen     
     Reading data from file  /home/ubuntu/projects/Graphene-Band-Structure-Quantum-Espresso/outputs/field_0/PBE-d3/top/data/ldos.pp.dat629

     Writing data to be plotted to file /home/ubuntu/projects/Graphene-Band-Structure-Quantum-Espresso/outputs/field_0/PBE-d3/top/data/ldos.pp.dat629.xsf
     Plot Type: 3D                     Output format: XCrySDen     
     Reading data from file  /home/ubuntu/projects/Graphene-Band-Structure-Quantum-Espresso/outputs/field_0/PBE-d3/top/data/ldos.pp.dat630

     Writing data to be plotted to file /home/ubuntu/projects/Graphene-Band-Structure-Quantum-Espresso/outputs/field_0/PBE-d3/top/data/ldos.pp.dat630.xsf
     Plot Type: 3D                     Output format: XCrySDen     
     Reading data from file  /home/ubuntu/projects/Graphene-Band-Structure-Quantum-Espresso/outputs/field_0/PBE-d3/top/data/ldos.pp.dat631

     Writing data to be plotted to file /home/ubuntu/projects/Graphene-Band-Structure-Quantum-Espresso/outputs/field_0/PBE-d3/top/data/ldos.pp.dat631.xsf
     Plot Type: 3D                     Output format: XCrySDen     
     Reading data from file  /home/ubuntu/projects/Graphene-Band-Structure-Quantum-Espresso/outputs/field_0/PBE-d3/top/data/ldos.pp.dat632

     Writing data to be plotted to file /home/ubuntu/projects/Graphene-Band-Structure-Quantum-Espresso/outputs/field_0/PBE-d3/top/data/ldos.pp.dat632.xsf
     Plot Type: 3D                     Output format: XCrySDen     
     Reading data from file  /home/ubuntu/projects/Graphene-Band-Structure-Quantum-Espresso/outputs/field_0/PBE-d3/top/data/ldos.pp.dat633

     Writing data to be plotted to file /home/ubuntu/projects/Graphene-Band-Structure-Quantum-Espresso/outputs/field_0/PBE-d3/top/data/ldos.pp.dat633.xsf
     Plot Type: 3D                     Output format: XCrySDen     
     Reading data from file  /home/ubuntu/projects/Graphene-Band-Structure-Quantum-Espresso/outputs/field_0/PBE-d3/top/data/ldos.pp.dat634

     Writing data to be plotted to file /home/ubuntu/projects/Graphene-Band-Structure-Quantum-Espresso/outputs/field_0/PBE-d3/top/data/ldos.pp.dat634.xsf
     Plot Type: 3D                     Output format: XCrySDen     
     Reading data from file  /home/ubuntu/projects/Graphene-Band-Structure-Quantum-Espresso/outputs/field_0/PBE-d3/top/data/ldos.pp.dat635

     Writing data to be plotted to file /home/ubuntu/projects/Graphene-Band-Structure-Quantum-Espresso/outputs/field_0/PBE-d3/top/data/ldos.pp.dat635.xsf
     Plot Type: 3D                     Output format: XCrySDen     
     Reading data from file  /home/ubuntu/projects/Graphene-Band-Structure-Quantum-Espresso/outputs/field_0/PBE-d3/top/data/ldos.pp.dat636

     Writing data to be plotted to file /home/ubuntu/projects/Graphene-Band-Structure-Quantum-Espresso/outputs/field_0/PBE-d3/top/data/ldos.pp.dat636.xsf
     Plot Type: 3D                     Output format: XCrySDen     
     Reading data from file  /home/ubuntu/projects/Graphene-Band-Structure-Quantum-Espresso/outputs/field_0/PBE-d3/top/data/ldos.pp.dat637

     Writing data to be plotted to file /home/ubuntu/projects/Graphene-Band-Structure-Quantum-Espresso/outputs/field_0/PBE-d3/top/data/ldos.pp.dat637.xsf
     Plot Type: 3D                     Output format: XCrySDen     
     Reading data from file  /home/ubuntu/projects/Graphene-Band-Structure-Quantum-Espresso/outputs/field_0/PBE-d3/top/data/ldos.pp.dat638

     Writing data to be plotted to file /home/ubuntu/projects/Graphene-Band-Structure-Quantum-Espresso/outputs/field_0/PBE-d3/top/data/ldos.pp.dat638.xsf
     Plot Type: 3D                     Output format: XCrySDen     
     Reading data from file  /home/ubuntu/projects/Graphene-Band-Structure-Quantum-Espresso/outputs/field_0/PBE-d3/top/data/ldos.pp.dat639

     Writing data to be plotted to file /home/ubuntu/projects/Graphene-Band-Structure-Quantum-Espresso/outputs/field_0/PBE-d3/top/data/ldos.pp.dat639.xsf
     Plot Type: 3D                     Output format: XCrySDen     
     Reading data from file  /home/ubuntu/projects/Graphene-Band-Structure-Quantum-Espresso/outputs/field_0/PBE-d3/top/data/ldos.pp.dat640

     Writing data to be plotted to file /home/ubuntu/projects/Graphene-Band-Structure-Quantum-Espresso/outputs/field_0/PBE-d3/top/data/ldos.pp.dat640.xsf
     Plot Type: 3D                     Output format: XCrySDen     
     Reading data from file  /home/ubuntu/projects/Graphene-Band-Structure-Quantum-Espresso/outputs/field_0/PBE-d3/top/data/ldos.pp.dat641

     Writing data to be plotted to file /home/ubuntu/projects/Graphene-Band-Structure-Quantum-Espresso/outputs/field_0/PBE-d3/top/data/ldos.pp.dat641.xsf
     Plot Type: 3D                     Output format: XCrySDen     
     Reading data from file  /home/ubuntu/projects/Graphene-Band-Structure-Quantum-Espresso/outputs/field_0/PBE-d3/top/data/ldos.pp.dat642

     Writing data to be plotted to file /home/ubuntu/projects/Graphene-Band-Structure-Quantum-Espresso/outputs/field_0/PBE-d3/top/data/ldos.pp.dat642.xsf
     Plot Type: 3D                     Output format: XCrySDen     
     Reading data from file  /home/ubuntu/projects/Graphene-Band-Structure-Quantum-Espresso/outputs/field_0/PBE-d3/top/data/ldos.pp.dat643

     Writing data to be plotted to file /home/ubuntu/projects/Graphene-Band-Structure-Quantum-Espresso/outputs/field_0/PBE-d3/top/data/ldos.pp.dat643.xsf
     Plot Type: 3D                     Output format: XCrySDen     
     Reading data from file  /home/ubuntu/projects/Graphene-Band-Structure-Quantum-Espresso/outputs/field_0/PBE-d3/top/data/ldos.pp.dat644

     Writing data to be plotted to file /home/ubuntu/projects/Graphene-Band-Structure-Quantum-Espresso/outputs/field_0/PBE-d3/top/data/ldos.pp.dat644.xsf
     Plot Type: 3D                     Output format: XCrySDen     
     Reading data from file  /home/ubuntu/projects/Graphene-Band-Structure-Quantum-Espresso/outputs/field_0/PBE-d3/top/data/ldos.pp.dat645

     Writing data to be plotted to file /home/ubuntu/projects/Graphene-Band-Structure-Quantum-Espresso/outputs/field_0/PBE-d3/top/data/ldos.pp.dat645.xsf
     Plot Type: 3D                     Output format: XCrySDen     
     Reading data from file  /home/ubuntu/projects/Graphene-Band-Structure-Quantum-Espresso/outputs/field_0/PBE-d3/top/data/ldos.pp.dat646

     Writing data to be plotted to file /home/ubuntu/projects/Graphene-Band-Structure-Quantum-Espresso/outputs/field_0/PBE-d3/top/data/ldos.pp.dat646.xsf
     Plot Type: 3D                     Output format: XCrySDen     
     Reading data from file  /home/ubuntu/projects/Graphene-Band-Structure-Quantum-Espresso/outputs/field_0/PBE-d3/top/data/ldos.pp.dat647

     Writing data to be plotted to file /home/ubuntu/projects/Graphene-Band-Structure-Quantum-Espresso/outputs/field_0/PBE-d3/top/data/ldos.pp.dat647.xsf
     Plot Type: 3D                     Output format: XCrySDen     
     Reading data from file  /home/ubuntu/projects/Graphene-Band-Structure-Quantum-Espresso/outputs/field_0/PBE-d3/top/data/ldos.pp.dat648

     Writing data to be plotted to file /home/ubuntu/projects/Graphene-Band-Structure-Quantum-Espresso/outputs/field_0/PBE-d3/top/data/ldos.pp.dat648.xsf
     Plot Type: 3D                     Output format: XCrySDen     
     Reading data from file  /home/ubuntu/projects/Graphene-Band-Structure-Quantum-Espresso/outputs/field_0/PBE-d3/top/data/ldos.pp.dat649

     Writing data to be plotted to file /home/ubuntu/projects/Graphene-Band-Structure-Quantum-Espresso/outputs/field_0/PBE-d3/top/data/ldos.pp.dat649.xsf
     Plot Type: 3D                     Output format: XCrySDen     
     Reading data from file  /home/ubuntu/projects/Graphene-Band-Structure-Quantum-Espresso/outputs/field_0/PBE-d3/top/data/ldos.pp.dat650

     Writing data to be plotted to file /home/ubuntu/projects/Graphene-Band-Structure-Quantum-Espresso/outputs/field_0/PBE-d3/top/data/ldos.pp.dat650.xsf
     Plot Type: 3D                     Output format: XCrySDen     
     Reading data from file  /home/ubuntu/projects/Graphene-Band-Structure-Quantum-Espresso/outputs/field_0/PBE-d3/top/data/ldos.pp.dat651

     Writing data to be plotted to file /home/ubuntu/projects/Graphene-Band-Structure-Quantum-Espresso/outputs/field_0/PBE-d3/top/data/ldos.pp.dat651.xsf
     Plot Type: 3D                     Output format: XCrySDen     
     Reading data from file  /home/ubuntu/projects/Graphene-Band-Structure-Quantum-Espresso/outputs/field_0/PBE-d3/top/data/ldos.pp.dat652

     Writing data to be plotted to file /home/ubuntu/projects/Graphene-Band-Structure-Quantum-Espresso/outputs/field_0/PBE-d3/top/data/ldos.pp.dat652.xsf
     Plot Type: 3D                     Output format: XCrySDen     
     Reading data from file  /home/ubuntu/projects/Graphene-Band-Structure-Quantum-Espresso/outputs/field_0/PBE-d3/top/data/ldos.pp.dat653

     Writing data to be plotted to file /home/ubuntu/projects/Graphene-Band-Structure-Quantum-Espresso/outputs/field_0/PBE-d3/top/data/ldos.pp.dat653.xsf
     Plot Type: 3D                     Output format: XCrySDen     
     Reading data from file  /home/ubuntu/projects/Graphene-Band-Structure-Quantum-Espresso/outputs/field_0/PBE-d3/top/data/ldos.pp.dat654

     Writing data to be plotted to file /home/ubuntu/projects/Graphene-Band-Structure-Quantum-Espresso/outputs/field_0/PBE-d3/top/data/ldos.pp.dat654.xsf
     Plot Type: 3D                     Output format: XCrySDen     
     Reading data from file  /home/ubuntu/projects/Graphene-Band-Structure-Quantum-Espresso/outputs/field_0/PBE-d3/top/data/ldos.pp.dat655

     Writing data to be plotted to file /home/ubuntu/projects/Graphene-Band-Structure-Quantum-Espresso/outputs/field_0/PBE-d3/top/data/ldos.pp.dat655.xsf
     Plot Type: 3D                     Output format: XCrySDen     
     Reading data from file  /home/ubuntu/projects/Graphene-Band-Structure-Quantum-Espresso/outputs/field_0/PBE-d3/top/data/ldos.pp.dat656

     Writing data to be plotted to file /home/ubuntu/projects/Graphene-Band-Structure-Quantum-Espresso/outputs/field_0/PBE-d3/top/data/ldos.pp.dat656.xsf
     Plot Type: 3D                     Output format: XCrySDen     
     Reading data from file  /home/ubuntu/projects/Graphene-Band-Structure-Quantum-Espresso/outputs/field_0/PBE-d3/top/data/ldos.pp.dat657

     Writing data to be plotted to file /home/ubuntu/projects/Graphene-Band-Structure-Quantum-Espresso/outputs/field_0/PBE-d3/top/data/ldos.pp.dat657.xsf
     Plot Type: 3D                     Output format: XCrySDen     
     Reading data from file  /home/ubuntu/projects/Graphene-Band-Structure-Quantum-Espresso/outputs/field_0/PBE-d3/top/data/ldos.pp.dat658

     Writing data to be plotted to file /home/ubuntu/projects/Graphene-Band-Structure-Quantum-Espresso/outputs/field_0/PBE-d3/top/data/ldos.pp.dat658.xsf
     Plot Type: 3D                     Output format: XCrySDen     
     Reading data from file  /home/ubuntu/projects/Graphene-Band-Structure-Quantum-Espresso/outputs/field_0/PBE-d3/top/data/ldos.pp.dat659

     Writing data to be plotted to file /home/ubuntu/projects/Graphene-Band-Structure-Quantum-Espresso/outputs/field_0/PBE-d3/top/data/ldos.pp.dat659.xsf
     Plot Type: 3D                     Output format: XCrySDen     
     Reading data from file  /home/ubuntu/projects/Graphene-Band-Structure-Quantum-Espresso/outputs/field_0/PBE-d3/top/data/ldos.pp.dat660

     Writing data to be plotted to file /home/ubuntu/projects/Graphene-Band-Structure-Quantum-Espresso/outputs/field_0/PBE-d3/top/data/ldos.pp.dat660.xsf
     Plot Type: 3D                     Output format: XCrySDen     
     Reading data from file  /home/ubuntu/projects/Graphene-Band-Structure-Quantum-Espresso/outputs/field_0/PBE-d3/top/data/ldos.pp.dat661

     Writing data to be plotted to file /home/ubuntu/projects/Graphene-Band-Structure-Quantum-Espresso/outputs/field_0/PBE-d3/top/data/ldos.pp.dat661.xsf
     Plot Type: 3D                     Output format: XCrySDen     
     Reading data from file  /home/ubuntu/projects/Graphene-Band-Structure-Quantum-Espresso/outputs/field_0/PBE-d3/top/data/ldos.pp.dat662

     Writing data to be plotted to file /home/ubuntu/projects/Graphene-Band-Structure-Quantum-Espresso/outputs/field_0/PBE-d3/top/data/ldos.pp.dat662.xsf
     Plot Type: 3D                     Output format: XCrySDen     
     Reading data from file  /home/ubuntu/projects/Graphene-Band-Structure-Quantum-Espresso/outputs/field_0/PBE-d3/top/data/ldos.pp.dat663

     Writing data to be plotted to file /home/ubuntu/projects/Graphene-Band-Structure-Quantum-Espresso/outputs/field_0/PBE-d3/top/data/ldos.pp.dat663.xsf
     Plot Type: 3D                     Output format: XCrySDen     
     Reading data from file  /home/ubuntu/projects/Graphene-Band-Structure-Quantum-Espresso/outputs/field_0/PBE-d3/top/data/ldos.pp.dat664

     Writing data to be plotted to file /home/ubuntu/projects/Graphene-Band-Structure-Quantum-Espresso/outputs/field_0/PBE-d3/top/data/ldos.pp.dat664.xsf
     Plot Type: 3D                     Output format: XCrySDen     
     Reading data from file  /home/ubuntu/projects/Graphene-Band-Structure-Quantum-Espresso/outputs/field_0/PBE-d3/top/data/ldos.pp.dat665

     Writing data to be plotted to file /home/ubuntu/projects/Graphene-Band-Structure-Quantum-Espresso/outputs/field_0/PBE-d3/top/data/ldos.pp.dat665.xsf
     Plot Type: 3D                     Output format: XCrySDen     
     Reading data from file  /home/ubuntu/projects/Graphene-Band-Structure-Quantum-Espresso/outputs/field_0/PBE-d3/top/data/ldos.pp.dat666

     Writing data to be plotted to file /home/ubuntu/projects/Graphene-Band-Structure-Quantum-Espresso/outputs/field_0/PBE-d3/top/data/ldos.pp.dat666.xsf
     Plot Type: 3D                     Output format: XCrySDen     
     Reading data from file  /home/ubuntu/projects/Graphene-Band-Structure-Quantum-Espresso/outputs/field_0/PBE-d3/top/data/ldos.pp.dat667

     Writing data to be plotted to file /home/ubuntu/projects/Graphene-Band-Structure-Quantum-Espresso/outputs/field_0/PBE-d3/top/data/ldos.pp.dat667.xsf
     Plot Type: 3D                     Output format: XCrySDen     
     Reading data from file  /home/ubuntu/projects/Graphene-Band-Structure-Quantum-Espresso/outputs/field_0/PBE-d3/top/data/ldos.pp.dat668

     Writing data to be plotted to file /home/ubuntu/projects/Graphene-Band-Structure-Quantum-Espresso/outputs/field_0/PBE-d3/top/data/ldos.pp.dat668.xsf
     Plot Type: 3D                     Output format: XCrySDen     
     Reading data from file  /home/ubuntu/projects/Graphene-Band-Structure-Quantum-Espresso/outputs/field_0/PBE-d3/top/data/ldos.pp.dat669

     Writing data to be plotted to file /home/ubuntu/projects/Graphene-Band-Structure-Quantum-Espresso/outputs/field_0/PBE-d3/top/data/ldos.pp.dat669.xsf
     Plot Type: 3D                     Output format: XCrySDen     
     Reading data from file  /home/ubuntu/projects/Graphene-Band-Structure-Quantum-Espresso/outputs/field_0/PBE-d3/top/data/ldos.pp.dat670

     Writing data to be plotted to file /home/ubuntu/projects/Graphene-Band-Structure-Quantum-Espresso/outputs/field_0/PBE-d3/top/data/ldos.pp.dat670.xsf
     Plot Type: 3D                     Output format: XCrySDen     
     Reading data from file  /home/ubuntu/projects/Graphene-Band-Structure-Quantum-Espresso/outputs/field_0/PBE-d3/top/data/ldos.pp.dat671

     Writing data to be plotted to file /home/ubuntu/projects/Graphene-Band-Structure-Quantum-Espresso/outputs/field_0/PBE-d3/top/data/ldos.pp.dat671.xsf
     Plot Type: 3D                     Output format: XCrySDen     
     Reading data from file  /home/ubuntu/projects/Graphene-Band-Structure-Quantum-Espresso/outputs/field_0/PBE-d3/top/data/ldos.pp.dat672

     Writing data to be plotted to file /home/ubuntu/projects/Graphene-Band-Structure-Quantum-Espresso/outputs/field_0/PBE-d3/top/data/ldos.pp.dat672.xsf
     Plot Type: 3D                     Output format: XCrySDen     
     Reading data from file  /home/ubuntu/projects/Graphene-Band-Structure-Quantum-Espresso/outputs/field_0/PBE-d3/top/data/ldos.pp.dat673

     Writing data to be plotted to file /home/ubuntu/projects/Graphene-Band-Structure-Quantum-Espresso/outputs/field_0/PBE-d3/top/data/ldos.pp.dat673.xsf
     Plot Type: 3D                     Output format: XCrySDen     
     Reading data from file  /home/ubuntu/projects/Graphene-Band-Structure-Quantum-Espresso/outputs/field_0/PBE-d3/top/data/ldos.pp.dat674

     Writing data to be plotted to file /home/ubuntu/projects/Graphene-Band-Structure-Quantum-Espresso/outputs/field_0/PBE-d3/top/data/ldos.pp.dat674.xsf
     Plot Type: 3D                     Output format: XCrySDen     
     Reading data from file  /home/ubuntu/projects/Graphene-Band-Structure-Quantum-Espresso/outputs/field_0/PBE-d3/top/data/ldos.pp.dat675

     Writing data to be plotted to file /home/ubuntu/projects/Graphene-Band-Structure-Quantum-Espresso/outputs/field_0/PBE-d3/top/data/ldos.pp.dat675.xsf
     Plot Type: 3D                     Output format: XCrySDen     
     Reading data from file  /home/ubuntu/projects/Graphene-Band-Structure-Quantum-Espresso/outputs/field_0/PBE-d3/top/data/ldos.pp.dat676

     Writing data to be plotted to file /home/ubuntu/projects/Graphene-Band-Structure-Quantum-Espresso/outputs/field_0/PBE-d3/top/data/ldos.pp.dat676.xsf
     Plot Type: 3D                     Output format: XCrySDen     
     Reading data from file  /home/ubuntu/projects/Graphene-Band-Structure-Quantum-Espresso/outputs/field_0/PBE-d3/top/data/ldos.pp.dat677

     Writing data to be plotted to file /home/ubuntu/projects/Graphene-Band-Structure-Quantum-Espresso/outputs/field_0/PBE-d3/top/data/ldos.pp.dat677.xsf
     Plot Type: 3D                     Output format: XCrySDen     
     Reading data from file  /home/ubuntu/projects/Graphene-Band-Structure-Quantum-Espresso/outputs/field_0/PBE-d3/top/data/ldos.pp.dat678

     Writing data to be plotted to file /home/ubuntu/projects/Graphene-Band-Structure-Quantum-Espresso/outputs/field_0/PBE-d3/top/data/ldos.pp.dat678.xsf
     Plot Type: 3D                     Output format: XCrySDen     
     Reading data from file  /home/ubuntu/projects/Graphene-Band-Structure-Quantum-Espresso/outputs/field_0/PBE-d3/top/data/ldos.pp.dat679

     Writing data to be plotted to file /home/ubuntu/projects/Graphene-Band-Structure-Quantum-Espresso/outputs/field_0/PBE-d3/top/data/ldos.pp.dat679.xsf
     Plot Type: 3D                     Output format: XCrySDen     
     Reading data from file  /home/ubuntu/projects/Graphene-Band-Structure-Quantum-Espresso/outputs/field_0/PBE-d3/top/data/ldos.pp.dat680

     Writing data to be plotted to file /home/ubuntu/projects/Graphene-Band-Structure-Quantum-Espresso/outputs/field_0/PBE-d3/top/data/ldos.pp.dat680.xsf
     Plot Type: 3D                     Output format: XCrySDen     
     Reading data from file  /home/ubuntu/projects/Graphene-Band-Structure-Quantum-Espresso/outputs/field_0/PBE-d3/top/data/ldos.pp.dat681

     Writing data to be plotted to file /home/ubuntu/projects/Graphene-Band-Structure-Quantum-Espresso/outputs/field_0/PBE-d3/top/data/ldos.pp.dat681.xsf
     Plot Type: 3D                     Output format: XCrySDen     
     Reading data from file  /home/ubuntu/projects/Graphene-Band-Structure-Quantum-Espresso/outputs/field_0/PBE-d3/top/data/ldos.pp.dat682

     Writing data to be plotted to file /home/ubuntu/projects/Graphene-Band-Structure-Quantum-Espresso/outputs/field_0/PBE-d3/top/data/ldos.pp.dat682.xsf
     Plot Type: 3D                     Output format: XCrySDen     
     Reading data from file  /home/ubuntu/projects/Graphene-Band-Structure-Quantum-Espresso/outputs/field_0/PBE-d3/top/data/ldos.pp.dat683

     Writing data to be plotted to file /home/ubuntu/projects/Graphene-Band-Structure-Quantum-Espresso/outputs/field_0/PBE-d3/top/data/ldos.pp.dat683.xsf
     Plot Type: 3D                     Output format: XCrySDen     
     Reading data from file  /home/ubuntu/projects/Graphene-Band-Structure-Quantum-Espresso/outputs/field_0/PBE-d3/top/data/ldos.pp.dat684

     Writing data to be plotted to file /home/ubuntu/projects/Graphene-Band-Structure-Quantum-Espresso/outputs/field_0/PBE-d3/top/data/ldos.pp.dat684.xsf
     Plot Type: 3D                     Output format: XCrySDen     
     Reading data from file  /home/ubuntu/projects/Graphene-Band-Structure-Quantum-Espresso/outputs/field_0/PBE-d3/top/data/ldos.pp.dat685

     Writing data to be plotted to file /home/ubuntu/projects/Graphene-Band-Structure-Quantum-Espresso/outputs/field_0/PBE-d3/top/data/ldos.pp.dat685.xsf
     Plot Type: 3D                     Output format: XCrySDen     
     Reading data from file  /home/ubuntu/projects/Graphene-Band-Structure-Quantum-Espresso/outputs/field_0/PBE-d3/top/data/ldos.pp.dat686

     Writing data to be plotted to file /home/ubuntu/projects/Graphene-Band-Structure-Quantum-Espresso/outputs/field_0/PBE-d3/top/data/ldos.pp.dat686.xsf
     Plot Type: 3D                     Output format: XCrySDen     
     Reading data from file  /home/ubuntu/projects/Graphene-Band-Structure-Quantum-Espresso/outputs/field_0/PBE-d3/top/data/ldos.pp.dat687

     Writing data to be plotted to file /home/ubuntu/projects/Graphene-Band-Structure-Quantum-Espresso/outputs/field_0/PBE-d3/top/data/ldos.pp.dat687.xsf
     Plot Type: 3D                     Output format: XCrySDen     
     Reading data from file  /home/ubuntu/projects/Graphene-Band-Structure-Quantum-Espresso/outputs/field_0/PBE-d3/top/data/ldos.pp.dat688

     Writing data to be plotted to file /home/ubuntu/projects/Graphene-Band-Structure-Quantum-Espresso/outputs/field_0/PBE-d3/top/data/ldos.pp.dat688.xsf
     Plot Type: 3D                     Output format: XCrySDen     
     Reading data from file  /home/ubuntu/projects/Graphene-Band-Structure-Quantum-Espresso/outputs/field_0/PBE-d3/top/data/ldos.pp.dat689

     Writing data to be plotted to file /home/ubuntu/projects/Graphene-Band-Structure-Quantum-Espresso/outputs/field_0/PBE-d3/top/data/ldos.pp.dat689.xsf
     Plot Type: 3D                     Output format: XCrySDen     
     Reading data from file  /home/ubuntu/projects/Graphene-Band-Structure-Quantum-Espresso/outputs/field_0/PBE-d3/top/data/ldos.pp.dat690

     Writing data to be plotted to file /home/ubuntu/projects/Graphene-Band-Structure-Quantum-Espresso/outputs/field_0/PBE-d3/top/data/ldos.pp.dat690.xsf
     Plot Type: 3D                     Output format: XCrySDen     
     Reading data from file  /home/ubuntu/projects/Graphene-Band-Structure-Quantum-Espresso/outputs/field_0/PBE-d3/top/data/ldos.pp.dat691

     Writing data to be plotted to file /home/ubuntu/projects/Graphene-Band-Structure-Quantum-Espresso/outputs/field_0/PBE-d3/top/data/ldos.pp.dat691.xsf
     Plot Type: 3D                     Output format: XCrySDen     
     Reading data from file  /home/ubuntu/projects/Graphene-Band-Structure-Quantum-Espresso/outputs/field_0/PBE-d3/top/data/ldos.pp.dat692

     Writing data to be plotted to file /home/ubuntu/projects/Graphene-Band-Structure-Quantum-Espresso/outputs/field_0/PBE-d3/top/data/ldos.pp.dat692.xsf
     Plot Type: 3D                     Output format: XCrySDen     
     Reading data from file  /home/ubuntu/projects/Graphene-Band-Structure-Quantum-Espresso/outputs/field_0/PBE-d3/top/data/ldos.pp.dat693

     Writing data to be plotted to file /home/ubuntu/projects/Graphene-Band-Structure-Quantum-Espresso/outputs/field_0/PBE-d3/top/data/ldos.pp.dat693.xsf
     Plot Type: 3D                     Output format: XCrySDen     
     Reading data from file  /home/ubuntu/projects/Graphene-Band-Structure-Quantum-Espresso/outputs/field_0/PBE-d3/top/data/ldos.pp.dat694

     Writing data to be plotted to file /home/ubuntu/projects/Graphene-Band-Structure-Quantum-Espresso/outputs/field_0/PBE-d3/top/data/ldos.pp.dat694.xsf
     Plot Type: 3D                     Output format: XCrySDen     
     Reading data from file  /home/ubuntu/projects/Graphene-Band-Structure-Quantum-Espresso/outputs/field_0/PBE-d3/top/data/ldos.pp.dat695

     Writing data to be plotted to file /home/ubuntu/projects/Graphene-Band-Structure-Quantum-Espresso/outputs/field_0/PBE-d3/top/data/ldos.pp.dat695.xsf
     Plot Type: 3D                     Output format: XCrySDen     
     Reading data from file  /home/ubuntu/projects/Graphene-Band-Structure-Quantum-Espresso/outputs/field_0/PBE-d3/top/data/ldos.pp.dat696

     Writing data to be plotted to file /home/ubuntu/projects/Graphene-Band-Structure-Quantum-Espresso/outputs/field_0/PBE-d3/top/data/ldos.pp.dat696.xsf
     Plot Type: 3D                     Output format: XCrySDen     
     Reading data from file  /home/ubuntu/projects/Graphene-Band-Structure-Quantum-Espresso/outputs/field_0/PBE-d3/top/data/ldos.pp.dat697

     Writing data to be plotted to file /home/ubuntu/projects/Graphene-Band-Structure-Quantum-Espresso/outputs/field_0/PBE-d3/top/data/ldos.pp.dat697.xsf
     Plot Type: 3D                     Output format: XCrySDen     
     Reading data from file  /home/ubuntu/projects/Graphene-Band-Structure-Quantum-Espresso/outputs/field_0/PBE-d3/top/data/ldos.pp.dat698

     Writing data to be plotted to file /home/ubuntu/projects/Graphene-Band-Structure-Quantum-Espresso/outputs/field_0/PBE-d3/top/data/ldos.pp.dat698.xsf
     Plot Type: 3D                     Output format: XCrySDen     
     Reading data from file  /home/ubuntu/projects/Graphene-Band-Structure-Quantum-Espresso/outputs/field_0/PBE-d3/top/data/ldos.pp.dat699

     Writing data to be plotted to file /home/ubuntu/projects/Graphene-Band-Structure-Quantum-Espresso/outputs/field_0/PBE-d3/top/data/ldos.pp.dat699.xsf
     Plot Type: 3D                     Output format: XCrySDen     
     Reading data from file  /home/ubuntu/projects/Graphene-Band-Structure-Quantum-Espresso/outputs/field_0/PBE-d3/top/data/ldos.pp.dat700

     Writing data to be plotted to file /home/ubuntu/projects/Graphene-Band-Structure-Quantum-Espresso/outputs/field_0/PBE-d3/top/data/ldos.pp.dat700.xsf
     Plot Type: 3D                     Output format: XCrySDen     
     Reading data from file  /home/ubuntu/projects/Graphene-Band-Structure-Quantum-Espresso/outputs/field_0/PBE-d3/top/data/ldos.pp.dat701

     Writing data to be plotted to file /home/ubuntu/projects/Graphene-Band-Structure-Quantum-Espresso/outputs/field_0/PBE-d3/top/data/ldos.pp.dat701.xsf
     Plot Type: 3D                     Output format: XCrySDen     
     Reading data from file  /home/ubuntu/projects/Graphene-Band-Structure-Quantum-Espresso/outputs/field_0/PBE-d3/top/data/ldos.pp.dat702

     Writing data to be plotted to file /home/ubuntu/projects/Graphene-Band-Structure-Quantum-Espresso/outputs/field_0/PBE-d3/top/data/ldos.pp.dat702.xsf
     Plot Type: 3D                     Output format: XCrySDen     
     Reading data from file  /home/ubuntu/projects/Graphene-Band-Structure-Quantum-Espresso/outputs/field_0/PBE-d3/top/data/ldos.pp.dat703

     Writing data to be plotted to file /home/ubuntu/projects/Graphene-Band-Structure-Quantum-Espresso/outputs/field_0/PBE-d3/top/data/ldos.pp.dat703.xsf
     Plot Type: 3D                     Output format: XCrySDen     
     Reading data from file  /home/ubuntu/projects/Graphene-Band-Structure-Quantum-Espresso/outputs/field_0/PBE-d3/top/data/ldos.pp.dat704

     Writing data to be plotted to file /home/ubuntu/projects/Graphene-Band-Structure-Quantum-Espresso/outputs/field_0/PBE-d3/top/data/ldos.pp.dat704.xsf
     Plot Type: 3D                     Output format: XCrySDen     
     Reading data from file  /home/ubuntu/projects/Graphene-Band-Structure-Quantum-Espresso/outputs/field_0/PBE-d3/top/data/ldos.pp.dat705

     Writing data to be plotted to file /home/ubuntu/projects/Graphene-Band-Structure-Quantum-Espresso/outputs/field_0/PBE-d3/top/data/ldos.pp.dat705.xsf
     Plot Type: 3D                     Output format: XCrySDen     
     Reading data from file  /home/ubuntu/projects/Graphene-Band-Structure-Quantum-Espresso/outputs/field_0/PBE-d3/top/data/ldos.pp.dat706

     Writing data to be plotted to file /home/ubuntu/projects/Graphene-Band-Structure-Quantum-Espresso/outputs/field_0/PBE-d3/top/data/ldos.pp.dat706.xsf
     Plot Type: 3D                     Output format: XCrySDen     
     Reading data from file  /home/ubuntu/projects/Graphene-Band-Structure-Quantum-Espresso/outputs/field_0/PBE-d3/top/data/ldos.pp.dat707

     Writing data to be plotted to file /home/ubuntu/projects/Graphene-Band-Structure-Quantum-Espresso/outputs/field_0/PBE-d3/top/data/ldos.pp.dat707.xsf
     Plot Type: 3D                     Output format: XCrySDen     
     Reading data from file  /home/ubuntu/projects/Graphene-Band-Structure-Quantum-Espresso/outputs/field_0/PBE-d3/top/data/ldos.pp.dat708

     Writing data to be plotted to file /home/ubuntu/projects/Graphene-Band-Structure-Quantum-Espresso/outputs/field_0/PBE-d3/top/data/ldos.pp.dat708.xsf
     Plot Type: 3D                     Output format: XCrySDen     
     Reading data from file  /home/ubuntu/projects/Graphene-Band-Structure-Quantum-Espresso/outputs/field_0/PBE-d3/top/data/ldos.pp.dat709

     Writing data to be plotted to file /home/ubuntu/projects/Graphene-Band-Structure-Quantum-Espresso/outputs/field_0/PBE-d3/top/data/ldos.pp.dat709.xsf
     Plot Type: 3D                     Output format: XCrySDen     
     Reading data from file  /home/ubuntu/projects/Graphene-Band-Structure-Quantum-Espresso/outputs/field_0/PBE-d3/top/data/ldos.pp.dat710

     Writing data to be plotted to file /home/ubuntu/projects/Graphene-Band-Structure-Quantum-Espresso/outputs/field_0/PBE-d3/top/data/ldos.pp.dat710.xsf
     Plot Type: 3D                     Output format: XCrySDen     
     Reading data from file  /home/ubuntu/projects/Graphene-Band-Structure-Quantum-Espresso/outputs/field_0/PBE-d3/top/data/ldos.pp.dat711

     Writing data to be plotted to file /home/ubuntu/projects/Graphene-Band-Structure-Quantum-Espresso/outputs/field_0/PBE-d3/top/data/ldos.pp.dat711.xsf
     Plot Type: 3D                     Output format: XCrySDen     
     Reading data from file  /home/ubuntu/projects/Graphene-Band-Structure-Quantum-Espresso/outputs/field_0/PBE-d3/top/data/ldos.pp.dat712

     Writing data to be plotted to file /home/ubuntu/projects/Graphene-Band-Structure-Quantum-Espresso/outputs/field_0/PBE-d3/top/data/ldos.pp.dat712.xsf
     Plot Type: 3D                     Output format: XCrySDen     
     Reading data from file  /home/ubuntu/projects/Graphene-Band-Structure-Quantum-Espresso/outputs/field_0/PBE-d3/top/data/ldos.pp.dat713

     Writing data to be plotted to file /home/ubuntu/projects/Graphene-Band-Structure-Quantum-Espresso/outputs/field_0/PBE-d3/top/data/ldos.pp.dat713.xsf
     Plot Type: 3D                     Output format: XCrySDen     
     Reading data from file  /home/ubuntu/projects/Graphene-Band-Structure-Quantum-Espresso/outputs/field_0/PBE-d3/top/data/ldos.pp.dat714

     Writing data to be plotted to file /home/ubuntu/projects/Graphene-Band-Structure-Quantum-Espresso/outputs/field_0/PBE-d3/top/data/ldos.pp.dat714.xsf
     Plot Type: 3D                     Output format: XCrySDen     
     Reading data from file  /home/ubuntu/projects/Graphene-Band-Structure-Quantum-Espresso/outputs/field_0/PBE-d3/top/data/ldos.pp.dat715

     Writing data to be plotted to file /home/ubuntu/projects/Graphene-Band-Structure-Quantum-Espresso/outputs/field_0/PBE-d3/top/data/ldos.pp.dat715.xsf
     Plot Type: 3D                     Output format: XCrySDen     
     Reading data from file  /home/ubuntu/projects/Graphene-Band-Structure-Quantum-Espresso/outputs/field_0/PBE-d3/top/data/ldos.pp.dat716

     Writing data to be plotted to file /home/ubuntu/projects/Graphene-Band-Structure-Quantum-Espresso/outputs/field_0/PBE-d3/top/data/ldos.pp.dat716.xsf
     Plot Type: 3D                     Output format: XCrySDen     
     Reading data from file  /home/ubuntu/projects/Graphene-Band-Structure-Quantum-Espresso/outputs/field_0/PBE-d3/top/data/ldos.pp.dat717

     Writing data to be plotted to file /home/ubuntu/projects/Graphene-Band-Structure-Quantum-Espresso/outputs/field_0/PBE-d3/top/data/ldos.pp.dat717.xsf
     Plot Type: 3D                     Output format: XCrySDen     
     Reading data from file  /home/ubuntu/projects/Graphene-Band-Structure-Quantum-Espresso/outputs/field_0/PBE-d3/top/data/ldos.pp.dat718

     Writing data to be plotted to file /home/ubuntu/projects/Graphene-Band-Structure-Quantum-Espresso/outputs/field_0/PBE-d3/top/data/ldos.pp.dat718.xsf
     Plot Type: 3D                     Output format: XCrySDen     
     Reading data from file  /home/ubuntu/projects/Graphene-Band-Structure-Quantum-Espresso/outputs/field_0/PBE-d3/top/data/ldos.pp.dat719

     Writing data to be plotted to file /home/ubuntu/projects/Graphene-Band-Structure-Quantum-Espresso/outputs/field_0/PBE-d3/top/data/ldos.pp.dat719.xsf
     Plot Type: 3D                     Output format: XCrySDen     
     Reading data from file  /home/ubuntu/projects/Graphene-Band-Structure-Quantum-Espresso/outputs/field_0/PBE-d3/top/data/ldos.pp.dat720

     Writing data to be plotted to file /home/ubuntu/projects/Graphene-Band-Structure-Quantum-Espresso/outputs/field_0/PBE-d3/top/data/ldos.pp.dat720.xsf
     Plot Type: 3D                     Output format: XCrySDen     
     Reading data from file  /home/ubuntu/projects/Graphene-Band-Structure-Quantum-Espresso/outputs/field_0/PBE-d3/top/data/ldos.pp.dat721

     Writing data to be plotted to file /home/ubuntu/projects/Graphene-Band-Structure-Quantum-Espresso/outputs/field_0/PBE-d3/top/data/ldos.pp.dat721.xsf
     Plot Type: 3D                     Output format: XCrySDen     
     Reading data from file  /home/ubuntu/projects/Graphene-Band-Structure-Quantum-Espresso/outputs/field_0/PBE-d3/top/data/ldos.pp.dat722

     Writing data to be plotted to file /home/ubuntu/projects/Graphene-Band-Structure-Quantum-Espresso/outputs/field_0/PBE-d3/top/data/ldos.pp.dat722.xsf
     Plot Type: 3D                     Output format: XCrySDen     
     Reading data from file  /home/ubuntu/projects/Graphene-Band-Structure-Quantum-Espresso/outputs/field_0/PBE-d3/top/data/ldos.pp.dat723

     Writing data to be plotted to file /home/ubuntu/projects/Graphene-Band-Structure-Quantum-Espresso/outputs/field_0/PBE-d3/top/data/ldos.pp.dat723.xsf
     Plot Type: 3D                     Output format: XCrySDen     
     Reading data from file  /home/ubuntu/projects/Graphene-Band-Structure-Quantum-Espresso/outputs/field_0/PBE-d3/top/data/ldos.pp.dat724

     Writing data to be plotted to file /home/ubuntu/projects/Graphene-Band-Structure-Quantum-Espresso/outputs/field_0/PBE-d3/top/data/ldos.pp.dat724.xsf
     Plot Type: 3D                     Output format: XCrySDen     
     Reading data from file  /home/ubuntu/projects/Graphene-Band-Structure-Quantum-Espresso/outputs/field_0/PBE-d3/top/data/ldos.pp.dat725

     Writing data to be plotted to file /home/ubuntu/projects/Graphene-Band-Structure-Quantum-Espresso/outputs/field_0/PBE-d3/top/data/ldos.pp.dat725.xsf
     Plot Type: 3D                     Output format: XCrySDen     
     Reading data from file  /home/ubuntu/projects/Graphene-Band-Structure-Quantum-Espresso/outputs/field_0/PBE-d3/top/data/ldos.pp.dat726

     Writing data to be plotted to file /home/ubuntu/projects/Graphene-Band-Structure-Quantum-Espresso/outputs/field_0/PBE-d3/top/data/ldos.pp.dat726.xsf
     Plot Type: 3D                     Output format: XCrySDen     
     Reading data from file  /home/ubuntu/projects/Graphene-Band-Structure-Quantum-Espresso/outputs/field_0/PBE-d3/top/data/ldos.pp.dat727

     Writing data to be plotted to file /home/ubuntu/projects/Graphene-Band-Structure-Quantum-Espresso/outputs/field_0/PBE-d3/top/data/ldos.pp.dat727.xsf
     Plot Type: 3D                     Output format: XCrySDen     
     Reading data from file  /home/ubuntu/projects/Graphene-Band-Structure-Quantum-Espresso/outputs/field_0/PBE-d3/top/data/ldos.pp.dat728

     Writing data to be plotted to file /home/ubuntu/projects/Graphene-Band-Structure-Quantum-Espresso/outputs/field_0/PBE-d3/top/data/ldos.pp.dat728.xsf
     Plot Type: 3D                     Output format: XCrySDen     
     Reading data from file  /home/ubuntu/projects/Graphene-Band-Structure-Quantum-Espresso/outputs/field_0/PBE-d3/top/data/ldos.pp.dat729

     Writing data to be plotted to file /home/ubuntu/projects/Graphene-Band-Structure-Quantum-Espresso/outputs/field_0/PBE-d3/top/data/ldos.pp.dat729.xsf
     Plot Type: 3D                     Output format: XCrySDen     
     Reading data from file  /home/ubuntu/projects/Graphene-Band-Structure-Quantum-Espresso/outputs/field_0/PBE-d3/top/data/ldos.pp.dat730

     Writing data to be plotted to file /home/ubuntu/projects/Graphene-Band-Structure-Quantum-Espresso/outputs/field_0/PBE-d3/top/data/ldos.pp.dat730.xsf
     Plot Type: 3D                     Output format: XCrySDen     
     Reading data from file  /home/ubuntu/projects/Graphene-Band-Structure-Quantum-Espresso/outputs/field_0/PBE-d3/top/data/ldos.pp.dat731

     Writing data to be plotted to file /home/ubuntu/projects/Graphene-Band-Structure-Quantum-Espresso/outputs/field_0/PBE-d3/top/data/ldos.pp.dat731.xsf
     Plot Type: 3D                     Output format: XCrySDen     
     Reading data from file  /home/ubuntu/projects/Graphene-Band-Structure-Quantum-Espresso/outputs/field_0/PBE-d3/top/data/ldos.pp.dat732

     Writing data to be plotted to file /home/ubuntu/projects/Graphene-Band-Structure-Quantum-Espresso/outputs/field_0/PBE-d3/top/data/ldos.pp.dat732.xsf
     Plot Type: 3D                     Output format: XCrySDen     
     Reading data from file  /home/ubuntu/projects/Graphene-Band-Structure-Quantum-Espresso/outputs/field_0/PBE-d3/top/data/ldos.pp.dat733

     Writing data to be plotted to file /home/ubuntu/projects/Graphene-Band-Structure-Quantum-Espresso/outputs/field_0/PBE-d3/top/data/ldos.pp.dat733.xsf
     Plot Type: 3D                     Output format: XCrySDen     
     Reading data from file  /home/ubuntu/projects/Graphene-Band-Structure-Quantum-Espresso/outputs/field_0/PBE-d3/top/data/ldos.pp.dat734

     Writing data to be plotted to file /home/ubuntu/projects/Graphene-Band-Structure-Quantum-Espresso/outputs/field_0/PBE-d3/top/data/ldos.pp.dat734.xsf
     Plot Type: 3D                     Output format: XCrySDen     
     Reading data from file  /home/ubuntu/projects/Graphene-Band-Structure-Quantum-Espresso/outputs/field_0/PBE-d3/top/data/ldos.pp.dat735

     Writing data to be plotted to file /home/ubuntu/projects/Graphene-Band-Structure-Quantum-Espresso/outputs/field_0/PBE-d3/top/data/ldos.pp.dat735.xsf
     Plot Type: 3D                     Output format: XCrySDen     
     Reading data from file  /home/ubuntu/projects/Graphene-Band-Structure-Quantum-Espresso/outputs/field_0/PBE-d3/top/data/ldos.pp.dat736

     Writing data to be plotted to file /home/ubuntu/projects/Graphene-Band-Structure-Quantum-Espresso/outputs/field_0/PBE-d3/top/data/ldos.pp.dat736.xsf
     Plot Type: 3D                     Output format: XCrySDen     
     Reading data from file  /home/ubuntu/projects/Graphene-Band-Structure-Quantum-Espresso/outputs/field_0/PBE-d3/top/data/ldos.pp.dat737

     Writing data to be plotted to file /home/ubuntu/projects/Graphene-Band-Structure-Quantum-Espresso/outputs/field_0/PBE-d3/top/data/ldos.pp.dat737.xsf
     Plot Type: 3D                     Output format: XCrySDen     
     Reading data from file  /home/ubuntu/projects/Graphene-Band-Structure-Quantum-Espresso/outputs/field_0/PBE-d3/top/data/ldos.pp.dat738

     Writing data to be plotted to file /home/ubuntu/projects/Graphene-Band-Structure-Quantum-Espresso/outputs/field_0/PBE-d3/top/data/ldos.pp.dat738.xsf
     Plot Type: 3D                     Output format: XCrySDen     
     Reading data from file  /home/ubuntu/projects/Graphene-Band-Structure-Quantum-Espresso/outputs/field_0/PBE-d3/top/data/ldos.pp.dat739

     Writing data to be plotted to file /home/ubuntu/projects/Graphene-Band-Structure-Quantum-Espresso/outputs/field_0/PBE-d3/top/data/ldos.pp.dat739.xsf
     Plot Type: 3D                     Output format: XCrySDen     
     Reading data from file  /home/ubuntu/projects/Graphene-Band-Structure-Quantum-Espresso/outputs/field_0/PBE-d3/top/data/ldos.pp.dat740

     Writing data to be plotted to file /home/ubuntu/projects/Graphene-Band-Structure-Quantum-Espresso/outputs/field_0/PBE-d3/top/data/ldos.pp.dat740.xsf
     Plot Type: 3D                     Output format: XCrySDen     
     Reading data from file  /home/ubuntu/projects/Graphene-Band-Structure-Quantum-Espresso/outputs/field_0/PBE-d3/top/data/ldos.pp.dat741

     Writing data to be plotted to file /home/ubuntu/projects/Graphene-Band-Structure-Quantum-Espresso/outputs/field_0/PBE-d3/top/data/ldos.pp.dat741.xsf
     Plot Type: 3D                     Output format: XCrySDen     
     Reading data from file  /home/ubuntu/projects/Graphene-Band-Structure-Quantum-Espresso/outputs/field_0/PBE-d3/top/data/ldos.pp.dat742

     Writing data to be plotted to file /home/ubuntu/projects/Graphene-Band-Structure-Quantum-Espresso/outputs/field_0/PBE-d3/top/data/ldos.pp.dat742.xsf
     Plot Type: 3D                     Output format: XCrySDen     
     Reading data from file  /home/ubuntu/projects/Graphene-Band-Structure-Quantum-Espresso/outputs/field_0/PBE-d3/top/data/ldos.pp.dat743

     Writing data to be plotted to file /home/ubuntu/projects/Graphene-Band-Structure-Quantum-Espresso/outputs/field_0/PBE-d3/top/data/ldos.pp.dat743.xsf
     Plot Type: 3D                     Output format: XCrySDen     
     Reading data from file  /home/ubuntu/projects/Graphene-Band-Structure-Quantum-Espresso/outputs/field_0/PBE-d3/top/data/ldos.pp.dat744

     Writing data to be plotted to file /home/ubuntu/projects/Graphene-Band-Structure-Quantum-Espresso/outputs/field_0/PBE-d3/top/data/ldos.pp.dat744.xsf
     Plot Type: 3D                     Output format: XCrySDen     
     Reading data from file  /home/ubuntu/projects/Graphene-Band-Structure-Quantum-Espresso/outputs/field_0/PBE-d3/top/data/ldos.pp.dat745

     Writing data to be plotted to file /home/ubuntu/projects/Graphene-Band-Structure-Quantum-Espresso/outputs/field_0/PBE-d3/top/data/ldos.pp.dat745.xsf
     Plot Type: 3D                     Output format: XCrySDen     
     Reading data from file  /home/ubuntu/projects/Graphene-Band-Structure-Quantum-Espresso/outputs/field_0/PBE-d3/top/data/ldos.pp.dat746

     Writing data to be plotted to file /home/ubuntu/projects/Graphene-Band-Structure-Quantum-Espresso/outputs/field_0/PBE-d3/top/data/ldos.pp.dat746.xsf
     Plot Type: 3D                     Output format: XCrySDen     
     Reading data from file  /home/ubuntu/projects/Graphene-Band-Structure-Quantum-Espresso/outputs/field_0/PBE-d3/top/data/ldos.pp.dat747

     Writing data to be plotted to file /home/ubuntu/projects/Graphene-Band-Structure-Quantum-Espresso/outputs/field_0/PBE-d3/top/data/ldos.pp.dat747.xsf
     Plot Type: 3D                     Output format: XCrySDen     
     Reading data from file  /home/ubuntu/projects/Graphene-Band-Structure-Quantum-Espresso/outputs/field_0/PBE-d3/top/data/ldos.pp.dat748

     Writing data to be plotted to file /home/ubuntu/projects/Graphene-Band-Structure-Quantum-Espresso/outputs/field_0/PBE-d3/top/data/ldos.pp.dat748.xsf
     Plot Type: 3D                     Output format: XCrySDen     
     Reading data from file  /home/ubuntu/projects/Graphene-Band-Structure-Quantum-Espresso/outputs/field_0/PBE-d3/top/data/ldos.pp.dat749

     Writing data to be plotted to file /home/ubuntu/projects/Graphene-Band-Structure-Quantum-Espresso/outputs/field_0/PBE-d3/top/data/ldos.pp.dat749.xsf
     Plot Type: 3D                     Output format: XCrySDen     
     Reading data from file  /home/ubuntu/projects/Graphene-Band-Structure-Quantum-Espresso/outputs/field_0/PBE-d3/top/data/ldos.pp.dat750

     Writing data to be plotted to file /home/ubuntu/projects/Graphene-Band-Structure-Quantum-Espresso/outputs/field_0/PBE-d3/top/data/ldos.pp.dat750.xsf
     Plot Type: 3D                     Output format: XCrySDen     
     Reading data from file  /home/ubuntu/projects/Graphene-Band-Structure-Quantum-Espresso/outputs/field_0/PBE-d3/top/data/ldos.pp.dat751

     Writing data to be plotted to file /home/ubuntu/projects/Graphene-Band-Structure-Quantum-Espresso/outputs/field_0/PBE-d3/top/data/ldos.pp.dat751.xsf
     Plot Type: 3D                     Output format: XCrySDen     
     Reading data from file  /home/ubuntu/projects/Graphene-Band-Structure-Quantum-Espresso/outputs/field_0/PBE-d3/top/data/ldos.pp.dat752

     Writing data to be plotted to file /home/ubuntu/projects/Graphene-Band-Structure-Quantum-Espresso/outputs/field_0/PBE-d3/top/data/ldos.pp.dat752.xsf
     Plot Type: 3D                     Output format: XCrySDen     
     Reading data from file  /home/ubuntu/projects/Graphene-Band-Structure-Quantum-Espresso/outputs/field_0/PBE-d3/top/data/ldos.pp.dat753

     Writing data to be plotted to file /home/ubuntu/projects/Graphene-Band-Structure-Quantum-Espresso/outputs/field_0/PBE-d3/top/data/ldos.pp.dat753.xsf
     Plot Type: 3D                     Output format: XCrySDen     
     Reading data from file  /home/ubuntu/projects/Graphene-Band-Structure-Quantum-Espresso/outputs/field_0/PBE-d3/top/data/ldos.pp.dat754

     Writing data to be plotted to file /home/ubuntu/projects/Graphene-Band-Structure-Quantum-Espresso/outputs/field_0/PBE-d3/top/data/ldos.pp.dat754.xsf
     Plot Type: 3D                     Output format: XCrySDen     
     Reading data from file  /home/ubuntu/projects/Graphene-Band-Structure-Quantum-Espresso/outputs/field_0/PBE-d3/top/data/ldos.pp.dat755

     Writing data to be plotted to file /home/ubuntu/projects/Graphene-Band-Structure-Quantum-Espresso/outputs/field_0/PBE-d3/top/data/ldos.pp.dat755.xsf
     Plot Type: 3D                     Output format: XCrySDen     
     Reading data from file  /home/ubuntu/projects/Graphene-Band-Structure-Quantum-Espresso/outputs/field_0/PBE-d3/top/data/ldos.pp.dat756

     Writing data to be plotted to file /home/ubuntu/projects/Graphene-Band-Structure-Quantum-Espresso/outputs/field_0/PBE-d3/top/data/ldos.pp.dat756.xsf
     Plot Type: 3D                     Output format: XCrySDen     
     Reading data from file  /home/ubuntu/projects/Graphene-Band-Structure-Quantum-Espresso/outputs/field_0/PBE-d3/top/data/ldos.pp.dat757

     Writing data to be plotted to file /home/ubuntu/projects/Graphene-Band-Structure-Quantum-Espresso/outputs/field_0/PBE-d3/top/data/ldos.pp.dat757.xsf
     Plot Type: 3D                     Output format: XCrySDen     
     Reading data from file  /home/ubuntu/projects/Graphene-Band-Structure-Quantum-Espresso/outputs/field_0/PBE-d3/top/data/ldos.pp.dat758

     Writing data to be plotted to file /home/ubuntu/projects/Graphene-Band-Structure-Quantum-Espresso/outputs/field_0/PBE-d3/top/data/ldos.pp.dat758.xsf
     Plot Type: 3D                     Output format: XCrySDen     
     Reading data from file  /home/ubuntu/projects/Graphene-Band-Structure-Quantum-Espresso/outputs/field_0/PBE-d3/top/data/ldos.pp.dat759

     Writing data to be plotted to file /home/ubuntu/projects/Graphene-Band-Structure-Quantum-Espresso/outputs/field_0/PBE-d3/top/data/ldos.pp.dat759.xsf
     Plot Type: 3D                     Output format: XCrySDen     
     Reading data from file  /home/ubuntu/projects/Graphene-Band-Structure-Quantum-Espresso/outputs/field_0/PBE-d3/top/data/ldos.pp.dat760

     Writing data to be plotted to file /home/ubuntu/projects/Graphene-Band-Structure-Quantum-Espresso/outputs/field_0/PBE-d3/top/data/ldos.pp.dat760.xsf
     Plot Type: 3D                     Output format: XCrySDen     
     Reading data from file  /home/ubuntu/projects/Graphene-Band-Structure-Quantum-Espresso/outputs/field_0/PBE-d3/top/data/ldos.pp.dat761

     Writing data to be plotted to file /home/ubuntu/projects/Graphene-Band-Structure-Quantum-Espresso/outputs/field_0/PBE-d3/top/data/ldos.pp.dat761.xsf
     Plot Type: 3D                     Output format: XCrySDen     
     Reading data from file  /home/ubuntu/projects/Graphene-Band-Structure-Quantum-Espresso/outputs/field_0/PBE-d3/top/data/ldos.pp.dat762

     Writing data to be plotted to file /home/ubuntu/projects/Graphene-Band-Structure-Quantum-Espresso/outputs/field_0/PBE-d3/top/data/ldos.pp.dat762.xsf
     Plot Type: 3D                     Output format: XCrySDen     
     Reading data from file  /home/ubuntu/projects/Graphene-Band-Structure-Quantum-Espresso/outputs/field_0/PBE-d3/top/data/ldos.pp.dat763

     Writing data to be plotted to file /home/ubuntu/projects/Graphene-Band-Structure-Quantum-Espresso/outputs/field_0/PBE-d3/top/data/ldos.pp.dat763.xsf
     Plot Type: 3D                     Output format: XCrySDen     
     Reading data from file  /home/ubuntu/projects/Graphene-Band-Structure-Quantum-Espresso/outputs/field_0/PBE-d3/top/data/ldos.pp.dat764

     Writing data to be plotted to file /home/ubuntu/projects/Graphene-Band-Structure-Quantum-Espresso/outputs/field_0/PBE-d3/top/data/ldos.pp.dat764.xsf
     Plot Type: 3D                     Output format: XCrySDen     
     Reading data from file  /home/ubuntu/projects/Graphene-Band-Structure-Quantum-Espresso/outputs/field_0/PBE-d3/top/data/ldos.pp.dat765

     Writing data to be plotted to file /home/ubuntu/projects/Graphene-Band-Structure-Quantum-Espresso/outputs/field_0/PBE-d3/top/data/ldos.pp.dat765.xsf
     Plot Type: 3D                     Output format: XCrySDen     
     Reading data from file  /home/ubuntu/projects/Graphene-Band-Structure-Quantum-Espresso/outputs/field_0/PBE-d3/top/data/ldos.pp.dat766

     Writing data to be plotted to file /home/ubuntu/projects/Graphene-Band-Structure-Quantum-Espresso/outputs/field_0/PBE-d3/top/data/ldos.pp.dat766.xsf
     Plot Type: 3D                     Output format: XCrySDen     
     Reading data from file  /home/ubuntu/projects/Graphene-Band-Structure-Quantum-Espresso/outputs/field_0/PBE-d3/top/data/ldos.pp.dat767

     Writing data to be plotted to file /home/ubuntu/projects/Graphene-Band-Structure-Quantum-Espresso/outputs/field_0/PBE-d3/top/data/ldos.pp.dat767.xsf
     Plot Type: 3D                     Output format: XCrySDen     
     Reading data from file  /home/ubuntu/projects/Graphene-Band-Structure-Quantum-Espresso/outputs/field_0/PBE-d3/top/data/ldos.pp.dat768

     Writing data to be plotted to file /home/ubuntu/projects/Graphene-Band-Structure-Quantum-Espresso/outputs/field_0/PBE-d3/top/data/ldos.pp.dat768.xsf
     Plot Type: 3D                     Output format: XCrySDen     
     Reading data from file  /home/ubuntu/projects/Graphene-Band-Structure-Quantum-Espresso/outputs/field_0/PBE-d3/top/data/ldos.pp.dat769

     Writing data to be plotted to file /home/ubuntu/projects/Graphene-Band-Structure-Quantum-Espresso/outputs/field_0/PBE-d3/top/data/ldos.pp.dat769.xsf
     Plot Type: 3D                     Output format: XCrySDen     
     Reading data from file  /home/ubuntu/projects/Graphene-Band-Structure-Quantum-Espresso/outputs/field_0/PBE-d3/top/data/ldos.pp.dat770

     Writing data to be plotted to file /home/ubuntu/projects/Graphene-Band-Structure-Quantum-Espresso/outputs/field_0/PBE-d3/top/data/ldos.pp.dat770.xsf
     Plot Type: 3D                     Output format: XCrySDen     
     Reading data from file  /home/ubuntu/projects/Graphene-Band-Structure-Quantum-Espresso/outputs/field_0/PBE-d3/top/data/ldos.pp.dat771

     Writing data to be plotted to file /home/ubuntu/projects/Graphene-Band-Structure-Quantum-Espresso/outputs/field_0/PBE-d3/top/data/ldos.pp.dat771.xsf
     Plot Type: 3D                     Output format: XCrySDen     
     Reading data from file  /home/ubuntu/projects/Graphene-Band-Structure-Quantum-Espresso/outputs/field_0/PBE-d3/top/data/ldos.pp.dat772

     Writing data to be plotted to file /home/ubuntu/projects/Graphene-Band-Structure-Quantum-Espresso/outputs/field_0/PBE-d3/top/data/ldos.pp.dat772.xsf
     Plot Type: 3D                     Output format: XCrySDen     
     Reading data from file  /home/ubuntu/projects/Graphene-Band-Structure-Quantum-Espresso/outputs/field_0/PBE-d3/top/data/ldos.pp.dat773

     Writing data to be plotted to file /home/ubuntu/projects/Graphene-Band-Structure-Quantum-Espresso/outputs/field_0/PBE-d3/top/data/ldos.pp.dat773.xsf
     Plot Type: 3D                     Output format: XCrySDen     
     Reading data from file  /home/ubuntu/projects/Graphene-Band-Structure-Quantum-Espresso/outputs/field_0/PBE-d3/top/data/ldos.pp.dat774

     Writing data to be plotted to file /home/ubuntu/projects/Graphene-Band-Structure-Quantum-Espresso/outputs/field_0/PBE-d3/top/data/ldos.pp.dat774.xsf
     Plot Type: 3D                     Output format: XCrySDen     
     Reading data from file  /home/ubuntu/projects/Graphene-Band-Structure-Quantum-Espresso/outputs/field_0/PBE-d3/top/data/ldos.pp.dat775

     Writing data to be plotted to file /home/ubuntu/projects/Graphene-Band-Structure-Quantum-Espresso/outputs/field_0/PBE-d3/top/data/ldos.pp.dat775.xsf
     Plot Type: 3D                     Output format: XCrySDen     
     Reading data from file  /home/ubuntu/projects/Graphene-Band-Structure-Quantum-Espresso/outputs/field_0/PBE-d3/top/data/ldos.pp.dat776

     Writing data to be plotted to file /home/ubuntu/projects/Graphene-Band-Structure-Quantum-Espresso/outputs/field_0/PBE-d3/top/data/ldos.pp.dat776.xsf
     Plot Type: 3D                     Output format: XCrySDen     
     Reading data from file  /home/ubuntu/projects/Graphene-Band-Structure-Quantum-Espresso/outputs/field_0/PBE-d3/top/data/ldos.pp.dat777

     Writing data to be plotted to file /home/ubuntu/projects/Graphene-Band-Structure-Quantum-Espresso/outputs/field_0/PBE-d3/top/data/ldos.pp.dat777.xsf
     Plot Type: 3D                     Output format: XCrySDen     
     Reading data from file  /home/ubuntu/projects/Graphene-Band-Structure-Quantum-Espresso/outputs/field_0/PBE-d3/top/data/ldos.pp.dat778

     Writing data to be plotted to file /home/ubuntu/projects/Graphene-Band-Structure-Quantum-Espresso/outputs/field_0/PBE-d3/top/data/ldos.pp.dat778.xsf
     Plot Type: 3D                     Output format: XCrySDen     
     Reading data from file  /home/ubuntu/projects/Graphene-Band-Structure-Quantum-Espresso/outputs/field_0/PBE-d3/top/data/ldos.pp.dat779

     Writing data to be plotted to file /home/ubuntu/projects/Graphene-Band-Structure-Quantum-Espresso/outputs/field_0/PBE-d3/top/data/ldos.pp.dat779.xsf
     Plot Type: 3D                     Output format: XCrySDen     
     Reading data from file  /home/ubuntu/projects/Graphene-Band-Structure-Quantum-Espresso/outputs/field_0/PBE-d3/top/data/ldos.pp.dat780

     Writing data to be plotted to file /home/ubuntu/projects/Graphene-Band-Structure-Quantum-Espresso/outputs/field_0/PBE-d3/top/data/ldos.pp.dat780.xsf
     Plot Type: 3D                     Output format: XCrySDen     
     Reading data from file  /home/ubuntu/projects/Graphene-Band-Structure-Quantum-Espresso/outputs/field_0/PBE-d3/top/data/ldos.pp.dat781

     Writing data to be plotted to file /home/ubuntu/projects/Graphene-Band-Structure-Quantum-Espresso/outputs/field_0/PBE-d3/top/data/ldos.pp.dat781.xsf
     Plot Type: 3D                     Output format: XCrySDen     
     Reading data from file  /home/ubuntu/projects/Graphene-Band-Structure-Quantum-Espresso/outputs/field_0/PBE-d3/top/data/ldos.pp.dat782

     Writing data to be plotted to file /home/ubuntu/projects/Graphene-Band-Structure-Quantum-Espresso/outputs/field_0/PBE-d3/top/data/ldos.pp.dat782.xsf
     Plot Type: 3D                     Output format: XCrySDen     
     Reading data from file  /home/ubuntu/projects/Graphene-Band-Structure-Quantum-Espresso/outputs/field_0/PBE-d3/top/data/ldos.pp.dat783

     Writing data to be plotted to file /home/ubuntu/projects/Graphene-Band-Structure-Quantum-Espresso/outputs/field_0/PBE-d3/top/data/ldos.pp.dat783.xsf
     Plot Type: 3D                     Output format: XCrySDen     
     Reading data from file  /home/ubuntu/projects/Graphene-Band-Structure-Quantum-Espresso/outputs/field_0/PBE-d3/top/data/ldos.pp.dat784

     Writing data to be plotted to file /home/ubuntu/projects/Graphene-Band-Structure-Quantum-Espresso/outputs/field_0/PBE-d3/top/data/ldos.pp.dat784.xsf
     Plot Type: 3D                     Output format: XCrySDen     
     Reading data from file  /home/ubuntu/projects/Graphene-Band-Structure-Quantum-Espresso/outputs/field_0/PBE-d3/top/data/ldos.pp.dat785

     Writing data to be plotted to file /home/ubuntu/projects/Graphene-Band-Structure-Quantum-Espresso/outputs/field_0/PBE-d3/top/data/ldos.pp.dat785.xsf
     Plot Type: 3D                     Output format: XCrySDen     
     Reading data from file  /home/ubuntu/projects/Graphene-Band-Structure-Quantum-Espresso/outputs/field_0/PBE-d3/top/data/ldos.pp.dat786

     Writing data to be plotted to file /home/ubuntu/projects/Graphene-Band-Structure-Quantum-Espresso/outputs/field_0/PBE-d3/top/data/ldos.pp.dat786.xsf
     Plot Type: 3D                     Output format: XCrySDen     
     Reading data from file  /home/ubuntu/projects/Graphene-Band-Structure-Quantum-Espresso/outputs/field_0/PBE-d3/top/data/ldos.pp.dat787

     Writing data to be plotted to file /home/ubuntu/projects/Graphene-Band-Structure-Quantum-Espresso/outputs/field_0/PBE-d3/top/data/ldos.pp.dat787.xsf
     Plot Type: 3D                     Output format: XCrySDen     
     Reading data from file  /home/ubuntu/projects/Graphene-Band-Structure-Quantum-Espresso/outputs/field_0/PBE-d3/top/data/ldos.pp.dat788

     Writing data to be plotted to file /home/ubuntu/projects/Graphene-Band-Structure-Quantum-Espresso/outputs/field_0/PBE-d3/top/data/ldos.pp.dat788.xsf
     Plot Type: 3D                     Output format: XCrySDen     
     Reading data from file  /home/ubuntu/projects/Graphene-Band-Structure-Quantum-Espresso/outputs/field_0/PBE-d3/top/data/ldos.pp.dat789

     Writing data to be plotted to file /home/ubuntu/projects/Graphene-Band-Structure-Quantum-Espresso/outputs/field_0/PBE-d3/top/data/ldos.pp.dat789.xsf
     Plot Type: 3D                     Output format: XCrySDen     
     Reading data from file  /home/ubuntu/projects/Graphene-Band-Structure-Quantum-Espresso/outputs/field_0/PBE-d3/top/data/ldos.pp.dat790

     Writing data to be plotted to file /home/ubuntu/projects/Graphene-Band-Structure-Quantum-Espresso/outputs/field_0/PBE-d3/top/data/ldos.pp.dat790.xsf
     Plot Type: 3D                     Output format: XCrySDen     
     Reading data from file  /home/ubuntu/projects/Graphene-Band-Structure-Quantum-Espresso/outputs/field_0/PBE-d3/top/data/ldos.pp.dat791

     Writing data to be plotted to file /home/ubuntu/projects/Graphene-Band-Structure-Quantum-Espresso/outputs/field_0/PBE-d3/top/data/ldos.pp.dat791.xsf
     Plot Type: 3D                     Output format: XCrySDen     
     Reading data from file  /home/ubuntu/projects/Graphene-Band-Structure-Quantum-Espresso/outputs/field_0/PBE-d3/top/data/ldos.pp.dat792

     Writing data to be plotted to file /home/ubuntu/projects/Graphene-Band-Structure-Quantum-Espresso/outputs/field_0/PBE-d3/top/data/ldos.pp.dat792.xsf
     Plot Type: 3D                     Output format: XCrySDen     
     Reading data from file  /home/ubuntu/projects/Graphene-Band-Structure-Quantum-Espresso/outputs/field_0/PBE-d3/top/data/ldos.pp.dat793

     Writing data to be plotted to file /home/ubuntu/projects/Graphene-Band-Structure-Quantum-Espresso/outputs/field_0/PBE-d3/top/data/ldos.pp.dat793.xsf
     Plot Type: 3D                     Output format: XCrySDen     
     Reading data from file  /home/ubuntu/projects/Graphene-Band-Structure-Quantum-Espresso/outputs/field_0/PBE-d3/top/data/ldos.pp.dat794

     Writing data to be plotted to file /home/ubuntu/projects/Graphene-Band-Structure-Quantum-Espresso/outputs/field_0/PBE-d3/top/data/ldos.pp.dat794.xsf
     Plot Type: 3D                     Output format: XCrySDen     
     Reading data from file  /home/ubuntu/projects/Graphene-Band-Structure-Quantum-Espresso/outputs/field_0/PBE-d3/top/data/ldos.pp.dat795

     Writing data to be plotted to file /home/ubuntu/projects/Graphene-Band-Structure-Quantum-Espresso/outputs/field_0/PBE-d3/top/data/ldos.pp.dat795.xsf
     Plot Type: 3D                     Output format: XCrySDen     
     Reading data from file  /home/ubuntu/projects/Graphene-Band-Structure-Quantum-Espresso/outputs/field_0/PBE-d3/top/data/ldos.pp.dat796

     Writing data to be plotted to file /home/ubuntu/projects/Graphene-Band-Structure-Quantum-Espresso/outputs/field_0/PBE-d3/top/data/ldos.pp.dat796.xsf
     Plot Type: 3D                     Output format: XCrySDen     
     Reading data from file  /home/ubuntu/projects/Graphene-Band-Structure-Quantum-Espresso/outputs/field_0/PBE-d3/top/data/ldos.pp.dat797

     Writing data to be plotted to file /home/ubuntu/projects/Graphene-Band-Structure-Quantum-Espresso/outputs/field_0/PBE-d3/top/data/ldos.pp.dat797.xsf
     Plot Type: 3D                     Output format: XCrySDen     
     Reading data from file  /home/ubuntu/projects/Graphene-Band-Structure-Quantum-Espresso/outputs/field_0/PBE-d3/top/data/ldos.pp.dat798

     Writing data to be plotted to file /home/ubuntu/projects/Graphene-Band-Structure-Quantum-Espresso/outputs/field_0/PBE-d3/top/data/ldos.pp.dat798.xsf
     Plot Type: 3D                     Output format: XCrySDen     
     Reading data from file  /home/ubuntu/projects/Graphene-Band-Structure-Quantum-Espresso/outputs/field_0/PBE-d3/top/data/ldos.pp.dat799

     Writing data to be plotted to file /home/ubuntu/projects/Graphene-Band-Structure-Quantum-Espresso/outputs/field_0/PBE-d3/top/data/ldos.pp.dat799.xsf
     Plot Type: 3D                     Output format: XCrySDen     
     Reading data from file  /home/ubuntu/projects/Graphene-Band-Structure-Quantum-Espresso/outputs/field_0/PBE-d3/top/data/ldos.pp.dat800

     Writing data to be plotted to file /home/ubuntu/projects/Graphene-Band-Structure-Quantum-Espresso/outputs/field_0/PBE-d3/top/data/ldos.pp.dat800.xsf
     Plot Type: 3D                     Output format: XCrySDen     
     Reading data from file  /home/ubuntu/projects/Graphene-Band-Structure-Quantum-Espresso/outputs/field_0/PBE-d3/top/data/ldos.pp.dat801

     Writing data to be plotted to file /home/ubuntu/projects/Graphene-Band-Structure-Quantum-Espresso/outputs/field_0/PBE-d3/top/data/ldos.pp.dat801.xsf
     Plot Type: 3D                     Output format: XCrySDen     
     Reading data from file  /home/ubuntu/projects/Graphene-Band-Structure-Quantum-Espresso/outputs/field_0/PBE-d3/top/data/ldos.pp.dat802

     Writing data to be plotted to file /home/ubuntu/projects/Graphene-Band-Structure-Quantum-Espresso/outputs/field_0/PBE-d3/top/data/ldos.pp.dat802.xsf
     Plot Type: 3D                     Output format: XCrySDen     
     Reading data from file  /home/ubuntu/projects/Graphene-Band-Structure-Quantum-Espresso/outputs/field_0/PBE-d3/top/data/ldos.pp.dat803

     Writing data to be plotted to file /home/ubuntu/projects/Graphene-Band-Structure-Quantum-Espresso/outputs/field_0/PBE-d3/top/data/ldos.pp.dat803.xsf
     Plot Type: 3D                     Output format: XCrySDen     
     Reading data from file  /home/ubuntu/projects/Graphene-Band-Structure-Quantum-Espresso/outputs/field_0/PBE-d3/top/data/ldos.pp.dat804

     Writing data to be plotted to file /home/ubuntu/projects/Graphene-Band-Structure-Quantum-Espresso/outputs/field_0/PBE-d3/top/data/ldos.pp.dat804.xsf
     Plot Type: 3D                     Output format: XCrySDen     
     Reading data from file  /home/ubuntu/projects/Graphene-Band-Structure-Quantum-Espresso/outputs/field_0/PBE-d3/top/data/ldos.pp.dat805

     Writing data to be plotted to file /home/ubuntu/projects/Graphene-Band-Structure-Quantum-Espresso/outputs/field_0/PBE-d3/top/data/ldos.pp.dat805.xsf
     Plot Type: 3D                     Output format: XCrySDen     
     Reading data from file  /home/ubuntu/projects/Graphene-Band-Structure-Quantum-Espresso/outputs/field_0/PBE-d3/top/data/ldos.pp.dat806

     Writing data to be plotted to file /home/ubuntu/projects/Graphene-Band-Structure-Quantum-Espresso/outputs/field_0/PBE-d3/top/data/ldos.pp.dat806.xsf
     Plot Type: 3D                     Output format: XCrySDen     
     Reading data from file  /home/ubuntu/projects/Graphene-Band-Structure-Quantum-Espresso/outputs/field_0/PBE-d3/top/data/ldos.pp.dat807

     Writing data to be plotted to file /home/ubuntu/projects/Graphene-Band-Structure-Quantum-Espresso/outputs/field_0/PBE-d3/top/data/ldos.pp.dat807.xsf
     Plot Type: 3D                     Output format: XCrySDen     
     Reading data from file  /home/ubuntu/projects/Graphene-Band-Structure-Quantum-Espresso/outputs/field_0/PBE-d3/top/data/ldos.pp.dat808

     Writing data to be plotted to file /home/ubuntu/projects/Graphene-Band-Structure-Quantum-Espresso/outputs/field_0/PBE-d3/top/data/ldos.pp.dat808.xsf
     Plot Type: 3D                     Output format: XCrySDen     
     Reading data from file  /home/ubuntu/projects/Graphene-Band-Structure-Quantum-Espresso/outputs/field_0/PBE-d3/top/data/ldos.pp.dat809

     Writing data to be plotted to file /home/ubuntu/projects/Graphene-Band-Structure-Quantum-Espresso/outputs/field_0/PBE-d3/top/data/ldos.pp.dat809.xsf
     Plot Type: 3D                     Output format: XCrySDen     
     Reading data from file  /home/ubuntu/projects/Graphene-Band-Structure-Quantum-Espresso/outputs/field_0/PBE-d3/top/data/ldos.pp.dat810

     Writing data to be plotted to file /home/ubuntu/projects/Graphene-Band-Structure-Quantum-Espresso/outputs/field_0/PBE-d3/top/data/ldos.pp.dat810.xsf
     Plot Type: 3D                     Output format: XCrySDen     
     Reading data from file  /home/ubuntu/projects/Graphene-Band-Structure-Quantum-Espresso/outputs/field_0/PBE-d3/top/data/ldos.pp.dat811

     Writing data to be plotted to file /home/ubuntu/projects/Graphene-Band-Structure-Quantum-Espresso/outputs/field_0/PBE-d3/top/data/ldos.pp.dat811.xsf
     Plot Type: 3D                     Output format: XCrySDen     
     Reading data from file  /home/ubuntu/projects/Graphene-Band-Structure-Quantum-Espresso/outputs/field_0/PBE-d3/top/data/ldos.pp.dat812

     Writing data to be plotted to file /home/ubuntu/projects/Graphene-Band-Structure-Quantum-Espresso/outputs/field_0/PBE-d3/top/data/ldos.pp.dat812.xsf
     Plot Type: 3D                     Output format: XCrySDen     
     Reading data from file  /home/ubuntu/projects/Graphene-Band-Structure-Quantum-Espresso/outputs/field_0/PBE-d3/top/data/ldos.pp.dat813

     Writing data to be plotted to file /home/ubuntu/projects/Graphene-Band-Structure-Quantum-Espresso/outputs/field_0/PBE-d3/top/data/ldos.pp.dat813.xsf
     Plot Type: 3D                     Output format: XCrySDen     
     Reading data from file  /home/ubuntu/projects/Graphene-Band-Structure-Quantum-Espresso/outputs/field_0/PBE-d3/top/data/ldos.pp.dat814

     Writing data to be plotted to file /home/ubuntu/projects/Graphene-Band-Structure-Quantum-Espresso/outputs/field_0/PBE-d3/top/data/ldos.pp.dat814.xsf
     Plot Type: 3D                     Output format: XCrySDen     
     Reading data from file  /home/ubuntu/projects/Graphene-Band-Structure-Quantum-Espresso/outputs/field_0/PBE-d3/top/data/ldos.pp.dat815

     Writing data to be plotted to file /home/ubuntu/projects/Graphene-Band-Structure-Quantum-Espresso/outputs/field_0/PBE-d3/top/data/ldos.pp.dat815.xsf
     Plot Type: 3D                     Output format: XCrySDen     
     Reading data from file  /home/ubuntu/projects/Graphene-Band-Structure-Quantum-Espresso/outputs/field_0/PBE-d3/top/data/ldos.pp.dat816

     Writing data to be plotted to file /home/ubuntu/projects/Graphene-Band-Structure-Quantum-Espresso/outputs/field_0/PBE-d3/top/data/ldos.pp.dat816.xsf
     Plot Type: 3D                     Output format: XCrySDen     
     Reading data from file  /home/ubuntu/projects/Graphene-Band-Structure-Quantum-Espresso/outputs/field_0/PBE-d3/top/data/ldos.pp.dat817

     Writing data to be plotted to file /home/ubuntu/projects/Graphene-Band-Structure-Quantum-Espresso/outputs/field_0/PBE-d3/top/data/ldos.pp.dat817.xsf
     Plot Type: 3D                     Output format: XCrySDen     
     Reading data from file  /home/ubuntu/projects/Graphene-Band-Structure-Quantum-Espresso/outputs/field_0/PBE-d3/top/data/ldos.pp.dat818

     Writing data to be plotted to file /home/ubuntu/projects/Graphene-Band-Structure-Quantum-Espresso/outputs/field_0/PBE-d3/top/data/ldos.pp.dat818.xsf
     Plot Type: 3D                     Output format: XCrySDen     
     Reading data from file  /home/ubuntu/projects/Graphene-Band-Structure-Quantum-Espresso/outputs/field_0/PBE-d3/top/data/ldos.pp.dat819

     Writing data to be plotted to file /home/ubuntu/projects/Graphene-Band-Structure-Quantum-Espresso/outputs/field_0/PBE-d3/top/data/ldos.pp.dat819.xsf
     Plot Type: 3D                     Output format: XCrySDen     
     Reading data from file  /home/ubuntu/projects/Graphene-Band-Structure-Quantum-Espresso/outputs/field_0/PBE-d3/top/data/ldos.pp.dat820

     Writing data to be plotted to file /home/ubuntu/projects/Graphene-Band-Structure-Quantum-Espresso/outputs/field_0/PBE-d3/top/data/ldos.pp.dat820.xsf
     Plot Type: 3D                     Output format: XCrySDen     
     Reading data from file  /home/ubuntu/projects/Graphene-Band-Structure-Quantum-Espresso/outputs/field_0/PBE-d3/top/data/ldos.pp.dat821

     Writing data to be plotted to file /home/ubuntu/projects/Graphene-Band-Structure-Quantum-Espresso/outputs/field_0/PBE-d3/top/data/ldos.pp.dat821.xsf
     Plot Type: 3D                     Output format: XCrySDen     
     Reading data from file  /home/ubuntu/projects/Graphene-Band-Structure-Quantum-Espresso/outputs/field_0/PBE-d3/top/data/ldos.pp.dat822

     Writing data to be plotted to file /home/ubuntu/projects/Graphene-Band-Structure-Quantum-Espresso/outputs/field_0/PBE-d3/top/data/ldos.pp.dat822.xsf
     Plot Type: 3D                     Output format: XCrySDen     
     Reading data from file  /home/ubuntu/projects/Graphene-Band-Structure-Quantum-Espresso/outputs/field_0/PBE-d3/top/data/ldos.pp.dat823

     Writing data to be plotted to file /home/ubuntu/projects/Graphene-Band-Structure-Quantum-Espresso/outputs/field_0/PBE-d3/top/data/ldos.pp.dat823.xsf
     Plot Type: 3D                     Output format: XCrySDen     
     Reading data from file  /home/ubuntu/projects/Graphene-Band-Structure-Quantum-Espresso/outputs/field_0/PBE-d3/top/data/ldos.pp.dat824

     Writing data to be plotted to file /home/ubuntu/projects/Graphene-Band-Structure-Quantum-Espresso/outputs/field_0/PBE-d3/top/data/ldos.pp.dat824.xsf
     Plot Type: 3D                     Output format: XCrySDen     
     Reading data from file  /home/ubuntu/projects/Graphene-Band-Structure-Quantum-Espresso/outputs/field_0/PBE-d3/top/data/ldos.pp.dat825

     Writing data to be plotted to file /home/ubuntu/projects/Graphene-Band-Structure-Quantum-Espresso/outputs/field_0/PBE-d3/top/data/ldos.pp.dat825.xsf
     Plot Type: 3D                     Output format: XCrySDen     
     Reading data from file  /home/ubuntu/projects/Graphene-Band-Structure-Quantum-Espresso/outputs/field_0/PBE-d3/top/data/ldos.pp.dat826

     Writing data to be plotted to file /home/ubuntu/projects/Graphene-Band-Structure-Quantum-Espresso/outputs/field_0/PBE-d3/top/data/ldos.pp.dat826.xsf
     Plot Type: 3D                     Output format: XCrySDen     
     Reading data from file  /home/ubuntu/projects/Graphene-Band-Structure-Quantum-Espresso/outputs/field_0/PBE-d3/top/data/ldos.pp.dat827

     Writing data to be plotted to file /home/ubuntu/projects/Graphene-Band-Structure-Quantum-Espresso/outputs/field_0/PBE-d3/top/data/ldos.pp.dat827.xsf
     Plot Type: 3D                     Output format: XCrySDen     
     Reading data from file  /home/ubuntu/projects/Graphene-Band-Structure-Quantum-Espresso/outputs/field_0/PBE-d3/top/data/ldos.pp.dat828

     Writing data to be plotted to file /home/ubuntu/projects/Graphene-Band-Structure-Quantum-Espresso/outputs/field_0/PBE-d3/top/data/ldos.pp.dat828.xsf
     Plot Type: 3D                     Output format: XCrySDen     
     Reading data from file  /home/ubuntu/projects/Graphene-Band-Structure-Quantum-Espresso/outputs/field_0/PBE-d3/top/data/ldos.pp.dat829

     Writing data to be plotted to file /home/ubuntu/projects/Graphene-Band-Structure-Quantum-Espresso/outputs/field_0/PBE-d3/top/data/ldos.pp.dat829.xsf
     Plot Type: 3D                     Output format: XCrySDen     
     Reading data from file  /home/ubuntu/projects/Graphene-Band-Structure-Quantum-Espresso/outputs/field_0/PBE-d3/top/data/ldos.pp.dat830

     Writing data to be plotted to file /home/ubuntu/projects/Graphene-Band-Structure-Quantum-Espresso/outputs/field_0/PBE-d3/top/data/ldos.pp.dat830.xsf
     Plot Type: 3D                     Output format: XCrySDen     
     Reading data from file  /home/ubuntu/projects/Graphene-Band-Structure-Quantum-Espresso/outputs/field_0/PBE-d3/top/data/ldos.pp.dat831

     Writing data to be plotted to file /home/ubuntu/projects/Graphene-Band-Structure-Quantum-Espresso/outputs/field_0/PBE-d3/top/data/ldos.pp.dat831.xsf
     Plot Type: 3D                     Output format: XCrySDen     
     Reading data from file  /home/ubuntu/projects/Graphene-Band-Structure-Quantum-Espresso/outputs/field_0/PBE-d3/top/data/ldos.pp.dat832

     Writing data to be plotted to file /home/ubuntu/projects/Graphene-Band-Structure-Quantum-Espresso/outputs/field_0/PBE-d3/top/data/ldos.pp.dat832.xsf
     Plot Type: 3D                     Output format: XCrySDen     
     Reading data from file  /home/ubuntu/projects/Graphene-Band-Structure-Quantum-Espresso/outputs/field_0/PBE-d3/top/data/ldos.pp.dat833

     Writing data to be plotted to file /home/ubuntu/projects/Graphene-Band-Structure-Quantum-Espresso/outputs/field_0/PBE-d3/top/data/ldos.pp.dat833.xsf
     Plot Type: 3D                     Output format: XCrySDen     
     Reading data from file  /home/ubuntu/projects/Graphene-Band-Structure-Quantum-Espresso/outputs/field_0/PBE-d3/top/data/ldos.pp.dat834

     Writing data to be plotted to file /home/ubuntu/projects/Graphene-Band-Structure-Quantum-Espresso/outputs/field_0/PBE-d3/top/data/ldos.pp.dat834.xsf
     Plot Type: 3D                     Output format: XCrySDen     
     Reading data from file  /home/ubuntu/projects/Graphene-Band-Structure-Quantum-Espresso/outputs/field_0/PBE-d3/top/data/ldos.pp.dat835

     Writing data to be plotted to file /home/ubuntu/projects/Graphene-Band-Structure-Quantum-Espresso/outputs/field_0/PBE-d3/top/data/ldos.pp.dat835.xsf
     Plot Type: 3D                     Output format: XCrySDen     
     Reading data from file  /home/ubuntu/projects/Graphene-Band-Structure-Quantum-Espresso/outputs/field_0/PBE-d3/top/data/ldos.pp.dat836

     Writing data to be plotted to file /home/ubuntu/projects/Graphene-Band-Structure-Quantum-Espresso/outputs/field_0/PBE-d3/top/data/ldos.pp.dat836.xsf
     Plot Type: 3D                     Output format: XCrySDen     
     Reading data from file  /home/ubuntu/projects/Graphene-Band-Structure-Quantum-Espresso/outputs/field_0/PBE-d3/top/data/ldos.pp.dat837

     Writing data to be plotted to file /home/ubuntu/projects/Graphene-Band-Structure-Quantum-Espresso/outputs/field_0/PBE-d3/top/data/ldos.pp.dat837.xsf
     Plot Type: 3D                     Output format: XCrySDen     
     Reading data from file  /home/ubuntu/projects/Graphene-Band-Structure-Quantum-Espresso/outputs/field_0/PBE-d3/top/data/ldos.pp.dat838

     Writing data to be plotted to file /home/ubuntu/projects/Graphene-Band-Structure-Quantum-Espresso/outputs/field_0/PBE-d3/top/data/ldos.pp.dat838.xsf
     Plot Type: 3D                     Output format: XCrySDen     
     Reading data from file  /home/ubuntu/projects/Graphene-Band-Structure-Quantum-Espresso/outputs/field_0/PBE-d3/top/data/ldos.pp.dat839

     Writing data to be plotted to file /home/ubuntu/projects/Graphene-Band-Structure-Quantum-Espresso/outputs/field_0/PBE-d3/top/data/ldos.pp.dat839.xsf
     Plot Type: 3D                     Output format: XCrySDen     
     Reading data from file  /home/ubuntu/projects/Graphene-Band-Structure-Quantum-Espresso/outputs/field_0/PBE-d3/top/data/ldos.pp.dat840

     Writing data to be plotted to file /home/ubuntu/projects/Graphene-Band-Structure-Quantum-Espresso/outputs/field_0/PBE-d3/top/data/ldos.pp.dat840.xsf
     Plot Type: 3D                     Output format: XCrySDen     
     Reading data from file  /home/ubuntu/projects/Graphene-Band-Structure-Quantum-Espresso/outputs/field_0/PBE-d3/top/data/ldos.pp.dat841

     Writing data to be plotted to file /home/ubuntu/projects/Graphene-Band-Structure-Quantum-Espresso/outputs/field_0/PBE-d3/top/data/ldos.pp.dat841.xsf
     Plot Type: 3D                     Output format: XCrySDen     
     Reading data from file  /home/ubuntu/projects/Graphene-Band-Structure-Quantum-Espresso/outputs/field_0/PBE-d3/top/data/ldos.pp.dat842

     Writing data to be plotted to file /home/ubuntu/projects/Graphene-Band-Structure-Quantum-Espresso/outputs/field_0/PBE-d3/top/data/ldos.pp.dat842.xsf
     Plot Type: 3D                     Output format: XCrySDen     
     Reading data from file  /home/ubuntu/projects/Graphene-Band-Structure-Quantum-Espresso/outputs/field_0/PBE-d3/top/data/ldos.pp.dat843

     Writing data to be plotted to file /home/ubuntu/projects/Graphene-Band-Structure-Quantum-Espresso/outputs/field_0/PBE-d3/top/data/ldos.pp.dat843.xsf
     Plot Type: 3D                     Output format: XCrySDen     
     Reading data from file  /home/ubuntu/projects/Graphene-Band-Structure-Quantum-Espresso/outputs/field_0/PBE-d3/top/data/ldos.pp.dat844

     Writing data to be plotted to file /home/ubuntu/projects/Graphene-Band-Structure-Quantum-Espresso/outputs/field_0/PBE-d3/top/data/ldos.pp.dat844.xsf
     Plot Type: 3D                     Output format: XCrySDen     
     Reading data from file  /home/ubuntu/projects/Graphene-Band-Structure-Quantum-Espresso/outputs/field_0/PBE-d3/top/data/ldos.pp.dat845

     Writing data to be plotted to file /home/ubuntu/projects/Graphene-Band-Structure-Quantum-Espresso/outputs/field_0/PBE-d3/top/data/ldos.pp.dat845.xsf
     Plot Type: 3D                     Output format: XCrySDen     
     Reading data from file  /home/ubuntu/projects/Graphene-Band-Structure-Quantum-Espresso/outputs/field_0/PBE-d3/top/data/ldos.pp.dat846

     Writing data to be plotted to file /home/ubuntu/projects/Graphene-Band-Structure-Quantum-Espresso/outputs/field_0/PBE-d3/top/data/ldos.pp.dat846.xsf
     Plot Type: 3D                     Output format: XCrySDen     
     Reading data from file  /home/ubuntu/projects/Graphene-Band-Structure-Quantum-Espresso/outputs/field_0/PBE-d3/top/data/ldos.pp.dat847

     Writing data to be plotted to file /home/ubuntu/projects/Graphene-Band-Structure-Quantum-Espresso/outputs/field_0/PBE-d3/top/data/ldos.pp.dat847.xsf
     Plot Type: 3D                     Output format: XCrySDen     
     Reading data from file  /home/ubuntu/projects/Graphene-Band-Structure-Quantum-Espresso/outputs/field_0/PBE-d3/top/data/ldos.pp.dat848

     Writing data to be plotted to file /home/ubuntu/projects/Graphene-Band-Structure-Quantum-Espresso/outputs/field_0/PBE-d3/top/data/ldos.pp.dat848.xsf
     Plot Type: 3D                     Output format: XCrySDen     
     Reading data from file  /home/ubuntu/projects/Graphene-Band-Structure-Quantum-Espresso/outputs/field_0/PBE-d3/top/data/ldos.pp.dat849

     Writing data to be plotted to file /home/ubuntu/projects/Graphene-Band-Structure-Quantum-Espresso/outputs/field_0/PBE-d3/top/data/ldos.pp.dat849.xsf
     Plot Type: 3D                     Output format: XCrySDen     
     Reading data from file  /home/ubuntu/projects/Graphene-Band-Structure-Quantum-Espresso/outputs/field_0/PBE-d3/top/data/ldos.pp.dat850

     Writing data to be plotted to file /home/ubuntu/projects/Graphene-Band-Structure-Quantum-Espresso/outputs/field_0/PBE-d3/top/data/ldos.pp.dat850.xsf
     Plot Type: 3D                     Output format: XCrySDen     
     Reading data from file  /home/ubuntu/projects/Graphene-Band-Structure-Quantum-Espresso/outputs/field_0/PBE-d3/top/data/ldos.pp.dat851

     Writing data to be plotted to file /home/ubuntu/projects/Graphene-Band-Structure-Quantum-Espresso/outputs/field_0/PBE-d3/top/data/ldos.pp.dat851.xsf
     Plot Type: 3D                     Output format: XCrySDen     
     Reading data from file  /home/ubuntu/projects/Graphene-Band-Structure-Quantum-Espresso/outputs/field_0/PBE-d3/top/data/ldos.pp.dat852

     Writing data to be plotted to file /home/ubuntu/projects/Graphene-Band-Structure-Quantum-Espresso/outputs/field_0/PBE-d3/top/data/ldos.pp.dat852.xsf
     Plot Type: 3D                     Output format: XCrySDen     
     Reading data from file  /home/ubuntu/projects/Graphene-Band-Structure-Quantum-Espresso/outputs/field_0/PBE-d3/top/data/ldos.pp.dat853

     Writing data to be plotted to file /home/ubuntu/projects/Graphene-Band-Structure-Quantum-Espresso/outputs/field_0/PBE-d3/top/data/ldos.pp.dat853.xsf
     Plot Type: 3D                     Output format: XCrySDen     
     Reading data from file  /home/ubuntu/projects/Graphene-Band-Structure-Quantum-Espresso/outputs/field_0/PBE-d3/top/data/ldos.pp.dat854

     Writing data to be plotted to file /home/ubuntu/projects/Graphene-Band-Structure-Quantum-Espresso/outputs/field_0/PBE-d3/top/data/ldos.pp.dat854.xsf
     Plot Type: 3D                     Output format: XCrySDen     
     Reading data from file  /home/ubuntu/projects/Graphene-Band-Structure-Quantum-Espresso/outputs/field_0/PBE-d3/top/data/ldos.pp.dat855

     Writing data to be plotted to file /home/ubuntu/projects/Graphene-Band-Structure-Quantum-Espresso/outputs/field_0/PBE-d3/top/data/ldos.pp.dat855.xsf
     Plot Type: 3D                     Output format: XCrySDen     
     Reading data from file  /home/ubuntu/projects/Graphene-Band-Structure-Quantum-Espresso/outputs/field_0/PBE-d3/top/data/ldos.pp.dat856

     Writing data to be plotted to file /home/ubuntu/projects/Graphene-Band-Structure-Quantum-Espresso/outputs/field_0/PBE-d3/top/data/ldos.pp.dat856.xsf
     Plot Type: 3D                     Output format: XCrySDen     
     Reading data from file  /home/ubuntu/projects/Graphene-Band-Structure-Quantum-Espresso/outputs/field_0/PBE-d3/top/data/ldos.pp.dat857

     Writing data to be plotted to file /home/ubuntu/projects/Graphene-Band-Structure-Quantum-Espresso/outputs/field_0/PBE-d3/top/data/ldos.pp.dat857.xsf
     Plot Type: 3D                     Output format: XCrySDen     
     Reading data from file  /home/ubuntu/projects/Graphene-Band-Structure-Quantum-Espresso/outputs/field_0/PBE-d3/top/data/ldos.pp.dat858

     Writing data to be plotted to file /home/ubuntu/projects/Graphene-Band-Structure-Quantum-Espresso/outputs/field_0/PBE-d3/top/data/ldos.pp.dat858.xsf
     Plot Type: 3D                     Output format: XCrySDen     
     Reading data from file  /home/ubuntu/projects/Graphene-Band-Structure-Quantum-Espresso/outputs/field_0/PBE-d3/top/data/ldos.pp.dat859

     Writing data to be plotted to file /home/ubuntu/projects/Graphene-Band-Structure-Quantum-Espresso/outputs/field_0/PBE-d3/top/data/ldos.pp.dat859.xsf
     Plot Type: 3D                     Output format: XCrySDen     
     Reading data from file  /home/ubuntu/projects/Graphene-Band-Structure-Quantum-Espresso/outputs/field_0/PBE-d3/top/data/ldos.pp.dat860

     Writing data to be plotted to file /home/ubuntu/projects/Graphene-Band-Structure-Quantum-Espresso/outputs/field_0/PBE-d3/top/data/ldos.pp.dat860.xsf
     Plot Type: 3D                     Output format: XCrySDen     
     Reading data from file  /home/ubuntu/projects/Graphene-Band-Structure-Quantum-Espresso/outputs/field_0/PBE-d3/top/data/ldos.pp.dat861

     Writing data to be plotted to file /home/ubuntu/projects/Graphene-Band-Structure-Quantum-Espresso/outputs/field_0/PBE-d3/top/data/ldos.pp.dat861.xsf
     Plot Type: 3D                     Output format: XCrySDen     
     Reading data from file  /home/ubuntu/projects/Graphene-Band-Structure-Quantum-Espresso/outputs/field_0/PBE-d3/top/data/ldos.pp.dat862

     Writing data to be plotted to file /home/ubuntu/projects/Graphene-Band-Structure-Quantum-Espresso/outputs/field_0/PBE-d3/top/data/ldos.pp.dat862.xsf
     Plot Type: 3D                     Output format: XCrySDen     
     Reading data from file  /home/ubuntu/projects/Graphene-Band-Structure-Quantum-Espresso/outputs/field_0/PBE-d3/top/data/ldos.pp.dat863

     Writing data to be plotted to file /home/ubuntu/projects/Graphene-Band-Structure-Quantum-Espresso/outputs/field_0/PBE-d3/top/data/ldos.pp.dat863.xsf
     Plot Type: 3D                     Output format: XCrySDen     
     Reading data from file  /home/ubuntu/projects/Graphene-Band-Structure-Quantum-Espresso/outputs/field_0/PBE-d3/top/data/ldos.pp.dat864

     Writing data to be plotted to file /home/ubuntu/projects/Graphene-Band-Structure-Quantum-Espresso/outputs/field_0/PBE-d3/top/data/ldos.pp.dat864.xsf
     Plot Type: 3D                     Output format: XCrySDen     
     Reading data from file  /home/ubuntu/projects/Graphene-Band-Structure-Quantum-Espresso/outputs/field_0/PBE-d3/top/data/ldos.pp.dat865

     Writing data to be plotted to file /home/ubuntu/projects/Graphene-Band-Structure-Quantum-Espresso/outputs/field_0/PBE-d3/top/data/ldos.pp.dat865.xsf
     Plot Type: 3D                     Output format: XCrySDen     
     Reading data from file  /home/ubuntu/projects/Graphene-Band-Structure-Quantum-Espresso/outputs/field_0/PBE-d3/top/data/ldos.pp.dat866

     Writing data to be plotted to file /home/ubuntu/projects/Graphene-Band-Structure-Quantum-Espresso/outputs/field_0/PBE-d3/top/data/ldos.pp.dat866.xsf
     Plot Type: 3D                     Output format: XCrySDen     
     Reading data from file  /home/ubuntu/projects/Graphene-Band-Structure-Quantum-Espresso/outputs/field_0/PBE-d3/top/data/ldos.pp.dat867

     Writing data to be plotted to file /home/ubuntu/projects/Graphene-Band-Structure-Quantum-Espresso/outputs/field_0/PBE-d3/top/data/ldos.pp.dat867.xsf
     Plot Type: 3D                     Output format: XCrySDen     
     Reading data from file  /home/ubuntu/projects/Graphene-Band-Structure-Quantum-Espresso/outputs/field_0/PBE-d3/top/data/ldos.pp.dat868

     Writing data to be plotted to file /home/ubuntu/projects/Graphene-Band-Structure-Quantum-Espresso/outputs/field_0/PBE-d3/top/data/ldos.pp.dat868.xsf
     Plot Type: 3D                     Output format: XCrySDen     
     Reading data from file  /home/ubuntu/projects/Graphene-Band-Structure-Quantum-Espresso/outputs/field_0/PBE-d3/top/data/ldos.pp.dat869

     Writing data to be plotted to file /home/ubuntu/projects/Graphene-Band-Structure-Quantum-Espresso/outputs/field_0/PBE-d3/top/data/ldos.pp.dat869.xsf
     Plot Type: 3D                     Output format: XCrySDen     
     Reading data from file  /home/ubuntu/projects/Graphene-Band-Structure-Quantum-Espresso/outputs/field_0/PBE-d3/top/data/ldos.pp.dat870

     Writing data to be plotted to file /home/ubuntu/projects/Graphene-Band-Structure-Quantum-Espresso/outputs/field_0/PBE-d3/top/data/ldos.pp.dat870.xsf
     Plot Type: 3D                     Output format: XCrySDen     
     Reading data from file  /home/ubuntu/projects/Graphene-Band-Structure-Quantum-Espresso/outputs/field_0/PBE-d3/top/data/ldos.pp.dat871

     Writing data to be plotted to file /home/ubuntu/projects/Graphene-Band-Structure-Quantum-Espresso/outputs/field_0/PBE-d3/top/data/ldos.pp.dat871.xsf
     Plot Type: 3D                     Output format: XCrySDen     
     Reading data from file  /home/ubuntu/projects/Graphene-Band-Structure-Quantum-Espresso/outputs/field_0/PBE-d3/top/data/ldos.pp.dat872

     Writing data to be plotted to file /home/ubuntu/projects/Graphene-Band-Structure-Quantum-Espresso/outputs/field_0/PBE-d3/top/data/ldos.pp.dat872.xsf
     Plot Type: 3D                     Output format: XCrySDen     
     Reading data from file  /home/ubuntu/projects/Graphene-Band-Structure-Quantum-Espresso/outputs/field_0/PBE-d3/top/data/ldos.pp.dat873

     Writing data to be plotted to file /home/ubuntu/projects/Graphene-Band-Structure-Quantum-Espresso/outputs/field_0/PBE-d3/top/data/ldos.pp.dat873.xsf
     Plot Type: 3D                     Output format: XCrySDen     
     Reading data from file  /home/ubuntu/projects/Graphene-Band-Structure-Quantum-Espresso/outputs/field_0/PBE-d3/top/data/ldos.pp.dat874

     Writing data to be plotted to file /home/ubuntu/projects/Graphene-Band-Structure-Quantum-Espresso/outputs/field_0/PBE-d3/top/data/ldos.pp.dat874.xsf
     Plot Type: 3D                     Output format: XCrySDen     
     Reading data from file  /home/ubuntu/projects/Graphene-Band-Structure-Quantum-Espresso/outputs/field_0/PBE-d3/top/data/ldos.pp.dat875

     Writing data to be plotted to file /home/ubuntu/projects/Graphene-Band-Structure-Quantum-Espresso/outputs/field_0/PBE-d3/top/data/ldos.pp.dat875.xsf
     Plot Type: 3D                     Output format: XCrySDen     
     Reading data from file  /home/ubuntu/projects/Graphene-Band-Structure-Quantum-Espresso/outputs/field_0/PBE-d3/top/data/ldos.pp.dat876

     Writing data to be plotted to file /home/ubuntu/projects/Graphene-Band-Structure-Quantum-Espresso/outputs/field_0/PBE-d3/top/data/ldos.pp.dat876.xsf
     Plot Type: 3D                     Output format: XCrySDen     
     Reading data from file  /home/ubuntu/projects/Graphene-Band-Structure-Quantum-Espresso/outputs/field_0/PBE-d3/top/data/ldos.pp.dat877

     Writing data to be plotted to file /home/ubuntu/projects/Graphene-Band-Structure-Quantum-Espresso/outputs/field_0/PBE-d3/top/data/ldos.pp.dat877.xsf
     Plot Type: 3D                     Output format: XCrySDen     
     Reading data from file  /home/ubuntu/projects/Graphene-Band-Structure-Quantum-Espresso/outputs/field_0/PBE-d3/top/data/ldos.pp.dat878

     Writing data to be plotted to file /home/ubuntu/projects/Graphene-Band-Structure-Quantum-Espresso/outputs/field_0/PBE-d3/top/data/ldos.pp.dat878.xsf
     Plot Type: 3D                     Output format: XCrySDen     
     Reading data from file  /home/ubuntu/projects/Graphene-Band-Structure-Quantum-Espresso/outputs/field_0/PBE-d3/top/data/ldos.pp.dat879

     Writing data to be plotted to file /home/ubuntu/projects/Graphene-Band-Structure-Quantum-Espresso/outputs/field_0/PBE-d3/top/data/ldos.pp.dat879.xsf
     Plot Type: 3D                     Output format: XCrySDen     
     Reading data from file  /home/ubuntu/projects/Graphene-Band-Structure-Quantum-Espresso/outputs/field_0/PBE-d3/top/data/ldos.pp.dat880

     Writing data to be plotted to file /home/ubuntu/projects/Graphene-Band-Structure-Quantum-Espresso/outputs/field_0/PBE-d3/top/data/ldos.pp.dat880.xsf
     Plot Type: 3D                     Output format: XCrySDen     
     Reading data from file  /home/ubuntu/projects/Graphene-Band-Structure-Quantum-Espresso/outputs/field_0/PBE-d3/top/data/ldos.pp.dat881

     Writing data to be plotted to file /home/ubuntu/projects/Graphene-Band-Structure-Quantum-Espresso/outputs/field_0/PBE-d3/top/data/ldos.pp.dat881.xsf
     Plot Type: 3D                     Output format: XCrySDen     
     Reading data from file  /home/ubuntu/projects/Graphene-Band-Structure-Quantum-Espresso/outputs/field_0/PBE-d3/top/data/ldos.pp.dat882

     Writing data to be plotted to file /home/ubuntu/projects/Graphene-Band-Structure-Quantum-Espresso/outputs/field_0/PBE-d3/top/data/ldos.pp.dat882.xsf
     Plot Type: 3D                     Output format: XCrySDen     
     Reading data from file  /home/ubuntu/projects/Graphene-Band-Structure-Quantum-Espresso/outputs/field_0/PBE-d3/top/data/ldos.pp.dat883

     Writing data to be plotted to file /home/ubuntu/projects/Graphene-Band-Structure-Quantum-Espresso/outputs/field_0/PBE-d3/top/data/ldos.pp.dat883.xsf
     Plot Type: 3D                     Output format: XCrySDen     
     Reading data from file  /home/ubuntu/projects/Graphene-Band-Structure-Quantum-Espresso/outputs/field_0/PBE-d3/top/data/ldos.pp.dat884

     Writing data to be plotted to file /home/ubuntu/projects/Graphene-Band-Structure-Quantum-Espresso/outputs/field_0/PBE-d3/top/data/ldos.pp.dat884.xsf
     Plot Type: 3D                     Output format: XCrySDen     
     Reading data from file  /home/ubuntu/projects/Graphene-Band-Structure-Quantum-Espresso/outputs/field_0/PBE-d3/top/data/ldos.pp.dat885

     Writing data to be plotted to file /home/ubuntu/projects/Graphene-Band-Structure-Quantum-Espresso/outputs/field_0/PBE-d3/top/data/ldos.pp.dat885.xsf
     Plot Type: 3D                     Output format: XCrySDen     
     Reading data from file  /home/ubuntu/projects/Graphene-Band-Structure-Quantum-Espresso/outputs/field_0/PBE-d3/top/data/ldos.pp.dat886

     Writing data to be plotted to file /home/ubuntu/projects/Graphene-Band-Structure-Quantum-Espresso/outputs/field_0/PBE-d3/top/data/ldos.pp.dat886.xsf
     Plot Type: 3D                     Output format: XCrySDen     
     Reading data from file  /home/ubuntu/projects/Graphene-Band-Structure-Quantum-Espresso/outputs/field_0/PBE-d3/top/data/ldos.pp.dat887

     Writing data to be plotted to file /home/ubuntu/projects/Graphene-Band-Structure-Quantum-Espresso/outputs/field_0/PBE-d3/top/data/ldos.pp.dat887.xsf
     Plot Type: 3D                     Output format: XCrySDen     
     Reading data from file  /home/ubuntu/projects/Graphene-Band-Structure-Quantum-Espresso/outputs/field_0/PBE-d3/top/data/ldos.pp.dat888

     Writing data to be plotted to file /home/ubuntu/projects/Graphene-Band-Structure-Quantum-Espresso/outputs/field_0/PBE-d3/top/data/ldos.pp.dat888.xsf
     Plot Type: 3D                     Output format: XCrySDen     
     Reading data from file  /home/ubuntu/projects/Graphene-Band-Structure-Quantum-Espresso/outputs/field_0/PBE-d3/top/data/ldos.pp.dat889

     Writing data to be plotted to file /home/ubuntu/projects/Graphene-Band-Structure-Quantum-Espresso/outputs/field_0/PBE-d3/top/data/ldos.pp.dat889.xsf
     Plot Type: 3D                     Output format: XCrySDen     
     Reading data from file  /home/ubuntu/projects/Graphene-Band-Structure-Quantum-Espresso/outputs/field_0/PBE-d3/top/data/ldos.pp.dat890

     Writing data to be plotted to file /home/ubuntu/projects/Graphene-Band-Structure-Quantum-Espresso/outputs/field_0/PBE-d3/top/data/ldos.pp.dat890.xsf
     Plot Type: 3D                     Output format: XCrySDen     
     Reading data from file  /home/ubuntu/projects/Graphene-Band-Structure-Quantum-Espresso/outputs/field_0/PBE-d3/top/data/ldos.pp.dat891

     Writing data to be plotted to file /home/ubuntu/projects/Graphene-Band-Structure-Quantum-Espresso/outputs/field_0/PBE-d3/top/data/ldos.pp.dat891.xsf
     Plot Type: 3D                     Output format: XCrySDen     
     Reading data from file  /home/ubuntu/projects/Graphene-Band-Structure-Quantum-Espresso/outputs/field_0/PBE-d3/top/data/ldos.pp.dat892

     Writing data to be plotted to file /home/ubuntu/projects/Graphene-Band-Structure-Quantum-Espresso/outputs/field_0/PBE-d3/top/data/ldos.pp.dat892.xsf
     Plot Type: 3D                     Output format: XCrySDen     
     Reading data from file  /home/ubuntu/projects/Graphene-Band-Structure-Quantum-Espresso/outputs/field_0/PBE-d3/top/data/ldos.pp.dat893

     Writing data to be plotted to file /home/ubuntu/projects/Graphene-Band-Structure-Quantum-Espresso/outputs/field_0/PBE-d3/top/data/ldos.pp.dat893.xsf
     Plot Type: 3D                     Output format: XCrySDen     
     Reading data from file  /home/ubuntu/projects/Graphene-Band-Structure-Quantum-Espresso/outputs/field_0/PBE-d3/top/data/ldos.pp.dat894

     Writing data to be plotted to file /home/ubuntu/projects/Graphene-Band-Structure-Quantum-Espresso/outputs/field_0/PBE-d3/top/data/ldos.pp.dat894.xsf
     Plot Type: 3D                     Output format: XCrySDen     
     Reading data from file  /home/ubuntu/projects/Graphene-Band-Structure-Quantum-Espresso/outputs/field_0/PBE-d3/top/data/ldos.pp.dat895

     Writing data to be plotted to file /home/ubuntu/projects/Graphene-Band-Structure-Quantum-Espresso/outputs/field_0/PBE-d3/top/data/ldos.pp.dat895.xsf
     Plot Type: 3D                     Output format: XCrySDen     
     Reading data from file  /home/ubuntu/projects/Graphene-Band-Structure-Quantum-Espresso/outputs/field_0/PBE-d3/top/data/ldos.pp.dat896

     Writing data to be plotted to file /home/ubuntu/projects/Graphene-Band-Structure-Quantum-Espresso/outputs/field_0/PBE-d3/top/data/ldos.pp.dat896.xsf
     Plot Type: 3D                     Output format: XCrySDen     
     Reading data from file  /home/ubuntu/projects/Graphene-Band-Structure-Quantum-Espresso/outputs/field_0/PBE-d3/top/data/ldos.pp.dat897

     Writing data to be plotted to file /home/ubuntu/projects/Graphene-Band-Structure-Quantum-Espresso/outputs/field_0/PBE-d3/top/data/ldos.pp.dat897.xsf
     Plot Type: 3D                     Output format: XCrySDen     
     Reading data from file  /home/ubuntu/projects/Graphene-Band-Structure-Quantum-Espresso/outputs/field_0/PBE-d3/top/data/ldos.pp.dat898

     Writing data to be plotted to file /home/ubuntu/projects/Graphene-Band-Structure-Quantum-Espresso/outputs/field_0/PBE-d3/top/data/ldos.pp.dat898.xsf
     Plot Type: 3D                     Output format: XCrySDen     
     Reading data from file  /home/ubuntu/projects/Graphene-Band-Structure-Quantum-Espresso/outputs/field_0/PBE-d3/top/data/ldos.pp.dat899

     Writing data to be plotted to file /home/ubuntu/projects/Graphene-Band-Structure-Quantum-Espresso/outputs/field_0/PBE-d3/top/data/ldos.pp.dat899.xsf
     Plot Type: 3D                     Output format: XCrySDen     
     Reading data from file  /home/ubuntu/projects/Graphene-Band-Structure-Quantum-Espresso/outputs/field_0/PBE-d3/top/data/ldos.pp.dat900

     Writing data to be plotted to file /home/ubuntu/projects/Graphene-Band-Structure-Quantum-Espresso/outputs/field_0/PBE-d3/top/data/ldos.pp.dat900.xsf
     Plot Type: 3D                     Output format: XCrySDen     
     Reading data from file  /home/ubuntu/projects/Graphene-Band-Structure-Quantum-Espresso/outputs/field_0/PBE-d3/top/data/ldos.pp.dat901

     Writing data to be plotted to file /home/ubuntu/projects/Graphene-Band-Structure-Quantum-Espresso/outputs/field_0/PBE-d3/top/data/ldos.pp.dat901.xsf
     Plot Type: 3D                     Output format: XCrySDen     
     Reading data from file  /home/ubuntu/projects/Graphene-Band-Structure-Quantum-Espresso/outputs/field_0/PBE-d3/top/data/ldos.pp.dat902

     Writing data to be plotted to file /home/ubuntu/projects/Graphene-Band-Structure-Quantum-Espresso/outputs/field_0/PBE-d3/top/data/ldos.pp.dat902.xsf
     Plot Type: 3D                     Output format: XCrySDen     
     Reading data from file  /home/ubuntu/projects/Graphene-Band-Structure-Quantum-Espresso/outputs/field_0/PBE-d3/top/data/ldos.pp.dat903

     Writing data to be plotted to file /home/ubuntu/projects/Graphene-Band-Structure-Quantum-Espresso/outputs/field_0/PBE-d3/top/data/ldos.pp.dat903.xsf
     Plot Type: 3D                     Output format: XCrySDen     
     Reading data from file  /home/ubuntu/projects/Graphene-Band-Structure-Quantum-Espresso/outputs/field_0/PBE-d3/top/data/ldos.pp.dat904

     Writing data to be plotted to file /home/ubuntu/projects/Graphene-Band-Structure-Quantum-Espresso/outputs/field_0/PBE-d3/top/data/ldos.pp.dat904.xsf
     Plot Type: 3D                     Output format: XCrySDen     
     Reading data from file  /home/ubuntu/projects/Graphene-Band-Structure-Quantum-Espresso/outputs/field_0/PBE-d3/top/data/ldos.pp.dat905

     Writing data to be plotted to file /home/ubuntu/projects/Graphene-Band-Structure-Quantum-Espresso/outputs/field_0/PBE-d3/top/data/ldos.pp.dat905.xsf
     Plot Type: 3D                     Output format: XCrySDen     
     Reading data from file  /home/ubuntu/projects/Graphene-Band-Structure-Quantum-Espresso/outputs/field_0/PBE-d3/top/data/ldos.pp.dat906

     Writing data to be plotted to file /home/ubuntu/projects/Graphene-Band-Structure-Quantum-Espresso/outputs/field_0/PBE-d3/top/data/ldos.pp.dat906.xsf
     Plot Type: 3D                     Output format: XCrySDen     
     Reading data from file  /home/ubuntu/projects/Graphene-Band-Structure-Quantum-Espresso/outputs/field_0/PBE-d3/top/data/ldos.pp.dat907

     Writing data to be plotted to file /home/ubuntu/projects/Graphene-Band-Structure-Quantum-Espresso/outputs/field_0/PBE-d3/top/data/ldos.pp.dat907.xsf
     Plot Type: 3D                     Output format: XCrySDen     
     Reading data from file  /home/ubuntu/projects/Graphene-Band-Structure-Quantum-Espresso/outputs/field_0/PBE-d3/top/data/ldos.pp.dat908

     Writing data to be plotted to file /home/ubuntu/projects/Graphene-Band-Structure-Quantum-Espresso/outputs/field_0/PBE-d3/top/data/ldos.pp.dat908.xsf
     Plot Type: 3D                     Output format: XCrySDen     
     Reading data from file  /home/ubuntu/projects/Graphene-Band-Structure-Quantum-Espresso/outputs/field_0/PBE-d3/top/data/ldos.pp.dat909

     Writing data to be plotted to file /home/ubuntu/projects/Graphene-Band-Structure-Quantum-Espresso/outputs/field_0/PBE-d3/top/data/ldos.pp.dat909.xsf
     Plot Type: 3D                     Output format: XCrySDen     
     Reading data from file  /home/ubuntu/projects/Graphene-Band-Structure-Quantum-Espresso/outputs/field_0/PBE-d3/top/data/ldos.pp.dat910

     Writing data to be plotted to file /home/ubuntu/projects/Graphene-Band-Structure-Quantum-Espresso/outputs/field_0/PBE-d3/top/data/ldos.pp.dat910.xsf
     Plot Type: 3D                     Output format: XCrySDen     
     Reading data from file  /home/ubuntu/projects/Graphene-Band-Structure-Quantum-Espresso/outputs/field_0/PBE-d3/top/data/ldos.pp.dat911

     Writing data to be plotted to file /home/ubuntu/projects/Graphene-Band-Structure-Quantum-Espresso/outputs/field_0/PBE-d3/top/data/ldos.pp.dat911.xsf
     Plot Type: 3D                     Output format: XCrySDen     
     Reading data from file  /home/ubuntu/projects/Graphene-Band-Structure-Quantum-Espresso/outputs/field_0/PBE-d3/top/data/ldos.pp.dat912

     Writing data to be plotted to file /home/ubuntu/projects/Graphene-Band-Structure-Quantum-Espresso/outputs/field_0/PBE-d3/top/data/ldos.pp.dat912.xsf
     Plot Type: 3D                     Output format: XCrySDen     
     Reading data from file  /home/ubuntu/projects/Graphene-Band-Structure-Quantum-Espresso/outputs/field_0/PBE-d3/top/data/ldos.pp.dat913

     Writing data to be plotted to file /home/ubuntu/projects/Graphene-Band-Structure-Quantum-Espresso/outputs/field_0/PBE-d3/top/data/ldos.pp.dat913.xsf
     Plot Type: 3D                     Output format: XCrySDen     
     Reading data from file  /home/ubuntu/projects/Graphene-Band-Structure-Quantum-Espresso/outputs/field_0/PBE-d3/top/data/ldos.pp.dat914

     Writing data to be plotted to file /home/ubuntu/projects/Graphene-Band-Structure-Quantum-Espresso/outputs/field_0/PBE-d3/top/data/ldos.pp.dat914.xsf
     Plot Type: 3D                     Output format: XCrySDen     
     Reading data from file  /home/ubuntu/projects/Graphene-Band-Structure-Quantum-Espresso/outputs/field_0/PBE-d3/top/data/ldos.pp.dat915

     Writing data to be plotted to file /home/ubuntu/projects/Graphene-Band-Structure-Quantum-Espresso/outputs/field_0/PBE-d3/top/data/ldos.pp.dat915.xsf
     Plot Type: 3D                     Output format: XCrySDen     
     Reading data from file  /home/ubuntu/projects/Graphene-Band-Structure-Quantum-Espresso/outputs/field_0/PBE-d3/top/data/ldos.pp.dat916

     Writing data to be plotted to file /home/ubuntu/projects/Graphene-Band-Structure-Quantum-Espresso/outputs/field_0/PBE-d3/top/data/ldos.pp.dat916.xsf
     Plot Type: 3D                     Output format: XCrySDen     
     Reading data from file  /home/ubuntu/projects/Graphene-Band-Structure-Quantum-Espresso/outputs/field_0/PBE-d3/top/data/ldos.pp.dat917

     Writing data to be plotted to file /home/ubuntu/projects/Graphene-Band-Structure-Quantum-Espresso/outputs/field_0/PBE-d3/top/data/ldos.pp.dat917.xsf
     Plot Type: 3D                     Output format: XCrySDen     
     Reading data from file  /home/ubuntu/projects/Graphene-Band-Structure-Quantum-Espresso/outputs/field_0/PBE-d3/top/data/ldos.pp.dat918

     Writing data to be plotted to file /home/ubuntu/projects/Graphene-Band-Structure-Quantum-Espresso/outputs/field_0/PBE-d3/top/data/ldos.pp.dat918.xsf
     Plot Type: 3D                     Output format: XCrySDen     
     Reading data from file  /home/ubuntu/projects/Graphene-Band-Structure-Quantum-Espresso/outputs/field_0/PBE-d3/top/data/ldos.pp.dat919

     Writing data to be plotted to file /home/ubuntu/projects/Graphene-Band-Structure-Quantum-Espresso/outputs/field_0/PBE-d3/top/data/ldos.pp.dat919.xsf
     Plot Type: 3D                     Output format: XCrySDen     
     Reading data from file  /home/ubuntu/projects/Graphene-Band-Structure-Quantum-Espresso/outputs/field_0/PBE-d3/top/data/ldos.pp.dat920

     Writing data to be plotted to file /home/ubuntu/projects/Graphene-Band-Structure-Quantum-Espresso/outputs/field_0/PBE-d3/top/data/ldos.pp.dat920.xsf
     Plot Type: 3D                     Output format: XCrySDen     
     Reading data from file  /home/ubuntu/projects/Graphene-Band-Structure-Quantum-Espresso/outputs/field_0/PBE-d3/top/data/ldos.pp.dat921

     Writing data to be plotted to file /home/ubuntu/projects/Graphene-Band-Structure-Quantum-Espresso/outputs/field_0/PBE-d3/top/data/ldos.pp.dat921.xsf
     Plot Type: 3D                     Output format: XCrySDen     
     Reading data from file  /home/ubuntu/projects/Graphene-Band-Structure-Quantum-Espresso/outputs/field_0/PBE-d3/top/data/ldos.pp.dat922

     Writing data to be plotted to file /home/ubuntu/projects/Graphene-Band-Structure-Quantum-Espresso/outputs/field_0/PBE-d3/top/data/ldos.pp.dat922.xsf
     Plot Type: 3D                     Output format: XCrySDen     
     Reading data from file  /home/ubuntu/projects/Graphene-Band-Structure-Quantum-Espresso/outputs/field_0/PBE-d3/top/data/ldos.pp.dat923

     Writing data to be plotted to file /home/ubuntu/projects/Graphene-Band-Structure-Quantum-Espresso/outputs/field_0/PBE-d3/top/data/ldos.pp.dat923.xsf
     Plot Type: 3D                     Output format: XCrySDen     
     Reading data from file  /home/ubuntu/projects/Graphene-Band-Structure-Quantum-Espresso/outputs/field_0/PBE-d3/top/data/ldos.pp.dat924

     Writing data to be plotted to file /home/ubuntu/projects/Graphene-Band-Structure-Quantum-Espresso/outputs/field_0/PBE-d3/top/data/ldos.pp.dat924.xsf
     Plot Type: 3D                     Output format: XCrySDen     
     Reading data from file  /home/ubuntu/projects/Graphene-Band-Structure-Quantum-Espresso/outputs/field_0/PBE-d3/top/data/ldos.pp.dat925

     Writing data to be plotted to file /home/ubuntu/projects/Graphene-Band-Structure-Quantum-Espresso/outputs/field_0/PBE-d3/top/data/ldos.pp.dat925.xsf
     Plot Type: 3D                     Output format: XCrySDen     
     Reading data from file  /home/ubuntu/projects/Graphene-Band-Structure-Quantum-Espresso/outputs/field_0/PBE-d3/top/data/ldos.pp.dat926

     Writing data to be plotted to file /home/ubuntu/projects/Graphene-Band-Structure-Quantum-Espresso/outputs/field_0/PBE-d3/top/data/ldos.pp.dat926.xsf
     Plot Type: 3D                     Output format: XCrySDen     
     Reading data from file  /home/ubuntu/projects/Graphene-Band-Structure-Quantum-Espresso/outputs/field_0/PBE-d3/top/data/ldos.pp.dat927

     Writing data to be plotted to file /home/ubuntu/projects/Graphene-Band-Structure-Quantum-Espresso/outputs/field_0/PBE-d3/top/data/ldos.pp.dat927.xsf
     Plot Type: 3D                     Output format: XCrySDen     
     Reading data from file  /home/ubuntu/projects/Graphene-Band-Structure-Quantum-Espresso/outputs/field_0/PBE-d3/top/data/ldos.pp.dat928

     Writing data to be plotted to file /home/ubuntu/projects/Graphene-Band-Structure-Quantum-Espresso/outputs/field_0/PBE-d3/top/data/ldos.pp.dat928.xsf
     Plot Type: 3D                     Output format: XCrySDen     
     Reading data from file  /home/ubuntu/projects/Graphene-Band-Structure-Quantum-Espresso/outputs/field_0/PBE-d3/top/data/ldos.pp.dat929

     Writing data to be plotted to file /home/ubuntu/projects/Graphene-Band-Structure-Quantum-Espresso/outputs/field_0/PBE-d3/top/data/ldos.pp.dat929.xsf
     Plot Type: 3D                     Output format: XCrySDen     
     Reading data from file  /home/ubuntu/projects/Graphene-Band-Structure-Quantum-Espresso/outputs/field_0/PBE-d3/top/data/ldos.pp.dat930

     Writing data to be plotted to file /home/ubuntu/projects/Graphene-Band-Structure-Quantum-Espresso/outputs/field_0/PBE-d3/top/data/ldos.pp.dat930.xsf
     Plot Type: 3D                     Output format: XCrySDen     
     Reading data from file  /home/ubuntu/projects/Graphene-Band-Structure-Quantum-Espresso/outputs/field_0/PBE-d3/top/data/ldos.pp.dat931

     Writing data to be plotted to file /home/ubuntu/projects/Graphene-Band-Structure-Quantum-Espresso/outputs/field_0/PBE-d3/top/data/ldos.pp.dat931.xsf
     Plot Type: 3D                     Output format: XCrySDen     
     Reading data from file  /home/ubuntu/projects/Graphene-Band-Structure-Quantum-Espresso/outputs/field_0/PBE-d3/top/data/ldos.pp.dat932

     Writing data to be plotted to file /home/ubuntu/projects/Graphene-Band-Structure-Quantum-Espresso/outputs/field_0/PBE-d3/top/data/ldos.pp.dat932.xsf
     Plot Type: 3D                     Output format: XCrySDen     
     Reading data from file  /home/ubuntu/projects/Graphene-Band-Structure-Quantum-Espresso/outputs/field_0/PBE-d3/top/data/ldos.pp.dat933

     Writing data to be plotted to file /home/ubuntu/projects/Graphene-Band-Structure-Quantum-Espresso/outputs/field_0/PBE-d3/top/data/ldos.pp.dat933.xsf
     Plot Type: 3D                     Output format: XCrySDen     
     Reading data from file  /home/ubuntu/projects/Graphene-Band-Structure-Quantum-Espresso/outputs/field_0/PBE-d3/top/data/ldos.pp.dat934

     Writing data to be plotted to file /home/ubuntu/projects/Graphene-Band-Structure-Quantum-Espresso/outputs/field_0/PBE-d3/top/data/ldos.pp.dat934.xsf
     Plot Type: 3D                     Output format: XCrySDen     
     Reading data from file  /home/ubuntu/projects/Graphene-Band-Structure-Quantum-Espresso/outputs/field_0/PBE-d3/top/data/ldos.pp.dat935

     Writing data to be plotted to file /home/ubuntu/projects/Graphene-Band-Structure-Quantum-Espresso/outputs/field_0/PBE-d3/top/data/ldos.pp.dat935.xsf
     Plot Type: 3D                     Output format: XCrySDen     
     Reading data from file  /home/ubuntu/projects/Graphene-Band-Structure-Quantum-Espresso/outputs/field_0/PBE-d3/top/data/ldos.pp.dat936

     Writing data to be plotted to file /home/ubuntu/projects/Graphene-Band-Structure-Quantum-Espresso/outputs/field_0/PBE-d3/top/data/ldos.pp.dat936.xsf
     Plot Type: 3D                     Output format: XCrySDen     
     Reading data from file  /home/ubuntu/projects/Graphene-Band-Structure-Quantum-Espresso/outputs/field_0/PBE-d3/top/data/ldos.pp.dat937

     Writing data to be plotted to file /home/ubuntu/projects/Graphene-Band-Structure-Quantum-Espresso/outputs/field_0/PBE-d3/top/data/ldos.pp.dat937.xsf
     Plot Type: 3D                     Output format: XCrySDen     
     Reading data from file  /home/ubuntu/projects/Graphene-Band-Structure-Quantum-Espresso/outputs/field_0/PBE-d3/top/data/ldos.pp.dat938

     Writing data to be plotted to file /home/ubuntu/projects/Graphene-Band-Structure-Quantum-Espresso/outputs/field_0/PBE-d3/top/data/ldos.pp.dat938.xsf
     Plot Type: 3D                     Output format: XCrySDen     
     Reading data from file  /home/ubuntu/projects/Graphene-Band-Structure-Quantum-Espresso/outputs/field_0/PBE-d3/top/data/ldos.pp.dat939

     Writing data to be plotted to file /home/ubuntu/projects/Graphene-Band-Structure-Quantum-Espresso/outputs/field_0/PBE-d3/top/data/ldos.pp.dat939.xsf
     Plot Type: 3D                     Output format: XCrySDen     
     Reading data from file  /home/ubuntu/projects/Graphene-Band-Structure-Quantum-Espresso/outputs/field_0/PBE-d3/top/data/ldos.pp.dat940

     Writing data to be plotted to file /home/ubuntu/projects/Graphene-Band-Structure-Quantum-Espresso/outputs/field_0/PBE-d3/top/data/ldos.pp.dat940.xsf
     Plot Type: 3D                     Output format: XCrySDen     
     Reading data from file  /home/ubuntu/projects/Graphene-Band-Structure-Quantum-Espresso/outputs/field_0/PBE-d3/top/data/ldos.pp.dat941

     Writing data to be plotted to file /home/ubuntu/projects/Graphene-Band-Structure-Quantum-Espresso/outputs/field_0/PBE-d3/top/data/ldos.pp.dat941.xsf
     Plot Type: 3D                     Output format: XCrySDen     
     Reading data from file  /home/ubuntu/projects/Graphene-Band-Structure-Quantum-Espresso/outputs/field_0/PBE-d3/top/data/ldos.pp.dat942

     Writing data to be plotted to file /home/ubuntu/projects/Graphene-Band-Structure-Quantum-Espresso/outputs/field_0/PBE-d3/top/data/ldos.pp.dat942.xsf
     Plot Type: 3D                     Output format: XCrySDen     
     Reading data from file  /home/ubuntu/projects/Graphene-Band-Structure-Quantum-Espresso/outputs/field_0/PBE-d3/top/data/ldos.pp.dat943

     Writing data to be plotted to file /home/ubuntu/projects/Graphene-Band-Structure-Quantum-Espresso/outputs/field_0/PBE-d3/top/data/ldos.pp.dat943.xsf
     Plot Type: 3D                     Output format: XCrySDen     
     Reading data from file  /home/ubuntu/projects/Graphene-Band-Structure-Quantum-Espresso/outputs/field_0/PBE-d3/top/data/ldos.pp.dat944

     Writing data to be plotted to file /home/ubuntu/projects/Graphene-Band-Structure-Quantum-Espresso/outputs/field_0/PBE-d3/top/data/ldos.pp.dat944.xsf
     Plot Type: 3D                     Output format: XCrySDen     
     Reading data from file  /home/ubuntu/projects/Graphene-Band-Structure-Quantum-Espresso/outputs/field_0/PBE-d3/top/data/ldos.pp.dat945

     Writing data to be plotted to file /home/ubuntu/projects/Graphene-Band-Structure-Quantum-Espresso/outputs/field_0/PBE-d3/top/data/ldos.pp.dat945.xsf
     Plot Type: 3D                     Output format: XCrySDen     
     Reading data from file  /home/ubuntu/projects/Graphene-Band-Structure-Quantum-Espresso/outputs/field_0/PBE-d3/top/data/ldos.pp.dat946

     Writing data to be plotted to file /home/ubuntu/projects/Graphene-Band-Structure-Quantum-Espresso/outputs/field_0/PBE-d3/top/data/ldos.pp.dat946.xsf
     Plot Type: 3D                     Output format: XCrySDen     
     Reading data from file  /home/ubuntu/projects/Graphene-Band-Structure-Quantum-Espresso/outputs/field_0/PBE-d3/top/data/ldos.pp.dat947

     Writing data to be plotted to file /home/ubuntu/projects/Graphene-Band-Structure-Quantum-Espresso/outputs/field_0/PBE-d3/top/data/ldos.pp.dat947.xsf
     Plot Type: 3D                     Output format: XCrySDen     
     Reading data from file  /home/ubuntu/projects/Graphene-Band-Structure-Quantum-Espresso/outputs/field_0/PBE-d3/top/data/ldos.pp.dat948

     Writing data to be plotted to file /home/ubuntu/projects/Graphene-Band-Structure-Quantum-Espresso/outputs/field_0/PBE-d3/top/data/ldos.pp.dat948.xsf
     Plot Type: 3D                     Output format: XCrySDen     
     Reading data from file  /home/ubuntu/projects/Graphene-Band-Structure-Quantum-Espresso/outputs/field_0/PBE-d3/top/data/ldos.pp.dat949

     Writing data to be plotted to file /home/ubuntu/projects/Graphene-Band-Structure-Quantum-Espresso/outputs/field_0/PBE-d3/top/data/ldos.pp.dat949.xsf
     Plot Type: 3D                     Output format: XCrySDen     
     Reading data from file  /home/ubuntu/projects/Graphene-Band-Structure-Quantum-Espresso/outputs/field_0/PBE-d3/top/data/ldos.pp.dat950

     Writing data to be plotted to file /home/ubuntu/projects/Graphene-Band-Structure-Quantum-Espresso/outputs/field_0/PBE-d3/top/data/ldos.pp.dat950.xsf
     Plot Type: 3D                     Output format: XCrySDen     
     Reading data from file  /home/ubuntu/projects/Graphene-Band-Structure-Quantum-Espresso/outputs/field_0/PBE-d3/top/data/ldos.pp.dat951

     Writing data to be plotted to file /home/ubuntu/projects/Graphene-Band-Structure-Quantum-Espresso/outputs/field_0/PBE-d3/top/data/ldos.pp.dat951.xsf
     Plot Type: 3D                     Output format: XCrySDen     
     Reading data from file  /home/ubuntu/projects/Graphene-Band-Structure-Quantum-Espresso/outputs/field_0/PBE-d3/top/data/ldos.pp.dat952

     Writing data to be plotted to file /home/ubuntu/projects/Graphene-Band-Structure-Quantum-Espresso/outputs/field_0/PBE-d3/top/data/ldos.pp.dat952.xsf
     Plot Type: 3D                     Output format: XCrySDen     
     Reading data from file  /home/ubuntu/projects/Graphene-Band-Structure-Quantum-Espresso/outputs/field_0/PBE-d3/top/data/ldos.pp.dat953

     Writing data to be plotted to file /home/ubuntu/projects/Graphene-Band-Structure-Quantum-Espresso/outputs/field_0/PBE-d3/top/data/ldos.pp.dat953.xsf
     Plot Type: 3D                     Output format: XCrySDen     
     Reading data from file  /home/ubuntu/projects/Graphene-Band-Structure-Quantum-Espresso/outputs/field_0/PBE-d3/top/data/ldos.pp.dat954

     Writing data to be plotted to file /home/ubuntu/projects/Graphene-Band-Structure-Quantum-Espresso/outputs/field_0/PBE-d3/top/data/ldos.pp.dat954.xsf
     Plot Type: 3D                     Output format: XCrySDen     
     Reading data from file  /home/ubuntu/projects/Graphene-Band-Structure-Quantum-Espresso/outputs/field_0/PBE-d3/top/data/ldos.pp.dat955

     Writing data to be plotted to file /home/ubuntu/projects/Graphene-Band-Structure-Quantum-Espresso/outputs/field_0/PBE-d3/top/data/ldos.pp.dat955.xsf
     Plot Type: 3D                     Output format: XCrySDen     
     Reading data from file  /home/ubuntu/projects/Graphene-Band-Structure-Quantum-Espresso/outputs/field_0/PBE-d3/top/data/ldos.pp.dat956

     Writing data to be plotted to file /home/ubuntu/projects/Graphene-Band-Structure-Quantum-Espresso/outputs/field_0/PBE-d3/top/data/ldos.pp.dat956.xsf
     Plot Type: 3D                     Output format: XCrySDen     
     Reading data from file  /home/ubuntu/projects/Graphene-Band-Structure-Quantum-Espresso/outputs/field_0/PBE-d3/top/data/ldos.pp.dat957

     Writing data to be plotted to file /home/ubuntu/projects/Graphene-Band-Structure-Quantum-Espresso/outputs/field_0/PBE-d3/top/data/ldos.pp.dat957.xsf
     Plot Type: 3D                     Output format: XCrySDen     
     Reading data from file  /home/ubuntu/projects/Graphene-Band-Structure-Quantum-Espresso/outputs/field_0/PBE-d3/top/data/ldos.pp.dat958

     Writing data to be plotted to file /home/ubuntu/projects/Graphene-Band-Structure-Quantum-Espresso/outputs/field_0/PBE-d3/top/data/ldos.pp.dat958.xsf
     Plot Type: 3D                     Output format: XCrySDen     
     Reading data from file  /home/ubuntu/projects/Graphene-Band-Structure-Quantum-Espresso/outputs/field_0/PBE-d3/top/data/ldos.pp.dat959

     Writing data to be plotted to file /home/ubuntu/projects/Graphene-Band-Structure-Quantum-Espresso/outputs/field_0/PBE-d3/top/data/ldos.pp.dat959.xsf
     Plot Type: 3D                     Output format: XCrySDen     
     Reading data from file  /home/ubuntu/projects/Graphene-Band-Structure-Quantum-Espresso/outputs/field_0/PBE-d3/top/data/ldos.pp.dat960

     Writing data to be plotted to file /home/ubuntu/projects/Graphene-Band-Structure-Quantum-Espresso/outputs/field_0/PBE-d3/top/data/ldos.pp.dat960.xsf
     Plot Type: 3D                     Output format: XCrySDen     
     Reading data from file  /home/ubuntu/projects/Graphene-Band-Structure-Quantum-Espresso/outputs/field_0/PBE-d3/top/data/ldos.pp.dat961

     Writing data to be plotted to file /home/ubuntu/projects/Graphene-Band-Structure-Quantum-Espresso/outputs/field_0/PBE-d3/top/data/ldos.pp.dat961.xsf
     Plot Type: 3D                     Output format: XCrySDen     
     Reading data from file  /home/ubuntu/projects/Graphene-Band-Structure-Quantum-Espresso/outputs/field_0/PBE-d3/top/data/ldos.pp.dat962

     Writing data to be plotted to file /home/ubuntu/projects/Graphene-Band-Structure-Quantum-Espresso/outputs/field_0/PBE-d3/top/data/ldos.pp.dat962.xsf
     Plot Type: 3D                     Output format: XCrySDen     
     Reading data from file  /home/ubuntu/projects/Graphene-Band-Structure-Quantum-Espresso/outputs/field_0/PBE-d3/top/data/ldos.pp.dat963

     Writing data to be plotted to file /home/ubuntu/projects/Graphene-Band-Structure-Quantum-Espresso/outputs/field_0/PBE-d3/top/data/ldos.pp.dat963.xsf
     Plot Type: 3D                     Output format: XCrySDen     
     Reading data from file  /home/ubuntu/projects/Graphene-Band-Structure-Quantum-Espresso/outputs/field_0/PBE-d3/top/data/ldos.pp.dat964

     Writing data to be plotted to file /home/ubuntu/projects/Graphene-Band-Structure-Quantum-Espresso/outputs/field_0/PBE-d3/top/data/ldos.pp.dat964.xsf
     Plot Type: 3D                     Output format: XCrySDen     
     Reading data from file  /home/ubuntu/projects/Graphene-Band-Structure-Quantum-Espresso/outputs/field_0/PBE-d3/top/data/ldos.pp.dat965

     Writing data to be plotted to file /home/ubuntu/projects/Graphene-Band-Structure-Quantum-Espresso/outputs/field_0/PBE-d3/top/data/ldos.pp.dat965.xsf
     Plot Type: 3D                     Output format: XCrySDen     
     Reading data from file  /home/ubuntu/projects/Graphene-Band-Structure-Quantum-Espresso/outputs/field_0/PBE-d3/top/data/ldos.pp.dat966

     Writing data to be plotted to file /home/ubuntu/projects/Graphene-Band-Structure-Quantum-Espresso/outputs/field_0/PBE-d3/top/data/ldos.pp.dat966.xsf
     Plot Type: 3D                     Output format: XCrySDen     
     Reading data from file  /home/ubuntu/projects/Graphene-Band-Structure-Quantum-Espresso/outputs/field_0/PBE-d3/top/data/ldos.pp.dat967

     Writing data to be plotted to file /home/ubuntu/projects/Graphene-Band-Structure-Quantum-Espresso/outputs/field_0/PBE-d3/top/data/ldos.pp.dat967.xsf
     Plot Type: 3D                     Output format: XCrySDen     
     Reading data from file  /home/ubuntu/projects/Graphene-Band-Structure-Quantum-Espresso/outputs/field_0/PBE-d3/top/data/ldos.pp.dat968

     Writing data to be plotted to file /home/ubuntu/projects/Graphene-Band-Structure-Quantum-Espresso/outputs/field_0/PBE-d3/top/data/ldos.pp.dat968.xsf
     Plot Type: 3D                     Output format: XCrySDen     
     Reading data from file  /home/ubuntu/projects/Graphene-Band-Structure-Quantum-Espresso/outputs/field_0/PBE-d3/top/data/ldos.pp.dat969

     Writing data to be plotted to file /home/ubuntu/projects/Graphene-Band-Structure-Quantum-Espresso/outputs/field_0/PBE-d3/top/data/ldos.pp.dat969.xsf
     Plot Type: 3D                     Output format: XCrySDen     
     Reading data from file  /home/ubuntu/projects/Graphene-Band-Structure-Quantum-Espresso/outputs/field_0/PBE-d3/top/data/ldos.pp.dat970

     Writing data to be plotted to file /home/ubuntu/projects/Graphene-Band-Structure-Quantum-Espresso/outputs/field_0/PBE-d3/top/data/ldos.pp.dat970.xsf
     Plot Type: 3D                     Output format: XCrySDen     
     Reading data from file  /home/ubuntu/projects/Graphene-Band-Structure-Quantum-Espresso/outputs/field_0/PBE-d3/top/data/ldos.pp.dat971

     Writing data to be plotted to file /home/ubuntu/projects/Graphene-Band-Structure-Quantum-Espresso/outputs/field_0/PBE-d3/top/data/ldos.pp.dat971.xsf
     Plot Type: 3D                     Output format: XCrySDen     
     Reading data from file  /home/ubuntu/projects/Graphene-Band-Structure-Quantum-Espresso/outputs/field_0/PBE-d3/top/data/ldos.pp.dat972

     Writing data to be plotted to file /home/ubuntu/projects/Graphene-Band-Structure-Quantum-Espresso/outputs/field_0/PBE-d3/top/data/ldos.pp.dat972.xsf
     Plot Type: 3D                     Output format: XCrySDen     
     Reading data from file  /home/ubuntu/projects/Graphene-Band-Structure-Quantum-Espresso/outputs/field_0/PBE-d3/top/data/ldos.pp.dat973

     Writing data to be plotted to file /home/ubuntu/projects/Graphene-Band-Structure-Quantum-Espresso/outputs/field_0/PBE-d3/top/data/ldos.pp.dat973.xsf
     Plot Type: 3D                     Output format: XCrySDen     
     Reading data from file  /home/ubuntu/projects/Graphene-Band-Structure-Quantum-Espresso/outputs/field_0/PBE-d3/top/data/ldos.pp.dat974

     Writing data to be plotted to file /home/ubuntu/projects/Graphene-Band-Structure-Quantum-Espresso/outputs/field_0/PBE-d3/top/data/ldos.pp.dat974.xsf
     Plot Type: 3D                     Output format: XCrySDen     
     Reading data from file  /home/ubuntu/projects/Graphene-Band-Structure-Quantum-Espresso/outputs/field_0/PBE-d3/top/data/ldos.pp.dat975

     Writing data to be plotted to file /home/ubuntu/projects/Graphene-Band-Structure-Quantum-Espresso/outputs/field_0/PBE-d3/top/data/ldos.pp.dat975.xsf
     Plot Type: 3D                     Output format: XCrySDen     
     Reading data from file  /home/ubuntu/projects/Graphene-Band-Structure-Quantum-Espresso/outputs/field_0/PBE-d3/top/data/ldos.pp.dat976

     Writing data to be plotted to file /home/ubuntu/projects/Graphene-Band-Structure-Quantum-Espresso/outputs/field_0/PBE-d3/top/data/ldos.pp.dat976.xsf
     Plot Type: 3D                     Output format: XCrySDen     
     Reading data from file  /home/ubuntu/projects/Graphene-Band-Structure-Quantum-Espresso/outputs/field_0/PBE-d3/top/data/ldos.pp.dat977

     Writing data to be plotted to file /home/ubuntu/projects/Graphene-Band-Structure-Quantum-Espresso/outputs/field_0/PBE-d3/top/data/ldos.pp.dat977.xsf
     Plot Type: 3D                     Output format: XCrySDen     
     Reading data from file  /home/ubuntu/projects/Graphene-Band-Structure-Quantum-Espresso/outputs/field_0/PBE-d3/top/data/ldos.pp.dat978

     Writing data to be plotted to file /home/ubuntu/projects/Graphene-Band-Structure-Quantum-Espresso/outputs/field_0/PBE-d3/top/data/ldos.pp.dat978.xsf
     Plot Type: 3D                     Output format: XCrySDen     
     Reading data from file  /home/ubuntu/projects/Graphene-Band-Structure-Quantum-Espresso/outputs/field_0/PBE-d3/top/data/ldos.pp.dat979

     Writing data to be plotted to file /home/ubuntu/projects/Graphene-Band-Structure-Quantum-Espresso/outputs/field_0/PBE-d3/top/data/ldos.pp.dat979.xsf
     Plot Type: 3D                     Output format: XCrySDen     
     Reading data from file  /home/ubuntu/projects/Graphene-Band-Structure-Quantum-Espresso/outputs/field_0/PBE-d3/top/data/ldos.pp.dat980

     Writing data to be plotted to file /home/ubuntu/projects/Graphene-Band-Structure-Quantum-Espresso/outputs/field_0/PBE-d3/top/data/ldos.pp.dat980.xsf
     Plot Type: 3D                     Output format: XCrySDen     
     Reading data from file  /home/ubuntu/projects/Graphene-Band-Structure-Quantum-Espresso/outputs/field_0/PBE-d3/top/data/ldos.pp.dat981

     Writing data to be plotted to file /home/ubuntu/projects/Graphene-Band-Structure-Quantum-Espresso/outputs/field_0/PBE-d3/top/data/ldos.pp.dat981.xsf
     Plot Type: 3D                     Output format: XCrySDen     
     Reading data from file  /home/ubuntu/projects/Graphene-Band-Structure-Quantum-Espresso/outputs/field_0/PBE-d3/top/data/ldos.pp.dat982

     Writing data to be plotted to file /home/ubuntu/projects/Graphene-Band-Structure-Quantum-Espresso/outputs/field_0/PBE-d3/top/data/ldos.pp.dat982.xsf
     Plot Type: 3D                     Output format: XCrySDen     
     Reading data from file  /home/ubuntu/projects/Graphene-Band-Structure-Quantum-Espresso/outputs/field_0/PBE-d3/top/data/ldos.pp.dat983

     Writing data to be plotted to file /home/ubuntu/projects/Graphene-Band-Structure-Quantum-Espresso/outputs/field_0/PBE-d3/top/data/ldos.pp.dat983.xsf
     Plot Type: 3D                     Output format: XCrySDen     
     Reading data from file  /home/ubuntu/projects/Graphene-Band-Structure-Quantum-Espresso/outputs/field_0/PBE-d3/top/data/ldos.pp.dat984

     Writing data to be plotted to file /home/ubuntu/projects/Graphene-Band-Structure-Quantum-Espresso/outputs/field_0/PBE-d3/top/data/ldos.pp.dat984.xsf
     Plot Type: 3D                     Output format: XCrySDen     
     Reading data from file  /home/ubuntu/projects/Graphene-Band-Structure-Quantum-Espresso/outputs/field_0/PBE-d3/top/data/ldos.pp.dat985

     Writing data to be plotted to file /home/ubuntu/projects/Graphene-Band-Structure-Quantum-Espresso/outputs/field_0/PBE-d3/top/data/ldos.pp.dat985.xsf
     Plot Type: 3D                     Output format: XCrySDen     
     Reading data from file  /home/ubuntu/projects/Graphene-Band-Structure-Quantum-Espresso/outputs/field_0/PBE-d3/top/data/ldos.pp.dat986

     Writing data to be plotted to file /home/ubuntu/projects/Graphene-Band-Structure-Quantum-Espresso/outputs/field_0/PBE-d3/top/data/ldos.pp.dat986.xsf
     Plot Type: 3D                     Output format: XCrySDen     
     Reading data from file  /home/ubuntu/projects/Graphene-Band-Structure-Quantum-Espresso/outputs/field_0/PBE-d3/top/data/ldos.pp.dat987

     Writing data to be plotted to file /home/ubuntu/projects/Graphene-Band-Structure-Quantum-Espresso/outputs/field_0/PBE-d3/top/data/ldos.pp.dat987.xsf
     Plot Type: 3D                     Output format: XCrySDen     
     Reading data from file  /home/ubuntu/projects/Graphene-Band-Structure-Quantum-Espresso/outputs/field_0/PBE-d3/top/data/ldos.pp.dat988

     Writing data to be plotted to file /home/ubuntu/projects/Graphene-Band-Structure-Quantum-Espresso/outputs/field_0/PBE-d3/top/data/ldos.pp.dat988.xsf
     Plot Type: 3D                     Output format: XCrySDen     
     Reading data from file  /home/ubuntu/projects/Graphene-Band-Structure-Quantum-Espresso/outputs/field_0/PBE-d3/top/data/ldos.pp.dat989

     Writing data to be plotted to file /home/ubuntu/projects/Graphene-Band-Structure-Quantum-Espresso/outputs/field_0/PBE-d3/top/data/ldos.pp.dat989.xsf
     Plot Type: 3D                     Output format: XCrySDen     
     Reading data from file  /home/ubuntu/projects/Graphene-Band-Structure-Quantum-Espresso/outputs/field_0/PBE-d3/top/data/ldos.pp.dat990

     Writing data to be plotted to file /home/ubuntu/projects/Graphene-Band-Structure-Quantum-Espresso/outputs/field_0/PBE-d3/top/data/ldos.pp.dat990.xsf
     Plot Type: 3D                     Output format: XCrySDen     
     Reading data from file  /home/ubuntu/projects/Graphene-Band-Structure-Quantum-Espresso/outputs/field_0/PBE-d3/top/data/ldos.pp.dat991

     Writing data to be plotted to file /home/ubuntu/projects/Graphene-Band-Structure-Quantum-Espresso/outputs/field_0/PBE-d3/top/data/ldos.pp.dat991.xsf
     Plot Type: 3D                     Output format: XCrySDen     
     Reading data from file  /home/ubuntu/projects/Graphene-Band-Structure-Quantum-Espresso/outputs/field_0/PBE-d3/top/data/ldos.pp.dat992

     Writing data to be plotted to file /home/ubuntu/projects/Graphene-Band-Structure-Quantum-Espresso/outputs/field_0/PBE-d3/top/data/ldos.pp.dat992.xsf
     Plot Type: 3D                     Output format: XCrySDen     
     Reading data from file  /home/ubuntu/projects/Graphene-Band-Structure-Quantum-Espresso/outputs/field_0/PBE-d3/top/data/ldos.pp.dat993

     Writing data to be plotted to file /home/ubuntu/projects/Graphene-Band-Structure-Quantum-Espresso/outputs/field_0/PBE-d3/top/data/ldos.pp.dat993.xsf
     Plot Type: 3D                     Output format: XCrySDen     
     Reading data from file  /home/ubuntu/projects/Graphene-Band-Structure-Quantum-Espresso/outputs/field_0/PBE-d3/top/data/ldos.pp.dat994

     Writing data to be plotted to file /home/ubuntu/projects/Graphene-Band-Structure-Quantum-Espresso/outputs/field_0/PBE-d3/top/data/ldos.pp.dat994.xsf
     Plot Type: 3D                     Output format: XCrySDen     
     Reading data from file  /home/ubuntu/projects/Graphene-Band-Structure-Quantum-Espresso/outputs/field_0/PBE-d3/top/data/ldos.pp.dat995

     Writing data to be plotted to file /home/ubuntu/projects/Graphene-Band-Structure-Quantum-Espresso/outputs/field_0/PBE-d3/top/data/ldos.pp.dat995.xsf
     Plot Type: 3D                     Output format: XCrySDen     
     Reading data from file  /home/ubuntu/projects/Graphene-Band-Structure-Quantum-Espresso/outputs/field_0/PBE-d3/top/data/ldos.pp.dat996

     Writing data to be plotted to file /home/ubuntu/projects/Graphene-Band-Structure-Quantum-Espresso/outputs/field_0/PBE-d3/top/data/ldos.pp.dat996.xsf
     Plot Type: 3D                     Output format: XCrySDen     
     Reading data from file  /home/ubuntu/projects/Graphene-Band-Structure-Quantum-Espresso/outputs/field_0/PBE-d3/top/data/ldos.pp.dat997

     Writing data to be plotted to file /home/ubuntu/projects/Graphene-Band-Structure-Quantum-Espresso/outputs/field_0/PBE-d3/top/data/ldos.pp.dat997.xsf
     Plot Type: 3D                     Output format: XCrySDen     
     Reading data from file  /home/ubuntu/projects/Graphene-Band-Structure-Quantum-Espresso/outputs/field_0/PBE-d3/top/data/ldos.pp.dat998

     Writing data to be plotted to file /home/ubuntu/projects/Graphene-Band-Structure-Quantum-Espresso/outputs/field_0/PBE-d3/top/data/ldos.pp.dat998.xsf
     Plot Type: 3D                     Output format: XCrySDen     
     Reading data from file  /home/ubuntu/projects/Graphene-Band-Structure-Quantum-Espresso/outputs/field_0/PBE-d3/top/data/ldos.pp.dat999

     Writing data to be plotted to file /home/ubuntu/projects/Graphene-Band-Structure-Quantum-Espresso/outputs/field_0/PBE-d3/top/data/ldos.pp.dat999.xsf
     Plot Type: 3D                     Output format: XCrySDen     
     Reading data from file  /home/ubuntu/projects/Graphene-Band-Structure-Quantum-Espresso/outputs/field_0/PBE-d3/top/data/ldos.pp.dat1000

     Writing data to be plotted to file /home/ubuntu/projects/Graphene-Band-Structure-Quantum-Espresso/outputs/field_0/PBE-d3/top/data/ldos.pp.dat1000.xsf
     Plot Type: 3D                     Output format: XCrySDen     
     Reading data from file  /home/ubuntu/projects/Graphene-Band-Structure-Quantum-Espresso/outputs/field_0/PBE-d3/top/data/ldos.pp.dat1001

     Writing data to be plotted to file /home/ubuntu/projects/Graphene-Band-Structure-Quantum-Espresso/outputs/field_0/PBE-d3/top/data/ldos.pp.dat1001.xsf
     Plot Type: 3D                     Output format: XCrySDen     

     POST-PROC    :  20m56.47s CPU  21m41.70s WALL


   This run was terminated on:  17:16:32   3Oct2026            

=------------------------------------------------------------------------------=
   JOB DONE.
=------------------------------------------------------------------------------=
Note: The following floating-point exceptions are signalling: IEEE_DENORMAL
Note: The following floating-point exceptions are signalling: IEEE_DENORMAL
Note: The following floating-point exceptions are signalling: IEEE_DENORMAL
Note: The following floating-point exceptions are signalling: IEEE_DENORMAL
Note: The following floating-point exceptions are signalling: IEEE_DENORMAL
Note: The following floating-point exceptions are signalling: IEEE_DENORMAL
Note: The following floating-point exceptions are signalling: IEEE_DENORMAL
Note: The following floating-point exceptions are signalling: IEEE_DENORMAL
Note: The following floating-point exceptions are signalling: IEEE_DENORMAL
Note: The following floating-point exceptions are signalling: IEEE_DENORMAL
Note: The following floating-point exceptions are signalling: IEEE_DENORMAL
Note: The following floating-point exceptions are signalling: IEEE_DENORMAL
