
     Program POST-PROC v.7.6 starts on  1Oct2026 at  3:25:54 

     This program is part of the open-source Quantum ESPRESSO suite
     for quantum simulation of materials; please cite
         "P. Giannozzi et al., J. Phys.:Condens. Matter 21 395502 (2009);
         "P. Giannozzi et al., J. Phys.:Condens. Matter 29 465901 (2017);
         "P. Giannozzi et al., J. Chem. Phys. 152 154105 (2020);
          URL http://www.quantum-espresso.org", 
     in publications or presentations arising from this work. More details at
     http://www.quantum-espresso.org/quote

     Parallel version (MPI), running on     4 processors

     MPI processes distributed on     1 nodes
     R & G space division:  proc/nbgrp/npool/nimage =       4
     4059 MiB available memory on the printing compute node when the environment starts


     Reading xml data from directory:

     /home/ubuntu/projects/Graphene-Band-Structure-Quantum-Espresso/outputs/field_0/vdw-df2-c09/coupled/data/coupled.save/

     IMPORTANT: XC functional enforced from input :
     Exchange-correlation= VDW-DF2-C09
                           (   1   4  16   0   2   0   0)
     Any further DFT definition will be discarded
     Please, verify this is what you really want


     Parallelization info
     --------------------
     sticks:   dense  smooth     PW     G-vecs:    dense   smooth      PW
     Min         118     118     37                19916    19916    3337
     Max         119     119     38                19947    19947    3350
     Sum         475     475    151                79745    79745   13381

     Using Slab Decomposition



     %%%%%%%%%%%%%%%%%%%%%%%%%%%%%%%%%%%%%%%%%%%%%%%%%%%%%%%%%%%%%%%%%%%%%%%%
     %                                                                      %
     % You are using vdW-DF, which was implemented by the Thonhauser group. %
     % Please cite the following two papers that made this development      %
     % possible and the two reviews that describe the various versions:     %
     %                                                                      %
     %   T. Thonhauser et al., PRL 115, 136402 (2015).                      %
     %   T. Thonhauser et al., PRB 76,  125112 (2007).                      %
     %   K. Berland et al., Rep. Prog. Phys. 78, 066501 (2015).             %
     %   D.C. Langreth et al., J. Phys.: Condens. Matter 21, 084203 (2009). %
     %                                                                      %
     % If you are calculating stress with vdW-DF, please also cite:         %
     %                                                                      %
     %   R. Sabatini et al., J. Phys.: Condens. Matter 24, 424209 (2012).   %
     %                                                                      %
     %   And for spin-polarized stress cases also:                          %
     %   C.M. Frostenson et al., Electr. Struct. 4, 014001 (2022).          %
     %                                                                      %
     %%%%%%%%%%%%%%%%%%%%%%%%%%%%%%%%%%%%%%%%%%%%%%%%%%%%%%%%%%%%%%%%%%%%%%%%

     %%%%%%%%%%%%%%%%%%%%%%%%%%%%%%%%%%%%%%%%%%%%%%%%%%%%%%%%%%%%%%%%%%%%%%%%
     %                                                                      %
     %  vdW-DF NEWS:                                                        %
     %                                                                      %
     %  * vdW-DF3-mc is now available. DOI: 10.1103/hp9d-4kpf               %
     %    use with input_dft = 'vdW-DF3-mc'                                 %
     %  * vdW-DF3 is now available. DOI: 10.1021/acs.jctc.0c00471           %
     %    use with input_dft = 'vdW-DF3-opt1' or 'vdW-DF3-opt2'             %
     %                                                                      %
     %  * Unscreened and range-separated hybrid vdW-DF-cx functionals       %
     %    DOI: 10.1063/1.4986522 and 10.1088/1361-648X/ac2ad2               %
     %    use with input_dft = 'vdW-DF-cx0' and 'vdW-DF-ahcx'               %
     %  * Unscreened and range-separated hybrid vdW-DF2-b86r functionals    %
     %    DOI: 10.1063/1.4986522 and DOI: 10.1103/PhysRevX.12.041003        %
     %    use with input_dft = 'vdW-DF2-br0' and 'vdW-DF2-ahbr'             %
     %                                                                      %
     %%%%%%%%%%%%%%%%%%%%%%%%%%%%%%%%%%%%%%%%%%%%%%%%%%%%%%%%%%%%%%%%%%%%%%%%



     Calling punch_plot, plot_num =   3

     Energy = -11.09590 eV, broadening =   0.10000eV
     Writing data to file  /home/ubuntu/projects/Graphene-Band-Structure-Quantum-Espresso/outputs/field_0/vdw-df2-c09/coupled/data/ldos.pp.dat001

     Calling punch_plot, plot_num =   3

     Energy = -11.04590 eV, broadening =   0.10000eV
     Writing data to file  /home/ubuntu/projects/Graphene-Band-Structure-Quantum-Espresso/outputs/field_0/vdw-df2-c09/coupled/data/ldos.pp.dat002

     Calling punch_plot, plot_num =   3

     Energy = -10.99590 eV, broadening =   0.10000eV
     Writing data to file  /home/ubuntu/projects/Graphene-Band-Structure-Quantum-Espresso/outputs/field_0/vdw-df2-c09/coupled/data/ldos.pp.dat003

     Calling punch_plot, plot_num =   3

     Energy = -10.94590 eV, broadening =   0.10000eV
     Writing data to file  /home/ubuntu/projects/Graphene-Band-Structure-Quantum-Espresso/outputs/field_0/vdw-df2-c09/coupled/data/ldos.pp.dat004

     Calling punch_plot, plot_num =   3

     Energy = -10.89590 eV, broadening =   0.10000eV
     Writing data to file  /home/ubuntu/projects/Graphene-Band-Structure-Quantum-Espresso/outputs/field_0/vdw-df2-c09/coupled/data/ldos.pp.dat005

     Calling punch_plot, plot_num =   3

     Energy = -10.84590 eV, broadening =   0.10000eV
     Writing data to file  /home/ubuntu/projects/Graphene-Band-Structure-Quantum-Espresso/outputs/field_0/vdw-df2-c09/coupled/data/ldos.pp.dat006

     Calling punch_plot, plot_num =   3

     Energy = -10.79590 eV, broadening =   0.10000eV
     Writing data to file  /home/ubuntu/projects/Graphene-Band-Structure-Quantum-Espresso/outputs/field_0/vdw-df2-c09/coupled/data/ldos.pp.dat007

     Calling punch_plot, plot_num =   3

     Energy = -10.74590 eV, broadening =   0.10000eV
     Writing data to file  /home/ubuntu/projects/Graphene-Band-Structure-Quantum-Espresso/outputs/field_0/vdw-df2-c09/coupled/data/ldos.pp.dat008

     Calling punch_plot, plot_num =   3

     Energy = -10.69590 eV, broadening =   0.10000eV
     Writing data to file  /home/ubuntu/projects/Graphene-Band-Structure-Quantum-Espresso/outputs/field_0/vdw-df2-c09/coupled/data/ldos.pp.dat009

     Calling punch_plot, plot_num =   3

     Energy = -10.64590 eV, broadening =   0.10000eV
     Writing data to file  /home/ubuntu/projects/Graphene-Band-Structure-Quantum-Espresso/outputs/field_0/vdw-df2-c09/coupled/data/ldos.pp.dat010

     Calling punch_plot, plot_num =   3

     Energy = -10.59590 eV, broadening =   0.10000eV
     Writing data to file  /home/ubuntu/projects/Graphene-Band-Structure-Quantum-Espresso/outputs/field_0/vdw-df2-c09/coupled/data/ldos.pp.dat011

     Calling punch_plot, plot_num =   3

     Energy = -10.54590 eV, broadening =   0.10000eV
     Writing data to file  /home/ubuntu/projects/Graphene-Band-Structure-Quantum-Espresso/outputs/field_0/vdw-df2-c09/coupled/data/ldos.pp.dat012

     Calling punch_plot, plot_num =   3

     Energy = -10.49590 eV, broadening =   0.10000eV
     Writing data to file  /home/ubuntu/projects/Graphene-Band-Structure-Quantum-Espresso/outputs/field_0/vdw-df2-c09/coupled/data/ldos.pp.dat013

     Calling punch_plot, plot_num =   3

     Energy = -10.44590 eV, broadening =   0.10000eV
     Writing data to file  /home/ubuntu/projects/Graphene-Band-Structure-Quantum-Espresso/outputs/field_0/vdw-df2-c09/coupled/data/ldos.pp.dat014

     Calling punch_plot, plot_num =   3

     Energy = -10.39590 eV, broadening =   0.10000eV
     Writing data to file  /home/ubuntu/projects/Graphene-Band-Structure-Quantum-Espresso/outputs/field_0/vdw-df2-c09/coupled/data/ldos.pp.dat015

     Calling punch_plot, plot_num =   3

     Energy = -10.34590 eV, broadening =   0.10000eV
     Writing data to file  /home/ubuntu/projects/Graphene-Band-Structure-Quantum-Espresso/outputs/field_0/vdw-df2-c09/coupled/data/ldos.pp.dat016

     Calling punch_plot, plot_num =   3

     Energy = -10.29590 eV, broadening =   0.10000eV
     Writing data to file  /home/ubuntu/projects/Graphene-Band-Structure-Quantum-Espresso/outputs/field_0/vdw-df2-c09/coupled/data/ldos.pp.dat017

     Calling punch_plot, plot_num =   3

     Energy = -10.24590 eV, broadening =   0.10000eV
     Writing data to file  /home/ubuntu/projects/Graphene-Band-Structure-Quantum-Espresso/outputs/field_0/vdw-df2-c09/coupled/data/ldos.pp.dat018

     Calling punch_plot, plot_num =   3

     Energy = -10.19590 eV, broadening =   0.10000eV
     Writing data to file  /home/ubuntu/projects/Graphene-Band-Structure-Quantum-Espresso/outputs/field_0/vdw-df2-c09/coupled/data/ldos.pp.dat019

     Calling punch_plot, plot_num =   3

     Energy = -10.14590 eV, broadening =   0.10000eV
     Writing data to file  /home/ubuntu/projects/Graphene-Band-Structure-Quantum-Espresso/outputs/field_0/vdw-df2-c09/coupled/data/ldos.pp.dat020

     Calling punch_plot, plot_num =   3

     Energy = -10.09590 eV, broadening =   0.10000eV
     Writing data to file  /home/ubuntu/projects/Graphene-Band-Structure-Quantum-Espresso/outputs/field_0/vdw-df2-c09/coupled/data/ldos.pp.dat021

     Calling punch_plot, plot_num =   3

     Energy = -10.04590 eV, broadening =   0.10000eV
     Writing data to file  /home/ubuntu/projects/Graphene-Band-Structure-Quantum-Espresso/outputs/field_0/vdw-df2-c09/coupled/data/ldos.pp.dat022

     Calling punch_plot, plot_num =   3

     Energy =  -9.99590 eV, broadening =   0.10000eV
     Writing data to file  /home/ubuntu/projects/Graphene-Band-Structure-Quantum-Espresso/outputs/field_0/vdw-df2-c09/coupled/data/ldos.pp.dat023

     Calling punch_plot, plot_num =   3

     Energy =  -9.94590 eV, broadening =   0.10000eV
     Writing data to file  /home/ubuntu/projects/Graphene-Band-Structure-Quantum-Espresso/outputs/field_0/vdw-df2-c09/coupled/data/ldos.pp.dat024

     Calling punch_plot, plot_num =   3

     Energy =  -9.89590 eV, broadening =   0.10000eV
     Writing data to file  /home/ubuntu/projects/Graphene-Band-Structure-Quantum-Espresso/outputs/field_0/vdw-df2-c09/coupled/data/ldos.pp.dat025

     Calling punch_plot, plot_num =   3

     Energy =  -9.84590 eV, broadening =   0.10000eV
     Writing data to file  /home/ubuntu/projects/Graphene-Band-Structure-Quantum-Espresso/outputs/field_0/vdw-df2-c09/coupled/data/ldos.pp.dat026

     Calling punch_plot, plot_num =   3

     Energy =  -9.79590 eV, broadening =   0.10000eV
     Writing data to file  /home/ubuntu/projects/Graphene-Band-Structure-Quantum-Espresso/outputs/field_0/vdw-df2-c09/coupled/data/ldos.pp.dat027

     Calling punch_plot, plot_num =   3

     Energy =  -9.74590 eV, broadening =   0.10000eV
     Writing data to file  /home/ubuntu/projects/Graphene-Band-Structure-Quantum-Espresso/outputs/field_0/vdw-df2-c09/coupled/data/ldos.pp.dat028

     Calling punch_plot, plot_num =   3

     Energy =  -9.69590 eV, broadening =   0.10000eV
     Writing data to file  /home/ubuntu/projects/Graphene-Band-Structure-Quantum-Espresso/outputs/field_0/vdw-df2-c09/coupled/data/ldos.pp.dat029

     Calling punch_plot, plot_num =   3

     Energy =  -9.64590 eV, broadening =   0.10000eV
     Writing data to file  /home/ubuntu/projects/Graphene-Band-Structure-Quantum-Espresso/outputs/field_0/vdw-df2-c09/coupled/data/ldos.pp.dat030

     Calling punch_plot, plot_num =   3

     Energy =  -9.59590 eV, broadening =   0.10000eV
     Writing data to file  /home/ubuntu/projects/Graphene-Band-Structure-Quantum-Espresso/outputs/field_0/vdw-df2-c09/coupled/data/ldos.pp.dat031

     Calling punch_plot, plot_num =   3

     Energy =  -9.54590 eV, broadening =   0.10000eV
     Writing data to file  /home/ubuntu/projects/Graphene-Band-Structure-Quantum-Espresso/outputs/field_0/vdw-df2-c09/coupled/data/ldos.pp.dat032

     Calling punch_plot, plot_num =   3

     Energy =  -9.49590 eV, broadening =   0.10000eV
     Writing data to file  /home/ubuntu/projects/Graphene-Band-Structure-Quantum-Espresso/outputs/field_0/vdw-df2-c09/coupled/data/ldos.pp.dat033

     Calling punch_plot, plot_num =   3

     Energy =  -9.44590 eV, broadening =   0.10000eV
     Writing data to file  /home/ubuntu/projects/Graphene-Band-Structure-Quantum-Espresso/outputs/field_0/vdw-df2-c09/coupled/data/ldos.pp.dat034

     Calling punch_plot, plot_num =   3

     Energy =  -9.39590 eV, broadening =   0.10000eV
     Writing data to file  /home/ubuntu/projects/Graphene-Band-Structure-Quantum-Espresso/outputs/field_0/vdw-df2-c09/coupled/data/ldos.pp.dat035

     Calling punch_plot, plot_num =   3

     Energy =  -9.34590 eV, broadening =   0.10000eV
     Writing data to file  /home/ubuntu/projects/Graphene-Band-Structure-Quantum-Espresso/outputs/field_0/vdw-df2-c09/coupled/data/ldos.pp.dat036

     Calling punch_plot, plot_num =   3

     Energy =  -9.29590 eV, broadening =   0.10000eV
     Writing data to file  /home/ubuntu/projects/Graphene-Band-Structure-Quantum-Espresso/outputs/field_0/vdw-df2-c09/coupled/data/ldos.pp.dat037

     Calling punch_plot, plot_num =   3

     Energy =  -9.24590 eV, broadening =   0.10000eV
     Writing data to file  /home/ubuntu/projects/Graphene-Band-Structure-Quantum-Espresso/outputs/field_0/vdw-df2-c09/coupled/data/ldos.pp.dat038

     Calling punch_plot, plot_num =   3

     Energy =  -9.19590 eV, broadening =   0.10000eV
     Writing data to file  /home/ubuntu/projects/Graphene-Band-Structure-Quantum-Espresso/outputs/field_0/vdw-df2-c09/coupled/data/ldos.pp.dat039

     Calling punch_plot, plot_num =   3

     Energy =  -9.14590 eV, broadening =   0.10000eV
     Writing data to file  /home/ubuntu/projects/Graphene-Band-Structure-Quantum-Espresso/outputs/field_0/vdw-df2-c09/coupled/data/ldos.pp.dat040

     Calling punch_plot, plot_num =   3

     Energy =  -9.09590 eV, broadening =   0.10000eV
     Writing data to file  /home/ubuntu/projects/Graphene-Band-Structure-Quantum-Espresso/outputs/field_0/vdw-df2-c09/coupled/data/ldos.pp.dat041

     Calling punch_plot, plot_num =   3

     Energy =  -9.04590 eV, broadening =   0.10000eV
     Writing data to file  /home/ubuntu/projects/Graphene-Band-Structure-Quantum-Espresso/outputs/field_0/vdw-df2-c09/coupled/data/ldos.pp.dat042

     Calling punch_plot, plot_num =   3

     Energy =  -8.99590 eV, broadening =   0.10000eV
     Writing data to file  /home/ubuntu/projects/Graphene-Band-Structure-Quantum-Espresso/outputs/field_0/vdw-df2-c09/coupled/data/ldos.pp.dat043

     Calling punch_plot, plot_num =   3

     Energy =  -8.94590 eV, broadening =   0.10000eV
     Writing data to file  /home/ubuntu/projects/Graphene-Band-Structure-Quantum-Espresso/outputs/field_0/vdw-df2-c09/coupled/data/ldos.pp.dat044

     Calling punch_plot, plot_num =   3

     Energy =  -8.89590 eV, broadening =   0.10000eV
     Writing data to file  /home/ubuntu/projects/Graphene-Band-Structure-Quantum-Espresso/outputs/field_0/vdw-df2-c09/coupled/data/ldos.pp.dat045

     Calling punch_plot, plot_num =   3

     Energy =  -8.84590 eV, broadening =   0.10000eV
     Writing data to file  /home/ubuntu/projects/Graphene-Band-Structure-Quantum-Espresso/outputs/field_0/vdw-df2-c09/coupled/data/ldos.pp.dat046

     Calling punch_plot, plot_num =   3

     Energy =  -8.79590 eV, broadening =   0.10000eV
     Writing data to file  /home/ubuntu/projects/Graphene-Band-Structure-Quantum-Espresso/outputs/field_0/vdw-df2-c09/coupled/data/ldos.pp.dat047

     Calling punch_plot, plot_num =   3

     Energy =  -8.74590 eV, broadening =   0.10000eV
     Writing data to file  /home/ubuntu/projects/Graphene-Band-Structure-Quantum-Espresso/outputs/field_0/vdw-df2-c09/coupled/data/ldos.pp.dat048

     Calling punch_plot, plot_num =   3

     Energy =  -8.69590 eV, broadening =   0.10000eV
     Writing data to file  /home/ubuntu/projects/Graphene-Band-Structure-Quantum-Espresso/outputs/field_0/vdw-df2-c09/coupled/data/ldos.pp.dat049

     Calling punch_plot, plot_num =   3

     Energy =  -8.64590 eV, broadening =   0.10000eV
     Writing data to file  /home/ubuntu/projects/Graphene-Band-Structure-Quantum-Espresso/outputs/field_0/vdw-df2-c09/coupled/data/ldos.pp.dat050

     Calling punch_plot, plot_num =   3

     Energy =  -8.59590 eV, broadening =   0.10000eV
     Writing data to file  /home/ubuntu/projects/Graphene-Band-Structure-Quantum-Espresso/outputs/field_0/vdw-df2-c09/coupled/data/ldos.pp.dat051

     Calling punch_plot, plot_num =   3

     Energy =  -8.54590 eV, broadening =   0.10000eV
     Writing data to file  /home/ubuntu/projects/Graphene-Band-Structure-Quantum-Espresso/outputs/field_0/vdw-df2-c09/coupled/data/ldos.pp.dat052

     Calling punch_plot, plot_num =   3

     Energy =  -8.49590 eV, broadening =   0.10000eV
     Writing data to file  /home/ubuntu/projects/Graphene-Band-Structure-Quantum-Espresso/outputs/field_0/vdw-df2-c09/coupled/data/ldos.pp.dat053

     Calling punch_plot, plot_num =   3

     Energy =  -8.44590 eV, broadening =   0.10000eV
     Writing data to file  /home/ubuntu/projects/Graphene-Band-Structure-Quantum-Espresso/outputs/field_0/vdw-df2-c09/coupled/data/ldos.pp.dat054

     Calling punch_plot, plot_num =   3

     Energy =  -8.39590 eV, broadening =   0.10000eV
     Writing data to file  /home/ubuntu/projects/Graphene-Band-Structure-Quantum-Espresso/outputs/field_0/vdw-df2-c09/coupled/data/ldos.pp.dat055

     Calling punch_plot, plot_num =   3

     Energy =  -8.34590 eV, broadening =   0.10000eV
     Writing data to file  /home/ubuntu/projects/Graphene-Band-Structure-Quantum-Espresso/outputs/field_0/vdw-df2-c09/coupled/data/ldos.pp.dat056

     Calling punch_plot, plot_num =   3

     Energy =  -8.29590 eV, broadening =   0.10000eV
     Writing data to file  /home/ubuntu/projects/Graphene-Band-Structure-Quantum-Espresso/outputs/field_0/vdw-df2-c09/coupled/data/ldos.pp.dat057

     Calling punch_plot, plot_num =   3

     Energy =  -8.24590 eV, broadening =   0.10000eV
     Writing data to file  /home/ubuntu/projects/Graphene-Band-Structure-Quantum-Espresso/outputs/field_0/vdw-df2-c09/coupled/data/ldos.pp.dat058

     Calling punch_plot, plot_num =   3

     Energy =  -8.19590 eV, broadening =   0.10000eV
     Writing data to file  /home/ubuntu/projects/Graphene-Band-Structure-Quantum-Espresso/outputs/field_0/vdw-df2-c09/coupled/data/ldos.pp.dat059

     Calling punch_plot, plot_num =   3

     Energy =  -8.14590 eV, broadening =   0.10000eV
     Writing data to file  /home/ubuntu/projects/Graphene-Band-Structure-Quantum-Espresso/outputs/field_0/vdw-df2-c09/coupled/data/ldos.pp.dat060

     Calling punch_plot, plot_num =   3

     Energy =  -8.09590 eV, broadening =   0.10000eV
     Writing data to file  /home/ubuntu/projects/Graphene-Band-Structure-Quantum-Espresso/outputs/field_0/vdw-df2-c09/coupled/data/ldos.pp.dat061

     Calling punch_plot, plot_num =   3

     Energy =  -8.04590 eV, broadening =   0.10000eV
     Writing data to file  /home/ubuntu/projects/Graphene-Band-Structure-Quantum-Espresso/outputs/field_0/vdw-df2-c09/coupled/data/ldos.pp.dat062

     Calling punch_plot, plot_num =   3

     Energy =  -7.99590 eV, broadening =   0.10000eV
     Writing data to file  /home/ubuntu/projects/Graphene-Band-Structure-Quantum-Espresso/outputs/field_0/vdw-df2-c09/coupled/data/ldos.pp.dat063

     Calling punch_plot, plot_num =   3

     Energy =  -7.94590 eV, broadening =   0.10000eV
     Writing data to file  /home/ubuntu/projects/Graphene-Band-Structure-Quantum-Espresso/outputs/field_0/vdw-df2-c09/coupled/data/ldos.pp.dat064

     Calling punch_plot, plot_num =   3

     Energy =  -7.89590 eV, broadening =   0.10000eV
     Writing data to file  /home/ubuntu/projects/Graphene-Band-Structure-Quantum-Espresso/outputs/field_0/vdw-df2-c09/coupled/data/ldos.pp.dat065

     Calling punch_plot, plot_num =   3

     Energy =  -7.84590 eV, broadening =   0.10000eV
     Writing data to file  /home/ubuntu/projects/Graphene-Band-Structure-Quantum-Espresso/outputs/field_0/vdw-df2-c09/coupled/data/ldos.pp.dat066

     Calling punch_plot, plot_num =   3

     Energy =  -7.79590 eV, broadening =   0.10000eV
     Writing data to file  /home/ubuntu/projects/Graphene-Band-Structure-Quantum-Espresso/outputs/field_0/vdw-df2-c09/coupled/data/ldos.pp.dat067

     Calling punch_plot, plot_num =   3

     Energy =  -7.74590 eV, broadening =   0.10000eV
     Writing data to file  /home/ubuntu/projects/Graphene-Band-Structure-Quantum-Espresso/outputs/field_0/vdw-df2-c09/coupled/data/ldos.pp.dat068

     Calling punch_plot, plot_num =   3

     Energy =  -7.69590 eV, broadening =   0.10000eV
     Writing data to file  /home/ubuntu/projects/Graphene-Band-Structure-Quantum-Espresso/outputs/field_0/vdw-df2-c09/coupled/data/ldos.pp.dat069

     Calling punch_plot, plot_num =   3

     Energy =  -7.64590 eV, broadening =   0.10000eV
     Writing data to file  /home/ubuntu/projects/Graphene-Band-Structure-Quantum-Espresso/outputs/field_0/vdw-df2-c09/coupled/data/ldos.pp.dat070

     Calling punch_plot, plot_num =   3

     Energy =  -7.59590 eV, broadening =   0.10000eV
     Writing data to file  /home/ubuntu/projects/Graphene-Band-Structure-Quantum-Espresso/outputs/field_0/vdw-df2-c09/coupled/data/ldos.pp.dat071

     Calling punch_plot, plot_num =   3

     Energy =  -7.54590 eV, broadening =   0.10000eV
     Writing data to file  /home/ubuntu/projects/Graphene-Band-Structure-Quantum-Espresso/outputs/field_0/vdw-df2-c09/coupled/data/ldos.pp.dat072

     Calling punch_plot, plot_num =   3

     Energy =  -7.49590 eV, broadening =   0.10000eV
     Writing data to file  /home/ubuntu/projects/Graphene-Band-Structure-Quantum-Espresso/outputs/field_0/vdw-df2-c09/coupled/data/ldos.pp.dat073

     Calling punch_plot, plot_num =   3

     Energy =  -7.44590 eV, broadening =   0.10000eV
     Writing data to file  /home/ubuntu/projects/Graphene-Band-Structure-Quantum-Espresso/outputs/field_0/vdw-df2-c09/coupled/data/ldos.pp.dat074

     Calling punch_plot, plot_num =   3

     Energy =  -7.39590 eV, broadening =   0.10000eV
     Writing data to file  /home/ubuntu/projects/Graphene-Band-Structure-Quantum-Espresso/outputs/field_0/vdw-df2-c09/coupled/data/ldos.pp.dat075

     Calling punch_plot, plot_num =   3

     Energy =  -7.34590 eV, broadening =   0.10000eV
     Writing data to file  /home/ubuntu/projects/Graphene-Band-Structure-Quantum-Espresso/outputs/field_0/vdw-df2-c09/coupled/data/ldos.pp.dat076

     Calling punch_plot, plot_num =   3

     Energy =  -7.29590 eV, broadening =   0.10000eV
     Writing data to file  /home/ubuntu/projects/Graphene-Band-Structure-Quantum-Espresso/outputs/field_0/vdw-df2-c09/coupled/data/ldos.pp.dat077

     Calling punch_plot, plot_num =   3

     Energy =  -7.24590 eV, broadening =   0.10000eV
     Writing data to file  /home/ubuntu/projects/Graphene-Band-Structure-Quantum-Espresso/outputs/field_0/vdw-df2-c09/coupled/data/ldos.pp.dat078

     Calling punch_plot, plot_num =   3

     Energy =  -7.19590 eV, broadening =   0.10000eV
     Writing data to file  /home/ubuntu/projects/Graphene-Band-Structure-Quantum-Espresso/outputs/field_0/vdw-df2-c09/coupled/data/ldos.pp.dat079

     Calling punch_plot, plot_num =   3

     Energy =  -7.14590 eV, broadening =   0.10000eV
     Writing data to file  /home/ubuntu/projects/Graphene-Band-Structure-Quantum-Espresso/outputs/field_0/vdw-df2-c09/coupled/data/ldos.pp.dat080

     Calling punch_plot, plot_num =   3

     Energy =  -7.09590 eV, broadening =   0.10000eV
     Writing data to file  /home/ubuntu/projects/Graphene-Band-Structure-Quantum-Espresso/outputs/field_0/vdw-df2-c09/coupled/data/ldos.pp.dat081

     Calling punch_plot, plot_num =   3

     Energy =  -7.04590 eV, broadening =   0.10000eV
     Writing data to file  /home/ubuntu/projects/Graphene-Band-Structure-Quantum-Espresso/outputs/field_0/vdw-df2-c09/coupled/data/ldos.pp.dat082

     Calling punch_plot, plot_num =   3

     Energy =  -6.99590 eV, broadening =   0.10000eV
     Writing data to file  /home/ubuntu/projects/Graphene-Band-Structure-Quantum-Espresso/outputs/field_0/vdw-df2-c09/coupled/data/ldos.pp.dat083

     Calling punch_plot, plot_num =   3

     Energy =  -6.94590 eV, broadening =   0.10000eV
     Writing data to file  /home/ubuntu/projects/Graphene-Band-Structure-Quantum-Espresso/outputs/field_0/vdw-df2-c09/coupled/data/ldos.pp.dat084

     Calling punch_plot, plot_num =   3

     Energy =  -6.89590 eV, broadening =   0.10000eV
     Writing data to file  /home/ubuntu/projects/Graphene-Band-Structure-Quantum-Espresso/outputs/field_0/vdw-df2-c09/coupled/data/ldos.pp.dat085

     Calling punch_plot, plot_num =   3

     Energy =  -6.84590 eV, broadening =   0.10000eV
     Writing data to file  /home/ubuntu/projects/Graphene-Band-Structure-Quantum-Espresso/outputs/field_0/vdw-df2-c09/coupled/data/ldos.pp.dat086

     Calling punch_plot, plot_num =   3

     Energy =  -6.79590 eV, broadening =   0.10000eV
     Writing data to file  /home/ubuntu/projects/Graphene-Band-Structure-Quantum-Espresso/outputs/field_0/vdw-df2-c09/coupled/data/ldos.pp.dat087

     Calling punch_plot, plot_num =   3

     Energy =  -6.74590 eV, broadening =   0.10000eV
     Writing data to file  /home/ubuntu/projects/Graphene-Band-Structure-Quantum-Espresso/outputs/field_0/vdw-df2-c09/coupled/data/ldos.pp.dat088

     Calling punch_plot, plot_num =   3

     Energy =  -6.69590 eV, broadening =   0.10000eV
     Writing data to file  /home/ubuntu/projects/Graphene-Band-Structure-Quantum-Espresso/outputs/field_0/vdw-df2-c09/coupled/data/ldos.pp.dat089

     Calling punch_plot, plot_num =   3

     Energy =  -6.64590 eV, broadening =   0.10000eV
     Writing data to file  /home/ubuntu/projects/Graphene-Band-Structure-Quantum-Espresso/outputs/field_0/vdw-df2-c09/coupled/data/ldos.pp.dat090

     Calling punch_plot, plot_num =   3

     Energy =  -6.59590 eV, broadening =   0.10000eV
     Writing data to file  /home/ubuntu/projects/Graphene-Band-Structure-Quantum-Espresso/outputs/field_0/vdw-df2-c09/coupled/data/ldos.pp.dat091

     Calling punch_plot, plot_num =   3

     Energy =  -6.54590 eV, broadening =   0.10000eV
     Writing data to file  /home/ubuntu/projects/Graphene-Band-Structure-Quantum-Espresso/outputs/field_0/vdw-df2-c09/coupled/data/ldos.pp.dat092

     Calling punch_plot, plot_num =   3

     Energy =  -6.49590 eV, broadening =   0.10000eV
     Writing data to file  /home/ubuntu/projects/Graphene-Band-Structure-Quantum-Espresso/outputs/field_0/vdw-df2-c09/coupled/data/ldos.pp.dat093

     Calling punch_plot, plot_num =   3

     Energy =  -6.44590 eV, broadening =   0.10000eV
     Writing data to file  /home/ubuntu/projects/Graphene-Band-Structure-Quantum-Espresso/outputs/field_0/vdw-df2-c09/coupled/data/ldos.pp.dat094

     Calling punch_plot, plot_num =   3

     Energy =  -6.39590 eV, broadening =   0.10000eV
     Writing data to file  /home/ubuntu/projects/Graphene-Band-Structure-Quantum-Espresso/outputs/field_0/vdw-df2-c09/coupled/data/ldos.pp.dat095

     Calling punch_plot, plot_num =   3

     Energy =  -6.34590 eV, broadening =   0.10000eV
     Writing data to file  /home/ubuntu/projects/Graphene-Band-Structure-Quantum-Espresso/outputs/field_0/vdw-df2-c09/coupled/data/ldos.pp.dat096

     Calling punch_plot, plot_num =   3

     Energy =  -6.29590 eV, broadening =   0.10000eV
     Writing data to file  /home/ubuntu/projects/Graphene-Band-Structure-Quantum-Espresso/outputs/field_0/vdw-df2-c09/coupled/data/ldos.pp.dat097

     Calling punch_plot, plot_num =   3

     Energy =  -6.24590 eV, broadening =   0.10000eV
     Writing data to file  /home/ubuntu/projects/Graphene-Band-Structure-Quantum-Espresso/outputs/field_0/vdw-df2-c09/coupled/data/ldos.pp.dat098

     Calling punch_plot, plot_num =   3

     Energy =  -6.19590 eV, broadening =   0.10000eV
     Writing data to file  /home/ubuntu/projects/Graphene-Band-Structure-Quantum-Espresso/outputs/field_0/vdw-df2-c09/coupled/data/ldos.pp.dat099

     Calling punch_plot, plot_num =   3

     Energy =  -6.14590 eV, broadening =   0.10000eV
     Writing data to file  /home/ubuntu/projects/Graphene-Band-Structure-Quantum-Espresso/outputs/field_0/vdw-df2-c09/coupled/data/ldos.pp.dat100

     Calling punch_plot, plot_num =   3

     Energy =  -6.09590 eV, broadening =   0.10000eV
     Writing data to file  /home/ubuntu/projects/Graphene-Band-Structure-Quantum-Espresso/outputs/field_0/vdw-df2-c09/coupled/data/ldos.pp.dat101

     Calling punch_plot, plot_num =   3

     Energy =  -6.04590 eV, broadening =   0.10000eV
     Writing data to file  /home/ubuntu/projects/Graphene-Band-Structure-Quantum-Espresso/outputs/field_0/vdw-df2-c09/coupled/data/ldos.pp.dat102

     Calling punch_plot, plot_num =   3

     Energy =  -5.99590 eV, broadening =   0.10000eV
     Writing data to file  /home/ubuntu/projects/Graphene-Band-Structure-Quantum-Espresso/outputs/field_0/vdw-df2-c09/coupled/data/ldos.pp.dat103

     Calling punch_plot, plot_num =   3

     Energy =  -5.94590 eV, broadening =   0.10000eV
     Writing data to file  /home/ubuntu/projects/Graphene-Band-Structure-Quantum-Espresso/outputs/field_0/vdw-df2-c09/coupled/data/ldos.pp.dat104

     Calling punch_plot, plot_num =   3

     Energy =  -5.89590 eV, broadening =   0.10000eV
     Writing data to file  /home/ubuntu/projects/Graphene-Band-Structure-Quantum-Espresso/outputs/field_0/vdw-df2-c09/coupled/data/ldos.pp.dat105

     Calling punch_plot, plot_num =   3

     Energy =  -5.84590 eV, broadening =   0.10000eV
     Writing data to file  /home/ubuntu/projects/Graphene-Band-Structure-Quantum-Espresso/outputs/field_0/vdw-df2-c09/coupled/data/ldos.pp.dat106

     Calling punch_plot, plot_num =   3

     Energy =  -5.79590 eV, broadening =   0.10000eV
     Writing data to file  /home/ubuntu/projects/Graphene-Band-Structure-Quantum-Espresso/outputs/field_0/vdw-df2-c09/coupled/data/ldos.pp.dat107

     Calling punch_plot, plot_num =   3

     Energy =  -5.74590 eV, broadening =   0.10000eV
     Writing data to file  /home/ubuntu/projects/Graphene-Band-Structure-Quantum-Espresso/outputs/field_0/vdw-df2-c09/coupled/data/ldos.pp.dat108

     Calling punch_plot, plot_num =   3

     Energy =  -5.69590 eV, broadening =   0.10000eV
     Writing data to file  /home/ubuntu/projects/Graphene-Band-Structure-Quantum-Espresso/outputs/field_0/vdw-df2-c09/coupled/data/ldos.pp.dat109

     Calling punch_plot, plot_num =   3

     Energy =  -5.64590 eV, broadening =   0.10000eV
     Writing data to file  /home/ubuntu/projects/Graphene-Band-Structure-Quantum-Espresso/outputs/field_0/vdw-df2-c09/coupled/data/ldos.pp.dat110

     Calling punch_plot, plot_num =   3

     Energy =  -5.59590 eV, broadening =   0.10000eV
     Writing data to file  /home/ubuntu/projects/Graphene-Band-Structure-Quantum-Espresso/outputs/field_0/vdw-df2-c09/coupled/data/ldos.pp.dat111

     Calling punch_plot, plot_num =   3

     Energy =  -5.54590 eV, broadening =   0.10000eV
     Writing data to file  /home/ubuntu/projects/Graphene-Band-Structure-Quantum-Espresso/outputs/field_0/vdw-df2-c09/coupled/data/ldos.pp.dat112

     Calling punch_plot, plot_num =   3

     Energy =  -5.49590 eV, broadening =   0.10000eV
     Writing data to file  /home/ubuntu/projects/Graphene-Band-Structure-Quantum-Espresso/outputs/field_0/vdw-df2-c09/coupled/data/ldos.pp.dat113

     Calling punch_plot, plot_num =   3

     Energy =  -5.44590 eV, broadening =   0.10000eV
     Writing data to file  /home/ubuntu/projects/Graphene-Band-Structure-Quantum-Espresso/outputs/field_0/vdw-df2-c09/coupled/data/ldos.pp.dat114

     Calling punch_plot, plot_num =   3

     Energy =  -5.39590 eV, broadening =   0.10000eV
     Writing data to file  /home/ubuntu/projects/Graphene-Band-Structure-Quantum-Espresso/outputs/field_0/vdw-df2-c09/coupled/data/ldos.pp.dat115

     Calling punch_plot, plot_num =   3

     Energy =  -5.34590 eV, broadening =   0.10000eV
     Writing data to file  /home/ubuntu/projects/Graphene-Band-Structure-Quantum-Espresso/outputs/field_0/vdw-df2-c09/coupled/data/ldos.pp.dat116

     Calling punch_plot, plot_num =   3

     Energy =  -5.29590 eV, broadening =   0.10000eV
     Writing data to file  /home/ubuntu/projects/Graphene-Band-Structure-Quantum-Espresso/outputs/field_0/vdw-df2-c09/coupled/data/ldos.pp.dat117

     Calling punch_plot, plot_num =   3

     Energy =  -5.24590 eV, broadening =   0.10000eV
     Writing data to file  /home/ubuntu/projects/Graphene-Band-Structure-Quantum-Espresso/outputs/field_0/vdw-df2-c09/coupled/data/ldos.pp.dat118

     Calling punch_plot, plot_num =   3

     Energy =  -5.19590 eV, broadening =   0.10000eV
     Writing data to file  /home/ubuntu/projects/Graphene-Band-Structure-Quantum-Espresso/outputs/field_0/vdw-df2-c09/coupled/data/ldos.pp.dat119

     Calling punch_plot, plot_num =   3

     Energy =  -5.14590 eV, broadening =   0.10000eV
     Writing data to file  /home/ubuntu/projects/Graphene-Band-Structure-Quantum-Espresso/outputs/field_0/vdw-df2-c09/coupled/data/ldos.pp.dat120

     Calling punch_plot, plot_num =   3

     Energy =  -5.09590 eV, broadening =   0.10000eV
     Writing data to file  /home/ubuntu/projects/Graphene-Band-Structure-Quantum-Espresso/outputs/field_0/vdw-df2-c09/coupled/data/ldos.pp.dat121

     Calling punch_plot, plot_num =   3

     Energy =  -5.04590 eV, broadening =   0.10000eV
     Writing data to file  /home/ubuntu/projects/Graphene-Band-Structure-Quantum-Espresso/outputs/field_0/vdw-df2-c09/coupled/data/ldos.pp.dat122

     Calling punch_plot, plot_num =   3

     Energy =  -4.99590 eV, broadening =   0.10000eV
     Writing data to file  /home/ubuntu/projects/Graphene-Band-Structure-Quantum-Espresso/outputs/field_0/vdw-df2-c09/coupled/data/ldos.pp.dat123

     Calling punch_plot, plot_num =   3

     Energy =  -4.94590 eV, broadening =   0.10000eV
     Writing data to file  /home/ubuntu/projects/Graphene-Band-Structure-Quantum-Espresso/outputs/field_0/vdw-df2-c09/coupled/data/ldos.pp.dat124

     Calling punch_plot, plot_num =   3

     Energy =  -4.89590 eV, broadening =   0.10000eV
     Writing data to file  /home/ubuntu/projects/Graphene-Band-Structure-Quantum-Espresso/outputs/field_0/vdw-df2-c09/coupled/data/ldos.pp.dat125

     Calling punch_plot, plot_num =   3

     Energy =  -4.84590 eV, broadening =   0.10000eV
     Writing data to file  /home/ubuntu/projects/Graphene-Band-Structure-Quantum-Espresso/outputs/field_0/vdw-df2-c09/coupled/data/ldos.pp.dat126

     Calling punch_plot, plot_num =   3

     Energy =  -4.79590 eV, broadening =   0.10000eV
     Writing data to file  /home/ubuntu/projects/Graphene-Band-Structure-Quantum-Espresso/outputs/field_0/vdw-df2-c09/coupled/data/ldos.pp.dat127

     Calling punch_plot, plot_num =   3

     Energy =  -4.74590 eV, broadening =   0.10000eV
     Writing data to file  /home/ubuntu/projects/Graphene-Band-Structure-Quantum-Espresso/outputs/field_0/vdw-df2-c09/coupled/data/ldos.pp.dat128

     Calling punch_plot, plot_num =   3

     Energy =  -4.69590 eV, broadening =   0.10000eV
     Writing data to file  /home/ubuntu/projects/Graphene-Band-Structure-Quantum-Espresso/outputs/field_0/vdw-df2-c09/coupled/data/ldos.pp.dat129

     Calling punch_plot, plot_num =   3

     Energy =  -4.64590 eV, broadening =   0.10000eV
     Writing data to file  /home/ubuntu/projects/Graphene-Band-Structure-Quantum-Espresso/outputs/field_0/vdw-df2-c09/coupled/data/ldos.pp.dat130

     Calling punch_plot, plot_num =   3

     Energy =  -4.59590 eV, broadening =   0.10000eV
     Writing data to file  /home/ubuntu/projects/Graphene-Band-Structure-Quantum-Espresso/outputs/field_0/vdw-df2-c09/coupled/data/ldos.pp.dat131

     Calling punch_plot, plot_num =   3

     Energy =  -4.54590 eV, broadening =   0.10000eV
     Writing data to file  /home/ubuntu/projects/Graphene-Band-Structure-Quantum-Espresso/outputs/field_0/vdw-df2-c09/coupled/data/ldos.pp.dat132

     Calling punch_plot, plot_num =   3

     Energy =  -4.49590 eV, broadening =   0.10000eV
     Writing data to file  /home/ubuntu/projects/Graphene-Band-Structure-Quantum-Espresso/outputs/field_0/vdw-df2-c09/coupled/data/ldos.pp.dat133

     Calling punch_plot, plot_num =   3

     Energy =  -4.44590 eV, broadening =   0.10000eV
     Writing data to file  /home/ubuntu/projects/Graphene-Band-Structure-Quantum-Espresso/outputs/field_0/vdw-df2-c09/coupled/data/ldos.pp.dat134

     Calling punch_plot, plot_num =   3

     Energy =  -4.39590 eV, broadening =   0.10000eV
     Writing data to file  /home/ubuntu/projects/Graphene-Band-Structure-Quantum-Espresso/outputs/field_0/vdw-df2-c09/coupled/data/ldos.pp.dat135

     Calling punch_plot, plot_num =   3

     Energy =  -4.34590 eV, broadening =   0.10000eV
     Writing data to file  /home/ubuntu/projects/Graphene-Band-Structure-Quantum-Espresso/outputs/field_0/vdw-df2-c09/coupled/data/ldos.pp.dat136

     Calling punch_plot, plot_num =   3

     Energy =  -4.29590 eV, broadening =   0.10000eV
     Writing data to file  /home/ubuntu/projects/Graphene-Band-Structure-Quantum-Espresso/outputs/field_0/vdw-df2-c09/coupled/data/ldos.pp.dat137

     Calling punch_plot, plot_num =   3

     Energy =  -4.24590 eV, broadening =   0.10000eV
     Writing data to file  /home/ubuntu/projects/Graphene-Band-Structure-Quantum-Espresso/outputs/field_0/vdw-df2-c09/coupled/data/ldos.pp.dat138

     Calling punch_plot, plot_num =   3

     Energy =  -4.19590 eV, broadening =   0.10000eV
     Writing data to file  /home/ubuntu/projects/Graphene-Band-Structure-Quantum-Espresso/outputs/field_0/vdw-df2-c09/coupled/data/ldos.pp.dat139

     Calling punch_plot, plot_num =   3

     Energy =  -4.14590 eV, broadening =   0.10000eV
     Writing data to file  /home/ubuntu/projects/Graphene-Band-Structure-Quantum-Espresso/outputs/field_0/vdw-df2-c09/coupled/data/ldos.pp.dat140

     Calling punch_plot, plot_num =   3

     Energy =  -4.09590 eV, broadening =   0.10000eV
     Writing data to file  /home/ubuntu/projects/Graphene-Band-Structure-Quantum-Espresso/outputs/field_0/vdw-df2-c09/coupled/data/ldos.pp.dat141

     Calling punch_plot, plot_num =   3

     Energy =  -4.04590 eV, broadening =   0.10000eV
     Writing data to file  /home/ubuntu/projects/Graphene-Band-Structure-Quantum-Espresso/outputs/field_0/vdw-df2-c09/coupled/data/ldos.pp.dat142

     Calling punch_plot, plot_num =   3

     Energy =  -3.99590 eV, broadening =   0.10000eV
     Writing data to file  /home/ubuntu/projects/Graphene-Band-Structure-Quantum-Espresso/outputs/field_0/vdw-df2-c09/coupled/data/ldos.pp.dat143

     Calling punch_plot, plot_num =   3

     Energy =  -3.94590 eV, broadening =   0.10000eV
     Writing data to file  /home/ubuntu/projects/Graphene-Band-Structure-Quantum-Espresso/outputs/field_0/vdw-df2-c09/coupled/data/ldos.pp.dat144

     Calling punch_plot, plot_num =   3

     Energy =  -3.89590 eV, broadening =   0.10000eV
     Writing data to file  /home/ubuntu/projects/Graphene-Band-Structure-Quantum-Espresso/outputs/field_0/vdw-df2-c09/coupled/data/ldos.pp.dat145

     Calling punch_plot, plot_num =   3

     Energy =  -3.84590 eV, broadening =   0.10000eV
     Writing data to file  /home/ubuntu/projects/Graphene-Band-Structure-Quantum-Espresso/outputs/field_0/vdw-df2-c09/coupled/data/ldos.pp.dat146

     Calling punch_plot, plot_num =   3

     Energy =  -3.79590 eV, broadening =   0.10000eV
     Writing data to file  /home/ubuntu/projects/Graphene-Band-Structure-Quantum-Espresso/outputs/field_0/vdw-df2-c09/coupled/data/ldos.pp.dat147

     Calling punch_plot, plot_num =   3

     Energy =  -3.74590 eV, broadening =   0.10000eV
     Writing data to file  /home/ubuntu/projects/Graphene-Band-Structure-Quantum-Espresso/outputs/field_0/vdw-df2-c09/coupled/data/ldos.pp.dat148

     Calling punch_plot, plot_num =   3

     Energy =  -3.69590 eV, broadening =   0.10000eV
     Writing data to file  /home/ubuntu/projects/Graphene-Band-Structure-Quantum-Espresso/outputs/field_0/vdw-df2-c09/coupled/data/ldos.pp.dat149

     Calling punch_plot, plot_num =   3

     Energy =  -3.64590 eV, broadening =   0.10000eV
     Writing data to file  /home/ubuntu/projects/Graphene-Band-Structure-Quantum-Espresso/outputs/field_0/vdw-df2-c09/coupled/data/ldos.pp.dat150

     Calling punch_plot, plot_num =   3

     Energy =  -3.59590 eV, broadening =   0.10000eV
     Writing data to file  /home/ubuntu/projects/Graphene-Band-Structure-Quantum-Espresso/outputs/field_0/vdw-df2-c09/coupled/data/ldos.pp.dat151

     Calling punch_plot, plot_num =   3

     Energy =  -3.54590 eV, broadening =   0.10000eV
     Writing data to file  /home/ubuntu/projects/Graphene-Band-Structure-Quantum-Espresso/outputs/field_0/vdw-df2-c09/coupled/data/ldos.pp.dat152

     Calling punch_plot, plot_num =   3

     Energy =  -3.49590 eV, broadening =   0.10000eV
     Writing data to file  /home/ubuntu/projects/Graphene-Band-Structure-Quantum-Espresso/outputs/field_0/vdw-df2-c09/coupled/data/ldos.pp.dat153

     Calling punch_plot, plot_num =   3

     Energy =  -3.44590 eV, broadening =   0.10000eV
     Writing data to file  /home/ubuntu/projects/Graphene-Band-Structure-Quantum-Espresso/outputs/field_0/vdw-df2-c09/coupled/data/ldos.pp.dat154

     Calling punch_plot, plot_num =   3

     Energy =  -3.39590 eV, broadening =   0.10000eV
     Writing data to file  /home/ubuntu/projects/Graphene-Band-Structure-Quantum-Espresso/outputs/field_0/vdw-df2-c09/coupled/data/ldos.pp.dat155

     Calling punch_plot, plot_num =   3

     Energy =  -3.34590 eV, broadening =   0.10000eV
     Writing data to file  /home/ubuntu/projects/Graphene-Band-Structure-Quantum-Espresso/outputs/field_0/vdw-df2-c09/coupled/data/ldos.pp.dat156

     Calling punch_plot, plot_num =   3

     Energy =  -3.29590 eV, broadening =   0.10000eV
     Writing data to file  /home/ubuntu/projects/Graphene-Band-Structure-Quantum-Espresso/outputs/field_0/vdw-df2-c09/coupled/data/ldos.pp.dat157

     Calling punch_plot, plot_num =   3

     Energy =  -3.24590 eV, broadening =   0.10000eV
     Writing data to file  /home/ubuntu/projects/Graphene-Band-Structure-Quantum-Espresso/outputs/field_0/vdw-df2-c09/coupled/data/ldos.pp.dat158

     Calling punch_plot, plot_num =   3

     Energy =  -3.19590 eV, broadening =   0.10000eV
     Writing data to file  /home/ubuntu/projects/Graphene-Band-Structure-Quantum-Espresso/outputs/field_0/vdw-df2-c09/coupled/data/ldos.pp.dat159

     Calling punch_plot, plot_num =   3

     Energy =  -3.14590 eV, broadening =   0.10000eV
     Writing data to file  /home/ubuntu/projects/Graphene-Band-Structure-Quantum-Espresso/outputs/field_0/vdw-df2-c09/coupled/data/ldos.pp.dat160

     Calling punch_plot, plot_num =   3

     Energy =  -3.09590 eV, broadening =   0.10000eV
     Writing data to file  /home/ubuntu/projects/Graphene-Band-Structure-Quantum-Espresso/outputs/field_0/vdw-df2-c09/coupled/data/ldos.pp.dat161

     Calling punch_plot, plot_num =   3

     Energy =  -3.04590 eV, broadening =   0.10000eV
     Writing data to file  /home/ubuntu/projects/Graphene-Band-Structure-Quantum-Espresso/outputs/field_0/vdw-df2-c09/coupled/data/ldos.pp.dat162

     Calling punch_plot, plot_num =   3

     Energy =  -2.99590 eV, broadening =   0.10000eV
     Writing data to file  /home/ubuntu/projects/Graphene-Band-Structure-Quantum-Espresso/outputs/field_0/vdw-df2-c09/coupled/data/ldos.pp.dat163

     Calling punch_plot, plot_num =   3

     Energy =  -2.94590 eV, broadening =   0.10000eV
     Writing data to file  /home/ubuntu/projects/Graphene-Band-Structure-Quantum-Espresso/outputs/field_0/vdw-df2-c09/coupled/data/ldos.pp.dat164

     Calling punch_plot, plot_num =   3

     Energy =  -2.89590 eV, broadening =   0.10000eV
     Writing data to file  /home/ubuntu/projects/Graphene-Band-Structure-Quantum-Espresso/outputs/field_0/vdw-df2-c09/coupled/data/ldos.pp.dat165

     Calling punch_plot, plot_num =   3

     Energy =  -2.84590 eV, broadening =   0.10000eV
     Writing data to file  /home/ubuntu/projects/Graphene-Band-Structure-Quantum-Espresso/outputs/field_0/vdw-df2-c09/coupled/data/ldos.pp.dat166

     Calling punch_plot, plot_num =   3

     Energy =  -2.79590 eV, broadening =   0.10000eV
     Writing data to file  /home/ubuntu/projects/Graphene-Band-Structure-Quantum-Espresso/outputs/field_0/vdw-df2-c09/coupled/data/ldos.pp.dat167

     Calling punch_plot, plot_num =   3

     Energy =  -2.74590 eV, broadening =   0.10000eV
     Writing data to file  /home/ubuntu/projects/Graphene-Band-Structure-Quantum-Espresso/outputs/field_0/vdw-df2-c09/coupled/data/ldos.pp.dat168

     Calling punch_plot, plot_num =   3

     Energy =  -2.69590 eV, broadening =   0.10000eV
     Writing data to file  /home/ubuntu/projects/Graphene-Band-Structure-Quantum-Espresso/outputs/field_0/vdw-df2-c09/coupled/data/ldos.pp.dat169

     Calling punch_plot, plot_num =   3

     Energy =  -2.64590 eV, broadening =   0.10000eV
     Writing data to file  /home/ubuntu/projects/Graphene-Band-Structure-Quantum-Espresso/outputs/field_0/vdw-df2-c09/coupled/data/ldos.pp.dat170

     Calling punch_plot, plot_num =   3

     Energy =  -2.59590 eV, broadening =   0.10000eV
     Writing data to file  /home/ubuntu/projects/Graphene-Band-Structure-Quantum-Espresso/outputs/field_0/vdw-df2-c09/coupled/data/ldos.pp.dat171

     Calling punch_plot, plot_num =   3

     Energy =  -2.54590 eV, broadening =   0.10000eV
     Writing data to file  /home/ubuntu/projects/Graphene-Band-Structure-Quantum-Espresso/outputs/field_0/vdw-df2-c09/coupled/data/ldos.pp.dat172

     Calling punch_plot, plot_num =   3

     Energy =  -2.49590 eV, broadening =   0.10000eV
     Writing data to file  /home/ubuntu/projects/Graphene-Band-Structure-Quantum-Espresso/outputs/field_0/vdw-df2-c09/coupled/data/ldos.pp.dat173

     Calling punch_plot, plot_num =   3

     Energy =  -2.44590 eV, broadening =   0.10000eV
     Writing data to file  /home/ubuntu/projects/Graphene-Band-Structure-Quantum-Espresso/outputs/field_0/vdw-df2-c09/coupled/data/ldos.pp.dat174

     Calling punch_plot, plot_num =   3

     Energy =  -2.39590 eV, broadening =   0.10000eV
     Writing data to file  /home/ubuntu/projects/Graphene-Band-Structure-Quantum-Espresso/outputs/field_0/vdw-df2-c09/coupled/data/ldos.pp.dat175

     Calling punch_plot, plot_num =   3

     Energy =  -2.34590 eV, broadening =   0.10000eV
     Writing data to file  /home/ubuntu/projects/Graphene-Band-Structure-Quantum-Espresso/outputs/field_0/vdw-df2-c09/coupled/data/ldos.pp.dat176

     Calling punch_plot, plot_num =   3

     Energy =  -2.29590 eV, broadening =   0.10000eV
     Writing data to file  /home/ubuntu/projects/Graphene-Band-Structure-Quantum-Espresso/outputs/field_0/vdw-df2-c09/coupled/data/ldos.pp.dat177

     Calling punch_plot, plot_num =   3

     Energy =  -2.24590 eV, broadening =   0.10000eV
     Writing data to file  /home/ubuntu/projects/Graphene-Band-Structure-Quantum-Espresso/outputs/field_0/vdw-df2-c09/coupled/data/ldos.pp.dat178

     Calling punch_plot, plot_num =   3

     Energy =  -2.19590 eV, broadening =   0.10000eV
     Writing data to file  /home/ubuntu/projects/Graphene-Band-Structure-Quantum-Espresso/outputs/field_0/vdw-df2-c09/coupled/data/ldos.pp.dat179

     Calling punch_plot, plot_num =   3

     Energy =  -2.14590 eV, broadening =   0.10000eV
     Writing data to file  /home/ubuntu/projects/Graphene-Band-Structure-Quantum-Espresso/outputs/field_0/vdw-df2-c09/coupled/data/ldos.pp.dat180

     Calling punch_plot, plot_num =   3

     Energy =  -2.09590 eV, broadening =   0.10000eV
     Writing data to file  /home/ubuntu/projects/Graphene-Band-Structure-Quantum-Espresso/outputs/field_0/vdw-df2-c09/coupled/data/ldos.pp.dat181

     Calling punch_plot, plot_num =   3

     Energy =  -2.04590 eV, broadening =   0.10000eV
     Writing data to file  /home/ubuntu/projects/Graphene-Band-Structure-Quantum-Espresso/outputs/field_0/vdw-df2-c09/coupled/data/ldos.pp.dat182

     Calling punch_plot, plot_num =   3

     Energy =  -1.99590 eV, broadening =   0.10000eV
     Writing data to file  /home/ubuntu/projects/Graphene-Band-Structure-Quantum-Espresso/outputs/field_0/vdw-df2-c09/coupled/data/ldos.pp.dat183

     Calling punch_plot, plot_num =   3

     Energy =  -1.94590 eV, broadening =   0.10000eV
     Writing data to file  /home/ubuntu/projects/Graphene-Band-Structure-Quantum-Espresso/outputs/field_0/vdw-df2-c09/coupled/data/ldos.pp.dat184

     Calling punch_plot, plot_num =   3

     Energy =  -1.89590 eV, broadening =   0.10000eV
     Writing data to file  /home/ubuntu/projects/Graphene-Band-Structure-Quantum-Espresso/outputs/field_0/vdw-df2-c09/coupled/data/ldos.pp.dat185

     Calling punch_plot, plot_num =   3

     Energy =  -1.84590 eV, broadening =   0.10000eV
     Writing data to file  /home/ubuntu/projects/Graphene-Band-Structure-Quantum-Espresso/outputs/field_0/vdw-df2-c09/coupled/data/ldos.pp.dat186

     Calling punch_plot, plot_num =   3

     Energy =  -1.79590 eV, broadening =   0.10000eV
     Writing data to file  /home/ubuntu/projects/Graphene-Band-Structure-Quantum-Espresso/outputs/field_0/vdw-df2-c09/coupled/data/ldos.pp.dat187

     Calling punch_plot, plot_num =   3

     Energy =  -1.74590 eV, broadening =   0.10000eV
     Writing data to file  /home/ubuntu/projects/Graphene-Band-Structure-Quantum-Espresso/outputs/field_0/vdw-df2-c09/coupled/data/ldos.pp.dat188

     Calling punch_plot, plot_num =   3

     Energy =  -1.69590 eV, broadening =   0.10000eV
     Writing data to file  /home/ubuntu/projects/Graphene-Band-Structure-Quantum-Espresso/outputs/field_0/vdw-df2-c09/coupled/data/ldos.pp.dat189

     Calling punch_plot, plot_num =   3

     Energy =  -1.64590 eV, broadening =   0.10000eV
     Writing data to file  /home/ubuntu/projects/Graphene-Band-Structure-Quantum-Espresso/outputs/field_0/vdw-df2-c09/coupled/data/ldos.pp.dat190

     Calling punch_plot, plot_num =   3

     Energy =  -1.59590 eV, broadening =   0.10000eV
     Writing data to file  /home/ubuntu/projects/Graphene-Band-Structure-Quantum-Espresso/outputs/field_0/vdw-df2-c09/coupled/data/ldos.pp.dat191

     Calling punch_plot, plot_num =   3

     Energy =  -1.54590 eV, broadening =   0.10000eV
     Writing data to file  /home/ubuntu/projects/Graphene-Band-Structure-Quantum-Espresso/outputs/field_0/vdw-df2-c09/coupled/data/ldos.pp.dat192

     Calling punch_plot, plot_num =   3

     Energy =  -1.49590 eV, broadening =   0.10000eV
     Writing data to file  /home/ubuntu/projects/Graphene-Band-Structure-Quantum-Espresso/outputs/field_0/vdw-df2-c09/coupled/data/ldos.pp.dat193

     Calling punch_plot, plot_num =   3

     Energy =  -1.44590 eV, broadening =   0.10000eV
     Writing data to file  /home/ubuntu/projects/Graphene-Band-Structure-Quantum-Espresso/outputs/field_0/vdw-df2-c09/coupled/data/ldos.pp.dat194

     Calling punch_plot, plot_num =   3

     Energy =  -1.39590 eV, broadening =   0.10000eV
     Writing data to file  /home/ubuntu/projects/Graphene-Band-Structure-Quantum-Espresso/outputs/field_0/vdw-df2-c09/coupled/data/ldos.pp.dat195

     Calling punch_plot, plot_num =   3

     Energy =  -1.34590 eV, broadening =   0.10000eV
     Writing data to file  /home/ubuntu/projects/Graphene-Band-Structure-Quantum-Espresso/outputs/field_0/vdw-df2-c09/coupled/data/ldos.pp.dat196

     Calling punch_plot, plot_num =   3

     Energy =  -1.29590 eV, broadening =   0.10000eV
     Writing data to file  /home/ubuntu/projects/Graphene-Band-Structure-Quantum-Espresso/outputs/field_0/vdw-df2-c09/coupled/data/ldos.pp.dat197

     Calling punch_plot, plot_num =   3

     Energy =  -1.24590 eV, broadening =   0.10000eV
     Writing data to file  /home/ubuntu/projects/Graphene-Band-Structure-Quantum-Espresso/outputs/field_0/vdw-df2-c09/coupled/data/ldos.pp.dat198

     Calling punch_plot, plot_num =   3

     Energy =  -1.19590 eV, broadening =   0.10000eV
     Writing data to file  /home/ubuntu/projects/Graphene-Band-Structure-Quantum-Espresso/outputs/field_0/vdw-df2-c09/coupled/data/ldos.pp.dat199

     Calling punch_plot, plot_num =   3

     Energy =  -1.14590 eV, broadening =   0.10000eV
     Writing data to file  /home/ubuntu/projects/Graphene-Band-Structure-Quantum-Espresso/outputs/field_0/vdw-df2-c09/coupled/data/ldos.pp.dat200

     Calling punch_plot, plot_num =   3

     Energy =  -1.09590 eV, broadening =   0.10000eV
     Writing data to file  /home/ubuntu/projects/Graphene-Band-Structure-Quantum-Espresso/outputs/field_0/vdw-df2-c09/coupled/data/ldos.pp.dat201

     Calling punch_plot, plot_num =   3

     Energy =  -1.04590 eV, broadening =   0.10000eV
     Writing data to file  /home/ubuntu/projects/Graphene-Band-Structure-Quantum-Espresso/outputs/field_0/vdw-df2-c09/coupled/data/ldos.pp.dat202

     Calling punch_plot, plot_num =   3

     Energy =  -0.99590 eV, broadening =   0.10000eV
     Writing data to file  /home/ubuntu/projects/Graphene-Band-Structure-Quantum-Espresso/outputs/field_0/vdw-df2-c09/coupled/data/ldos.pp.dat203

     Calling punch_plot, plot_num =   3

     Energy =  -0.94590 eV, broadening =   0.10000eV
     Writing data to file  /home/ubuntu/projects/Graphene-Band-Structure-Quantum-Espresso/outputs/field_0/vdw-df2-c09/coupled/data/ldos.pp.dat204

     Calling punch_plot, plot_num =   3

     Energy =  -0.89590 eV, broadening =   0.10000eV
     Writing data to file  /home/ubuntu/projects/Graphene-Band-Structure-Quantum-Espresso/outputs/field_0/vdw-df2-c09/coupled/data/ldos.pp.dat205

     Calling punch_plot, plot_num =   3

     Energy =  -0.84590 eV, broadening =   0.10000eV
     Writing data to file  /home/ubuntu/projects/Graphene-Band-Structure-Quantum-Espresso/outputs/field_0/vdw-df2-c09/coupled/data/ldos.pp.dat206

     Calling punch_plot, plot_num =   3

     Energy =  -0.79590 eV, broadening =   0.10000eV
     Writing data to file  /home/ubuntu/projects/Graphene-Band-Structure-Quantum-Espresso/outputs/field_0/vdw-df2-c09/coupled/data/ldos.pp.dat207

     Calling punch_plot, plot_num =   3

     Energy =  -0.74590 eV, broadening =   0.10000eV
     Writing data to file  /home/ubuntu/projects/Graphene-Band-Structure-Quantum-Espresso/outputs/field_0/vdw-df2-c09/coupled/data/ldos.pp.dat208

     Calling punch_plot, plot_num =   3

     Energy =  -0.69590 eV, broadening =   0.10000eV
     Writing data to file  /home/ubuntu/projects/Graphene-Band-Structure-Quantum-Espresso/outputs/field_0/vdw-df2-c09/coupled/data/ldos.pp.dat209

     Calling punch_plot, plot_num =   3

     Energy =  -0.64590 eV, broadening =   0.10000eV
     Writing data to file  /home/ubuntu/projects/Graphene-Band-Structure-Quantum-Espresso/outputs/field_0/vdw-df2-c09/coupled/data/ldos.pp.dat210

     Calling punch_plot, plot_num =   3

     Energy =  -0.59590 eV, broadening =   0.10000eV
     Writing data to file  /home/ubuntu/projects/Graphene-Band-Structure-Quantum-Espresso/outputs/field_0/vdw-df2-c09/coupled/data/ldos.pp.dat211

     Calling punch_plot, plot_num =   3

     Energy =  -0.54590 eV, broadening =   0.10000eV
     Writing data to file  /home/ubuntu/projects/Graphene-Band-Structure-Quantum-Espresso/outputs/field_0/vdw-df2-c09/coupled/data/ldos.pp.dat212

     Calling punch_plot, plot_num =   3

     Energy =  -0.49590 eV, broadening =   0.10000eV
     Writing data to file  /home/ubuntu/projects/Graphene-Band-Structure-Quantum-Espresso/outputs/field_0/vdw-df2-c09/coupled/data/ldos.pp.dat213

     Calling punch_plot, plot_num =   3

     Energy =  -0.44590 eV, broadening =   0.10000eV
     Writing data to file  /home/ubuntu/projects/Graphene-Band-Structure-Quantum-Espresso/outputs/field_0/vdw-df2-c09/coupled/data/ldos.pp.dat214

     Calling punch_plot, plot_num =   3

     Energy =  -0.39590 eV, broadening =   0.10000eV
     Writing data to file  /home/ubuntu/projects/Graphene-Band-Structure-Quantum-Espresso/outputs/field_0/vdw-df2-c09/coupled/data/ldos.pp.dat215

     Calling punch_plot, plot_num =   3

     Energy =  -0.34590 eV, broadening =   0.10000eV
     Writing data to file  /home/ubuntu/projects/Graphene-Band-Structure-Quantum-Espresso/outputs/field_0/vdw-df2-c09/coupled/data/ldos.pp.dat216

     Calling punch_plot, plot_num =   3

     Energy =  -0.29590 eV, broadening =   0.10000eV
     Writing data to file  /home/ubuntu/projects/Graphene-Band-Structure-Quantum-Espresso/outputs/field_0/vdw-df2-c09/coupled/data/ldos.pp.dat217

     Calling punch_plot, plot_num =   3

     Energy =  -0.24590 eV, broadening =   0.10000eV
     Writing data to file  /home/ubuntu/projects/Graphene-Band-Structure-Quantum-Espresso/outputs/field_0/vdw-df2-c09/coupled/data/ldos.pp.dat218

     Calling punch_plot, plot_num =   3

     Energy =  -0.19590 eV, broadening =   0.10000eV
     Writing data to file  /home/ubuntu/projects/Graphene-Band-Structure-Quantum-Espresso/outputs/field_0/vdw-df2-c09/coupled/data/ldos.pp.dat219

     Calling punch_plot, plot_num =   3

     Energy =  -0.14590 eV, broadening =   0.10000eV
     Writing data to file  /home/ubuntu/projects/Graphene-Band-Structure-Quantum-Espresso/outputs/field_0/vdw-df2-c09/coupled/data/ldos.pp.dat220

     Calling punch_plot, plot_num =   3

     Energy =  -0.09590 eV, broadening =   0.10000eV
     Writing data to file  /home/ubuntu/projects/Graphene-Band-Structure-Quantum-Espresso/outputs/field_0/vdw-df2-c09/coupled/data/ldos.pp.dat221

     Calling punch_plot, plot_num =   3

     Energy =  -0.04590 eV, broadening =   0.10000eV
     Writing data to file  /home/ubuntu/projects/Graphene-Band-Structure-Quantum-Espresso/outputs/field_0/vdw-df2-c09/coupled/data/ldos.pp.dat222

     Calling punch_plot, plot_num =   3

     Energy =   0.00410 eV, broadening =   0.10000eV
     Writing data to file  /home/ubuntu/projects/Graphene-Band-Structure-Quantum-Espresso/outputs/field_0/vdw-df2-c09/coupled/data/ldos.pp.dat223

     Calling punch_plot, plot_num =   3

     Energy =   0.05410 eV, broadening =   0.10000eV
     Writing data to file  /home/ubuntu/projects/Graphene-Band-Structure-Quantum-Espresso/outputs/field_0/vdw-df2-c09/coupled/data/ldos.pp.dat224

     Calling punch_plot, plot_num =   3

     Energy =   0.10410 eV, broadening =   0.10000eV
     Writing data to file  /home/ubuntu/projects/Graphene-Band-Structure-Quantum-Espresso/outputs/field_0/vdw-df2-c09/coupled/data/ldos.pp.dat225

     Calling punch_plot, plot_num =   3

     Energy =   0.15410 eV, broadening =   0.10000eV
     Writing data to file  /home/ubuntu/projects/Graphene-Band-Structure-Quantum-Espresso/outputs/field_0/vdw-df2-c09/coupled/data/ldos.pp.dat226

     Calling punch_plot, plot_num =   3

     Energy =   0.20410 eV, broadening =   0.10000eV
     Writing data to file  /home/ubuntu/projects/Graphene-Band-Structure-Quantum-Espresso/outputs/field_0/vdw-df2-c09/coupled/data/ldos.pp.dat227

     Calling punch_plot, plot_num =   3

     Energy =   0.25410 eV, broadening =   0.10000eV
     Writing data to file  /home/ubuntu/projects/Graphene-Band-Structure-Quantum-Espresso/outputs/field_0/vdw-df2-c09/coupled/data/ldos.pp.dat228

     Calling punch_plot, plot_num =   3

     Energy =   0.30410 eV, broadening =   0.10000eV
     Writing data to file  /home/ubuntu/projects/Graphene-Band-Structure-Quantum-Espresso/outputs/field_0/vdw-df2-c09/coupled/data/ldos.pp.dat229

     Calling punch_plot, plot_num =   3

     Energy =   0.35410 eV, broadening =   0.10000eV
     Writing data to file  /home/ubuntu/projects/Graphene-Band-Structure-Quantum-Espresso/outputs/field_0/vdw-df2-c09/coupled/data/ldos.pp.dat230

     Calling punch_plot, plot_num =   3

     Energy =   0.40410 eV, broadening =   0.10000eV
     Writing data to file  /home/ubuntu/projects/Graphene-Band-Structure-Quantum-Espresso/outputs/field_0/vdw-df2-c09/coupled/data/ldos.pp.dat231

     Calling punch_plot, plot_num =   3

     Energy =   0.45410 eV, broadening =   0.10000eV
     Writing data to file  /home/ubuntu/projects/Graphene-Band-Structure-Quantum-Espresso/outputs/field_0/vdw-df2-c09/coupled/data/ldos.pp.dat232

     Calling punch_plot, plot_num =   3

     Energy =   0.50410 eV, broadening =   0.10000eV
     Writing data to file  /home/ubuntu/projects/Graphene-Band-Structure-Quantum-Espresso/outputs/field_0/vdw-df2-c09/coupled/data/ldos.pp.dat233

     Calling punch_plot, plot_num =   3

     Energy =   0.55410 eV, broadening =   0.10000eV
     Writing data to file  /home/ubuntu/projects/Graphene-Band-Structure-Quantum-Espresso/outputs/field_0/vdw-df2-c09/coupled/data/ldos.pp.dat234

     Calling punch_plot, plot_num =   3

     Energy =   0.60410 eV, broadening =   0.10000eV
     Writing data to file  /home/ubuntu/projects/Graphene-Band-Structure-Quantum-Espresso/outputs/field_0/vdw-df2-c09/coupled/data/ldos.pp.dat235

     Calling punch_plot, plot_num =   3

     Energy =   0.65410 eV, broadening =   0.10000eV
     Writing data to file  /home/ubuntu/projects/Graphene-Band-Structure-Quantum-Espresso/outputs/field_0/vdw-df2-c09/coupled/data/ldos.pp.dat236

     Calling punch_plot, plot_num =   3

     Energy =   0.70410 eV, broadening =   0.10000eV
     Writing data to file  /home/ubuntu/projects/Graphene-Band-Structure-Quantum-Espresso/outputs/field_0/vdw-df2-c09/coupled/data/ldos.pp.dat237

     Calling punch_plot, plot_num =   3

     Energy =   0.75410 eV, broadening =   0.10000eV
     Writing data to file  /home/ubuntu/projects/Graphene-Band-Structure-Quantum-Espresso/outputs/field_0/vdw-df2-c09/coupled/data/ldos.pp.dat238

     Calling punch_plot, plot_num =   3

     Energy =   0.80410 eV, broadening =   0.10000eV
     Writing data to file  /home/ubuntu/projects/Graphene-Band-Structure-Quantum-Espresso/outputs/field_0/vdw-df2-c09/coupled/data/ldos.pp.dat239

     Calling punch_plot, plot_num =   3

     Energy =   0.85410 eV, broadening =   0.10000eV
     Writing data to file  /home/ubuntu/projects/Graphene-Band-Structure-Quantum-Espresso/outputs/field_0/vdw-df2-c09/coupled/data/ldos.pp.dat240

     Calling punch_plot, plot_num =   3

     Energy =   0.90410 eV, broadening =   0.10000eV
     Writing data to file  /home/ubuntu/projects/Graphene-Band-Structure-Quantum-Espresso/outputs/field_0/vdw-df2-c09/coupled/data/ldos.pp.dat241

     Calling punch_plot, plot_num =   3

     Energy =   0.95410 eV, broadening =   0.10000eV
     Writing data to file  /home/ubuntu/projects/Graphene-Band-Structure-Quantum-Espresso/outputs/field_0/vdw-df2-c09/coupled/data/ldos.pp.dat242

     Calling punch_plot, plot_num =   3

     Energy =   1.00410 eV, broadening =   0.10000eV
     Writing data to file  /home/ubuntu/projects/Graphene-Band-Structure-Quantum-Espresso/outputs/field_0/vdw-df2-c09/coupled/data/ldos.pp.dat243

     Calling punch_plot, plot_num =   3

     Energy =   1.05410 eV, broadening =   0.10000eV
     Writing data to file  /home/ubuntu/projects/Graphene-Band-Structure-Quantum-Espresso/outputs/field_0/vdw-df2-c09/coupled/data/ldos.pp.dat244

     Calling punch_plot, plot_num =   3

     Energy =   1.10410 eV, broadening =   0.10000eV
     Writing data to file  /home/ubuntu/projects/Graphene-Band-Structure-Quantum-Espresso/outputs/field_0/vdw-df2-c09/coupled/data/ldos.pp.dat245

     Calling punch_plot, plot_num =   3

     Energy =   1.15410 eV, broadening =   0.10000eV
     Writing data to file  /home/ubuntu/projects/Graphene-Band-Structure-Quantum-Espresso/outputs/field_0/vdw-df2-c09/coupled/data/ldos.pp.dat246

     Calling punch_plot, plot_num =   3

     Energy =   1.20410 eV, broadening =   0.10000eV
     Writing data to file  /home/ubuntu/projects/Graphene-Band-Structure-Quantum-Espresso/outputs/field_0/vdw-df2-c09/coupled/data/ldos.pp.dat247

     Calling punch_plot, plot_num =   3

     Energy =   1.25410 eV, broadening =   0.10000eV
     Writing data to file  /home/ubuntu/projects/Graphene-Band-Structure-Quantum-Espresso/outputs/field_0/vdw-df2-c09/coupled/data/ldos.pp.dat248

     Calling punch_plot, plot_num =   3

     Energy =   1.30410 eV, broadening =   0.10000eV
     Writing data to file  /home/ubuntu/projects/Graphene-Band-Structure-Quantum-Espresso/outputs/field_0/vdw-df2-c09/coupled/data/ldos.pp.dat249

     Calling punch_plot, plot_num =   3

     Energy =   1.35410 eV, broadening =   0.10000eV
     Writing data to file  /home/ubuntu/projects/Graphene-Band-Structure-Quantum-Espresso/outputs/field_0/vdw-df2-c09/coupled/data/ldos.pp.dat250

     Calling punch_plot, plot_num =   3

     Energy =   1.40410 eV, broadening =   0.10000eV
     Writing data to file  /home/ubuntu/projects/Graphene-Band-Structure-Quantum-Espresso/outputs/field_0/vdw-df2-c09/coupled/data/ldos.pp.dat251

     Calling punch_plot, plot_num =   3

     Energy =   1.45410 eV, broadening =   0.10000eV
     Writing data to file  /home/ubuntu/projects/Graphene-Band-Structure-Quantum-Espresso/outputs/field_0/vdw-df2-c09/coupled/data/ldos.pp.dat252

     Calling punch_plot, plot_num =   3

     Energy =   1.50410 eV, broadening =   0.10000eV
     Writing data to file  /home/ubuntu/projects/Graphene-Band-Structure-Quantum-Espresso/outputs/field_0/vdw-df2-c09/coupled/data/ldos.pp.dat253

     Calling punch_plot, plot_num =   3

     Energy =   1.55410 eV, broadening =   0.10000eV
     Writing data to file  /home/ubuntu/projects/Graphene-Band-Structure-Quantum-Espresso/outputs/field_0/vdw-df2-c09/coupled/data/ldos.pp.dat254

     Calling punch_plot, plot_num =   3

     Energy =   1.60410 eV, broadening =   0.10000eV
     Writing data to file  /home/ubuntu/projects/Graphene-Band-Structure-Quantum-Espresso/outputs/field_0/vdw-df2-c09/coupled/data/ldos.pp.dat255

     Calling punch_plot, plot_num =   3

     Energy =   1.65410 eV, broadening =   0.10000eV
     Writing data to file  /home/ubuntu/projects/Graphene-Band-Structure-Quantum-Espresso/outputs/field_0/vdw-df2-c09/coupled/data/ldos.pp.dat256

     Calling punch_plot, plot_num =   3

     Energy =   1.70410 eV, broadening =   0.10000eV
     Writing data to file  /home/ubuntu/projects/Graphene-Band-Structure-Quantum-Espresso/outputs/field_0/vdw-df2-c09/coupled/data/ldos.pp.dat257

     Calling punch_plot, plot_num =   3

     Energy =   1.75410 eV, broadening =   0.10000eV
     Writing data to file  /home/ubuntu/projects/Graphene-Band-Structure-Quantum-Espresso/outputs/field_0/vdw-df2-c09/coupled/data/ldos.pp.dat258

     Calling punch_plot, plot_num =   3

     Energy =   1.80410 eV, broadening =   0.10000eV
     Writing data to file  /home/ubuntu/projects/Graphene-Band-Structure-Quantum-Espresso/outputs/field_0/vdw-df2-c09/coupled/data/ldos.pp.dat259

     Calling punch_plot, plot_num =   3

     Energy =   1.85410 eV, broadening =   0.10000eV
     Writing data to file  /home/ubuntu/projects/Graphene-Band-Structure-Quantum-Espresso/outputs/field_0/vdw-df2-c09/coupled/data/ldos.pp.dat260

     Calling punch_plot, plot_num =   3

     Energy =   1.90410 eV, broadening =   0.10000eV
     Writing data to file  /home/ubuntu/projects/Graphene-Band-Structure-Quantum-Espresso/outputs/field_0/vdw-df2-c09/coupled/data/ldos.pp.dat261

     Calling punch_plot, plot_num =   3

     Energy =   1.95410 eV, broadening =   0.10000eV
     Writing data to file  /home/ubuntu/projects/Graphene-Band-Structure-Quantum-Espresso/outputs/field_0/vdw-df2-c09/coupled/data/ldos.pp.dat262

     Calling punch_plot, plot_num =   3

     Energy =   2.00410 eV, broadening =   0.10000eV
     Writing data to file  /home/ubuntu/projects/Graphene-Band-Structure-Quantum-Espresso/outputs/field_0/vdw-df2-c09/coupled/data/ldos.pp.dat263

     Calling punch_plot, plot_num =   3

     Energy =   2.05410 eV, broadening =   0.10000eV
     Writing data to file  /home/ubuntu/projects/Graphene-Band-Structure-Quantum-Espresso/outputs/field_0/vdw-df2-c09/coupled/data/ldos.pp.dat264

     Calling punch_plot, plot_num =   3

     Energy =   2.10410 eV, broadening =   0.10000eV
     Writing data to file  /home/ubuntu/projects/Graphene-Band-Structure-Quantum-Espresso/outputs/field_0/vdw-df2-c09/coupled/data/ldos.pp.dat265

     Calling punch_plot, plot_num =   3

     Energy =   2.15410 eV, broadening =   0.10000eV
     Writing data to file  /home/ubuntu/projects/Graphene-Band-Structure-Quantum-Espresso/outputs/field_0/vdw-df2-c09/coupled/data/ldos.pp.dat266

     Calling punch_plot, plot_num =   3

     Energy =   2.20410 eV, broadening =   0.10000eV
     Writing data to file  /home/ubuntu/projects/Graphene-Band-Structure-Quantum-Espresso/outputs/field_0/vdw-df2-c09/coupled/data/ldos.pp.dat267

     Calling punch_plot, plot_num =   3

     Energy =   2.25410 eV, broadening =   0.10000eV
     Writing data to file  /home/ubuntu/projects/Graphene-Band-Structure-Quantum-Espresso/outputs/field_0/vdw-df2-c09/coupled/data/ldos.pp.dat268

     Calling punch_plot, plot_num =   3

     Energy =   2.30410 eV, broadening =   0.10000eV
     Writing data to file  /home/ubuntu/projects/Graphene-Band-Structure-Quantum-Espresso/outputs/field_0/vdw-df2-c09/coupled/data/ldos.pp.dat269

     Calling punch_plot, plot_num =   3

     Energy =   2.35410 eV, broadening =   0.10000eV
     Writing data to file  /home/ubuntu/projects/Graphene-Band-Structure-Quantum-Espresso/outputs/field_0/vdw-df2-c09/coupled/data/ldos.pp.dat270

     Calling punch_plot, plot_num =   3

     Energy =   2.40410 eV, broadening =   0.10000eV
     Writing data to file  /home/ubuntu/projects/Graphene-Band-Structure-Quantum-Espresso/outputs/field_0/vdw-df2-c09/coupled/data/ldos.pp.dat271

     Calling punch_plot, plot_num =   3

     Energy =   2.45410 eV, broadening =   0.10000eV
     Writing data to file  /home/ubuntu/projects/Graphene-Band-Structure-Quantum-Espresso/outputs/field_0/vdw-df2-c09/coupled/data/ldos.pp.dat272

     Calling punch_plot, plot_num =   3

     Energy =   2.50410 eV, broadening =   0.10000eV
     Writing data to file  /home/ubuntu/projects/Graphene-Band-Structure-Quantum-Espresso/outputs/field_0/vdw-df2-c09/coupled/data/ldos.pp.dat273

     Calling punch_plot, plot_num =   3

     Energy =   2.55410 eV, broadening =   0.10000eV
     Writing data to file  /home/ubuntu/projects/Graphene-Band-Structure-Quantum-Espresso/outputs/field_0/vdw-df2-c09/coupled/data/ldos.pp.dat274

     Calling punch_plot, plot_num =   3

     Energy =   2.60410 eV, broadening =   0.10000eV
     Writing data to file  /home/ubuntu/projects/Graphene-Band-Structure-Quantum-Espresso/outputs/field_0/vdw-df2-c09/coupled/data/ldos.pp.dat275

     Calling punch_plot, plot_num =   3

     Energy =   2.65410 eV, broadening =   0.10000eV
     Writing data to file  /home/ubuntu/projects/Graphene-Band-Structure-Quantum-Espresso/outputs/field_0/vdw-df2-c09/coupled/data/ldos.pp.dat276

     Calling punch_plot, plot_num =   3

     Energy =   2.70410 eV, broadening =   0.10000eV
     Writing data to file  /home/ubuntu/projects/Graphene-Band-Structure-Quantum-Espresso/outputs/field_0/vdw-df2-c09/coupled/data/ldos.pp.dat277

     Calling punch_plot, plot_num =   3

     Energy =   2.75410 eV, broadening =   0.10000eV
     Writing data to file  /home/ubuntu/projects/Graphene-Band-Structure-Quantum-Espresso/outputs/field_0/vdw-df2-c09/coupled/data/ldos.pp.dat278

     Calling punch_plot, plot_num =   3

     Energy =   2.80410 eV, broadening =   0.10000eV
     Writing data to file  /home/ubuntu/projects/Graphene-Band-Structure-Quantum-Espresso/outputs/field_0/vdw-df2-c09/coupled/data/ldos.pp.dat279

     Calling punch_plot, plot_num =   3

     Energy =   2.85410 eV, broadening =   0.10000eV
     Writing data to file  /home/ubuntu/projects/Graphene-Band-Structure-Quantum-Espresso/outputs/field_0/vdw-df2-c09/coupled/data/ldos.pp.dat280

     Calling punch_plot, plot_num =   3

     Energy =   2.90410 eV, broadening =   0.10000eV
     Writing data to file  /home/ubuntu/projects/Graphene-Band-Structure-Quantum-Espresso/outputs/field_0/vdw-df2-c09/coupled/data/ldos.pp.dat281

     Calling punch_plot, plot_num =   3

     Energy =   2.95410 eV, broadening =   0.10000eV
     Writing data to file  /home/ubuntu/projects/Graphene-Band-Structure-Quantum-Espresso/outputs/field_0/vdw-df2-c09/coupled/data/ldos.pp.dat282

     Calling punch_plot, plot_num =   3

     Energy =   3.00410 eV, broadening =   0.10000eV
     Writing data to file  /home/ubuntu/projects/Graphene-Band-Structure-Quantum-Espresso/outputs/field_0/vdw-df2-c09/coupled/data/ldos.pp.dat283

     Calling punch_plot, plot_num =   3

     Energy =   3.05410 eV, broadening =   0.10000eV
     Writing data to file  /home/ubuntu/projects/Graphene-Band-Structure-Quantum-Espresso/outputs/field_0/vdw-df2-c09/coupled/data/ldos.pp.dat284

     Calling punch_plot, plot_num =   3

     Energy =   3.10410 eV, broadening =   0.10000eV
     Writing data to file  /home/ubuntu/projects/Graphene-Band-Structure-Quantum-Espresso/outputs/field_0/vdw-df2-c09/coupled/data/ldos.pp.dat285

     Calling punch_plot, plot_num =   3

     Energy =   3.15410 eV, broadening =   0.10000eV
     Writing data to file  /home/ubuntu/projects/Graphene-Band-Structure-Quantum-Espresso/outputs/field_0/vdw-df2-c09/coupled/data/ldos.pp.dat286

     Calling punch_plot, plot_num =   3

     Energy =   3.20410 eV, broadening =   0.10000eV
     Writing data to file  /home/ubuntu/projects/Graphene-Band-Structure-Quantum-Espresso/outputs/field_0/vdw-df2-c09/coupled/data/ldos.pp.dat287

     Calling punch_plot, plot_num =   3

     Energy =   3.25410 eV, broadening =   0.10000eV
     Writing data to file  /home/ubuntu/projects/Graphene-Band-Structure-Quantum-Espresso/outputs/field_0/vdw-df2-c09/coupled/data/ldos.pp.dat288

     Calling punch_plot, plot_num =   3

     Energy =   3.30410 eV, broadening =   0.10000eV
     Writing data to file  /home/ubuntu/projects/Graphene-Band-Structure-Quantum-Espresso/outputs/field_0/vdw-df2-c09/coupled/data/ldos.pp.dat289

     Calling punch_plot, plot_num =   3

     Energy =   3.35410 eV, broadening =   0.10000eV
     Writing data to file  /home/ubuntu/projects/Graphene-Band-Structure-Quantum-Espresso/outputs/field_0/vdw-df2-c09/coupled/data/ldos.pp.dat290

     Calling punch_plot, plot_num =   3

     Energy =   3.40410 eV, broadening =   0.10000eV
     Writing data to file  /home/ubuntu/projects/Graphene-Band-Structure-Quantum-Espresso/outputs/field_0/vdw-df2-c09/coupled/data/ldos.pp.dat291

     Calling punch_plot, plot_num =   3

     Energy =   3.45410 eV, broadening =   0.10000eV
     Writing data to file  /home/ubuntu/projects/Graphene-Band-Structure-Quantum-Espresso/outputs/field_0/vdw-df2-c09/coupled/data/ldos.pp.dat292

     Calling punch_plot, plot_num =   3

     Energy =   3.50410 eV, broadening =   0.10000eV
     Writing data to file  /home/ubuntu/projects/Graphene-Band-Structure-Quantum-Espresso/outputs/field_0/vdw-df2-c09/coupled/data/ldos.pp.dat293

     Calling punch_plot, plot_num =   3

     Energy =   3.55410 eV, broadening =   0.10000eV
     Writing data to file  /home/ubuntu/projects/Graphene-Band-Structure-Quantum-Espresso/outputs/field_0/vdw-df2-c09/coupled/data/ldos.pp.dat294

     Calling punch_plot, plot_num =   3

     Energy =   3.60410 eV, broadening =   0.10000eV
     Writing data to file  /home/ubuntu/projects/Graphene-Band-Structure-Quantum-Espresso/outputs/field_0/vdw-df2-c09/coupled/data/ldos.pp.dat295

     Calling punch_plot, plot_num =   3

     Energy =   3.65410 eV, broadening =   0.10000eV
     Writing data to file  /home/ubuntu/projects/Graphene-Band-Structure-Quantum-Espresso/outputs/field_0/vdw-df2-c09/coupled/data/ldos.pp.dat296

     Calling punch_plot, plot_num =   3

     Energy =   3.70410 eV, broadening =   0.10000eV
     Writing data to file  /home/ubuntu/projects/Graphene-Band-Structure-Quantum-Espresso/outputs/field_0/vdw-df2-c09/coupled/data/ldos.pp.dat297

     Calling punch_plot, plot_num =   3

     Energy =   3.75410 eV, broadening =   0.10000eV
     Writing data to file  /home/ubuntu/projects/Graphene-Band-Structure-Quantum-Espresso/outputs/field_0/vdw-df2-c09/coupled/data/ldos.pp.dat298

     Calling punch_plot, plot_num =   3

     Energy =   3.80410 eV, broadening =   0.10000eV
     Writing data to file  /home/ubuntu/projects/Graphene-Band-Structure-Quantum-Espresso/outputs/field_0/vdw-df2-c09/coupled/data/ldos.pp.dat299

     Calling punch_plot, plot_num =   3

     Energy =   3.85410 eV, broadening =   0.10000eV
     Writing data to file  /home/ubuntu/projects/Graphene-Band-Structure-Quantum-Espresso/outputs/field_0/vdw-df2-c09/coupled/data/ldos.pp.dat300

     Calling punch_plot, plot_num =   3

     Energy =   3.90410 eV, broadening =   0.10000eV
     Writing data to file  /home/ubuntu/projects/Graphene-Band-Structure-Quantum-Espresso/outputs/field_0/vdw-df2-c09/coupled/data/ldos.pp.dat301

     Calling punch_plot, plot_num =   3

     Energy =   3.95410 eV, broadening =   0.10000eV
     Writing data to file  /home/ubuntu/projects/Graphene-Band-Structure-Quantum-Espresso/outputs/field_0/vdw-df2-c09/coupled/data/ldos.pp.dat302

     Calling punch_plot, plot_num =   3

     Energy =   4.00410 eV, broadening =   0.10000eV
     Writing data to file  /home/ubuntu/projects/Graphene-Band-Structure-Quantum-Espresso/outputs/field_0/vdw-df2-c09/coupled/data/ldos.pp.dat303

     Calling punch_plot, plot_num =   3

     Energy =   4.05410 eV, broadening =   0.10000eV
     Writing data to file  /home/ubuntu/projects/Graphene-Band-Structure-Quantum-Espresso/outputs/field_0/vdw-df2-c09/coupled/data/ldos.pp.dat304

     Calling punch_plot, plot_num =   3

     Energy =   4.10410 eV, broadening =   0.10000eV
     Writing data to file  /home/ubuntu/projects/Graphene-Band-Structure-Quantum-Espresso/outputs/field_0/vdw-df2-c09/coupled/data/ldos.pp.dat305

     Calling punch_plot, plot_num =   3

     Energy =   4.15410 eV, broadening =   0.10000eV
     Writing data to file  /home/ubuntu/projects/Graphene-Band-Structure-Quantum-Espresso/outputs/field_0/vdw-df2-c09/coupled/data/ldos.pp.dat306

     Calling punch_plot, plot_num =   3

     Energy =   4.20410 eV, broadening =   0.10000eV
     Writing data to file  /home/ubuntu/projects/Graphene-Band-Structure-Quantum-Espresso/outputs/field_0/vdw-df2-c09/coupled/data/ldos.pp.dat307

     Calling punch_plot, plot_num =   3

     Energy =   4.25410 eV, broadening =   0.10000eV
     Writing data to file  /home/ubuntu/projects/Graphene-Band-Structure-Quantum-Espresso/outputs/field_0/vdw-df2-c09/coupled/data/ldos.pp.dat308

     Calling punch_plot, plot_num =   3

     Energy =   4.30410 eV, broadening =   0.10000eV
     Writing data to file  /home/ubuntu/projects/Graphene-Band-Structure-Quantum-Espresso/outputs/field_0/vdw-df2-c09/coupled/data/ldos.pp.dat309

     Calling punch_plot, plot_num =   3

     Energy =   4.35410 eV, broadening =   0.10000eV
     Writing data to file  /home/ubuntu/projects/Graphene-Band-Structure-Quantum-Espresso/outputs/field_0/vdw-df2-c09/coupled/data/ldos.pp.dat310

     Calling punch_plot, plot_num =   3

     Energy =   4.40410 eV, broadening =   0.10000eV
     Writing data to file  /home/ubuntu/projects/Graphene-Band-Structure-Quantum-Espresso/outputs/field_0/vdw-df2-c09/coupled/data/ldos.pp.dat311

     Calling punch_plot, plot_num =   3

     Energy =   4.45410 eV, broadening =   0.10000eV
     Writing data to file  /home/ubuntu/projects/Graphene-Band-Structure-Quantum-Espresso/outputs/field_0/vdw-df2-c09/coupled/data/ldos.pp.dat312

     Calling punch_plot, plot_num =   3

     Energy =   4.50410 eV, broadening =   0.10000eV
     Writing data to file  /home/ubuntu/projects/Graphene-Band-Structure-Quantum-Espresso/outputs/field_0/vdw-df2-c09/coupled/data/ldos.pp.dat313

     Calling punch_plot, plot_num =   3

     Energy =   4.55410 eV, broadening =   0.10000eV
     Writing data to file  /home/ubuntu/projects/Graphene-Band-Structure-Quantum-Espresso/outputs/field_0/vdw-df2-c09/coupled/data/ldos.pp.dat314

     Calling punch_plot, plot_num =   3

     Energy =   4.60410 eV, broadening =   0.10000eV
     Writing data to file  /home/ubuntu/projects/Graphene-Band-Structure-Quantum-Espresso/outputs/field_0/vdw-df2-c09/coupled/data/ldos.pp.dat315

     Calling punch_plot, plot_num =   3

     Energy =   4.65410 eV, broadening =   0.10000eV
     Writing data to file  /home/ubuntu/projects/Graphene-Band-Structure-Quantum-Espresso/outputs/field_0/vdw-df2-c09/coupled/data/ldos.pp.dat316

     Calling punch_plot, plot_num =   3

     Energy =   4.70410 eV, broadening =   0.10000eV
     Writing data to file  /home/ubuntu/projects/Graphene-Band-Structure-Quantum-Espresso/outputs/field_0/vdw-df2-c09/coupled/data/ldos.pp.dat317

     Calling punch_plot, plot_num =   3

     Energy =   4.75410 eV, broadening =   0.10000eV
     Writing data to file  /home/ubuntu/projects/Graphene-Band-Structure-Quantum-Espresso/outputs/field_0/vdw-df2-c09/coupled/data/ldos.pp.dat318

     Calling punch_plot, plot_num =   3

     Energy =   4.80410 eV, broadening =   0.10000eV
     Writing data to file  /home/ubuntu/projects/Graphene-Band-Structure-Quantum-Espresso/outputs/field_0/vdw-df2-c09/coupled/data/ldos.pp.dat319

     Calling punch_plot, plot_num =   3

     Energy =   4.85410 eV, broadening =   0.10000eV
     Writing data to file  /home/ubuntu/projects/Graphene-Band-Structure-Quantum-Espresso/outputs/field_0/vdw-df2-c09/coupled/data/ldos.pp.dat320

     Calling punch_plot, plot_num =   3

     Energy =   4.90410 eV, broadening =   0.10000eV
     Writing data to file  /home/ubuntu/projects/Graphene-Band-Structure-Quantum-Espresso/outputs/field_0/vdw-df2-c09/coupled/data/ldos.pp.dat321

     Calling punch_plot, plot_num =   3

     Energy =   4.95410 eV, broadening =   0.10000eV
     Writing data to file  /home/ubuntu/projects/Graphene-Band-Structure-Quantum-Espresso/outputs/field_0/vdw-df2-c09/coupled/data/ldos.pp.dat322

     Calling punch_plot, plot_num =   3

     Energy =   5.00410 eV, broadening =   0.10000eV
     Writing data to file  /home/ubuntu/projects/Graphene-Band-Structure-Quantum-Espresso/outputs/field_0/vdw-df2-c09/coupled/data/ldos.pp.dat323

     Calling punch_plot, plot_num =   3

     Energy =   5.05410 eV, broadening =   0.10000eV
     Writing data to file  /home/ubuntu/projects/Graphene-Band-Structure-Quantum-Espresso/outputs/field_0/vdw-df2-c09/coupled/data/ldos.pp.dat324

     Calling punch_plot, plot_num =   3

     Energy =   5.10410 eV, broadening =   0.10000eV
     Writing data to file  /home/ubuntu/projects/Graphene-Band-Structure-Quantum-Espresso/outputs/field_0/vdw-df2-c09/coupled/data/ldos.pp.dat325

     Calling punch_plot, plot_num =   3

     Energy =   5.15410 eV, broadening =   0.10000eV
     Writing data to file  /home/ubuntu/projects/Graphene-Band-Structure-Quantum-Espresso/outputs/field_0/vdw-df2-c09/coupled/data/ldos.pp.dat326

     Calling punch_plot, plot_num =   3

     Energy =   5.20410 eV, broadening =   0.10000eV
     Writing data to file  /home/ubuntu/projects/Graphene-Band-Structure-Quantum-Espresso/outputs/field_0/vdw-df2-c09/coupled/data/ldos.pp.dat327

     Calling punch_plot, plot_num =   3

     Energy =   5.25410 eV, broadening =   0.10000eV
     Writing data to file  /home/ubuntu/projects/Graphene-Band-Structure-Quantum-Espresso/outputs/field_0/vdw-df2-c09/coupled/data/ldos.pp.dat328

     Calling punch_plot, plot_num =   3

     Energy =   5.30410 eV, broadening =   0.10000eV
     Writing data to file  /home/ubuntu/projects/Graphene-Band-Structure-Quantum-Espresso/outputs/field_0/vdw-df2-c09/coupled/data/ldos.pp.dat329

     Calling punch_plot, plot_num =   3

     Energy =   5.35410 eV, broadening =   0.10000eV
     Writing data to file  /home/ubuntu/projects/Graphene-Band-Structure-Quantum-Espresso/outputs/field_0/vdw-df2-c09/coupled/data/ldos.pp.dat330

     Calling punch_plot, plot_num =   3

     Energy =   5.40410 eV, broadening =   0.10000eV
     Writing data to file  /home/ubuntu/projects/Graphene-Band-Structure-Quantum-Espresso/outputs/field_0/vdw-df2-c09/coupled/data/ldos.pp.dat331

     Calling punch_plot, plot_num =   3

     Energy =   5.45410 eV, broadening =   0.10000eV
     Writing data to file  /home/ubuntu/projects/Graphene-Band-Structure-Quantum-Espresso/outputs/field_0/vdw-df2-c09/coupled/data/ldos.pp.dat332

     Calling punch_plot, plot_num =   3

     Energy =   5.50410 eV, broadening =   0.10000eV
     Writing data to file  /home/ubuntu/projects/Graphene-Band-Structure-Quantum-Espresso/outputs/field_0/vdw-df2-c09/coupled/data/ldos.pp.dat333

     Calling punch_plot, plot_num =   3

     Energy =   5.55410 eV, broadening =   0.10000eV
     Writing data to file  /home/ubuntu/projects/Graphene-Band-Structure-Quantum-Espresso/outputs/field_0/vdw-df2-c09/coupled/data/ldos.pp.dat334

     Calling punch_plot, plot_num =   3

     Energy =   5.60410 eV, broadening =   0.10000eV
     Writing data to file  /home/ubuntu/projects/Graphene-Band-Structure-Quantum-Espresso/outputs/field_0/vdw-df2-c09/coupled/data/ldos.pp.dat335

     Calling punch_plot, plot_num =   3

     Energy =   5.65410 eV, broadening =   0.10000eV
     Writing data to file  /home/ubuntu/projects/Graphene-Band-Structure-Quantum-Espresso/outputs/field_0/vdw-df2-c09/coupled/data/ldos.pp.dat336

     Calling punch_plot, plot_num =   3

     Energy =   5.70410 eV, broadening =   0.10000eV
     Writing data to file  /home/ubuntu/projects/Graphene-Band-Structure-Quantum-Espresso/outputs/field_0/vdw-df2-c09/coupled/data/ldos.pp.dat337

     Calling punch_plot, plot_num =   3

     Energy =   5.75410 eV, broadening =   0.10000eV
     Writing data to file  /home/ubuntu/projects/Graphene-Band-Structure-Quantum-Espresso/outputs/field_0/vdw-df2-c09/coupled/data/ldos.pp.dat338

     Calling punch_plot, plot_num =   3

     Energy =   5.80410 eV, broadening =   0.10000eV
     Writing data to file  /home/ubuntu/projects/Graphene-Band-Structure-Quantum-Espresso/outputs/field_0/vdw-df2-c09/coupled/data/ldos.pp.dat339

     Calling punch_plot, plot_num =   3

     Energy =   5.85410 eV, broadening =   0.10000eV
     Writing data to file  /home/ubuntu/projects/Graphene-Band-Structure-Quantum-Espresso/outputs/field_0/vdw-df2-c09/coupled/data/ldos.pp.dat340

     Calling punch_plot, plot_num =   3

     Energy =   5.90410 eV, broadening =   0.10000eV
     Writing data to file  /home/ubuntu/projects/Graphene-Band-Structure-Quantum-Espresso/outputs/field_0/vdw-df2-c09/coupled/data/ldos.pp.dat341

     Calling punch_plot, plot_num =   3

     Energy =   5.95410 eV, broadening =   0.10000eV
     Writing data to file  /home/ubuntu/projects/Graphene-Band-Structure-Quantum-Espresso/outputs/field_0/vdw-df2-c09/coupled/data/ldos.pp.dat342

     Calling punch_plot, plot_num =   3

     Energy =   6.00410 eV, broadening =   0.10000eV
     Writing data to file  /home/ubuntu/projects/Graphene-Band-Structure-Quantum-Espresso/outputs/field_0/vdw-df2-c09/coupled/data/ldos.pp.dat343

     Calling punch_plot, plot_num =   3

     Energy =   6.05410 eV, broadening =   0.10000eV
     Writing data to file  /home/ubuntu/projects/Graphene-Band-Structure-Quantum-Espresso/outputs/field_0/vdw-df2-c09/coupled/data/ldos.pp.dat344

     Calling punch_plot, plot_num =   3

     Energy =   6.10410 eV, broadening =   0.10000eV
     Writing data to file  /home/ubuntu/projects/Graphene-Band-Structure-Quantum-Espresso/outputs/field_0/vdw-df2-c09/coupled/data/ldos.pp.dat345

     Calling punch_plot, plot_num =   3

     Energy =   6.15410 eV, broadening =   0.10000eV
     Writing data to file  /home/ubuntu/projects/Graphene-Band-Structure-Quantum-Espresso/outputs/field_0/vdw-df2-c09/coupled/data/ldos.pp.dat346

     Calling punch_plot, plot_num =   3

     Energy =   6.20410 eV, broadening =   0.10000eV
     Writing data to file  /home/ubuntu/projects/Graphene-Band-Structure-Quantum-Espresso/outputs/field_0/vdw-df2-c09/coupled/data/ldos.pp.dat347

     Calling punch_plot, plot_num =   3

     Energy =   6.25410 eV, broadening =   0.10000eV
     Writing data to file  /home/ubuntu/projects/Graphene-Band-Structure-Quantum-Espresso/outputs/field_0/vdw-df2-c09/coupled/data/ldos.pp.dat348

     Calling punch_plot, plot_num =   3

     Energy =   6.30410 eV, broadening =   0.10000eV
     Writing data to file  /home/ubuntu/projects/Graphene-Band-Structure-Quantum-Espresso/outputs/field_0/vdw-df2-c09/coupled/data/ldos.pp.dat349

     Calling punch_plot, plot_num =   3

     Energy =   6.35410 eV, broadening =   0.10000eV
     Writing data to file  /home/ubuntu/projects/Graphene-Band-Structure-Quantum-Espresso/outputs/field_0/vdw-df2-c09/coupled/data/ldos.pp.dat350

     Calling punch_plot, plot_num =   3

     Energy =   6.40410 eV, broadening =   0.10000eV
     Writing data to file  /home/ubuntu/projects/Graphene-Band-Structure-Quantum-Espresso/outputs/field_0/vdw-df2-c09/coupled/data/ldos.pp.dat351

     Calling punch_plot, plot_num =   3

     Energy =   6.45410 eV, broadening =   0.10000eV
     Writing data to file  /home/ubuntu/projects/Graphene-Band-Structure-Quantum-Espresso/outputs/field_0/vdw-df2-c09/coupled/data/ldos.pp.dat352

     Calling punch_plot, plot_num =   3

     Energy =   6.50410 eV, broadening =   0.10000eV
     Writing data to file  /home/ubuntu/projects/Graphene-Band-Structure-Quantum-Espresso/outputs/field_0/vdw-df2-c09/coupled/data/ldos.pp.dat353

     Calling punch_plot, plot_num =   3

     Energy =   6.55410 eV, broadening =   0.10000eV
     Writing data to file  /home/ubuntu/projects/Graphene-Band-Structure-Quantum-Espresso/outputs/field_0/vdw-df2-c09/coupled/data/ldos.pp.dat354

     Calling punch_plot, plot_num =   3

     Energy =   6.60410 eV, broadening =   0.10000eV
     Writing data to file  /home/ubuntu/projects/Graphene-Band-Structure-Quantum-Espresso/outputs/field_0/vdw-df2-c09/coupled/data/ldos.pp.dat355

     Calling punch_plot, plot_num =   3

     Energy =   6.65410 eV, broadening =   0.10000eV
     Writing data to file  /home/ubuntu/projects/Graphene-Band-Structure-Quantum-Espresso/outputs/field_0/vdw-df2-c09/coupled/data/ldos.pp.dat356

     Calling punch_plot, plot_num =   3

     Energy =   6.70410 eV, broadening =   0.10000eV
     Writing data to file  /home/ubuntu/projects/Graphene-Band-Structure-Quantum-Espresso/outputs/field_0/vdw-df2-c09/coupled/data/ldos.pp.dat357

     Calling punch_plot, plot_num =   3

     Energy =   6.75410 eV, broadening =   0.10000eV
     Writing data to file  /home/ubuntu/projects/Graphene-Band-Structure-Quantum-Espresso/outputs/field_0/vdw-df2-c09/coupled/data/ldos.pp.dat358

     Calling punch_plot, plot_num =   3

     Energy =   6.80410 eV, broadening =   0.10000eV
     Writing data to file  /home/ubuntu/projects/Graphene-Band-Structure-Quantum-Espresso/outputs/field_0/vdw-df2-c09/coupled/data/ldos.pp.dat359

     Calling punch_plot, plot_num =   3

     Energy =   6.85410 eV, broadening =   0.10000eV
     Writing data to file  /home/ubuntu/projects/Graphene-Band-Structure-Quantum-Espresso/outputs/field_0/vdw-df2-c09/coupled/data/ldos.pp.dat360

     Calling punch_plot, plot_num =   3

     Energy =   6.90410 eV, broadening =   0.10000eV
     Writing data to file  /home/ubuntu/projects/Graphene-Band-Structure-Quantum-Espresso/outputs/field_0/vdw-df2-c09/coupled/data/ldos.pp.dat361

     Calling punch_plot, plot_num =   3

     Energy =   6.95410 eV, broadening =   0.10000eV
     Writing data to file  /home/ubuntu/projects/Graphene-Band-Structure-Quantum-Espresso/outputs/field_0/vdw-df2-c09/coupled/data/ldos.pp.dat362

     Calling punch_plot, plot_num =   3

     Energy =   7.00410 eV, broadening =   0.10000eV
     Writing data to file  /home/ubuntu/projects/Graphene-Band-Structure-Quantum-Espresso/outputs/field_0/vdw-df2-c09/coupled/data/ldos.pp.dat363

     Calling punch_plot, plot_num =   3

     Energy =   7.05410 eV, broadening =   0.10000eV
     Writing data to file  /home/ubuntu/projects/Graphene-Band-Structure-Quantum-Espresso/outputs/field_0/vdw-df2-c09/coupled/data/ldos.pp.dat364

     Calling punch_plot, plot_num =   3

     Energy =   7.10410 eV, broadening =   0.10000eV
     Writing data to file  /home/ubuntu/projects/Graphene-Band-Structure-Quantum-Espresso/outputs/field_0/vdw-df2-c09/coupled/data/ldos.pp.dat365

     Calling punch_plot, plot_num =   3

     Energy =   7.15410 eV, broadening =   0.10000eV
     Writing data to file  /home/ubuntu/projects/Graphene-Band-Structure-Quantum-Espresso/outputs/field_0/vdw-df2-c09/coupled/data/ldos.pp.dat366

     Calling punch_plot, plot_num =   3

     Energy =   7.20410 eV, broadening =   0.10000eV
     Writing data to file  /home/ubuntu/projects/Graphene-Band-Structure-Quantum-Espresso/outputs/field_0/vdw-df2-c09/coupled/data/ldos.pp.dat367

     Calling punch_plot, plot_num =   3

     Energy =   7.25410 eV, broadening =   0.10000eV
     Writing data to file  /home/ubuntu/projects/Graphene-Band-Structure-Quantum-Espresso/outputs/field_0/vdw-df2-c09/coupled/data/ldos.pp.dat368

     Calling punch_plot, plot_num =   3

     Energy =   7.30410 eV, broadening =   0.10000eV
     Writing data to file  /home/ubuntu/projects/Graphene-Band-Structure-Quantum-Espresso/outputs/field_0/vdw-df2-c09/coupled/data/ldos.pp.dat369

     Calling punch_plot, plot_num =   3

     Energy =   7.35410 eV, broadening =   0.10000eV
     Writing data to file  /home/ubuntu/projects/Graphene-Band-Structure-Quantum-Espresso/outputs/field_0/vdw-df2-c09/coupled/data/ldos.pp.dat370

     Calling punch_plot, plot_num =   3

     Energy =   7.40410 eV, broadening =   0.10000eV
     Writing data to file  /home/ubuntu/projects/Graphene-Band-Structure-Quantum-Espresso/outputs/field_0/vdw-df2-c09/coupled/data/ldos.pp.dat371

     Calling punch_plot, plot_num =   3

     Energy =   7.45410 eV, broadening =   0.10000eV
     Writing data to file  /home/ubuntu/projects/Graphene-Band-Structure-Quantum-Espresso/outputs/field_0/vdw-df2-c09/coupled/data/ldos.pp.dat372

     Calling punch_plot, plot_num =   3

     Energy =   7.50410 eV, broadening =   0.10000eV
     Writing data to file  /home/ubuntu/projects/Graphene-Band-Structure-Quantum-Espresso/outputs/field_0/vdw-df2-c09/coupled/data/ldos.pp.dat373

     Calling punch_plot, plot_num =   3

     Energy =   7.55410 eV, broadening =   0.10000eV
     Writing data to file  /home/ubuntu/projects/Graphene-Band-Structure-Quantum-Espresso/outputs/field_0/vdw-df2-c09/coupled/data/ldos.pp.dat374

     Calling punch_plot, plot_num =   3

     Energy =   7.60410 eV, broadening =   0.10000eV
     Writing data to file  /home/ubuntu/projects/Graphene-Band-Structure-Quantum-Espresso/outputs/field_0/vdw-df2-c09/coupled/data/ldos.pp.dat375

     Calling punch_plot, plot_num =   3

     Energy =   7.65410 eV, broadening =   0.10000eV
     Writing data to file  /home/ubuntu/projects/Graphene-Band-Structure-Quantum-Espresso/outputs/field_0/vdw-df2-c09/coupled/data/ldos.pp.dat376

     Calling punch_plot, plot_num =   3

     Energy =   7.70410 eV, broadening =   0.10000eV
     Writing data to file  /home/ubuntu/projects/Graphene-Band-Structure-Quantum-Espresso/outputs/field_0/vdw-df2-c09/coupled/data/ldos.pp.dat377

     Calling punch_plot, plot_num =   3

     Energy =   7.75410 eV, broadening =   0.10000eV
     Writing data to file  /home/ubuntu/projects/Graphene-Band-Structure-Quantum-Espresso/outputs/field_0/vdw-df2-c09/coupled/data/ldos.pp.dat378

     Calling punch_plot, plot_num =   3

     Energy =   7.80410 eV, broadening =   0.10000eV
     Writing data to file  /home/ubuntu/projects/Graphene-Band-Structure-Quantum-Espresso/outputs/field_0/vdw-df2-c09/coupled/data/ldos.pp.dat379

     Calling punch_plot, plot_num =   3

     Energy =   7.85410 eV, broadening =   0.10000eV
     Writing data to file  /home/ubuntu/projects/Graphene-Band-Structure-Quantum-Espresso/outputs/field_0/vdw-df2-c09/coupled/data/ldos.pp.dat380

     Calling punch_plot, plot_num =   3

     Energy =   7.90410 eV, broadening =   0.10000eV
     Writing data to file  /home/ubuntu/projects/Graphene-Band-Structure-Quantum-Espresso/outputs/field_0/vdw-df2-c09/coupled/data/ldos.pp.dat381

     Calling punch_plot, plot_num =   3

     Energy =   7.95410 eV, broadening =   0.10000eV
     Writing data to file  /home/ubuntu/projects/Graphene-Band-Structure-Quantum-Espresso/outputs/field_0/vdw-df2-c09/coupled/data/ldos.pp.dat382

     Calling punch_plot, plot_num =   3

     Energy =   8.00410 eV, broadening =   0.10000eV
     Writing data to file  /home/ubuntu/projects/Graphene-Band-Structure-Quantum-Espresso/outputs/field_0/vdw-df2-c09/coupled/data/ldos.pp.dat383

     Calling punch_plot, plot_num =   3

     Energy =   8.05410 eV, broadening =   0.10000eV
     Writing data to file  /home/ubuntu/projects/Graphene-Band-Structure-Quantum-Espresso/outputs/field_0/vdw-df2-c09/coupled/data/ldos.pp.dat384

     Calling punch_plot, plot_num =   3

     Energy =   8.10410 eV, broadening =   0.10000eV
     Writing data to file  /home/ubuntu/projects/Graphene-Band-Structure-Quantum-Espresso/outputs/field_0/vdw-df2-c09/coupled/data/ldos.pp.dat385

     Calling punch_plot, plot_num =   3

     Energy =   8.15410 eV, broadening =   0.10000eV
     Writing data to file  /home/ubuntu/projects/Graphene-Band-Structure-Quantum-Espresso/outputs/field_0/vdw-df2-c09/coupled/data/ldos.pp.dat386

     Calling punch_plot, plot_num =   3

     Energy =   8.20410 eV, broadening =   0.10000eV
     Writing data to file  /home/ubuntu/projects/Graphene-Band-Structure-Quantum-Espresso/outputs/field_0/vdw-df2-c09/coupled/data/ldos.pp.dat387

     Calling punch_plot, plot_num =   3

     Energy =   8.25410 eV, broadening =   0.10000eV
     Writing data to file  /home/ubuntu/projects/Graphene-Band-Structure-Quantum-Espresso/outputs/field_0/vdw-df2-c09/coupled/data/ldos.pp.dat388

     Calling punch_plot, plot_num =   3

     Energy =   8.30410 eV, broadening =   0.10000eV
     Writing data to file  /home/ubuntu/projects/Graphene-Band-Structure-Quantum-Espresso/outputs/field_0/vdw-df2-c09/coupled/data/ldos.pp.dat389

     Calling punch_plot, plot_num =   3

     Energy =   8.35410 eV, broadening =   0.10000eV
     Writing data to file  /home/ubuntu/projects/Graphene-Band-Structure-Quantum-Espresso/outputs/field_0/vdw-df2-c09/coupled/data/ldos.pp.dat390

     Calling punch_plot, plot_num =   3

     Energy =   8.40410 eV, broadening =   0.10000eV
     Writing data to file  /home/ubuntu/projects/Graphene-Band-Structure-Quantum-Espresso/outputs/field_0/vdw-df2-c09/coupled/data/ldos.pp.dat391

     Calling punch_plot, plot_num =   3

     Energy =   8.45410 eV, broadening =   0.10000eV
     Writing data to file  /home/ubuntu/projects/Graphene-Band-Structure-Quantum-Espresso/outputs/field_0/vdw-df2-c09/coupled/data/ldos.pp.dat392

     Calling punch_plot, plot_num =   3

     Energy =   8.50410 eV, broadening =   0.10000eV
     Writing data to file  /home/ubuntu/projects/Graphene-Band-Structure-Quantum-Espresso/outputs/field_0/vdw-df2-c09/coupled/data/ldos.pp.dat393

     Calling punch_plot, plot_num =   3

     Energy =   8.55410 eV, broadening =   0.10000eV
     Writing data to file  /home/ubuntu/projects/Graphene-Band-Structure-Quantum-Espresso/outputs/field_0/vdw-df2-c09/coupled/data/ldos.pp.dat394

     Calling punch_plot, plot_num =   3

     Energy =   8.60410 eV, broadening =   0.10000eV
     Writing data to file  /home/ubuntu/projects/Graphene-Band-Structure-Quantum-Espresso/outputs/field_0/vdw-df2-c09/coupled/data/ldos.pp.dat395

     Calling punch_plot, plot_num =   3

     Energy =   8.65410 eV, broadening =   0.10000eV
     Writing data to file  /home/ubuntu/projects/Graphene-Band-Structure-Quantum-Espresso/outputs/field_0/vdw-df2-c09/coupled/data/ldos.pp.dat396

     Calling punch_plot, plot_num =   3

     Energy =   8.70410 eV, broadening =   0.10000eV
     Writing data to file  /home/ubuntu/projects/Graphene-Band-Structure-Quantum-Espresso/outputs/field_0/vdw-df2-c09/coupled/data/ldos.pp.dat397

     Calling punch_plot, plot_num =   3

     Energy =   8.75410 eV, broadening =   0.10000eV
     Writing data to file  /home/ubuntu/projects/Graphene-Band-Structure-Quantum-Espresso/outputs/field_0/vdw-df2-c09/coupled/data/ldos.pp.dat398

     Calling punch_plot, plot_num =   3

     Energy =   8.80410 eV, broadening =   0.10000eV
     Writing data to file  /home/ubuntu/projects/Graphene-Band-Structure-Quantum-Espresso/outputs/field_0/vdw-df2-c09/coupled/data/ldos.pp.dat399

     Calling punch_plot, plot_num =   3

     Energy =   8.85410 eV, broadening =   0.10000eV
     Writing data to file  /home/ubuntu/projects/Graphene-Band-Structure-Quantum-Espresso/outputs/field_0/vdw-df2-c09/coupled/data/ldos.pp.dat400

     Calling punch_plot, plot_num =   3

     Energy =   8.90410 eV, broadening =   0.10000eV
     Writing data to file  /home/ubuntu/projects/Graphene-Band-Structure-Quantum-Espresso/outputs/field_0/vdw-df2-c09/coupled/data/ldos.pp.dat401
     Reading data from file  /home/ubuntu/projects/Graphene-Band-Structure-Quantum-Espresso/outputs/field_0/vdw-df2-c09/coupled/data/ldos.pp.dat001

     Writing data to be plotted to file /home/ubuntu/projects/Graphene-Band-Structure-Quantum-Espresso/outputs/field_0/vdw-df2-c09/coupled/data/ldos.pp.dat001.xsf
     Plot Type: 3D                     Output format: XCrySDen     
     Reading data from file  /home/ubuntu/projects/Graphene-Band-Structure-Quantum-Espresso/outputs/field_0/vdw-df2-c09/coupled/data/ldos.pp.dat002

     Writing data to be plotted to file /home/ubuntu/projects/Graphene-Band-Structure-Quantum-Espresso/outputs/field_0/vdw-df2-c09/coupled/data/ldos.pp.dat002.xsf
     Plot Type: 3D                     Output format: XCrySDen     
     Reading data from file  /home/ubuntu/projects/Graphene-Band-Structure-Quantum-Espresso/outputs/field_0/vdw-df2-c09/coupled/data/ldos.pp.dat003

     Writing data to be plotted to file /home/ubuntu/projects/Graphene-Band-Structure-Quantum-Espresso/outputs/field_0/vdw-df2-c09/coupled/data/ldos.pp.dat003.xsf
     Plot Type: 3D                     Output format: XCrySDen     
     Reading data from file  /home/ubuntu/projects/Graphene-Band-Structure-Quantum-Espresso/outputs/field_0/vdw-df2-c09/coupled/data/ldos.pp.dat004

     Writing data to be plotted to file /home/ubuntu/projects/Graphene-Band-Structure-Quantum-Espresso/outputs/field_0/vdw-df2-c09/coupled/data/ldos.pp.dat004.xsf
     Plot Type: 3D                     Output format: XCrySDen     
     Reading data from file  /home/ubuntu/projects/Graphene-Band-Structure-Quantum-Espresso/outputs/field_0/vdw-df2-c09/coupled/data/ldos.pp.dat005

     Writing data to be plotted to file /home/ubuntu/projects/Graphene-Band-Structure-Quantum-Espresso/outputs/field_0/vdw-df2-c09/coupled/data/ldos.pp.dat005.xsf
     Plot Type: 3D                     Output format: XCrySDen     
     Reading data from file  /home/ubuntu/projects/Graphene-Band-Structure-Quantum-Espresso/outputs/field_0/vdw-df2-c09/coupled/data/ldos.pp.dat006

     Writing data to be plotted to file /home/ubuntu/projects/Graphene-Band-Structure-Quantum-Espresso/outputs/field_0/vdw-df2-c09/coupled/data/ldos.pp.dat006.xsf
     Plot Type: 3D                     Output format: XCrySDen     
     Reading data from file  /home/ubuntu/projects/Graphene-Band-Structure-Quantum-Espresso/outputs/field_0/vdw-df2-c09/coupled/data/ldos.pp.dat007

     Writing data to be plotted to file /home/ubuntu/projects/Graphene-Band-Structure-Quantum-Espresso/outputs/field_0/vdw-df2-c09/coupled/data/ldos.pp.dat007.xsf
     Plot Type: 3D                     Output format: XCrySDen     
     Reading data from file  /home/ubuntu/projects/Graphene-Band-Structure-Quantum-Espresso/outputs/field_0/vdw-df2-c09/coupled/data/ldos.pp.dat008

     Writing data to be plotted to file /home/ubuntu/projects/Graphene-Band-Structure-Quantum-Espresso/outputs/field_0/vdw-df2-c09/coupled/data/ldos.pp.dat008.xsf
     Plot Type: 3D                     Output format: XCrySDen     
     Reading data from file  /home/ubuntu/projects/Graphene-Band-Structure-Quantum-Espresso/outputs/field_0/vdw-df2-c09/coupled/data/ldos.pp.dat009

     Writing data to be plotted to file /home/ubuntu/projects/Graphene-Band-Structure-Quantum-Espresso/outputs/field_0/vdw-df2-c09/coupled/data/ldos.pp.dat009.xsf
     Plot Type: 3D                     Output format: XCrySDen     
     Reading data from file  /home/ubuntu/projects/Graphene-Band-Structure-Quantum-Espresso/outputs/field_0/vdw-df2-c09/coupled/data/ldos.pp.dat010

     Writing data to be plotted to file /home/ubuntu/projects/Graphene-Band-Structure-Quantum-Espresso/outputs/field_0/vdw-df2-c09/coupled/data/ldos.pp.dat010.xsf
     Plot Type: 3D                     Output format: XCrySDen     
     Reading data from file  /home/ubuntu/projects/Graphene-Band-Structure-Quantum-Espresso/outputs/field_0/vdw-df2-c09/coupled/data/ldos.pp.dat011

     Writing data to be plotted to file /home/ubuntu/projects/Graphene-Band-Structure-Quantum-Espresso/outputs/field_0/vdw-df2-c09/coupled/data/ldos.pp.dat011.xsf
     Plot Type: 3D                     Output format: XCrySDen     
     Reading data from file  /home/ubuntu/projects/Graphene-Band-Structure-Quantum-Espresso/outputs/field_0/vdw-df2-c09/coupled/data/ldos.pp.dat012

     Writing data to be plotted to file /home/ubuntu/projects/Graphene-Band-Structure-Quantum-Espresso/outputs/field_0/vdw-df2-c09/coupled/data/ldos.pp.dat012.xsf
     Plot Type: 3D                     Output format: XCrySDen     
     Reading data from file  /home/ubuntu/projects/Graphene-Band-Structure-Quantum-Espresso/outputs/field_0/vdw-df2-c09/coupled/data/ldos.pp.dat013

     Writing data to be plotted to file /home/ubuntu/projects/Graphene-Band-Structure-Quantum-Espresso/outputs/field_0/vdw-df2-c09/coupled/data/ldos.pp.dat013.xsf
     Plot Type: 3D                     Output format: XCrySDen     
     Reading data from file  /home/ubuntu/projects/Graphene-Band-Structure-Quantum-Espresso/outputs/field_0/vdw-df2-c09/coupled/data/ldos.pp.dat014

     Writing data to be plotted to file /home/ubuntu/projects/Graphene-Band-Structure-Quantum-Espresso/outputs/field_0/vdw-df2-c09/coupled/data/ldos.pp.dat014.xsf
     Plot Type: 3D                     Output format: XCrySDen     
     Reading data from file  /home/ubuntu/projects/Graphene-Band-Structure-Quantum-Espresso/outputs/field_0/vdw-df2-c09/coupled/data/ldos.pp.dat015

     Writing data to be plotted to file /home/ubuntu/projects/Graphene-Band-Structure-Quantum-Espresso/outputs/field_0/vdw-df2-c09/coupled/data/ldos.pp.dat015.xsf
     Plot Type: 3D                     Output format: XCrySDen     
     Reading data from file  /home/ubuntu/projects/Graphene-Band-Structure-Quantum-Espresso/outputs/field_0/vdw-df2-c09/coupled/data/ldos.pp.dat016

     Writing data to be plotted to file /home/ubuntu/projects/Graphene-Band-Structure-Quantum-Espresso/outputs/field_0/vdw-df2-c09/coupled/data/ldos.pp.dat016.xsf
     Plot Type: 3D                     Output format: XCrySDen     
     Reading data from file  /home/ubuntu/projects/Graphene-Band-Structure-Quantum-Espresso/outputs/field_0/vdw-df2-c09/coupled/data/ldos.pp.dat017

     Writing data to be plotted to file /home/ubuntu/projects/Graphene-Band-Structure-Quantum-Espresso/outputs/field_0/vdw-df2-c09/coupled/data/ldos.pp.dat017.xsf
     Plot Type: 3D                     Output format: XCrySDen     
     Reading data from file  /home/ubuntu/projects/Graphene-Band-Structure-Quantum-Espresso/outputs/field_0/vdw-df2-c09/coupled/data/ldos.pp.dat018

     Writing data to be plotted to file /home/ubuntu/projects/Graphene-Band-Structure-Quantum-Espresso/outputs/field_0/vdw-df2-c09/coupled/data/ldos.pp.dat018.xsf
     Plot Type: 3D                     Output format: XCrySDen     
     Reading data from file  /home/ubuntu/projects/Graphene-Band-Structure-Quantum-Espresso/outputs/field_0/vdw-df2-c09/coupled/data/ldos.pp.dat019

     Writing data to be plotted to file /home/ubuntu/projects/Graphene-Band-Structure-Quantum-Espresso/outputs/field_0/vdw-df2-c09/coupled/data/ldos.pp.dat019.xsf
     Plot Type: 3D                     Output format: XCrySDen     
     Reading data from file  /home/ubuntu/projects/Graphene-Band-Structure-Quantum-Espresso/outputs/field_0/vdw-df2-c09/coupled/data/ldos.pp.dat020

     Writing data to be plotted to file /home/ubuntu/projects/Graphene-Band-Structure-Quantum-Espresso/outputs/field_0/vdw-df2-c09/coupled/data/ldos.pp.dat020.xsf
     Plot Type: 3D                     Output format: XCrySDen     
     Reading data from file  /home/ubuntu/projects/Graphene-Band-Structure-Quantum-Espresso/outputs/field_0/vdw-df2-c09/coupled/data/ldos.pp.dat021

     Writing data to be plotted to file /home/ubuntu/projects/Graphene-Band-Structure-Quantum-Espresso/outputs/field_0/vdw-df2-c09/coupled/data/ldos.pp.dat021.xsf
     Plot Type: 3D                     Output format: XCrySDen     
     Reading data from file  /home/ubuntu/projects/Graphene-Band-Structure-Quantum-Espresso/outputs/field_0/vdw-df2-c09/coupled/data/ldos.pp.dat022

     Writing data to be plotted to file /home/ubuntu/projects/Graphene-Band-Structure-Quantum-Espresso/outputs/field_0/vdw-df2-c09/coupled/data/ldos.pp.dat022.xsf
     Plot Type: 3D                     Output format: XCrySDen     
     Reading data from file  /home/ubuntu/projects/Graphene-Band-Structure-Quantum-Espresso/outputs/field_0/vdw-df2-c09/coupled/data/ldos.pp.dat023

     Writing data to be plotted to file /home/ubuntu/projects/Graphene-Band-Structure-Quantum-Espresso/outputs/field_0/vdw-df2-c09/coupled/data/ldos.pp.dat023.xsf
     Plot Type: 3D                     Output format: XCrySDen     
     Reading data from file  /home/ubuntu/projects/Graphene-Band-Structure-Quantum-Espresso/outputs/field_0/vdw-df2-c09/coupled/data/ldos.pp.dat024

     Writing data to be plotted to file /home/ubuntu/projects/Graphene-Band-Structure-Quantum-Espresso/outputs/field_0/vdw-df2-c09/coupled/data/ldos.pp.dat024.xsf
     Plot Type: 3D                     Output format: XCrySDen     
     Reading data from file  /home/ubuntu/projects/Graphene-Band-Structure-Quantum-Espresso/outputs/field_0/vdw-df2-c09/coupled/data/ldos.pp.dat025

     Writing data to be plotted to file /home/ubuntu/projects/Graphene-Band-Structure-Quantum-Espresso/outputs/field_0/vdw-df2-c09/coupled/data/ldos.pp.dat025.xsf
     Plot Type: 3D                     Output format: XCrySDen     
     Reading data from file  /home/ubuntu/projects/Graphene-Band-Structure-Quantum-Espresso/outputs/field_0/vdw-df2-c09/coupled/data/ldos.pp.dat026

     Writing data to be plotted to file /home/ubuntu/projects/Graphene-Band-Structure-Quantum-Espresso/outputs/field_0/vdw-df2-c09/coupled/data/ldos.pp.dat026.xsf
     Plot Type: 3D                     Output format: XCrySDen     
     Reading data from file  /home/ubuntu/projects/Graphene-Band-Structure-Quantum-Espresso/outputs/field_0/vdw-df2-c09/coupled/data/ldos.pp.dat027

     Writing data to be plotted to file /home/ubuntu/projects/Graphene-Band-Structure-Quantum-Espresso/outputs/field_0/vdw-df2-c09/coupled/data/ldos.pp.dat027.xsf
     Plot Type: 3D                     Output format: XCrySDen     
     Reading data from file  /home/ubuntu/projects/Graphene-Band-Structure-Quantum-Espresso/outputs/field_0/vdw-df2-c09/coupled/data/ldos.pp.dat028

     Writing data to be plotted to file /home/ubuntu/projects/Graphene-Band-Structure-Quantum-Espresso/outputs/field_0/vdw-df2-c09/coupled/data/ldos.pp.dat028.xsf
     Plot Type: 3D                     Output format: XCrySDen     
     Reading data from file  /home/ubuntu/projects/Graphene-Band-Structure-Quantum-Espresso/outputs/field_0/vdw-df2-c09/coupled/data/ldos.pp.dat029

     Writing data to be plotted to file /home/ubuntu/projects/Graphene-Band-Structure-Quantum-Espresso/outputs/field_0/vdw-df2-c09/coupled/data/ldos.pp.dat029.xsf
     Plot Type: 3D                     Output format: XCrySDen     
     Reading data from file  /home/ubuntu/projects/Graphene-Band-Structure-Quantum-Espresso/outputs/field_0/vdw-df2-c09/coupled/data/ldos.pp.dat030

     Writing data to be plotted to file /home/ubuntu/projects/Graphene-Band-Structure-Quantum-Espresso/outputs/field_0/vdw-df2-c09/coupled/data/ldos.pp.dat030.xsf
     Plot Type: 3D                     Output format: XCrySDen     
     Reading data from file  /home/ubuntu/projects/Graphene-Band-Structure-Quantum-Espresso/outputs/field_0/vdw-df2-c09/coupled/data/ldos.pp.dat031

     Writing data to be plotted to file /home/ubuntu/projects/Graphene-Band-Structure-Quantum-Espresso/outputs/field_0/vdw-df2-c09/coupled/data/ldos.pp.dat031.xsf
     Plot Type: 3D                     Output format: XCrySDen     
     Reading data from file  /home/ubuntu/projects/Graphene-Band-Structure-Quantum-Espresso/outputs/field_0/vdw-df2-c09/coupled/data/ldos.pp.dat032

     Writing data to be plotted to file /home/ubuntu/projects/Graphene-Band-Structure-Quantum-Espresso/outputs/field_0/vdw-df2-c09/coupled/data/ldos.pp.dat032.xsf
     Plot Type: 3D                     Output format: XCrySDen     
     Reading data from file  /home/ubuntu/projects/Graphene-Band-Structure-Quantum-Espresso/outputs/field_0/vdw-df2-c09/coupled/data/ldos.pp.dat033

     Writing data to be plotted to file /home/ubuntu/projects/Graphene-Band-Structure-Quantum-Espresso/outputs/field_0/vdw-df2-c09/coupled/data/ldos.pp.dat033.xsf
     Plot Type: 3D                     Output format: XCrySDen     
     Reading data from file  /home/ubuntu/projects/Graphene-Band-Structure-Quantum-Espresso/outputs/field_0/vdw-df2-c09/coupled/data/ldos.pp.dat034

     Writing data to be plotted to file /home/ubuntu/projects/Graphene-Band-Structure-Quantum-Espresso/outputs/field_0/vdw-df2-c09/coupled/data/ldos.pp.dat034.xsf
     Plot Type: 3D                     Output format: XCrySDen     
     Reading data from file  /home/ubuntu/projects/Graphene-Band-Structure-Quantum-Espresso/outputs/field_0/vdw-df2-c09/coupled/data/ldos.pp.dat035

     Writing data to be plotted to file /home/ubuntu/projects/Graphene-Band-Structure-Quantum-Espresso/outputs/field_0/vdw-df2-c09/coupled/data/ldos.pp.dat035.xsf
     Plot Type: 3D                     Output format: XCrySDen     
     Reading data from file  /home/ubuntu/projects/Graphene-Band-Structure-Quantum-Espresso/outputs/field_0/vdw-df2-c09/coupled/data/ldos.pp.dat036

     Writing data to be plotted to file /home/ubuntu/projects/Graphene-Band-Structure-Quantum-Espresso/outputs/field_0/vdw-df2-c09/coupled/data/ldos.pp.dat036.xsf
     Plot Type: 3D                     Output format: XCrySDen     
     Reading data from file  /home/ubuntu/projects/Graphene-Band-Structure-Quantum-Espresso/outputs/field_0/vdw-df2-c09/coupled/data/ldos.pp.dat037

     Writing data to be plotted to file /home/ubuntu/projects/Graphene-Band-Structure-Quantum-Espresso/outputs/field_0/vdw-df2-c09/coupled/data/ldos.pp.dat037.xsf
     Plot Type: 3D                     Output format: XCrySDen     
     Reading data from file  /home/ubuntu/projects/Graphene-Band-Structure-Quantum-Espresso/outputs/field_0/vdw-df2-c09/coupled/data/ldos.pp.dat038

     Writing data to be plotted to file /home/ubuntu/projects/Graphene-Band-Structure-Quantum-Espresso/outputs/field_0/vdw-df2-c09/coupled/data/ldos.pp.dat038.xsf
     Plot Type: 3D                     Output format: XCrySDen     
     Reading data from file  /home/ubuntu/projects/Graphene-Band-Structure-Quantum-Espresso/outputs/field_0/vdw-df2-c09/coupled/data/ldos.pp.dat039

     Writing data to be plotted to file /home/ubuntu/projects/Graphene-Band-Structure-Quantum-Espresso/outputs/field_0/vdw-df2-c09/coupled/data/ldos.pp.dat039.xsf
     Plot Type: 3D                     Output format: XCrySDen     
     Reading data from file  /home/ubuntu/projects/Graphene-Band-Structure-Quantum-Espresso/outputs/field_0/vdw-df2-c09/coupled/data/ldos.pp.dat040

     Writing data to be plotted to file /home/ubuntu/projects/Graphene-Band-Structure-Quantum-Espresso/outputs/field_0/vdw-df2-c09/coupled/data/ldos.pp.dat040.xsf
     Plot Type: 3D                     Output format: XCrySDen     
     Reading data from file  /home/ubuntu/projects/Graphene-Band-Structure-Quantum-Espresso/outputs/field_0/vdw-df2-c09/coupled/data/ldos.pp.dat041

     Writing data to be plotted to file /home/ubuntu/projects/Graphene-Band-Structure-Quantum-Espresso/outputs/field_0/vdw-df2-c09/coupled/data/ldos.pp.dat041.xsf
     Plot Type: 3D                     Output format: XCrySDen     
     Reading data from file  /home/ubuntu/projects/Graphene-Band-Structure-Quantum-Espresso/outputs/field_0/vdw-df2-c09/coupled/data/ldos.pp.dat042

     Writing data to be plotted to file /home/ubuntu/projects/Graphene-Band-Structure-Quantum-Espresso/outputs/field_0/vdw-df2-c09/coupled/data/ldos.pp.dat042.xsf
     Plot Type: 3D                     Output format: XCrySDen     
     Reading data from file  /home/ubuntu/projects/Graphene-Band-Structure-Quantum-Espresso/outputs/field_0/vdw-df2-c09/coupled/data/ldos.pp.dat043

     Writing data to be plotted to file /home/ubuntu/projects/Graphene-Band-Structure-Quantum-Espresso/outputs/field_0/vdw-df2-c09/coupled/data/ldos.pp.dat043.xsf
     Plot Type: 3D                     Output format: XCrySDen     
     Reading data from file  /home/ubuntu/projects/Graphene-Band-Structure-Quantum-Espresso/outputs/field_0/vdw-df2-c09/coupled/data/ldos.pp.dat044

     Writing data to be plotted to file /home/ubuntu/projects/Graphene-Band-Structure-Quantum-Espresso/outputs/field_0/vdw-df2-c09/coupled/data/ldos.pp.dat044.xsf
     Plot Type: 3D                     Output format: XCrySDen     
     Reading data from file  /home/ubuntu/projects/Graphene-Band-Structure-Quantum-Espresso/outputs/field_0/vdw-df2-c09/coupled/data/ldos.pp.dat045

     Writing data to be plotted to file /home/ubuntu/projects/Graphene-Band-Structure-Quantum-Espresso/outputs/field_0/vdw-df2-c09/coupled/data/ldos.pp.dat045.xsf
     Plot Type: 3D                     Output format: XCrySDen     
     Reading data from file  /home/ubuntu/projects/Graphene-Band-Structure-Quantum-Espresso/outputs/field_0/vdw-df2-c09/coupled/data/ldos.pp.dat046

     Writing data to be plotted to file /home/ubuntu/projects/Graphene-Band-Structure-Quantum-Espresso/outputs/field_0/vdw-df2-c09/coupled/data/ldos.pp.dat046.xsf
     Plot Type: 3D                     Output format: XCrySDen     
     Reading data from file  /home/ubuntu/projects/Graphene-Band-Structure-Quantum-Espresso/outputs/field_0/vdw-df2-c09/coupled/data/ldos.pp.dat047

     Writing data to be plotted to file /home/ubuntu/projects/Graphene-Band-Structure-Quantum-Espresso/outputs/field_0/vdw-df2-c09/coupled/data/ldos.pp.dat047.xsf
     Plot Type: 3D                     Output format: XCrySDen     
     Reading data from file  /home/ubuntu/projects/Graphene-Band-Structure-Quantum-Espresso/outputs/field_0/vdw-df2-c09/coupled/data/ldos.pp.dat048

     Writing data to be plotted to file /home/ubuntu/projects/Graphene-Band-Structure-Quantum-Espresso/outputs/field_0/vdw-df2-c09/coupled/data/ldos.pp.dat048.xsf
     Plot Type: 3D                     Output format: XCrySDen     
     Reading data from file  /home/ubuntu/projects/Graphene-Band-Structure-Quantum-Espresso/outputs/field_0/vdw-df2-c09/coupled/data/ldos.pp.dat049

     Writing data to be plotted to file /home/ubuntu/projects/Graphene-Band-Structure-Quantum-Espresso/outputs/field_0/vdw-df2-c09/coupled/data/ldos.pp.dat049.xsf
     Plot Type: 3D                     Output format: XCrySDen     
     Reading data from file  /home/ubuntu/projects/Graphene-Band-Structure-Quantum-Espresso/outputs/field_0/vdw-df2-c09/coupled/data/ldos.pp.dat050

     Writing data to be plotted to file /home/ubuntu/projects/Graphene-Band-Structure-Quantum-Espresso/outputs/field_0/vdw-df2-c09/coupled/data/ldos.pp.dat050.xsf
     Plot Type: 3D                     Output format: XCrySDen     
     Reading data from file  /home/ubuntu/projects/Graphene-Band-Structure-Quantum-Espresso/outputs/field_0/vdw-df2-c09/coupled/data/ldos.pp.dat051

     Writing data to be plotted to file /home/ubuntu/projects/Graphene-Band-Structure-Quantum-Espresso/outputs/field_0/vdw-df2-c09/coupled/data/ldos.pp.dat051.xsf
     Plot Type: 3D                     Output format: XCrySDen     
     Reading data from file  /home/ubuntu/projects/Graphene-Band-Structure-Quantum-Espresso/outputs/field_0/vdw-df2-c09/coupled/data/ldos.pp.dat052

     Writing data to be plotted to file /home/ubuntu/projects/Graphene-Band-Structure-Quantum-Espresso/outputs/field_0/vdw-df2-c09/coupled/data/ldos.pp.dat052.xsf
     Plot Type: 3D                     Output format: XCrySDen     
     Reading data from file  /home/ubuntu/projects/Graphene-Band-Structure-Quantum-Espresso/outputs/field_0/vdw-df2-c09/coupled/data/ldos.pp.dat053

     Writing data to be plotted to file /home/ubuntu/projects/Graphene-Band-Structure-Quantum-Espresso/outputs/field_0/vdw-df2-c09/coupled/data/ldos.pp.dat053.xsf
     Plot Type: 3D                     Output format: XCrySDen     
     Reading data from file  /home/ubuntu/projects/Graphene-Band-Structure-Quantum-Espresso/outputs/field_0/vdw-df2-c09/coupled/data/ldos.pp.dat054

     Writing data to be plotted to file /home/ubuntu/projects/Graphene-Band-Structure-Quantum-Espresso/outputs/field_0/vdw-df2-c09/coupled/data/ldos.pp.dat054.xsf
     Plot Type: 3D                     Output format: XCrySDen     
     Reading data from file  /home/ubuntu/projects/Graphene-Band-Structure-Quantum-Espresso/outputs/field_0/vdw-df2-c09/coupled/data/ldos.pp.dat055

     Writing data to be plotted to file /home/ubuntu/projects/Graphene-Band-Structure-Quantum-Espresso/outputs/field_0/vdw-df2-c09/coupled/data/ldos.pp.dat055.xsf
     Plot Type: 3D                     Output format: XCrySDen     
     Reading data from file  /home/ubuntu/projects/Graphene-Band-Structure-Quantum-Espresso/outputs/field_0/vdw-df2-c09/coupled/data/ldos.pp.dat056

     Writing data to be plotted to file /home/ubuntu/projects/Graphene-Band-Structure-Quantum-Espresso/outputs/field_0/vdw-df2-c09/coupled/data/ldos.pp.dat056.xsf
     Plot Type: 3D                     Output format: XCrySDen     
     Reading data from file  /home/ubuntu/projects/Graphene-Band-Structure-Quantum-Espresso/outputs/field_0/vdw-df2-c09/coupled/data/ldos.pp.dat057

     Writing data to be plotted to file /home/ubuntu/projects/Graphene-Band-Structure-Quantum-Espresso/outputs/field_0/vdw-df2-c09/coupled/data/ldos.pp.dat057.xsf
     Plot Type: 3D                     Output format: XCrySDen     
     Reading data from file  /home/ubuntu/projects/Graphene-Band-Structure-Quantum-Espresso/outputs/field_0/vdw-df2-c09/coupled/data/ldos.pp.dat058

     Writing data to be plotted to file /home/ubuntu/projects/Graphene-Band-Structure-Quantum-Espresso/outputs/field_0/vdw-df2-c09/coupled/data/ldos.pp.dat058.xsf
     Plot Type: 3D                     Output format: XCrySDen     
     Reading data from file  /home/ubuntu/projects/Graphene-Band-Structure-Quantum-Espresso/outputs/field_0/vdw-df2-c09/coupled/data/ldos.pp.dat059

     Writing data to be plotted to file /home/ubuntu/projects/Graphene-Band-Structure-Quantum-Espresso/outputs/field_0/vdw-df2-c09/coupled/data/ldos.pp.dat059.xsf
     Plot Type: 3D                     Output format: XCrySDen     
     Reading data from file  /home/ubuntu/projects/Graphene-Band-Structure-Quantum-Espresso/outputs/field_0/vdw-df2-c09/coupled/data/ldos.pp.dat060

     Writing data to be plotted to file /home/ubuntu/projects/Graphene-Band-Structure-Quantum-Espresso/outputs/field_0/vdw-df2-c09/coupled/data/ldos.pp.dat060.xsf
     Plot Type: 3D                     Output format: XCrySDen     
     Reading data from file  /home/ubuntu/projects/Graphene-Band-Structure-Quantum-Espresso/outputs/field_0/vdw-df2-c09/coupled/data/ldos.pp.dat061

     Writing data to be plotted to file /home/ubuntu/projects/Graphene-Band-Structure-Quantum-Espresso/outputs/field_0/vdw-df2-c09/coupled/data/ldos.pp.dat061.xsf
     Plot Type: 3D                     Output format: XCrySDen     
     Reading data from file  /home/ubuntu/projects/Graphene-Band-Structure-Quantum-Espresso/outputs/field_0/vdw-df2-c09/coupled/data/ldos.pp.dat062

     Writing data to be plotted to file /home/ubuntu/projects/Graphene-Band-Structure-Quantum-Espresso/outputs/field_0/vdw-df2-c09/coupled/data/ldos.pp.dat062.xsf
     Plot Type: 3D                     Output format: XCrySDen     
     Reading data from file  /home/ubuntu/projects/Graphene-Band-Structure-Quantum-Espresso/outputs/field_0/vdw-df2-c09/coupled/data/ldos.pp.dat063

     Writing data to be plotted to file /home/ubuntu/projects/Graphene-Band-Structure-Quantum-Espresso/outputs/field_0/vdw-df2-c09/coupled/data/ldos.pp.dat063.xsf
     Plot Type: 3D                     Output format: XCrySDen     
     Reading data from file  /home/ubuntu/projects/Graphene-Band-Structure-Quantum-Espresso/outputs/field_0/vdw-df2-c09/coupled/data/ldos.pp.dat064

     Writing data to be plotted to file /home/ubuntu/projects/Graphene-Band-Structure-Quantum-Espresso/outputs/field_0/vdw-df2-c09/coupled/data/ldos.pp.dat064.xsf
     Plot Type: 3D                     Output format: XCrySDen     
     Reading data from file  /home/ubuntu/projects/Graphene-Band-Structure-Quantum-Espresso/outputs/field_0/vdw-df2-c09/coupled/data/ldos.pp.dat065

     Writing data to be plotted to file /home/ubuntu/projects/Graphene-Band-Structure-Quantum-Espresso/outputs/field_0/vdw-df2-c09/coupled/data/ldos.pp.dat065.xsf
     Plot Type: 3D                     Output format: XCrySDen     
     Reading data from file  /home/ubuntu/projects/Graphene-Band-Structure-Quantum-Espresso/outputs/field_0/vdw-df2-c09/coupled/data/ldos.pp.dat066

     Writing data to be plotted to file /home/ubuntu/projects/Graphene-Band-Structure-Quantum-Espresso/outputs/field_0/vdw-df2-c09/coupled/data/ldos.pp.dat066.xsf
     Plot Type: 3D                     Output format: XCrySDen     
     Reading data from file  /home/ubuntu/projects/Graphene-Band-Structure-Quantum-Espresso/outputs/field_0/vdw-df2-c09/coupled/data/ldos.pp.dat067

     Writing data to be plotted to file /home/ubuntu/projects/Graphene-Band-Structure-Quantum-Espresso/outputs/field_0/vdw-df2-c09/coupled/data/ldos.pp.dat067.xsf
     Plot Type: 3D                     Output format: XCrySDen     
     Reading data from file  /home/ubuntu/projects/Graphene-Band-Structure-Quantum-Espresso/outputs/field_0/vdw-df2-c09/coupled/data/ldos.pp.dat068

     Writing data to be plotted to file /home/ubuntu/projects/Graphene-Band-Structure-Quantum-Espresso/outputs/field_0/vdw-df2-c09/coupled/data/ldos.pp.dat068.xsf
     Plot Type: 3D                     Output format: XCrySDen     
     Reading data from file  /home/ubuntu/projects/Graphene-Band-Structure-Quantum-Espresso/outputs/field_0/vdw-df2-c09/coupled/data/ldos.pp.dat069

     Writing data to be plotted to file /home/ubuntu/projects/Graphene-Band-Structure-Quantum-Espresso/outputs/field_0/vdw-df2-c09/coupled/data/ldos.pp.dat069.xsf
     Plot Type: 3D                     Output format: XCrySDen     
     Reading data from file  /home/ubuntu/projects/Graphene-Band-Structure-Quantum-Espresso/outputs/field_0/vdw-df2-c09/coupled/data/ldos.pp.dat070

     Writing data to be plotted to file /home/ubuntu/projects/Graphene-Band-Structure-Quantum-Espresso/outputs/field_0/vdw-df2-c09/coupled/data/ldos.pp.dat070.xsf
     Plot Type: 3D                     Output format: XCrySDen     
     Reading data from file  /home/ubuntu/projects/Graphene-Band-Structure-Quantum-Espresso/outputs/field_0/vdw-df2-c09/coupled/data/ldos.pp.dat071

     Writing data to be plotted to file /home/ubuntu/projects/Graphene-Band-Structure-Quantum-Espresso/outputs/field_0/vdw-df2-c09/coupled/data/ldos.pp.dat071.xsf
     Plot Type: 3D                     Output format: XCrySDen     
     Reading data from file  /home/ubuntu/projects/Graphene-Band-Structure-Quantum-Espresso/outputs/field_0/vdw-df2-c09/coupled/data/ldos.pp.dat072

     Writing data to be plotted to file /home/ubuntu/projects/Graphene-Band-Structure-Quantum-Espresso/outputs/field_0/vdw-df2-c09/coupled/data/ldos.pp.dat072.xsf
     Plot Type: 3D                     Output format: XCrySDen     
     Reading data from file  /home/ubuntu/projects/Graphene-Band-Structure-Quantum-Espresso/outputs/field_0/vdw-df2-c09/coupled/data/ldos.pp.dat073

     Writing data to be plotted to file /home/ubuntu/projects/Graphene-Band-Structure-Quantum-Espresso/outputs/field_0/vdw-df2-c09/coupled/data/ldos.pp.dat073.xsf
     Plot Type: 3D                     Output format: XCrySDen     
     Reading data from file  /home/ubuntu/projects/Graphene-Band-Structure-Quantum-Espresso/outputs/field_0/vdw-df2-c09/coupled/data/ldos.pp.dat074

     Writing data to be plotted to file /home/ubuntu/projects/Graphene-Band-Structure-Quantum-Espresso/outputs/field_0/vdw-df2-c09/coupled/data/ldos.pp.dat074.xsf
     Plot Type: 3D                     Output format: XCrySDen     
     Reading data from file  /home/ubuntu/projects/Graphene-Band-Structure-Quantum-Espresso/outputs/field_0/vdw-df2-c09/coupled/data/ldos.pp.dat075

     Writing data to be plotted to file /home/ubuntu/projects/Graphene-Band-Structure-Quantum-Espresso/outputs/field_0/vdw-df2-c09/coupled/data/ldos.pp.dat075.xsf
     Plot Type: 3D                     Output format: XCrySDen     
     Reading data from file  /home/ubuntu/projects/Graphene-Band-Structure-Quantum-Espresso/outputs/field_0/vdw-df2-c09/coupled/data/ldos.pp.dat076

     Writing data to be plotted to file /home/ubuntu/projects/Graphene-Band-Structure-Quantum-Espresso/outputs/field_0/vdw-df2-c09/coupled/data/ldos.pp.dat076.xsf
     Plot Type: 3D                     Output format: XCrySDen     
     Reading data from file  /home/ubuntu/projects/Graphene-Band-Structure-Quantum-Espresso/outputs/field_0/vdw-df2-c09/coupled/data/ldos.pp.dat077

     Writing data to be plotted to file /home/ubuntu/projects/Graphene-Band-Structure-Quantum-Espresso/outputs/field_0/vdw-df2-c09/coupled/data/ldos.pp.dat077.xsf
     Plot Type: 3D                     Output format: XCrySDen     
     Reading data from file  /home/ubuntu/projects/Graphene-Band-Structure-Quantum-Espresso/outputs/field_0/vdw-df2-c09/coupled/data/ldos.pp.dat078

     Writing data to be plotted to file /home/ubuntu/projects/Graphene-Band-Structure-Quantum-Espresso/outputs/field_0/vdw-df2-c09/coupled/data/ldos.pp.dat078.xsf
     Plot Type: 3D                     Output format: XCrySDen     
     Reading data from file  /home/ubuntu/projects/Graphene-Band-Structure-Quantum-Espresso/outputs/field_0/vdw-df2-c09/coupled/data/ldos.pp.dat079

     Writing data to be plotted to file /home/ubuntu/projects/Graphene-Band-Structure-Quantum-Espresso/outputs/field_0/vdw-df2-c09/coupled/data/ldos.pp.dat079.xsf
     Plot Type: 3D                     Output format: XCrySDen     
     Reading data from file  /home/ubuntu/projects/Graphene-Band-Structure-Quantum-Espresso/outputs/field_0/vdw-df2-c09/coupled/data/ldos.pp.dat080

     Writing data to be plotted to file /home/ubuntu/projects/Graphene-Band-Structure-Quantum-Espresso/outputs/field_0/vdw-df2-c09/coupled/data/ldos.pp.dat080.xsf
     Plot Type: 3D                     Output format: XCrySDen     
     Reading data from file  /home/ubuntu/projects/Graphene-Band-Structure-Quantum-Espresso/outputs/field_0/vdw-df2-c09/coupled/data/ldos.pp.dat081

     Writing data to be plotted to file /home/ubuntu/projects/Graphene-Band-Structure-Quantum-Espresso/outputs/field_0/vdw-df2-c09/coupled/data/ldos.pp.dat081.xsf
     Plot Type: 3D                     Output format: XCrySDen     
     Reading data from file  /home/ubuntu/projects/Graphene-Band-Structure-Quantum-Espresso/outputs/field_0/vdw-df2-c09/coupled/data/ldos.pp.dat082

     Writing data to be plotted to file /home/ubuntu/projects/Graphene-Band-Structure-Quantum-Espresso/outputs/field_0/vdw-df2-c09/coupled/data/ldos.pp.dat082.xsf
     Plot Type: 3D                     Output format: XCrySDen     
     Reading data from file  /home/ubuntu/projects/Graphene-Band-Structure-Quantum-Espresso/outputs/field_0/vdw-df2-c09/coupled/data/ldos.pp.dat083

     Writing data to be plotted to file /home/ubuntu/projects/Graphene-Band-Structure-Quantum-Espresso/outputs/field_0/vdw-df2-c09/coupled/data/ldos.pp.dat083.xsf
     Plot Type: 3D                     Output format: XCrySDen     
     Reading data from file  /home/ubuntu/projects/Graphene-Band-Structure-Quantum-Espresso/outputs/field_0/vdw-df2-c09/coupled/data/ldos.pp.dat084

     Writing data to be plotted to file /home/ubuntu/projects/Graphene-Band-Structure-Quantum-Espresso/outputs/field_0/vdw-df2-c09/coupled/data/ldos.pp.dat084.xsf
     Plot Type: 3D                     Output format: XCrySDen     
     Reading data from file  /home/ubuntu/projects/Graphene-Band-Structure-Quantum-Espresso/outputs/field_0/vdw-df2-c09/coupled/data/ldos.pp.dat085

     Writing data to be plotted to file /home/ubuntu/projects/Graphene-Band-Structure-Quantum-Espresso/outputs/field_0/vdw-df2-c09/coupled/data/ldos.pp.dat085.xsf
     Plot Type: 3D                     Output format: XCrySDen     
     Reading data from file  /home/ubuntu/projects/Graphene-Band-Structure-Quantum-Espresso/outputs/field_0/vdw-df2-c09/coupled/data/ldos.pp.dat086

     Writing data to be plotted to file /home/ubuntu/projects/Graphene-Band-Structure-Quantum-Espresso/outputs/field_0/vdw-df2-c09/coupled/data/ldos.pp.dat086.xsf
     Plot Type: 3D                     Output format: XCrySDen     
     Reading data from file  /home/ubuntu/projects/Graphene-Band-Structure-Quantum-Espresso/outputs/field_0/vdw-df2-c09/coupled/data/ldos.pp.dat087

     Writing data to be plotted to file /home/ubuntu/projects/Graphene-Band-Structure-Quantum-Espresso/outputs/field_0/vdw-df2-c09/coupled/data/ldos.pp.dat087.xsf
     Plot Type: 3D                     Output format: XCrySDen     
     Reading data from file  /home/ubuntu/projects/Graphene-Band-Structure-Quantum-Espresso/outputs/field_0/vdw-df2-c09/coupled/data/ldos.pp.dat088

     Writing data to be plotted to file /home/ubuntu/projects/Graphene-Band-Structure-Quantum-Espresso/outputs/field_0/vdw-df2-c09/coupled/data/ldos.pp.dat088.xsf
     Plot Type: 3D                     Output format: XCrySDen     
     Reading data from file  /home/ubuntu/projects/Graphene-Band-Structure-Quantum-Espresso/outputs/field_0/vdw-df2-c09/coupled/data/ldos.pp.dat089

     Writing data to be plotted to file /home/ubuntu/projects/Graphene-Band-Structure-Quantum-Espresso/outputs/field_0/vdw-df2-c09/coupled/data/ldos.pp.dat089.xsf
     Plot Type: 3D                     Output format: XCrySDen     
     Reading data from file  /home/ubuntu/projects/Graphene-Band-Structure-Quantum-Espresso/outputs/field_0/vdw-df2-c09/coupled/data/ldos.pp.dat090

     Writing data to be plotted to file /home/ubuntu/projects/Graphene-Band-Structure-Quantum-Espresso/outputs/field_0/vdw-df2-c09/coupled/data/ldos.pp.dat090.xsf
     Plot Type: 3D                     Output format: XCrySDen     
     Reading data from file  /home/ubuntu/projects/Graphene-Band-Structure-Quantum-Espresso/outputs/field_0/vdw-df2-c09/coupled/data/ldos.pp.dat091

     Writing data to be plotted to file /home/ubuntu/projects/Graphene-Band-Structure-Quantum-Espresso/outputs/field_0/vdw-df2-c09/coupled/data/ldos.pp.dat091.xsf
     Plot Type: 3D                     Output format: XCrySDen     
     Reading data from file  /home/ubuntu/projects/Graphene-Band-Structure-Quantum-Espresso/outputs/field_0/vdw-df2-c09/coupled/data/ldos.pp.dat092

     Writing data to be plotted to file /home/ubuntu/projects/Graphene-Band-Structure-Quantum-Espresso/outputs/field_0/vdw-df2-c09/coupled/data/ldos.pp.dat092.xsf
     Plot Type: 3D                     Output format: XCrySDen     
     Reading data from file  /home/ubuntu/projects/Graphene-Band-Structure-Quantum-Espresso/outputs/field_0/vdw-df2-c09/coupled/data/ldos.pp.dat093

     Writing data to be plotted to file /home/ubuntu/projects/Graphene-Band-Structure-Quantum-Espresso/outputs/field_0/vdw-df2-c09/coupled/data/ldos.pp.dat093.xsf
     Plot Type: 3D                     Output format: XCrySDen     
     Reading data from file  /home/ubuntu/projects/Graphene-Band-Structure-Quantum-Espresso/outputs/field_0/vdw-df2-c09/coupled/data/ldos.pp.dat094

     Writing data to be plotted to file /home/ubuntu/projects/Graphene-Band-Structure-Quantum-Espresso/outputs/field_0/vdw-df2-c09/coupled/data/ldos.pp.dat094.xsf
     Plot Type: 3D                     Output format: XCrySDen     
     Reading data from file  /home/ubuntu/projects/Graphene-Band-Structure-Quantum-Espresso/outputs/field_0/vdw-df2-c09/coupled/data/ldos.pp.dat095

     Writing data to be plotted to file /home/ubuntu/projects/Graphene-Band-Structure-Quantum-Espresso/outputs/field_0/vdw-df2-c09/coupled/data/ldos.pp.dat095.xsf
     Plot Type: 3D                     Output format: XCrySDen     
     Reading data from file  /home/ubuntu/projects/Graphene-Band-Structure-Quantum-Espresso/outputs/field_0/vdw-df2-c09/coupled/data/ldos.pp.dat096

     Writing data to be plotted to file /home/ubuntu/projects/Graphene-Band-Structure-Quantum-Espresso/outputs/field_0/vdw-df2-c09/coupled/data/ldos.pp.dat096.xsf
     Plot Type: 3D                     Output format: XCrySDen     
     Reading data from file  /home/ubuntu/projects/Graphene-Band-Structure-Quantum-Espresso/outputs/field_0/vdw-df2-c09/coupled/data/ldos.pp.dat097

     Writing data to be plotted to file /home/ubuntu/projects/Graphene-Band-Structure-Quantum-Espresso/outputs/field_0/vdw-df2-c09/coupled/data/ldos.pp.dat097.xsf
     Plot Type: 3D                     Output format: XCrySDen     
     Reading data from file  /home/ubuntu/projects/Graphene-Band-Structure-Quantum-Espresso/outputs/field_0/vdw-df2-c09/coupled/data/ldos.pp.dat098

     Writing data to be plotted to file /home/ubuntu/projects/Graphene-Band-Structure-Quantum-Espresso/outputs/field_0/vdw-df2-c09/coupled/data/ldos.pp.dat098.xsf
     Plot Type: 3D                     Output format: XCrySDen     
     Reading data from file  /home/ubuntu/projects/Graphene-Band-Structure-Quantum-Espresso/outputs/field_0/vdw-df2-c09/coupled/data/ldos.pp.dat099

     Writing data to be plotted to file /home/ubuntu/projects/Graphene-Band-Structure-Quantum-Espresso/outputs/field_0/vdw-df2-c09/coupled/data/ldos.pp.dat099.xsf
     Plot Type: 3D                     Output format: XCrySDen     
     Reading data from file  /home/ubuntu/projects/Graphene-Band-Structure-Quantum-Espresso/outputs/field_0/vdw-df2-c09/coupled/data/ldos.pp.dat100

     Writing data to be plotted to file /home/ubuntu/projects/Graphene-Band-Structure-Quantum-Espresso/outputs/field_0/vdw-df2-c09/coupled/data/ldos.pp.dat100.xsf
     Plot Type: 3D                     Output format: XCrySDen     
     Reading data from file  /home/ubuntu/projects/Graphene-Band-Structure-Quantum-Espresso/outputs/field_0/vdw-df2-c09/coupled/data/ldos.pp.dat101

     Writing data to be plotted to file /home/ubuntu/projects/Graphene-Band-Structure-Quantum-Espresso/outputs/field_0/vdw-df2-c09/coupled/data/ldos.pp.dat101.xsf
     Plot Type: 3D                     Output format: XCrySDen     
     Reading data from file  /home/ubuntu/projects/Graphene-Band-Structure-Quantum-Espresso/outputs/field_0/vdw-df2-c09/coupled/data/ldos.pp.dat102

     Writing data to be plotted to file /home/ubuntu/projects/Graphene-Band-Structure-Quantum-Espresso/outputs/field_0/vdw-df2-c09/coupled/data/ldos.pp.dat102.xsf
     Plot Type: 3D                     Output format: XCrySDen     
     Reading data from file  /home/ubuntu/projects/Graphene-Band-Structure-Quantum-Espresso/outputs/field_0/vdw-df2-c09/coupled/data/ldos.pp.dat103

     Writing data to be plotted to file /home/ubuntu/projects/Graphene-Band-Structure-Quantum-Espresso/outputs/field_0/vdw-df2-c09/coupled/data/ldos.pp.dat103.xsf
     Plot Type: 3D                     Output format: XCrySDen     
     Reading data from file  /home/ubuntu/projects/Graphene-Band-Structure-Quantum-Espresso/outputs/field_0/vdw-df2-c09/coupled/data/ldos.pp.dat104

     Writing data to be plotted to file /home/ubuntu/projects/Graphene-Band-Structure-Quantum-Espresso/outputs/field_0/vdw-df2-c09/coupled/data/ldos.pp.dat104.xsf
     Plot Type: 3D                     Output format: XCrySDen     
     Reading data from file  /home/ubuntu/projects/Graphene-Band-Structure-Quantum-Espresso/outputs/field_0/vdw-df2-c09/coupled/data/ldos.pp.dat105

     Writing data to be plotted to file /home/ubuntu/projects/Graphene-Band-Structure-Quantum-Espresso/outputs/field_0/vdw-df2-c09/coupled/data/ldos.pp.dat105.xsf
     Plot Type: 3D                     Output format: XCrySDen     
     Reading data from file  /home/ubuntu/projects/Graphene-Band-Structure-Quantum-Espresso/outputs/field_0/vdw-df2-c09/coupled/data/ldos.pp.dat106

     Writing data to be plotted to file /home/ubuntu/projects/Graphene-Band-Structure-Quantum-Espresso/outputs/field_0/vdw-df2-c09/coupled/data/ldos.pp.dat106.xsf
     Plot Type: 3D                     Output format: XCrySDen     
     Reading data from file  /home/ubuntu/projects/Graphene-Band-Structure-Quantum-Espresso/outputs/field_0/vdw-df2-c09/coupled/data/ldos.pp.dat107

     Writing data to be plotted to file /home/ubuntu/projects/Graphene-Band-Structure-Quantum-Espresso/outputs/field_0/vdw-df2-c09/coupled/data/ldos.pp.dat107.xsf
     Plot Type: 3D                     Output format: XCrySDen     
     Reading data from file  /home/ubuntu/projects/Graphene-Band-Structure-Quantum-Espresso/outputs/field_0/vdw-df2-c09/coupled/data/ldos.pp.dat108

     Writing data to be plotted to file /home/ubuntu/projects/Graphene-Band-Structure-Quantum-Espresso/outputs/field_0/vdw-df2-c09/coupled/data/ldos.pp.dat108.xsf
     Plot Type: 3D                     Output format: XCrySDen     
     Reading data from file  /home/ubuntu/projects/Graphene-Band-Structure-Quantum-Espresso/outputs/field_0/vdw-df2-c09/coupled/data/ldos.pp.dat109

     Writing data to be plotted to file /home/ubuntu/projects/Graphene-Band-Structure-Quantum-Espresso/outputs/field_0/vdw-df2-c09/coupled/data/ldos.pp.dat109.xsf
     Plot Type: 3D                     Output format: XCrySDen     
     Reading data from file  /home/ubuntu/projects/Graphene-Band-Structure-Quantum-Espresso/outputs/field_0/vdw-df2-c09/coupled/data/ldos.pp.dat110

     Writing data to be plotted to file /home/ubuntu/projects/Graphene-Band-Structure-Quantum-Espresso/outputs/field_0/vdw-df2-c09/coupled/data/ldos.pp.dat110.xsf
     Plot Type: 3D                     Output format: XCrySDen     
     Reading data from file  /home/ubuntu/projects/Graphene-Band-Structure-Quantum-Espresso/outputs/field_0/vdw-df2-c09/coupled/data/ldos.pp.dat111

     Writing data to be plotted to file /home/ubuntu/projects/Graphene-Band-Structure-Quantum-Espresso/outputs/field_0/vdw-df2-c09/coupled/data/ldos.pp.dat111.xsf
     Plot Type: 3D                     Output format: XCrySDen     
     Reading data from file  /home/ubuntu/projects/Graphene-Band-Structure-Quantum-Espresso/outputs/field_0/vdw-df2-c09/coupled/data/ldos.pp.dat112

     Writing data to be plotted to file /home/ubuntu/projects/Graphene-Band-Structure-Quantum-Espresso/outputs/field_0/vdw-df2-c09/coupled/data/ldos.pp.dat112.xsf
     Plot Type: 3D                     Output format: XCrySDen     
     Reading data from file  /home/ubuntu/projects/Graphene-Band-Structure-Quantum-Espresso/outputs/field_0/vdw-df2-c09/coupled/data/ldos.pp.dat113

     Writing data to be plotted to file /home/ubuntu/projects/Graphene-Band-Structure-Quantum-Espresso/outputs/field_0/vdw-df2-c09/coupled/data/ldos.pp.dat113.xsf
     Plot Type: 3D                     Output format: XCrySDen     
     Reading data from file  /home/ubuntu/projects/Graphene-Band-Structure-Quantum-Espresso/outputs/field_0/vdw-df2-c09/coupled/data/ldos.pp.dat114

     Writing data to be plotted to file /home/ubuntu/projects/Graphene-Band-Structure-Quantum-Espresso/outputs/field_0/vdw-df2-c09/coupled/data/ldos.pp.dat114.xsf
     Plot Type: 3D                     Output format: XCrySDen     
     Reading data from file  /home/ubuntu/projects/Graphene-Band-Structure-Quantum-Espresso/outputs/field_0/vdw-df2-c09/coupled/data/ldos.pp.dat115

     Writing data to be plotted to file /home/ubuntu/projects/Graphene-Band-Structure-Quantum-Espresso/outputs/field_0/vdw-df2-c09/coupled/data/ldos.pp.dat115.xsf
     Plot Type: 3D                     Output format: XCrySDen     
     Reading data from file  /home/ubuntu/projects/Graphene-Band-Structure-Quantum-Espresso/outputs/field_0/vdw-df2-c09/coupled/data/ldos.pp.dat116

     Writing data to be plotted to file /home/ubuntu/projects/Graphene-Band-Structure-Quantum-Espresso/outputs/field_0/vdw-df2-c09/coupled/data/ldos.pp.dat116.xsf
     Plot Type: 3D                     Output format: XCrySDen     
     Reading data from file  /home/ubuntu/projects/Graphene-Band-Structure-Quantum-Espresso/outputs/field_0/vdw-df2-c09/coupled/data/ldos.pp.dat117

     Writing data to be plotted to file /home/ubuntu/projects/Graphene-Band-Structure-Quantum-Espresso/outputs/field_0/vdw-df2-c09/coupled/data/ldos.pp.dat117.xsf
     Plot Type: 3D                     Output format: XCrySDen     
     Reading data from file  /home/ubuntu/projects/Graphene-Band-Structure-Quantum-Espresso/outputs/field_0/vdw-df2-c09/coupled/data/ldos.pp.dat118

     Writing data to be plotted to file /home/ubuntu/projects/Graphene-Band-Structure-Quantum-Espresso/outputs/field_0/vdw-df2-c09/coupled/data/ldos.pp.dat118.xsf
     Plot Type: 3D                     Output format: XCrySDen     
     Reading data from file  /home/ubuntu/projects/Graphene-Band-Structure-Quantum-Espresso/outputs/field_0/vdw-df2-c09/coupled/data/ldos.pp.dat119

     Writing data to be plotted to file /home/ubuntu/projects/Graphene-Band-Structure-Quantum-Espresso/outputs/field_0/vdw-df2-c09/coupled/data/ldos.pp.dat119.xsf
     Plot Type: 3D                     Output format: XCrySDen     
     Reading data from file  /home/ubuntu/projects/Graphene-Band-Structure-Quantum-Espresso/outputs/field_0/vdw-df2-c09/coupled/data/ldos.pp.dat120

     Writing data to be plotted to file /home/ubuntu/projects/Graphene-Band-Structure-Quantum-Espresso/outputs/field_0/vdw-df2-c09/coupled/data/ldos.pp.dat120.xsf
     Plot Type: 3D                     Output format: XCrySDen     
     Reading data from file  /home/ubuntu/projects/Graphene-Band-Structure-Quantum-Espresso/outputs/field_0/vdw-df2-c09/coupled/data/ldos.pp.dat121

     Writing data to be plotted to file /home/ubuntu/projects/Graphene-Band-Structure-Quantum-Espresso/outputs/field_0/vdw-df2-c09/coupled/data/ldos.pp.dat121.xsf
     Plot Type: 3D                     Output format: XCrySDen     
     Reading data from file  /home/ubuntu/projects/Graphene-Band-Structure-Quantum-Espresso/outputs/field_0/vdw-df2-c09/coupled/data/ldos.pp.dat122

     Writing data to be plotted to file /home/ubuntu/projects/Graphene-Band-Structure-Quantum-Espresso/outputs/field_0/vdw-df2-c09/coupled/data/ldos.pp.dat122.xsf
     Plot Type: 3D                     Output format: XCrySDen     
     Reading data from file  /home/ubuntu/projects/Graphene-Band-Structure-Quantum-Espresso/outputs/field_0/vdw-df2-c09/coupled/data/ldos.pp.dat123

     Writing data to be plotted to file /home/ubuntu/projects/Graphene-Band-Structure-Quantum-Espresso/outputs/field_0/vdw-df2-c09/coupled/data/ldos.pp.dat123.xsf
     Plot Type: 3D                     Output format: XCrySDen     
     Reading data from file  /home/ubuntu/projects/Graphene-Band-Structure-Quantum-Espresso/outputs/field_0/vdw-df2-c09/coupled/data/ldos.pp.dat124

     Writing data to be plotted to file /home/ubuntu/projects/Graphene-Band-Structure-Quantum-Espresso/outputs/field_0/vdw-df2-c09/coupled/data/ldos.pp.dat124.xsf
     Plot Type: 3D                     Output format: XCrySDen     
     Reading data from file  /home/ubuntu/projects/Graphene-Band-Structure-Quantum-Espresso/outputs/field_0/vdw-df2-c09/coupled/data/ldos.pp.dat125

     Writing data to be plotted to file /home/ubuntu/projects/Graphene-Band-Structure-Quantum-Espresso/outputs/field_0/vdw-df2-c09/coupled/data/ldos.pp.dat125.xsf
     Plot Type: 3D                     Output format: XCrySDen     
     Reading data from file  /home/ubuntu/projects/Graphene-Band-Structure-Quantum-Espresso/outputs/field_0/vdw-df2-c09/coupled/data/ldos.pp.dat126

     Writing data to be plotted to file /home/ubuntu/projects/Graphene-Band-Structure-Quantum-Espresso/outputs/field_0/vdw-df2-c09/coupled/data/ldos.pp.dat126.xsf
     Plot Type: 3D                     Output format: XCrySDen     
     Reading data from file  /home/ubuntu/projects/Graphene-Band-Structure-Quantum-Espresso/outputs/field_0/vdw-df2-c09/coupled/data/ldos.pp.dat127

     Writing data to be plotted to file /home/ubuntu/projects/Graphene-Band-Structure-Quantum-Espresso/outputs/field_0/vdw-df2-c09/coupled/data/ldos.pp.dat127.xsf
     Plot Type: 3D                     Output format: XCrySDen     
     Reading data from file  /home/ubuntu/projects/Graphene-Band-Structure-Quantum-Espresso/outputs/field_0/vdw-df2-c09/coupled/data/ldos.pp.dat128

     Writing data to be plotted to file /home/ubuntu/projects/Graphene-Band-Structure-Quantum-Espresso/outputs/field_0/vdw-df2-c09/coupled/data/ldos.pp.dat128.xsf
     Plot Type: 3D                     Output format: XCrySDen     
     Reading data from file  /home/ubuntu/projects/Graphene-Band-Structure-Quantum-Espresso/outputs/field_0/vdw-df2-c09/coupled/data/ldos.pp.dat129

     Writing data to be plotted to file /home/ubuntu/projects/Graphene-Band-Structure-Quantum-Espresso/outputs/field_0/vdw-df2-c09/coupled/data/ldos.pp.dat129.xsf
     Plot Type: 3D                     Output format: XCrySDen     
     Reading data from file  /home/ubuntu/projects/Graphene-Band-Structure-Quantum-Espresso/outputs/field_0/vdw-df2-c09/coupled/data/ldos.pp.dat130

     Writing data to be plotted to file /home/ubuntu/projects/Graphene-Band-Structure-Quantum-Espresso/outputs/field_0/vdw-df2-c09/coupled/data/ldos.pp.dat130.xsf
     Plot Type: 3D                     Output format: XCrySDen     
     Reading data from file  /home/ubuntu/projects/Graphene-Band-Structure-Quantum-Espresso/outputs/field_0/vdw-df2-c09/coupled/data/ldos.pp.dat131

     Writing data to be plotted to file /home/ubuntu/projects/Graphene-Band-Structure-Quantum-Espresso/outputs/field_0/vdw-df2-c09/coupled/data/ldos.pp.dat131.xsf
     Plot Type: 3D                     Output format: XCrySDen     
     Reading data from file  /home/ubuntu/projects/Graphene-Band-Structure-Quantum-Espresso/outputs/field_0/vdw-df2-c09/coupled/data/ldos.pp.dat132

     Writing data to be plotted to file /home/ubuntu/projects/Graphene-Band-Structure-Quantum-Espresso/outputs/field_0/vdw-df2-c09/coupled/data/ldos.pp.dat132.xsf
     Plot Type: 3D                     Output format: XCrySDen     
     Reading data from file  /home/ubuntu/projects/Graphene-Band-Structure-Quantum-Espresso/outputs/field_0/vdw-df2-c09/coupled/data/ldos.pp.dat133

     Writing data to be plotted to file /home/ubuntu/projects/Graphene-Band-Structure-Quantum-Espresso/outputs/field_0/vdw-df2-c09/coupled/data/ldos.pp.dat133.xsf
     Plot Type: 3D                     Output format: XCrySDen     
     Reading data from file  /home/ubuntu/projects/Graphene-Band-Structure-Quantum-Espresso/outputs/field_0/vdw-df2-c09/coupled/data/ldos.pp.dat134

     Writing data to be plotted to file /home/ubuntu/projects/Graphene-Band-Structure-Quantum-Espresso/outputs/field_0/vdw-df2-c09/coupled/data/ldos.pp.dat134.xsf
     Plot Type: 3D                     Output format: XCrySDen     
     Reading data from file  /home/ubuntu/projects/Graphene-Band-Structure-Quantum-Espresso/outputs/field_0/vdw-df2-c09/coupled/data/ldos.pp.dat135

     Writing data to be plotted to file /home/ubuntu/projects/Graphene-Band-Structure-Quantum-Espresso/outputs/field_0/vdw-df2-c09/coupled/data/ldos.pp.dat135.xsf
     Plot Type: 3D                     Output format: XCrySDen     
     Reading data from file  /home/ubuntu/projects/Graphene-Band-Structure-Quantum-Espresso/outputs/field_0/vdw-df2-c09/coupled/data/ldos.pp.dat136

     Writing data to be plotted to file /home/ubuntu/projects/Graphene-Band-Structure-Quantum-Espresso/outputs/field_0/vdw-df2-c09/coupled/data/ldos.pp.dat136.xsf
     Plot Type: 3D                     Output format: XCrySDen     
     Reading data from file  /home/ubuntu/projects/Graphene-Band-Structure-Quantum-Espresso/outputs/field_0/vdw-df2-c09/coupled/data/ldos.pp.dat137

     Writing data to be plotted to file /home/ubuntu/projects/Graphene-Band-Structure-Quantum-Espresso/outputs/field_0/vdw-df2-c09/coupled/data/ldos.pp.dat137.xsf
     Plot Type: 3D                     Output format: XCrySDen     
     Reading data from file  /home/ubuntu/projects/Graphene-Band-Structure-Quantum-Espresso/outputs/field_0/vdw-df2-c09/coupled/data/ldos.pp.dat138

     Writing data to be plotted to file /home/ubuntu/projects/Graphene-Band-Structure-Quantum-Espresso/outputs/field_0/vdw-df2-c09/coupled/data/ldos.pp.dat138.xsf
     Plot Type: 3D                     Output format: XCrySDen     
     Reading data from file  /home/ubuntu/projects/Graphene-Band-Structure-Quantum-Espresso/outputs/field_0/vdw-df2-c09/coupled/data/ldos.pp.dat139

     Writing data to be plotted to file /home/ubuntu/projects/Graphene-Band-Structure-Quantum-Espresso/outputs/field_0/vdw-df2-c09/coupled/data/ldos.pp.dat139.xsf
     Plot Type: 3D                     Output format: XCrySDen     
     Reading data from file  /home/ubuntu/projects/Graphene-Band-Structure-Quantum-Espresso/outputs/field_0/vdw-df2-c09/coupled/data/ldos.pp.dat140

     Writing data to be plotted to file /home/ubuntu/projects/Graphene-Band-Structure-Quantum-Espresso/outputs/field_0/vdw-df2-c09/coupled/data/ldos.pp.dat140.xsf
     Plot Type: 3D                     Output format: XCrySDen     
     Reading data from file  /home/ubuntu/projects/Graphene-Band-Structure-Quantum-Espresso/outputs/field_0/vdw-df2-c09/coupled/data/ldos.pp.dat141

     Writing data to be plotted to file /home/ubuntu/projects/Graphene-Band-Structure-Quantum-Espresso/outputs/field_0/vdw-df2-c09/coupled/data/ldos.pp.dat141.xsf
     Plot Type: 3D                     Output format: XCrySDen     
     Reading data from file  /home/ubuntu/projects/Graphene-Band-Structure-Quantum-Espresso/outputs/field_0/vdw-df2-c09/coupled/data/ldos.pp.dat142

     Writing data to be plotted to file /home/ubuntu/projects/Graphene-Band-Structure-Quantum-Espresso/outputs/field_0/vdw-df2-c09/coupled/data/ldos.pp.dat142.xsf
     Plot Type: 3D                     Output format: XCrySDen     
     Reading data from file  /home/ubuntu/projects/Graphene-Band-Structure-Quantum-Espresso/outputs/field_0/vdw-df2-c09/coupled/data/ldos.pp.dat143

     Writing data to be plotted to file /home/ubuntu/projects/Graphene-Band-Structure-Quantum-Espresso/outputs/field_0/vdw-df2-c09/coupled/data/ldos.pp.dat143.xsf
     Plot Type: 3D                     Output format: XCrySDen     
     Reading data from file  /home/ubuntu/projects/Graphene-Band-Structure-Quantum-Espresso/outputs/field_0/vdw-df2-c09/coupled/data/ldos.pp.dat144

     Writing data to be plotted to file /home/ubuntu/projects/Graphene-Band-Structure-Quantum-Espresso/outputs/field_0/vdw-df2-c09/coupled/data/ldos.pp.dat144.xsf
     Plot Type: 3D                     Output format: XCrySDen     
     Reading data from file  /home/ubuntu/projects/Graphene-Band-Structure-Quantum-Espresso/outputs/field_0/vdw-df2-c09/coupled/data/ldos.pp.dat145

     Writing data to be plotted to file /home/ubuntu/projects/Graphene-Band-Structure-Quantum-Espresso/outputs/field_0/vdw-df2-c09/coupled/data/ldos.pp.dat145.xsf
     Plot Type: 3D                     Output format: XCrySDen     
     Reading data from file  /home/ubuntu/projects/Graphene-Band-Structure-Quantum-Espresso/outputs/field_0/vdw-df2-c09/coupled/data/ldos.pp.dat146

     Writing data to be plotted to file /home/ubuntu/projects/Graphene-Band-Structure-Quantum-Espresso/outputs/field_0/vdw-df2-c09/coupled/data/ldos.pp.dat146.xsf
     Plot Type: 3D                     Output format: XCrySDen     
     Reading data from file  /home/ubuntu/projects/Graphene-Band-Structure-Quantum-Espresso/outputs/field_0/vdw-df2-c09/coupled/data/ldos.pp.dat147

     Writing data to be plotted to file /home/ubuntu/projects/Graphene-Band-Structure-Quantum-Espresso/outputs/field_0/vdw-df2-c09/coupled/data/ldos.pp.dat147.xsf
     Plot Type: 3D                     Output format: XCrySDen     
     Reading data from file  /home/ubuntu/projects/Graphene-Band-Structure-Quantum-Espresso/outputs/field_0/vdw-df2-c09/coupled/data/ldos.pp.dat148

     Writing data to be plotted to file /home/ubuntu/projects/Graphene-Band-Structure-Quantum-Espresso/outputs/field_0/vdw-df2-c09/coupled/data/ldos.pp.dat148.xsf
     Plot Type: 3D                     Output format: XCrySDen     
     Reading data from file  /home/ubuntu/projects/Graphene-Band-Structure-Quantum-Espresso/outputs/field_0/vdw-df2-c09/coupled/data/ldos.pp.dat149

     Writing data to be plotted to file /home/ubuntu/projects/Graphene-Band-Structure-Quantum-Espresso/outputs/field_0/vdw-df2-c09/coupled/data/ldos.pp.dat149.xsf
     Plot Type: 3D                     Output format: XCrySDen     
     Reading data from file  /home/ubuntu/projects/Graphene-Band-Structure-Quantum-Espresso/outputs/field_0/vdw-df2-c09/coupled/data/ldos.pp.dat150

     Writing data to be plotted to file /home/ubuntu/projects/Graphene-Band-Structure-Quantum-Espresso/outputs/field_0/vdw-df2-c09/coupled/data/ldos.pp.dat150.xsf
     Plot Type: 3D                     Output format: XCrySDen     
     Reading data from file  /home/ubuntu/projects/Graphene-Band-Structure-Quantum-Espresso/outputs/field_0/vdw-df2-c09/coupled/data/ldos.pp.dat151

     Writing data to be plotted to file /home/ubuntu/projects/Graphene-Band-Structure-Quantum-Espresso/outputs/field_0/vdw-df2-c09/coupled/data/ldos.pp.dat151.xsf
     Plot Type: 3D                     Output format: XCrySDen     
     Reading data from file  /home/ubuntu/projects/Graphene-Band-Structure-Quantum-Espresso/outputs/field_0/vdw-df2-c09/coupled/data/ldos.pp.dat152

     Writing data to be plotted to file /home/ubuntu/projects/Graphene-Band-Structure-Quantum-Espresso/outputs/field_0/vdw-df2-c09/coupled/data/ldos.pp.dat152.xsf
     Plot Type: 3D                     Output format: XCrySDen     
     Reading data from file  /home/ubuntu/projects/Graphene-Band-Structure-Quantum-Espresso/outputs/field_0/vdw-df2-c09/coupled/data/ldos.pp.dat153

     Writing data to be plotted to file /home/ubuntu/projects/Graphene-Band-Structure-Quantum-Espresso/outputs/field_0/vdw-df2-c09/coupled/data/ldos.pp.dat153.xsf
     Plot Type: 3D                     Output format: XCrySDen     
     Reading data from file  /home/ubuntu/projects/Graphene-Band-Structure-Quantum-Espresso/outputs/field_0/vdw-df2-c09/coupled/data/ldos.pp.dat154

     Writing data to be plotted to file /home/ubuntu/projects/Graphene-Band-Structure-Quantum-Espresso/outputs/field_0/vdw-df2-c09/coupled/data/ldos.pp.dat154.xsf
     Plot Type: 3D                     Output format: XCrySDen     
     Reading data from file  /home/ubuntu/projects/Graphene-Band-Structure-Quantum-Espresso/outputs/field_0/vdw-df2-c09/coupled/data/ldos.pp.dat155

     Writing data to be plotted to file /home/ubuntu/projects/Graphene-Band-Structure-Quantum-Espresso/outputs/field_0/vdw-df2-c09/coupled/data/ldos.pp.dat155.xsf
     Plot Type: 3D                     Output format: XCrySDen     
     Reading data from file  /home/ubuntu/projects/Graphene-Band-Structure-Quantum-Espresso/outputs/field_0/vdw-df2-c09/coupled/data/ldos.pp.dat156

     Writing data to be plotted to file /home/ubuntu/projects/Graphene-Band-Structure-Quantum-Espresso/outputs/field_0/vdw-df2-c09/coupled/data/ldos.pp.dat156.xsf
     Plot Type: 3D                     Output format: XCrySDen     
     Reading data from file  /home/ubuntu/projects/Graphene-Band-Structure-Quantum-Espresso/outputs/field_0/vdw-df2-c09/coupled/data/ldos.pp.dat157

     Writing data to be plotted to file /home/ubuntu/projects/Graphene-Band-Structure-Quantum-Espresso/outputs/field_0/vdw-df2-c09/coupled/data/ldos.pp.dat157.xsf
     Plot Type: 3D                     Output format: XCrySDen     
     Reading data from file  /home/ubuntu/projects/Graphene-Band-Structure-Quantum-Espresso/outputs/field_0/vdw-df2-c09/coupled/data/ldos.pp.dat158

     Writing data to be plotted to file /home/ubuntu/projects/Graphene-Band-Structure-Quantum-Espresso/outputs/field_0/vdw-df2-c09/coupled/data/ldos.pp.dat158.xsf
     Plot Type: 3D                     Output format: XCrySDen     
     Reading data from file  /home/ubuntu/projects/Graphene-Band-Structure-Quantum-Espresso/outputs/field_0/vdw-df2-c09/coupled/data/ldos.pp.dat159

     Writing data to be plotted to file /home/ubuntu/projects/Graphene-Band-Structure-Quantum-Espresso/outputs/field_0/vdw-df2-c09/coupled/data/ldos.pp.dat159.xsf
     Plot Type: 3D                     Output format: XCrySDen     
     Reading data from file  /home/ubuntu/projects/Graphene-Band-Structure-Quantum-Espresso/outputs/field_0/vdw-df2-c09/coupled/data/ldos.pp.dat160

     Writing data to be plotted to file /home/ubuntu/projects/Graphene-Band-Structure-Quantum-Espresso/outputs/field_0/vdw-df2-c09/coupled/data/ldos.pp.dat160.xsf
     Plot Type: 3D                     Output format: XCrySDen     
     Reading data from file  /home/ubuntu/projects/Graphene-Band-Structure-Quantum-Espresso/outputs/field_0/vdw-df2-c09/coupled/data/ldos.pp.dat161

     Writing data to be plotted to file /home/ubuntu/projects/Graphene-Band-Structure-Quantum-Espresso/outputs/field_0/vdw-df2-c09/coupled/data/ldos.pp.dat161.xsf
     Plot Type: 3D                     Output format: XCrySDen     
     Reading data from file  /home/ubuntu/projects/Graphene-Band-Structure-Quantum-Espresso/outputs/field_0/vdw-df2-c09/coupled/data/ldos.pp.dat162

     Writing data to be plotted to file /home/ubuntu/projects/Graphene-Band-Structure-Quantum-Espresso/outputs/field_0/vdw-df2-c09/coupled/data/ldos.pp.dat162.xsf
     Plot Type: 3D                     Output format: XCrySDen     
     Reading data from file  /home/ubuntu/projects/Graphene-Band-Structure-Quantum-Espresso/outputs/field_0/vdw-df2-c09/coupled/data/ldos.pp.dat163

     Writing data to be plotted to file /home/ubuntu/projects/Graphene-Band-Structure-Quantum-Espresso/outputs/field_0/vdw-df2-c09/coupled/data/ldos.pp.dat163.xsf
     Plot Type: 3D                     Output format: XCrySDen     
     Reading data from file  /home/ubuntu/projects/Graphene-Band-Structure-Quantum-Espresso/outputs/field_0/vdw-df2-c09/coupled/data/ldos.pp.dat164

     Writing data to be plotted to file /home/ubuntu/projects/Graphene-Band-Structure-Quantum-Espresso/outputs/field_0/vdw-df2-c09/coupled/data/ldos.pp.dat164.xsf
     Plot Type: 3D                     Output format: XCrySDen     
     Reading data from file  /home/ubuntu/projects/Graphene-Band-Structure-Quantum-Espresso/outputs/field_0/vdw-df2-c09/coupled/data/ldos.pp.dat165

     Writing data to be plotted to file /home/ubuntu/projects/Graphene-Band-Structure-Quantum-Espresso/outputs/field_0/vdw-df2-c09/coupled/data/ldos.pp.dat165.xsf
     Plot Type: 3D                     Output format: XCrySDen     
     Reading data from file  /home/ubuntu/projects/Graphene-Band-Structure-Quantum-Espresso/outputs/field_0/vdw-df2-c09/coupled/data/ldos.pp.dat166

     Writing data to be plotted to file /home/ubuntu/projects/Graphene-Band-Structure-Quantum-Espresso/outputs/field_0/vdw-df2-c09/coupled/data/ldos.pp.dat166.xsf
     Plot Type: 3D                     Output format: XCrySDen     
     Reading data from file  /home/ubuntu/projects/Graphene-Band-Structure-Quantum-Espresso/outputs/field_0/vdw-df2-c09/coupled/data/ldos.pp.dat167

     Writing data to be plotted to file /home/ubuntu/projects/Graphene-Band-Structure-Quantum-Espresso/outputs/field_0/vdw-df2-c09/coupled/data/ldos.pp.dat167.xsf
     Plot Type: 3D                     Output format: XCrySDen     
     Reading data from file  /home/ubuntu/projects/Graphene-Band-Structure-Quantum-Espresso/outputs/field_0/vdw-df2-c09/coupled/data/ldos.pp.dat168

     Writing data to be plotted to file /home/ubuntu/projects/Graphene-Band-Structure-Quantum-Espresso/outputs/field_0/vdw-df2-c09/coupled/data/ldos.pp.dat168.xsf
     Plot Type: 3D                     Output format: XCrySDen     
     Reading data from file  /home/ubuntu/projects/Graphene-Band-Structure-Quantum-Espresso/outputs/field_0/vdw-df2-c09/coupled/data/ldos.pp.dat169

     Writing data to be plotted to file /home/ubuntu/projects/Graphene-Band-Structure-Quantum-Espresso/outputs/field_0/vdw-df2-c09/coupled/data/ldos.pp.dat169.xsf
     Plot Type: 3D                     Output format: XCrySDen     
     Reading data from file  /home/ubuntu/projects/Graphene-Band-Structure-Quantum-Espresso/outputs/field_0/vdw-df2-c09/coupled/data/ldos.pp.dat170

     Writing data to be plotted to file /home/ubuntu/projects/Graphene-Band-Structure-Quantum-Espresso/outputs/field_0/vdw-df2-c09/coupled/data/ldos.pp.dat170.xsf
     Plot Type: 3D                     Output format: XCrySDen     
     Reading data from file  /home/ubuntu/projects/Graphene-Band-Structure-Quantum-Espresso/outputs/field_0/vdw-df2-c09/coupled/data/ldos.pp.dat171

     Writing data to be plotted to file /home/ubuntu/projects/Graphene-Band-Structure-Quantum-Espresso/outputs/field_0/vdw-df2-c09/coupled/data/ldos.pp.dat171.xsf
     Plot Type: 3D                     Output format: XCrySDen     
     Reading data from file  /home/ubuntu/projects/Graphene-Band-Structure-Quantum-Espresso/outputs/field_0/vdw-df2-c09/coupled/data/ldos.pp.dat172

     Writing data to be plotted to file /home/ubuntu/projects/Graphene-Band-Structure-Quantum-Espresso/outputs/field_0/vdw-df2-c09/coupled/data/ldos.pp.dat172.xsf
     Plot Type: 3D                     Output format: XCrySDen     
     Reading data from file  /home/ubuntu/projects/Graphene-Band-Structure-Quantum-Espresso/outputs/field_0/vdw-df2-c09/coupled/data/ldos.pp.dat173

     Writing data to be plotted to file /home/ubuntu/projects/Graphene-Band-Structure-Quantum-Espresso/outputs/field_0/vdw-df2-c09/coupled/data/ldos.pp.dat173.xsf
     Plot Type: 3D                     Output format: XCrySDen     
     Reading data from file  /home/ubuntu/projects/Graphene-Band-Structure-Quantum-Espresso/outputs/field_0/vdw-df2-c09/coupled/data/ldos.pp.dat174

     Writing data to be plotted to file /home/ubuntu/projects/Graphene-Band-Structure-Quantum-Espresso/outputs/field_0/vdw-df2-c09/coupled/data/ldos.pp.dat174.xsf
     Plot Type: 3D                     Output format: XCrySDen     
     Reading data from file  /home/ubuntu/projects/Graphene-Band-Structure-Quantum-Espresso/outputs/field_0/vdw-df2-c09/coupled/data/ldos.pp.dat175

     Writing data to be plotted to file /home/ubuntu/projects/Graphene-Band-Structure-Quantum-Espresso/outputs/field_0/vdw-df2-c09/coupled/data/ldos.pp.dat175.xsf
     Plot Type: 3D                     Output format: XCrySDen     
     Reading data from file  /home/ubuntu/projects/Graphene-Band-Structure-Quantum-Espresso/outputs/field_0/vdw-df2-c09/coupled/data/ldos.pp.dat176

     Writing data to be plotted to file /home/ubuntu/projects/Graphene-Band-Structure-Quantum-Espresso/outputs/field_0/vdw-df2-c09/coupled/data/ldos.pp.dat176.xsf
     Plot Type: 3D                     Output format: XCrySDen     
     Reading data from file  /home/ubuntu/projects/Graphene-Band-Structure-Quantum-Espresso/outputs/field_0/vdw-df2-c09/coupled/data/ldos.pp.dat177

     Writing data to be plotted to file /home/ubuntu/projects/Graphene-Band-Structure-Quantum-Espresso/outputs/field_0/vdw-df2-c09/coupled/data/ldos.pp.dat177.xsf
     Plot Type: 3D                     Output format: XCrySDen     
     Reading data from file  /home/ubuntu/projects/Graphene-Band-Structure-Quantum-Espresso/outputs/field_0/vdw-df2-c09/coupled/data/ldos.pp.dat178

     Writing data to be plotted to file /home/ubuntu/projects/Graphene-Band-Structure-Quantum-Espresso/outputs/field_0/vdw-df2-c09/coupled/data/ldos.pp.dat178.xsf
     Plot Type: 3D                     Output format: XCrySDen     
     Reading data from file  /home/ubuntu/projects/Graphene-Band-Structure-Quantum-Espresso/outputs/field_0/vdw-df2-c09/coupled/data/ldos.pp.dat179

     Writing data to be plotted to file /home/ubuntu/projects/Graphene-Band-Structure-Quantum-Espresso/outputs/field_0/vdw-df2-c09/coupled/data/ldos.pp.dat179.xsf
     Plot Type: 3D                     Output format: XCrySDen     
     Reading data from file  /home/ubuntu/projects/Graphene-Band-Structure-Quantum-Espresso/outputs/field_0/vdw-df2-c09/coupled/data/ldos.pp.dat180

     Writing data to be plotted to file /home/ubuntu/projects/Graphene-Band-Structure-Quantum-Espresso/outputs/field_0/vdw-df2-c09/coupled/data/ldos.pp.dat180.xsf
     Plot Type: 3D                     Output format: XCrySDen     
     Reading data from file  /home/ubuntu/projects/Graphene-Band-Structure-Quantum-Espresso/outputs/field_0/vdw-df2-c09/coupled/data/ldos.pp.dat181

     Writing data to be plotted to file /home/ubuntu/projects/Graphene-Band-Structure-Quantum-Espresso/outputs/field_0/vdw-df2-c09/coupled/data/ldos.pp.dat181.xsf
     Plot Type: 3D                     Output format: XCrySDen     
     Reading data from file  /home/ubuntu/projects/Graphene-Band-Structure-Quantum-Espresso/outputs/field_0/vdw-df2-c09/coupled/data/ldos.pp.dat182

     Writing data to be plotted to file /home/ubuntu/projects/Graphene-Band-Structure-Quantum-Espresso/outputs/field_0/vdw-df2-c09/coupled/data/ldos.pp.dat182.xsf
     Plot Type: 3D                     Output format: XCrySDen     
     Reading data from file  /home/ubuntu/projects/Graphene-Band-Structure-Quantum-Espresso/outputs/field_0/vdw-df2-c09/coupled/data/ldos.pp.dat183

     Writing data to be plotted to file /home/ubuntu/projects/Graphene-Band-Structure-Quantum-Espresso/outputs/field_0/vdw-df2-c09/coupled/data/ldos.pp.dat183.xsf
     Plot Type: 3D                     Output format: XCrySDen     
     Reading data from file  /home/ubuntu/projects/Graphene-Band-Structure-Quantum-Espresso/outputs/field_0/vdw-df2-c09/coupled/data/ldos.pp.dat184

     Writing data to be plotted to file /home/ubuntu/projects/Graphene-Band-Structure-Quantum-Espresso/outputs/field_0/vdw-df2-c09/coupled/data/ldos.pp.dat184.xsf
     Plot Type: 3D                     Output format: XCrySDen     
     Reading data from file  /home/ubuntu/projects/Graphene-Band-Structure-Quantum-Espresso/outputs/field_0/vdw-df2-c09/coupled/data/ldos.pp.dat185

     Writing data to be plotted to file /home/ubuntu/projects/Graphene-Band-Structure-Quantum-Espresso/outputs/field_0/vdw-df2-c09/coupled/data/ldos.pp.dat185.xsf
     Plot Type: 3D                     Output format: XCrySDen     
     Reading data from file  /home/ubuntu/projects/Graphene-Band-Structure-Quantum-Espresso/outputs/field_0/vdw-df2-c09/coupled/data/ldos.pp.dat186

     Writing data to be plotted to file /home/ubuntu/projects/Graphene-Band-Structure-Quantum-Espresso/outputs/field_0/vdw-df2-c09/coupled/data/ldos.pp.dat186.xsf
     Plot Type: 3D                     Output format: XCrySDen     
     Reading data from file  /home/ubuntu/projects/Graphene-Band-Structure-Quantum-Espresso/outputs/field_0/vdw-df2-c09/coupled/data/ldos.pp.dat187

     Writing data to be plotted to file /home/ubuntu/projects/Graphene-Band-Structure-Quantum-Espresso/outputs/field_0/vdw-df2-c09/coupled/data/ldos.pp.dat187.xsf
     Plot Type: 3D                     Output format: XCrySDen     
     Reading data from file  /home/ubuntu/projects/Graphene-Band-Structure-Quantum-Espresso/outputs/field_0/vdw-df2-c09/coupled/data/ldos.pp.dat188

     Writing data to be plotted to file /home/ubuntu/projects/Graphene-Band-Structure-Quantum-Espresso/outputs/field_0/vdw-df2-c09/coupled/data/ldos.pp.dat188.xsf
     Plot Type: 3D                     Output format: XCrySDen     
     Reading data from file  /home/ubuntu/projects/Graphene-Band-Structure-Quantum-Espresso/outputs/field_0/vdw-df2-c09/coupled/data/ldos.pp.dat189

     Writing data to be plotted to file /home/ubuntu/projects/Graphene-Band-Structure-Quantum-Espresso/outputs/field_0/vdw-df2-c09/coupled/data/ldos.pp.dat189.xsf
     Plot Type: 3D                     Output format: XCrySDen     
     Reading data from file  /home/ubuntu/projects/Graphene-Band-Structure-Quantum-Espresso/outputs/field_0/vdw-df2-c09/coupled/data/ldos.pp.dat190

     Writing data to be plotted to file /home/ubuntu/projects/Graphene-Band-Structure-Quantum-Espresso/outputs/field_0/vdw-df2-c09/coupled/data/ldos.pp.dat190.xsf
     Plot Type: 3D                     Output format: XCrySDen     
     Reading data from file  /home/ubuntu/projects/Graphene-Band-Structure-Quantum-Espresso/outputs/field_0/vdw-df2-c09/coupled/data/ldos.pp.dat191

     Writing data to be plotted to file /home/ubuntu/projects/Graphene-Band-Structure-Quantum-Espresso/outputs/field_0/vdw-df2-c09/coupled/data/ldos.pp.dat191.xsf
     Plot Type: 3D                     Output format: XCrySDen     
     Reading data from file  /home/ubuntu/projects/Graphene-Band-Structure-Quantum-Espresso/outputs/field_0/vdw-df2-c09/coupled/data/ldos.pp.dat192

     Writing data to be plotted to file /home/ubuntu/projects/Graphene-Band-Structure-Quantum-Espresso/outputs/field_0/vdw-df2-c09/coupled/data/ldos.pp.dat192.xsf
     Plot Type: 3D                     Output format: XCrySDen     
     Reading data from file  /home/ubuntu/projects/Graphene-Band-Structure-Quantum-Espresso/outputs/field_0/vdw-df2-c09/coupled/data/ldos.pp.dat193

     Writing data to be plotted to file /home/ubuntu/projects/Graphene-Band-Structure-Quantum-Espresso/outputs/field_0/vdw-df2-c09/coupled/data/ldos.pp.dat193.xsf
     Plot Type: 3D                     Output format: XCrySDen     
     Reading data from file  /home/ubuntu/projects/Graphene-Band-Structure-Quantum-Espresso/outputs/field_0/vdw-df2-c09/coupled/data/ldos.pp.dat194

     Writing data to be plotted to file /home/ubuntu/projects/Graphene-Band-Structure-Quantum-Espresso/outputs/field_0/vdw-df2-c09/coupled/data/ldos.pp.dat194.xsf
     Plot Type: 3D                     Output format: XCrySDen     
     Reading data from file  /home/ubuntu/projects/Graphene-Band-Structure-Quantum-Espresso/outputs/field_0/vdw-df2-c09/coupled/data/ldos.pp.dat195

     Writing data to be plotted to file /home/ubuntu/projects/Graphene-Band-Structure-Quantum-Espresso/outputs/field_0/vdw-df2-c09/coupled/data/ldos.pp.dat195.xsf
     Plot Type: 3D                     Output format: XCrySDen     
     Reading data from file  /home/ubuntu/projects/Graphene-Band-Structure-Quantum-Espresso/outputs/field_0/vdw-df2-c09/coupled/data/ldos.pp.dat196

     Writing data to be plotted to file /home/ubuntu/projects/Graphene-Band-Structure-Quantum-Espresso/outputs/field_0/vdw-df2-c09/coupled/data/ldos.pp.dat196.xsf
     Plot Type: 3D                     Output format: XCrySDen     
     Reading data from file  /home/ubuntu/projects/Graphene-Band-Structure-Quantum-Espresso/outputs/field_0/vdw-df2-c09/coupled/data/ldos.pp.dat197

     Writing data to be plotted to file /home/ubuntu/projects/Graphene-Band-Structure-Quantum-Espresso/outputs/field_0/vdw-df2-c09/coupled/data/ldos.pp.dat197.xsf
     Plot Type: 3D                     Output format: XCrySDen     
     Reading data from file  /home/ubuntu/projects/Graphene-Band-Structure-Quantum-Espresso/outputs/field_0/vdw-df2-c09/coupled/data/ldos.pp.dat198

     Writing data to be plotted to file /home/ubuntu/projects/Graphene-Band-Structure-Quantum-Espresso/outputs/field_0/vdw-df2-c09/coupled/data/ldos.pp.dat198.xsf
     Plot Type: 3D                     Output format: XCrySDen     
     Reading data from file  /home/ubuntu/projects/Graphene-Band-Structure-Quantum-Espresso/outputs/field_0/vdw-df2-c09/coupled/data/ldos.pp.dat199

     Writing data to be plotted to file /home/ubuntu/projects/Graphene-Band-Structure-Quantum-Espresso/outputs/field_0/vdw-df2-c09/coupled/data/ldos.pp.dat199.xsf
     Plot Type: 3D                     Output format: XCrySDen     
     Reading data from file  /home/ubuntu/projects/Graphene-Band-Structure-Quantum-Espresso/outputs/field_0/vdw-df2-c09/coupled/data/ldos.pp.dat200

     Writing data to be plotted to file /home/ubuntu/projects/Graphene-Band-Structure-Quantum-Espresso/outputs/field_0/vdw-df2-c09/coupled/data/ldos.pp.dat200.xsf
     Plot Type: 3D                     Output format: XCrySDen     
     Reading data from file  /home/ubuntu/projects/Graphene-Band-Structure-Quantum-Espresso/outputs/field_0/vdw-df2-c09/coupled/data/ldos.pp.dat201

     Writing data to be plotted to file /home/ubuntu/projects/Graphene-Band-Structure-Quantum-Espresso/outputs/field_0/vdw-df2-c09/coupled/data/ldos.pp.dat201.xsf
     Plot Type: 3D                     Output format: XCrySDen     
     Reading data from file  /home/ubuntu/projects/Graphene-Band-Structure-Quantum-Espresso/outputs/field_0/vdw-df2-c09/coupled/data/ldos.pp.dat202

     Writing data to be plotted to file /home/ubuntu/projects/Graphene-Band-Structure-Quantum-Espresso/outputs/field_0/vdw-df2-c09/coupled/data/ldos.pp.dat202.xsf
     Plot Type: 3D                     Output format: XCrySDen     
     Reading data from file  /home/ubuntu/projects/Graphene-Band-Structure-Quantum-Espresso/outputs/field_0/vdw-df2-c09/coupled/data/ldos.pp.dat203

     Writing data to be plotted to file /home/ubuntu/projects/Graphene-Band-Structure-Quantum-Espresso/outputs/field_0/vdw-df2-c09/coupled/data/ldos.pp.dat203.xsf
     Plot Type: 3D                     Output format: XCrySDen     
     Reading data from file  /home/ubuntu/projects/Graphene-Band-Structure-Quantum-Espresso/outputs/field_0/vdw-df2-c09/coupled/data/ldos.pp.dat204

     Writing data to be plotted to file /home/ubuntu/projects/Graphene-Band-Structure-Quantum-Espresso/outputs/field_0/vdw-df2-c09/coupled/data/ldos.pp.dat204.xsf
     Plot Type: 3D                     Output format: XCrySDen     
     Reading data from file  /home/ubuntu/projects/Graphene-Band-Structure-Quantum-Espresso/outputs/field_0/vdw-df2-c09/coupled/data/ldos.pp.dat205

     Writing data to be plotted to file /home/ubuntu/projects/Graphene-Band-Structure-Quantum-Espresso/outputs/field_0/vdw-df2-c09/coupled/data/ldos.pp.dat205.xsf
     Plot Type: 3D                     Output format: XCrySDen     
     Reading data from file  /home/ubuntu/projects/Graphene-Band-Structure-Quantum-Espresso/outputs/field_0/vdw-df2-c09/coupled/data/ldos.pp.dat206

     Writing data to be plotted to file /home/ubuntu/projects/Graphene-Band-Structure-Quantum-Espresso/outputs/field_0/vdw-df2-c09/coupled/data/ldos.pp.dat206.xsf
     Plot Type: 3D                     Output format: XCrySDen     
     Reading data from file  /home/ubuntu/projects/Graphene-Band-Structure-Quantum-Espresso/outputs/field_0/vdw-df2-c09/coupled/data/ldos.pp.dat207

     Writing data to be plotted to file /home/ubuntu/projects/Graphene-Band-Structure-Quantum-Espresso/outputs/field_0/vdw-df2-c09/coupled/data/ldos.pp.dat207.xsf
     Plot Type: 3D                     Output format: XCrySDen     
     Reading data from file  /home/ubuntu/projects/Graphene-Band-Structure-Quantum-Espresso/outputs/field_0/vdw-df2-c09/coupled/data/ldos.pp.dat208

     Writing data to be plotted to file /home/ubuntu/projects/Graphene-Band-Structure-Quantum-Espresso/outputs/field_0/vdw-df2-c09/coupled/data/ldos.pp.dat208.xsf
     Plot Type: 3D                     Output format: XCrySDen     
     Reading data from file  /home/ubuntu/projects/Graphene-Band-Structure-Quantum-Espresso/outputs/field_0/vdw-df2-c09/coupled/data/ldos.pp.dat209

     Writing data to be plotted to file /home/ubuntu/projects/Graphene-Band-Structure-Quantum-Espresso/outputs/field_0/vdw-df2-c09/coupled/data/ldos.pp.dat209.xsf
     Plot Type: 3D                     Output format: XCrySDen     
     Reading data from file  /home/ubuntu/projects/Graphene-Band-Structure-Quantum-Espresso/outputs/field_0/vdw-df2-c09/coupled/data/ldos.pp.dat210

     Writing data to be plotted to file /home/ubuntu/projects/Graphene-Band-Structure-Quantum-Espresso/outputs/field_0/vdw-df2-c09/coupled/data/ldos.pp.dat210.xsf
     Plot Type: 3D                     Output format: XCrySDen     
     Reading data from file  /home/ubuntu/projects/Graphene-Band-Structure-Quantum-Espresso/outputs/field_0/vdw-df2-c09/coupled/data/ldos.pp.dat211

     Writing data to be plotted to file /home/ubuntu/projects/Graphene-Band-Structure-Quantum-Espresso/outputs/field_0/vdw-df2-c09/coupled/data/ldos.pp.dat211.xsf
     Plot Type: 3D                     Output format: XCrySDen     
     Reading data from file  /home/ubuntu/projects/Graphene-Band-Structure-Quantum-Espresso/outputs/field_0/vdw-df2-c09/coupled/data/ldos.pp.dat212

     Writing data to be plotted to file /home/ubuntu/projects/Graphene-Band-Structure-Quantum-Espresso/outputs/field_0/vdw-df2-c09/coupled/data/ldos.pp.dat212.xsf
     Plot Type: 3D                     Output format: XCrySDen     
     Reading data from file  /home/ubuntu/projects/Graphene-Band-Structure-Quantum-Espresso/outputs/field_0/vdw-df2-c09/coupled/data/ldos.pp.dat213

     Writing data to be plotted to file /home/ubuntu/projects/Graphene-Band-Structure-Quantum-Espresso/outputs/field_0/vdw-df2-c09/coupled/data/ldos.pp.dat213.xsf
     Plot Type: 3D                     Output format: XCrySDen     
     Reading data from file  /home/ubuntu/projects/Graphene-Band-Structure-Quantum-Espresso/outputs/field_0/vdw-df2-c09/coupled/data/ldos.pp.dat214

     Writing data to be plotted to file /home/ubuntu/projects/Graphene-Band-Structure-Quantum-Espresso/outputs/field_0/vdw-df2-c09/coupled/data/ldos.pp.dat214.xsf
     Plot Type: 3D                     Output format: XCrySDen     
     Reading data from file  /home/ubuntu/projects/Graphene-Band-Structure-Quantum-Espresso/outputs/field_0/vdw-df2-c09/coupled/data/ldos.pp.dat215

     Writing data to be plotted to file /home/ubuntu/projects/Graphene-Band-Structure-Quantum-Espresso/outputs/field_0/vdw-df2-c09/coupled/data/ldos.pp.dat215.xsf
     Plot Type: 3D                     Output format: XCrySDen     
     Reading data from file  /home/ubuntu/projects/Graphene-Band-Structure-Quantum-Espresso/outputs/field_0/vdw-df2-c09/coupled/data/ldos.pp.dat216

     Writing data to be plotted to file /home/ubuntu/projects/Graphene-Band-Structure-Quantum-Espresso/outputs/field_0/vdw-df2-c09/coupled/data/ldos.pp.dat216.xsf
     Plot Type: 3D                     Output format: XCrySDen     
     Reading data from file  /home/ubuntu/projects/Graphene-Band-Structure-Quantum-Espresso/outputs/field_0/vdw-df2-c09/coupled/data/ldos.pp.dat217

     Writing data to be plotted to file /home/ubuntu/projects/Graphene-Band-Structure-Quantum-Espresso/outputs/field_0/vdw-df2-c09/coupled/data/ldos.pp.dat217.xsf
     Plot Type: 3D                     Output format: XCrySDen     
     Reading data from file  /home/ubuntu/projects/Graphene-Band-Structure-Quantum-Espresso/outputs/field_0/vdw-df2-c09/coupled/data/ldos.pp.dat218

     Writing data to be plotted to file /home/ubuntu/projects/Graphene-Band-Structure-Quantum-Espresso/outputs/field_0/vdw-df2-c09/coupled/data/ldos.pp.dat218.xsf
     Plot Type: 3D                     Output format: XCrySDen     
     Reading data from file  /home/ubuntu/projects/Graphene-Band-Structure-Quantum-Espresso/outputs/field_0/vdw-df2-c09/coupled/data/ldos.pp.dat219

     Writing data to be plotted to file /home/ubuntu/projects/Graphene-Band-Structure-Quantum-Espresso/outputs/field_0/vdw-df2-c09/coupled/data/ldos.pp.dat219.xsf
     Plot Type: 3D                     Output format: XCrySDen     
     Reading data from file  /home/ubuntu/projects/Graphene-Band-Structure-Quantum-Espresso/outputs/field_0/vdw-df2-c09/coupled/data/ldos.pp.dat220

     Writing data to be plotted to file /home/ubuntu/projects/Graphene-Band-Structure-Quantum-Espresso/outputs/field_0/vdw-df2-c09/coupled/data/ldos.pp.dat220.xsf
     Plot Type: 3D                     Output format: XCrySDen     
     Reading data from file  /home/ubuntu/projects/Graphene-Band-Structure-Quantum-Espresso/outputs/field_0/vdw-df2-c09/coupled/data/ldos.pp.dat221

     Writing data to be plotted to file /home/ubuntu/projects/Graphene-Band-Structure-Quantum-Espresso/outputs/field_0/vdw-df2-c09/coupled/data/ldos.pp.dat221.xsf
     Plot Type: 3D                     Output format: XCrySDen     
     Reading data from file  /home/ubuntu/projects/Graphene-Band-Structure-Quantum-Espresso/outputs/field_0/vdw-df2-c09/coupled/data/ldos.pp.dat222

     Writing data to be plotted to file /home/ubuntu/projects/Graphene-Band-Structure-Quantum-Espresso/outputs/field_0/vdw-df2-c09/coupled/data/ldos.pp.dat222.xsf
     Plot Type: 3D                     Output format: XCrySDen     
     Reading data from file  /home/ubuntu/projects/Graphene-Band-Structure-Quantum-Espresso/outputs/field_0/vdw-df2-c09/coupled/data/ldos.pp.dat223

     Writing data to be plotted to file /home/ubuntu/projects/Graphene-Band-Structure-Quantum-Espresso/outputs/field_0/vdw-df2-c09/coupled/data/ldos.pp.dat223.xsf
     Plot Type: 3D                     Output format: XCrySDen     
     Reading data from file  /home/ubuntu/projects/Graphene-Band-Structure-Quantum-Espresso/outputs/field_0/vdw-df2-c09/coupled/data/ldos.pp.dat224

     Writing data to be plotted to file /home/ubuntu/projects/Graphene-Band-Structure-Quantum-Espresso/outputs/field_0/vdw-df2-c09/coupled/data/ldos.pp.dat224.xsf
     Plot Type: 3D                     Output format: XCrySDen     
     Reading data from file  /home/ubuntu/projects/Graphene-Band-Structure-Quantum-Espresso/outputs/field_0/vdw-df2-c09/coupled/data/ldos.pp.dat225

     Writing data to be plotted to file /home/ubuntu/projects/Graphene-Band-Structure-Quantum-Espresso/outputs/field_0/vdw-df2-c09/coupled/data/ldos.pp.dat225.xsf
     Plot Type: 3D                     Output format: XCrySDen     
     Reading data from file  /home/ubuntu/projects/Graphene-Band-Structure-Quantum-Espresso/outputs/field_0/vdw-df2-c09/coupled/data/ldos.pp.dat226

     Writing data to be plotted to file /home/ubuntu/projects/Graphene-Band-Structure-Quantum-Espresso/outputs/field_0/vdw-df2-c09/coupled/data/ldos.pp.dat226.xsf
     Plot Type: 3D                     Output format: XCrySDen     
     Reading data from file  /home/ubuntu/projects/Graphene-Band-Structure-Quantum-Espresso/outputs/field_0/vdw-df2-c09/coupled/data/ldos.pp.dat227

     Writing data to be plotted to file /home/ubuntu/projects/Graphene-Band-Structure-Quantum-Espresso/outputs/field_0/vdw-df2-c09/coupled/data/ldos.pp.dat227.xsf
     Plot Type: 3D                     Output format: XCrySDen     
     Reading data from file  /home/ubuntu/projects/Graphene-Band-Structure-Quantum-Espresso/outputs/field_0/vdw-df2-c09/coupled/data/ldos.pp.dat228

     Writing data to be plotted to file /home/ubuntu/projects/Graphene-Band-Structure-Quantum-Espresso/outputs/field_0/vdw-df2-c09/coupled/data/ldos.pp.dat228.xsf
     Plot Type: 3D                     Output format: XCrySDen     
     Reading data from file  /home/ubuntu/projects/Graphene-Band-Structure-Quantum-Espresso/outputs/field_0/vdw-df2-c09/coupled/data/ldos.pp.dat229

     Writing data to be plotted to file /home/ubuntu/projects/Graphene-Band-Structure-Quantum-Espresso/outputs/field_0/vdw-df2-c09/coupled/data/ldos.pp.dat229.xsf
     Plot Type: 3D                     Output format: XCrySDen     
     Reading data from file  /home/ubuntu/projects/Graphene-Band-Structure-Quantum-Espresso/outputs/field_0/vdw-df2-c09/coupled/data/ldos.pp.dat230

     Writing data to be plotted to file /home/ubuntu/projects/Graphene-Band-Structure-Quantum-Espresso/outputs/field_0/vdw-df2-c09/coupled/data/ldos.pp.dat230.xsf
     Plot Type: 3D                     Output format: XCrySDen     
     Reading data from file  /home/ubuntu/projects/Graphene-Band-Structure-Quantum-Espresso/outputs/field_0/vdw-df2-c09/coupled/data/ldos.pp.dat231

     Writing data to be plotted to file /home/ubuntu/projects/Graphene-Band-Structure-Quantum-Espresso/outputs/field_0/vdw-df2-c09/coupled/data/ldos.pp.dat231.xsf
     Plot Type: 3D                     Output format: XCrySDen     
     Reading data from file  /home/ubuntu/projects/Graphene-Band-Structure-Quantum-Espresso/outputs/field_0/vdw-df2-c09/coupled/data/ldos.pp.dat232

     Writing data to be plotted to file /home/ubuntu/projects/Graphene-Band-Structure-Quantum-Espresso/outputs/field_0/vdw-df2-c09/coupled/data/ldos.pp.dat232.xsf
     Plot Type: 3D                     Output format: XCrySDen     
     Reading data from file  /home/ubuntu/projects/Graphene-Band-Structure-Quantum-Espresso/outputs/field_0/vdw-df2-c09/coupled/data/ldos.pp.dat233

     Writing data to be plotted to file /home/ubuntu/projects/Graphene-Band-Structure-Quantum-Espresso/outputs/field_0/vdw-df2-c09/coupled/data/ldos.pp.dat233.xsf
     Plot Type: 3D                     Output format: XCrySDen     
     Reading data from file  /home/ubuntu/projects/Graphene-Band-Structure-Quantum-Espresso/outputs/field_0/vdw-df2-c09/coupled/data/ldos.pp.dat234

     Writing data to be plotted to file /home/ubuntu/projects/Graphene-Band-Structure-Quantum-Espresso/outputs/field_0/vdw-df2-c09/coupled/data/ldos.pp.dat234.xsf
     Plot Type: 3D                     Output format: XCrySDen     
     Reading data from file  /home/ubuntu/projects/Graphene-Band-Structure-Quantum-Espresso/outputs/field_0/vdw-df2-c09/coupled/data/ldos.pp.dat235

     Writing data to be plotted to file /home/ubuntu/projects/Graphene-Band-Structure-Quantum-Espresso/outputs/field_0/vdw-df2-c09/coupled/data/ldos.pp.dat235.xsf
     Plot Type: 3D                     Output format: XCrySDen     
     Reading data from file  /home/ubuntu/projects/Graphene-Band-Structure-Quantum-Espresso/outputs/field_0/vdw-df2-c09/coupled/data/ldos.pp.dat236

     Writing data to be plotted to file /home/ubuntu/projects/Graphene-Band-Structure-Quantum-Espresso/outputs/field_0/vdw-df2-c09/coupled/data/ldos.pp.dat236.xsf
     Plot Type: 3D                     Output format: XCrySDen     
     Reading data from file  /home/ubuntu/projects/Graphene-Band-Structure-Quantum-Espresso/outputs/field_0/vdw-df2-c09/coupled/data/ldos.pp.dat237

     Writing data to be plotted to file /home/ubuntu/projects/Graphene-Band-Structure-Quantum-Espresso/outputs/field_0/vdw-df2-c09/coupled/data/ldos.pp.dat237.xsf
     Plot Type: 3D                     Output format: XCrySDen     
     Reading data from file  /home/ubuntu/projects/Graphene-Band-Structure-Quantum-Espresso/outputs/field_0/vdw-df2-c09/coupled/data/ldos.pp.dat238

     Writing data to be plotted to file /home/ubuntu/projects/Graphene-Band-Structure-Quantum-Espresso/outputs/field_0/vdw-df2-c09/coupled/data/ldos.pp.dat238.xsf
     Plot Type: 3D                     Output format: XCrySDen     
     Reading data from file  /home/ubuntu/projects/Graphene-Band-Structure-Quantum-Espresso/outputs/field_0/vdw-df2-c09/coupled/data/ldos.pp.dat239

     Writing data to be plotted to file /home/ubuntu/projects/Graphene-Band-Structure-Quantum-Espresso/outputs/field_0/vdw-df2-c09/coupled/data/ldos.pp.dat239.xsf
     Plot Type: 3D                     Output format: XCrySDen     
     Reading data from file  /home/ubuntu/projects/Graphene-Band-Structure-Quantum-Espresso/outputs/field_0/vdw-df2-c09/coupled/data/ldos.pp.dat240

     Writing data to be plotted to file /home/ubuntu/projects/Graphene-Band-Structure-Quantum-Espresso/outputs/field_0/vdw-df2-c09/coupled/data/ldos.pp.dat240.xsf
     Plot Type: 3D                     Output format: XCrySDen     
     Reading data from file  /home/ubuntu/projects/Graphene-Band-Structure-Quantum-Espresso/outputs/field_0/vdw-df2-c09/coupled/data/ldos.pp.dat241

     Writing data to be plotted to file /home/ubuntu/projects/Graphene-Band-Structure-Quantum-Espresso/outputs/field_0/vdw-df2-c09/coupled/data/ldos.pp.dat241.xsf
     Plot Type: 3D                     Output format: XCrySDen     
     Reading data from file  /home/ubuntu/projects/Graphene-Band-Structure-Quantum-Espresso/outputs/field_0/vdw-df2-c09/coupled/data/ldos.pp.dat242

     Writing data to be plotted to file /home/ubuntu/projects/Graphene-Band-Structure-Quantum-Espresso/outputs/field_0/vdw-df2-c09/coupled/data/ldos.pp.dat242.xsf
     Plot Type: 3D                     Output format: XCrySDen     
     Reading data from file  /home/ubuntu/projects/Graphene-Band-Structure-Quantum-Espresso/outputs/field_0/vdw-df2-c09/coupled/data/ldos.pp.dat243

     Writing data to be plotted to file /home/ubuntu/projects/Graphene-Band-Structure-Quantum-Espresso/outputs/field_0/vdw-df2-c09/coupled/data/ldos.pp.dat243.xsf
     Plot Type: 3D                     Output format: XCrySDen     
     Reading data from file  /home/ubuntu/projects/Graphene-Band-Structure-Quantum-Espresso/outputs/field_0/vdw-df2-c09/coupled/data/ldos.pp.dat244

     Writing data to be plotted to file /home/ubuntu/projects/Graphene-Band-Structure-Quantum-Espresso/outputs/field_0/vdw-df2-c09/coupled/data/ldos.pp.dat244.xsf
     Plot Type: 3D                     Output format: XCrySDen     
     Reading data from file  /home/ubuntu/projects/Graphene-Band-Structure-Quantum-Espresso/outputs/field_0/vdw-df2-c09/coupled/data/ldos.pp.dat245

     Writing data to be plotted to file /home/ubuntu/projects/Graphene-Band-Structure-Quantum-Espresso/outputs/field_0/vdw-df2-c09/coupled/data/ldos.pp.dat245.xsf
     Plot Type: 3D                     Output format: XCrySDen     
     Reading data from file  /home/ubuntu/projects/Graphene-Band-Structure-Quantum-Espresso/outputs/field_0/vdw-df2-c09/coupled/data/ldos.pp.dat246

     Writing data to be plotted to file /home/ubuntu/projects/Graphene-Band-Structure-Quantum-Espresso/outputs/field_0/vdw-df2-c09/coupled/data/ldos.pp.dat246.xsf
     Plot Type: 3D                     Output format: XCrySDen     
     Reading data from file  /home/ubuntu/projects/Graphene-Band-Structure-Quantum-Espresso/outputs/field_0/vdw-df2-c09/coupled/data/ldos.pp.dat247

     Writing data to be plotted to file /home/ubuntu/projects/Graphene-Band-Structure-Quantum-Espresso/outputs/field_0/vdw-df2-c09/coupled/data/ldos.pp.dat247.xsf
     Plot Type: 3D                     Output format: XCrySDen     
     Reading data from file  /home/ubuntu/projects/Graphene-Band-Structure-Quantum-Espresso/outputs/field_0/vdw-df2-c09/coupled/data/ldos.pp.dat248

     Writing data to be plotted to file /home/ubuntu/projects/Graphene-Band-Structure-Quantum-Espresso/outputs/field_0/vdw-df2-c09/coupled/data/ldos.pp.dat248.xsf
     Plot Type: 3D                     Output format: XCrySDen     
     Reading data from file  /home/ubuntu/projects/Graphene-Band-Structure-Quantum-Espresso/outputs/field_0/vdw-df2-c09/coupled/data/ldos.pp.dat249

     Writing data to be plotted to file /home/ubuntu/projects/Graphene-Band-Structure-Quantum-Espresso/outputs/field_0/vdw-df2-c09/coupled/data/ldos.pp.dat249.xsf
     Plot Type: 3D                     Output format: XCrySDen     
     Reading data from file  /home/ubuntu/projects/Graphene-Band-Structure-Quantum-Espresso/outputs/field_0/vdw-df2-c09/coupled/data/ldos.pp.dat250

     Writing data to be plotted to file /home/ubuntu/projects/Graphene-Band-Structure-Quantum-Espresso/outputs/field_0/vdw-df2-c09/coupled/data/ldos.pp.dat250.xsf
     Plot Type: 3D                     Output format: XCrySDen     
     Reading data from file  /home/ubuntu/projects/Graphene-Band-Structure-Quantum-Espresso/outputs/field_0/vdw-df2-c09/coupled/data/ldos.pp.dat251

     Writing data to be plotted to file /home/ubuntu/projects/Graphene-Band-Structure-Quantum-Espresso/outputs/field_0/vdw-df2-c09/coupled/data/ldos.pp.dat251.xsf
     Plot Type: 3D                     Output format: XCrySDen     
     Reading data from file  /home/ubuntu/projects/Graphene-Band-Structure-Quantum-Espresso/outputs/field_0/vdw-df2-c09/coupled/data/ldos.pp.dat252

     Writing data to be plotted to file /home/ubuntu/projects/Graphene-Band-Structure-Quantum-Espresso/outputs/field_0/vdw-df2-c09/coupled/data/ldos.pp.dat252.xsf
     Plot Type: 3D                     Output format: XCrySDen     
     Reading data from file  /home/ubuntu/projects/Graphene-Band-Structure-Quantum-Espresso/outputs/field_0/vdw-df2-c09/coupled/data/ldos.pp.dat253

     Writing data to be plotted to file /home/ubuntu/projects/Graphene-Band-Structure-Quantum-Espresso/outputs/field_0/vdw-df2-c09/coupled/data/ldos.pp.dat253.xsf
     Plot Type: 3D                     Output format: XCrySDen     
     Reading data from file  /home/ubuntu/projects/Graphene-Band-Structure-Quantum-Espresso/outputs/field_0/vdw-df2-c09/coupled/data/ldos.pp.dat254

     Writing data to be plotted to file /home/ubuntu/projects/Graphene-Band-Structure-Quantum-Espresso/outputs/field_0/vdw-df2-c09/coupled/data/ldos.pp.dat254.xsf
     Plot Type: 3D                     Output format: XCrySDen     
     Reading data from file  /home/ubuntu/projects/Graphene-Band-Structure-Quantum-Espresso/outputs/field_0/vdw-df2-c09/coupled/data/ldos.pp.dat255

     Writing data to be plotted to file /home/ubuntu/projects/Graphene-Band-Structure-Quantum-Espresso/outputs/field_0/vdw-df2-c09/coupled/data/ldos.pp.dat255.xsf
     Plot Type: 3D                     Output format: XCrySDen     
     Reading data from file  /home/ubuntu/projects/Graphene-Band-Structure-Quantum-Espresso/outputs/field_0/vdw-df2-c09/coupled/data/ldos.pp.dat256

     Writing data to be plotted to file /home/ubuntu/projects/Graphene-Band-Structure-Quantum-Espresso/outputs/field_0/vdw-df2-c09/coupled/data/ldos.pp.dat256.xsf
     Plot Type: 3D                     Output format: XCrySDen     
     Reading data from file  /home/ubuntu/projects/Graphene-Band-Structure-Quantum-Espresso/outputs/field_0/vdw-df2-c09/coupled/data/ldos.pp.dat257

     Writing data to be plotted to file /home/ubuntu/projects/Graphene-Band-Structure-Quantum-Espresso/outputs/field_0/vdw-df2-c09/coupled/data/ldos.pp.dat257.xsf
     Plot Type: 3D                     Output format: XCrySDen     
     Reading data from file  /home/ubuntu/projects/Graphene-Band-Structure-Quantum-Espresso/outputs/field_0/vdw-df2-c09/coupled/data/ldos.pp.dat258

     Writing data to be plotted to file /home/ubuntu/projects/Graphene-Band-Structure-Quantum-Espresso/outputs/field_0/vdw-df2-c09/coupled/data/ldos.pp.dat258.xsf
     Plot Type: 3D                     Output format: XCrySDen     
     Reading data from file  /home/ubuntu/projects/Graphene-Band-Structure-Quantum-Espresso/outputs/field_0/vdw-df2-c09/coupled/data/ldos.pp.dat259

     Writing data to be plotted to file /home/ubuntu/projects/Graphene-Band-Structure-Quantum-Espresso/outputs/field_0/vdw-df2-c09/coupled/data/ldos.pp.dat259.xsf
     Plot Type: 3D                     Output format: XCrySDen     
     Reading data from file  /home/ubuntu/projects/Graphene-Band-Structure-Quantum-Espresso/outputs/field_0/vdw-df2-c09/coupled/data/ldos.pp.dat260

     Writing data to be plotted to file /home/ubuntu/projects/Graphene-Band-Structure-Quantum-Espresso/outputs/field_0/vdw-df2-c09/coupled/data/ldos.pp.dat260.xsf
     Plot Type: 3D                     Output format: XCrySDen     
     Reading data from file  /home/ubuntu/projects/Graphene-Band-Structure-Quantum-Espresso/outputs/field_0/vdw-df2-c09/coupled/data/ldos.pp.dat261

     Writing data to be plotted to file /home/ubuntu/projects/Graphene-Band-Structure-Quantum-Espresso/outputs/field_0/vdw-df2-c09/coupled/data/ldos.pp.dat261.xsf
     Plot Type: 3D                     Output format: XCrySDen     
     Reading data from file  /home/ubuntu/projects/Graphene-Band-Structure-Quantum-Espresso/outputs/field_0/vdw-df2-c09/coupled/data/ldos.pp.dat262

     Writing data to be plotted to file /home/ubuntu/projects/Graphene-Band-Structure-Quantum-Espresso/outputs/field_0/vdw-df2-c09/coupled/data/ldos.pp.dat262.xsf
     Plot Type: 3D                     Output format: XCrySDen     
     Reading data from file  /home/ubuntu/projects/Graphene-Band-Structure-Quantum-Espresso/outputs/field_0/vdw-df2-c09/coupled/data/ldos.pp.dat263

     Writing data to be plotted to file /home/ubuntu/projects/Graphene-Band-Structure-Quantum-Espresso/outputs/field_0/vdw-df2-c09/coupled/data/ldos.pp.dat263.xsf
     Plot Type: 3D                     Output format: XCrySDen     
     Reading data from file  /home/ubuntu/projects/Graphene-Band-Structure-Quantum-Espresso/outputs/field_0/vdw-df2-c09/coupled/data/ldos.pp.dat264

     Writing data to be plotted to file /home/ubuntu/projects/Graphene-Band-Structure-Quantum-Espresso/outputs/field_0/vdw-df2-c09/coupled/data/ldos.pp.dat264.xsf
     Plot Type: 3D                     Output format: XCrySDen     
     Reading data from file  /home/ubuntu/projects/Graphene-Band-Structure-Quantum-Espresso/outputs/field_0/vdw-df2-c09/coupled/data/ldos.pp.dat265

     Writing data to be plotted to file /home/ubuntu/projects/Graphene-Band-Structure-Quantum-Espresso/outputs/field_0/vdw-df2-c09/coupled/data/ldos.pp.dat265.xsf
     Plot Type: 3D                     Output format: XCrySDen     
     Reading data from file  /home/ubuntu/projects/Graphene-Band-Structure-Quantum-Espresso/outputs/field_0/vdw-df2-c09/coupled/data/ldos.pp.dat266

     Writing data to be plotted to file /home/ubuntu/projects/Graphene-Band-Structure-Quantum-Espresso/outputs/field_0/vdw-df2-c09/coupled/data/ldos.pp.dat266.xsf
     Plot Type: 3D                     Output format: XCrySDen     
     Reading data from file  /home/ubuntu/projects/Graphene-Band-Structure-Quantum-Espresso/outputs/field_0/vdw-df2-c09/coupled/data/ldos.pp.dat267

     Writing data to be plotted to file /home/ubuntu/projects/Graphene-Band-Structure-Quantum-Espresso/outputs/field_0/vdw-df2-c09/coupled/data/ldos.pp.dat267.xsf
     Plot Type: 3D                     Output format: XCrySDen     
     Reading data from file  /home/ubuntu/projects/Graphene-Band-Structure-Quantum-Espresso/outputs/field_0/vdw-df2-c09/coupled/data/ldos.pp.dat268

     Writing data to be plotted to file /home/ubuntu/projects/Graphene-Band-Structure-Quantum-Espresso/outputs/field_0/vdw-df2-c09/coupled/data/ldos.pp.dat268.xsf
     Plot Type: 3D                     Output format: XCrySDen     
     Reading data from file  /home/ubuntu/projects/Graphene-Band-Structure-Quantum-Espresso/outputs/field_0/vdw-df2-c09/coupled/data/ldos.pp.dat269

     Writing data to be plotted to file /home/ubuntu/projects/Graphene-Band-Structure-Quantum-Espresso/outputs/field_0/vdw-df2-c09/coupled/data/ldos.pp.dat269.xsf
     Plot Type: 3D                     Output format: XCrySDen     
     Reading data from file  /home/ubuntu/projects/Graphene-Band-Structure-Quantum-Espresso/outputs/field_0/vdw-df2-c09/coupled/data/ldos.pp.dat270

     Writing data to be plotted to file /home/ubuntu/projects/Graphene-Band-Structure-Quantum-Espresso/outputs/field_0/vdw-df2-c09/coupled/data/ldos.pp.dat270.xsf
     Plot Type: 3D                     Output format: XCrySDen     
     Reading data from file  /home/ubuntu/projects/Graphene-Band-Structure-Quantum-Espresso/outputs/field_0/vdw-df2-c09/coupled/data/ldos.pp.dat271

     Writing data to be plotted to file /home/ubuntu/projects/Graphene-Band-Structure-Quantum-Espresso/outputs/field_0/vdw-df2-c09/coupled/data/ldos.pp.dat271.xsf
     Plot Type: 3D                     Output format: XCrySDen     
     Reading data from file  /home/ubuntu/projects/Graphene-Band-Structure-Quantum-Espresso/outputs/field_0/vdw-df2-c09/coupled/data/ldos.pp.dat272

     Writing data to be plotted to file /home/ubuntu/projects/Graphene-Band-Structure-Quantum-Espresso/outputs/field_0/vdw-df2-c09/coupled/data/ldos.pp.dat272.xsf
     Plot Type: 3D                     Output format: XCrySDen     
     Reading data from file  /home/ubuntu/projects/Graphene-Band-Structure-Quantum-Espresso/outputs/field_0/vdw-df2-c09/coupled/data/ldos.pp.dat273

     Writing data to be plotted to file /home/ubuntu/projects/Graphene-Band-Structure-Quantum-Espresso/outputs/field_0/vdw-df2-c09/coupled/data/ldos.pp.dat273.xsf
     Plot Type: 3D                     Output format: XCrySDen     
     Reading data from file  /home/ubuntu/projects/Graphene-Band-Structure-Quantum-Espresso/outputs/field_0/vdw-df2-c09/coupled/data/ldos.pp.dat274

     Writing data to be plotted to file /home/ubuntu/projects/Graphene-Band-Structure-Quantum-Espresso/outputs/field_0/vdw-df2-c09/coupled/data/ldos.pp.dat274.xsf
     Plot Type: 3D                     Output format: XCrySDen     
     Reading data from file  /home/ubuntu/projects/Graphene-Band-Structure-Quantum-Espresso/outputs/field_0/vdw-df2-c09/coupled/data/ldos.pp.dat275

     Writing data to be plotted to file /home/ubuntu/projects/Graphene-Band-Structure-Quantum-Espresso/outputs/field_0/vdw-df2-c09/coupled/data/ldos.pp.dat275.xsf
     Plot Type: 3D                     Output format: XCrySDen     
     Reading data from file  /home/ubuntu/projects/Graphene-Band-Structure-Quantum-Espresso/outputs/field_0/vdw-df2-c09/coupled/data/ldos.pp.dat276

     Writing data to be plotted to file /home/ubuntu/projects/Graphene-Band-Structure-Quantum-Espresso/outputs/field_0/vdw-df2-c09/coupled/data/ldos.pp.dat276.xsf
     Plot Type: 3D                     Output format: XCrySDen     
     Reading data from file  /home/ubuntu/projects/Graphene-Band-Structure-Quantum-Espresso/outputs/field_0/vdw-df2-c09/coupled/data/ldos.pp.dat277

     Writing data to be plotted to file /home/ubuntu/projects/Graphene-Band-Structure-Quantum-Espresso/outputs/field_0/vdw-df2-c09/coupled/data/ldos.pp.dat277.xsf
     Plot Type: 3D                     Output format: XCrySDen     
     Reading data from file  /home/ubuntu/projects/Graphene-Band-Structure-Quantum-Espresso/outputs/field_0/vdw-df2-c09/coupled/data/ldos.pp.dat278

     Writing data to be plotted to file /home/ubuntu/projects/Graphene-Band-Structure-Quantum-Espresso/outputs/field_0/vdw-df2-c09/coupled/data/ldos.pp.dat278.xsf
     Plot Type: 3D                     Output format: XCrySDen     
     Reading data from file  /home/ubuntu/projects/Graphene-Band-Structure-Quantum-Espresso/outputs/field_0/vdw-df2-c09/coupled/data/ldos.pp.dat279

     Writing data to be plotted to file /home/ubuntu/projects/Graphene-Band-Structure-Quantum-Espresso/outputs/field_0/vdw-df2-c09/coupled/data/ldos.pp.dat279.xsf
     Plot Type: 3D                     Output format: XCrySDen     
     Reading data from file  /home/ubuntu/projects/Graphene-Band-Structure-Quantum-Espresso/outputs/field_0/vdw-df2-c09/coupled/data/ldos.pp.dat280

     Writing data to be plotted to file /home/ubuntu/projects/Graphene-Band-Structure-Quantum-Espresso/outputs/field_0/vdw-df2-c09/coupled/data/ldos.pp.dat280.xsf
     Plot Type: 3D                     Output format: XCrySDen     
     Reading data from file  /home/ubuntu/projects/Graphene-Band-Structure-Quantum-Espresso/outputs/field_0/vdw-df2-c09/coupled/data/ldos.pp.dat281

     Writing data to be plotted to file /home/ubuntu/projects/Graphene-Band-Structure-Quantum-Espresso/outputs/field_0/vdw-df2-c09/coupled/data/ldos.pp.dat281.xsf
     Plot Type: 3D                     Output format: XCrySDen     
     Reading data from file  /home/ubuntu/projects/Graphene-Band-Structure-Quantum-Espresso/outputs/field_0/vdw-df2-c09/coupled/data/ldos.pp.dat282

     Writing data to be plotted to file /home/ubuntu/projects/Graphene-Band-Structure-Quantum-Espresso/outputs/field_0/vdw-df2-c09/coupled/data/ldos.pp.dat282.xsf
     Plot Type: 3D                     Output format: XCrySDen     
     Reading data from file  /home/ubuntu/projects/Graphene-Band-Structure-Quantum-Espresso/outputs/field_0/vdw-df2-c09/coupled/data/ldos.pp.dat283

     Writing data to be plotted to file /home/ubuntu/projects/Graphene-Band-Structure-Quantum-Espresso/outputs/field_0/vdw-df2-c09/coupled/data/ldos.pp.dat283.xsf
     Plot Type: 3D                     Output format: XCrySDen     
     Reading data from file  /home/ubuntu/projects/Graphene-Band-Structure-Quantum-Espresso/outputs/field_0/vdw-df2-c09/coupled/data/ldos.pp.dat284

     Writing data to be plotted to file /home/ubuntu/projects/Graphene-Band-Structure-Quantum-Espresso/outputs/field_0/vdw-df2-c09/coupled/data/ldos.pp.dat284.xsf
     Plot Type: 3D                     Output format: XCrySDen     
     Reading data from file  /home/ubuntu/projects/Graphene-Band-Structure-Quantum-Espresso/outputs/field_0/vdw-df2-c09/coupled/data/ldos.pp.dat285

     Writing data to be plotted to file /home/ubuntu/projects/Graphene-Band-Structure-Quantum-Espresso/outputs/field_0/vdw-df2-c09/coupled/data/ldos.pp.dat285.xsf
     Plot Type: 3D                     Output format: XCrySDen     
     Reading data from file  /home/ubuntu/projects/Graphene-Band-Structure-Quantum-Espresso/outputs/field_0/vdw-df2-c09/coupled/data/ldos.pp.dat286

     Writing data to be plotted to file /home/ubuntu/projects/Graphene-Band-Structure-Quantum-Espresso/outputs/field_0/vdw-df2-c09/coupled/data/ldos.pp.dat286.xsf
     Plot Type: 3D                     Output format: XCrySDen     
     Reading data from file  /home/ubuntu/projects/Graphene-Band-Structure-Quantum-Espresso/outputs/field_0/vdw-df2-c09/coupled/data/ldos.pp.dat287

     Writing data to be plotted to file /home/ubuntu/projects/Graphene-Band-Structure-Quantum-Espresso/outputs/field_0/vdw-df2-c09/coupled/data/ldos.pp.dat287.xsf
     Plot Type: 3D                     Output format: XCrySDen     
     Reading data from file  /home/ubuntu/projects/Graphene-Band-Structure-Quantum-Espresso/outputs/field_0/vdw-df2-c09/coupled/data/ldos.pp.dat288

     Writing data to be plotted to file /home/ubuntu/projects/Graphene-Band-Structure-Quantum-Espresso/outputs/field_0/vdw-df2-c09/coupled/data/ldos.pp.dat288.xsf
     Plot Type: 3D                     Output format: XCrySDen     
     Reading data from file  /home/ubuntu/projects/Graphene-Band-Structure-Quantum-Espresso/outputs/field_0/vdw-df2-c09/coupled/data/ldos.pp.dat289

     Writing data to be plotted to file /home/ubuntu/projects/Graphene-Band-Structure-Quantum-Espresso/outputs/field_0/vdw-df2-c09/coupled/data/ldos.pp.dat289.xsf
     Plot Type: 3D                     Output format: XCrySDen     
     Reading data from file  /home/ubuntu/projects/Graphene-Band-Structure-Quantum-Espresso/outputs/field_0/vdw-df2-c09/coupled/data/ldos.pp.dat290

     Writing data to be plotted to file /home/ubuntu/projects/Graphene-Band-Structure-Quantum-Espresso/outputs/field_0/vdw-df2-c09/coupled/data/ldos.pp.dat290.xsf
     Plot Type: 3D                     Output format: XCrySDen     
     Reading data from file  /home/ubuntu/projects/Graphene-Band-Structure-Quantum-Espresso/outputs/field_0/vdw-df2-c09/coupled/data/ldos.pp.dat291

     Writing data to be plotted to file /home/ubuntu/projects/Graphene-Band-Structure-Quantum-Espresso/outputs/field_0/vdw-df2-c09/coupled/data/ldos.pp.dat291.xsf
     Plot Type: 3D                     Output format: XCrySDen     
     Reading data from file  /home/ubuntu/projects/Graphene-Band-Structure-Quantum-Espresso/outputs/field_0/vdw-df2-c09/coupled/data/ldos.pp.dat292

     Writing data to be plotted to file /home/ubuntu/projects/Graphene-Band-Structure-Quantum-Espresso/outputs/field_0/vdw-df2-c09/coupled/data/ldos.pp.dat292.xsf
     Plot Type: 3D                     Output format: XCrySDen     
     Reading data from file  /home/ubuntu/projects/Graphene-Band-Structure-Quantum-Espresso/outputs/field_0/vdw-df2-c09/coupled/data/ldos.pp.dat293

     Writing data to be plotted to file /home/ubuntu/projects/Graphene-Band-Structure-Quantum-Espresso/outputs/field_0/vdw-df2-c09/coupled/data/ldos.pp.dat293.xsf
     Plot Type: 3D                     Output format: XCrySDen     
     Reading data from file  /home/ubuntu/projects/Graphene-Band-Structure-Quantum-Espresso/outputs/field_0/vdw-df2-c09/coupled/data/ldos.pp.dat294

     Writing data to be plotted to file /home/ubuntu/projects/Graphene-Band-Structure-Quantum-Espresso/outputs/field_0/vdw-df2-c09/coupled/data/ldos.pp.dat294.xsf
     Plot Type: 3D                     Output format: XCrySDen     
     Reading data from file  /home/ubuntu/projects/Graphene-Band-Structure-Quantum-Espresso/outputs/field_0/vdw-df2-c09/coupled/data/ldos.pp.dat295

     Writing data to be plotted to file /home/ubuntu/projects/Graphene-Band-Structure-Quantum-Espresso/outputs/field_0/vdw-df2-c09/coupled/data/ldos.pp.dat295.xsf
     Plot Type: 3D                     Output format: XCrySDen     
     Reading data from file  /home/ubuntu/projects/Graphene-Band-Structure-Quantum-Espresso/outputs/field_0/vdw-df2-c09/coupled/data/ldos.pp.dat296

     Writing data to be plotted to file /home/ubuntu/projects/Graphene-Band-Structure-Quantum-Espresso/outputs/field_0/vdw-df2-c09/coupled/data/ldos.pp.dat296.xsf
     Plot Type: 3D                     Output format: XCrySDen     
     Reading data from file  /home/ubuntu/projects/Graphene-Band-Structure-Quantum-Espresso/outputs/field_0/vdw-df2-c09/coupled/data/ldos.pp.dat297

     Writing data to be plotted to file /home/ubuntu/projects/Graphene-Band-Structure-Quantum-Espresso/outputs/field_0/vdw-df2-c09/coupled/data/ldos.pp.dat297.xsf
     Plot Type: 3D                     Output format: XCrySDen     
     Reading data from file  /home/ubuntu/projects/Graphene-Band-Structure-Quantum-Espresso/outputs/field_0/vdw-df2-c09/coupled/data/ldos.pp.dat298

     Writing data to be plotted to file /home/ubuntu/projects/Graphene-Band-Structure-Quantum-Espresso/outputs/field_0/vdw-df2-c09/coupled/data/ldos.pp.dat298.xsf
     Plot Type: 3D                     Output format: XCrySDen     
     Reading data from file  /home/ubuntu/projects/Graphene-Band-Structure-Quantum-Espresso/outputs/field_0/vdw-df2-c09/coupled/data/ldos.pp.dat299

     Writing data to be plotted to file /home/ubuntu/projects/Graphene-Band-Structure-Quantum-Espresso/outputs/field_0/vdw-df2-c09/coupled/data/ldos.pp.dat299.xsf
     Plot Type: 3D                     Output format: XCrySDen     
     Reading data from file  /home/ubuntu/projects/Graphene-Band-Structure-Quantum-Espresso/outputs/field_0/vdw-df2-c09/coupled/data/ldos.pp.dat300

     Writing data to be plotted to file /home/ubuntu/projects/Graphene-Band-Structure-Quantum-Espresso/outputs/field_0/vdw-df2-c09/coupled/data/ldos.pp.dat300.xsf
     Plot Type: 3D                     Output format: XCrySDen     
     Reading data from file  /home/ubuntu/projects/Graphene-Band-Structure-Quantum-Espresso/outputs/field_0/vdw-df2-c09/coupled/data/ldos.pp.dat301

     Writing data to be plotted to file /home/ubuntu/projects/Graphene-Band-Structure-Quantum-Espresso/outputs/field_0/vdw-df2-c09/coupled/data/ldos.pp.dat301.xsf
     Plot Type: 3D                     Output format: XCrySDen     
     Reading data from file  /home/ubuntu/projects/Graphene-Band-Structure-Quantum-Espresso/outputs/field_0/vdw-df2-c09/coupled/data/ldos.pp.dat302

     Writing data to be plotted to file /home/ubuntu/projects/Graphene-Band-Structure-Quantum-Espresso/outputs/field_0/vdw-df2-c09/coupled/data/ldos.pp.dat302.xsf
     Plot Type: 3D                     Output format: XCrySDen     
     Reading data from file  /home/ubuntu/projects/Graphene-Band-Structure-Quantum-Espresso/outputs/field_0/vdw-df2-c09/coupled/data/ldos.pp.dat303

     Writing data to be plotted to file /home/ubuntu/projects/Graphene-Band-Structure-Quantum-Espresso/outputs/field_0/vdw-df2-c09/coupled/data/ldos.pp.dat303.xsf
     Plot Type: 3D                     Output format: XCrySDen     
     Reading data from file  /home/ubuntu/projects/Graphene-Band-Structure-Quantum-Espresso/outputs/field_0/vdw-df2-c09/coupled/data/ldos.pp.dat304

     Writing data to be plotted to file /home/ubuntu/projects/Graphene-Band-Structure-Quantum-Espresso/outputs/field_0/vdw-df2-c09/coupled/data/ldos.pp.dat304.xsf
     Plot Type: 3D                     Output format: XCrySDen     
     Reading data from file  /home/ubuntu/projects/Graphene-Band-Structure-Quantum-Espresso/outputs/field_0/vdw-df2-c09/coupled/data/ldos.pp.dat305

     Writing data to be plotted to file /home/ubuntu/projects/Graphene-Band-Structure-Quantum-Espresso/outputs/field_0/vdw-df2-c09/coupled/data/ldos.pp.dat305.xsf
     Plot Type: 3D                     Output format: XCrySDen     
     Reading data from file  /home/ubuntu/projects/Graphene-Band-Structure-Quantum-Espresso/outputs/field_0/vdw-df2-c09/coupled/data/ldos.pp.dat306

     Writing data to be plotted to file /home/ubuntu/projects/Graphene-Band-Structure-Quantum-Espresso/outputs/field_0/vdw-df2-c09/coupled/data/ldos.pp.dat306.xsf
     Plot Type: 3D                     Output format: XCrySDen     
     Reading data from file  /home/ubuntu/projects/Graphene-Band-Structure-Quantum-Espresso/outputs/field_0/vdw-df2-c09/coupled/data/ldos.pp.dat307

     Writing data to be plotted to file /home/ubuntu/projects/Graphene-Band-Structure-Quantum-Espresso/outputs/field_0/vdw-df2-c09/coupled/data/ldos.pp.dat307.xsf
     Plot Type: 3D                     Output format: XCrySDen     
     Reading data from file  /home/ubuntu/projects/Graphene-Band-Structure-Quantum-Espresso/outputs/field_0/vdw-df2-c09/coupled/data/ldos.pp.dat308

     Writing data to be plotted to file /home/ubuntu/projects/Graphene-Band-Structure-Quantum-Espresso/outputs/field_0/vdw-df2-c09/coupled/data/ldos.pp.dat308.xsf
     Plot Type: 3D                     Output format: XCrySDen     
     Reading data from file  /home/ubuntu/projects/Graphene-Band-Structure-Quantum-Espresso/outputs/field_0/vdw-df2-c09/coupled/data/ldos.pp.dat309

     Writing data to be plotted to file /home/ubuntu/projects/Graphene-Band-Structure-Quantum-Espresso/outputs/field_0/vdw-df2-c09/coupled/data/ldos.pp.dat309.xsf
     Plot Type: 3D                     Output format: XCrySDen     
     Reading data from file  /home/ubuntu/projects/Graphene-Band-Structure-Quantum-Espresso/outputs/field_0/vdw-df2-c09/coupled/data/ldos.pp.dat310

     Writing data to be plotted to file /home/ubuntu/projects/Graphene-Band-Structure-Quantum-Espresso/outputs/field_0/vdw-df2-c09/coupled/data/ldos.pp.dat310.xsf
     Plot Type: 3D                     Output format: XCrySDen     
     Reading data from file  /home/ubuntu/projects/Graphene-Band-Structure-Quantum-Espresso/outputs/field_0/vdw-df2-c09/coupled/data/ldos.pp.dat311

     Writing data to be plotted to file /home/ubuntu/projects/Graphene-Band-Structure-Quantum-Espresso/outputs/field_0/vdw-df2-c09/coupled/data/ldos.pp.dat311.xsf
     Plot Type: 3D                     Output format: XCrySDen     
     Reading data from file  /home/ubuntu/projects/Graphene-Band-Structure-Quantum-Espresso/outputs/field_0/vdw-df2-c09/coupled/data/ldos.pp.dat312

     Writing data to be plotted to file /home/ubuntu/projects/Graphene-Band-Structure-Quantum-Espresso/outputs/field_0/vdw-df2-c09/coupled/data/ldos.pp.dat312.xsf
     Plot Type: 3D                     Output format: XCrySDen     
     Reading data from file  /home/ubuntu/projects/Graphene-Band-Structure-Quantum-Espresso/outputs/field_0/vdw-df2-c09/coupled/data/ldos.pp.dat313

     Writing data to be plotted to file /home/ubuntu/projects/Graphene-Band-Structure-Quantum-Espresso/outputs/field_0/vdw-df2-c09/coupled/data/ldos.pp.dat313.xsf
     Plot Type: 3D                     Output format: XCrySDen     
     Reading data from file  /home/ubuntu/projects/Graphene-Band-Structure-Quantum-Espresso/outputs/field_0/vdw-df2-c09/coupled/data/ldos.pp.dat314

     Writing data to be plotted to file /home/ubuntu/projects/Graphene-Band-Structure-Quantum-Espresso/outputs/field_0/vdw-df2-c09/coupled/data/ldos.pp.dat314.xsf
     Plot Type: 3D                     Output format: XCrySDen     
     Reading data from file  /home/ubuntu/projects/Graphene-Band-Structure-Quantum-Espresso/outputs/field_0/vdw-df2-c09/coupled/data/ldos.pp.dat315

     Writing data to be plotted to file /home/ubuntu/projects/Graphene-Band-Structure-Quantum-Espresso/outputs/field_0/vdw-df2-c09/coupled/data/ldos.pp.dat315.xsf
     Plot Type: 3D                     Output format: XCrySDen     
     Reading data from file  /home/ubuntu/projects/Graphene-Band-Structure-Quantum-Espresso/outputs/field_0/vdw-df2-c09/coupled/data/ldos.pp.dat316

     Writing data to be plotted to file /home/ubuntu/projects/Graphene-Band-Structure-Quantum-Espresso/outputs/field_0/vdw-df2-c09/coupled/data/ldos.pp.dat316.xsf
     Plot Type: 3D                     Output format: XCrySDen     
     Reading data from file  /home/ubuntu/projects/Graphene-Band-Structure-Quantum-Espresso/outputs/field_0/vdw-df2-c09/coupled/data/ldos.pp.dat317

     Writing data to be plotted to file /home/ubuntu/projects/Graphene-Band-Structure-Quantum-Espresso/outputs/field_0/vdw-df2-c09/coupled/data/ldos.pp.dat317.xsf
     Plot Type: 3D                     Output format: XCrySDen     
     Reading data from file  /home/ubuntu/projects/Graphene-Band-Structure-Quantum-Espresso/outputs/field_0/vdw-df2-c09/coupled/data/ldos.pp.dat318

     Writing data to be plotted to file /home/ubuntu/projects/Graphene-Band-Structure-Quantum-Espresso/outputs/field_0/vdw-df2-c09/coupled/data/ldos.pp.dat318.xsf
     Plot Type: 3D                     Output format: XCrySDen     
     Reading data from file  /home/ubuntu/projects/Graphene-Band-Structure-Quantum-Espresso/outputs/field_0/vdw-df2-c09/coupled/data/ldos.pp.dat319

     Writing data to be plotted to file /home/ubuntu/projects/Graphene-Band-Structure-Quantum-Espresso/outputs/field_0/vdw-df2-c09/coupled/data/ldos.pp.dat319.xsf
     Plot Type: 3D                     Output format: XCrySDen     
     Reading data from file  /home/ubuntu/projects/Graphene-Band-Structure-Quantum-Espresso/outputs/field_0/vdw-df2-c09/coupled/data/ldos.pp.dat320

     Writing data to be plotted to file /home/ubuntu/projects/Graphene-Band-Structure-Quantum-Espresso/outputs/field_0/vdw-df2-c09/coupled/data/ldos.pp.dat320.xsf
     Plot Type: 3D                     Output format: XCrySDen     
     Reading data from file  /home/ubuntu/projects/Graphene-Band-Structure-Quantum-Espresso/outputs/field_0/vdw-df2-c09/coupled/data/ldos.pp.dat321

     Writing data to be plotted to file /home/ubuntu/projects/Graphene-Band-Structure-Quantum-Espresso/outputs/field_0/vdw-df2-c09/coupled/data/ldos.pp.dat321.xsf
     Plot Type: 3D                     Output format: XCrySDen     
     Reading data from file  /home/ubuntu/projects/Graphene-Band-Structure-Quantum-Espresso/outputs/field_0/vdw-df2-c09/coupled/data/ldos.pp.dat322

     Writing data to be plotted to file /home/ubuntu/projects/Graphene-Band-Structure-Quantum-Espresso/outputs/field_0/vdw-df2-c09/coupled/data/ldos.pp.dat322.xsf
     Plot Type: 3D                     Output format: XCrySDen     
     Reading data from file  /home/ubuntu/projects/Graphene-Band-Structure-Quantum-Espresso/outputs/field_0/vdw-df2-c09/coupled/data/ldos.pp.dat323

     Writing data to be plotted to file /home/ubuntu/projects/Graphene-Band-Structure-Quantum-Espresso/outputs/field_0/vdw-df2-c09/coupled/data/ldos.pp.dat323.xsf
     Plot Type: 3D                     Output format: XCrySDen     
     Reading data from file  /home/ubuntu/projects/Graphene-Band-Structure-Quantum-Espresso/outputs/field_0/vdw-df2-c09/coupled/data/ldos.pp.dat324

     Writing data to be plotted to file /home/ubuntu/projects/Graphene-Band-Structure-Quantum-Espresso/outputs/field_0/vdw-df2-c09/coupled/data/ldos.pp.dat324.xsf
     Plot Type: 3D                     Output format: XCrySDen     
     Reading data from file  /home/ubuntu/projects/Graphene-Band-Structure-Quantum-Espresso/outputs/field_0/vdw-df2-c09/coupled/data/ldos.pp.dat325

     Writing data to be plotted to file /home/ubuntu/projects/Graphene-Band-Structure-Quantum-Espresso/outputs/field_0/vdw-df2-c09/coupled/data/ldos.pp.dat325.xsf
     Plot Type: 3D                     Output format: XCrySDen     
     Reading data from file  /home/ubuntu/projects/Graphene-Band-Structure-Quantum-Espresso/outputs/field_0/vdw-df2-c09/coupled/data/ldos.pp.dat326

     Writing data to be plotted to file /home/ubuntu/projects/Graphene-Band-Structure-Quantum-Espresso/outputs/field_0/vdw-df2-c09/coupled/data/ldos.pp.dat326.xsf
     Plot Type: 3D                     Output format: XCrySDen     
     Reading data from file  /home/ubuntu/projects/Graphene-Band-Structure-Quantum-Espresso/outputs/field_0/vdw-df2-c09/coupled/data/ldos.pp.dat327

     Writing data to be plotted to file /home/ubuntu/projects/Graphene-Band-Structure-Quantum-Espresso/outputs/field_0/vdw-df2-c09/coupled/data/ldos.pp.dat327.xsf
     Plot Type: 3D                     Output format: XCrySDen     
     Reading data from file  /home/ubuntu/projects/Graphene-Band-Structure-Quantum-Espresso/outputs/field_0/vdw-df2-c09/coupled/data/ldos.pp.dat328

     Writing data to be plotted to file /home/ubuntu/projects/Graphene-Band-Structure-Quantum-Espresso/outputs/field_0/vdw-df2-c09/coupled/data/ldos.pp.dat328.xsf
     Plot Type: 3D                     Output format: XCrySDen     
     Reading data from file  /home/ubuntu/projects/Graphene-Band-Structure-Quantum-Espresso/outputs/field_0/vdw-df2-c09/coupled/data/ldos.pp.dat329

     Writing data to be plotted to file /home/ubuntu/projects/Graphene-Band-Structure-Quantum-Espresso/outputs/field_0/vdw-df2-c09/coupled/data/ldos.pp.dat329.xsf
     Plot Type: 3D                     Output format: XCrySDen     
     Reading data from file  /home/ubuntu/projects/Graphene-Band-Structure-Quantum-Espresso/outputs/field_0/vdw-df2-c09/coupled/data/ldos.pp.dat330

     Writing data to be plotted to file /home/ubuntu/projects/Graphene-Band-Structure-Quantum-Espresso/outputs/field_0/vdw-df2-c09/coupled/data/ldos.pp.dat330.xsf
     Plot Type: 3D                     Output format: XCrySDen     
     Reading data from file  /home/ubuntu/projects/Graphene-Band-Structure-Quantum-Espresso/outputs/field_0/vdw-df2-c09/coupled/data/ldos.pp.dat331

     Writing data to be plotted to file /home/ubuntu/projects/Graphene-Band-Structure-Quantum-Espresso/outputs/field_0/vdw-df2-c09/coupled/data/ldos.pp.dat331.xsf
     Plot Type: 3D                     Output format: XCrySDen     
     Reading data from file  /home/ubuntu/projects/Graphene-Band-Structure-Quantum-Espresso/outputs/field_0/vdw-df2-c09/coupled/data/ldos.pp.dat332

     Writing data to be plotted to file /home/ubuntu/projects/Graphene-Band-Structure-Quantum-Espresso/outputs/field_0/vdw-df2-c09/coupled/data/ldos.pp.dat332.xsf
     Plot Type: 3D                     Output format: XCrySDen     
     Reading data from file  /home/ubuntu/projects/Graphene-Band-Structure-Quantum-Espresso/outputs/field_0/vdw-df2-c09/coupled/data/ldos.pp.dat333

     Writing data to be plotted to file /home/ubuntu/projects/Graphene-Band-Structure-Quantum-Espresso/outputs/field_0/vdw-df2-c09/coupled/data/ldos.pp.dat333.xsf
     Plot Type: 3D                     Output format: XCrySDen     
     Reading data from file  /home/ubuntu/projects/Graphene-Band-Structure-Quantum-Espresso/outputs/field_0/vdw-df2-c09/coupled/data/ldos.pp.dat334

     Writing data to be plotted to file /home/ubuntu/projects/Graphene-Band-Structure-Quantum-Espresso/outputs/field_0/vdw-df2-c09/coupled/data/ldos.pp.dat334.xsf
     Plot Type: 3D                     Output format: XCrySDen     
     Reading data from file  /home/ubuntu/projects/Graphene-Band-Structure-Quantum-Espresso/outputs/field_0/vdw-df2-c09/coupled/data/ldos.pp.dat335

     Writing data to be plotted to file /home/ubuntu/projects/Graphene-Band-Structure-Quantum-Espresso/outputs/field_0/vdw-df2-c09/coupled/data/ldos.pp.dat335.xsf
     Plot Type: 3D                     Output format: XCrySDen     
     Reading data from file  /home/ubuntu/projects/Graphene-Band-Structure-Quantum-Espresso/outputs/field_0/vdw-df2-c09/coupled/data/ldos.pp.dat336

     Writing data to be plotted to file /home/ubuntu/projects/Graphene-Band-Structure-Quantum-Espresso/outputs/field_0/vdw-df2-c09/coupled/data/ldos.pp.dat336.xsf
     Plot Type: 3D                     Output format: XCrySDen     
     Reading data from file  /home/ubuntu/projects/Graphene-Band-Structure-Quantum-Espresso/outputs/field_0/vdw-df2-c09/coupled/data/ldos.pp.dat337

     Writing data to be plotted to file /home/ubuntu/projects/Graphene-Band-Structure-Quantum-Espresso/outputs/field_0/vdw-df2-c09/coupled/data/ldos.pp.dat337.xsf
     Plot Type: 3D                     Output format: XCrySDen     
     Reading data from file  /home/ubuntu/projects/Graphene-Band-Structure-Quantum-Espresso/outputs/field_0/vdw-df2-c09/coupled/data/ldos.pp.dat338

     Writing data to be plotted to file /home/ubuntu/projects/Graphene-Band-Structure-Quantum-Espresso/outputs/field_0/vdw-df2-c09/coupled/data/ldos.pp.dat338.xsf
     Plot Type: 3D                     Output format: XCrySDen     
     Reading data from file  /home/ubuntu/projects/Graphene-Band-Structure-Quantum-Espresso/outputs/field_0/vdw-df2-c09/coupled/data/ldos.pp.dat339

     Writing data to be plotted to file /home/ubuntu/projects/Graphene-Band-Structure-Quantum-Espresso/outputs/field_0/vdw-df2-c09/coupled/data/ldos.pp.dat339.xsf
     Plot Type: 3D                     Output format: XCrySDen     
     Reading data from file  /home/ubuntu/projects/Graphene-Band-Structure-Quantum-Espresso/outputs/field_0/vdw-df2-c09/coupled/data/ldos.pp.dat340

     Writing data to be plotted to file /home/ubuntu/projects/Graphene-Band-Structure-Quantum-Espresso/outputs/field_0/vdw-df2-c09/coupled/data/ldos.pp.dat340.xsf
     Plot Type: 3D                     Output format: XCrySDen     
     Reading data from file  /home/ubuntu/projects/Graphene-Band-Structure-Quantum-Espresso/outputs/field_0/vdw-df2-c09/coupled/data/ldos.pp.dat341

     Writing data to be plotted to file /home/ubuntu/projects/Graphene-Band-Structure-Quantum-Espresso/outputs/field_0/vdw-df2-c09/coupled/data/ldos.pp.dat341.xsf
     Plot Type: 3D                     Output format: XCrySDen     
     Reading data from file  /home/ubuntu/projects/Graphene-Band-Structure-Quantum-Espresso/outputs/field_0/vdw-df2-c09/coupled/data/ldos.pp.dat342

     Writing data to be plotted to file /home/ubuntu/projects/Graphene-Band-Structure-Quantum-Espresso/outputs/field_0/vdw-df2-c09/coupled/data/ldos.pp.dat342.xsf
     Plot Type: 3D                     Output format: XCrySDen     
     Reading data from file  /home/ubuntu/projects/Graphene-Band-Structure-Quantum-Espresso/outputs/field_0/vdw-df2-c09/coupled/data/ldos.pp.dat343

     Writing data to be plotted to file /home/ubuntu/projects/Graphene-Band-Structure-Quantum-Espresso/outputs/field_0/vdw-df2-c09/coupled/data/ldos.pp.dat343.xsf
     Plot Type: 3D                     Output format: XCrySDen     
     Reading data from file  /home/ubuntu/projects/Graphene-Band-Structure-Quantum-Espresso/outputs/field_0/vdw-df2-c09/coupled/data/ldos.pp.dat344

     Writing data to be plotted to file /home/ubuntu/projects/Graphene-Band-Structure-Quantum-Espresso/outputs/field_0/vdw-df2-c09/coupled/data/ldos.pp.dat344.xsf
     Plot Type: 3D                     Output format: XCrySDen     
     Reading data from file  /home/ubuntu/projects/Graphene-Band-Structure-Quantum-Espresso/outputs/field_0/vdw-df2-c09/coupled/data/ldos.pp.dat345

     Writing data to be plotted to file /home/ubuntu/projects/Graphene-Band-Structure-Quantum-Espresso/outputs/field_0/vdw-df2-c09/coupled/data/ldos.pp.dat345.xsf
     Plot Type: 3D                     Output format: XCrySDen     
     Reading data from file  /home/ubuntu/projects/Graphene-Band-Structure-Quantum-Espresso/outputs/field_0/vdw-df2-c09/coupled/data/ldos.pp.dat346

     Writing data to be plotted to file /home/ubuntu/projects/Graphene-Band-Structure-Quantum-Espresso/outputs/field_0/vdw-df2-c09/coupled/data/ldos.pp.dat346.xsf
     Plot Type: 3D                     Output format: XCrySDen     
     Reading data from file  /home/ubuntu/projects/Graphene-Band-Structure-Quantum-Espresso/outputs/field_0/vdw-df2-c09/coupled/data/ldos.pp.dat347

     Writing data to be plotted to file /home/ubuntu/projects/Graphene-Band-Structure-Quantum-Espresso/outputs/field_0/vdw-df2-c09/coupled/data/ldos.pp.dat347.xsf
     Plot Type: 3D                     Output format: XCrySDen     
     Reading data from file  /home/ubuntu/projects/Graphene-Band-Structure-Quantum-Espresso/outputs/field_0/vdw-df2-c09/coupled/data/ldos.pp.dat348

     Writing data to be plotted to file /home/ubuntu/projects/Graphene-Band-Structure-Quantum-Espresso/outputs/field_0/vdw-df2-c09/coupled/data/ldos.pp.dat348.xsf
     Plot Type: 3D                     Output format: XCrySDen     
     Reading data from file  /home/ubuntu/projects/Graphene-Band-Structure-Quantum-Espresso/outputs/field_0/vdw-df2-c09/coupled/data/ldos.pp.dat349

     Writing data to be plotted to file /home/ubuntu/projects/Graphene-Band-Structure-Quantum-Espresso/outputs/field_0/vdw-df2-c09/coupled/data/ldos.pp.dat349.xsf
     Plot Type: 3D                     Output format: XCrySDen     
     Reading data from file  /home/ubuntu/projects/Graphene-Band-Structure-Quantum-Espresso/outputs/field_0/vdw-df2-c09/coupled/data/ldos.pp.dat350

     Writing data to be plotted to file /home/ubuntu/projects/Graphene-Band-Structure-Quantum-Espresso/outputs/field_0/vdw-df2-c09/coupled/data/ldos.pp.dat350.xsf
     Plot Type: 3D                     Output format: XCrySDen     
     Reading data from file  /home/ubuntu/projects/Graphene-Band-Structure-Quantum-Espresso/outputs/field_0/vdw-df2-c09/coupled/data/ldos.pp.dat351

     Writing data to be plotted to file /home/ubuntu/projects/Graphene-Band-Structure-Quantum-Espresso/outputs/field_0/vdw-df2-c09/coupled/data/ldos.pp.dat351.xsf
     Plot Type: 3D                     Output format: XCrySDen     
     Reading data from file  /home/ubuntu/projects/Graphene-Band-Structure-Quantum-Espresso/outputs/field_0/vdw-df2-c09/coupled/data/ldos.pp.dat352

     Writing data to be plotted to file /home/ubuntu/projects/Graphene-Band-Structure-Quantum-Espresso/outputs/field_0/vdw-df2-c09/coupled/data/ldos.pp.dat352.xsf
     Plot Type: 3D                     Output format: XCrySDen     
     Reading data from file  /home/ubuntu/projects/Graphene-Band-Structure-Quantum-Espresso/outputs/field_0/vdw-df2-c09/coupled/data/ldos.pp.dat353

     Writing data to be plotted to file /home/ubuntu/projects/Graphene-Band-Structure-Quantum-Espresso/outputs/field_0/vdw-df2-c09/coupled/data/ldos.pp.dat353.xsf
     Plot Type: 3D                     Output format: XCrySDen     
     Reading data from file  /home/ubuntu/projects/Graphene-Band-Structure-Quantum-Espresso/outputs/field_0/vdw-df2-c09/coupled/data/ldos.pp.dat354

     Writing data to be plotted to file /home/ubuntu/projects/Graphene-Band-Structure-Quantum-Espresso/outputs/field_0/vdw-df2-c09/coupled/data/ldos.pp.dat354.xsf
     Plot Type: 3D                     Output format: XCrySDen     
     Reading data from file  /home/ubuntu/projects/Graphene-Band-Structure-Quantum-Espresso/outputs/field_0/vdw-df2-c09/coupled/data/ldos.pp.dat355

     Writing data to be plotted to file /home/ubuntu/projects/Graphene-Band-Structure-Quantum-Espresso/outputs/field_0/vdw-df2-c09/coupled/data/ldos.pp.dat355.xsf
     Plot Type: 3D                     Output format: XCrySDen     
     Reading data from file  /home/ubuntu/projects/Graphene-Band-Structure-Quantum-Espresso/outputs/field_0/vdw-df2-c09/coupled/data/ldos.pp.dat356

     Writing data to be plotted to file /home/ubuntu/projects/Graphene-Band-Structure-Quantum-Espresso/outputs/field_0/vdw-df2-c09/coupled/data/ldos.pp.dat356.xsf
     Plot Type: 3D                     Output format: XCrySDen     
     Reading data from file  /home/ubuntu/projects/Graphene-Band-Structure-Quantum-Espresso/outputs/field_0/vdw-df2-c09/coupled/data/ldos.pp.dat357

     Writing data to be plotted to file /home/ubuntu/projects/Graphene-Band-Structure-Quantum-Espresso/outputs/field_0/vdw-df2-c09/coupled/data/ldos.pp.dat357.xsf
     Plot Type: 3D                     Output format: XCrySDen     
     Reading data from file  /home/ubuntu/projects/Graphene-Band-Structure-Quantum-Espresso/outputs/field_0/vdw-df2-c09/coupled/data/ldos.pp.dat358

     Writing data to be plotted to file /home/ubuntu/projects/Graphene-Band-Structure-Quantum-Espresso/outputs/field_0/vdw-df2-c09/coupled/data/ldos.pp.dat358.xsf
     Plot Type: 3D                     Output format: XCrySDen     
     Reading data from file  /home/ubuntu/projects/Graphene-Band-Structure-Quantum-Espresso/outputs/field_0/vdw-df2-c09/coupled/data/ldos.pp.dat359

     Writing data to be plotted to file /home/ubuntu/projects/Graphene-Band-Structure-Quantum-Espresso/outputs/field_0/vdw-df2-c09/coupled/data/ldos.pp.dat359.xsf
     Plot Type: 3D                     Output format: XCrySDen     
     Reading data from file  /home/ubuntu/projects/Graphene-Band-Structure-Quantum-Espresso/outputs/field_0/vdw-df2-c09/coupled/data/ldos.pp.dat360

     Writing data to be plotted to file /home/ubuntu/projects/Graphene-Band-Structure-Quantum-Espresso/outputs/field_0/vdw-df2-c09/coupled/data/ldos.pp.dat360.xsf
     Plot Type: 3D                     Output format: XCrySDen     
     Reading data from file  /home/ubuntu/projects/Graphene-Band-Structure-Quantum-Espresso/outputs/field_0/vdw-df2-c09/coupled/data/ldos.pp.dat361

     Writing data to be plotted to file /home/ubuntu/projects/Graphene-Band-Structure-Quantum-Espresso/outputs/field_0/vdw-df2-c09/coupled/data/ldos.pp.dat361.xsf
     Plot Type: 3D                     Output format: XCrySDen     
     Reading data from file  /home/ubuntu/projects/Graphene-Band-Structure-Quantum-Espresso/outputs/field_0/vdw-df2-c09/coupled/data/ldos.pp.dat362

     Writing data to be plotted to file /home/ubuntu/projects/Graphene-Band-Structure-Quantum-Espresso/outputs/field_0/vdw-df2-c09/coupled/data/ldos.pp.dat362.xsf
     Plot Type: 3D                     Output format: XCrySDen     
     Reading data from file  /home/ubuntu/projects/Graphene-Band-Structure-Quantum-Espresso/outputs/field_0/vdw-df2-c09/coupled/data/ldos.pp.dat363

     Writing data to be plotted to file /home/ubuntu/projects/Graphene-Band-Structure-Quantum-Espresso/outputs/field_0/vdw-df2-c09/coupled/data/ldos.pp.dat363.xsf
     Plot Type: 3D                     Output format: XCrySDen     
     Reading data from file  /home/ubuntu/projects/Graphene-Band-Structure-Quantum-Espresso/outputs/field_0/vdw-df2-c09/coupled/data/ldos.pp.dat364

     Writing data to be plotted to file /home/ubuntu/projects/Graphene-Band-Structure-Quantum-Espresso/outputs/field_0/vdw-df2-c09/coupled/data/ldos.pp.dat364.xsf
     Plot Type: 3D                     Output format: XCrySDen     
     Reading data from file  /home/ubuntu/projects/Graphene-Band-Structure-Quantum-Espresso/outputs/field_0/vdw-df2-c09/coupled/data/ldos.pp.dat365

     Writing data to be plotted to file /home/ubuntu/projects/Graphene-Band-Structure-Quantum-Espresso/outputs/field_0/vdw-df2-c09/coupled/data/ldos.pp.dat365.xsf
     Plot Type: 3D                     Output format: XCrySDen     
     Reading data from file  /home/ubuntu/projects/Graphene-Band-Structure-Quantum-Espresso/outputs/field_0/vdw-df2-c09/coupled/data/ldos.pp.dat366

     Writing data to be plotted to file /home/ubuntu/projects/Graphene-Band-Structure-Quantum-Espresso/outputs/field_0/vdw-df2-c09/coupled/data/ldos.pp.dat366.xsf
     Plot Type: 3D                     Output format: XCrySDen     
     Reading data from file  /home/ubuntu/projects/Graphene-Band-Structure-Quantum-Espresso/outputs/field_0/vdw-df2-c09/coupled/data/ldos.pp.dat367

     Writing data to be plotted to file /home/ubuntu/projects/Graphene-Band-Structure-Quantum-Espresso/outputs/field_0/vdw-df2-c09/coupled/data/ldos.pp.dat367.xsf
     Plot Type: 3D                     Output format: XCrySDen     
     Reading data from file  /home/ubuntu/projects/Graphene-Band-Structure-Quantum-Espresso/outputs/field_0/vdw-df2-c09/coupled/data/ldos.pp.dat368

     Writing data to be plotted to file /home/ubuntu/projects/Graphene-Band-Structure-Quantum-Espresso/outputs/field_0/vdw-df2-c09/coupled/data/ldos.pp.dat368.xsf
     Plot Type: 3D                     Output format: XCrySDen     
     Reading data from file  /home/ubuntu/projects/Graphene-Band-Structure-Quantum-Espresso/outputs/field_0/vdw-df2-c09/coupled/data/ldos.pp.dat369

     Writing data to be plotted to file /home/ubuntu/projects/Graphene-Band-Structure-Quantum-Espresso/outputs/field_0/vdw-df2-c09/coupled/data/ldos.pp.dat369.xsf
     Plot Type: 3D                     Output format: XCrySDen     
     Reading data from file  /home/ubuntu/projects/Graphene-Band-Structure-Quantum-Espresso/outputs/field_0/vdw-df2-c09/coupled/data/ldos.pp.dat370

     Writing data to be plotted to file /home/ubuntu/projects/Graphene-Band-Structure-Quantum-Espresso/outputs/field_0/vdw-df2-c09/coupled/data/ldos.pp.dat370.xsf
     Plot Type: 3D                     Output format: XCrySDen     
     Reading data from file  /home/ubuntu/projects/Graphene-Band-Structure-Quantum-Espresso/outputs/field_0/vdw-df2-c09/coupled/data/ldos.pp.dat371

     Writing data to be plotted to file /home/ubuntu/projects/Graphene-Band-Structure-Quantum-Espresso/outputs/field_0/vdw-df2-c09/coupled/data/ldos.pp.dat371.xsf
     Plot Type: 3D                     Output format: XCrySDen     
     Reading data from file  /home/ubuntu/projects/Graphene-Band-Structure-Quantum-Espresso/outputs/field_0/vdw-df2-c09/coupled/data/ldos.pp.dat372

     Writing data to be plotted to file /home/ubuntu/projects/Graphene-Band-Structure-Quantum-Espresso/outputs/field_0/vdw-df2-c09/coupled/data/ldos.pp.dat372.xsf
     Plot Type: 3D                     Output format: XCrySDen     
     Reading data from file  /home/ubuntu/projects/Graphene-Band-Structure-Quantum-Espresso/outputs/field_0/vdw-df2-c09/coupled/data/ldos.pp.dat373

     Writing data to be plotted to file /home/ubuntu/projects/Graphene-Band-Structure-Quantum-Espresso/outputs/field_0/vdw-df2-c09/coupled/data/ldos.pp.dat373.xsf
     Plot Type: 3D                     Output format: XCrySDen     
     Reading data from file  /home/ubuntu/projects/Graphene-Band-Structure-Quantum-Espresso/outputs/field_0/vdw-df2-c09/coupled/data/ldos.pp.dat374

     Writing data to be plotted to file /home/ubuntu/projects/Graphene-Band-Structure-Quantum-Espresso/outputs/field_0/vdw-df2-c09/coupled/data/ldos.pp.dat374.xsf
     Plot Type: 3D                     Output format: XCrySDen     
     Reading data from file  /home/ubuntu/projects/Graphene-Band-Structure-Quantum-Espresso/outputs/field_0/vdw-df2-c09/coupled/data/ldos.pp.dat375

     Writing data to be plotted to file /home/ubuntu/projects/Graphene-Band-Structure-Quantum-Espresso/outputs/field_0/vdw-df2-c09/coupled/data/ldos.pp.dat375.xsf
     Plot Type: 3D                     Output format: XCrySDen     
     Reading data from file  /home/ubuntu/projects/Graphene-Band-Structure-Quantum-Espresso/outputs/field_0/vdw-df2-c09/coupled/data/ldos.pp.dat376

     Writing data to be plotted to file /home/ubuntu/projects/Graphene-Band-Structure-Quantum-Espresso/outputs/field_0/vdw-df2-c09/coupled/data/ldos.pp.dat376.xsf
     Plot Type: 3D                     Output format: XCrySDen     
     Reading data from file  /home/ubuntu/projects/Graphene-Band-Structure-Quantum-Espresso/outputs/field_0/vdw-df2-c09/coupled/data/ldos.pp.dat377

     Writing data to be plotted to file /home/ubuntu/projects/Graphene-Band-Structure-Quantum-Espresso/outputs/field_0/vdw-df2-c09/coupled/data/ldos.pp.dat377.xsf
     Plot Type: 3D                     Output format: XCrySDen     
     Reading data from file  /home/ubuntu/projects/Graphene-Band-Structure-Quantum-Espresso/outputs/field_0/vdw-df2-c09/coupled/data/ldos.pp.dat378

     Writing data to be plotted to file /home/ubuntu/projects/Graphene-Band-Structure-Quantum-Espresso/outputs/field_0/vdw-df2-c09/coupled/data/ldos.pp.dat378.xsf
     Plot Type: 3D                     Output format: XCrySDen     
     Reading data from file  /home/ubuntu/projects/Graphene-Band-Structure-Quantum-Espresso/outputs/field_0/vdw-df2-c09/coupled/data/ldos.pp.dat379

     Writing data to be plotted to file /home/ubuntu/projects/Graphene-Band-Structure-Quantum-Espresso/outputs/field_0/vdw-df2-c09/coupled/data/ldos.pp.dat379.xsf
     Plot Type: 3D                     Output format: XCrySDen     
     Reading data from file  /home/ubuntu/projects/Graphene-Band-Structure-Quantum-Espresso/outputs/field_0/vdw-df2-c09/coupled/data/ldos.pp.dat380

     Writing data to be plotted to file /home/ubuntu/projects/Graphene-Band-Structure-Quantum-Espresso/outputs/field_0/vdw-df2-c09/coupled/data/ldos.pp.dat380.xsf
     Plot Type: 3D                     Output format: XCrySDen     
     Reading data from file  /home/ubuntu/projects/Graphene-Band-Structure-Quantum-Espresso/outputs/field_0/vdw-df2-c09/coupled/data/ldos.pp.dat381

     Writing data to be plotted to file /home/ubuntu/projects/Graphene-Band-Structure-Quantum-Espresso/outputs/field_0/vdw-df2-c09/coupled/data/ldos.pp.dat381.xsf
     Plot Type: 3D                     Output format: XCrySDen     
     Reading data from file  /home/ubuntu/projects/Graphene-Band-Structure-Quantum-Espresso/outputs/field_0/vdw-df2-c09/coupled/data/ldos.pp.dat382

     Writing data to be plotted to file /home/ubuntu/projects/Graphene-Band-Structure-Quantum-Espresso/outputs/field_0/vdw-df2-c09/coupled/data/ldos.pp.dat382.xsf
     Plot Type: 3D                     Output format: XCrySDen     
     Reading data from file  /home/ubuntu/projects/Graphene-Band-Structure-Quantum-Espresso/outputs/field_0/vdw-df2-c09/coupled/data/ldos.pp.dat383

     Writing data to be plotted to file /home/ubuntu/projects/Graphene-Band-Structure-Quantum-Espresso/outputs/field_0/vdw-df2-c09/coupled/data/ldos.pp.dat383.xsf
     Plot Type: 3D                     Output format: XCrySDen     
     Reading data from file  /home/ubuntu/projects/Graphene-Band-Structure-Quantum-Espresso/outputs/field_0/vdw-df2-c09/coupled/data/ldos.pp.dat384

     Writing data to be plotted to file /home/ubuntu/projects/Graphene-Band-Structure-Quantum-Espresso/outputs/field_0/vdw-df2-c09/coupled/data/ldos.pp.dat384.xsf
     Plot Type: 3D                     Output format: XCrySDen     
     Reading data from file  /home/ubuntu/projects/Graphene-Band-Structure-Quantum-Espresso/outputs/field_0/vdw-df2-c09/coupled/data/ldos.pp.dat385

     Writing data to be plotted to file /home/ubuntu/projects/Graphene-Band-Structure-Quantum-Espresso/outputs/field_0/vdw-df2-c09/coupled/data/ldos.pp.dat385.xsf
     Plot Type: 3D                     Output format: XCrySDen     
     Reading data from file  /home/ubuntu/projects/Graphene-Band-Structure-Quantum-Espresso/outputs/field_0/vdw-df2-c09/coupled/data/ldos.pp.dat386

     Writing data to be plotted to file /home/ubuntu/projects/Graphene-Band-Structure-Quantum-Espresso/outputs/field_0/vdw-df2-c09/coupled/data/ldos.pp.dat386.xsf
     Plot Type: 3D                     Output format: XCrySDen     
     Reading data from file  /home/ubuntu/projects/Graphene-Band-Structure-Quantum-Espresso/outputs/field_0/vdw-df2-c09/coupled/data/ldos.pp.dat387

     Writing data to be plotted to file /home/ubuntu/projects/Graphene-Band-Structure-Quantum-Espresso/outputs/field_0/vdw-df2-c09/coupled/data/ldos.pp.dat387.xsf
     Plot Type: 3D                     Output format: XCrySDen     
     Reading data from file  /home/ubuntu/projects/Graphene-Band-Structure-Quantum-Espresso/outputs/field_0/vdw-df2-c09/coupled/data/ldos.pp.dat388

     Writing data to be plotted to file /home/ubuntu/projects/Graphene-Band-Structure-Quantum-Espresso/outputs/field_0/vdw-df2-c09/coupled/data/ldos.pp.dat388.xsf
     Plot Type: 3D                     Output format: XCrySDen     
     Reading data from file  /home/ubuntu/projects/Graphene-Band-Structure-Quantum-Espresso/outputs/field_0/vdw-df2-c09/coupled/data/ldos.pp.dat389

     Writing data to be plotted to file /home/ubuntu/projects/Graphene-Band-Structure-Quantum-Espresso/outputs/field_0/vdw-df2-c09/coupled/data/ldos.pp.dat389.xsf
     Plot Type: 3D                     Output format: XCrySDen     
     Reading data from file  /home/ubuntu/projects/Graphene-Band-Structure-Quantum-Espresso/outputs/field_0/vdw-df2-c09/coupled/data/ldos.pp.dat390

     Writing data to be plotted to file /home/ubuntu/projects/Graphene-Band-Structure-Quantum-Espresso/outputs/field_0/vdw-df2-c09/coupled/data/ldos.pp.dat390.xsf
     Plot Type: 3D                     Output format: XCrySDen     
     Reading data from file  /home/ubuntu/projects/Graphene-Band-Structure-Quantum-Espresso/outputs/field_0/vdw-df2-c09/coupled/data/ldos.pp.dat391

     Writing data to be plotted to file /home/ubuntu/projects/Graphene-Band-Structure-Quantum-Espresso/outputs/field_0/vdw-df2-c09/coupled/data/ldos.pp.dat391.xsf
     Plot Type: 3D                     Output format: XCrySDen     
     Reading data from file  /home/ubuntu/projects/Graphene-Band-Structure-Quantum-Espresso/outputs/field_0/vdw-df2-c09/coupled/data/ldos.pp.dat392

     Writing data to be plotted to file /home/ubuntu/projects/Graphene-Band-Structure-Quantum-Espresso/outputs/field_0/vdw-df2-c09/coupled/data/ldos.pp.dat392.xsf
     Plot Type: 3D                     Output format: XCrySDen     
     Reading data from file  /home/ubuntu/projects/Graphene-Band-Structure-Quantum-Espresso/outputs/field_0/vdw-df2-c09/coupled/data/ldos.pp.dat393

     Writing data to be plotted to file /home/ubuntu/projects/Graphene-Band-Structure-Quantum-Espresso/outputs/field_0/vdw-df2-c09/coupled/data/ldos.pp.dat393.xsf
     Plot Type: 3D                     Output format: XCrySDen     
     Reading data from file  /home/ubuntu/projects/Graphene-Band-Structure-Quantum-Espresso/outputs/field_0/vdw-df2-c09/coupled/data/ldos.pp.dat394

     Writing data to be plotted to file /home/ubuntu/projects/Graphene-Band-Structure-Quantum-Espresso/outputs/field_0/vdw-df2-c09/coupled/data/ldos.pp.dat394.xsf
     Plot Type: 3D                     Output format: XCrySDen     
     Reading data from file  /home/ubuntu/projects/Graphene-Band-Structure-Quantum-Espresso/outputs/field_0/vdw-df2-c09/coupled/data/ldos.pp.dat395

     Writing data to be plotted to file /home/ubuntu/projects/Graphene-Band-Structure-Quantum-Espresso/outputs/field_0/vdw-df2-c09/coupled/data/ldos.pp.dat395.xsf
     Plot Type: 3D                     Output format: XCrySDen     
     Reading data from file  /home/ubuntu/projects/Graphene-Band-Structure-Quantum-Espresso/outputs/field_0/vdw-df2-c09/coupled/data/ldos.pp.dat396

     Writing data to be plotted to file /home/ubuntu/projects/Graphene-Band-Structure-Quantum-Espresso/outputs/field_0/vdw-df2-c09/coupled/data/ldos.pp.dat396.xsf
     Plot Type: 3D                     Output format: XCrySDen     
     Reading data from file  /home/ubuntu/projects/Graphene-Band-Structure-Quantum-Espresso/outputs/field_0/vdw-df2-c09/coupled/data/ldos.pp.dat397

     Writing data to be plotted to file /home/ubuntu/projects/Graphene-Band-Structure-Quantum-Espresso/outputs/field_0/vdw-df2-c09/coupled/data/ldos.pp.dat397.xsf
     Plot Type: 3D                     Output format: XCrySDen     
     Reading data from file  /home/ubuntu/projects/Graphene-Band-Structure-Quantum-Espresso/outputs/field_0/vdw-df2-c09/coupled/data/ldos.pp.dat398

     Writing data to be plotted to file /home/ubuntu/projects/Graphene-Band-Structure-Quantum-Espresso/outputs/field_0/vdw-df2-c09/coupled/data/ldos.pp.dat398.xsf
     Plot Type: 3D                     Output format: XCrySDen     
     Reading data from file  /home/ubuntu/projects/Graphene-Band-Structure-Quantum-Espresso/outputs/field_0/vdw-df2-c09/coupled/data/ldos.pp.dat399

     Writing data to be plotted to file /home/ubuntu/projects/Graphene-Band-Structure-Quantum-Espresso/outputs/field_0/vdw-df2-c09/coupled/data/ldos.pp.dat399.xsf
     Plot Type: 3D                     Output format: XCrySDen     
     Reading data from file  /home/ubuntu/projects/Graphene-Band-Structure-Quantum-Espresso/outputs/field_0/vdw-df2-c09/coupled/data/ldos.pp.dat400

     Writing data to be plotted to file /home/ubuntu/projects/Graphene-Band-Structure-Quantum-Espresso/outputs/field_0/vdw-df2-c09/coupled/data/ldos.pp.dat400.xsf
     Plot Type: 3D                     Output format: XCrySDen     
     Reading data from file  /home/ubuntu/projects/Graphene-Band-Structure-Quantum-Espresso/outputs/field_0/vdw-df2-c09/coupled/data/ldos.pp.dat401

     Writing data to be plotted to file /home/ubuntu/projects/Graphene-Band-Structure-Quantum-Espresso/outputs/field_0/vdw-df2-c09/coupled/data/ldos.pp.dat401.xsf
     Plot Type: 3D                     Output format: XCrySDen     

     POST-PROC    :   9m21.53s CPU  10m15.04s WALL


   This run was terminated on:   3:36: 9   1Oct2026            

=------------------------------------------------------------------------------=
   JOB DONE.
=------------------------------------------------------------------------------=
Note: The following floating-point exceptions are signalling: IEEE_UNDERFLOW_FLAG IEEE_DENORMAL
Note: The following floating-point exceptions are signalling: IEEE_UNDERFLOW_FLAG IEEE_DENORMAL
Note: The following floating-point exceptions are signalling: IEEE_UNDERFLOW_FLAG IEEE_DENORMAL
Note: The following floating-point exceptions are signalling: IEEE_UNDERFLOW_FLAG IEEE_DENORMAL
