
     Program POST-PROC v.7.6 starts on  1Oct2026 at  2:50:31 

     This program is part of the open-source Quantum ESPRESSO suite
     for quantum simulation of materials; please cite
         "P. Giannozzi et al., J. Phys.:Condens. Matter 21 395502 (2009);
         "P. Giannozzi et al., J. Phys.:Condens. Matter 29 465901 (2017);
         "P. Giannozzi et al., J. Chem. Phys. 152 154105 (2020);
          URL http://www.quantum-espresso.org", 
     in publications or presentations arising from this work. More details at
     http://www.quantum-espresso.org/quote

     Parallel version (MPI), running on     4 processors

     MPI processes distributed on     1 nodes
     R & G space division:  proc/nbgrp/npool/nimage =       4
     1837 MiB available memory on the printing compute node when the environment starts


     Reading xml data from directory:

     /home/ubuntu/projects/Graphene-Band-Structure-Quantum-Espresso/outputs/field_0/PBE-d3/coupled/data/coupled.save/

     IMPORTANT: XC functional enforced from input :
     Exchange-correlation= PBE
                           (   1   4   3   4   0   0   0)
     Any further DFT definition will be discarded
     Please, verify this is what you really want


     Parallelization info
     --------------------
     sticks:   dense  smooth     PW     G-vecs:    dense   smooth      PW
     Min         118     118     37                19916    19916    3337
     Max         119     119     38                19947    19947    3350
     Sum         475     475    151                79745    79745   13381

     Using Slab Decomposition


     Calling punch_plot, plot_num =   3

     Energy = -10.98630 eV, broadening =   0.10000eV
     Writing data to file  /home/ubuntu/projects/Graphene-Band-Structure-Quantum-Espresso/outputs/field_0/PBE-d3/coupled/data/ldos.pp.dat001

     Calling punch_plot, plot_num =   3

     Energy = -10.93630 eV, broadening =   0.10000eV
     Writing data to file  /home/ubuntu/projects/Graphene-Band-Structure-Quantum-Espresso/outputs/field_0/PBE-d3/coupled/data/ldos.pp.dat002

     Calling punch_plot, plot_num =   3

     Energy = -10.88630 eV, broadening =   0.10000eV
     Writing data to file  /home/ubuntu/projects/Graphene-Band-Structure-Quantum-Espresso/outputs/field_0/PBE-d3/coupled/data/ldos.pp.dat003

     Calling punch_plot, plot_num =   3

     Energy = -10.83630 eV, broadening =   0.10000eV
     Writing data to file  /home/ubuntu/projects/Graphene-Band-Structure-Quantum-Espresso/outputs/field_0/PBE-d3/coupled/data/ldos.pp.dat004

     Calling punch_plot, plot_num =   3

     Energy = -10.78630 eV, broadening =   0.10000eV
     Writing data to file  /home/ubuntu/projects/Graphene-Band-Structure-Quantum-Espresso/outputs/field_0/PBE-d3/coupled/data/ldos.pp.dat005

     Calling punch_plot, plot_num =   3

     Energy = -10.73630 eV, broadening =   0.10000eV
     Writing data to file  /home/ubuntu/projects/Graphene-Band-Structure-Quantum-Espresso/outputs/field_0/PBE-d3/coupled/data/ldos.pp.dat006

     Calling punch_plot, plot_num =   3

     Energy = -10.68630 eV, broadening =   0.10000eV
     Writing data to file  /home/ubuntu/projects/Graphene-Band-Structure-Quantum-Espresso/outputs/field_0/PBE-d3/coupled/data/ldos.pp.dat007

     Calling punch_plot, plot_num =   3

     Energy = -10.63630 eV, broadening =   0.10000eV
     Writing data to file  /home/ubuntu/projects/Graphene-Band-Structure-Quantum-Espresso/outputs/field_0/PBE-d3/coupled/data/ldos.pp.dat008

     Calling punch_plot, plot_num =   3

     Energy = -10.58630 eV, broadening =   0.10000eV
     Writing data to file  /home/ubuntu/projects/Graphene-Band-Structure-Quantum-Espresso/outputs/field_0/PBE-d3/coupled/data/ldos.pp.dat009

     Calling punch_plot, plot_num =   3

     Energy = -10.53630 eV, broadening =   0.10000eV
     Writing data to file  /home/ubuntu/projects/Graphene-Band-Structure-Quantum-Espresso/outputs/field_0/PBE-d3/coupled/data/ldos.pp.dat010

     Calling punch_plot, plot_num =   3

     Energy = -10.48630 eV, broadening =   0.10000eV
     Writing data to file  /home/ubuntu/projects/Graphene-Band-Structure-Quantum-Espresso/outputs/field_0/PBE-d3/coupled/data/ldos.pp.dat011

     Calling punch_plot, plot_num =   3

     Energy = -10.43630 eV, broadening =   0.10000eV
     Writing data to file  /home/ubuntu/projects/Graphene-Band-Structure-Quantum-Espresso/outputs/field_0/PBE-d3/coupled/data/ldos.pp.dat012

     Calling punch_plot, plot_num =   3

     Energy = -10.38630 eV, broadening =   0.10000eV
     Writing data to file  /home/ubuntu/projects/Graphene-Band-Structure-Quantum-Espresso/outputs/field_0/PBE-d3/coupled/data/ldos.pp.dat013

     Calling punch_plot, plot_num =   3

     Energy = -10.33630 eV, broadening =   0.10000eV
     Writing data to file  /home/ubuntu/projects/Graphene-Band-Structure-Quantum-Espresso/outputs/field_0/PBE-d3/coupled/data/ldos.pp.dat014

     Calling punch_plot, plot_num =   3

     Energy = -10.28630 eV, broadening =   0.10000eV
     Writing data to file  /home/ubuntu/projects/Graphene-Band-Structure-Quantum-Espresso/outputs/field_0/PBE-d3/coupled/data/ldos.pp.dat015

     Calling punch_plot, plot_num =   3

     Energy = -10.23630 eV, broadening =   0.10000eV
     Writing data to file  /home/ubuntu/projects/Graphene-Band-Structure-Quantum-Espresso/outputs/field_0/PBE-d3/coupled/data/ldos.pp.dat016

     Calling punch_plot, plot_num =   3

     Energy = -10.18630 eV, broadening =   0.10000eV
     Writing data to file  /home/ubuntu/projects/Graphene-Band-Structure-Quantum-Espresso/outputs/field_0/PBE-d3/coupled/data/ldos.pp.dat017

     Calling punch_plot, plot_num =   3

     Energy = -10.13630 eV, broadening =   0.10000eV
     Writing data to file  /home/ubuntu/projects/Graphene-Band-Structure-Quantum-Espresso/outputs/field_0/PBE-d3/coupled/data/ldos.pp.dat018

     Calling punch_plot, plot_num =   3

     Energy = -10.08630 eV, broadening =   0.10000eV
     Writing data to file  /home/ubuntu/projects/Graphene-Band-Structure-Quantum-Espresso/outputs/field_0/PBE-d3/coupled/data/ldos.pp.dat019

     Calling punch_plot, plot_num =   3

     Energy = -10.03630 eV, broadening =   0.10000eV
     Writing data to file  /home/ubuntu/projects/Graphene-Band-Structure-Quantum-Espresso/outputs/field_0/PBE-d3/coupled/data/ldos.pp.dat020

     Calling punch_plot, plot_num =   3

     Energy =  -9.98630 eV, broadening =   0.10000eV
     Writing data to file  /home/ubuntu/projects/Graphene-Band-Structure-Quantum-Espresso/outputs/field_0/PBE-d3/coupled/data/ldos.pp.dat021

     Calling punch_plot, plot_num =   3

     Energy =  -9.93630 eV, broadening =   0.10000eV
     Writing data to file  /home/ubuntu/projects/Graphene-Band-Structure-Quantum-Espresso/outputs/field_0/PBE-d3/coupled/data/ldos.pp.dat022

     Calling punch_plot, plot_num =   3

     Energy =  -9.88630 eV, broadening =   0.10000eV
     Writing data to file  /home/ubuntu/projects/Graphene-Band-Structure-Quantum-Espresso/outputs/field_0/PBE-d3/coupled/data/ldos.pp.dat023

     Calling punch_plot, plot_num =   3

     Energy =  -9.83630 eV, broadening =   0.10000eV
     Writing data to file  /home/ubuntu/projects/Graphene-Band-Structure-Quantum-Espresso/outputs/field_0/PBE-d3/coupled/data/ldos.pp.dat024

     Calling punch_plot, plot_num =   3

     Energy =  -9.78630 eV, broadening =   0.10000eV
     Writing data to file  /home/ubuntu/projects/Graphene-Band-Structure-Quantum-Espresso/outputs/field_0/PBE-d3/coupled/data/ldos.pp.dat025

     Calling punch_plot, plot_num =   3

     Energy =  -9.73630 eV, broadening =   0.10000eV
     Writing data to file  /home/ubuntu/projects/Graphene-Band-Structure-Quantum-Espresso/outputs/field_0/PBE-d3/coupled/data/ldos.pp.dat026

     Calling punch_plot, plot_num =   3

     Energy =  -9.68630 eV, broadening =   0.10000eV
     Writing data to file  /home/ubuntu/projects/Graphene-Band-Structure-Quantum-Espresso/outputs/field_0/PBE-d3/coupled/data/ldos.pp.dat027

     Calling punch_plot, plot_num =   3

     Energy =  -9.63630 eV, broadening =   0.10000eV
     Writing data to file  /home/ubuntu/projects/Graphene-Band-Structure-Quantum-Espresso/outputs/field_0/PBE-d3/coupled/data/ldos.pp.dat028

     Calling punch_plot, plot_num =   3

     Energy =  -9.58630 eV, broadening =   0.10000eV
     Writing data to file  /home/ubuntu/projects/Graphene-Band-Structure-Quantum-Espresso/outputs/field_0/PBE-d3/coupled/data/ldos.pp.dat029

     Calling punch_plot, plot_num =   3

     Energy =  -9.53630 eV, broadening =   0.10000eV
     Writing data to file  /home/ubuntu/projects/Graphene-Band-Structure-Quantum-Espresso/outputs/field_0/PBE-d3/coupled/data/ldos.pp.dat030

     Calling punch_plot, plot_num =   3

     Energy =  -9.48630 eV, broadening =   0.10000eV
     Writing data to file  /home/ubuntu/projects/Graphene-Band-Structure-Quantum-Espresso/outputs/field_0/PBE-d3/coupled/data/ldos.pp.dat031

     Calling punch_plot, plot_num =   3

     Energy =  -9.43630 eV, broadening =   0.10000eV
     Writing data to file  /home/ubuntu/projects/Graphene-Band-Structure-Quantum-Espresso/outputs/field_0/PBE-d3/coupled/data/ldos.pp.dat032

     Calling punch_plot, plot_num =   3

     Energy =  -9.38630 eV, broadening =   0.10000eV
     Writing data to file  /home/ubuntu/projects/Graphene-Band-Structure-Quantum-Espresso/outputs/field_0/PBE-d3/coupled/data/ldos.pp.dat033

     Calling punch_plot, plot_num =   3

     Energy =  -9.33630 eV, broadening =   0.10000eV
     Writing data to file  /home/ubuntu/projects/Graphene-Band-Structure-Quantum-Espresso/outputs/field_0/PBE-d3/coupled/data/ldos.pp.dat034

     Calling punch_plot, plot_num =   3

     Energy =  -9.28630 eV, broadening =   0.10000eV
     Writing data to file  /home/ubuntu/projects/Graphene-Band-Structure-Quantum-Espresso/outputs/field_0/PBE-d3/coupled/data/ldos.pp.dat035

     Calling punch_plot, plot_num =   3

     Energy =  -9.23630 eV, broadening =   0.10000eV
     Writing data to file  /home/ubuntu/projects/Graphene-Band-Structure-Quantum-Espresso/outputs/field_0/PBE-d3/coupled/data/ldos.pp.dat036

     Calling punch_plot, plot_num =   3

     Energy =  -9.18630 eV, broadening =   0.10000eV
     Writing data to file  /home/ubuntu/projects/Graphene-Band-Structure-Quantum-Espresso/outputs/field_0/PBE-d3/coupled/data/ldos.pp.dat037

     Calling punch_plot, plot_num =   3

     Energy =  -9.13630 eV, broadening =   0.10000eV
     Writing data to file  /home/ubuntu/projects/Graphene-Band-Structure-Quantum-Espresso/outputs/field_0/PBE-d3/coupled/data/ldos.pp.dat038

     Calling punch_plot, plot_num =   3

     Energy =  -9.08630 eV, broadening =   0.10000eV
     Writing data to file  /home/ubuntu/projects/Graphene-Band-Structure-Quantum-Espresso/outputs/field_0/PBE-d3/coupled/data/ldos.pp.dat039

     Calling punch_plot, plot_num =   3

     Energy =  -9.03630 eV, broadening =   0.10000eV
     Writing data to file  /home/ubuntu/projects/Graphene-Band-Structure-Quantum-Espresso/outputs/field_0/PBE-d3/coupled/data/ldos.pp.dat040

     Calling punch_plot, plot_num =   3

     Energy =  -8.98630 eV, broadening =   0.10000eV
     Writing data to file  /home/ubuntu/projects/Graphene-Band-Structure-Quantum-Espresso/outputs/field_0/PBE-d3/coupled/data/ldos.pp.dat041

     Calling punch_plot, plot_num =   3

     Energy =  -8.93630 eV, broadening =   0.10000eV
     Writing data to file  /home/ubuntu/projects/Graphene-Band-Structure-Quantum-Espresso/outputs/field_0/PBE-d3/coupled/data/ldos.pp.dat042

     Calling punch_plot, plot_num =   3

     Energy =  -8.88630 eV, broadening =   0.10000eV
     Writing data to file  /home/ubuntu/projects/Graphene-Band-Structure-Quantum-Espresso/outputs/field_0/PBE-d3/coupled/data/ldos.pp.dat043

     Calling punch_plot, plot_num =   3

     Energy =  -8.83630 eV, broadening =   0.10000eV
     Writing data to file  /home/ubuntu/projects/Graphene-Band-Structure-Quantum-Espresso/outputs/field_0/PBE-d3/coupled/data/ldos.pp.dat044

     Calling punch_plot, plot_num =   3

     Energy =  -8.78630 eV, broadening =   0.10000eV
     Writing data to file  /home/ubuntu/projects/Graphene-Band-Structure-Quantum-Espresso/outputs/field_0/PBE-d3/coupled/data/ldos.pp.dat045

     Calling punch_plot, plot_num =   3

     Energy =  -8.73630 eV, broadening =   0.10000eV
     Writing data to file  /home/ubuntu/projects/Graphene-Band-Structure-Quantum-Espresso/outputs/field_0/PBE-d3/coupled/data/ldos.pp.dat046

     Calling punch_plot, plot_num =   3

     Energy =  -8.68630 eV, broadening =   0.10000eV
     Writing data to file  /home/ubuntu/projects/Graphene-Band-Structure-Quantum-Espresso/outputs/field_0/PBE-d3/coupled/data/ldos.pp.dat047

     Calling punch_plot, plot_num =   3

     Energy =  -8.63630 eV, broadening =   0.10000eV
     Writing data to file  /home/ubuntu/projects/Graphene-Band-Structure-Quantum-Espresso/outputs/field_0/PBE-d3/coupled/data/ldos.pp.dat048

     Calling punch_plot, plot_num =   3

     Energy =  -8.58630 eV, broadening =   0.10000eV
     Writing data to file  /home/ubuntu/projects/Graphene-Band-Structure-Quantum-Espresso/outputs/field_0/PBE-d3/coupled/data/ldos.pp.dat049

     Calling punch_plot, plot_num =   3

     Energy =  -8.53630 eV, broadening =   0.10000eV
     Writing data to file  /home/ubuntu/projects/Graphene-Band-Structure-Quantum-Espresso/outputs/field_0/PBE-d3/coupled/data/ldos.pp.dat050

     Calling punch_plot, plot_num =   3

     Energy =  -8.48630 eV, broadening =   0.10000eV
     Writing data to file  /home/ubuntu/projects/Graphene-Band-Structure-Quantum-Espresso/outputs/field_0/PBE-d3/coupled/data/ldos.pp.dat051

     Calling punch_plot, plot_num =   3

     Energy =  -8.43630 eV, broadening =   0.10000eV
     Writing data to file  /home/ubuntu/projects/Graphene-Band-Structure-Quantum-Espresso/outputs/field_0/PBE-d3/coupled/data/ldos.pp.dat052

     Calling punch_plot, plot_num =   3

     Energy =  -8.38630 eV, broadening =   0.10000eV
     Writing data to file  /home/ubuntu/projects/Graphene-Band-Structure-Quantum-Espresso/outputs/field_0/PBE-d3/coupled/data/ldos.pp.dat053

     Calling punch_plot, plot_num =   3

     Energy =  -8.33630 eV, broadening =   0.10000eV
     Writing data to file  /home/ubuntu/projects/Graphene-Band-Structure-Quantum-Espresso/outputs/field_0/PBE-d3/coupled/data/ldos.pp.dat054

     Calling punch_plot, plot_num =   3

     Energy =  -8.28630 eV, broadening =   0.10000eV
     Writing data to file  /home/ubuntu/projects/Graphene-Band-Structure-Quantum-Espresso/outputs/field_0/PBE-d3/coupled/data/ldos.pp.dat055

     Calling punch_plot, plot_num =   3

     Energy =  -8.23630 eV, broadening =   0.10000eV
     Writing data to file  /home/ubuntu/projects/Graphene-Band-Structure-Quantum-Espresso/outputs/field_0/PBE-d3/coupled/data/ldos.pp.dat056

     Calling punch_plot, plot_num =   3

     Energy =  -8.18630 eV, broadening =   0.10000eV
     Writing data to file  /home/ubuntu/projects/Graphene-Band-Structure-Quantum-Espresso/outputs/field_0/PBE-d3/coupled/data/ldos.pp.dat057

     Calling punch_plot, plot_num =   3

     Energy =  -8.13630 eV, broadening =   0.10000eV
     Writing data to file  /home/ubuntu/projects/Graphene-Band-Structure-Quantum-Espresso/outputs/field_0/PBE-d3/coupled/data/ldos.pp.dat058

     Calling punch_plot, plot_num =   3

     Energy =  -8.08630 eV, broadening =   0.10000eV
     Writing data to file  /home/ubuntu/projects/Graphene-Band-Structure-Quantum-Espresso/outputs/field_0/PBE-d3/coupled/data/ldos.pp.dat059

     Calling punch_plot, plot_num =   3

     Energy =  -8.03630 eV, broadening =   0.10000eV
     Writing data to file  /home/ubuntu/projects/Graphene-Band-Structure-Quantum-Espresso/outputs/field_0/PBE-d3/coupled/data/ldos.pp.dat060

     Calling punch_plot, plot_num =   3

     Energy =  -7.98630 eV, broadening =   0.10000eV
     Writing data to file  /home/ubuntu/projects/Graphene-Band-Structure-Quantum-Espresso/outputs/field_0/PBE-d3/coupled/data/ldos.pp.dat061

     Calling punch_plot, plot_num =   3

     Energy =  -7.93630 eV, broadening =   0.10000eV
     Writing data to file  /home/ubuntu/projects/Graphene-Band-Structure-Quantum-Espresso/outputs/field_0/PBE-d3/coupled/data/ldos.pp.dat062

     Calling punch_plot, plot_num =   3

     Energy =  -7.88630 eV, broadening =   0.10000eV
     Writing data to file  /home/ubuntu/projects/Graphene-Band-Structure-Quantum-Espresso/outputs/field_0/PBE-d3/coupled/data/ldos.pp.dat063

     Calling punch_plot, plot_num =   3

     Energy =  -7.83630 eV, broadening =   0.10000eV
     Writing data to file  /home/ubuntu/projects/Graphene-Band-Structure-Quantum-Espresso/outputs/field_0/PBE-d3/coupled/data/ldos.pp.dat064

     Calling punch_plot, plot_num =   3

     Energy =  -7.78630 eV, broadening =   0.10000eV
     Writing data to file  /home/ubuntu/projects/Graphene-Band-Structure-Quantum-Espresso/outputs/field_0/PBE-d3/coupled/data/ldos.pp.dat065

     Calling punch_plot, plot_num =   3

     Energy =  -7.73630 eV, broadening =   0.10000eV
     Writing data to file  /home/ubuntu/projects/Graphene-Band-Structure-Quantum-Espresso/outputs/field_0/PBE-d3/coupled/data/ldos.pp.dat066

     Calling punch_plot, plot_num =   3

     Energy =  -7.68630 eV, broadening =   0.10000eV
     Writing data to file  /home/ubuntu/projects/Graphene-Band-Structure-Quantum-Espresso/outputs/field_0/PBE-d3/coupled/data/ldos.pp.dat067

     Calling punch_plot, plot_num =   3

     Energy =  -7.63630 eV, broadening =   0.10000eV
     Writing data to file  /home/ubuntu/projects/Graphene-Band-Structure-Quantum-Espresso/outputs/field_0/PBE-d3/coupled/data/ldos.pp.dat068

     Calling punch_plot, plot_num =   3

     Energy =  -7.58630 eV, broadening =   0.10000eV
     Writing data to file  /home/ubuntu/projects/Graphene-Band-Structure-Quantum-Espresso/outputs/field_0/PBE-d3/coupled/data/ldos.pp.dat069

     Calling punch_plot, plot_num =   3

     Energy =  -7.53630 eV, broadening =   0.10000eV
     Writing data to file  /home/ubuntu/projects/Graphene-Band-Structure-Quantum-Espresso/outputs/field_0/PBE-d3/coupled/data/ldos.pp.dat070

     Calling punch_plot, plot_num =   3

     Energy =  -7.48630 eV, broadening =   0.10000eV
     Writing data to file  /home/ubuntu/projects/Graphene-Band-Structure-Quantum-Espresso/outputs/field_0/PBE-d3/coupled/data/ldos.pp.dat071

     Calling punch_plot, plot_num =   3

     Energy =  -7.43630 eV, broadening =   0.10000eV
     Writing data to file  /home/ubuntu/projects/Graphene-Band-Structure-Quantum-Espresso/outputs/field_0/PBE-d3/coupled/data/ldos.pp.dat072

     Calling punch_plot, plot_num =   3

     Energy =  -7.38630 eV, broadening =   0.10000eV
     Writing data to file  /home/ubuntu/projects/Graphene-Band-Structure-Quantum-Espresso/outputs/field_0/PBE-d3/coupled/data/ldos.pp.dat073

     Calling punch_plot, plot_num =   3

     Energy =  -7.33630 eV, broadening =   0.10000eV
     Writing data to file  /home/ubuntu/projects/Graphene-Band-Structure-Quantum-Espresso/outputs/field_0/PBE-d3/coupled/data/ldos.pp.dat074

     Calling punch_plot, plot_num =   3

     Energy =  -7.28630 eV, broadening =   0.10000eV
     Writing data to file  /home/ubuntu/projects/Graphene-Band-Structure-Quantum-Espresso/outputs/field_0/PBE-d3/coupled/data/ldos.pp.dat075

     Calling punch_plot, plot_num =   3

     Energy =  -7.23630 eV, broadening =   0.10000eV
     Writing data to file  /home/ubuntu/projects/Graphene-Band-Structure-Quantum-Espresso/outputs/field_0/PBE-d3/coupled/data/ldos.pp.dat076

     Calling punch_plot, plot_num =   3

     Energy =  -7.18630 eV, broadening =   0.10000eV
     Writing data to file  /home/ubuntu/projects/Graphene-Band-Structure-Quantum-Espresso/outputs/field_0/PBE-d3/coupled/data/ldos.pp.dat077

     Calling punch_plot, plot_num =   3

     Energy =  -7.13630 eV, broadening =   0.10000eV
     Writing data to file  /home/ubuntu/projects/Graphene-Band-Structure-Quantum-Espresso/outputs/field_0/PBE-d3/coupled/data/ldos.pp.dat078

     Calling punch_plot, plot_num =   3

     Energy =  -7.08630 eV, broadening =   0.10000eV
     Writing data to file  /home/ubuntu/projects/Graphene-Band-Structure-Quantum-Espresso/outputs/field_0/PBE-d3/coupled/data/ldos.pp.dat079

     Calling punch_plot, plot_num =   3

     Energy =  -7.03630 eV, broadening =   0.10000eV
     Writing data to file  /home/ubuntu/projects/Graphene-Band-Structure-Quantum-Espresso/outputs/field_0/PBE-d3/coupled/data/ldos.pp.dat080

     Calling punch_plot, plot_num =   3

     Energy =  -6.98630 eV, broadening =   0.10000eV
     Writing data to file  /home/ubuntu/projects/Graphene-Band-Structure-Quantum-Espresso/outputs/field_0/PBE-d3/coupled/data/ldos.pp.dat081

     Calling punch_plot, plot_num =   3

     Energy =  -6.93630 eV, broadening =   0.10000eV
     Writing data to file  /home/ubuntu/projects/Graphene-Band-Structure-Quantum-Espresso/outputs/field_0/PBE-d3/coupled/data/ldos.pp.dat082

     Calling punch_plot, plot_num =   3

     Energy =  -6.88630 eV, broadening =   0.10000eV
     Writing data to file  /home/ubuntu/projects/Graphene-Band-Structure-Quantum-Espresso/outputs/field_0/PBE-d3/coupled/data/ldos.pp.dat083

     Calling punch_plot, plot_num =   3

     Energy =  -6.83630 eV, broadening =   0.10000eV
     Writing data to file  /home/ubuntu/projects/Graphene-Band-Structure-Quantum-Espresso/outputs/field_0/PBE-d3/coupled/data/ldos.pp.dat084

     Calling punch_plot, plot_num =   3

     Energy =  -6.78630 eV, broadening =   0.10000eV
     Writing data to file  /home/ubuntu/projects/Graphene-Band-Structure-Quantum-Espresso/outputs/field_0/PBE-d3/coupled/data/ldos.pp.dat085

     Calling punch_plot, plot_num =   3

     Energy =  -6.73630 eV, broadening =   0.10000eV
     Writing data to file  /home/ubuntu/projects/Graphene-Band-Structure-Quantum-Espresso/outputs/field_0/PBE-d3/coupled/data/ldos.pp.dat086

     Calling punch_plot, plot_num =   3

     Energy =  -6.68630 eV, broadening =   0.10000eV
     Writing data to file  /home/ubuntu/projects/Graphene-Band-Structure-Quantum-Espresso/outputs/field_0/PBE-d3/coupled/data/ldos.pp.dat087

     Calling punch_plot, plot_num =   3

     Energy =  -6.63630 eV, broadening =   0.10000eV
     Writing data to file  /home/ubuntu/projects/Graphene-Band-Structure-Quantum-Espresso/outputs/field_0/PBE-d3/coupled/data/ldos.pp.dat088

     Calling punch_plot, plot_num =   3

     Energy =  -6.58630 eV, broadening =   0.10000eV
     Writing data to file  /home/ubuntu/projects/Graphene-Band-Structure-Quantum-Espresso/outputs/field_0/PBE-d3/coupled/data/ldos.pp.dat089

     Calling punch_plot, plot_num =   3

     Energy =  -6.53630 eV, broadening =   0.10000eV
     Writing data to file  /home/ubuntu/projects/Graphene-Band-Structure-Quantum-Espresso/outputs/field_0/PBE-d3/coupled/data/ldos.pp.dat090

     Calling punch_plot, plot_num =   3

     Energy =  -6.48630 eV, broadening =   0.10000eV
     Writing data to file  /home/ubuntu/projects/Graphene-Band-Structure-Quantum-Espresso/outputs/field_0/PBE-d3/coupled/data/ldos.pp.dat091

     Calling punch_plot, plot_num =   3

     Energy =  -6.43630 eV, broadening =   0.10000eV
     Writing data to file  /home/ubuntu/projects/Graphene-Band-Structure-Quantum-Espresso/outputs/field_0/PBE-d3/coupled/data/ldos.pp.dat092

     Calling punch_plot, plot_num =   3

     Energy =  -6.38630 eV, broadening =   0.10000eV
     Writing data to file  /home/ubuntu/projects/Graphene-Band-Structure-Quantum-Espresso/outputs/field_0/PBE-d3/coupled/data/ldos.pp.dat093

     Calling punch_plot, plot_num =   3

     Energy =  -6.33630 eV, broadening =   0.10000eV
     Writing data to file  /home/ubuntu/projects/Graphene-Band-Structure-Quantum-Espresso/outputs/field_0/PBE-d3/coupled/data/ldos.pp.dat094

     Calling punch_plot, plot_num =   3

     Energy =  -6.28630 eV, broadening =   0.10000eV
     Writing data to file  /home/ubuntu/projects/Graphene-Band-Structure-Quantum-Espresso/outputs/field_0/PBE-d3/coupled/data/ldos.pp.dat095

     Calling punch_plot, plot_num =   3

     Energy =  -6.23630 eV, broadening =   0.10000eV
     Writing data to file  /home/ubuntu/projects/Graphene-Band-Structure-Quantum-Espresso/outputs/field_0/PBE-d3/coupled/data/ldos.pp.dat096

     Calling punch_plot, plot_num =   3

     Energy =  -6.18630 eV, broadening =   0.10000eV
     Writing data to file  /home/ubuntu/projects/Graphene-Band-Structure-Quantum-Espresso/outputs/field_0/PBE-d3/coupled/data/ldos.pp.dat097

     Calling punch_plot, plot_num =   3

     Energy =  -6.13630 eV, broadening =   0.10000eV
     Writing data to file  /home/ubuntu/projects/Graphene-Band-Structure-Quantum-Espresso/outputs/field_0/PBE-d3/coupled/data/ldos.pp.dat098

     Calling punch_plot, plot_num =   3

     Energy =  -6.08630 eV, broadening =   0.10000eV
     Writing data to file  /home/ubuntu/projects/Graphene-Band-Structure-Quantum-Espresso/outputs/field_0/PBE-d3/coupled/data/ldos.pp.dat099

     Calling punch_plot, plot_num =   3

     Energy =  -6.03630 eV, broadening =   0.10000eV
     Writing data to file  /home/ubuntu/projects/Graphene-Band-Structure-Quantum-Espresso/outputs/field_0/PBE-d3/coupled/data/ldos.pp.dat100

     Calling punch_plot, plot_num =   3

     Energy =  -5.98630 eV, broadening =   0.10000eV
     Writing data to file  /home/ubuntu/projects/Graphene-Band-Structure-Quantum-Espresso/outputs/field_0/PBE-d3/coupled/data/ldos.pp.dat101

     Calling punch_plot, plot_num =   3

     Energy =  -5.93630 eV, broadening =   0.10000eV
     Writing data to file  /home/ubuntu/projects/Graphene-Band-Structure-Quantum-Espresso/outputs/field_0/PBE-d3/coupled/data/ldos.pp.dat102

     Calling punch_plot, plot_num =   3

     Energy =  -5.88630 eV, broadening =   0.10000eV
     Writing data to file  /home/ubuntu/projects/Graphene-Band-Structure-Quantum-Espresso/outputs/field_0/PBE-d3/coupled/data/ldos.pp.dat103

     Calling punch_plot, plot_num =   3

     Energy =  -5.83630 eV, broadening =   0.10000eV
     Writing data to file  /home/ubuntu/projects/Graphene-Band-Structure-Quantum-Espresso/outputs/field_0/PBE-d3/coupled/data/ldos.pp.dat104

     Calling punch_plot, plot_num =   3

     Energy =  -5.78630 eV, broadening =   0.10000eV
     Writing data to file  /home/ubuntu/projects/Graphene-Band-Structure-Quantum-Espresso/outputs/field_0/PBE-d3/coupled/data/ldos.pp.dat105

     Calling punch_plot, plot_num =   3

     Energy =  -5.73630 eV, broadening =   0.10000eV
     Writing data to file  /home/ubuntu/projects/Graphene-Band-Structure-Quantum-Espresso/outputs/field_0/PBE-d3/coupled/data/ldos.pp.dat106

     Calling punch_plot, plot_num =   3

     Energy =  -5.68630 eV, broadening =   0.10000eV
     Writing data to file  /home/ubuntu/projects/Graphene-Band-Structure-Quantum-Espresso/outputs/field_0/PBE-d3/coupled/data/ldos.pp.dat107

     Calling punch_plot, plot_num =   3

     Energy =  -5.63630 eV, broadening =   0.10000eV
     Writing data to file  /home/ubuntu/projects/Graphene-Band-Structure-Quantum-Espresso/outputs/field_0/PBE-d3/coupled/data/ldos.pp.dat108

     Calling punch_plot, plot_num =   3

     Energy =  -5.58630 eV, broadening =   0.10000eV
     Writing data to file  /home/ubuntu/projects/Graphene-Band-Structure-Quantum-Espresso/outputs/field_0/PBE-d3/coupled/data/ldos.pp.dat109

     Calling punch_plot, plot_num =   3

     Energy =  -5.53630 eV, broadening =   0.10000eV
     Writing data to file  /home/ubuntu/projects/Graphene-Band-Structure-Quantum-Espresso/outputs/field_0/PBE-d3/coupled/data/ldos.pp.dat110

     Calling punch_plot, plot_num =   3

     Energy =  -5.48630 eV, broadening =   0.10000eV
     Writing data to file  /home/ubuntu/projects/Graphene-Band-Structure-Quantum-Espresso/outputs/field_0/PBE-d3/coupled/data/ldos.pp.dat111

     Calling punch_plot, plot_num =   3

     Energy =  -5.43630 eV, broadening =   0.10000eV
     Writing data to file  /home/ubuntu/projects/Graphene-Band-Structure-Quantum-Espresso/outputs/field_0/PBE-d3/coupled/data/ldos.pp.dat112

     Calling punch_plot, plot_num =   3

     Energy =  -5.38630 eV, broadening =   0.10000eV
     Writing data to file  /home/ubuntu/projects/Graphene-Band-Structure-Quantum-Espresso/outputs/field_0/PBE-d3/coupled/data/ldos.pp.dat113

     Calling punch_plot, plot_num =   3

     Energy =  -5.33630 eV, broadening =   0.10000eV
     Writing data to file  /home/ubuntu/projects/Graphene-Band-Structure-Quantum-Espresso/outputs/field_0/PBE-d3/coupled/data/ldos.pp.dat114

     Calling punch_plot, plot_num =   3

     Energy =  -5.28630 eV, broadening =   0.10000eV
     Writing data to file  /home/ubuntu/projects/Graphene-Band-Structure-Quantum-Espresso/outputs/field_0/PBE-d3/coupled/data/ldos.pp.dat115

     Calling punch_plot, plot_num =   3

     Energy =  -5.23630 eV, broadening =   0.10000eV
     Writing data to file  /home/ubuntu/projects/Graphene-Band-Structure-Quantum-Espresso/outputs/field_0/PBE-d3/coupled/data/ldos.pp.dat116

     Calling punch_plot, plot_num =   3

     Energy =  -5.18630 eV, broadening =   0.10000eV
     Writing data to file  /home/ubuntu/projects/Graphene-Band-Structure-Quantum-Espresso/outputs/field_0/PBE-d3/coupled/data/ldos.pp.dat117

     Calling punch_plot, plot_num =   3

     Energy =  -5.13630 eV, broadening =   0.10000eV
     Writing data to file  /home/ubuntu/projects/Graphene-Band-Structure-Quantum-Espresso/outputs/field_0/PBE-d3/coupled/data/ldos.pp.dat118

     Calling punch_plot, plot_num =   3

     Energy =  -5.08630 eV, broadening =   0.10000eV
     Writing data to file  /home/ubuntu/projects/Graphene-Band-Structure-Quantum-Espresso/outputs/field_0/PBE-d3/coupled/data/ldos.pp.dat119

     Calling punch_plot, plot_num =   3

     Energy =  -5.03630 eV, broadening =   0.10000eV
     Writing data to file  /home/ubuntu/projects/Graphene-Band-Structure-Quantum-Espresso/outputs/field_0/PBE-d3/coupled/data/ldos.pp.dat120

     Calling punch_plot, plot_num =   3

     Energy =  -4.98630 eV, broadening =   0.10000eV
     Writing data to file  /home/ubuntu/projects/Graphene-Band-Structure-Quantum-Espresso/outputs/field_0/PBE-d3/coupled/data/ldos.pp.dat121

     Calling punch_plot, plot_num =   3

     Energy =  -4.93630 eV, broadening =   0.10000eV
     Writing data to file  /home/ubuntu/projects/Graphene-Band-Structure-Quantum-Espresso/outputs/field_0/PBE-d3/coupled/data/ldos.pp.dat122

     Calling punch_plot, plot_num =   3

     Energy =  -4.88630 eV, broadening =   0.10000eV
     Writing data to file  /home/ubuntu/projects/Graphene-Band-Structure-Quantum-Espresso/outputs/field_0/PBE-d3/coupled/data/ldos.pp.dat123

     Calling punch_plot, plot_num =   3

     Energy =  -4.83630 eV, broadening =   0.10000eV
     Writing data to file  /home/ubuntu/projects/Graphene-Band-Structure-Quantum-Espresso/outputs/field_0/PBE-d3/coupled/data/ldos.pp.dat124

     Calling punch_plot, plot_num =   3

     Energy =  -4.78630 eV, broadening =   0.10000eV
     Writing data to file  /home/ubuntu/projects/Graphene-Band-Structure-Quantum-Espresso/outputs/field_0/PBE-d3/coupled/data/ldos.pp.dat125

     Calling punch_plot, plot_num =   3

     Energy =  -4.73630 eV, broadening =   0.10000eV
     Writing data to file  /home/ubuntu/projects/Graphene-Band-Structure-Quantum-Espresso/outputs/field_0/PBE-d3/coupled/data/ldos.pp.dat126

     Calling punch_plot, plot_num =   3

     Energy =  -4.68630 eV, broadening =   0.10000eV
     Writing data to file  /home/ubuntu/projects/Graphene-Band-Structure-Quantum-Espresso/outputs/field_0/PBE-d3/coupled/data/ldos.pp.dat127

     Calling punch_plot, plot_num =   3

     Energy =  -4.63630 eV, broadening =   0.10000eV
     Writing data to file  /home/ubuntu/projects/Graphene-Band-Structure-Quantum-Espresso/outputs/field_0/PBE-d3/coupled/data/ldos.pp.dat128

     Calling punch_plot, plot_num =   3

     Energy =  -4.58630 eV, broadening =   0.10000eV
     Writing data to file  /home/ubuntu/projects/Graphene-Band-Structure-Quantum-Espresso/outputs/field_0/PBE-d3/coupled/data/ldos.pp.dat129

     Calling punch_plot, plot_num =   3

     Energy =  -4.53630 eV, broadening =   0.10000eV
     Writing data to file  /home/ubuntu/projects/Graphene-Band-Structure-Quantum-Espresso/outputs/field_0/PBE-d3/coupled/data/ldos.pp.dat130

     Calling punch_plot, plot_num =   3

     Energy =  -4.48630 eV, broadening =   0.10000eV
     Writing data to file  /home/ubuntu/projects/Graphene-Band-Structure-Quantum-Espresso/outputs/field_0/PBE-d3/coupled/data/ldos.pp.dat131

     Calling punch_plot, plot_num =   3

     Energy =  -4.43630 eV, broadening =   0.10000eV
     Writing data to file  /home/ubuntu/projects/Graphene-Band-Structure-Quantum-Espresso/outputs/field_0/PBE-d3/coupled/data/ldos.pp.dat132

     Calling punch_plot, plot_num =   3

     Energy =  -4.38630 eV, broadening =   0.10000eV
     Writing data to file  /home/ubuntu/projects/Graphene-Band-Structure-Quantum-Espresso/outputs/field_0/PBE-d3/coupled/data/ldos.pp.dat133

     Calling punch_plot, plot_num =   3

     Energy =  -4.33630 eV, broadening =   0.10000eV
     Writing data to file  /home/ubuntu/projects/Graphene-Band-Structure-Quantum-Espresso/outputs/field_0/PBE-d3/coupled/data/ldos.pp.dat134

     Calling punch_plot, plot_num =   3

     Energy =  -4.28630 eV, broadening =   0.10000eV
     Writing data to file  /home/ubuntu/projects/Graphene-Band-Structure-Quantum-Espresso/outputs/field_0/PBE-d3/coupled/data/ldos.pp.dat135

     Calling punch_plot, plot_num =   3

     Energy =  -4.23630 eV, broadening =   0.10000eV
     Writing data to file  /home/ubuntu/projects/Graphene-Band-Structure-Quantum-Espresso/outputs/field_0/PBE-d3/coupled/data/ldos.pp.dat136

     Calling punch_plot, plot_num =   3

     Energy =  -4.18630 eV, broadening =   0.10000eV
     Writing data to file  /home/ubuntu/projects/Graphene-Band-Structure-Quantum-Espresso/outputs/field_0/PBE-d3/coupled/data/ldos.pp.dat137

     Calling punch_plot, plot_num =   3

     Energy =  -4.13630 eV, broadening =   0.10000eV
     Writing data to file  /home/ubuntu/projects/Graphene-Band-Structure-Quantum-Espresso/outputs/field_0/PBE-d3/coupled/data/ldos.pp.dat138

     Calling punch_plot, plot_num =   3

     Energy =  -4.08630 eV, broadening =   0.10000eV
     Writing data to file  /home/ubuntu/projects/Graphene-Band-Structure-Quantum-Espresso/outputs/field_0/PBE-d3/coupled/data/ldos.pp.dat139

     Calling punch_plot, plot_num =   3

     Energy =  -4.03630 eV, broadening =   0.10000eV
     Writing data to file  /home/ubuntu/projects/Graphene-Band-Structure-Quantum-Espresso/outputs/field_0/PBE-d3/coupled/data/ldos.pp.dat140

     Calling punch_plot, plot_num =   3

     Energy =  -3.98630 eV, broadening =   0.10000eV
     Writing data to file  /home/ubuntu/projects/Graphene-Band-Structure-Quantum-Espresso/outputs/field_0/PBE-d3/coupled/data/ldos.pp.dat141

     Calling punch_plot, plot_num =   3

     Energy =  -3.93630 eV, broadening =   0.10000eV
     Writing data to file  /home/ubuntu/projects/Graphene-Band-Structure-Quantum-Espresso/outputs/field_0/PBE-d3/coupled/data/ldos.pp.dat142

     Calling punch_plot, plot_num =   3

     Energy =  -3.88630 eV, broadening =   0.10000eV
     Writing data to file  /home/ubuntu/projects/Graphene-Band-Structure-Quantum-Espresso/outputs/field_0/PBE-d3/coupled/data/ldos.pp.dat143

     Calling punch_plot, plot_num =   3

     Energy =  -3.83630 eV, broadening =   0.10000eV
     Writing data to file  /home/ubuntu/projects/Graphene-Band-Structure-Quantum-Espresso/outputs/field_0/PBE-d3/coupled/data/ldos.pp.dat144

     Calling punch_plot, plot_num =   3

     Energy =  -3.78630 eV, broadening =   0.10000eV
     Writing data to file  /home/ubuntu/projects/Graphene-Band-Structure-Quantum-Espresso/outputs/field_0/PBE-d3/coupled/data/ldos.pp.dat145

     Calling punch_plot, plot_num =   3

     Energy =  -3.73630 eV, broadening =   0.10000eV
     Writing data to file  /home/ubuntu/projects/Graphene-Band-Structure-Quantum-Espresso/outputs/field_0/PBE-d3/coupled/data/ldos.pp.dat146

     Calling punch_plot, plot_num =   3

     Energy =  -3.68630 eV, broadening =   0.10000eV
     Writing data to file  /home/ubuntu/projects/Graphene-Band-Structure-Quantum-Espresso/outputs/field_0/PBE-d3/coupled/data/ldos.pp.dat147

     Calling punch_plot, plot_num =   3

     Energy =  -3.63630 eV, broadening =   0.10000eV
     Writing data to file  /home/ubuntu/projects/Graphene-Band-Structure-Quantum-Espresso/outputs/field_0/PBE-d3/coupled/data/ldos.pp.dat148

     Calling punch_plot, plot_num =   3

     Energy =  -3.58630 eV, broadening =   0.10000eV
     Writing data to file  /home/ubuntu/projects/Graphene-Band-Structure-Quantum-Espresso/outputs/field_0/PBE-d3/coupled/data/ldos.pp.dat149

     Calling punch_plot, plot_num =   3

     Energy =  -3.53630 eV, broadening =   0.10000eV
     Writing data to file  /home/ubuntu/projects/Graphene-Band-Structure-Quantum-Espresso/outputs/field_0/PBE-d3/coupled/data/ldos.pp.dat150

     Calling punch_plot, plot_num =   3

     Energy =  -3.48630 eV, broadening =   0.10000eV
     Writing data to file  /home/ubuntu/projects/Graphene-Band-Structure-Quantum-Espresso/outputs/field_0/PBE-d3/coupled/data/ldos.pp.dat151

     Calling punch_plot, plot_num =   3

     Energy =  -3.43630 eV, broadening =   0.10000eV
     Writing data to file  /home/ubuntu/projects/Graphene-Band-Structure-Quantum-Espresso/outputs/field_0/PBE-d3/coupled/data/ldos.pp.dat152

     Calling punch_plot, plot_num =   3

     Energy =  -3.38630 eV, broadening =   0.10000eV
     Writing data to file  /home/ubuntu/projects/Graphene-Band-Structure-Quantum-Espresso/outputs/field_0/PBE-d3/coupled/data/ldos.pp.dat153

     Calling punch_plot, plot_num =   3

     Energy =  -3.33630 eV, broadening =   0.10000eV
     Writing data to file  /home/ubuntu/projects/Graphene-Band-Structure-Quantum-Espresso/outputs/field_0/PBE-d3/coupled/data/ldos.pp.dat154

     Calling punch_plot, plot_num =   3

     Energy =  -3.28630 eV, broadening =   0.10000eV
     Writing data to file  /home/ubuntu/projects/Graphene-Band-Structure-Quantum-Espresso/outputs/field_0/PBE-d3/coupled/data/ldos.pp.dat155

     Calling punch_plot, plot_num =   3

     Energy =  -3.23630 eV, broadening =   0.10000eV
     Writing data to file  /home/ubuntu/projects/Graphene-Band-Structure-Quantum-Espresso/outputs/field_0/PBE-d3/coupled/data/ldos.pp.dat156

     Calling punch_plot, plot_num =   3

     Energy =  -3.18630 eV, broadening =   0.10000eV
     Writing data to file  /home/ubuntu/projects/Graphene-Band-Structure-Quantum-Espresso/outputs/field_0/PBE-d3/coupled/data/ldos.pp.dat157

     Calling punch_plot, plot_num =   3

     Energy =  -3.13630 eV, broadening =   0.10000eV
     Writing data to file  /home/ubuntu/projects/Graphene-Band-Structure-Quantum-Espresso/outputs/field_0/PBE-d3/coupled/data/ldos.pp.dat158

     Calling punch_plot, plot_num =   3

     Energy =  -3.08630 eV, broadening =   0.10000eV
     Writing data to file  /home/ubuntu/projects/Graphene-Band-Structure-Quantum-Espresso/outputs/field_0/PBE-d3/coupled/data/ldos.pp.dat159

     Calling punch_plot, plot_num =   3

     Energy =  -3.03630 eV, broadening =   0.10000eV
     Writing data to file  /home/ubuntu/projects/Graphene-Band-Structure-Quantum-Espresso/outputs/field_0/PBE-d3/coupled/data/ldos.pp.dat160

     Calling punch_plot, plot_num =   3

     Energy =  -2.98630 eV, broadening =   0.10000eV
     Writing data to file  /home/ubuntu/projects/Graphene-Band-Structure-Quantum-Espresso/outputs/field_0/PBE-d3/coupled/data/ldos.pp.dat161

     Calling punch_plot, plot_num =   3

     Energy =  -2.93630 eV, broadening =   0.10000eV
     Writing data to file  /home/ubuntu/projects/Graphene-Band-Structure-Quantum-Espresso/outputs/field_0/PBE-d3/coupled/data/ldos.pp.dat162

     Calling punch_plot, plot_num =   3

     Energy =  -2.88630 eV, broadening =   0.10000eV
     Writing data to file  /home/ubuntu/projects/Graphene-Band-Structure-Quantum-Espresso/outputs/field_0/PBE-d3/coupled/data/ldos.pp.dat163

     Calling punch_plot, plot_num =   3

     Energy =  -2.83630 eV, broadening =   0.10000eV
     Writing data to file  /home/ubuntu/projects/Graphene-Band-Structure-Quantum-Espresso/outputs/field_0/PBE-d3/coupled/data/ldos.pp.dat164

     Calling punch_plot, plot_num =   3

     Energy =  -2.78630 eV, broadening =   0.10000eV
     Writing data to file  /home/ubuntu/projects/Graphene-Band-Structure-Quantum-Espresso/outputs/field_0/PBE-d3/coupled/data/ldos.pp.dat165

     Calling punch_plot, plot_num =   3

     Energy =  -2.73630 eV, broadening =   0.10000eV
     Writing data to file  /home/ubuntu/projects/Graphene-Band-Structure-Quantum-Espresso/outputs/field_0/PBE-d3/coupled/data/ldos.pp.dat166

     Calling punch_plot, plot_num =   3

     Energy =  -2.68630 eV, broadening =   0.10000eV
     Writing data to file  /home/ubuntu/projects/Graphene-Band-Structure-Quantum-Espresso/outputs/field_0/PBE-d3/coupled/data/ldos.pp.dat167

     Calling punch_plot, plot_num =   3

     Energy =  -2.63630 eV, broadening =   0.10000eV
     Writing data to file  /home/ubuntu/projects/Graphene-Band-Structure-Quantum-Espresso/outputs/field_0/PBE-d3/coupled/data/ldos.pp.dat168

     Calling punch_plot, plot_num =   3

     Energy =  -2.58630 eV, broadening =   0.10000eV
     Writing data to file  /home/ubuntu/projects/Graphene-Band-Structure-Quantum-Espresso/outputs/field_0/PBE-d3/coupled/data/ldos.pp.dat169

     Calling punch_plot, plot_num =   3

     Energy =  -2.53630 eV, broadening =   0.10000eV
     Writing data to file  /home/ubuntu/projects/Graphene-Band-Structure-Quantum-Espresso/outputs/field_0/PBE-d3/coupled/data/ldos.pp.dat170

     Calling punch_plot, plot_num =   3

     Energy =  -2.48630 eV, broadening =   0.10000eV
     Writing data to file  /home/ubuntu/projects/Graphene-Band-Structure-Quantum-Espresso/outputs/field_0/PBE-d3/coupled/data/ldos.pp.dat171

     Calling punch_plot, plot_num =   3

     Energy =  -2.43630 eV, broadening =   0.10000eV
     Writing data to file  /home/ubuntu/projects/Graphene-Band-Structure-Quantum-Espresso/outputs/field_0/PBE-d3/coupled/data/ldos.pp.dat172

     Calling punch_plot, plot_num =   3

     Energy =  -2.38630 eV, broadening =   0.10000eV
     Writing data to file  /home/ubuntu/projects/Graphene-Band-Structure-Quantum-Espresso/outputs/field_0/PBE-d3/coupled/data/ldos.pp.dat173

     Calling punch_plot, plot_num =   3

     Energy =  -2.33630 eV, broadening =   0.10000eV
     Writing data to file  /home/ubuntu/projects/Graphene-Band-Structure-Quantum-Espresso/outputs/field_0/PBE-d3/coupled/data/ldos.pp.dat174

     Calling punch_plot, plot_num =   3

     Energy =  -2.28630 eV, broadening =   0.10000eV
     Writing data to file  /home/ubuntu/projects/Graphene-Band-Structure-Quantum-Espresso/outputs/field_0/PBE-d3/coupled/data/ldos.pp.dat175

     Calling punch_plot, plot_num =   3

     Energy =  -2.23630 eV, broadening =   0.10000eV
     Writing data to file  /home/ubuntu/projects/Graphene-Band-Structure-Quantum-Espresso/outputs/field_0/PBE-d3/coupled/data/ldos.pp.dat176

     Calling punch_plot, plot_num =   3

     Energy =  -2.18630 eV, broadening =   0.10000eV
     Writing data to file  /home/ubuntu/projects/Graphene-Band-Structure-Quantum-Espresso/outputs/field_0/PBE-d3/coupled/data/ldos.pp.dat177

     Calling punch_plot, plot_num =   3

     Energy =  -2.13630 eV, broadening =   0.10000eV
     Writing data to file  /home/ubuntu/projects/Graphene-Band-Structure-Quantum-Espresso/outputs/field_0/PBE-d3/coupled/data/ldos.pp.dat178

     Calling punch_plot, plot_num =   3

     Energy =  -2.08630 eV, broadening =   0.10000eV
     Writing data to file  /home/ubuntu/projects/Graphene-Band-Structure-Quantum-Espresso/outputs/field_0/PBE-d3/coupled/data/ldos.pp.dat179

     Calling punch_plot, plot_num =   3

     Energy =  -2.03630 eV, broadening =   0.10000eV
     Writing data to file  /home/ubuntu/projects/Graphene-Band-Structure-Quantum-Espresso/outputs/field_0/PBE-d3/coupled/data/ldos.pp.dat180

     Calling punch_plot, plot_num =   3

     Energy =  -1.98630 eV, broadening =   0.10000eV
     Writing data to file  /home/ubuntu/projects/Graphene-Band-Structure-Quantum-Espresso/outputs/field_0/PBE-d3/coupled/data/ldos.pp.dat181

     Calling punch_plot, plot_num =   3

     Energy =  -1.93630 eV, broadening =   0.10000eV
     Writing data to file  /home/ubuntu/projects/Graphene-Band-Structure-Quantum-Espresso/outputs/field_0/PBE-d3/coupled/data/ldos.pp.dat182

     Calling punch_plot, plot_num =   3

     Energy =  -1.88630 eV, broadening =   0.10000eV
     Writing data to file  /home/ubuntu/projects/Graphene-Band-Structure-Quantum-Espresso/outputs/field_0/PBE-d3/coupled/data/ldos.pp.dat183

     Calling punch_plot, plot_num =   3

     Energy =  -1.83630 eV, broadening =   0.10000eV
     Writing data to file  /home/ubuntu/projects/Graphene-Band-Structure-Quantum-Espresso/outputs/field_0/PBE-d3/coupled/data/ldos.pp.dat184

     Calling punch_plot, plot_num =   3

     Energy =  -1.78630 eV, broadening =   0.10000eV
     Writing data to file  /home/ubuntu/projects/Graphene-Band-Structure-Quantum-Espresso/outputs/field_0/PBE-d3/coupled/data/ldos.pp.dat185

     Calling punch_plot, plot_num =   3

     Energy =  -1.73630 eV, broadening =   0.10000eV
     Writing data to file  /home/ubuntu/projects/Graphene-Band-Structure-Quantum-Espresso/outputs/field_0/PBE-d3/coupled/data/ldos.pp.dat186

     Calling punch_plot, plot_num =   3

     Energy =  -1.68630 eV, broadening =   0.10000eV
     Writing data to file  /home/ubuntu/projects/Graphene-Band-Structure-Quantum-Espresso/outputs/field_0/PBE-d3/coupled/data/ldos.pp.dat187

     Calling punch_plot, plot_num =   3

     Energy =  -1.63630 eV, broadening =   0.10000eV
     Writing data to file  /home/ubuntu/projects/Graphene-Band-Structure-Quantum-Espresso/outputs/field_0/PBE-d3/coupled/data/ldos.pp.dat188

     Calling punch_plot, plot_num =   3

     Energy =  -1.58630 eV, broadening =   0.10000eV
     Writing data to file  /home/ubuntu/projects/Graphene-Band-Structure-Quantum-Espresso/outputs/field_0/PBE-d3/coupled/data/ldos.pp.dat189

     Calling punch_plot, plot_num =   3

     Energy =  -1.53630 eV, broadening =   0.10000eV
     Writing data to file  /home/ubuntu/projects/Graphene-Band-Structure-Quantum-Espresso/outputs/field_0/PBE-d3/coupled/data/ldos.pp.dat190

     Calling punch_plot, plot_num =   3

     Energy =  -1.48630 eV, broadening =   0.10000eV
     Writing data to file  /home/ubuntu/projects/Graphene-Band-Structure-Quantum-Espresso/outputs/field_0/PBE-d3/coupled/data/ldos.pp.dat191

     Calling punch_plot, plot_num =   3

     Energy =  -1.43630 eV, broadening =   0.10000eV
     Writing data to file  /home/ubuntu/projects/Graphene-Band-Structure-Quantum-Espresso/outputs/field_0/PBE-d3/coupled/data/ldos.pp.dat192

     Calling punch_plot, plot_num =   3

     Energy =  -1.38630 eV, broadening =   0.10000eV
     Writing data to file  /home/ubuntu/projects/Graphene-Band-Structure-Quantum-Espresso/outputs/field_0/PBE-d3/coupled/data/ldos.pp.dat193

     Calling punch_plot, plot_num =   3

     Energy =  -1.33630 eV, broadening =   0.10000eV
     Writing data to file  /home/ubuntu/projects/Graphene-Band-Structure-Quantum-Espresso/outputs/field_0/PBE-d3/coupled/data/ldos.pp.dat194

     Calling punch_plot, plot_num =   3

     Energy =  -1.28630 eV, broadening =   0.10000eV
     Writing data to file  /home/ubuntu/projects/Graphene-Band-Structure-Quantum-Espresso/outputs/field_0/PBE-d3/coupled/data/ldos.pp.dat195

     Calling punch_plot, plot_num =   3

     Energy =  -1.23630 eV, broadening =   0.10000eV
     Writing data to file  /home/ubuntu/projects/Graphene-Band-Structure-Quantum-Espresso/outputs/field_0/PBE-d3/coupled/data/ldos.pp.dat196

     Calling punch_plot, plot_num =   3

     Energy =  -1.18630 eV, broadening =   0.10000eV
     Writing data to file  /home/ubuntu/projects/Graphene-Band-Structure-Quantum-Espresso/outputs/field_0/PBE-d3/coupled/data/ldos.pp.dat197

     Calling punch_plot, plot_num =   3

     Energy =  -1.13630 eV, broadening =   0.10000eV
     Writing data to file  /home/ubuntu/projects/Graphene-Band-Structure-Quantum-Espresso/outputs/field_0/PBE-d3/coupled/data/ldos.pp.dat198

     Calling punch_plot, plot_num =   3

     Energy =  -1.08630 eV, broadening =   0.10000eV
     Writing data to file  /home/ubuntu/projects/Graphene-Band-Structure-Quantum-Espresso/outputs/field_0/PBE-d3/coupled/data/ldos.pp.dat199

     Calling punch_plot, plot_num =   3

     Energy =  -1.03630 eV, broadening =   0.10000eV
     Writing data to file  /home/ubuntu/projects/Graphene-Band-Structure-Quantum-Espresso/outputs/field_0/PBE-d3/coupled/data/ldos.pp.dat200

     Calling punch_plot, plot_num =   3

     Energy =  -0.98630 eV, broadening =   0.10000eV
     Writing data to file  /home/ubuntu/projects/Graphene-Band-Structure-Quantum-Espresso/outputs/field_0/PBE-d3/coupled/data/ldos.pp.dat201

     Calling punch_plot, plot_num =   3

     Energy =  -0.93630 eV, broadening =   0.10000eV
     Writing data to file  /home/ubuntu/projects/Graphene-Band-Structure-Quantum-Espresso/outputs/field_0/PBE-d3/coupled/data/ldos.pp.dat202

     Calling punch_plot, plot_num =   3

     Energy =  -0.88630 eV, broadening =   0.10000eV
     Writing data to file  /home/ubuntu/projects/Graphene-Band-Structure-Quantum-Espresso/outputs/field_0/PBE-d3/coupled/data/ldos.pp.dat203

     Calling punch_plot, plot_num =   3

     Energy =  -0.83630 eV, broadening =   0.10000eV
     Writing data to file  /home/ubuntu/projects/Graphene-Band-Structure-Quantum-Espresso/outputs/field_0/PBE-d3/coupled/data/ldos.pp.dat204

     Calling punch_plot, plot_num =   3

     Energy =  -0.78630 eV, broadening =   0.10000eV
     Writing data to file  /home/ubuntu/projects/Graphene-Band-Structure-Quantum-Espresso/outputs/field_0/PBE-d3/coupled/data/ldos.pp.dat205

     Calling punch_plot, plot_num =   3

     Energy =  -0.73630 eV, broadening =   0.10000eV
     Writing data to file  /home/ubuntu/projects/Graphene-Band-Structure-Quantum-Espresso/outputs/field_0/PBE-d3/coupled/data/ldos.pp.dat206

     Calling punch_plot, plot_num =   3

     Energy =  -0.68630 eV, broadening =   0.10000eV
     Writing data to file  /home/ubuntu/projects/Graphene-Band-Structure-Quantum-Espresso/outputs/field_0/PBE-d3/coupled/data/ldos.pp.dat207

     Calling punch_plot, plot_num =   3

     Energy =  -0.63630 eV, broadening =   0.10000eV
     Writing data to file  /home/ubuntu/projects/Graphene-Band-Structure-Quantum-Espresso/outputs/field_0/PBE-d3/coupled/data/ldos.pp.dat208

     Calling punch_plot, plot_num =   3

     Energy =  -0.58630 eV, broadening =   0.10000eV
     Writing data to file  /home/ubuntu/projects/Graphene-Band-Structure-Quantum-Espresso/outputs/field_0/PBE-d3/coupled/data/ldos.pp.dat209

     Calling punch_plot, plot_num =   3

     Energy =  -0.53630 eV, broadening =   0.10000eV
     Writing data to file  /home/ubuntu/projects/Graphene-Band-Structure-Quantum-Espresso/outputs/field_0/PBE-d3/coupled/data/ldos.pp.dat210

     Calling punch_plot, plot_num =   3

     Energy =  -0.48630 eV, broadening =   0.10000eV
     Writing data to file  /home/ubuntu/projects/Graphene-Band-Structure-Quantum-Espresso/outputs/field_0/PBE-d3/coupled/data/ldos.pp.dat211

     Calling punch_plot, plot_num =   3

     Energy =  -0.43630 eV, broadening =   0.10000eV
     Writing data to file  /home/ubuntu/projects/Graphene-Band-Structure-Quantum-Espresso/outputs/field_0/PBE-d3/coupled/data/ldos.pp.dat212

     Calling punch_plot, plot_num =   3

     Energy =  -0.38630 eV, broadening =   0.10000eV
     Writing data to file  /home/ubuntu/projects/Graphene-Band-Structure-Quantum-Espresso/outputs/field_0/PBE-d3/coupled/data/ldos.pp.dat213

     Calling punch_plot, plot_num =   3

     Energy =  -0.33630 eV, broadening =   0.10000eV
     Writing data to file  /home/ubuntu/projects/Graphene-Band-Structure-Quantum-Espresso/outputs/field_0/PBE-d3/coupled/data/ldos.pp.dat214

     Calling punch_plot, plot_num =   3

     Energy =  -0.28630 eV, broadening =   0.10000eV
     Writing data to file  /home/ubuntu/projects/Graphene-Band-Structure-Quantum-Espresso/outputs/field_0/PBE-d3/coupled/data/ldos.pp.dat215

     Calling punch_plot, plot_num =   3

     Energy =  -0.23630 eV, broadening =   0.10000eV
     Writing data to file  /home/ubuntu/projects/Graphene-Band-Structure-Quantum-Espresso/outputs/field_0/PBE-d3/coupled/data/ldos.pp.dat216

     Calling punch_plot, plot_num =   3

     Energy =  -0.18630 eV, broadening =   0.10000eV
     Writing data to file  /home/ubuntu/projects/Graphene-Band-Structure-Quantum-Espresso/outputs/field_0/PBE-d3/coupled/data/ldos.pp.dat217

     Calling punch_plot, plot_num =   3

     Energy =  -0.13630 eV, broadening =   0.10000eV
     Writing data to file  /home/ubuntu/projects/Graphene-Band-Structure-Quantum-Espresso/outputs/field_0/PBE-d3/coupled/data/ldos.pp.dat218

     Calling punch_plot, plot_num =   3

     Energy =  -0.08630 eV, broadening =   0.10000eV
     Writing data to file  /home/ubuntu/projects/Graphene-Band-Structure-Quantum-Espresso/outputs/field_0/PBE-d3/coupled/data/ldos.pp.dat219

     Calling punch_plot, plot_num =   3

     Energy =  -0.03630 eV, broadening =   0.10000eV
     Writing data to file  /home/ubuntu/projects/Graphene-Band-Structure-Quantum-Espresso/outputs/field_0/PBE-d3/coupled/data/ldos.pp.dat220

     Calling punch_plot, plot_num =   3

     Energy =   0.01370 eV, broadening =   0.10000eV
     Writing data to file  /home/ubuntu/projects/Graphene-Band-Structure-Quantum-Espresso/outputs/field_0/PBE-d3/coupled/data/ldos.pp.dat221

     Calling punch_plot, plot_num =   3

     Energy =   0.06370 eV, broadening =   0.10000eV
     Writing data to file  /home/ubuntu/projects/Graphene-Band-Structure-Quantum-Espresso/outputs/field_0/PBE-d3/coupled/data/ldos.pp.dat222

     Calling punch_plot, plot_num =   3

     Energy =   0.11370 eV, broadening =   0.10000eV
     Writing data to file  /home/ubuntu/projects/Graphene-Band-Structure-Quantum-Espresso/outputs/field_0/PBE-d3/coupled/data/ldos.pp.dat223

     Calling punch_plot, plot_num =   3

     Energy =   0.16370 eV, broadening =   0.10000eV
     Writing data to file  /home/ubuntu/projects/Graphene-Band-Structure-Quantum-Espresso/outputs/field_0/PBE-d3/coupled/data/ldos.pp.dat224

     Calling punch_plot, plot_num =   3

     Energy =   0.21370 eV, broadening =   0.10000eV
     Writing data to file  /home/ubuntu/projects/Graphene-Band-Structure-Quantum-Espresso/outputs/field_0/PBE-d3/coupled/data/ldos.pp.dat225

     Calling punch_plot, plot_num =   3

     Energy =   0.26370 eV, broadening =   0.10000eV
     Writing data to file  /home/ubuntu/projects/Graphene-Band-Structure-Quantum-Espresso/outputs/field_0/PBE-d3/coupled/data/ldos.pp.dat226

     Calling punch_plot, plot_num =   3

     Energy =   0.31370 eV, broadening =   0.10000eV
     Writing data to file  /home/ubuntu/projects/Graphene-Band-Structure-Quantum-Espresso/outputs/field_0/PBE-d3/coupled/data/ldos.pp.dat227

     Calling punch_plot, plot_num =   3

     Energy =   0.36370 eV, broadening =   0.10000eV
     Writing data to file  /home/ubuntu/projects/Graphene-Band-Structure-Quantum-Espresso/outputs/field_0/PBE-d3/coupled/data/ldos.pp.dat228

     Calling punch_plot, plot_num =   3

     Energy =   0.41370 eV, broadening =   0.10000eV
     Writing data to file  /home/ubuntu/projects/Graphene-Band-Structure-Quantum-Espresso/outputs/field_0/PBE-d3/coupled/data/ldos.pp.dat229

     Calling punch_plot, plot_num =   3

     Energy =   0.46370 eV, broadening =   0.10000eV
     Writing data to file  /home/ubuntu/projects/Graphene-Band-Structure-Quantum-Espresso/outputs/field_0/PBE-d3/coupled/data/ldos.pp.dat230

     Calling punch_plot, plot_num =   3

     Energy =   0.51370 eV, broadening =   0.10000eV
     Writing data to file  /home/ubuntu/projects/Graphene-Band-Structure-Quantum-Espresso/outputs/field_0/PBE-d3/coupled/data/ldos.pp.dat231

     Calling punch_plot, plot_num =   3

     Energy =   0.56370 eV, broadening =   0.10000eV
     Writing data to file  /home/ubuntu/projects/Graphene-Band-Structure-Quantum-Espresso/outputs/field_0/PBE-d3/coupled/data/ldos.pp.dat232

     Calling punch_plot, plot_num =   3

     Energy =   0.61370 eV, broadening =   0.10000eV
     Writing data to file  /home/ubuntu/projects/Graphene-Band-Structure-Quantum-Espresso/outputs/field_0/PBE-d3/coupled/data/ldos.pp.dat233

     Calling punch_plot, plot_num =   3

     Energy =   0.66370 eV, broadening =   0.10000eV
     Writing data to file  /home/ubuntu/projects/Graphene-Band-Structure-Quantum-Espresso/outputs/field_0/PBE-d3/coupled/data/ldos.pp.dat234

     Calling punch_plot, plot_num =   3

     Energy =   0.71370 eV, broadening =   0.10000eV
     Writing data to file  /home/ubuntu/projects/Graphene-Band-Structure-Quantum-Espresso/outputs/field_0/PBE-d3/coupled/data/ldos.pp.dat235

     Calling punch_plot, plot_num =   3

     Energy =   0.76370 eV, broadening =   0.10000eV
     Writing data to file  /home/ubuntu/projects/Graphene-Band-Structure-Quantum-Espresso/outputs/field_0/PBE-d3/coupled/data/ldos.pp.dat236

     Calling punch_plot, plot_num =   3

     Energy =   0.81370 eV, broadening =   0.10000eV
     Writing data to file  /home/ubuntu/projects/Graphene-Band-Structure-Quantum-Espresso/outputs/field_0/PBE-d3/coupled/data/ldos.pp.dat237

     Calling punch_plot, plot_num =   3

     Energy =   0.86370 eV, broadening =   0.10000eV
     Writing data to file  /home/ubuntu/projects/Graphene-Band-Structure-Quantum-Espresso/outputs/field_0/PBE-d3/coupled/data/ldos.pp.dat238

     Calling punch_plot, plot_num =   3

     Energy =   0.91370 eV, broadening =   0.10000eV
     Writing data to file  /home/ubuntu/projects/Graphene-Band-Structure-Quantum-Espresso/outputs/field_0/PBE-d3/coupled/data/ldos.pp.dat239

     Calling punch_plot, plot_num =   3

     Energy =   0.96370 eV, broadening =   0.10000eV
     Writing data to file  /home/ubuntu/projects/Graphene-Band-Structure-Quantum-Espresso/outputs/field_0/PBE-d3/coupled/data/ldos.pp.dat240

     Calling punch_plot, plot_num =   3

     Energy =   1.01370 eV, broadening =   0.10000eV
     Writing data to file  /home/ubuntu/projects/Graphene-Band-Structure-Quantum-Espresso/outputs/field_0/PBE-d3/coupled/data/ldos.pp.dat241

     Calling punch_plot, plot_num =   3

     Energy =   1.06370 eV, broadening =   0.10000eV
     Writing data to file  /home/ubuntu/projects/Graphene-Band-Structure-Quantum-Espresso/outputs/field_0/PBE-d3/coupled/data/ldos.pp.dat242

     Calling punch_plot, plot_num =   3

     Energy =   1.11370 eV, broadening =   0.10000eV
     Writing data to file  /home/ubuntu/projects/Graphene-Band-Structure-Quantum-Espresso/outputs/field_0/PBE-d3/coupled/data/ldos.pp.dat243

     Calling punch_plot, plot_num =   3

     Energy =   1.16370 eV, broadening =   0.10000eV
     Writing data to file  /home/ubuntu/projects/Graphene-Band-Structure-Quantum-Espresso/outputs/field_0/PBE-d3/coupled/data/ldos.pp.dat244

     Calling punch_plot, plot_num =   3

     Energy =   1.21370 eV, broadening =   0.10000eV
     Writing data to file  /home/ubuntu/projects/Graphene-Band-Structure-Quantum-Espresso/outputs/field_0/PBE-d3/coupled/data/ldos.pp.dat245

     Calling punch_plot, plot_num =   3

     Energy =   1.26370 eV, broadening =   0.10000eV
     Writing data to file  /home/ubuntu/projects/Graphene-Band-Structure-Quantum-Espresso/outputs/field_0/PBE-d3/coupled/data/ldos.pp.dat246

     Calling punch_plot, plot_num =   3

     Energy =   1.31370 eV, broadening =   0.10000eV
     Writing data to file  /home/ubuntu/projects/Graphene-Band-Structure-Quantum-Espresso/outputs/field_0/PBE-d3/coupled/data/ldos.pp.dat247

     Calling punch_plot, plot_num =   3

     Energy =   1.36370 eV, broadening =   0.10000eV
     Writing data to file  /home/ubuntu/projects/Graphene-Band-Structure-Quantum-Espresso/outputs/field_0/PBE-d3/coupled/data/ldos.pp.dat248

     Calling punch_plot, plot_num =   3

     Energy =   1.41370 eV, broadening =   0.10000eV
     Writing data to file  /home/ubuntu/projects/Graphene-Band-Structure-Quantum-Espresso/outputs/field_0/PBE-d3/coupled/data/ldos.pp.dat249

     Calling punch_plot, plot_num =   3

     Energy =   1.46370 eV, broadening =   0.10000eV
     Writing data to file  /home/ubuntu/projects/Graphene-Band-Structure-Quantum-Espresso/outputs/field_0/PBE-d3/coupled/data/ldos.pp.dat250

     Calling punch_plot, plot_num =   3

     Energy =   1.51370 eV, broadening =   0.10000eV
     Writing data to file  /home/ubuntu/projects/Graphene-Band-Structure-Quantum-Espresso/outputs/field_0/PBE-d3/coupled/data/ldos.pp.dat251

     Calling punch_plot, plot_num =   3

     Energy =   1.56370 eV, broadening =   0.10000eV
     Writing data to file  /home/ubuntu/projects/Graphene-Band-Structure-Quantum-Espresso/outputs/field_0/PBE-d3/coupled/data/ldos.pp.dat252

     Calling punch_plot, plot_num =   3

     Energy =   1.61370 eV, broadening =   0.10000eV
     Writing data to file  /home/ubuntu/projects/Graphene-Band-Structure-Quantum-Espresso/outputs/field_0/PBE-d3/coupled/data/ldos.pp.dat253

     Calling punch_plot, plot_num =   3

     Energy =   1.66370 eV, broadening =   0.10000eV
     Writing data to file  /home/ubuntu/projects/Graphene-Band-Structure-Quantum-Espresso/outputs/field_0/PBE-d3/coupled/data/ldos.pp.dat254

     Calling punch_plot, plot_num =   3

     Energy =   1.71370 eV, broadening =   0.10000eV
     Writing data to file  /home/ubuntu/projects/Graphene-Band-Structure-Quantum-Espresso/outputs/field_0/PBE-d3/coupled/data/ldos.pp.dat255

     Calling punch_plot, plot_num =   3

     Energy =   1.76370 eV, broadening =   0.10000eV
     Writing data to file  /home/ubuntu/projects/Graphene-Band-Structure-Quantum-Espresso/outputs/field_0/PBE-d3/coupled/data/ldos.pp.dat256

     Calling punch_plot, plot_num =   3

     Energy =   1.81370 eV, broadening =   0.10000eV
     Writing data to file  /home/ubuntu/projects/Graphene-Band-Structure-Quantum-Espresso/outputs/field_0/PBE-d3/coupled/data/ldos.pp.dat257

     Calling punch_plot, plot_num =   3

     Energy =   1.86370 eV, broadening =   0.10000eV
     Writing data to file  /home/ubuntu/projects/Graphene-Band-Structure-Quantum-Espresso/outputs/field_0/PBE-d3/coupled/data/ldos.pp.dat258

     Calling punch_plot, plot_num =   3

     Energy =   1.91370 eV, broadening =   0.10000eV
     Writing data to file  /home/ubuntu/projects/Graphene-Band-Structure-Quantum-Espresso/outputs/field_0/PBE-d3/coupled/data/ldos.pp.dat259

     Calling punch_plot, plot_num =   3

     Energy =   1.96370 eV, broadening =   0.10000eV
     Writing data to file  /home/ubuntu/projects/Graphene-Band-Structure-Quantum-Espresso/outputs/field_0/PBE-d3/coupled/data/ldos.pp.dat260

     Calling punch_plot, plot_num =   3

     Energy =   2.01370 eV, broadening =   0.10000eV
     Writing data to file  /home/ubuntu/projects/Graphene-Band-Structure-Quantum-Espresso/outputs/field_0/PBE-d3/coupled/data/ldos.pp.dat261

     Calling punch_plot, plot_num =   3

     Energy =   2.06370 eV, broadening =   0.10000eV
     Writing data to file  /home/ubuntu/projects/Graphene-Band-Structure-Quantum-Espresso/outputs/field_0/PBE-d3/coupled/data/ldos.pp.dat262

     Calling punch_plot, plot_num =   3

     Energy =   2.11370 eV, broadening =   0.10000eV
     Writing data to file  /home/ubuntu/projects/Graphene-Band-Structure-Quantum-Espresso/outputs/field_0/PBE-d3/coupled/data/ldos.pp.dat263

     Calling punch_plot, plot_num =   3

     Energy =   2.16370 eV, broadening =   0.10000eV
     Writing data to file  /home/ubuntu/projects/Graphene-Band-Structure-Quantum-Espresso/outputs/field_0/PBE-d3/coupled/data/ldos.pp.dat264

     Calling punch_plot, plot_num =   3

     Energy =   2.21370 eV, broadening =   0.10000eV
     Writing data to file  /home/ubuntu/projects/Graphene-Band-Structure-Quantum-Espresso/outputs/field_0/PBE-d3/coupled/data/ldos.pp.dat265

     Calling punch_plot, plot_num =   3

     Energy =   2.26370 eV, broadening =   0.10000eV
     Writing data to file  /home/ubuntu/projects/Graphene-Band-Structure-Quantum-Espresso/outputs/field_0/PBE-d3/coupled/data/ldos.pp.dat266

     Calling punch_plot, plot_num =   3

     Energy =   2.31370 eV, broadening =   0.10000eV
     Writing data to file  /home/ubuntu/projects/Graphene-Band-Structure-Quantum-Espresso/outputs/field_0/PBE-d3/coupled/data/ldos.pp.dat267

     Calling punch_plot, plot_num =   3

     Energy =   2.36370 eV, broadening =   0.10000eV
     Writing data to file  /home/ubuntu/projects/Graphene-Band-Structure-Quantum-Espresso/outputs/field_0/PBE-d3/coupled/data/ldos.pp.dat268

     Calling punch_plot, plot_num =   3

     Energy =   2.41370 eV, broadening =   0.10000eV
     Writing data to file  /home/ubuntu/projects/Graphene-Band-Structure-Quantum-Espresso/outputs/field_0/PBE-d3/coupled/data/ldos.pp.dat269

     Calling punch_plot, plot_num =   3

     Energy =   2.46370 eV, broadening =   0.10000eV
     Writing data to file  /home/ubuntu/projects/Graphene-Band-Structure-Quantum-Espresso/outputs/field_0/PBE-d3/coupled/data/ldos.pp.dat270

     Calling punch_plot, plot_num =   3

     Energy =   2.51370 eV, broadening =   0.10000eV
     Writing data to file  /home/ubuntu/projects/Graphene-Band-Structure-Quantum-Espresso/outputs/field_0/PBE-d3/coupled/data/ldos.pp.dat271

     Calling punch_plot, plot_num =   3

     Energy =   2.56370 eV, broadening =   0.10000eV
     Writing data to file  /home/ubuntu/projects/Graphene-Band-Structure-Quantum-Espresso/outputs/field_0/PBE-d3/coupled/data/ldos.pp.dat272

     Calling punch_plot, plot_num =   3

     Energy =   2.61370 eV, broadening =   0.10000eV
     Writing data to file  /home/ubuntu/projects/Graphene-Band-Structure-Quantum-Espresso/outputs/field_0/PBE-d3/coupled/data/ldos.pp.dat273

     Calling punch_plot, plot_num =   3

     Energy =   2.66370 eV, broadening =   0.10000eV
     Writing data to file  /home/ubuntu/projects/Graphene-Band-Structure-Quantum-Espresso/outputs/field_0/PBE-d3/coupled/data/ldos.pp.dat274

     Calling punch_plot, plot_num =   3

     Energy =   2.71370 eV, broadening =   0.10000eV
     Writing data to file  /home/ubuntu/projects/Graphene-Band-Structure-Quantum-Espresso/outputs/field_0/PBE-d3/coupled/data/ldos.pp.dat275

     Calling punch_plot, plot_num =   3

     Energy =   2.76370 eV, broadening =   0.10000eV
     Writing data to file  /home/ubuntu/projects/Graphene-Band-Structure-Quantum-Espresso/outputs/field_0/PBE-d3/coupled/data/ldos.pp.dat276

     Calling punch_plot, plot_num =   3

     Energy =   2.81370 eV, broadening =   0.10000eV
     Writing data to file  /home/ubuntu/projects/Graphene-Band-Structure-Quantum-Espresso/outputs/field_0/PBE-d3/coupled/data/ldos.pp.dat277

     Calling punch_plot, plot_num =   3

     Energy =   2.86370 eV, broadening =   0.10000eV
     Writing data to file  /home/ubuntu/projects/Graphene-Band-Structure-Quantum-Espresso/outputs/field_0/PBE-d3/coupled/data/ldos.pp.dat278

     Calling punch_plot, plot_num =   3

     Energy =   2.91370 eV, broadening =   0.10000eV
     Writing data to file  /home/ubuntu/projects/Graphene-Band-Structure-Quantum-Espresso/outputs/field_0/PBE-d3/coupled/data/ldos.pp.dat279

     Calling punch_plot, plot_num =   3

     Energy =   2.96370 eV, broadening =   0.10000eV
     Writing data to file  /home/ubuntu/projects/Graphene-Band-Structure-Quantum-Espresso/outputs/field_0/PBE-d3/coupled/data/ldos.pp.dat280

     Calling punch_plot, plot_num =   3

     Energy =   3.01370 eV, broadening =   0.10000eV
     Writing data to file  /home/ubuntu/projects/Graphene-Band-Structure-Quantum-Espresso/outputs/field_0/PBE-d3/coupled/data/ldos.pp.dat281

     Calling punch_plot, plot_num =   3

     Energy =   3.06370 eV, broadening =   0.10000eV
     Writing data to file  /home/ubuntu/projects/Graphene-Band-Structure-Quantum-Espresso/outputs/field_0/PBE-d3/coupled/data/ldos.pp.dat282

     Calling punch_plot, plot_num =   3

     Energy =   3.11370 eV, broadening =   0.10000eV
     Writing data to file  /home/ubuntu/projects/Graphene-Band-Structure-Quantum-Espresso/outputs/field_0/PBE-d3/coupled/data/ldos.pp.dat283

     Calling punch_plot, plot_num =   3

     Energy =   3.16370 eV, broadening =   0.10000eV
     Writing data to file  /home/ubuntu/projects/Graphene-Band-Structure-Quantum-Espresso/outputs/field_0/PBE-d3/coupled/data/ldos.pp.dat284

     Calling punch_plot, plot_num =   3

     Energy =   3.21370 eV, broadening =   0.10000eV
     Writing data to file  /home/ubuntu/projects/Graphene-Band-Structure-Quantum-Espresso/outputs/field_0/PBE-d3/coupled/data/ldos.pp.dat285

     Calling punch_plot, plot_num =   3

     Energy =   3.26370 eV, broadening =   0.10000eV
     Writing data to file  /home/ubuntu/projects/Graphene-Band-Structure-Quantum-Espresso/outputs/field_0/PBE-d3/coupled/data/ldos.pp.dat286

     Calling punch_plot, plot_num =   3

     Energy =   3.31370 eV, broadening =   0.10000eV
     Writing data to file  /home/ubuntu/projects/Graphene-Band-Structure-Quantum-Espresso/outputs/field_0/PBE-d3/coupled/data/ldos.pp.dat287

     Calling punch_plot, plot_num =   3

     Energy =   3.36370 eV, broadening =   0.10000eV
     Writing data to file  /home/ubuntu/projects/Graphene-Band-Structure-Quantum-Espresso/outputs/field_0/PBE-d3/coupled/data/ldos.pp.dat288

     Calling punch_plot, plot_num =   3

     Energy =   3.41370 eV, broadening =   0.10000eV
     Writing data to file  /home/ubuntu/projects/Graphene-Band-Structure-Quantum-Espresso/outputs/field_0/PBE-d3/coupled/data/ldos.pp.dat289

     Calling punch_plot, plot_num =   3

     Energy =   3.46370 eV, broadening =   0.10000eV
     Writing data to file  /home/ubuntu/projects/Graphene-Band-Structure-Quantum-Espresso/outputs/field_0/PBE-d3/coupled/data/ldos.pp.dat290

     Calling punch_plot, plot_num =   3

     Energy =   3.51370 eV, broadening =   0.10000eV
     Writing data to file  /home/ubuntu/projects/Graphene-Band-Structure-Quantum-Espresso/outputs/field_0/PBE-d3/coupled/data/ldos.pp.dat291

     Calling punch_plot, plot_num =   3

     Energy =   3.56370 eV, broadening =   0.10000eV
     Writing data to file  /home/ubuntu/projects/Graphene-Band-Structure-Quantum-Espresso/outputs/field_0/PBE-d3/coupled/data/ldos.pp.dat292

     Calling punch_plot, plot_num =   3

     Energy =   3.61370 eV, broadening =   0.10000eV
     Writing data to file  /home/ubuntu/projects/Graphene-Band-Structure-Quantum-Espresso/outputs/field_0/PBE-d3/coupled/data/ldos.pp.dat293

     Calling punch_plot, plot_num =   3

     Energy =   3.66370 eV, broadening =   0.10000eV
     Writing data to file  /home/ubuntu/projects/Graphene-Band-Structure-Quantum-Espresso/outputs/field_0/PBE-d3/coupled/data/ldos.pp.dat294

     Calling punch_plot, plot_num =   3

     Energy =   3.71370 eV, broadening =   0.10000eV
     Writing data to file  /home/ubuntu/projects/Graphene-Band-Structure-Quantum-Espresso/outputs/field_0/PBE-d3/coupled/data/ldos.pp.dat295

     Calling punch_plot, plot_num =   3

     Energy =   3.76370 eV, broadening =   0.10000eV
     Writing data to file  /home/ubuntu/projects/Graphene-Band-Structure-Quantum-Espresso/outputs/field_0/PBE-d3/coupled/data/ldos.pp.dat296

     Calling punch_plot, plot_num =   3

     Energy =   3.81370 eV, broadening =   0.10000eV
     Writing data to file  /home/ubuntu/projects/Graphene-Band-Structure-Quantum-Espresso/outputs/field_0/PBE-d3/coupled/data/ldos.pp.dat297

     Calling punch_plot, plot_num =   3

     Energy =   3.86370 eV, broadening =   0.10000eV
     Writing data to file  /home/ubuntu/projects/Graphene-Band-Structure-Quantum-Espresso/outputs/field_0/PBE-d3/coupled/data/ldos.pp.dat298

     Calling punch_plot, plot_num =   3

     Energy =   3.91370 eV, broadening =   0.10000eV
     Writing data to file  /home/ubuntu/projects/Graphene-Band-Structure-Quantum-Espresso/outputs/field_0/PBE-d3/coupled/data/ldos.pp.dat299

     Calling punch_plot, plot_num =   3

     Energy =   3.96370 eV, broadening =   0.10000eV
     Writing data to file  /home/ubuntu/projects/Graphene-Band-Structure-Quantum-Espresso/outputs/field_0/PBE-d3/coupled/data/ldos.pp.dat300

     Calling punch_plot, plot_num =   3

     Energy =   4.01370 eV, broadening =   0.10000eV
     Writing data to file  /home/ubuntu/projects/Graphene-Band-Structure-Quantum-Espresso/outputs/field_0/PBE-d3/coupled/data/ldos.pp.dat301

     Calling punch_plot, plot_num =   3

     Energy =   4.06370 eV, broadening =   0.10000eV
     Writing data to file  /home/ubuntu/projects/Graphene-Band-Structure-Quantum-Espresso/outputs/field_0/PBE-d3/coupled/data/ldos.pp.dat302

     Calling punch_plot, plot_num =   3

     Energy =   4.11370 eV, broadening =   0.10000eV
     Writing data to file  /home/ubuntu/projects/Graphene-Band-Structure-Quantum-Espresso/outputs/field_0/PBE-d3/coupled/data/ldos.pp.dat303

     Calling punch_plot, plot_num =   3

     Energy =   4.16370 eV, broadening =   0.10000eV
     Writing data to file  /home/ubuntu/projects/Graphene-Band-Structure-Quantum-Espresso/outputs/field_0/PBE-d3/coupled/data/ldos.pp.dat304

     Calling punch_plot, plot_num =   3

     Energy =   4.21370 eV, broadening =   0.10000eV
     Writing data to file  /home/ubuntu/projects/Graphene-Band-Structure-Quantum-Espresso/outputs/field_0/PBE-d3/coupled/data/ldos.pp.dat305

     Calling punch_plot, plot_num =   3

     Energy =   4.26370 eV, broadening =   0.10000eV
     Writing data to file  /home/ubuntu/projects/Graphene-Band-Structure-Quantum-Espresso/outputs/field_0/PBE-d3/coupled/data/ldos.pp.dat306

     Calling punch_plot, plot_num =   3

     Energy =   4.31370 eV, broadening =   0.10000eV
     Writing data to file  /home/ubuntu/projects/Graphene-Band-Structure-Quantum-Espresso/outputs/field_0/PBE-d3/coupled/data/ldos.pp.dat307

     Calling punch_plot, plot_num =   3

     Energy =   4.36370 eV, broadening =   0.10000eV
     Writing data to file  /home/ubuntu/projects/Graphene-Band-Structure-Quantum-Espresso/outputs/field_0/PBE-d3/coupled/data/ldos.pp.dat308

     Calling punch_plot, plot_num =   3

     Energy =   4.41370 eV, broadening =   0.10000eV
     Writing data to file  /home/ubuntu/projects/Graphene-Band-Structure-Quantum-Espresso/outputs/field_0/PBE-d3/coupled/data/ldos.pp.dat309

     Calling punch_plot, plot_num =   3

     Energy =   4.46370 eV, broadening =   0.10000eV
     Writing data to file  /home/ubuntu/projects/Graphene-Band-Structure-Quantum-Espresso/outputs/field_0/PBE-d3/coupled/data/ldos.pp.dat310

     Calling punch_plot, plot_num =   3

     Energy =   4.51370 eV, broadening =   0.10000eV
     Writing data to file  /home/ubuntu/projects/Graphene-Band-Structure-Quantum-Espresso/outputs/field_0/PBE-d3/coupled/data/ldos.pp.dat311

     Calling punch_plot, plot_num =   3

     Energy =   4.56370 eV, broadening =   0.10000eV
     Writing data to file  /home/ubuntu/projects/Graphene-Band-Structure-Quantum-Espresso/outputs/field_0/PBE-d3/coupled/data/ldos.pp.dat312

     Calling punch_plot, plot_num =   3

     Energy =   4.61370 eV, broadening =   0.10000eV
     Writing data to file  /home/ubuntu/projects/Graphene-Band-Structure-Quantum-Espresso/outputs/field_0/PBE-d3/coupled/data/ldos.pp.dat313

     Calling punch_plot, plot_num =   3

     Energy =   4.66370 eV, broadening =   0.10000eV
     Writing data to file  /home/ubuntu/projects/Graphene-Band-Structure-Quantum-Espresso/outputs/field_0/PBE-d3/coupled/data/ldos.pp.dat314

     Calling punch_plot, plot_num =   3

     Energy =   4.71370 eV, broadening =   0.10000eV
     Writing data to file  /home/ubuntu/projects/Graphene-Band-Structure-Quantum-Espresso/outputs/field_0/PBE-d3/coupled/data/ldos.pp.dat315

     Calling punch_plot, plot_num =   3

     Energy =   4.76370 eV, broadening =   0.10000eV
     Writing data to file  /home/ubuntu/projects/Graphene-Band-Structure-Quantum-Espresso/outputs/field_0/PBE-d3/coupled/data/ldos.pp.dat316

     Calling punch_plot, plot_num =   3

     Energy =   4.81370 eV, broadening =   0.10000eV
     Writing data to file  /home/ubuntu/projects/Graphene-Band-Structure-Quantum-Espresso/outputs/field_0/PBE-d3/coupled/data/ldos.pp.dat317

     Calling punch_plot, plot_num =   3

     Energy =   4.86370 eV, broadening =   0.10000eV
     Writing data to file  /home/ubuntu/projects/Graphene-Band-Structure-Quantum-Espresso/outputs/field_0/PBE-d3/coupled/data/ldos.pp.dat318

     Calling punch_plot, plot_num =   3

     Energy =   4.91370 eV, broadening =   0.10000eV
     Writing data to file  /home/ubuntu/projects/Graphene-Band-Structure-Quantum-Espresso/outputs/field_0/PBE-d3/coupled/data/ldos.pp.dat319

     Calling punch_plot, plot_num =   3

     Energy =   4.96370 eV, broadening =   0.10000eV
     Writing data to file  /home/ubuntu/projects/Graphene-Band-Structure-Quantum-Espresso/outputs/field_0/PBE-d3/coupled/data/ldos.pp.dat320

     Calling punch_plot, plot_num =   3

     Energy =   5.01370 eV, broadening =   0.10000eV
     Writing data to file  /home/ubuntu/projects/Graphene-Band-Structure-Quantum-Espresso/outputs/field_0/PBE-d3/coupled/data/ldos.pp.dat321

     Calling punch_plot, plot_num =   3

     Energy =   5.06370 eV, broadening =   0.10000eV
     Writing data to file  /home/ubuntu/projects/Graphene-Band-Structure-Quantum-Espresso/outputs/field_0/PBE-d3/coupled/data/ldos.pp.dat322

     Calling punch_plot, plot_num =   3

     Energy =   5.11370 eV, broadening =   0.10000eV
     Writing data to file  /home/ubuntu/projects/Graphene-Band-Structure-Quantum-Espresso/outputs/field_0/PBE-d3/coupled/data/ldos.pp.dat323

     Calling punch_plot, plot_num =   3

     Energy =   5.16370 eV, broadening =   0.10000eV
     Writing data to file  /home/ubuntu/projects/Graphene-Band-Structure-Quantum-Espresso/outputs/field_0/PBE-d3/coupled/data/ldos.pp.dat324

     Calling punch_plot, plot_num =   3

     Energy =   5.21370 eV, broadening =   0.10000eV
     Writing data to file  /home/ubuntu/projects/Graphene-Band-Structure-Quantum-Espresso/outputs/field_0/PBE-d3/coupled/data/ldos.pp.dat325

     Calling punch_plot, plot_num =   3

     Energy =   5.26370 eV, broadening =   0.10000eV
     Writing data to file  /home/ubuntu/projects/Graphene-Band-Structure-Quantum-Espresso/outputs/field_0/PBE-d3/coupled/data/ldos.pp.dat326

     Calling punch_plot, plot_num =   3

     Energy =   5.31370 eV, broadening =   0.10000eV
     Writing data to file  /home/ubuntu/projects/Graphene-Band-Structure-Quantum-Espresso/outputs/field_0/PBE-d3/coupled/data/ldos.pp.dat327

     Calling punch_plot, plot_num =   3

     Energy =   5.36370 eV, broadening =   0.10000eV
     Writing data to file  /home/ubuntu/projects/Graphene-Band-Structure-Quantum-Espresso/outputs/field_0/PBE-d3/coupled/data/ldos.pp.dat328

     Calling punch_plot, plot_num =   3

     Energy =   5.41370 eV, broadening =   0.10000eV
     Writing data to file  /home/ubuntu/projects/Graphene-Band-Structure-Quantum-Espresso/outputs/field_0/PBE-d3/coupled/data/ldos.pp.dat329

     Calling punch_plot, plot_num =   3

     Energy =   5.46370 eV, broadening =   0.10000eV
     Writing data to file  /home/ubuntu/projects/Graphene-Band-Structure-Quantum-Espresso/outputs/field_0/PBE-d3/coupled/data/ldos.pp.dat330

     Calling punch_plot, plot_num =   3

     Energy =   5.51370 eV, broadening =   0.10000eV
     Writing data to file  /home/ubuntu/projects/Graphene-Band-Structure-Quantum-Espresso/outputs/field_0/PBE-d3/coupled/data/ldos.pp.dat331

     Calling punch_plot, plot_num =   3

     Energy =   5.56370 eV, broadening =   0.10000eV
     Writing data to file  /home/ubuntu/projects/Graphene-Band-Structure-Quantum-Espresso/outputs/field_0/PBE-d3/coupled/data/ldos.pp.dat332

     Calling punch_plot, plot_num =   3

     Energy =   5.61370 eV, broadening =   0.10000eV
     Writing data to file  /home/ubuntu/projects/Graphene-Band-Structure-Quantum-Espresso/outputs/field_0/PBE-d3/coupled/data/ldos.pp.dat333

     Calling punch_plot, plot_num =   3

     Energy =   5.66370 eV, broadening =   0.10000eV
     Writing data to file  /home/ubuntu/projects/Graphene-Band-Structure-Quantum-Espresso/outputs/field_0/PBE-d3/coupled/data/ldos.pp.dat334

     Calling punch_plot, plot_num =   3

     Energy =   5.71370 eV, broadening =   0.10000eV
     Writing data to file  /home/ubuntu/projects/Graphene-Band-Structure-Quantum-Espresso/outputs/field_0/PBE-d3/coupled/data/ldos.pp.dat335

     Calling punch_plot, plot_num =   3

     Energy =   5.76370 eV, broadening =   0.10000eV
     Writing data to file  /home/ubuntu/projects/Graphene-Band-Structure-Quantum-Espresso/outputs/field_0/PBE-d3/coupled/data/ldos.pp.dat336

     Calling punch_plot, plot_num =   3

     Energy =   5.81370 eV, broadening =   0.10000eV
     Writing data to file  /home/ubuntu/projects/Graphene-Band-Structure-Quantum-Espresso/outputs/field_0/PBE-d3/coupled/data/ldos.pp.dat337

     Calling punch_plot, plot_num =   3

     Energy =   5.86370 eV, broadening =   0.10000eV
     Writing data to file  /home/ubuntu/projects/Graphene-Band-Structure-Quantum-Espresso/outputs/field_0/PBE-d3/coupled/data/ldos.pp.dat338

     Calling punch_plot, plot_num =   3

     Energy =   5.91370 eV, broadening =   0.10000eV
     Writing data to file  /home/ubuntu/projects/Graphene-Band-Structure-Quantum-Espresso/outputs/field_0/PBE-d3/coupled/data/ldos.pp.dat339

     Calling punch_plot, plot_num =   3

     Energy =   5.96370 eV, broadening =   0.10000eV
     Writing data to file  /home/ubuntu/projects/Graphene-Band-Structure-Quantum-Espresso/outputs/field_0/PBE-d3/coupled/data/ldos.pp.dat340

     Calling punch_plot, plot_num =   3

     Energy =   6.01370 eV, broadening =   0.10000eV
     Writing data to file  /home/ubuntu/projects/Graphene-Band-Structure-Quantum-Espresso/outputs/field_0/PBE-d3/coupled/data/ldos.pp.dat341

     Calling punch_plot, plot_num =   3

     Energy =   6.06370 eV, broadening =   0.10000eV
     Writing data to file  /home/ubuntu/projects/Graphene-Band-Structure-Quantum-Espresso/outputs/field_0/PBE-d3/coupled/data/ldos.pp.dat342

     Calling punch_plot, plot_num =   3

     Energy =   6.11370 eV, broadening =   0.10000eV
     Writing data to file  /home/ubuntu/projects/Graphene-Band-Structure-Quantum-Espresso/outputs/field_0/PBE-d3/coupled/data/ldos.pp.dat343

     Calling punch_plot, plot_num =   3

     Energy =   6.16370 eV, broadening =   0.10000eV
     Writing data to file  /home/ubuntu/projects/Graphene-Band-Structure-Quantum-Espresso/outputs/field_0/PBE-d3/coupled/data/ldos.pp.dat344

     Calling punch_plot, plot_num =   3

     Energy =   6.21370 eV, broadening =   0.10000eV
     Writing data to file  /home/ubuntu/projects/Graphene-Band-Structure-Quantum-Espresso/outputs/field_0/PBE-d3/coupled/data/ldos.pp.dat345

     Calling punch_plot, plot_num =   3

     Energy =   6.26370 eV, broadening =   0.10000eV
     Writing data to file  /home/ubuntu/projects/Graphene-Band-Structure-Quantum-Espresso/outputs/field_0/PBE-d3/coupled/data/ldos.pp.dat346

     Calling punch_plot, plot_num =   3

     Energy =   6.31370 eV, broadening =   0.10000eV
     Writing data to file  /home/ubuntu/projects/Graphene-Band-Structure-Quantum-Espresso/outputs/field_0/PBE-d3/coupled/data/ldos.pp.dat347

     Calling punch_plot, plot_num =   3

     Energy =   6.36370 eV, broadening =   0.10000eV
     Writing data to file  /home/ubuntu/projects/Graphene-Band-Structure-Quantum-Espresso/outputs/field_0/PBE-d3/coupled/data/ldos.pp.dat348

     Calling punch_plot, plot_num =   3

     Energy =   6.41370 eV, broadening =   0.10000eV
     Writing data to file  /home/ubuntu/projects/Graphene-Band-Structure-Quantum-Espresso/outputs/field_0/PBE-d3/coupled/data/ldos.pp.dat349

     Calling punch_plot, plot_num =   3

     Energy =   6.46370 eV, broadening =   0.10000eV
     Writing data to file  /home/ubuntu/projects/Graphene-Band-Structure-Quantum-Espresso/outputs/field_0/PBE-d3/coupled/data/ldos.pp.dat350

     Calling punch_plot, plot_num =   3

     Energy =   6.51370 eV, broadening =   0.10000eV
     Writing data to file  /home/ubuntu/projects/Graphene-Band-Structure-Quantum-Espresso/outputs/field_0/PBE-d3/coupled/data/ldos.pp.dat351

     Calling punch_plot, plot_num =   3

     Energy =   6.56370 eV, broadening =   0.10000eV
     Writing data to file  /home/ubuntu/projects/Graphene-Band-Structure-Quantum-Espresso/outputs/field_0/PBE-d3/coupled/data/ldos.pp.dat352

     Calling punch_plot, plot_num =   3

     Energy =   6.61370 eV, broadening =   0.10000eV
     Writing data to file  /home/ubuntu/projects/Graphene-Band-Structure-Quantum-Espresso/outputs/field_0/PBE-d3/coupled/data/ldos.pp.dat353

     Calling punch_plot, plot_num =   3

     Energy =   6.66370 eV, broadening =   0.10000eV
     Writing data to file  /home/ubuntu/projects/Graphene-Band-Structure-Quantum-Espresso/outputs/field_0/PBE-d3/coupled/data/ldos.pp.dat354

     Calling punch_plot, plot_num =   3

     Energy =   6.71370 eV, broadening =   0.10000eV
     Writing data to file  /home/ubuntu/projects/Graphene-Band-Structure-Quantum-Espresso/outputs/field_0/PBE-d3/coupled/data/ldos.pp.dat355

     Calling punch_plot, plot_num =   3

     Energy =   6.76370 eV, broadening =   0.10000eV
     Writing data to file  /home/ubuntu/projects/Graphene-Band-Structure-Quantum-Espresso/outputs/field_0/PBE-d3/coupled/data/ldos.pp.dat356

     Calling punch_plot, plot_num =   3

     Energy =   6.81370 eV, broadening =   0.10000eV
     Writing data to file  /home/ubuntu/projects/Graphene-Band-Structure-Quantum-Espresso/outputs/field_0/PBE-d3/coupled/data/ldos.pp.dat357

     Calling punch_plot, plot_num =   3

     Energy =   6.86370 eV, broadening =   0.10000eV
     Writing data to file  /home/ubuntu/projects/Graphene-Band-Structure-Quantum-Espresso/outputs/field_0/PBE-d3/coupled/data/ldos.pp.dat358

     Calling punch_plot, plot_num =   3

     Energy =   6.91370 eV, broadening =   0.10000eV
     Writing data to file  /home/ubuntu/projects/Graphene-Band-Structure-Quantum-Espresso/outputs/field_0/PBE-d3/coupled/data/ldos.pp.dat359

     Calling punch_plot, plot_num =   3

     Energy =   6.96370 eV, broadening =   0.10000eV
     Writing data to file  /home/ubuntu/projects/Graphene-Band-Structure-Quantum-Espresso/outputs/field_0/PBE-d3/coupled/data/ldos.pp.dat360

     Calling punch_plot, plot_num =   3

     Energy =   7.01370 eV, broadening =   0.10000eV
     Writing data to file  /home/ubuntu/projects/Graphene-Band-Structure-Quantum-Espresso/outputs/field_0/PBE-d3/coupled/data/ldos.pp.dat361

     Calling punch_plot, plot_num =   3

     Energy =   7.06370 eV, broadening =   0.10000eV
     Writing data to file  /home/ubuntu/projects/Graphene-Band-Structure-Quantum-Espresso/outputs/field_0/PBE-d3/coupled/data/ldos.pp.dat362

     Calling punch_plot, plot_num =   3

     Energy =   7.11370 eV, broadening =   0.10000eV
     Writing data to file  /home/ubuntu/projects/Graphene-Band-Structure-Quantum-Espresso/outputs/field_0/PBE-d3/coupled/data/ldos.pp.dat363

     Calling punch_plot, plot_num =   3

     Energy =   7.16370 eV, broadening =   0.10000eV
     Writing data to file  /home/ubuntu/projects/Graphene-Band-Structure-Quantum-Espresso/outputs/field_0/PBE-d3/coupled/data/ldos.pp.dat364

     Calling punch_plot, plot_num =   3

     Energy =   7.21370 eV, broadening =   0.10000eV
     Writing data to file  /home/ubuntu/projects/Graphene-Band-Structure-Quantum-Espresso/outputs/field_0/PBE-d3/coupled/data/ldos.pp.dat365

     Calling punch_plot, plot_num =   3

     Energy =   7.26370 eV, broadening =   0.10000eV
     Writing data to file  /home/ubuntu/projects/Graphene-Band-Structure-Quantum-Espresso/outputs/field_0/PBE-d3/coupled/data/ldos.pp.dat366

     Calling punch_plot, plot_num =   3

     Energy =   7.31370 eV, broadening =   0.10000eV
     Writing data to file  /home/ubuntu/projects/Graphene-Band-Structure-Quantum-Espresso/outputs/field_0/PBE-d3/coupled/data/ldos.pp.dat367

     Calling punch_plot, plot_num =   3

     Energy =   7.36370 eV, broadening =   0.10000eV
     Writing data to file  /home/ubuntu/projects/Graphene-Band-Structure-Quantum-Espresso/outputs/field_0/PBE-d3/coupled/data/ldos.pp.dat368

     Calling punch_plot, plot_num =   3

     Energy =   7.41370 eV, broadening =   0.10000eV
     Writing data to file  /home/ubuntu/projects/Graphene-Band-Structure-Quantum-Espresso/outputs/field_0/PBE-d3/coupled/data/ldos.pp.dat369

     Calling punch_plot, plot_num =   3

     Energy =   7.46370 eV, broadening =   0.10000eV
     Writing data to file  /home/ubuntu/projects/Graphene-Band-Structure-Quantum-Espresso/outputs/field_0/PBE-d3/coupled/data/ldos.pp.dat370

     Calling punch_plot, plot_num =   3

     Energy =   7.51370 eV, broadening =   0.10000eV
     Writing data to file  /home/ubuntu/projects/Graphene-Band-Structure-Quantum-Espresso/outputs/field_0/PBE-d3/coupled/data/ldos.pp.dat371

     Calling punch_plot, plot_num =   3

     Energy =   7.56370 eV, broadening =   0.10000eV
     Writing data to file  /home/ubuntu/projects/Graphene-Band-Structure-Quantum-Espresso/outputs/field_0/PBE-d3/coupled/data/ldos.pp.dat372

     Calling punch_plot, plot_num =   3

     Energy =   7.61370 eV, broadening =   0.10000eV
     Writing data to file  /home/ubuntu/projects/Graphene-Band-Structure-Quantum-Espresso/outputs/field_0/PBE-d3/coupled/data/ldos.pp.dat373

     Calling punch_plot, plot_num =   3

     Energy =   7.66370 eV, broadening =   0.10000eV
     Writing data to file  /home/ubuntu/projects/Graphene-Band-Structure-Quantum-Espresso/outputs/field_0/PBE-d3/coupled/data/ldos.pp.dat374

     Calling punch_plot, plot_num =   3

     Energy =   7.71370 eV, broadening =   0.10000eV
     Writing data to file  /home/ubuntu/projects/Graphene-Band-Structure-Quantum-Espresso/outputs/field_0/PBE-d3/coupled/data/ldos.pp.dat375

     Calling punch_plot, plot_num =   3

     Energy =   7.76370 eV, broadening =   0.10000eV
     Writing data to file  /home/ubuntu/projects/Graphene-Band-Structure-Quantum-Espresso/outputs/field_0/PBE-d3/coupled/data/ldos.pp.dat376

     Calling punch_plot, plot_num =   3

     Energy =   7.81370 eV, broadening =   0.10000eV
     Writing data to file  /home/ubuntu/projects/Graphene-Band-Structure-Quantum-Espresso/outputs/field_0/PBE-d3/coupled/data/ldos.pp.dat377

     Calling punch_plot, plot_num =   3

     Energy =   7.86370 eV, broadening =   0.10000eV
     Writing data to file  /home/ubuntu/projects/Graphene-Band-Structure-Quantum-Espresso/outputs/field_0/PBE-d3/coupled/data/ldos.pp.dat378

     Calling punch_plot, plot_num =   3

     Energy =   7.91370 eV, broadening =   0.10000eV
     Writing data to file  /home/ubuntu/projects/Graphene-Band-Structure-Quantum-Espresso/outputs/field_0/PBE-d3/coupled/data/ldos.pp.dat379

     Calling punch_plot, plot_num =   3

     Energy =   7.96370 eV, broadening =   0.10000eV
     Writing data to file  /home/ubuntu/projects/Graphene-Band-Structure-Quantum-Espresso/outputs/field_0/PBE-d3/coupled/data/ldos.pp.dat380

     Calling punch_plot, plot_num =   3

     Energy =   8.01370 eV, broadening =   0.10000eV
     Writing data to file  /home/ubuntu/projects/Graphene-Band-Structure-Quantum-Espresso/outputs/field_0/PBE-d3/coupled/data/ldos.pp.dat381

     Calling punch_plot, plot_num =   3

     Energy =   8.06370 eV, broadening =   0.10000eV
     Writing data to file  /home/ubuntu/projects/Graphene-Band-Structure-Quantum-Espresso/outputs/field_0/PBE-d3/coupled/data/ldos.pp.dat382

     Calling punch_plot, plot_num =   3

     Energy =   8.11370 eV, broadening =   0.10000eV
     Writing data to file  /home/ubuntu/projects/Graphene-Band-Structure-Quantum-Espresso/outputs/field_0/PBE-d3/coupled/data/ldos.pp.dat383

     Calling punch_plot, plot_num =   3

     Energy =   8.16370 eV, broadening =   0.10000eV
     Writing data to file  /home/ubuntu/projects/Graphene-Band-Structure-Quantum-Espresso/outputs/field_0/PBE-d3/coupled/data/ldos.pp.dat384

     Calling punch_plot, plot_num =   3

     Energy =   8.21370 eV, broadening =   0.10000eV
     Writing data to file  /home/ubuntu/projects/Graphene-Band-Structure-Quantum-Espresso/outputs/field_0/PBE-d3/coupled/data/ldos.pp.dat385

     Calling punch_plot, plot_num =   3

     Energy =   8.26370 eV, broadening =   0.10000eV
     Writing data to file  /home/ubuntu/projects/Graphene-Band-Structure-Quantum-Espresso/outputs/field_0/PBE-d3/coupled/data/ldos.pp.dat386

     Calling punch_plot, plot_num =   3

     Energy =   8.31370 eV, broadening =   0.10000eV
     Writing data to file  /home/ubuntu/projects/Graphene-Band-Structure-Quantum-Espresso/outputs/field_0/PBE-d3/coupled/data/ldos.pp.dat387

     Calling punch_plot, plot_num =   3

     Energy =   8.36370 eV, broadening =   0.10000eV
     Writing data to file  /home/ubuntu/projects/Graphene-Band-Structure-Quantum-Espresso/outputs/field_0/PBE-d3/coupled/data/ldos.pp.dat388

     Calling punch_plot, plot_num =   3

     Energy =   8.41370 eV, broadening =   0.10000eV
     Writing data to file  /home/ubuntu/projects/Graphene-Band-Structure-Quantum-Espresso/outputs/field_0/PBE-d3/coupled/data/ldos.pp.dat389

     Calling punch_plot, plot_num =   3

     Energy =   8.46370 eV, broadening =   0.10000eV
     Writing data to file  /home/ubuntu/projects/Graphene-Band-Structure-Quantum-Espresso/outputs/field_0/PBE-d3/coupled/data/ldos.pp.dat390

     Calling punch_plot, plot_num =   3

     Energy =   8.51370 eV, broadening =   0.10000eV
     Writing data to file  /home/ubuntu/projects/Graphene-Band-Structure-Quantum-Espresso/outputs/field_0/PBE-d3/coupled/data/ldos.pp.dat391

     Calling punch_plot, plot_num =   3

     Energy =   8.56370 eV, broadening =   0.10000eV
     Writing data to file  /home/ubuntu/projects/Graphene-Band-Structure-Quantum-Espresso/outputs/field_0/PBE-d3/coupled/data/ldos.pp.dat392

     Calling punch_plot, plot_num =   3

     Energy =   8.61370 eV, broadening =   0.10000eV
     Writing data to file  /home/ubuntu/projects/Graphene-Band-Structure-Quantum-Espresso/outputs/field_0/PBE-d3/coupled/data/ldos.pp.dat393

     Calling punch_plot, plot_num =   3

     Energy =   8.66370 eV, broadening =   0.10000eV
     Writing data to file  /home/ubuntu/projects/Graphene-Band-Structure-Quantum-Espresso/outputs/field_0/PBE-d3/coupled/data/ldos.pp.dat394

     Calling punch_plot, plot_num =   3

     Energy =   8.71370 eV, broadening =   0.10000eV
     Writing data to file  /home/ubuntu/projects/Graphene-Band-Structure-Quantum-Espresso/outputs/field_0/PBE-d3/coupled/data/ldos.pp.dat395

     Calling punch_plot, plot_num =   3

     Energy =   8.76370 eV, broadening =   0.10000eV
     Writing data to file  /home/ubuntu/projects/Graphene-Band-Structure-Quantum-Espresso/outputs/field_0/PBE-d3/coupled/data/ldos.pp.dat396

     Calling punch_plot, plot_num =   3

     Energy =   8.81370 eV, broadening =   0.10000eV
     Writing data to file  /home/ubuntu/projects/Graphene-Band-Structure-Quantum-Espresso/outputs/field_0/PBE-d3/coupled/data/ldos.pp.dat397

     Calling punch_plot, plot_num =   3

     Energy =   8.86370 eV, broadening =   0.10000eV
     Writing data to file  /home/ubuntu/projects/Graphene-Band-Structure-Quantum-Espresso/outputs/field_0/PBE-d3/coupled/data/ldos.pp.dat398

     Calling punch_plot, plot_num =   3

     Energy =   8.91370 eV, broadening =   0.10000eV
     Writing data to file  /home/ubuntu/projects/Graphene-Band-Structure-Quantum-Espresso/outputs/field_0/PBE-d3/coupled/data/ldos.pp.dat399

     Calling punch_plot, plot_num =   3

     Energy =   8.96370 eV, broadening =   0.10000eV
     Writing data to file  /home/ubuntu/projects/Graphene-Band-Structure-Quantum-Espresso/outputs/field_0/PBE-d3/coupled/data/ldos.pp.dat400

     Calling punch_plot, plot_num =   3

     Energy =   9.01370 eV, broadening =   0.10000eV
     Writing data to file  /home/ubuntu/projects/Graphene-Band-Structure-Quantum-Espresso/outputs/field_0/PBE-d3/coupled/data/ldos.pp.dat401
     Reading data from file  /home/ubuntu/projects/Graphene-Band-Structure-Quantum-Espresso/outputs/field_0/PBE-d3/coupled/data/ldos.pp.dat001

     Writing data to be plotted to file /home/ubuntu/projects/Graphene-Band-Structure-Quantum-Espresso/outputs/field_0/PBE-d3/coupled/data/ldos.pp.dat001.xsf
     Plot Type: 3D                     Output format: XCrySDen     
     Reading data from file  /home/ubuntu/projects/Graphene-Band-Structure-Quantum-Espresso/outputs/field_0/PBE-d3/coupled/data/ldos.pp.dat002

     Writing data to be plotted to file /home/ubuntu/projects/Graphene-Band-Structure-Quantum-Espresso/outputs/field_0/PBE-d3/coupled/data/ldos.pp.dat002.xsf
     Plot Type: 3D                     Output format: XCrySDen     
     Reading data from file  /home/ubuntu/projects/Graphene-Band-Structure-Quantum-Espresso/outputs/field_0/PBE-d3/coupled/data/ldos.pp.dat003

     Writing data to be plotted to file /home/ubuntu/projects/Graphene-Band-Structure-Quantum-Espresso/outputs/field_0/PBE-d3/coupled/data/ldos.pp.dat003.xsf
     Plot Type: 3D                     Output format: XCrySDen     
     Reading data from file  /home/ubuntu/projects/Graphene-Band-Structure-Quantum-Espresso/outputs/field_0/PBE-d3/coupled/data/ldos.pp.dat004

     Writing data to be plotted to file /home/ubuntu/projects/Graphene-Band-Structure-Quantum-Espresso/outputs/field_0/PBE-d3/coupled/data/ldos.pp.dat004.xsf
     Plot Type: 3D                     Output format: XCrySDen     
     Reading data from file  /home/ubuntu/projects/Graphene-Band-Structure-Quantum-Espresso/outputs/field_0/PBE-d3/coupled/data/ldos.pp.dat005

     Writing data to be plotted to file /home/ubuntu/projects/Graphene-Band-Structure-Quantum-Espresso/outputs/field_0/PBE-d3/coupled/data/ldos.pp.dat005.xsf
     Plot Type: 3D                     Output format: XCrySDen     
     Reading data from file  /home/ubuntu/projects/Graphene-Band-Structure-Quantum-Espresso/outputs/field_0/PBE-d3/coupled/data/ldos.pp.dat006

     Writing data to be plotted to file /home/ubuntu/projects/Graphene-Band-Structure-Quantum-Espresso/outputs/field_0/PBE-d3/coupled/data/ldos.pp.dat006.xsf
     Plot Type: 3D                     Output format: XCrySDen     
     Reading data from file  /home/ubuntu/projects/Graphene-Band-Structure-Quantum-Espresso/outputs/field_0/PBE-d3/coupled/data/ldos.pp.dat007

     Writing data to be plotted to file /home/ubuntu/projects/Graphene-Band-Structure-Quantum-Espresso/outputs/field_0/PBE-d3/coupled/data/ldos.pp.dat007.xsf
     Plot Type: 3D                     Output format: XCrySDen     
     Reading data from file  /home/ubuntu/projects/Graphene-Band-Structure-Quantum-Espresso/outputs/field_0/PBE-d3/coupled/data/ldos.pp.dat008

     Writing data to be plotted to file /home/ubuntu/projects/Graphene-Band-Structure-Quantum-Espresso/outputs/field_0/PBE-d3/coupled/data/ldos.pp.dat008.xsf
     Plot Type: 3D                     Output format: XCrySDen     
     Reading data from file  /home/ubuntu/projects/Graphene-Band-Structure-Quantum-Espresso/outputs/field_0/PBE-d3/coupled/data/ldos.pp.dat009

     Writing data to be plotted to file /home/ubuntu/projects/Graphene-Band-Structure-Quantum-Espresso/outputs/field_0/PBE-d3/coupled/data/ldos.pp.dat009.xsf
     Plot Type: 3D                     Output format: XCrySDen     
     Reading data from file  /home/ubuntu/projects/Graphene-Band-Structure-Quantum-Espresso/outputs/field_0/PBE-d3/coupled/data/ldos.pp.dat010

     Writing data to be plotted to file /home/ubuntu/projects/Graphene-Band-Structure-Quantum-Espresso/outputs/field_0/PBE-d3/coupled/data/ldos.pp.dat010.xsf
     Plot Type: 3D                     Output format: XCrySDen     
     Reading data from file  /home/ubuntu/projects/Graphene-Band-Structure-Quantum-Espresso/outputs/field_0/PBE-d3/coupled/data/ldos.pp.dat011

     Writing data to be plotted to file /home/ubuntu/projects/Graphene-Band-Structure-Quantum-Espresso/outputs/field_0/PBE-d3/coupled/data/ldos.pp.dat011.xsf
     Plot Type: 3D                     Output format: XCrySDen     
     Reading data from file  /home/ubuntu/projects/Graphene-Band-Structure-Quantum-Espresso/outputs/field_0/PBE-d3/coupled/data/ldos.pp.dat012

     Writing data to be plotted to file /home/ubuntu/projects/Graphene-Band-Structure-Quantum-Espresso/outputs/field_0/PBE-d3/coupled/data/ldos.pp.dat012.xsf
     Plot Type: 3D                     Output format: XCrySDen     
     Reading data from file  /home/ubuntu/projects/Graphene-Band-Structure-Quantum-Espresso/outputs/field_0/PBE-d3/coupled/data/ldos.pp.dat013

     Writing data to be plotted to file /home/ubuntu/projects/Graphene-Band-Structure-Quantum-Espresso/outputs/field_0/PBE-d3/coupled/data/ldos.pp.dat013.xsf
     Plot Type: 3D                     Output format: XCrySDen     
     Reading data from file  /home/ubuntu/projects/Graphene-Band-Structure-Quantum-Espresso/outputs/field_0/PBE-d3/coupled/data/ldos.pp.dat014

     Writing data to be plotted to file /home/ubuntu/projects/Graphene-Band-Structure-Quantum-Espresso/outputs/field_0/PBE-d3/coupled/data/ldos.pp.dat014.xsf
     Plot Type: 3D                     Output format: XCrySDen     
     Reading data from file  /home/ubuntu/projects/Graphene-Band-Structure-Quantum-Espresso/outputs/field_0/PBE-d3/coupled/data/ldos.pp.dat015

     Writing data to be plotted to file /home/ubuntu/projects/Graphene-Band-Structure-Quantum-Espresso/outputs/field_0/PBE-d3/coupled/data/ldos.pp.dat015.xsf
     Plot Type: 3D                     Output format: XCrySDen     
     Reading data from file  /home/ubuntu/projects/Graphene-Band-Structure-Quantum-Espresso/outputs/field_0/PBE-d3/coupled/data/ldos.pp.dat016

     Writing data to be plotted to file /home/ubuntu/projects/Graphene-Band-Structure-Quantum-Espresso/outputs/field_0/PBE-d3/coupled/data/ldos.pp.dat016.xsf
     Plot Type: 3D                     Output format: XCrySDen     
     Reading data from file  /home/ubuntu/projects/Graphene-Band-Structure-Quantum-Espresso/outputs/field_0/PBE-d3/coupled/data/ldos.pp.dat017

     Writing data to be plotted to file /home/ubuntu/projects/Graphene-Band-Structure-Quantum-Espresso/outputs/field_0/PBE-d3/coupled/data/ldos.pp.dat017.xsf
     Plot Type: 3D                     Output format: XCrySDen     
     Reading data from file  /home/ubuntu/projects/Graphene-Band-Structure-Quantum-Espresso/outputs/field_0/PBE-d3/coupled/data/ldos.pp.dat018

     Writing data to be plotted to file /home/ubuntu/projects/Graphene-Band-Structure-Quantum-Espresso/outputs/field_0/PBE-d3/coupled/data/ldos.pp.dat018.xsf
     Plot Type: 3D                     Output format: XCrySDen     
     Reading data from file  /home/ubuntu/projects/Graphene-Band-Structure-Quantum-Espresso/outputs/field_0/PBE-d3/coupled/data/ldos.pp.dat019

     Writing data to be plotted to file /home/ubuntu/projects/Graphene-Band-Structure-Quantum-Espresso/outputs/field_0/PBE-d3/coupled/data/ldos.pp.dat019.xsf
     Plot Type: 3D                     Output format: XCrySDen     
     Reading data from file  /home/ubuntu/projects/Graphene-Band-Structure-Quantum-Espresso/outputs/field_0/PBE-d3/coupled/data/ldos.pp.dat020

     Writing data to be plotted to file /home/ubuntu/projects/Graphene-Band-Structure-Quantum-Espresso/outputs/field_0/PBE-d3/coupled/data/ldos.pp.dat020.xsf
     Plot Type: 3D                     Output format: XCrySDen     
     Reading data from file  /home/ubuntu/projects/Graphene-Band-Structure-Quantum-Espresso/outputs/field_0/PBE-d3/coupled/data/ldos.pp.dat021

     Writing data to be plotted to file /home/ubuntu/projects/Graphene-Band-Structure-Quantum-Espresso/outputs/field_0/PBE-d3/coupled/data/ldos.pp.dat021.xsf
     Plot Type: 3D                     Output format: XCrySDen     
     Reading data from file  /home/ubuntu/projects/Graphene-Band-Structure-Quantum-Espresso/outputs/field_0/PBE-d3/coupled/data/ldos.pp.dat022

     Writing data to be plotted to file /home/ubuntu/projects/Graphene-Band-Structure-Quantum-Espresso/outputs/field_0/PBE-d3/coupled/data/ldos.pp.dat022.xsf
     Plot Type: 3D                     Output format: XCrySDen     
     Reading data from file  /home/ubuntu/projects/Graphene-Band-Structure-Quantum-Espresso/outputs/field_0/PBE-d3/coupled/data/ldos.pp.dat023

     Writing data to be plotted to file /home/ubuntu/projects/Graphene-Band-Structure-Quantum-Espresso/outputs/field_0/PBE-d3/coupled/data/ldos.pp.dat023.xsf
     Plot Type: 3D                     Output format: XCrySDen     
     Reading data from file  /home/ubuntu/projects/Graphene-Band-Structure-Quantum-Espresso/outputs/field_0/PBE-d3/coupled/data/ldos.pp.dat024

     Writing data to be plotted to file /home/ubuntu/projects/Graphene-Band-Structure-Quantum-Espresso/outputs/field_0/PBE-d3/coupled/data/ldos.pp.dat024.xsf
     Plot Type: 3D                     Output format: XCrySDen     
     Reading data from file  /home/ubuntu/projects/Graphene-Band-Structure-Quantum-Espresso/outputs/field_0/PBE-d3/coupled/data/ldos.pp.dat025

     Writing data to be plotted to file /home/ubuntu/projects/Graphene-Band-Structure-Quantum-Espresso/outputs/field_0/PBE-d3/coupled/data/ldos.pp.dat025.xsf
     Plot Type: 3D                     Output format: XCrySDen     
     Reading data from file  /home/ubuntu/projects/Graphene-Band-Structure-Quantum-Espresso/outputs/field_0/PBE-d3/coupled/data/ldos.pp.dat026

     Writing data to be plotted to file /home/ubuntu/projects/Graphene-Band-Structure-Quantum-Espresso/outputs/field_0/PBE-d3/coupled/data/ldos.pp.dat026.xsf
     Plot Type: 3D                     Output format: XCrySDen     
     Reading data from file  /home/ubuntu/projects/Graphene-Band-Structure-Quantum-Espresso/outputs/field_0/PBE-d3/coupled/data/ldos.pp.dat027

     Writing data to be plotted to file /home/ubuntu/projects/Graphene-Band-Structure-Quantum-Espresso/outputs/field_0/PBE-d3/coupled/data/ldos.pp.dat027.xsf
     Plot Type: 3D                     Output format: XCrySDen     
     Reading data from file  /home/ubuntu/projects/Graphene-Band-Structure-Quantum-Espresso/outputs/field_0/PBE-d3/coupled/data/ldos.pp.dat028

     Writing data to be plotted to file /home/ubuntu/projects/Graphene-Band-Structure-Quantum-Espresso/outputs/field_0/PBE-d3/coupled/data/ldos.pp.dat028.xsf
     Plot Type: 3D                     Output format: XCrySDen     
     Reading data from file  /home/ubuntu/projects/Graphene-Band-Structure-Quantum-Espresso/outputs/field_0/PBE-d3/coupled/data/ldos.pp.dat029

     Writing data to be plotted to file /home/ubuntu/projects/Graphene-Band-Structure-Quantum-Espresso/outputs/field_0/PBE-d3/coupled/data/ldos.pp.dat029.xsf
     Plot Type: 3D                     Output format: XCrySDen     
     Reading data from file  /home/ubuntu/projects/Graphene-Band-Structure-Quantum-Espresso/outputs/field_0/PBE-d3/coupled/data/ldos.pp.dat030

     Writing data to be plotted to file /home/ubuntu/projects/Graphene-Band-Structure-Quantum-Espresso/outputs/field_0/PBE-d3/coupled/data/ldos.pp.dat030.xsf
     Plot Type: 3D                     Output format: XCrySDen     
     Reading data from file  /home/ubuntu/projects/Graphene-Band-Structure-Quantum-Espresso/outputs/field_0/PBE-d3/coupled/data/ldos.pp.dat031

     Writing data to be plotted to file /home/ubuntu/projects/Graphene-Band-Structure-Quantum-Espresso/outputs/field_0/PBE-d3/coupled/data/ldos.pp.dat031.xsf
     Plot Type: 3D                     Output format: XCrySDen     
     Reading data from file  /home/ubuntu/projects/Graphene-Band-Structure-Quantum-Espresso/outputs/field_0/PBE-d3/coupled/data/ldos.pp.dat032

     Writing data to be plotted to file /home/ubuntu/projects/Graphene-Band-Structure-Quantum-Espresso/outputs/field_0/PBE-d3/coupled/data/ldos.pp.dat032.xsf
     Plot Type: 3D                     Output format: XCrySDen     
     Reading data from file  /home/ubuntu/projects/Graphene-Band-Structure-Quantum-Espresso/outputs/field_0/PBE-d3/coupled/data/ldos.pp.dat033

     Writing data to be plotted to file /home/ubuntu/projects/Graphene-Band-Structure-Quantum-Espresso/outputs/field_0/PBE-d3/coupled/data/ldos.pp.dat033.xsf
     Plot Type: 3D                     Output format: XCrySDen     
     Reading data from file  /home/ubuntu/projects/Graphene-Band-Structure-Quantum-Espresso/outputs/field_0/PBE-d3/coupled/data/ldos.pp.dat034

     Writing data to be plotted to file /home/ubuntu/projects/Graphene-Band-Structure-Quantum-Espresso/outputs/field_0/PBE-d3/coupled/data/ldos.pp.dat034.xsf
     Plot Type: 3D                     Output format: XCrySDen     
     Reading data from file  /home/ubuntu/projects/Graphene-Band-Structure-Quantum-Espresso/outputs/field_0/PBE-d3/coupled/data/ldos.pp.dat035

     Writing data to be plotted to file /home/ubuntu/projects/Graphene-Band-Structure-Quantum-Espresso/outputs/field_0/PBE-d3/coupled/data/ldos.pp.dat035.xsf
     Plot Type: 3D                     Output format: XCrySDen     
     Reading data from file  /home/ubuntu/projects/Graphene-Band-Structure-Quantum-Espresso/outputs/field_0/PBE-d3/coupled/data/ldos.pp.dat036

     Writing data to be plotted to file /home/ubuntu/projects/Graphene-Band-Structure-Quantum-Espresso/outputs/field_0/PBE-d3/coupled/data/ldos.pp.dat036.xsf
     Plot Type: 3D                     Output format: XCrySDen     
     Reading data from file  /home/ubuntu/projects/Graphene-Band-Structure-Quantum-Espresso/outputs/field_0/PBE-d3/coupled/data/ldos.pp.dat037

     Writing data to be plotted to file /home/ubuntu/projects/Graphene-Band-Structure-Quantum-Espresso/outputs/field_0/PBE-d3/coupled/data/ldos.pp.dat037.xsf
     Plot Type: 3D                     Output format: XCrySDen     
     Reading data from file  /home/ubuntu/projects/Graphene-Band-Structure-Quantum-Espresso/outputs/field_0/PBE-d3/coupled/data/ldos.pp.dat038

     Writing data to be plotted to file /home/ubuntu/projects/Graphene-Band-Structure-Quantum-Espresso/outputs/field_0/PBE-d3/coupled/data/ldos.pp.dat038.xsf
     Plot Type: 3D                     Output format: XCrySDen     
     Reading data from file  /home/ubuntu/projects/Graphene-Band-Structure-Quantum-Espresso/outputs/field_0/PBE-d3/coupled/data/ldos.pp.dat039

     Writing data to be plotted to file /home/ubuntu/projects/Graphene-Band-Structure-Quantum-Espresso/outputs/field_0/PBE-d3/coupled/data/ldos.pp.dat039.xsf
     Plot Type: 3D                     Output format: XCrySDen     
     Reading data from file  /home/ubuntu/projects/Graphene-Band-Structure-Quantum-Espresso/outputs/field_0/PBE-d3/coupled/data/ldos.pp.dat040

     Writing data to be plotted to file /home/ubuntu/projects/Graphene-Band-Structure-Quantum-Espresso/outputs/field_0/PBE-d3/coupled/data/ldos.pp.dat040.xsf
     Plot Type: 3D                     Output format: XCrySDen     
     Reading data from file  /home/ubuntu/projects/Graphene-Band-Structure-Quantum-Espresso/outputs/field_0/PBE-d3/coupled/data/ldos.pp.dat041

     Writing data to be plotted to file /home/ubuntu/projects/Graphene-Band-Structure-Quantum-Espresso/outputs/field_0/PBE-d3/coupled/data/ldos.pp.dat041.xsf
     Plot Type: 3D                     Output format: XCrySDen     
     Reading data from file  /home/ubuntu/projects/Graphene-Band-Structure-Quantum-Espresso/outputs/field_0/PBE-d3/coupled/data/ldos.pp.dat042

     Writing data to be plotted to file /home/ubuntu/projects/Graphene-Band-Structure-Quantum-Espresso/outputs/field_0/PBE-d3/coupled/data/ldos.pp.dat042.xsf
     Plot Type: 3D                     Output format: XCrySDen     
     Reading data from file  /home/ubuntu/projects/Graphene-Band-Structure-Quantum-Espresso/outputs/field_0/PBE-d3/coupled/data/ldos.pp.dat043

     Writing data to be plotted to file /home/ubuntu/projects/Graphene-Band-Structure-Quantum-Espresso/outputs/field_0/PBE-d3/coupled/data/ldos.pp.dat043.xsf
     Plot Type: 3D                     Output format: XCrySDen     
     Reading data from file  /home/ubuntu/projects/Graphene-Band-Structure-Quantum-Espresso/outputs/field_0/PBE-d3/coupled/data/ldos.pp.dat044

     Writing data to be plotted to file /home/ubuntu/projects/Graphene-Band-Structure-Quantum-Espresso/outputs/field_0/PBE-d3/coupled/data/ldos.pp.dat044.xsf
     Plot Type: 3D                     Output format: XCrySDen     
     Reading data from file  /home/ubuntu/projects/Graphene-Band-Structure-Quantum-Espresso/outputs/field_0/PBE-d3/coupled/data/ldos.pp.dat045

     Writing data to be plotted to file /home/ubuntu/projects/Graphene-Band-Structure-Quantum-Espresso/outputs/field_0/PBE-d3/coupled/data/ldos.pp.dat045.xsf
     Plot Type: 3D                     Output format: XCrySDen     
     Reading data from file  /home/ubuntu/projects/Graphene-Band-Structure-Quantum-Espresso/outputs/field_0/PBE-d3/coupled/data/ldos.pp.dat046

     Writing data to be plotted to file /home/ubuntu/projects/Graphene-Band-Structure-Quantum-Espresso/outputs/field_0/PBE-d3/coupled/data/ldos.pp.dat046.xsf
     Plot Type: 3D                     Output format: XCrySDen     
     Reading data from file  /home/ubuntu/projects/Graphene-Band-Structure-Quantum-Espresso/outputs/field_0/PBE-d3/coupled/data/ldos.pp.dat047

     Writing data to be plotted to file /home/ubuntu/projects/Graphene-Band-Structure-Quantum-Espresso/outputs/field_0/PBE-d3/coupled/data/ldos.pp.dat047.xsf
     Plot Type: 3D                     Output format: XCrySDen     
     Reading data from file  /home/ubuntu/projects/Graphene-Band-Structure-Quantum-Espresso/outputs/field_0/PBE-d3/coupled/data/ldos.pp.dat048

     Writing data to be plotted to file /home/ubuntu/projects/Graphene-Band-Structure-Quantum-Espresso/outputs/field_0/PBE-d3/coupled/data/ldos.pp.dat048.xsf
     Plot Type: 3D                     Output format: XCrySDen     
     Reading data from file  /home/ubuntu/projects/Graphene-Band-Structure-Quantum-Espresso/outputs/field_0/PBE-d3/coupled/data/ldos.pp.dat049

     Writing data to be plotted to file /home/ubuntu/projects/Graphene-Band-Structure-Quantum-Espresso/outputs/field_0/PBE-d3/coupled/data/ldos.pp.dat049.xsf
     Plot Type: 3D                     Output format: XCrySDen     
     Reading data from file  /home/ubuntu/projects/Graphene-Band-Structure-Quantum-Espresso/outputs/field_0/PBE-d3/coupled/data/ldos.pp.dat050

     Writing data to be plotted to file /home/ubuntu/projects/Graphene-Band-Structure-Quantum-Espresso/outputs/field_0/PBE-d3/coupled/data/ldos.pp.dat050.xsf
     Plot Type: 3D                     Output format: XCrySDen     
     Reading data from file  /home/ubuntu/projects/Graphene-Band-Structure-Quantum-Espresso/outputs/field_0/PBE-d3/coupled/data/ldos.pp.dat051

     Writing data to be plotted to file /home/ubuntu/projects/Graphene-Band-Structure-Quantum-Espresso/outputs/field_0/PBE-d3/coupled/data/ldos.pp.dat051.xsf
     Plot Type: 3D                     Output format: XCrySDen     
     Reading data from file  /home/ubuntu/projects/Graphene-Band-Structure-Quantum-Espresso/outputs/field_0/PBE-d3/coupled/data/ldos.pp.dat052

     Writing data to be plotted to file /home/ubuntu/projects/Graphene-Band-Structure-Quantum-Espresso/outputs/field_0/PBE-d3/coupled/data/ldos.pp.dat052.xsf
     Plot Type: 3D                     Output format: XCrySDen     
     Reading data from file  /home/ubuntu/projects/Graphene-Band-Structure-Quantum-Espresso/outputs/field_0/PBE-d3/coupled/data/ldos.pp.dat053

     Writing data to be plotted to file /home/ubuntu/projects/Graphene-Band-Structure-Quantum-Espresso/outputs/field_0/PBE-d3/coupled/data/ldos.pp.dat053.xsf
     Plot Type: 3D                     Output format: XCrySDen     
     Reading data from file  /home/ubuntu/projects/Graphene-Band-Structure-Quantum-Espresso/outputs/field_0/PBE-d3/coupled/data/ldos.pp.dat054

     Writing data to be plotted to file /home/ubuntu/projects/Graphene-Band-Structure-Quantum-Espresso/outputs/field_0/PBE-d3/coupled/data/ldos.pp.dat054.xsf
     Plot Type: 3D                     Output format: XCrySDen     
     Reading data from file  /home/ubuntu/projects/Graphene-Band-Structure-Quantum-Espresso/outputs/field_0/PBE-d3/coupled/data/ldos.pp.dat055

     Writing data to be plotted to file /home/ubuntu/projects/Graphene-Band-Structure-Quantum-Espresso/outputs/field_0/PBE-d3/coupled/data/ldos.pp.dat055.xsf
     Plot Type: 3D                     Output format: XCrySDen     
     Reading data from file  /home/ubuntu/projects/Graphene-Band-Structure-Quantum-Espresso/outputs/field_0/PBE-d3/coupled/data/ldos.pp.dat056

     Writing data to be plotted to file /home/ubuntu/projects/Graphene-Band-Structure-Quantum-Espresso/outputs/field_0/PBE-d3/coupled/data/ldos.pp.dat056.xsf
     Plot Type: 3D                     Output format: XCrySDen     
     Reading data from file  /home/ubuntu/projects/Graphene-Band-Structure-Quantum-Espresso/outputs/field_0/PBE-d3/coupled/data/ldos.pp.dat057

     Writing data to be plotted to file /home/ubuntu/projects/Graphene-Band-Structure-Quantum-Espresso/outputs/field_0/PBE-d3/coupled/data/ldos.pp.dat057.xsf
     Plot Type: 3D                     Output format: XCrySDen     
     Reading data from file  /home/ubuntu/projects/Graphene-Band-Structure-Quantum-Espresso/outputs/field_0/PBE-d3/coupled/data/ldos.pp.dat058

     Writing data to be plotted to file /home/ubuntu/projects/Graphene-Band-Structure-Quantum-Espresso/outputs/field_0/PBE-d3/coupled/data/ldos.pp.dat058.xsf
     Plot Type: 3D                     Output format: XCrySDen     
     Reading data from file  /home/ubuntu/projects/Graphene-Band-Structure-Quantum-Espresso/outputs/field_0/PBE-d3/coupled/data/ldos.pp.dat059

     Writing data to be plotted to file /home/ubuntu/projects/Graphene-Band-Structure-Quantum-Espresso/outputs/field_0/PBE-d3/coupled/data/ldos.pp.dat059.xsf
     Plot Type: 3D                     Output format: XCrySDen     
     Reading data from file  /home/ubuntu/projects/Graphene-Band-Structure-Quantum-Espresso/outputs/field_0/PBE-d3/coupled/data/ldos.pp.dat060

     Writing data to be plotted to file /home/ubuntu/projects/Graphene-Band-Structure-Quantum-Espresso/outputs/field_0/PBE-d3/coupled/data/ldos.pp.dat060.xsf
     Plot Type: 3D                     Output format: XCrySDen     
     Reading data from file  /home/ubuntu/projects/Graphene-Band-Structure-Quantum-Espresso/outputs/field_0/PBE-d3/coupled/data/ldos.pp.dat061

     Writing data to be plotted to file /home/ubuntu/projects/Graphene-Band-Structure-Quantum-Espresso/outputs/field_0/PBE-d3/coupled/data/ldos.pp.dat061.xsf
     Plot Type: 3D                     Output format: XCrySDen     
     Reading data from file  /home/ubuntu/projects/Graphene-Band-Structure-Quantum-Espresso/outputs/field_0/PBE-d3/coupled/data/ldos.pp.dat062

     Writing data to be plotted to file /home/ubuntu/projects/Graphene-Band-Structure-Quantum-Espresso/outputs/field_0/PBE-d3/coupled/data/ldos.pp.dat062.xsf
     Plot Type: 3D                     Output format: XCrySDen     
     Reading data from file  /home/ubuntu/projects/Graphene-Band-Structure-Quantum-Espresso/outputs/field_0/PBE-d3/coupled/data/ldos.pp.dat063

     Writing data to be plotted to file /home/ubuntu/projects/Graphene-Band-Structure-Quantum-Espresso/outputs/field_0/PBE-d3/coupled/data/ldos.pp.dat063.xsf
     Plot Type: 3D                     Output format: XCrySDen     
     Reading data from file  /home/ubuntu/projects/Graphene-Band-Structure-Quantum-Espresso/outputs/field_0/PBE-d3/coupled/data/ldos.pp.dat064

     Writing data to be plotted to file /home/ubuntu/projects/Graphene-Band-Structure-Quantum-Espresso/outputs/field_0/PBE-d3/coupled/data/ldos.pp.dat064.xsf
     Plot Type: 3D                     Output format: XCrySDen     
     Reading data from file  /home/ubuntu/projects/Graphene-Band-Structure-Quantum-Espresso/outputs/field_0/PBE-d3/coupled/data/ldos.pp.dat065

     Writing data to be plotted to file /home/ubuntu/projects/Graphene-Band-Structure-Quantum-Espresso/outputs/field_0/PBE-d3/coupled/data/ldos.pp.dat065.xsf
     Plot Type: 3D                     Output format: XCrySDen     
     Reading data from file  /home/ubuntu/projects/Graphene-Band-Structure-Quantum-Espresso/outputs/field_0/PBE-d3/coupled/data/ldos.pp.dat066

     Writing data to be plotted to file /home/ubuntu/projects/Graphene-Band-Structure-Quantum-Espresso/outputs/field_0/PBE-d3/coupled/data/ldos.pp.dat066.xsf
     Plot Type: 3D                     Output format: XCrySDen     
     Reading data from file  /home/ubuntu/projects/Graphene-Band-Structure-Quantum-Espresso/outputs/field_0/PBE-d3/coupled/data/ldos.pp.dat067

     Writing data to be plotted to file /home/ubuntu/projects/Graphene-Band-Structure-Quantum-Espresso/outputs/field_0/PBE-d3/coupled/data/ldos.pp.dat067.xsf
     Plot Type: 3D                     Output format: XCrySDen     
     Reading data from file  /home/ubuntu/projects/Graphene-Band-Structure-Quantum-Espresso/outputs/field_0/PBE-d3/coupled/data/ldos.pp.dat068

     Writing data to be plotted to file /home/ubuntu/projects/Graphene-Band-Structure-Quantum-Espresso/outputs/field_0/PBE-d3/coupled/data/ldos.pp.dat068.xsf
     Plot Type: 3D                     Output format: XCrySDen     
     Reading data from file  /home/ubuntu/projects/Graphene-Band-Structure-Quantum-Espresso/outputs/field_0/PBE-d3/coupled/data/ldos.pp.dat069

     Writing data to be plotted to file /home/ubuntu/projects/Graphene-Band-Structure-Quantum-Espresso/outputs/field_0/PBE-d3/coupled/data/ldos.pp.dat069.xsf
     Plot Type: 3D                     Output format: XCrySDen     
     Reading data from file  /home/ubuntu/projects/Graphene-Band-Structure-Quantum-Espresso/outputs/field_0/PBE-d3/coupled/data/ldos.pp.dat070

     Writing data to be plotted to file /home/ubuntu/projects/Graphene-Band-Structure-Quantum-Espresso/outputs/field_0/PBE-d3/coupled/data/ldos.pp.dat070.xsf
     Plot Type: 3D                     Output format: XCrySDen     
     Reading data from file  /home/ubuntu/projects/Graphene-Band-Structure-Quantum-Espresso/outputs/field_0/PBE-d3/coupled/data/ldos.pp.dat071

     Writing data to be plotted to file /home/ubuntu/projects/Graphene-Band-Structure-Quantum-Espresso/outputs/field_0/PBE-d3/coupled/data/ldos.pp.dat071.xsf
     Plot Type: 3D                     Output format: XCrySDen     
     Reading data from file  /home/ubuntu/projects/Graphene-Band-Structure-Quantum-Espresso/outputs/field_0/PBE-d3/coupled/data/ldos.pp.dat072

     Writing data to be plotted to file /home/ubuntu/projects/Graphene-Band-Structure-Quantum-Espresso/outputs/field_0/PBE-d3/coupled/data/ldos.pp.dat072.xsf
     Plot Type: 3D                     Output format: XCrySDen     
     Reading data from file  /home/ubuntu/projects/Graphene-Band-Structure-Quantum-Espresso/outputs/field_0/PBE-d3/coupled/data/ldos.pp.dat073

     Writing data to be plotted to file /home/ubuntu/projects/Graphene-Band-Structure-Quantum-Espresso/outputs/field_0/PBE-d3/coupled/data/ldos.pp.dat073.xsf
     Plot Type: 3D                     Output format: XCrySDen     
     Reading data from file  /home/ubuntu/projects/Graphene-Band-Structure-Quantum-Espresso/outputs/field_0/PBE-d3/coupled/data/ldos.pp.dat074

     Writing data to be plotted to file /home/ubuntu/projects/Graphene-Band-Structure-Quantum-Espresso/outputs/field_0/PBE-d3/coupled/data/ldos.pp.dat074.xsf
     Plot Type: 3D                     Output format: XCrySDen     
     Reading data from file  /home/ubuntu/projects/Graphene-Band-Structure-Quantum-Espresso/outputs/field_0/PBE-d3/coupled/data/ldos.pp.dat075

     Writing data to be plotted to file /home/ubuntu/projects/Graphene-Band-Structure-Quantum-Espresso/outputs/field_0/PBE-d3/coupled/data/ldos.pp.dat075.xsf
     Plot Type: 3D                     Output format: XCrySDen     
     Reading data from file  /home/ubuntu/projects/Graphene-Band-Structure-Quantum-Espresso/outputs/field_0/PBE-d3/coupled/data/ldos.pp.dat076

     Writing data to be plotted to file /home/ubuntu/projects/Graphene-Band-Structure-Quantum-Espresso/outputs/field_0/PBE-d3/coupled/data/ldos.pp.dat076.xsf
     Plot Type: 3D                     Output format: XCrySDen     
     Reading data from file  /home/ubuntu/projects/Graphene-Band-Structure-Quantum-Espresso/outputs/field_0/PBE-d3/coupled/data/ldos.pp.dat077

     Writing data to be plotted to file /home/ubuntu/projects/Graphene-Band-Structure-Quantum-Espresso/outputs/field_0/PBE-d3/coupled/data/ldos.pp.dat077.xsf
     Plot Type: 3D                     Output format: XCrySDen     
     Reading data from file  /home/ubuntu/projects/Graphene-Band-Structure-Quantum-Espresso/outputs/field_0/PBE-d3/coupled/data/ldos.pp.dat078

     Writing data to be plotted to file /home/ubuntu/projects/Graphene-Band-Structure-Quantum-Espresso/outputs/field_0/PBE-d3/coupled/data/ldos.pp.dat078.xsf
     Plot Type: 3D                     Output format: XCrySDen     
     Reading data from file  /home/ubuntu/projects/Graphene-Band-Structure-Quantum-Espresso/outputs/field_0/PBE-d3/coupled/data/ldos.pp.dat079

     Writing data to be plotted to file /home/ubuntu/projects/Graphene-Band-Structure-Quantum-Espresso/outputs/field_0/PBE-d3/coupled/data/ldos.pp.dat079.xsf
     Plot Type: 3D                     Output format: XCrySDen     
     Reading data from file  /home/ubuntu/projects/Graphene-Band-Structure-Quantum-Espresso/outputs/field_0/PBE-d3/coupled/data/ldos.pp.dat080

     Writing data to be plotted to file /home/ubuntu/projects/Graphene-Band-Structure-Quantum-Espresso/outputs/field_0/PBE-d3/coupled/data/ldos.pp.dat080.xsf
     Plot Type: 3D                     Output format: XCrySDen     
     Reading data from file  /home/ubuntu/projects/Graphene-Band-Structure-Quantum-Espresso/outputs/field_0/PBE-d3/coupled/data/ldos.pp.dat081

     Writing data to be plotted to file /home/ubuntu/projects/Graphene-Band-Structure-Quantum-Espresso/outputs/field_0/PBE-d3/coupled/data/ldos.pp.dat081.xsf
     Plot Type: 3D                     Output format: XCrySDen     
     Reading data from file  /home/ubuntu/projects/Graphene-Band-Structure-Quantum-Espresso/outputs/field_0/PBE-d3/coupled/data/ldos.pp.dat082

     Writing data to be plotted to file /home/ubuntu/projects/Graphene-Band-Structure-Quantum-Espresso/outputs/field_0/PBE-d3/coupled/data/ldos.pp.dat082.xsf
     Plot Type: 3D                     Output format: XCrySDen     
     Reading data from file  /home/ubuntu/projects/Graphene-Band-Structure-Quantum-Espresso/outputs/field_0/PBE-d3/coupled/data/ldos.pp.dat083

     Writing data to be plotted to file /home/ubuntu/projects/Graphene-Band-Structure-Quantum-Espresso/outputs/field_0/PBE-d3/coupled/data/ldos.pp.dat083.xsf
     Plot Type: 3D                     Output format: XCrySDen     
     Reading data from file  /home/ubuntu/projects/Graphene-Band-Structure-Quantum-Espresso/outputs/field_0/PBE-d3/coupled/data/ldos.pp.dat084

     Writing data to be plotted to file /home/ubuntu/projects/Graphene-Band-Structure-Quantum-Espresso/outputs/field_0/PBE-d3/coupled/data/ldos.pp.dat084.xsf
     Plot Type: 3D                     Output format: XCrySDen     
     Reading data from file  /home/ubuntu/projects/Graphene-Band-Structure-Quantum-Espresso/outputs/field_0/PBE-d3/coupled/data/ldos.pp.dat085

     Writing data to be plotted to file /home/ubuntu/projects/Graphene-Band-Structure-Quantum-Espresso/outputs/field_0/PBE-d3/coupled/data/ldos.pp.dat085.xsf
     Plot Type: 3D                     Output format: XCrySDen     
     Reading data from file  /home/ubuntu/projects/Graphene-Band-Structure-Quantum-Espresso/outputs/field_0/PBE-d3/coupled/data/ldos.pp.dat086

     Writing data to be plotted to file /home/ubuntu/projects/Graphene-Band-Structure-Quantum-Espresso/outputs/field_0/PBE-d3/coupled/data/ldos.pp.dat086.xsf
     Plot Type: 3D                     Output format: XCrySDen     
     Reading data from file  /home/ubuntu/projects/Graphene-Band-Structure-Quantum-Espresso/outputs/field_0/PBE-d3/coupled/data/ldos.pp.dat087

     Writing data to be plotted to file /home/ubuntu/projects/Graphene-Band-Structure-Quantum-Espresso/outputs/field_0/PBE-d3/coupled/data/ldos.pp.dat087.xsf
     Plot Type: 3D                     Output format: XCrySDen     
     Reading data from file  /home/ubuntu/projects/Graphene-Band-Structure-Quantum-Espresso/outputs/field_0/PBE-d3/coupled/data/ldos.pp.dat088

     Writing data to be plotted to file /home/ubuntu/projects/Graphene-Band-Structure-Quantum-Espresso/outputs/field_0/PBE-d3/coupled/data/ldos.pp.dat088.xsf
     Plot Type: 3D                     Output format: XCrySDen     
     Reading data from file  /home/ubuntu/projects/Graphene-Band-Structure-Quantum-Espresso/outputs/field_0/PBE-d3/coupled/data/ldos.pp.dat089

     Writing data to be plotted to file /home/ubuntu/projects/Graphene-Band-Structure-Quantum-Espresso/outputs/field_0/PBE-d3/coupled/data/ldos.pp.dat089.xsf
     Plot Type: 3D                     Output format: XCrySDen     
     Reading data from file  /home/ubuntu/projects/Graphene-Band-Structure-Quantum-Espresso/outputs/field_0/PBE-d3/coupled/data/ldos.pp.dat090

     Writing data to be plotted to file /home/ubuntu/projects/Graphene-Band-Structure-Quantum-Espresso/outputs/field_0/PBE-d3/coupled/data/ldos.pp.dat090.xsf
     Plot Type: 3D                     Output format: XCrySDen     
     Reading data from file  /home/ubuntu/projects/Graphene-Band-Structure-Quantum-Espresso/outputs/field_0/PBE-d3/coupled/data/ldos.pp.dat091

     Writing data to be plotted to file /home/ubuntu/projects/Graphene-Band-Structure-Quantum-Espresso/outputs/field_0/PBE-d3/coupled/data/ldos.pp.dat091.xsf
     Plot Type: 3D                     Output format: XCrySDen     
     Reading data from file  /home/ubuntu/projects/Graphene-Band-Structure-Quantum-Espresso/outputs/field_0/PBE-d3/coupled/data/ldos.pp.dat092

     Writing data to be plotted to file /home/ubuntu/projects/Graphene-Band-Structure-Quantum-Espresso/outputs/field_0/PBE-d3/coupled/data/ldos.pp.dat092.xsf
     Plot Type: 3D                     Output format: XCrySDen     
     Reading data from file  /home/ubuntu/projects/Graphene-Band-Structure-Quantum-Espresso/outputs/field_0/PBE-d3/coupled/data/ldos.pp.dat093

     Writing data to be plotted to file /home/ubuntu/projects/Graphene-Band-Structure-Quantum-Espresso/outputs/field_0/PBE-d3/coupled/data/ldos.pp.dat093.xsf
     Plot Type: 3D                     Output format: XCrySDen     
     Reading data from file  /home/ubuntu/projects/Graphene-Band-Structure-Quantum-Espresso/outputs/field_0/PBE-d3/coupled/data/ldos.pp.dat094

     Writing data to be plotted to file /home/ubuntu/projects/Graphene-Band-Structure-Quantum-Espresso/outputs/field_0/PBE-d3/coupled/data/ldos.pp.dat094.xsf
     Plot Type: 3D                     Output format: XCrySDen     
     Reading data from file  /home/ubuntu/projects/Graphene-Band-Structure-Quantum-Espresso/outputs/field_0/PBE-d3/coupled/data/ldos.pp.dat095

     Writing data to be plotted to file /home/ubuntu/projects/Graphene-Band-Structure-Quantum-Espresso/outputs/field_0/PBE-d3/coupled/data/ldos.pp.dat095.xsf
     Plot Type: 3D                     Output format: XCrySDen     
     Reading data from file  /home/ubuntu/projects/Graphene-Band-Structure-Quantum-Espresso/outputs/field_0/PBE-d3/coupled/data/ldos.pp.dat096

     Writing data to be plotted to file /home/ubuntu/projects/Graphene-Band-Structure-Quantum-Espresso/outputs/field_0/PBE-d3/coupled/data/ldos.pp.dat096.xsf
     Plot Type: 3D                     Output format: XCrySDen     
     Reading data from file  /home/ubuntu/projects/Graphene-Band-Structure-Quantum-Espresso/outputs/field_0/PBE-d3/coupled/data/ldos.pp.dat097

     Writing data to be plotted to file /home/ubuntu/projects/Graphene-Band-Structure-Quantum-Espresso/outputs/field_0/PBE-d3/coupled/data/ldos.pp.dat097.xsf
     Plot Type: 3D                     Output format: XCrySDen     
     Reading data from file  /home/ubuntu/projects/Graphene-Band-Structure-Quantum-Espresso/outputs/field_0/PBE-d3/coupled/data/ldos.pp.dat098

     Writing data to be plotted to file /home/ubuntu/projects/Graphene-Band-Structure-Quantum-Espresso/outputs/field_0/PBE-d3/coupled/data/ldos.pp.dat098.xsf
     Plot Type: 3D                     Output format: XCrySDen     
     Reading data from file  /home/ubuntu/projects/Graphene-Band-Structure-Quantum-Espresso/outputs/field_0/PBE-d3/coupled/data/ldos.pp.dat099

     Writing data to be plotted to file /home/ubuntu/projects/Graphene-Band-Structure-Quantum-Espresso/outputs/field_0/PBE-d3/coupled/data/ldos.pp.dat099.xsf
     Plot Type: 3D                     Output format: XCrySDen     
     Reading data from file  /home/ubuntu/projects/Graphene-Band-Structure-Quantum-Espresso/outputs/field_0/PBE-d3/coupled/data/ldos.pp.dat100

     Writing data to be plotted to file /home/ubuntu/projects/Graphene-Band-Structure-Quantum-Espresso/outputs/field_0/PBE-d3/coupled/data/ldos.pp.dat100.xsf
     Plot Type: 3D                     Output format: XCrySDen     
     Reading data from file  /home/ubuntu/projects/Graphene-Band-Structure-Quantum-Espresso/outputs/field_0/PBE-d3/coupled/data/ldos.pp.dat101

     Writing data to be plotted to file /home/ubuntu/projects/Graphene-Band-Structure-Quantum-Espresso/outputs/field_0/PBE-d3/coupled/data/ldos.pp.dat101.xsf
     Plot Type: 3D                     Output format: XCrySDen     
     Reading data from file  /home/ubuntu/projects/Graphene-Band-Structure-Quantum-Espresso/outputs/field_0/PBE-d3/coupled/data/ldos.pp.dat102

     Writing data to be plotted to file /home/ubuntu/projects/Graphene-Band-Structure-Quantum-Espresso/outputs/field_0/PBE-d3/coupled/data/ldos.pp.dat102.xsf
     Plot Type: 3D                     Output format: XCrySDen     
     Reading data from file  /home/ubuntu/projects/Graphene-Band-Structure-Quantum-Espresso/outputs/field_0/PBE-d3/coupled/data/ldos.pp.dat103

     Writing data to be plotted to file /home/ubuntu/projects/Graphene-Band-Structure-Quantum-Espresso/outputs/field_0/PBE-d3/coupled/data/ldos.pp.dat103.xsf
     Plot Type: 3D                     Output format: XCrySDen     
     Reading data from file  /home/ubuntu/projects/Graphene-Band-Structure-Quantum-Espresso/outputs/field_0/PBE-d3/coupled/data/ldos.pp.dat104

     Writing data to be plotted to file /home/ubuntu/projects/Graphene-Band-Structure-Quantum-Espresso/outputs/field_0/PBE-d3/coupled/data/ldos.pp.dat104.xsf
     Plot Type: 3D                     Output format: XCrySDen     
     Reading data from file  /home/ubuntu/projects/Graphene-Band-Structure-Quantum-Espresso/outputs/field_0/PBE-d3/coupled/data/ldos.pp.dat105

     Writing data to be plotted to file /home/ubuntu/projects/Graphene-Band-Structure-Quantum-Espresso/outputs/field_0/PBE-d3/coupled/data/ldos.pp.dat105.xsf
     Plot Type: 3D                     Output format: XCrySDen     
     Reading data from file  /home/ubuntu/projects/Graphene-Band-Structure-Quantum-Espresso/outputs/field_0/PBE-d3/coupled/data/ldos.pp.dat106

     Writing data to be plotted to file /home/ubuntu/projects/Graphene-Band-Structure-Quantum-Espresso/outputs/field_0/PBE-d3/coupled/data/ldos.pp.dat106.xsf
     Plot Type: 3D                     Output format: XCrySDen     
     Reading data from file  /home/ubuntu/projects/Graphene-Band-Structure-Quantum-Espresso/outputs/field_0/PBE-d3/coupled/data/ldos.pp.dat107

     Writing data to be plotted to file /home/ubuntu/projects/Graphene-Band-Structure-Quantum-Espresso/outputs/field_0/PBE-d3/coupled/data/ldos.pp.dat107.xsf
     Plot Type: 3D                     Output format: XCrySDen     
     Reading data from file  /home/ubuntu/projects/Graphene-Band-Structure-Quantum-Espresso/outputs/field_0/PBE-d3/coupled/data/ldos.pp.dat108

     Writing data to be plotted to file /home/ubuntu/projects/Graphene-Band-Structure-Quantum-Espresso/outputs/field_0/PBE-d3/coupled/data/ldos.pp.dat108.xsf
     Plot Type: 3D                     Output format: XCrySDen     
     Reading data from file  /home/ubuntu/projects/Graphene-Band-Structure-Quantum-Espresso/outputs/field_0/PBE-d3/coupled/data/ldos.pp.dat109

     Writing data to be plotted to file /home/ubuntu/projects/Graphene-Band-Structure-Quantum-Espresso/outputs/field_0/PBE-d3/coupled/data/ldos.pp.dat109.xsf
     Plot Type: 3D                     Output format: XCrySDen     
     Reading data from file  /home/ubuntu/projects/Graphene-Band-Structure-Quantum-Espresso/outputs/field_0/PBE-d3/coupled/data/ldos.pp.dat110

     Writing data to be plotted to file /home/ubuntu/projects/Graphene-Band-Structure-Quantum-Espresso/outputs/field_0/PBE-d3/coupled/data/ldos.pp.dat110.xsf
     Plot Type: 3D                     Output format: XCrySDen     
     Reading data from file  /home/ubuntu/projects/Graphene-Band-Structure-Quantum-Espresso/outputs/field_0/PBE-d3/coupled/data/ldos.pp.dat111

     Writing data to be plotted to file /home/ubuntu/projects/Graphene-Band-Structure-Quantum-Espresso/outputs/field_0/PBE-d3/coupled/data/ldos.pp.dat111.xsf
     Plot Type: 3D                     Output format: XCrySDen     
     Reading data from file  /home/ubuntu/projects/Graphene-Band-Structure-Quantum-Espresso/outputs/field_0/PBE-d3/coupled/data/ldos.pp.dat112

     Writing data to be plotted to file /home/ubuntu/projects/Graphene-Band-Structure-Quantum-Espresso/outputs/field_0/PBE-d3/coupled/data/ldos.pp.dat112.xsf
     Plot Type: 3D                     Output format: XCrySDen     
     Reading data from file  /home/ubuntu/projects/Graphene-Band-Structure-Quantum-Espresso/outputs/field_0/PBE-d3/coupled/data/ldos.pp.dat113

     Writing data to be plotted to file /home/ubuntu/projects/Graphene-Band-Structure-Quantum-Espresso/outputs/field_0/PBE-d3/coupled/data/ldos.pp.dat113.xsf
     Plot Type: 3D                     Output format: XCrySDen     
     Reading data from file  /home/ubuntu/projects/Graphene-Band-Structure-Quantum-Espresso/outputs/field_0/PBE-d3/coupled/data/ldos.pp.dat114

     Writing data to be plotted to file /home/ubuntu/projects/Graphene-Band-Structure-Quantum-Espresso/outputs/field_0/PBE-d3/coupled/data/ldos.pp.dat114.xsf
     Plot Type: 3D                     Output format: XCrySDen     
     Reading data from file  /home/ubuntu/projects/Graphene-Band-Structure-Quantum-Espresso/outputs/field_0/PBE-d3/coupled/data/ldos.pp.dat115

     Writing data to be plotted to file /home/ubuntu/projects/Graphene-Band-Structure-Quantum-Espresso/outputs/field_0/PBE-d3/coupled/data/ldos.pp.dat115.xsf
     Plot Type: 3D                     Output format: XCrySDen     
     Reading data from file  /home/ubuntu/projects/Graphene-Band-Structure-Quantum-Espresso/outputs/field_0/PBE-d3/coupled/data/ldos.pp.dat116

     Writing data to be plotted to file /home/ubuntu/projects/Graphene-Band-Structure-Quantum-Espresso/outputs/field_0/PBE-d3/coupled/data/ldos.pp.dat116.xsf
     Plot Type: 3D                     Output format: XCrySDen     
     Reading data from file  /home/ubuntu/projects/Graphene-Band-Structure-Quantum-Espresso/outputs/field_0/PBE-d3/coupled/data/ldos.pp.dat117

     Writing data to be plotted to file /home/ubuntu/projects/Graphene-Band-Structure-Quantum-Espresso/outputs/field_0/PBE-d3/coupled/data/ldos.pp.dat117.xsf
     Plot Type: 3D                     Output format: XCrySDen     
     Reading data from file  /home/ubuntu/projects/Graphene-Band-Structure-Quantum-Espresso/outputs/field_0/PBE-d3/coupled/data/ldos.pp.dat118

     Writing data to be plotted to file /home/ubuntu/projects/Graphene-Band-Structure-Quantum-Espresso/outputs/field_0/PBE-d3/coupled/data/ldos.pp.dat118.xsf
     Plot Type: 3D                     Output format: XCrySDen     
     Reading data from file  /home/ubuntu/projects/Graphene-Band-Structure-Quantum-Espresso/outputs/field_0/PBE-d3/coupled/data/ldos.pp.dat119

     Writing data to be plotted to file /home/ubuntu/projects/Graphene-Band-Structure-Quantum-Espresso/outputs/field_0/PBE-d3/coupled/data/ldos.pp.dat119.xsf
     Plot Type: 3D                     Output format: XCrySDen     
     Reading data from file  /home/ubuntu/projects/Graphene-Band-Structure-Quantum-Espresso/outputs/field_0/PBE-d3/coupled/data/ldos.pp.dat120

     Writing data to be plotted to file /home/ubuntu/projects/Graphene-Band-Structure-Quantum-Espresso/outputs/field_0/PBE-d3/coupled/data/ldos.pp.dat120.xsf
     Plot Type: 3D                     Output format: XCrySDen     
     Reading data from file  /home/ubuntu/projects/Graphene-Band-Structure-Quantum-Espresso/outputs/field_0/PBE-d3/coupled/data/ldos.pp.dat121

     Writing data to be plotted to file /home/ubuntu/projects/Graphene-Band-Structure-Quantum-Espresso/outputs/field_0/PBE-d3/coupled/data/ldos.pp.dat121.xsf
     Plot Type: 3D                     Output format: XCrySDen     
     Reading data from file  /home/ubuntu/projects/Graphene-Band-Structure-Quantum-Espresso/outputs/field_0/PBE-d3/coupled/data/ldos.pp.dat122

     Writing data to be plotted to file /home/ubuntu/projects/Graphene-Band-Structure-Quantum-Espresso/outputs/field_0/PBE-d3/coupled/data/ldos.pp.dat122.xsf
     Plot Type: 3D                     Output format: XCrySDen     
     Reading data from file  /home/ubuntu/projects/Graphene-Band-Structure-Quantum-Espresso/outputs/field_0/PBE-d3/coupled/data/ldos.pp.dat123

     Writing data to be plotted to file /home/ubuntu/projects/Graphene-Band-Structure-Quantum-Espresso/outputs/field_0/PBE-d3/coupled/data/ldos.pp.dat123.xsf
     Plot Type: 3D                     Output format: XCrySDen     
     Reading data from file  /home/ubuntu/projects/Graphene-Band-Structure-Quantum-Espresso/outputs/field_0/PBE-d3/coupled/data/ldos.pp.dat124

     Writing data to be plotted to file /home/ubuntu/projects/Graphene-Band-Structure-Quantum-Espresso/outputs/field_0/PBE-d3/coupled/data/ldos.pp.dat124.xsf
     Plot Type: 3D                     Output format: XCrySDen     
     Reading data from file  /home/ubuntu/projects/Graphene-Band-Structure-Quantum-Espresso/outputs/field_0/PBE-d3/coupled/data/ldos.pp.dat125

     Writing data to be plotted to file /home/ubuntu/projects/Graphene-Band-Structure-Quantum-Espresso/outputs/field_0/PBE-d3/coupled/data/ldos.pp.dat125.xsf
     Plot Type: 3D                     Output format: XCrySDen     
     Reading data from file  /home/ubuntu/projects/Graphene-Band-Structure-Quantum-Espresso/outputs/field_0/PBE-d3/coupled/data/ldos.pp.dat126

     Writing data to be plotted to file /home/ubuntu/projects/Graphene-Band-Structure-Quantum-Espresso/outputs/field_0/PBE-d3/coupled/data/ldos.pp.dat126.xsf
     Plot Type: 3D                     Output format: XCrySDen     
     Reading data from file  /home/ubuntu/projects/Graphene-Band-Structure-Quantum-Espresso/outputs/field_0/PBE-d3/coupled/data/ldos.pp.dat127

     Writing data to be plotted to file /home/ubuntu/projects/Graphene-Band-Structure-Quantum-Espresso/outputs/field_0/PBE-d3/coupled/data/ldos.pp.dat127.xsf
     Plot Type: 3D                     Output format: XCrySDen     
     Reading data from file  /home/ubuntu/projects/Graphene-Band-Structure-Quantum-Espresso/outputs/field_0/PBE-d3/coupled/data/ldos.pp.dat128

     Writing data to be plotted to file /home/ubuntu/projects/Graphene-Band-Structure-Quantum-Espresso/outputs/field_0/PBE-d3/coupled/data/ldos.pp.dat128.xsf
     Plot Type: 3D                     Output format: XCrySDen     
     Reading data from file  /home/ubuntu/projects/Graphene-Band-Structure-Quantum-Espresso/outputs/field_0/PBE-d3/coupled/data/ldos.pp.dat129

     Writing data to be plotted to file /home/ubuntu/projects/Graphene-Band-Structure-Quantum-Espresso/outputs/field_0/PBE-d3/coupled/data/ldos.pp.dat129.xsf
     Plot Type: 3D                     Output format: XCrySDen     
     Reading data from file  /home/ubuntu/projects/Graphene-Band-Structure-Quantum-Espresso/outputs/field_0/PBE-d3/coupled/data/ldos.pp.dat130

     Writing data to be plotted to file /home/ubuntu/projects/Graphene-Band-Structure-Quantum-Espresso/outputs/field_0/PBE-d3/coupled/data/ldos.pp.dat130.xsf
     Plot Type: 3D                     Output format: XCrySDen     
     Reading data from file  /home/ubuntu/projects/Graphene-Band-Structure-Quantum-Espresso/outputs/field_0/PBE-d3/coupled/data/ldos.pp.dat131

     Writing data to be plotted to file /home/ubuntu/projects/Graphene-Band-Structure-Quantum-Espresso/outputs/field_0/PBE-d3/coupled/data/ldos.pp.dat131.xsf
     Plot Type: 3D                     Output format: XCrySDen     
     Reading data from file  /home/ubuntu/projects/Graphene-Band-Structure-Quantum-Espresso/outputs/field_0/PBE-d3/coupled/data/ldos.pp.dat132

     Writing data to be plotted to file /home/ubuntu/projects/Graphene-Band-Structure-Quantum-Espresso/outputs/field_0/PBE-d3/coupled/data/ldos.pp.dat132.xsf
     Plot Type: 3D                     Output format: XCrySDen     
     Reading data from file  /home/ubuntu/projects/Graphene-Band-Structure-Quantum-Espresso/outputs/field_0/PBE-d3/coupled/data/ldos.pp.dat133

     Writing data to be plotted to file /home/ubuntu/projects/Graphene-Band-Structure-Quantum-Espresso/outputs/field_0/PBE-d3/coupled/data/ldos.pp.dat133.xsf
     Plot Type: 3D                     Output format: XCrySDen     
     Reading data from file  /home/ubuntu/projects/Graphene-Band-Structure-Quantum-Espresso/outputs/field_0/PBE-d3/coupled/data/ldos.pp.dat134

     Writing data to be plotted to file /home/ubuntu/projects/Graphene-Band-Structure-Quantum-Espresso/outputs/field_0/PBE-d3/coupled/data/ldos.pp.dat134.xsf
     Plot Type: 3D                     Output format: XCrySDen     
     Reading data from file  /home/ubuntu/projects/Graphene-Band-Structure-Quantum-Espresso/outputs/field_0/PBE-d3/coupled/data/ldos.pp.dat135

     Writing data to be plotted to file /home/ubuntu/projects/Graphene-Band-Structure-Quantum-Espresso/outputs/field_0/PBE-d3/coupled/data/ldos.pp.dat135.xsf
     Plot Type: 3D                     Output format: XCrySDen     
     Reading data from file  /home/ubuntu/projects/Graphene-Band-Structure-Quantum-Espresso/outputs/field_0/PBE-d3/coupled/data/ldos.pp.dat136

     Writing data to be plotted to file /home/ubuntu/projects/Graphene-Band-Structure-Quantum-Espresso/outputs/field_0/PBE-d3/coupled/data/ldos.pp.dat136.xsf
     Plot Type: 3D                     Output format: XCrySDen     
     Reading data from file  /home/ubuntu/projects/Graphene-Band-Structure-Quantum-Espresso/outputs/field_0/PBE-d3/coupled/data/ldos.pp.dat137

     Writing data to be plotted to file /home/ubuntu/projects/Graphene-Band-Structure-Quantum-Espresso/outputs/field_0/PBE-d3/coupled/data/ldos.pp.dat137.xsf
     Plot Type: 3D                     Output format: XCrySDen     
     Reading data from file  /home/ubuntu/projects/Graphene-Band-Structure-Quantum-Espresso/outputs/field_0/PBE-d3/coupled/data/ldos.pp.dat138

     Writing data to be plotted to file /home/ubuntu/projects/Graphene-Band-Structure-Quantum-Espresso/outputs/field_0/PBE-d3/coupled/data/ldos.pp.dat138.xsf
     Plot Type: 3D                     Output format: XCrySDen     
     Reading data from file  /home/ubuntu/projects/Graphene-Band-Structure-Quantum-Espresso/outputs/field_0/PBE-d3/coupled/data/ldos.pp.dat139

     Writing data to be plotted to file /home/ubuntu/projects/Graphene-Band-Structure-Quantum-Espresso/outputs/field_0/PBE-d3/coupled/data/ldos.pp.dat139.xsf
     Plot Type: 3D                     Output format: XCrySDen     
     Reading data from file  /home/ubuntu/projects/Graphene-Band-Structure-Quantum-Espresso/outputs/field_0/PBE-d3/coupled/data/ldos.pp.dat140

     Writing data to be plotted to file /home/ubuntu/projects/Graphene-Band-Structure-Quantum-Espresso/outputs/field_0/PBE-d3/coupled/data/ldos.pp.dat140.xsf
     Plot Type: 3D                     Output format: XCrySDen     
     Reading data from file  /home/ubuntu/projects/Graphene-Band-Structure-Quantum-Espresso/outputs/field_0/PBE-d3/coupled/data/ldos.pp.dat141

     Writing data to be plotted to file /home/ubuntu/projects/Graphene-Band-Structure-Quantum-Espresso/outputs/field_0/PBE-d3/coupled/data/ldos.pp.dat141.xsf
     Plot Type: 3D                     Output format: XCrySDen     
     Reading data from file  /home/ubuntu/projects/Graphene-Band-Structure-Quantum-Espresso/outputs/field_0/PBE-d3/coupled/data/ldos.pp.dat142

     Writing data to be plotted to file /home/ubuntu/projects/Graphene-Band-Structure-Quantum-Espresso/outputs/field_0/PBE-d3/coupled/data/ldos.pp.dat142.xsf
     Plot Type: 3D                     Output format: XCrySDen     
     Reading data from file  /home/ubuntu/projects/Graphene-Band-Structure-Quantum-Espresso/outputs/field_0/PBE-d3/coupled/data/ldos.pp.dat143

     Writing data to be plotted to file /home/ubuntu/projects/Graphene-Band-Structure-Quantum-Espresso/outputs/field_0/PBE-d3/coupled/data/ldos.pp.dat143.xsf
     Plot Type: 3D                     Output format: XCrySDen     
     Reading data from file  /home/ubuntu/projects/Graphene-Band-Structure-Quantum-Espresso/outputs/field_0/PBE-d3/coupled/data/ldos.pp.dat144

     Writing data to be plotted to file /home/ubuntu/projects/Graphene-Band-Structure-Quantum-Espresso/outputs/field_0/PBE-d3/coupled/data/ldos.pp.dat144.xsf
     Plot Type: 3D                     Output format: XCrySDen     
     Reading data from file  /home/ubuntu/projects/Graphene-Band-Structure-Quantum-Espresso/outputs/field_0/PBE-d3/coupled/data/ldos.pp.dat145

     Writing data to be plotted to file /home/ubuntu/projects/Graphene-Band-Structure-Quantum-Espresso/outputs/field_0/PBE-d3/coupled/data/ldos.pp.dat145.xsf
     Plot Type: 3D                     Output format: XCrySDen     
     Reading data from file  /home/ubuntu/projects/Graphene-Band-Structure-Quantum-Espresso/outputs/field_0/PBE-d3/coupled/data/ldos.pp.dat146

     Writing data to be plotted to file /home/ubuntu/projects/Graphene-Band-Structure-Quantum-Espresso/outputs/field_0/PBE-d3/coupled/data/ldos.pp.dat146.xsf
     Plot Type: 3D                     Output format: XCrySDen     
     Reading data from file  /home/ubuntu/projects/Graphene-Band-Structure-Quantum-Espresso/outputs/field_0/PBE-d3/coupled/data/ldos.pp.dat147

     Writing data to be plotted to file /home/ubuntu/projects/Graphene-Band-Structure-Quantum-Espresso/outputs/field_0/PBE-d3/coupled/data/ldos.pp.dat147.xsf
     Plot Type: 3D                     Output format: XCrySDen     
     Reading data from file  /home/ubuntu/projects/Graphene-Band-Structure-Quantum-Espresso/outputs/field_0/PBE-d3/coupled/data/ldos.pp.dat148

     Writing data to be plotted to file /home/ubuntu/projects/Graphene-Band-Structure-Quantum-Espresso/outputs/field_0/PBE-d3/coupled/data/ldos.pp.dat148.xsf
     Plot Type: 3D                     Output format: XCrySDen     
     Reading data from file  /home/ubuntu/projects/Graphene-Band-Structure-Quantum-Espresso/outputs/field_0/PBE-d3/coupled/data/ldos.pp.dat149

     Writing data to be plotted to file /home/ubuntu/projects/Graphene-Band-Structure-Quantum-Espresso/outputs/field_0/PBE-d3/coupled/data/ldos.pp.dat149.xsf
     Plot Type: 3D                     Output format: XCrySDen     
     Reading data from file  /home/ubuntu/projects/Graphene-Band-Structure-Quantum-Espresso/outputs/field_0/PBE-d3/coupled/data/ldos.pp.dat150

     Writing data to be plotted to file /home/ubuntu/projects/Graphene-Band-Structure-Quantum-Espresso/outputs/field_0/PBE-d3/coupled/data/ldos.pp.dat150.xsf
     Plot Type: 3D                     Output format: XCrySDen     
     Reading data from file  /home/ubuntu/projects/Graphene-Band-Structure-Quantum-Espresso/outputs/field_0/PBE-d3/coupled/data/ldos.pp.dat151

     Writing data to be plotted to file /home/ubuntu/projects/Graphene-Band-Structure-Quantum-Espresso/outputs/field_0/PBE-d3/coupled/data/ldos.pp.dat151.xsf
     Plot Type: 3D                     Output format: XCrySDen     
     Reading data from file  /home/ubuntu/projects/Graphene-Band-Structure-Quantum-Espresso/outputs/field_0/PBE-d3/coupled/data/ldos.pp.dat152

     Writing data to be plotted to file /home/ubuntu/projects/Graphene-Band-Structure-Quantum-Espresso/outputs/field_0/PBE-d3/coupled/data/ldos.pp.dat152.xsf
     Plot Type: 3D                     Output format: XCrySDen     
     Reading data from file  /home/ubuntu/projects/Graphene-Band-Structure-Quantum-Espresso/outputs/field_0/PBE-d3/coupled/data/ldos.pp.dat153

     Writing data to be plotted to file /home/ubuntu/projects/Graphene-Band-Structure-Quantum-Espresso/outputs/field_0/PBE-d3/coupled/data/ldos.pp.dat153.xsf
     Plot Type: 3D                     Output format: XCrySDen     
     Reading data from file  /home/ubuntu/projects/Graphene-Band-Structure-Quantum-Espresso/outputs/field_0/PBE-d3/coupled/data/ldos.pp.dat154

     Writing data to be plotted to file /home/ubuntu/projects/Graphene-Band-Structure-Quantum-Espresso/outputs/field_0/PBE-d3/coupled/data/ldos.pp.dat154.xsf
     Plot Type: 3D                     Output format: XCrySDen     
     Reading data from file  /home/ubuntu/projects/Graphene-Band-Structure-Quantum-Espresso/outputs/field_0/PBE-d3/coupled/data/ldos.pp.dat155

     Writing data to be plotted to file /home/ubuntu/projects/Graphene-Band-Structure-Quantum-Espresso/outputs/field_0/PBE-d3/coupled/data/ldos.pp.dat155.xsf
     Plot Type: 3D                     Output format: XCrySDen     
     Reading data from file  /home/ubuntu/projects/Graphene-Band-Structure-Quantum-Espresso/outputs/field_0/PBE-d3/coupled/data/ldos.pp.dat156

     Writing data to be plotted to file /home/ubuntu/projects/Graphene-Band-Structure-Quantum-Espresso/outputs/field_0/PBE-d3/coupled/data/ldos.pp.dat156.xsf
     Plot Type: 3D                     Output format: XCrySDen     
     Reading data from file  /home/ubuntu/projects/Graphene-Band-Structure-Quantum-Espresso/outputs/field_0/PBE-d3/coupled/data/ldos.pp.dat157

     Writing data to be plotted to file /home/ubuntu/projects/Graphene-Band-Structure-Quantum-Espresso/outputs/field_0/PBE-d3/coupled/data/ldos.pp.dat157.xsf
     Plot Type: 3D                     Output format: XCrySDen     
     Reading data from file  /home/ubuntu/projects/Graphene-Band-Structure-Quantum-Espresso/outputs/field_0/PBE-d3/coupled/data/ldos.pp.dat158

     Writing data to be plotted to file /home/ubuntu/projects/Graphene-Band-Structure-Quantum-Espresso/outputs/field_0/PBE-d3/coupled/data/ldos.pp.dat158.xsf
     Plot Type: 3D                     Output format: XCrySDen     
     Reading data from file  /home/ubuntu/projects/Graphene-Band-Structure-Quantum-Espresso/outputs/field_0/PBE-d3/coupled/data/ldos.pp.dat159

     Writing data to be plotted to file /home/ubuntu/projects/Graphene-Band-Structure-Quantum-Espresso/outputs/field_0/PBE-d3/coupled/data/ldos.pp.dat159.xsf
     Plot Type: 3D                     Output format: XCrySDen     
     Reading data from file  /home/ubuntu/projects/Graphene-Band-Structure-Quantum-Espresso/outputs/field_0/PBE-d3/coupled/data/ldos.pp.dat160

     Writing data to be plotted to file /home/ubuntu/projects/Graphene-Band-Structure-Quantum-Espresso/outputs/field_0/PBE-d3/coupled/data/ldos.pp.dat160.xsf
     Plot Type: 3D                     Output format: XCrySDen     
     Reading data from file  /home/ubuntu/projects/Graphene-Band-Structure-Quantum-Espresso/outputs/field_0/PBE-d3/coupled/data/ldos.pp.dat161

     Writing data to be plotted to file /home/ubuntu/projects/Graphene-Band-Structure-Quantum-Espresso/outputs/field_0/PBE-d3/coupled/data/ldos.pp.dat161.xsf
     Plot Type: 3D                     Output format: XCrySDen     
     Reading data from file  /home/ubuntu/projects/Graphene-Band-Structure-Quantum-Espresso/outputs/field_0/PBE-d3/coupled/data/ldos.pp.dat162

     Writing data to be plotted to file /home/ubuntu/projects/Graphene-Band-Structure-Quantum-Espresso/outputs/field_0/PBE-d3/coupled/data/ldos.pp.dat162.xsf
     Plot Type: 3D                     Output format: XCrySDen     
     Reading data from file  /home/ubuntu/projects/Graphene-Band-Structure-Quantum-Espresso/outputs/field_0/PBE-d3/coupled/data/ldos.pp.dat163

     Writing data to be plotted to file /home/ubuntu/projects/Graphene-Band-Structure-Quantum-Espresso/outputs/field_0/PBE-d3/coupled/data/ldos.pp.dat163.xsf
     Plot Type: 3D                     Output format: XCrySDen     
     Reading data from file  /home/ubuntu/projects/Graphene-Band-Structure-Quantum-Espresso/outputs/field_0/PBE-d3/coupled/data/ldos.pp.dat164

     Writing data to be plotted to file /home/ubuntu/projects/Graphene-Band-Structure-Quantum-Espresso/outputs/field_0/PBE-d3/coupled/data/ldos.pp.dat164.xsf
     Plot Type: 3D                     Output format: XCrySDen     
     Reading data from file  /home/ubuntu/projects/Graphene-Band-Structure-Quantum-Espresso/outputs/field_0/PBE-d3/coupled/data/ldos.pp.dat165

     Writing data to be plotted to file /home/ubuntu/projects/Graphene-Band-Structure-Quantum-Espresso/outputs/field_0/PBE-d3/coupled/data/ldos.pp.dat165.xsf
     Plot Type: 3D                     Output format: XCrySDen     
     Reading data from file  /home/ubuntu/projects/Graphene-Band-Structure-Quantum-Espresso/outputs/field_0/PBE-d3/coupled/data/ldos.pp.dat166

     Writing data to be plotted to file /home/ubuntu/projects/Graphene-Band-Structure-Quantum-Espresso/outputs/field_0/PBE-d3/coupled/data/ldos.pp.dat166.xsf
     Plot Type: 3D                     Output format: XCrySDen     
     Reading data from file  /home/ubuntu/projects/Graphene-Band-Structure-Quantum-Espresso/outputs/field_0/PBE-d3/coupled/data/ldos.pp.dat167

     Writing data to be plotted to file /home/ubuntu/projects/Graphene-Band-Structure-Quantum-Espresso/outputs/field_0/PBE-d3/coupled/data/ldos.pp.dat167.xsf
     Plot Type: 3D                     Output format: XCrySDen     
     Reading data from file  /home/ubuntu/projects/Graphene-Band-Structure-Quantum-Espresso/outputs/field_0/PBE-d3/coupled/data/ldos.pp.dat168

     Writing data to be plotted to file /home/ubuntu/projects/Graphene-Band-Structure-Quantum-Espresso/outputs/field_0/PBE-d3/coupled/data/ldos.pp.dat168.xsf
     Plot Type: 3D                     Output format: XCrySDen     
     Reading data from file  /home/ubuntu/projects/Graphene-Band-Structure-Quantum-Espresso/outputs/field_0/PBE-d3/coupled/data/ldos.pp.dat169

     Writing data to be plotted to file /home/ubuntu/projects/Graphene-Band-Structure-Quantum-Espresso/outputs/field_0/PBE-d3/coupled/data/ldos.pp.dat169.xsf
     Plot Type: 3D                     Output format: XCrySDen     
     Reading data from file  /home/ubuntu/projects/Graphene-Band-Structure-Quantum-Espresso/outputs/field_0/PBE-d3/coupled/data/ldos.pp.dat170

     Writing data to be plotted to file /home/ubuntu/projects/Graphene-Band-Structure-Quantum-Espresso/outputs/field_0/PBE-d3/coupled/data/ldos.pp.dat170.xsf
     Plot Type: 3D                     Output format: XCrySDen     
     Reading data from file  /home/ubuntu/projects/Graphene-Band-Structure-Quantum-Espresso/outputs/field_0/PBE-d3/coupled/data/ldos.pp.dat171

     Writing data to be plotted to file /home/ubuntu/projects/Graphene-Band-Structure-Quantum-Espresso/outputs/field_0/PBE-d3/coupled/data/ldos.pp.dat171.xsf
     Plot Type: 3D                     Output format: XCrySDen     
     Reading data from file  /home/ubuntu/projects/Graphene-Band-Structure-Quantum-Espresso/outputs/field_0/PBE-d3/coupled/data/ldos.pp.dat172

     Writing data to be plotted to file /home/ubuntu/projects/Graphene-Band-Structure-Quantum-Espresso/outputs/field_0/PBE-d3/coupled/data/ldos.pp.dat172.xsf
     Plot Type: 3D                     Output format: XCrySDen     
     Reading data from file  /home/ubuntu/projects/Graphene-Band-Structure-Quantum-Espresso/outputs/field_0/PBE-d3/coupled/data/ldos.pp.dat173

     Writing data to be plotted to file /home/ubuntu/projects/Graphene-Band-Structure-Quantum-Espresso/outputs/field_0/PBE-d3/coupled/data/ldos.pp.dat173.xsf
     Plot Type: 3D                     Output format: XCrySDen     
     Reading data from file  /home/ubuntu/projects/Graphene-Band-Structure-Quantum-Espresso/outputs/field_0/PBE-d3/coupled/data/ldos.pp.dat174

     Writing data to be plotted to file /home/ubuntu/projects/Graphene-Band-Structure-Quantum-Espresso/outputs/field_0/PBE-d3/coupled/data/ldos.pp.dat174.xsf
     Plot Type: 3D                     Output format: XCrySDen     
     Reading data from file  /home/ubuntu/projects/Graphene-Band-Structure-Quantum-Espresso/outputs/field_0/PBE-d3/coupled/data/ldos.pp.dat175

     Writing data to be plotted to file /home/ubuntu/projects/Graphene-Band-Structure-Quantum-Espresso/outputs/field_0/PBE-d3/coupled/data/ldos.pp.dat175.xsf
     Plot Type: 3D                     Output format: XCrySDen     
     Reading data from file  /home/ubuntu/projects/Graphene-Band-Structure-Quantum-Espresso/outputs/field_0/PBE-d3/coupled/data/ldos.pp.dat176

     Writing data to be plotted to file /home/ubuntu/projects/Graphene-Band-Structure-Quantum-Espresso/outputs/field_0/PBE-d3/coupled/data/ldos.pp.dat176.xsf
     Plot Type: 3D                     Output format: XCrySDen     
     Reading data from file  /home/ubuntu/projects/Graphene-Band-Structure-Quantum-Espresso/outputs/field_0/PBE-d3/coupled/data/ldos.pp.dat177

     Writing data to be plotted to file /home/ubuntu/projects/Graphene-Band-Structure-Quantum-Espresso/outputs/field_0/PBE-d3/coupled/data/ldos.pp.dat177.xsf
     Plot Type: 3D                     Output format: XCrySDen     
     Reading data from file  /home/ubuntu/projects/Graphene-Band-Structure-Quantum-Espresso/outputs/field_0/PBE-d3/coupled/data/ldos.pp.dat178

     Writing data to be plotted to file /home/ubuntu/projects/Graphene-Band-Structure-Quantum-Espresso/outputs/field_0/PBE-d3/coupled/data/ldos.pp.dat178.xsf
     Plot Type: 3D                     Output format: XCrySDen     
     Reading data from file  /home/ubuntu/projects/Graphene-Band-Structure-Quantum-Espresso/outputs/field_0/PBE-d3/coupled/data/ldos.pp.dat179

     Writing data to be plotted to file /home/ubuntu/projects/Graphene-Band-Structure-Quantum-Espresso/outputs/field_0/PBE-d3/coupled/data/ldos.pp.dat179.xsf
     Plot Type: 3D                     Output format: XCrySDen     
     Reading data from file  /home/ubuntu/projects/Graphene-Band-Structure-Quantum-Espresso/outputs/field_0/PBE-d3/coupled/data/ldos.pp.dat180

     Writing data to be plotted to file /home/ubuntu/projects/Graphene-Band-Structure-Quantum-Espresso/outputs/field_0/PBE-d3/coupled/data/ldos.pp.dat180.xsf
     Plot Type: 3D                     Output format: XCrySDen     
     Reading data from file  /home/ubuntu/projects/Graphene-Band-Structure-Quantum-Espresso/outputs/field_0/PBE-d3/coupled/data/ldos.pp.dat181

     Writing data to be plotted to file /home/ubuntu/projects/Graphene-Band-Structure-Quantum-Espresso/outputs/field_0/PBE-d3/coupled/data/ldos.pp.dat181.xsf
     Plot Type: 3D                     Output format: XCrySDen     
     Reading data from file  /home/ubuntu/projects/Graphene-Band-Structure-Quantum-Espresso/outputs/field_0/PBE-d3/coupled/data/ldos.pp.dat182

     Writing data to be plotted to file /home/ubuntu/projects/Graphene-Band-Structure-Quantum-Espresso/outputs/field_0/PBE-d3/coupled/data/ldos.pp.dat182.xsf
     Plot Type: 3D                     Output format: XCrySDen     
     Reading data from file  /home/ubuntu/projects/Graphene-Band-Structure-Quantum-Espresso/outputs/field_0/PBE-d3/coupled/data/ldos.pp.dat183

     Writing data to be plotted to file /home/ubuntu/projects/Graphene-Band-Structure-Quantum-Espresso/outputs/field_0/PBE-d3/coupled/data/ldos.pp.dat183.xsf
     Plot Type: 3D                     Output format: XCrySDen     
     Reading data from file  /home/ubuntu/projects/Graphene-Band-Structure-Quantum-Espresso/outputs/field_0/PBE-d3/coupled/data/ldos.pp.dat184

     Writing data to be plotted to file /home/ubuntu/projects/Graphene-Band-Structure-Quantum-Espresso/outputs/field_0/PBE-d3/coupled/data/ldos.pp.dat184.xsf
     Plot Type: 3D                     Output format: XCrySDen     
     Reading data from file  /home/ubuntu/projects/Graphene-Band-Structure-Quantum-Espresso/outputs/field_0/PBE-d3/coupled/data/ldos.pp.dat185

     Writing data to be plotted to file /home/ubuntu/projects/Graphene-Band-Structure-Quantum-Espresso/outputs/field_0/PBE-d3/coupled/data/ldos.pp.dat185.xsf
     Plot Type: 3D                     Output format: XCrySDen     
     Reading data from file  /home/ubuntu/projects/Graphene-Band-Structure-Quantum-Espresso/outputs/field_0/PBE-d3/coupled/data/ldos.pp.dat186

     Writing data to be plotted to file /home/ubuntu/projects/Graphene-Band-Structure-Quantum-Espresso/outputs/field_0/PBE-d3/coupled/data/ldos.pp.dat186.xsf
     Plot Type: 3D                     Output format: XCrySDen     
     Reading data from file  /home/ubuntu/projects/Graphene-Band-Structure-Quantum-Espresso/outputs/field_0/PBE-d3/coupled/data/ldos.pp.dat187

     Writing data to be plotted to file /home/ubuntu/projects/Graphene-Band-Structure-Quantum-Espresso/outputs/field_0/PBE-d3/coupled/data/ldos.pp.dat187.xsf
     Plot Type: 3D                     Output format: XCrySDen     
     Reading data from file  /home/ubuntu/projects/Graphene-Band-Structure-Quantum-Espresso/outputs/field_0/PBE-d3/coupled/data/ldos.pp.dat188

     Writing data to be plotted to file /home/ubuntu/projects/Graphene-Band-Structure-Quantum-Espresso/outputs/field_0/PBE-d3/coupled/data/ldos.pp.dat188.xsf
     Plot Type: 3D                     Output format: XCrySDen     
     Reading data from file  /home/ubuntu/projects/Graphene-Band-Structure-Quantum-Espresso/outputs/field_0/PBE-d3/coupled/data/ldos.pp.dat189

     Writing data to be plotted to file /home/ubuntu/projects/Graphene-Band-Structure-Quantum-Espresso/outputs/field_0/PBE-d3/coupled/data/ldos.pp.dat189.xsf
     Plot Type: 3D                     Output format: XCrySDen     
     Reading data from file  /home/ubuntu/projects/Graphene-Band-Structure-Quantum-Espresso/outputs/field_0/PBE-d3/coupled/data/ldos.pp.dat190

     Writing data to be plotted to file /home/ubuntu/projects/Graphene-Band-Structure-Quantum-Espresso/outputs/field_0/PBE-d3/coupled/data/ldos.pp.dat190.xsf
     Plot Type: 3D                     Output format: XCrySDen     
     Reading data from file  /home/ubuntu/projects/Graphene-Band-Structure-Quantum-Espresso/outputs/field_0/PBE-d3/coupled/data/ldos.pp.dat191

     Writing data to be plotted to file /home/ubuntu/projects/Graphene-Band-Structure-Quantum-Espresso/outputs/field_0/PBE-d3/coupled/data/ldos.pp.dat191.xsf
     Plot Type: 3D                     Output format: XCrySDen     
     Reading data from file  /home/ubuntu/projects/Graphene-Band-Structure-Quantum-Espresso/outputs/field_0/PBE-d3/coupled/data/ldos.pp.dat192

     Writing data to be plotted to file /home/ubuntu/projects/Graphene-Band-Structure-Quantum-Espresso/outputs/field_0/PBE-d3/coupled/data/ldos.pp.dat192.xsf
     Plot Type: 3D                     Output format: XCrySDen     
     Reading data from file  /home/ubuntu/projects/Graphene-Band-Structure-Quantum-Espresso/outputs/field_0/PBE-d3/coupled/data/ldos.pp.dat193

     Writing data to be plotted to file /home/ubuntu/projects/Graphene-Band-Structure-Quantum-Espresso/outputs/field_0/PBE-d3/coupled/data/ldos.pp.dat193.xsf
     Plot Type: 3D                     Output format: XCrySDen     
     Reading data from file  /home/ubuntu/projects/Graphene-Band-Structure-Quantum-Espresso/outputs/field_0/PBE-d3/coupled/data/ldos.pp.dat194

     Writing data to be plotted to file /home/ubuntu/projects/Graphene-Band-Structure-Quantum-Espresso/outputs/field_0/PBE-d3/coupled/data/ldos.pp.dat194.xsf
     Plot Type: 3D                     Output format: XCrySDen     
     Reading data from file  /home/ubuntu/projects/Graphene-Band-Structure-Quantum-Espresso/outputs/field_0/PBE-d3/coupled/data/ldos.pp.dat195

     Writing data to be plotted to file /home/ubuntu/projects/Graphene-Band-Structure-Quantum-Espresso/outputs/field_0/PBE-d3/coupled/data/ldos.pp.dat195.xsf
     Plot Type: 3D                     Output format: XCrySDen     
     Reading data from file  /home/ubuntu/projects/Graphene-Band-Structure-Quantum-Espresso/outputs/field_0/PBE-d3/coupled/data/ldos.pp.dat196

     Writing data to be plotted to file /home/ubuntu/projects/Graphene-Band-Structure-Quantum-Espresso/outputs/field_0/PBE-d3/coupled/data/ldos.pp.dat196.xsf
     Plot Type: 3D                     Output format: XCrySDen     
     Reading data from file  /home/ubuntu/projects/Graphene-Band-Structure-Quantum-Espresso/outputs/field_0/PBE-d3/coupled/data/ldos.pp.dat197

     Writing data to be plotted to file /home/ubuntu/projects/Graphene-Band-Structure-Quantum-Espresso/outputs/field_0/PBE-d3/coupled/data/ldos.pp.dat197.xsf
     Plot Type: 3D                     Output format: XCrySDen     
     Reading data from file  /home/ubuntu/projects/Graphene-Band-Structure-Quantum-Espresso/outputs/field_0/PBE-d3/coupled/data/ldos.pp.dat198

     Writing data to be plotted to file /home/ubuntu/projects/Graphene-Band-Structure-Quantum-Espresso/outputs/field_0/PBE-d3/coupled/data/ldos.pp.dat198.xsf
     Plot Type: 3D                     Output format: XCrySDen     
     Reading data from file  /home/ubuntu/projects/Graphene-Band-Structure-Quantum-Espresso/outputs/field_0/PBE-d3/coupled/data/ldos.pp.dat199

     Writing data to be plotted to file /home/ubuntu/projects/Graphene-Band-Structure-Quantum-Espresso/outputs/field_0/PBE-d3/coupled/data/ldos.pp.dat199.xsf
     Plot Type: 3D                     Output format: XCrySDen     
     Reading data from file  /home/ubuntu/projects/Graphene-Band-Structure-Quantum-Espresso/outputs/field_0/PBE-d3/coupled/data/ldos.pp.dat200

     Writing data to be plotted to file /home/ubuntu/projects/Graphene-Band-Structure-Quantum-Espresso/outputs/field_0/PBE-d3/coupled/data/ldos.pp.dat200.xsf
     Plot Type: 3D                     Output format: XCrySDen     
     Reading data from file  /home/ubuntu/projects/Graphene-Band-Structure-Quantum-Espresso/outputs/field_0/PBE-d3/coupled/data/ldos.pp.dat201

     Writing data to be plotted to file /home/ubuntu/projects/Graphene-Band-Structure-Quantum-Espresso/outputs/field_0/PBE-d3/coupled/data/ldos.pp.dat201.xsf
     Plot Type: 3D                     Output format: XCrySDen     
     Reading data from file  /home/ubuntu/projects/Graphene-Band-Structure-Quantum-Espresso/outputs/field_0/PBE-d3/coupled/data/ldos.pp.dat202

     Writing data to be plotted to file /home/ubuntu/projects/Graphene-Band-Structure-Quantum-Espresso/outputs/field_0/PBE-d3/coupled/data/ldos.pp.dat202.xsf
     Plot Type: 3D                     Output format: XCrySDen     
     Reading data from file  /home/ubuntu/projects/Graphene-Band-Structure-Quantum-Espresso/outputs/field_0/PBE-d3/coupled/data/ldos.pp.dat203

     Writing data to be plotted to file /home/ubuntu/projects/Graphene-Band-Structure-Quantum-Espresso/outputs/field_0/PBE-d3/coupled/data/ldos.pp.dat203.xsf
     Plot Type: 3D                     Output format: XCrySDen     
     Reading data from file  /home/ubuntu/projects/Graphene-Band-Structure-Quantum-Espresso/outputs/field_0/PBE-d3/coupled/data/ldos.pp.dat204

     Writing data to be plotted to file /home/ubuntu/projects/Graphene-Band-Structure-Quantum-Espresso/outputs/field_0/PBE-d3/coupled/data/ldos.pp.dat204.xsf
     Plot Type: 3D                     Output format: XCrySDen     
     Reading data from file  /home/ubuntu/projects/Graphene-Band-Structure-Quantum-Espresso/outputs/field_0/PBE-d3/coupled/data/ldos.pp.dat205

     Writing data to be plotted to file /home/ubuntu/projects/Graphene-Band-Structure-Quantum-Espresso/outputs/field_0/PBE-d3/coupled/data/ldos.pp.dat205.xsf
     Plot Type: 3D                     Output format: XCrySDen     
     Reading data from file  /home/ubuntu/projects/Graphene-Band-Structure-Quantum-Espresso/outputs/field_0/PBE-d3/coupled/data/ldos.pp.dat206

     Writing data to be plotted to file /home/ubuntu/projects/Graphene-Band-Structure-Quantum-Espresso/outputs/field_0/PBE-d3/coupled/data/ldos.pp.dat206.xsf
     Plot Type: 3D                     Output format: XCrySDen     
     Reading data from file  /home/ubuntu/projects/Graphene-Band-Structure-Quantum-Espresso/outputs/field_0/PBE-d3/coupled/data/ldos.pp.dat207

     Writing data to be plotted to file /home/ubuntu/projects/Graphene-Band-Structure-Quantum-Espresso/outputs/field_0/PBE-d3/coupled/data/ldos.pp.dat207.xsf
     Plot Type: 3D                     Output format: XCrySDen     
     Reading data from file  /home/ubuntu/projects/Graphene-Band-Structure-Quantum-Espresso/outputs/field_0/PBE-d3/coupled/data/ldos.pp.dat208

     Writing data to be plotted to file /home/ubuntu/projects/Graphene-Band-Structure-Quantum-Espresso/outputs/field_0/PBE-d3/coupled/data/ldos.pp.dat208.xsf
     Plot Type: 3D                     Output format: XCrySDen     
     Reading data from file  /home/ubuntu/projects/Graphene-Band-Structure-Quantum-Espresso/outputs/field_0/PBE-d3/coupled/data/ldos.pp.dat209

     Writing data to be plotted to file /home/ubuntu/projects/Graphene-Band-Structure-Quantum-Espresso/outputs/field_0/PBE-d3/coupled/data/ldos.pp.dat209.xsf
     Plot Type: 3D                     Output format: XCrySDen     
     Reading data from file  /home/ubuntu/projects/Graphene-Band-Structure-Quantum-Espresso/outputs/field_0/PBE-d3/coupled/data/ldos.pp.dat210

     Writing data to be plotted to file /home/ubuntu/projects/Graphene-Band-Structure-Quantum-Espresso/outputs/field_0/PBE-d3/coupled/data/ldos.pp.dat210.xsf
     Plot Type: 3D                     Output format: XCrySDen     
     Reading data from file  /home/ubuntu/projects/Graphene-Band-Structure-Quantum-Espresso/outputs/field_0/PBE-d3/coupled/data/ldos.pp.dat211

     Writing data to be plotted to file /home/ubuntu/projects/Graphene-Band-Structure-Quantum-Espresso/outputs/field_0/PBE-d3/coupled/data/ldos.pp.dat211.xsf
     Plot Type: 3D                     Output format: XCrySDen     
     Reading data from file  /home/ubuntu/projects/Graphene-Band-Structure-Quantum-Espresso/outputs/field_0/PBE-d3/coupled/data/ldos.pp.dat212

     Writing data to be plotted to file /home/ubuntu/projects/Graphene-Band-Structure-Quantum-Espresso/outputs/field_0/PBE-d3/coupled/data/ldos.pp.dat212.xsf
     Plot Type: 3D                     Output format: XCrySDen     
     Reading data from file  /home/ubuntu/projects/Graphene-Band-Structure-Quantum-Espresso/outputs/field_0/PBE-d3/coupled/data/ldos.pp.dat213

     Writing data to be plotted to file /home/ubuntu/projects/Graphene-Band-Structure-Quantum-Espresso/outputs/field_0/PBE-d3/coupled/data/ldos.pp.dat213.xsf
     Plot Type: 3D                     Output format: XCrySDen     
     Reading data from file  /home/ubuntu/projects/Graphene-Band-Structure-Quantum-Espresso/outputs/field_0/PBE-d3/coupled/data/ldos.pp.dat214

     Writing data to be plotted to file /home/ubuntu/projects/Graphene-Band-Structure-Quantum-Espresso/outputs/field_0/PBE-d3/coupled/data/ldos.pp.dat214.xsf
     Plot Type: 3D                     Output format: XCrySDen     
     Reading data from file  /home/ubuntu/projects/Graphene-Band-Structure-Quantum-Espresso/outputs/field_0/PBE-d3/coupled/data/ldos.pp.dat215

     Writing data to be plotted to file /home/ubuntu/projects/Graphene-Band-Structure-Quantum-Espresso/outputs/field_0/PBE-d3/coupled/data/ldos.pp.dat215.xsf
     Plot Type: 3D                     Output format: XCrySDen     
     Reading data from file  /home/ubuntu/projects/Graphene-Band-Structure-Quantum-Espresso/outputs/field_0/PBE-d3/coupled/data/ldos.pp.dat216

     Writing data to be plotted to file /home/ubuntu/projects/Graphene-Band-Structure-Quantum-Espresso/outputs/field_0/PBE-d3/coupled/data/ldos.pp.dat216.xsf
     Plot Type: 3D                     Output format: XCrySDen     
     Reading data from file  /home/ubuntu/projects/Graphene-Band-Structure-Quantum-Espresso/outputs/field_0/PBE-d3/coupled/data/ldos.pp.dat217

     Writing data to be plotted to file /home/ubuntu/projects/Graphene-Band-Structure-Quantum-Espresso/outputs/field_0/PBE-d3/coupled/data/ldos.pp.dat217.xsf
     Plot Type: 3D                     Output format: XCrySDen     
     Reading data from file  /home/ubuntu/projects/Graphene-Band-Structure-Quantum-Espresso/outputs/field_0/PBE-d3/coupled/data/ldos.pp.dat218

     Writing data to be plotted to file /home/ubuntu/projects/Graphene-Band-Structure-Quantum-Espresso/outputs/field_0/PBE-d3/coupled/data/ldos.pp.dat218.xsf
     Plot Type: 3D                     Output format: XCrySDen     
     Reading data from file  /home/ubuntu/projects/Graphene-Band-Structure-Quantum-Espresso/outputs/field_0/PBE-d3/coupled/data/ldos.pp.dat219

     Writing data to be plotted to file /home/ubuntu/projects/Graphene-Band-Structure-Quantum-Espresso/outputs/field_0/PBE-d3/coupled/data/ldos.pp.dat219.xsf
     Plot Type: 3D                     Output format: XCrySDen     
     Reading data from file  /home/ubuntu/projects/Graphene-Band-Structure-Quantum-Espresso/outputs/field_0/PBE-d3/coupled/data/ldos.pp.dat220

     Writing data to be plotted to file /home/ubuntu/projects/Graphene-Band-Structure-Quantum-Espresso/outputs/field_0/PBE-d3/coupled/data/ldos.pp.dat220.xsf
     Plot Type: 3D                     Output format: XCrySDen     
     Reading data from file  /home/ubuntu/projects/Graphene-Band-Structure-Quantum-Espresso/outputs/field_0/PBE-d3/coupled/data/ldos.pp.dat221

     Writing data to be plotted to file /home/ubuntu/projects/Graphene-Band-Structure-Quantum-Espresso/outputs/field_0/PBE-d3/coupled/data/ldos.pp.dat221.xsf
     Plot Type: 3D                     Output format: XCrySDen     
     Reading data from file  /home/ubuntu/projects/Graphene-Band-Structure-Quantum-Espresso/outputs/field_0/PBE-d3/coupled/data/ldos.pp.dat222

     Writing data to be plotted to file /home/ubuntu/projects/Graphene-Band-Structure-Quantum-Espresso/outputs/field_0/PBE-d3/coupled/data/ldos.pp.dat222.xsf
     Plot Type: 3D                     Output format: XCrySDen     
     Reading data from file  /home/ubuntu/projects/Graphene-Band-Structure-Quantum-Espresso/outputs/field_0/PBE-d3/coupled/data/ldos.pp.dat223

     Writing data to be plotted to file /home/ubuntu/projects/Graphene-Band-Structure-Quantum-Espresso/outputs/field_0/PBE-d3/coupled/data/ldos.pp.dat223.xsf
     Plot Type: 3D                     Output format: XCrySDen     
     Reading data from file  /home/ubuntu/projects/Graphene-Band-Structure-Quantum-Espresso/outputs/field_0/PBE-d3/coupled/data/ldos.pp.dat224

     Writing data to be plotted to file /home/ubuntu/projects/Graphene-Band-Structure-Quantum-Espresso/outputs/field_0/PBE-d3/coupled/data/ldos.pp.dat224.xsf
     Plot Type: 3D                     Output format: XCrySDen     
     Reading data from file  /home/ubuntu/projects/Graphene-Band-Structure-Quantum-Espresso/outputs/field_0/PBE-d3/coupled/data/ldos.pp.dat225

     Writing data to be plotted to file /home/ubuntu/projects/Graphene-Band-Structure-Quantum-Espresso/outputs/field_0/PBE-d3/coupled/data/ldos.pp.dat225.xsf
     Plot Type: 3D                     Output format: XCrySDen     
     Reading data from file  /home/ubuntu/projects/Graphene-Band-Structure-Quantum-Espresso/outputs/field_0/PBE-d3/coupled/data/ldos.pp.dat226

     Writing data to be plotted to file /home/ubuntu/projects/Graphene-Band-Structure-Quantum-Espresso/outputs/field_0/PBE-d3/coupled/data/ldos.pp.dat226.xsf
     Plot Type: 3D                     Output format: XCrySDen     
     Reading data from file  /home/ubuntu/projects/Graphene-Band-Structure-Quantum-Espresso/outputs/field_0/PBE-d3/coupled/data/ldos.pp.dat227

     Writing data to be plotted to file /home/ubuntu/projects/Graphene-Band-Structure-Quantum-Espresso/outputs/field_0/PBE-d3/coupled/data/ldos.pp.dat227.xsf
     Plot Type: 3D                     Output format: XCrySDen     
     Reading data from file  /home/ubuntu/projects/Graphene-Band-Structure-Quantum-Espresso/outputs/field_0/PBE-d3/coupled/data/ldos.pp.dat228

     Writing data to be plotted to file /home/ubuntu/projects/Graphene-Band-Structure-Quantum-Espresso/outputs/field_0/PBE-d3/coupled/data/ldos.pp.dat228.xsf
     Plot Type: 3D                     Output format: XCrySDen     
     Reading data from file  /home/ubuntu/projects/Graphene-Band-Structure-Quantum-Espresso/outputs/field_0/PBE-d3/coupled/data/ldos.pp.dat229

     Writing data to be plotted to file /home/ubuntu/projects/Graphene-Band-Structure-Quantum-Espresso/outputs/field_0/PBE-d3/coupled/data/ldos.pp.dat229.xsf
     Plot Type: 3D                     Output format: XCrySDen     
     Reading data from file  /home/ubuntu/projects/Graphene-Band-Structure-Quantum-Espresso/outputs/field_0/PBE-d3/coupled/data/ldos.pp.dat230

     Writing data to be plotted to file /home/ubuntu/projects/Graphene-Band-Structure-Quantum-Espresso/outputs/field_0/PBE-d3/coupled/data/ldos.pp.dat230.xsf
     Plot Type: 3D                     Output format: XCrySDen     
     Reading data from file  /home/ubuntu/projects/Graphene-Band-Structure-Quantum-Espresso/outputs/field_0/PBE-d3/coupled/data/ldos.pp.dat231

     Writing data to be plotted to file /home/ubuntu/projects/Graphene-Band-Structure-Quantum-Espresso/outputs/field_0/PBE-d3/coupled/data/ldos.pp.dat231.xsf
     Plot Type: 3D                     Output format: XCrySDen     
     Reading data from file  /home/ubuntu/projects/Graphene-Band-Structure-Quantum-Espresso/outputs/field_0/PBE-d3/coupled/data/ldos.pp.dat232

     Writing data to be plotted to file /home/ubuntu/projects/Graphene-Band-Structure-Quantum-Espresso/outputs/field_0/PBE-d3/coupled/data/ldos.pp.dat232.xsf
     Plot Type: 3D                     Output format: XCrySDen     
     Reading data from file  /home/ubuntu/projects/Graphene-Band-Structure-Quantum-Espresso/outputs/field_0/PBE-d3/coupled/data/ldos.pp.dat233

     Writing data to be plotted to file /home/ubuntu/projects/Graphene-Band-Structure-Quantum-Espresso/outputs/field_0/PBE-d3/coupled/data/ldos.pp.dat233.xsf
     Plot Type: 3D                     Output format: XCrySDen     
     Reading data from file  /home/ubuntu/projects/Graphene-Band-Structure-Quantum-Espresso/outputs/field_0/PBE-d3/coupled/data/ldos.pp.dat234

     Writing data to be plotted to file /home/ubuntu/projects/Graphene-Band-Structure-Quantum-Espresso/outputs/field_0/PBE-d3/coupled/data/ldos.pp.dat234.xsf
     Plot Type: 3D                     Output format: XCrySDen     
     Reading data from file  /home/ubuntu/projects/Graphene-Band-Structure-Quantum-Espresso/outputs/field_0/PBE-d3/coupled/data/ldos.pp.dat235

     Writing data to be plotted to file /home/ubuntu/projects/Graphene-Band-Structure-Quantum-Espresso/outputs/field_0/PBE-d3/coupled/data/ldos.pp.dat235.xsf
     Plot Type: 3D                     Output format: XCrySDen     
     Reading data from file  /home/ubuntu/projects/Graphene-Band-Structure-Quantum-Espresso/outputs/field_0/PBE-d3/coupled/data/ldos.pp.dat236

     Writing data to be plotted to file /home/ubuntu/projects/Graphene-Band-Structure-Quantum-Espresso/outputs/field_0/PBE-d3/coupled/data/ldos.pp.dat236.xsf
     Plot Type: 3D                     Output format: XCrySDen     
     Reading data from file  /home/ubuntu/projects/Graphene-Band-Structure-Quantum-Espresso/outputs/field_0/PBE-d3/coupled/data/ldos.pp.dat237

     Writing data to be plotted to file /home/ubuntu/projects/Graphene-Band-Structure-Quantum-Espresso/outputs/field_0/PBE-d3/coupled/data/ldos.pp.dat237.xsf
     Plot Type: 3D                     Output format: XCrySDen     
     Reading data from file  /home/ubuntu/projects/Graphene-Band-Structure-Quantum-Espresso/outputs/field_0/PBE-d3/coupled/data/ldos.pp.dat238

     Writing data to be plotted to file /home/ubuntu/projects/Graphene-Band-Structure-Quantum-Espresso/outputs/field_0/PBE-d3/coupled/data/ldos.pp.dat238.xsf
     Plot Type: 3D                     Output format: XCrySDen     
     Reading data from file  /home/ubuntu/projects/Graphene-Band-Structure-Quantum-Espresso/outputs/field_0/PBE-d3/coupled/data/ldos.pp.dat239

     Writing data to be plotted to file /home/ubuntu/projects/Graphene-Band-Structure-Quantum-Espresso/outputs/field_0/PBE-d3/coupled/data/ldos.pp.dat239.xsf
     Plot Type: 3D                     Output format: XCrySDen     
     Reading data from file  /home/ubuntu/projects/Graphene-Band-Structure-Quantum-Espresso/outputs/field_0/PBE-d3/coupled/data/ldos.pp.dat240

     Writing data to be plotted to file /home/ubuntu/projects/Graphene-Band-Structure-Quantum-Espresso/outputs/field_0/PBE-d3/coupled/data/ldos.pp.dat240.xsf
     Plot Type: 3D                     Output format: XCrySDen     
     Reading data from file  /home/ubuntu/projects/Graphene-Band-Structure-Quantum-Espresso/outputs/field_0/PBE-d3/coupled/data/ldos.pp.dat241

     Writing data to be plotted to file /home/ubuntu/projects/Graphene-Band-Structure-Quantum-Espresso/outputs/field_0/PBE-d3/coupled/data/ldos.pp.dat241.xsf
     Plot Type: 3D                     Output format: XCrySDen     
     Reading data from file  /home/ubuntu/projects/Graphene-Band-Structure-Quantum-Espresso/outputs/field_0/PBE-d3/coupled/data/ldos.pp.dat242

     Writing data to be plotted to file /home/ubuntu/projects/Graphene-Band-Structure-Quantum-Espresso/outputs/field_0/PBE-d3/coupled/data/ldos.pp.dat242.xsf
     Plot Type: 3D                     Output format: XCrySDen     
     Reading data from file  /home/ubuntu/projects/Graphene-Band-Structure-Quantum-Espresso/outputs/field_0/PBE-d3/coupled/data/ldos.pp.dat243

     Writing data to be plotted to file /home/ubuntu/projects/Graphene-Band-Structure-Quantum-Espresso/outputs/field_0/PBE-d3/coupled/data/ldos.pp.dat243.xsf
     Plot Type: 3D                     Output format: XCrySDen     
     Reading data from file  /home/ubuntu/projects/Graphene-Band-Structure-Quantum-Espresso/outputs/field_0/PBE-d3/coupled/data/ldos.pp.dat244

     Writing data to be plotted to file /home/ubuntu/projects/Graphene-Band-Structure-Quantum-Espresso/outputs/field_0/PBE-d3/coupled/data/ldos.pp.dat244.xsf
     Plot Type: 3D                     Output format: XCrySDen     
     Reading data from file  /home/ubuntu/projects/Graphene-Band-Structure-Quantum-Espresso/outputs/field_0/PBE-d3/coupled/data/ldos.pp.dat245

     Writing data to be plotted to file /home/ubuntu/projects/Graphene-Band-Structure-Quantum-Espresso/outputs/field_0/PBE-d3/coupled/data/ldos.pp.dat245.xsf
     Plot Type: 3D                     Output format: XCrySDen     
     Reading data from file  /home/ubuntu/projects/Graphene-Band-Structure-Quantum-Espresso/outputs/field_0/PBE-d3/coupled/data/ldos.pp.dat246

     Writing data to be plotted to file /home/ubuntu/projects/Graphene-Band-Structure-Quantum-Espresso/outputs/field_0/PBE-d3/coupled/data/ldos.pp.dat246.xsf
     Plot Type: 3D                     Output format: XCrySDen     
     Reading data from file  /home/ubuntu/projects/Graphene-Band-Structure-Quantum-Espresso/outputs/field_0/PBE-d3/coupled/data/ldos.pp.dat247

     Writing data to be plotted to file /home/ubuntu/projects/Graphene-Band-Structure-Quantum-Espresso/outputs/field_0/PBE-d3/coupled/data/ldos.pp.dat247.xsf
     Plot Type: 3D                     Output format: XCrySDen     
     Reading data from file  /home/ubuntu/projects/Graphene-Band-Structure-Quantum-Espresso/outputs/field_0/PBE-d3/coupled/data/ldos.pp.dat248

     Writing data to be plotted to file /home/ubuntu/projects/Graphene-Band-Structure-Quantum-Espresso/outputs/field_0/PBE-d3/coupled/data/ldos.pp.dat248.xsf
     Plot Type: 3D                     Output format: XCrySDen     
     Reading data from file  /home/ubuntu/projects/Graphene-Band-Structure-Quantum-Espresso/outputs/field_0/PBE-d3/coupled/data/ldos.pp.dat249

     Writing data to be plotted to file /home/ubuntu/projects/Graphene-Band-Structure-Quantum-Espresso/outputs/field_0/PBE-d3/coupled/data/ldos.pp.dat249.xsf
     Plot Type: 3D                     Output format: XCrySDen     
     Reading data from file  /home/ubuntu/projects/Graphene-Band-Structure-Quantum-Espresso/outputs/field_0/PBE-d3/coupled/data/ldos.pp.dat250

     Writing data to be plotted to file /home/ubuntu/projects/Graphene-Band-Structure-Quantum-Espresso/outputs/field_0/PBE-d3/coupled/data/ldos.pp.dat250.xsf
     Plot Type: 3D                     Output format: XCrySDen     
     Reading data from file  /home/ubuntu/projects/Graphene-Band-Structure-Quantum-Espresso/outputs/field_0/PBE-d3/coupled/data/ldos.pp.dat251

     Writing data to be plotted to file /home/ubuntu/projects/Graphene-Band-Structure-Quantum-Espresso/outputs/field_0/PBE-d3/coupled/data/ldos.pp.dat251.xsf
     Plot Type: 3D                     Output format: XCrySDen     
     Reading data from file  /home/ubuntu/projects/Graphene-Band-Structure-Quantum-Espresso/outputs/field_0/PBE-d3/coupled/data/ldos.pp.dat252

     Writing data to be plotted to file /home/ubuntu/projects/Graphene-Band-Structure-Quantum-Espresso/outputs/field_0/PBE-d3/coupled/data/ldos.pp.dat252.xsf
     Plot Type: 3D                     Output format: XCrySDen     
     Reading data from file  /home/ubuntu/projects/Graphene-Band-Structure-Quantum-Espresso/outputs/field_0/PBE-d3/coupled/data/ldos.pp.dat253

     Writing data to be plotted to file /home/ubuntu/projects/Graphene-Band-Structure-Quantum-Espresso/outputs/field_0/PBE-d3/coupled/data/ldos.pp.dat253.xsf
     Plot Type: 3D                     Output format: XCrySDen     
     Reading data from file  /home/ubuntu/projects/Graphene-Band-Structure-Quantum-Espresso/outputs/field_0/PBE-d3/coupled/data/ldos.pp.dat254

     Writing data to be plotted to file /home/ubuntu/projects/Graphene-Band-Structure-Quantum-Espresso/outputs/field_0/PBE-d3/coupled/data/ldos.pp.dat254.xsf
     Plot Type: 3D                     Output format: XCrySDen     
     Reading data from file  /home/ubuntu/projects/Graphene-Band-Structure-Quantum-Espresso/outputs/field_0/PBE-d3/coupled/data/ldos.pp.dat255

     Writing data to be plotted to file /home/ubuntu/projects/Graphene-Band-Structure-Quantum-Espresso/outputs/field_0/PBE-d3/coupled/data/ldos.pp.dat255.xsf
     Plot Type: 3D                     Output format: XCrySDen     
     Reading data from file  /home/ubuntu/projects/Graphene-Band-Structure-Quantum-Espresso/outputs/field_0/PBE-d3/coupled/data/ldos.pp.dat256

     Writing data to be plotted to file /home/ubuntu/projects/Graphene-Band-Structure-Quantum-Espresso/outputs/field_0/PBE-d3/coupled/data/ldos.pp.dat256.xsf
     Plot Type: 3D                     Output format: XCrySDen     
     Reading data from file  /home/ubuntu/projects/Graphene-Band-Structure-Quantum-Espresso/outputs/field_0/PBE-d3/coupled/data/ldos.pp.dat257

     Writing data to be plotted to file /home/ubuntu/projects/Graphene-Band-Structure-Quantum-Espresso/outputs/field_0/PBE-d3/coupled/data/ldos.pp.dat257.xsf
     Plot Type: 3D                     Output format: XCrySDen     
     Reading data from file  /home/ubuntu/projects/Graphene-Band-Structure-Quantum-Espresso/outputs/field_0/PBE-d3/coupled/data/ldos.pp.dat258

     Writing data to be plotted to file /home/ubuntu/projects/Graphene-Band-Structure-Quantum-Espresso/outputs/field_0/PBE-d3/coupled/data/ldos.pp.dat258.xsf
     Plot Type: 3D                     Output format: XCrySDen     
     Reading data from file  /home/ubuntu/projects/Graphene-Band-Structure-Quantum-Espresso/outputs/field_0/PBE-d3/coupled/data/ldos.pp.dat259

     Writing data to be plotted to file /home/ubuntu/projects/Graphene-Band-Structure-Quantum-Espresso/outputs/field_0/PBE-d3/coupled/data/ldos.pp.dat259.xsf
     Plot Type: 3D                     Output format: XCrySDen     
     Reading data from file  /home/ubuntu/projects/Graphene-Band-Structure-Quantum-Espresso/outputs/field_0/PBE-d3/coupled/data/ldos.pp.dat260

     Writing data to be plotted to file /home/ubuntu/projects/Graphene-Band-Structure-Quantum-Espresso/outputs/field_0/PBE-d3/coupled/data/ldos.pp.dat260.xsf
     Plot Type: 3D                     Output format: XCrySDen     
     Reading data from file  /home/ubuntu/projects/Graphene-Band-Structure-Quantum-Espresso/outputs/field_0/PBE-d3/coupled/data/ldos.pp.dat261

     Writing data to be plotted to file /home/ubuntu/projects/Graphene-Band-Structure-Quantum-Espresso/outputs/field_0/PBE-d3/coupled/data/ldos.pp.dat261.xsf
     Plot Type: 3D                     Output format: XCrySDen     
     Reading data from file  /home/ubuntu/projects/Graphene-Band-Structure-Quantum-Espresso/outputs/field_0/PBE-d3/coupled/data/ldos.pp.dat262

     Writing data to be plotted to file /home/ubuntu/projects/Graphene-Band-Structure-Quantum-Espresso/outputs/field_0/PBE-d3/coupled/data/ldos.pp.dat262.xsf
     Plot Type: 3D                     Output format: XCrySDen     
     Reading data from file  /home/ubuntu/projects/Graphene-Band-Structure-Quantum-Espresso/outputs/field_0/PBE-d3/coupled/data/ldos.pp.dat263

     Writing data to be plotted to file /home/ubuntu/projects/Graphene-Band-Structure-Quantum-Espresso/outputs/field_0/PBE-d3/coupled/data/ldos.pp.dat263.xsf
     Plot Type: 3D                     Output format: XCrySDen     
     Reading data from file  /home/ubuntu/projects/Graphene-Band-Structure-Quantum-Espresso/outputs/field_0/PBE-d3/coupled/data/ldos.pp.dat264

     Writing data to be plotted to file /home/ubuntu/projects/Graphene-Band-Structure-Quantum-Espresso/outputs/field_0/PBE-d3/coupled/data/ldos.pp.dat264.xsf
     Plot Type: 3D                     Output format: XCrySDen     
     Reading data from file  /home/ubuntu/projects/Graphene-Band-Structure-Quantum-Espresso/outputs/field_0/PBE-d3/coupled/data/ldos.pp.dat265

     Writing data to be plotted to file /home/ubuntu/projects/Graphene-Band-Structure-Quantum-Espresso/outputs/field_0/PBE-d3/coupled/data/ldos.pp.dat265.xsf
     Plot Type: 3D                     Output format: XCrySDen     
     Reading data from file  /home/ubuntu/projects/Graphene-Band-Structure-Quantum-Espresso/outputs/field_0/PBE-d3/coupled/data/ldos.pp.dat266

     Writing data to be plotted to file /home/ubuntu/projects/Graphene-Band-Structure-Quantum-Espresso/outputs/field_0/PBE-d3/coupled/data/ldos.pp.dat266.xsf
     Plot Type: 3D                     Output format: XCrySDen     
     Reading data from file  /home/ubuntu/projects/Graphene-Band-Structure-Quantum-Espresso/outputs/field_0/PBE-d3/coupled/data/ldos.pp.dat267

     Writing data to be plotted to file /home/ubuntu/projects/Graphene-Band-Structure-Quantum-Espresso/outputs/field_0/PBE-d3/coupled/data/ldos.pp.dat267.xsf
     Plot Type: 3D                     Output format: XCrySDen     
     Reading data from file  /home/ubuntu/projects/Graphene-Band-Structure-Quantum-Espresso/outputs/field_0/PBE-d3/coupled/data/ldos.pp.dat268

     Writing data to be plotted to file /home/ubuntu/projects/Graphene-Band-Structure-Quantum-Espresso/outputs/field_0/PBE-d3/coupled/data/ldos.pp.dat268.xsf
     Plot Type: 3D                     Output format: XCrySDen     
     Reading data from file  /home/ubuntu/projects/Graphene-Band-Structure-Quantum-Espresso/outputs/field_0/PBE-d3/coupled/data/ldos.pp.dat269

     Writing data to be plotted to file /home/ubuntu/projects/Graphene-Band-Structure-Quantum-Espresso/outputs/field_0/PBE-d3/coupled/data/ldos.pp.dat269.xsf
     Plot Type: 3D                     Output format: XCrySDen     
     Reading data from file  /home/ubuntu/projects/Graphene-Band-Structure-Quantum-Espresso/outputs/field_0/PBE-d3/coupled/data/ldos.pp.dat270

     Writing data to be plotted to file /home/ubuntu/projects/Graphene-Band-Structure-Quantum-Espresso/outputs/field_0/PBE-d3/coupled/data/ldos.pp.dat270.xsf
     Plot Type: 3D                     Output format: XCrySDen     
     Reading data from file  /home/ubuntu/projects/Graphene-Band-Structure-Quantum-Espresso/outputs/field_0/PBE-d3/coupled/data/ldos.pp.dat271

     Writing data to be plotted to file /home/ubuntu/projects/Graphene-Band-Structure-Quantum-Espresso/outputs/field_0/PBE-d3/coupled/data/ldos.pp.dat271.xsf
     Plot Type: 3D                     Output format: XCrySDen     
     Reading data from file  /home/ubuntu/projects/Graphene-Band-Structure-Quantum-Espresso/outputs/field_0/PBE-d3/coupled/data/ldos.pp.dat272

     Writing data to be plotted to file /home/ubuntu/projects/Graphene-Band-Structure-Quantum-Espresso/outputs/field_0/PBE-d3/coupled/data/ldos.pp.dat272.xsf
     Plot Type: 3D                     Output format: XCrySDen     
     Reading data from file  /home/ubuntu/projects/Graphene-Band-Structure-Quantum-Espresso/outputs/field_0/PBE-d3/coupled/data/ldos.pp.dat273

     Writing data to be plotted to file /home/ubuntu/projects/Graphene-Band-Structure-Quantum-Espresso/outputs/field_0/PBE-d3/coupled/data/ldos.pp.dat273.xsf
     Plot Type: 3D                     Output format: XCrySDen     
     Reading data from file  /home/ubuntu/projects/Graphene-Band-Structure-Quantum-Espresso/outputs/field_0/PBE-d3/coupled/data/ldos.pp.dat274

     Writing data to be plotted to file /home/ubuntu/projects/Graphene-Band-Structure-Quantum-Espresso/outputs/field_0/PBE-d3/coupled/data/ldos.pp.dat274.xsf
     Plot Type: 3D                     Output format: XCrySDen     
     Reading data from file  /home/ubuntu/projects/Graphene-Band-Structure-Quantum-Espresso/outputs/field_0/PBE-d3/coupled/data/ldos.pp.dat275

     Writing data to be plotted to file /home/ubuntu/projects/Graphene-Band-Structure-Quantum-Espresso/outputs/field_0/PBE-d3/coupled/data/ldos.pp.dat275.xsf
     Plot Type: 3D                     Output format: XCrySDen     
     Reading data from file  /home/ubuntu/projects/Graphene-Band-Structure-Quantum-Espresso/outputs/field_0/PBE-d3/coupled/data/ldos.pp.dat276

     Writing data to be plotted to file /home/ubuntu/projects/Graphene-Band-Structure-Quantum-Espresso/outputs/field_0/PBE-d3/coupled/data/ldos.pp.dat276.xsf
     Plot Type: 3D                     Output format: XCrySDen     
     Reading data from file  /home/ubuntu/projects/Graphene-Band-Structure-Quantum-Espresso/outputs/field_0/PBE-d3/coupled/data/ldos.pp.dat277

     Writing data to be plotted to file /home/ubuntu/projects/Graphene-Band-Structure-Quantum-Espresso/outputs/field_0/PBE-d3/coupled/data/ldos.pp.dat277.xsf
     Plot Type: 3D                     Output format: XCrySDen     
     Reading data from file  /home/ubuntu/projects/Graphene-Band-Structure-Quantum-Espresso/outputs/field_0/PBE-d3/coupled/data/ldos.pp.dat278

     Writing data to be plotted to file /home/ubuntu/projects/Graphene-Band-Structure-Quantum-Espresso/outputs/field_0/PBE-d3/coupled/data/ldos.pp.dat278.xsf
     Plot Type: 3D                     Output format: XCrySDen     
     Reading data from file  /home/ubuntu/projects/Graphene-Band-Structure-Quantum-Espresso/outputs/field_0/PBE-d3/coupled/data/ldos.pp.dat279

     Writing data to be plotted to file /home/ubuntu/projects/Graphene-Band-Structure-Quantum-Espresso/outputs/field_0/PBE-d3/coupled/data/ldos.pp.dat279.xsf
     Plot Type: 3D                     Output format: XCrySDen     
     Reading data from file  /home/ubuntu/projects/Graphene-Band-Structure-Quantum-Espresso/outputs/field_0/PBE-d3/coupled/data/ldos.pp.dat280

     Writing data to be plotted to file /home/ubuntu/projects/Graphene-Band-Structure-Quantum-Espresso/outputs/field_0/PBE-d3/coupled/data/ldos.pp.dat280.xsf
     Plot Type: 3D                     Output format: XCrySDen     
     Reading data from file  /home/ubuntu/projects/Graphene-Band-Structure-Quantum-Espresso/outputs/field_0/PBE-d3/coupled/data/ldos.pp.dat281

     Writing data to be plotted to file /home/ubuntu/projects/Graphene-Band-Structure-Quantum-Espresso/outputs/field_0/PBE-d3/coupled/data/ldos.pp.dat281.xsf
     Plot Type: 3D                     Output format: XCrySDen     
     Reading data from file  /home/ubuntu/projects/Graphene-Band-Structure-Quantum-Espresso/outputs/field_0/PBE-d3/coupled/data/ldos.pp.dat282

     Writing data to be plotted to file /home/ubuntu/projects/Graphene-Band-Structure-Quantum-Espresso/outputs/field_0/PBE-d3/coupled/data/ldos.pp.dat282.xsf
     Plot Type: 3D                     Output format: XCrySDen     
     Reading data from file  /home/ubuntu/projects/Graphene-Band-Structure-Quantum-Espresso/outputs/field_0/PBE-d3/coupled/data/ldos.pp.dat283

     Writing data to be plotted to file /home/ubuntu/projects/Graphene-Band-Structure-Quantum-Espresso/outputs/field_0/PBE-d3/coupled/data/ldos.pp.dat283.xsf
     Plot Type: 3D                     Output format: XCrySDen     
     Reading data from file  /home/ubuntu/projects/Graphene-Band-Structure-Quantum-Espresso/outputs/field_0/PBE-d3/coupled/data/ldos.pp.dat284

     Writing data to be plotted to file /home/ubuntu/projects/Graphene-Band-Structure-Quantum-Espresso/outputs/field_0/PBE-d3/coupled/data/ldos.pp.dat284.xsf
     Plot Type: 3D                     Output format: XCrySDen     
     Reading data from file  /home/ubuntu/projects/Graphene-Band-Structure-Quantum-Espresso/outputs/field_0/PBE-d3/coupled/data/ldos.pp.dat285

     Writing data to be plotted to file /home/ubuntu/projects/Graphene-Band-Structure-Quantum-Espresso/outputs/field_0/PBE-d3/coupled/data/ldos.pp.dat285.xsf
     Plot Type: 3D                     Output format: XCrySDen     
     Reading data from file  /home/ubuntu/projects/Graphene-Band-Structure-Quantum-Espresso/outputs/field_0/PBE-d3/coupled/data/ldos.pp.dat286

     Writing data to be plotted to file /home/ubuntu/projects/Graphene-Band-Structure-Quantum-Espresso/outputs/field_0/PBE-d3/coupled/data/ldos.pp.dat286.xsf
     Plot Type: 3D                     Output format: XCrySDen     
     Reading data from file  /home/ubuntu/projects/Graphene-Band-Structure-Quantum-Espresso/outputs/field_0/PBE-d3/coupled/data/ldos.pp.dat287

     Writing data to be plotted to file /home/ubuntu/projects/Graphene-Band-Structure-Quantum-Espresso/outputs/field_0/PBE-d3/coupled/data/ldos.pp.dat287.xsf
     Plot Type: 3D                     Output format: XCrySDen     
     Reading data from file  /home/ubuntu/projects/Graphene-Band-Structure-Quantum-Espresso/outputs/field_0/PBE-d3/coupled/data/ldos.pp.dat288

     Writing data to be plotted to file /home/ubuntu/projects/Graphene-Band-Structure-Quantum-Espresso/outputs/field_0/PBE-d3/coupled/data/ldos.pp.dat288.xsf
     Plot Type: 3D                     Output format: XCrySDen     
     Reading data from file  /home/ubuntu/projects/Graphene-Band-Structure-Quantum-Espresso/outputs/field_0/PBE-d3/coupled/data/ldos.pp.dat289

     Writing data to be plotted to file /home/ubuntu/projects/Graphene-Band-Structure-Quantum-Espresso/outputs/field_0/PBE-d3/coupled/data/ldos.pp.dat289.xsf
     Plot Type: 3D                     Output format: XCrySDen     
     Reading data from file  /home/ubuntu/projects/Graphene-Band-Structure-Quantum-Espresso/outputs/field_0/PBE-d3/coupled/data/ldos.pp.dat290

     Writing data to be plotted to file /home/ubuntu/projects/Graphene-Band-Structure-Quantum-Espresso/outputs/field_0/PBE-d3/coupled/data/ldos.pp.dat290.xsf
     Plot Type: 3D                     Output format: XCrySDen     
     Reading data from file  /home/ubuntu/projects/Graphene-Band-Structure-Quantum-Espresso/outputs/field_0/PBE-d3/coupled/data/ldos.pp.dat291

     Writing data to be plotted to file /home/ubuntu/projects/Graphene-Band-Structure-Quantum-Espresso/outputs/field_0/PBE-d3/coupled/data/ldos.pp.dat291.xsf
     Plot Type: 3D                     Output format: XCrySDen     
     Reading data from file  /home/ubuntu/projects/Graphene-Band-Structure-Quantum-Espresso/outputs/field_0/PBE-d3/coupled/data/ldos.pp.dat292

     Writing data to be plotted to file /home/ubuntu/projects/Graphene-Band-Structure-Quantum-Espresso/outputs/field_0/PBE-d3/coupled/data/ldos.pp.dat292.xsf
     Plot Type: 3D                     Output format: XCrySDen     
     Reading data from file  /home/ubuntu/projects/Graphene-Band-Structure-Quantum-Espresso/outputs/field_0/PBE-d3/coupled/data/ldos.pp.dat293

     Writing data to be plotted to file /home/ubuntu/projects/Graphene-Band-Structure-Quantum-Espresso/outputs/field_0/PBE-d3/coupled/data/ldos.pp.dat293.xsf
     Plot Type: 3D                     Output format: XCrySDen     
     Reading data from file  /home/ubuntu/projects/Graphene-Band-Structure-Quantum-Espresso/outputs/field_0/PBE-d3/coupled/data/ldos.pp.dat294

     Writing data to be plotted to file /home/ubuntu/projects/Graphene-Band-Structure-Quantum-Espresso/outputs/field_0/PBE-d3/coupled/data/ldos.pp.dat294.xsf
     Plot Type: 3D                     Output format: XCrySDen     
     Reading data from file  /home/ubuntu/projects/Graphene-Band-Structure-Quantum-Espresso/outputs/field_0/PBE-d3/coupled/data/ldos.pp.dat295

     Writing data to be plotted to file /home/ubuntu/projects/Graphene-Band-Structure-Quantum-Espresso/outputs/field_0/PBE-d3/coupled/data/ldos.pp.dat295.xsf
     Plot Type: 3D                     Output format: XCrySDen     
     Reading data from file  /home/ubuntu/projects/Graphene-Band-Structure-Quantum-Espresso/outputs/field_0/PBE-d3/coupled/data/ldos.pp.dat296

     Writing data to be plotted to file /home/ubuntu/projects/Graphene-Band-Structure-Quantum-Espresso/outputs/field_0/PBE-d3/coupled/data/ldos.pp.dat296.xsf
     Plot Type: 3D                     Output format: XCrySDen     
     Reading data from file  /home/ubuntu/projects/Graphene-Band-Structure-Quantum-Espresso/outputs/field_0/PBE-d3/coupled/data/ldos.pp.dat297

     Writing data to be plotted to file /home/ubuntu/projects/Graphene-Band-Structure-Quantum-Espresso/outputs/field_0/PBE-d3/coupled/data/ldos.pp.dat297.xsf
     Plot Type: 3D                     Output format: XCrySDen     
     Reading data from file  /home/ubuntu/projects/Graphene-Band-Structure-Quantum-Espresso/outputs/field_0/PBE-d3/coupled/data/ldos.pp.dat298

     Writing data to be plotted to file /home/ubuntu/projects/Graphene-Band-Structure-Quantum-Espresso/outputs/field_0/PBE-d3/coupled/data/ldos.pp.dat298.xsf
     Plot Type: 3D                     Output format: XCrySDen     
     Reading data from file  /home/ubuntu/projects/Graphene-Band-Structure-Quantum-Espresso/outputs/field_0/PBE-d3/coupled/data/ldos.pp.dat299

     Writing data to be plotted to file /home/ubuntu/projects/Graphene-Band-Structure-Quantum-Espresso/outputs/field_0/PBE-d3/coupled/data/ldos.pp.dat299.xsf
     Plot Type: 3D                     Output format: XCrySDen     
     Reading data from file  /home/ubuntu/projects/Graphene-Band-Structure-Quantum-Espresso/outputs/field_0/PBE-d3/coupled/data/ldos.pp.dat300

     Writing data to be plotted to file /home/ubuntu/projects/Graphene-Band-Structure-Quantum-Espresso/outputs/field_0/PBE-d3/coupled/data/ldos.pp.dat300.xsf
     Plot Type: 3D                     Output format: XCrySDen     
     Reading data from file  /home/ubuntu/projects/Graphene-Band-Structure-Quantum-Espresso/outputs/field_0/PBE-d3/coupled/data/ldos.pp.dat301

     Writing data to be plotted to file /home/ubuntu/projects/Graphene-Band-Structure-Quantum-Espresso/outputs/field_0/PBE-d3/coupled/data/ldos.pp.dat301.xsf
     Plot Type: 3D                     Output format: XCrySDen     
     Reading data from file  /home/ubuntu/projects/Graphene-Band-Structure-Quantum-Espresso/outputs/field_0/PBE-d3/coupled/data/ldos.pp.dat302

     Writing data to be plotted to file /home/ubuntu/projects/Graphene-Band-Structure-Quantum-Espresso/outputs/field_0/PBE-d3/coupled/data/ldos.pp.dat302.xsf
     Plot Type: 3D                     Output format: XCrySDen     
     Reading data from file  /home/ubuntu/projects/Graphene-Band-Structure-Quantum-Espresso/outputs/field_0/PBE-d3/coupled/data/ldos.pp.dat303

     Writing data to be plotted to file /home/ubuntu/projects/Graphene-Band-Structure-Quantum-Espresso/outputs/field_0/PBE-d3/coupled/data/ldos.pp.dat303.xsf
     Plot Type: 3D                     Output format: XCrySDen     
     Reading data from file  /home/ubuntu/projects/Graphene-Band-Structure-Quantum-Espresso/outputs/field_0/PBE-d3/coupled/data/ldos.pp.dat304

     Writing data to be plotted to file /home/ubuntu/projects/Graphene-Band-Structure-Quantum-Espresso/outputs/field_0/PBE-d3/coupled/data/ldos.pp.dat304.xsf
     Plot Type: 3D                     Output format: XCrySDen     
     Reading data from file  /home/ubuntu/projects/Graphene-Band-Structure-Quantum-Espresso/outputs/field_0/PBE-d3/coupled/data/ldos.pp.dat305

     Writing data to be plotted to file /home/ubuntu/projects/Graphene-Band-Structure-Quantum-Espresso/outputs/field_0/PBE-d3/coupled/data/ldos.pp.dat305.xsf
     Plot Type: 3D                     Output format: XCrySDen     
     Reading data from file  /home/ubuntu/projects/Graphene-Band-Structure-Quantum-Espresso/outputs/field_0/PBE-d3/coupled/data/ldos.pp.dat306

     Writing data to be plotted to file /home/ubuntu/projects/Graphene-Band-Structure-Quantum-Espresso/outputs/field_0/PBE-d3/coupled/data/ldos.pp.dat306.xsf
     Plot Type: 3D                     Output format: XCrySDen     
     Reading data from file  /home/ubuntu/projects/Graphene-Band-Structure-Quantum-Espresso/outputs/field_0/PBE-d3/coupled/data/ldos.pp.dat307

     Writing data to be plotted to file /home/ubuntu/projects/Graphene-Band-Structure-Quantum-Espresso/outputs/field_0/PBE-d3/coupled/data/ldos.pp.dat307.xsf
     Plot Type: 3D                     Output format: XCrySDen     
     Reading data from file  /home/ubuntu/projects/Graphene-Band-Structure-Quantum-Espresso/outputs/field_0/PBE-d3/coupled/data/ldos.pp.dat308

     Writing data to be plotted to file /home/ubuntu/projects/Graphene-Band-Structure-Quantum-Espresso/outputs/field_0/PBE-d3/coupled/data/ldos.pp.dat308.xsf
     Plot Type: 3D                     Output format: XCrySDen     
     Reading data from file  /home/ubuntu/projects/Graphene-Band-Structure-Quantum-Espresso/outputs/field_0/PBE-d3/coupled/data/ldos.pp.dat309

     Writing data to be plotted to file /home/ubuntu/projects/Graphene-Band-Structure-Quantum-Espresso/outputs/field_0/PBE-d3/coupled/data/ldos.pp.dat309.xsf
     Plot Type: 3D                     Output format: XCrySDen     
     Reading data from file  /home/ubuntu/projects/Graphene-Band-Structure-Quantum-Espresso/outputs/field_0/PBE-d3/coupled/data/ldos.pp.dat310

     Writing data to be plotted to file /home/ubuntu/projects/Graphene-Band-Structure-Quantum-Espresso/outputs/field_0/PBE-d3/coupled/data/ldos.pp.dat310.xsf
     Plot Type: 3D                     Output format: XCrySDen     
     Reading data from file  /home/ubuntu/projects/Graphene-Band-Structure-Quantum-Espresso/outputs/field_0/PBE-d3/coupled/data/ldos.pp.dat311

     Writing data to be plotted to file /home/ubuntu/projects/Graphene-Band-Structure-Quantum-Espresso/outputs/field_0/PBE-d3/coupled/data/ldos.pp.dat311.xsf
     Plot Type: 3D                     Output format: XCrySDen     
     Reading data from file  /home/ubuntu/projects/Graphene-Band-Structure-Quantum-Espresso/outputs/field_0/PBE-d3/coupled/data/ldos.pp.dat312

     Writing data to be plotted to file /home/ubuntu/projects/Graphene-Band-Structure-Quantum-Espresso/outputs/field_0/PBE-d3/coupled/data/ldos.pp.dat312.xsf
     Plot Type: 3D                     Output format: XCrySDen     
     Reading data from file  /home/ubuntu/projects/Graphene-Band-Structure-Quantum-Espresso/outputs/field_0/PBE-d3/coupled/data/ldos.pp.dat313

     Writing data to be plotted to file /home/ubuntu/projects/Graphene-Band-Structure-Quantum-Espresso/outputs/field_0/PBE-d3/coupled/data/ldos.pp.dat313.xsf
     Plot Type: 3D                     Output format: XCrySDen     
     Reading data from file  /home/ubuntu/projects/Graphene-Band-Structure-Quantum-Espresso/outputs/field_0/PBE-d3/coupled/data/ldos.pp.dat314

     Writing data to be plotted to file /home/ubuntu/projects/Graphene-Band-Structure-Quantum-Espresso/outputs/field_0/PBE-d3/coupled/data/ldos.pp.dat314.xsf
     Plot Type: 3D                     Output format: XCrySDen     
     Reading data from file  /home/ubuntu/projects/Graphene-Band-Structure-Quantum-Espresso/outputs/field_0/PBE-d3/coupled/data/ldos.pp.dat315

     Writing data to be plotted to file /home/ubuntu/projects/Graphene-Band-Structure-Quantum-Espresso/outputs/field_0/PBE-d3/coupled/data/ldos.pp.dat315.xsf
     Plot Type: 3D                     Output format: XCrySDen     
     Reading data from file  /home/ubuntu/projects/Graphene-Band-Structure-Quantum-Espresso/outputs/field_0/PBE-d3/coupled/data/ldos.pp.dat316

     Writing data to be plotted to file /home/ubuntu/projects/Graphene-Band-Structure-Quantum-Espresso/outputs/field_0/PBE-d3/coupled/data/ldos.pp.dat316.xsf
     Plot Type: 3D                     Output format: XCrySDen     
     Reading data from file  /home/ubuntu/projects/Graphene-Band-Structure-Quantum-Espresso/outputs/field_0/PBE-d3/coupled/data/ldos.pp.dat317

     Writing data to be plotted to file /home/ubuntu/projects/Graphene-Band-Structure-Quantum-Espresso/outputs/field_0/PBE-d3/coupled/data/ldos.pp.dat317.xsf
     Plot Type: 3D                     Output format: XCrySDen     
     Reading data from file  /home/ubuntu/projects/Graphene-Band-Structure-Quantum-Espresso/outputs/field_0/PBE-d3/coupled/data/ldos.pp.dat318

     Writing data to be plotted to file /home/ubuntu/projects/Graphene-Band-Structure-Quantum-Espresso/outputs/field_0/PBE-d3/coupled/data/ldos.pp.dat318.xsf
     Plot Type: 3D                     Output format: XCrySDen     
     Reading data from file  /home/ubuntu/projects/Graphene-Band-Structure-Quantum-Espresso/outputs/field_0/PBE-d3/coupled/data/ldos.pp.dat319

     Writing data to be plotted to file /home/ubuntu/projects/Graphene-Band-Structure-Quantum-Espresso/outputs/field_0/PBE-d3/coupled/data/ldos.pp.dat319.xsf
     Plot Type: 3D                     Output format: XCrySDen     
     Reading data from file  /home/ubuntu/projects/Graphene-Band-Structure-Quantum-Espresso/outputs/field_0/PBE-d3/coupled/data/ldos.pp.dat320

     Writing data to be plotted to file /home/ubuntu/projects/Graphene-Band-Structure-Quantum-Espresso/outputs/field_0/PBE-d3/coupled/data/ldos.pp.dat320.xsf
     Plot Type: 3D                     Output format: XCrySDen     
     Reading data from file  /home/ubuntu/projects/Graphene-Band-Structure-Quantum-Espresso/outputs/field_0/PBE-d3/coupled/data/ldos.pp.dat321

     Writing data to be plotted to file /home/ubuntu/projects/Graphene-Band-Structure-Quantum-Espresso/outputs/field_0/PBE-d3/coupled/data/ldos.pp.dat321.xsf
     Plot Type: 3D                     Output format: XCrySDen     
     Reading data from file  /home/ubuntu/projects/Graphene-Band-Structure-Quantum-Espresso/outputs/field_0/PBE-d3/coupled/data/ldos.pp.dat322

     Writing data to be plotted to file /home/ubuntu/projects/Graphene-Band-Structure-Quantum-Espresso/outputs/field_0/PBE-d3/coupled/data/ldos.pp.dat322.xsf
     Plot Type: 3D                     Output format: XCrySDen     
     Reading data from file  /home/ubuntu/projects/Graphene-Band-Structure-Quantum-Espresso/outputs/field_0/PBE-d3/coupled/data/ldos.pp.dat323

     Writing data to be plotted to file /home/ubuntu/projects/Graphene-Band-Structure-Quantum-Espresso/outputs/field_0/PBE-d3/coupled/data/ldos.pp.dat323.xsf
     Plot Type: 3D                     Output format: XCrySDen     
     Reading data from file  /home/ubuntu/projects/Graphene-Band-Structure-Quantum-Espresso/outputs/field_0/PBE-d3/coupled/data/ldos.pp.dat324

     Writing data to be plotted to file /home/ubuntu/projects/Graphene-Band-Structure-Quantum-Espresso/outputs/field_0/PBE-d3/coupled/data/ldos.pp.dat324.xsf
     Plot Type: 3D                     Output format: XCrySDen     
     Reading data from file  /home/ubuntu/projects/Graphene-Band-Structure-Quantum-Espresso/outputs/field_0/PBE-d3/coupled/data/ldos.pp.dat325

     Writing data to be plotted to file /home/ubuntu/projects/Graphene-Band-Structure-Quantum-Espresso/outputs/field_0/PBE-d3/coupled/data/ldos.pp.dat325.xsf
     Plot Type: 3D                     Output format: XCrySDen     
     Reading data from file  /home/ubuntu/projects/Graphene-Band-Structure-Quantum-Espresso/outputs/field_0/PBE-d3/coupled/data/ldos.pp.dat326

     Writing data to be plotted to file /home/ubuntu/projects/Graphene-Band-Structure-Quantum-Espresso/outputs/field_0/PBE-d3/coupled/data/ldos.pp.dat326.xsf
     Plot Type: 3D                     Output format: XCrySDen     
     Reading data from file  /home/ubuntu/projects/Graphene-Band-Structure-Quantum-Espresso/outputs/field_0/PBE-d3/coupled/data/ldos.pp.dat327

     Writing data to be plotted to file /home/ubuntu/projects/Graphene-Band-Structure-Quantum-Espresso/outputs/field_0/PBE-d3/coupled/data/ldos.pp.dat327.xsf
     Plot Type: 3D                     Output format: XCrySDen     
     Reading data from file  /home/ubuntu/projects/Graphene-Band-Structure-Quantum-Espresso/outputs/field_0/PBE-d3/coupled/data/ldos.pp.dat328

     Writing data to be plotted to file /home/ubuntu/projects/Graphene-Band-Structure-Quantum-Espresso/outputs/field_0/PBE-d3/coupled/data/ldos.pp.dat328.xsf
     Plot Type: 3D                     Output format: XCrySDen     
     Reading data from file  /home/ubuntu/projects/Graphene-Band-Structure-Quantum-Espresso/outputs/field_0/PBE-d3/coupled/data/ldos.pp.dat329

     Writing data to be plotted to file /home/ubuntu/projects/Graphene-Band-Structure-Quantum-Espresso/outputs/field_0/PBE-d3/coupled/data/ldos.pp.dat329.xsf
     Plot Type: 3D                     Output format: XCrySDen     
     Reading data from file  /home/ubuntu/projects/Graphene-Band-Structure-Quantum-Espresso/outputs/field_0/PBE-d3/coupled/data/ldos.pp.dat330

     Writing data to be plotted to file /home/ubuntu/projects/Graphene-Band-Structure-Quantum-Espresso/outputs/field_0/PBE-d3/coupled/data/ldos.pp.dat330.xsf
     Plot Type: 3D                     Output format: XCrySDen     
     Reading data from file  /home/ubuntu/projects/Graphene-Band-Structure-Quantum-Espresso/outputs/field_0/PBE-d3/coupled/data/ldos.pp.dat331

     Writing data to be plotted to file /home/ubuntu/projects/Graphene-Band-Structure-Quantum-Espresso/outputs/field_0/PBE-d3/coupled/data/ldos.pp.dat331.xsf
     Plot Type: 3D                     Output format: XCrySDen     
     Reading data from file  /home/ubuntu/projects/Graphene-Band-Structure-Quantum-Espresso/outputs/field_0/PBE-d3/coupled/data/ldos.pp.dat332

     Writing data to be plotted to file /home/ubuntu/projects/Graphene-Band-Structure-Quantum-Espresso/outputs/field_0/PBE-d3/coupled/data/ldos.pp.dat332.xsf
     Plot Type: 3D                     Output format: XCrySDen     
     Reading data from file  /home/ubuntu/projects/Graphene-Band-Structure-Quantum-Espresso/outputs/field_0/PBE-d3/coupled/data/ldos.pp.dat333

     Writing data to be plotted to file /home/ubuntu/projects/Graphene-Band-Structure-Quantum-Espresso/outputs/field_0/PBE-d3/coupled/data/ldos.pp.dat333.xsf
     Plot Type: 3D                     Output format: XCrySDen     
     Reading data from file  /home/ubuntu/projects/Graphene-Band-Structure-Quantum-Espresso/outputs/field_0/PBE-d3/coupled/data/ldos.pp.dat334

     Writing data to be plotted to file /home/ubuntu/projects/Graphene-Band-Structure-Quantum-Espresso/outputs/field_0/PBE-d3/coupled/data/ldos.pp.dat334.xsf
     Plot Type: 3D                     Output format: XCrySDen     
     Reading data from file  /home/ubuntu/projects/Graphene-Band-Structure-Quantum-Espresso/outputs/field_0/PBE-d3/coupled/data/ldos.pp.dat335

     Writing data to be plotted to file /home/ubuntu/projects/Graphene-Band-Structure-Quantum-Espresso/outputs/field_0/PBE-d3/coupled/data/ldos.pp.dat335.xsf
     Plot Type: 3D                     Output format: XCrySDen     
     Reading data from file  /home/ubuntu/projects/Graphene-Band-Structure-Quantum-Espresso/outputs/field_0/PBE-d3/coupled/data/ldos.pp.dat336

     Writing data to be plotted to file /home/ubuntu/projects/Graphene-Band-Structure-Quantum-Espresso/outputs/field_0/PBE-d3/coupled/data/ldos.pp.dat336.xsf
     Plot Type: 3D                     Output format: XCrySDen     
     Reading data from file  /home/ubuntu/projects/Graphene-Band-Structure-Quantum-Espresso/outputs/field_0/PBE-d3/coupled/data/ldos.pp.dat337

     Writing data to be plotted to file /home/ubuntu/projects/Graphene-Band-Structure-Quantum-Espresso/outputs/field_0/PBE-d3/coupled/data/ldos.pp.dat337.xsf
     Plot Type: 3D                     Output format: XCrySDen     
     Reading data from file  /home/ubuntu/projects/Graphene-Band-Structure-Quantum-Espresso/outputs/field_0/PBE-d3/coupled/data/ldos.pp.dat338

     Writing data to be plotted to file /home/ubuntu/projects/Graphene-Band-Structure-Quantum-Espresso/outputs/field_0/PBE-d3/coupled/data/ldos.pp.dat338.xsf
     Plot Type: 3D                     Output format: XCrySDen     
     Reading data from file  /home/ubuntu/projects/Graphene-Band-Structure-Quantum-Espresso/outputs/field_0/PBE-d3/coupled/data/ldos.pp.dat339

     Writing data to be plotted to file /home/ubuntu/projects/Graphene-Band-Structure-Quantum-Espresso/outputs/field_0/PBE-d3/coupled/data/ldos.pp.dat339.xsf
     Plot Type: 3D                     Output format: XCrySDen     
     Reading data from file  /home/ubuntu/projects/Graphene-Band-Structure-Quantum-Espresso/outputs/field_0/PBE-d3/coupled/data/ldos.pp.dat340

     Writing data to be plotted to file /home/ubuntu/projects/Graphene-Band-Structure-Quantum-Espresso/outputs/field_0/PBE-d3/coupled/data/ldos.pp.dat340.xsf
     Plot Type: 3D                     Output format: XCrySDen     
     Reading data from file  /home/ubuntu/projects/Graphene-Band-Structure-Quantum-Espresso/outputs/field_0/PBE-d3/coupled/data/ldos.pp.dat341

     Writing data to be plotted to file /home/ubuntu/projects/Graphene-Band-Structure-Quantum-Espresso/outputs/field_0/PBE-d3/coupled/data/ldos.pp.dat341.xsf
     Plot Type: 3D                     Output format: XCrySDen     
     Reading data from file  /home/ubuntu/projects/Graphene-Band-Structure-Quantum-Espresso/outputs/field_0/PBE-d3/coupled/data/ldos.pp.dat342

     Writing data to be plotted to file /home/ubuntu/projects/Graphene-Band-Structure-Quantum-Espresso/outputs/field_0/PBE-d3/coupled/data/ldos.pp.dat342.xsf
     Plot Type: 3D                     Output format: XCrySDen     
     Reading data from file  /home/ubuntu/projects/Graphene-Band-Structure-Quantum-Espresso/outputs/field_0/PBE-d3/coupled/data/ldos.pp.dat343

     Writing data to be plotted to file /home/ubuntu/projects/Graphene-Band-Structure-Quantum-Espresso/outputs/field_0/PBE-d3/coupled/data/ldos.pp.dat343.xsf
     Plot Type: 3D                     Output format: XCrySDen     
     Reading data from file  /home/ubuntu/projects/Graphene-Band-Structure-Quantum-Espresso/outputs/field_0/PBE-d3/coupled/data/ldos.pp.dat344

     Writing data to be plotted to file /home/ubuntu/projects/Graphene-Band-Structure-Quantum-Espresso/outputs/field_0/PBE-d3/coupled/data/ldos.pp.dat344.xsf
     Plot Type: 3D                     Output format: XCrySDen     
     Reading data from file  /home/ubuntu/projects/Graphene-Band-Structure-Quantum-Espresso/outputs/field_0/PBE-d3/coupled/data/ldos.pp.dat345

     Writing data to be plotted to file /home/ubuntu/projects/Graphene-Band-Structure-Quantum-Espresso/outputs/field_0/PBE-d3/coupled/data/ldos.pp.dat345.xsf
     Plot Type: 3D                     Output format: XCrySDen     
     Reading data from file  /home/ubuntu/projects/Graphene-Band-Structure-Quantum-Espresso/outputs/field_0/PBE-d3/coupled/data/ldos.pp.dat346

     Writing data to be plotted to file /home/ubuntu/projects/Graphene-Band-Structure-Quantum-Espresso/outputs/field_0/PBE-d3/coupled/data/ldos.pp.dat346.xsf
     Plot Type: 3D                     Output format: XCrySDen     
     Reading data from file  /home/ubuntu/projects/Graphene-Band-Structure-Quantum-Espresso/outputs/field_0/PBE-d3/coupled/data/ldos.pp.dat347

     Writing data to be plotted to file /home/ubuntu/projects/Graphene-Band-Structure-Quantum-Espresso/outputs/field_0/PBE-d3/coupled/data/ldos.pp.dat347.xsf
     Plot Type: 3D                     Output format: XCrySDen     
     Reading data from file  /home/ubuntu/projects/Graphene-Band-Structure-Quantum-Espresso/outputs/field_0/PBE-d3/coupled/data/ldos.pp.dat348

     Writing data to be plotted to file /home/ubuntu/projects/Graphene-Band-Structure-Quantum-Espresso/outputs/field_0/PBE-d3/coupled/data/ldos.pp.dat348.xsf
     Plot Type: 3D                     Output format: XCrySDen     
     Reading data from file  /home/ubuntu/projects/Graphene-Band-Structure-Quantum-Espresso/outputs/field_0/PBE-d3/coupled/data/ldos.pp.dat349

     Writing data to be plotted to file /home/ubuntu/projects/Graphene-Band-Structure-Quantum-Espresso/outputs/field_0/PBE-d3/coupled/data/ldos.pp.dat349.xsf
     Plot Type: 3D                     Output format: XCrySDen     
     Reading data from file  /home/ubuntu/projects/Graphene-Band-Structure-Quantum-Espresso/outputs/field_0/PBE-d3/coupled/data/ldos.pp.dat350

     Writing data to be plotted to file /home/ubuntu/projects/Graphene-Band-Structure-Quantum-Espresso/outputs/field_0/PBE-d3/coupled/data/ldos.pp.dat350.xsf
     Plot Type: 3D                     Output format: XCrySDen     
     Reading data from file  /home/ubuntu/projects/Graphene-Band-Structure-Quantum-Espresso/outputs/field_0/PBE-d3/coupled/data/ldos.pp.dat351

     Writing data to be plotted to file /home/ubuntu/projects/Graphene-Band-Structure-Quantum-Espresso/outputs/field_0/PBE-d3/coupled/data/ldos.pp.dat351.xsf
     Plot Type: 3D                     Output format: XCrySDen     
     Reading data from file  /home/ubuntu/projects/Graphene-Band-Structure-Quantum-Espresso/outputs/field_0/PBE-d3/coupled/data/ldos.pp.dat352

     Writing data to be plotted to file /home/ubuntu/projects/Graphene-Band-Structure-Quantum-Espresso/outputs/field_0/PBE-d3/coupled/data/ldos.pp.dat352.xsf
     Plot Type: 3D                     Output format: XCrySDen     
     Reading data from file  /home/ubuntu/projects/Graphene-Band-Structure-Quantum-Espresso/outputs/field_0/PBE-d3/coupled/data/ldos.pp.dat353

     Writing data to be plotted to file /home/ubuntu/projects/Graphene-Band-Structure-Quantum-Espresso/outputs/field_0/PBE-d3/coupled/data/ldos.pp.dat353.xsf
     Plot Type: 3D                     Output format: XCrySDen     
     Reading data from file  /home/ubuntu/projects/Graphene-Band-Structure-Quantum-Espresso/outputs/field_0/PBE-d3/coupled/data/ldos.pp.dat354

     Writing data to be plotted to file /home/ubuntu/projects/Graphene-Band-Structure-Quantum-Espresso/outputs/field_0/PBE-d3/coupled/data/ldos.pp.dat354.xsf
     Plot Type: 3D                     Output format: XCrySDen     
     Reading data from file  /home/ubuntu/projects/Graphene-Band-Structure-Quantum-Espresso/outputs/field_0/PBE-d3/coupled/data/ldos.pp.dat355

     Writing data to be plotted to file /home/ubuntu/projects/Graphene-Band-Structure-Quantum-Espresso/outputs/field_0/PBE-d3/coupled/data/ldos.pp.dat355.xsf
     Plot Type: 3D                     Output format: XCrySDen     
     Reading data from file  /home/ubuntu/projects/Graphene-Band-Structure-Quantum-Espresso/outputs/field_0/PBE-d3/coupled/data/ldos.pp.dat356

     Writing data to be plotted to file /home/ubuntu/projects/Graphene-Band-Structure-Quantum-Espresso/outputs/field_0/PBE-d3/coupled/data/ldos.pp.dat356.xsf
     Plot Type: 3D                     Output format: XCrySDen     
     Reading data from file  /home/ubuntu/projects/Graphene-Band-Structure-Quantum-Espresso/outputs/field_0/PBE-d3/coupled/data/ldos.pp.dat357

     Writing data to be plotted to file /home/ubuntu/projects/Graphene-Band-Structure-Quantum-Espresso/outputs/field_0/PBE-d3/coupled/data/ldos.pp.dat357.xsf
     Plot Type: 3D                     Output format: XCrySDen     
     Reading data from file  /home/ubuntu/projects/Graphene-Band-Structure-Quantum-Espresso/outputs/field_0/PBE-d3/coupled/data/ldos.pp.dat358

     Writing data to be plotted to file /home/ubuntu/projects/Graphene-Band-Structure-Quantum-Espresso/outputs/field_0/PBE-d3/coupled/data/ldos.pp.dat358.xsf
     Plot Type: 3D                     Output format: XCrySDen     
     Reading data from file  /home/ubuntu/projects/Graphene-Band-Structure-Quantum-Espresso/outputs/field_0/PBE-d3/coupled/data/ldos.pp.dat359

     Writing data to be plotted to file /home/ubuntu/projects/Graphene-Band-Structure-Quantum-Espresso/outputs/field_0/PBE-d3/coupled/data/ldos.pp.dat359.xsf
     Plot Type: 3D                     Output format: XCrySDen     
     Reading data from file  /home/ubuntu/projects/Graphene-Band-Structure-Quantum-Espresso/outputs/field_0/PBE-d3/coupled/data/ldos.pp.dat360

     Writing data to be plotted to file /home/ubuntu/projects/Graphene-Band-Structure-Quantum-Espresso/outputs/field_0/PBE-d3/coupled/data/ldos.pp.dat360.xsf
     Plot Type: 3D                     Output format: XCrySDen     
     Reading data from file  /home/ubuntu/projects/Graphene-Band-Structure-Quantum-Espresso/outputs/field_0/PBE-d3/coupled/data/ldos.pp.dat361

     Writing data to be plotted to file /home/ubuntu/projects/Graphene-Band-Structure-Quantum-Espresso/outputs/field_0/PBE-d3/coupled/data/ldos.pp.dat361.xsf
     Plot Type: 3D                     Output format: XCrySDen     
     Reading data from file  /home/ubuntu/projects/Graphene-Band-Structure-Quantum-Espresso/outputs/field_0/PBE-d3/coupled/data/ldos.pp.dat362

     Writing data to be plotted to file /home/ubuntu/projects/Graphene-Band-Structure-Quantum-Espresso/outputs/field_0/PBE-d3/coupled/data/ldos.pp.dat362.xsf
     Plot Type: 3D                     Output format: XCrySDen     
     Reading data from file  /home/ubuntu/projects/Graphene-Band-Structure-Quantum-Espresso/outputs/field_0/PBE-d3/coupled/data/ldos.pp.dat363

     Writing data to be plotted to file /home/ubuntu/projects/Graphene-Band-Structure-Quantum-Espresso/outputs/field_0/PBE-d3/coupled/data/ldos.pp.dat363.xsf
     Plot Type: 3D                     Output format: XCrySDen     
     Reading data from file  /home/ubuntu/projects/Graphene-Band-Structure-Quantum-Espresso/outputs/field_0/PBE-d3/coupled/data/ldos.pp.dat364

     Writing data to be plotted to file /home/ubuntu/projects/Graphene-Band-Structure-Quantum-Espresso/outputs/field_0/PBE-d3/coupled/data/ldos.pp.dat364.xsf
     Plot Type: 3D                     Output format: XCrySDen     
     Reading data from file  /home/ubuntu/projects/Graphene-Band-Structure-Quantum-Espresso/outputs/field_0/PBE-d3/coupled/data/ldos.pp.dat365

     Writing data to be plotted to file /home/ubuntu/projects/Graphene-Band-Structure-Quantum-Espresso/outputs/field_0/PBE-d3/coupled/data/ldos.pp.dat365.xsf
     Plot Type: 3D                     Output format: XCrySDen     
     Reading data from file  /home/ubuntu/projects/Graphene-Band-Structure-Quantum-Espresso/outputs/field_0/PBE-d3/coupled/data/ldos.pp.dat366

     Writing data to be plotted to file /home/ubuntu/projects/Graphene-Band-Structure-Quantum-Espresso/outputs/field_0/PBE-d3/coupled/data/ldos.pp.dat366.xsf
     Plot Type: 3D                     Output format: XCrySDen     
     Reading data from file  /home/ubuntu/projects/Graphene-Band-Structure-Quantum-Espresso/outputs/field_0/PBE-d3/coupled/data/ldos.pp.dat367

     Writing data to be plotted to file /home/ubuntu/projects/Graphene-Band-Structure-Quantum-Espresso/outputs/field_0/PBE-d3/coupled/data/ldos.pp.dat367.xsf
     Plot Type: 3D                     Output format: XCrySDen     
     Reading data from file  /home/ubuntu/projects/Graphene-Band-Structure-Quantum-Espresso/outputs/field_0/PBE-d3/coupled/data/ldos.pp.dat368

     Writing data to be plotted to file /home/ubuntu/projects/Graphene-Band-Structure-Quantum-Espresso/outputs/field_0/PBE-d3/coupled/data/ldos.pp.dat368.xsf
     Plot Type: 3D                     Output format: XCrySDen     
     Reading data from file  /home/ubuntu/projects/Graphene-Band-Structure-Quantum-Espresso/outputs/field_0/PBE-d3/coupled/data/ldos.pp.dat369

     Writing data to be plotted to file /home/ubuntu/projects/Graphene-Band-Structure-Quantum-Espresso/outputs/field_0/PBE-d3/coupled/data/ldos.pp.dat369.xsf
     Plot Type: 3D                     Output format: XCrySDen     
     Reading data from file  /home/ubuntu/projects/Graphene-Band-Structure-Quantum-Espresso/outputs/field_0/PBE-d3/coupled/data/ldos.pp.dat370

     Writing data to be plotted to file /home/ubuntu/projects/Graphene-Band-Structure-Quantum-Espresso/outputs/field_0/PBE-d3/coupled/data/ldos.pp.dat370.xsf
     Plot Type: 3D                     Output format: XCrySDen     
     Reading data from file  /home/ubuntu/projects/Graphene-Band-Structure-Quantum-Espresso/outputs/field_0/PBE-d3/coupled/data/ldos.pp.dat371

     Writing data to be plotted to file /home/ubuntu/projects/Graphene-Band-Structure-Quantum-Espresso/outputs/field_0/PBE-d3/coupled/data/ldos.pp.dat371.xsf
     Plot Type: 3D                     Output format: XCrySDen     
     Reading data from file  /home/ubuntu/projects/Graphene-Band-Structure-Quantum-Espresso/outputs/field_0/PBE-d3/coupled/data/ldos.pp.dat372

     Writing data to be plotted to file /home/ubuntu/projects/Graphene-Band-Structure-Quantum-Espresso/outputs/field_0/PBE-d3/coupled/data/ldos.pp.dat372.xsf
     Plot Type: 3D                     Output format: XCrySDen     
     Reading data from file  /home/ubuntu/projects/Graphene-Band-Structure-Quantum-Espresso/outputs/field_0/PBE-d3/coupled/data/ldos.pp.dat373

     Writing data to be plotted to file /home/ubuntu/projects/Graphene-Band-Structure-Quantum-Espresso/outputs/field_0/PBE-d3/coupled/data/ldos.pp.dat373.xsf
     Plot Type: 3D                     Output format: XCrySDen     
     Reading data from file  /home/ubuntu/projects/Graphene-Band-Structure-Quantum-Espresso/outputs/field_0/PBE-d3/coupled/data/ldos.pp.dat374

     Writing data to be plotted to file /home/ubuntu/projects/Graphene-Band-Structure-Quantum-Espresso/outputs/field_0/PBE-d3/coupled/data/ldos.pp.dat374.xsf
     Plot Type: 3D                     Output format: XCrySDen     
     Reading data from file  /home/ubuntu/projects/Graphene-Band-Structure-Quantum-Espresso/outputs/field_0/PBE-d3/coupled/data/ldos.pp.dat375

     Writing data to be plotted to file /home/ubuntu/projects/Graphene-Band-Structure-Quantum-Espresso/outputs/field_0/PBE-d3/coupled/data/ldos.pp.dat375.xsf
     Plot Type: 3D                     Output format: XCrySDen     
     Reading data from file  /home/ubuntu/projects/Graphene-Band-Structure-Quantum-Espresso/outputs/field_0/PBE-d3/coupled/data/ldos.pp.dat376

     Writing data to be plotted to file /home/ubuntu/projects/Graphene-Band-Structure-Quantum-Espresso/outputs/field_0/PBE-d3/coupled/data/ldos.pp.dat376.xsf
     Plot Type: 3D                     Output format: XCrySDen     
     Reading data from file  /home/ubuntu/projects/Graphene-Band-Structure-Quantum-Espresso/outputs/field_0/PBE-d3/coupled/data/ldos.pp.dat377

     Writing data to be plotted to file /home/ubuntu/projects/Graphene-Band-Structure-Quantum-Espresso/outputs/field_0/PBE-d3/coupled/data/ldos.pp.dat377.xsf
     Plot Type: 3D                     Output format: XCrySDen     
     Reading data from file  /home/ubuntu/projects/Graphene-Band-Structure-Quantum-Espresso/outputs/field_0/PBE-d3/coupled/data/ldos.pp.dat378

     Writing data to be plotted to file /home/ubuntu/projects/Graphene-Band-Structure-Quantum-Espresso/outputs/field_0/PBE-d3/coupled/data/ldos.pp.dat378.xsf
     Plot Type: 3D                     Output format: XCrySDen     
     Reading data from file  /home/ubuntu/projects/Graphene-Band-Structure-Quantum-Espresso/outputs/field_0/PBE-d3/coupled/data/ldos.pp.dat379

     Writing data to be plotted to file /home/ubuntu/projects/Graphene-Band-Structure-Quantum-Espresso/outputs/field_0/PBE-d3/coupled/data/ldos.pp.dat379.xsf
     Plot Type: 3D                     Output format: XCrySDen     
     Reading data from file  /home/ubuntu/projects/Graphene-Band-Structure-Quantum-Espresso/outputs/field_0/PBE-d3/coupled/data/ldos.pp.dat380

     Writing data to be plotted to file /home/ubuntu/projects/Graphene-Band-Structure-Quantum-Espresso/outputs/field_0/PBE-d3/coupled/data/ldos.pp.dat380.xsf
     Plot Type: 3D                     Output format: XCrySDen     
     Reading data from file  /home/ubuntu/projects/Graphene-Band-Structure-Quantum-Espresso/outputs/field_0/PBE-d3/coupled/data/ldos.pp.dat381

     Writing data to be plotted to file /home/ubuntu/projects/Graphene-Band-Structure-Quantum-Espresso/outputs/field_0/PBE-d3/coupled/data/ldos.pp.dat381.xsf
     Plot Type: 3D                     Output format: XCrySDen     
     Reading data from file  /home/ubuntu/projects/Graphene-Band-Structure-Quantum-Espresso/outputs/field_0/PBE-d3/coupled/data/ldos.pp.dat382

     Writing data to be plotted to file /home/ubuntu/projects/Graphene-Band-Structure-Quantum-Espresso/outputs/field_0/PBE-d3/coupled/data/ldos.pp.dat382.xsf
     Plot Type: 3D                     Output format: XCrySDen     
     Reading data from file  /home/ubuntu/projects/Graphene-Band-Structure-Quantum-Espresso/outputs/field_0/PBE-d3/coupled/data/ldos.pp.dat383

     Writing data to be plotted to file /home/ubuntu/projects/Graphene-Band-Structure-Quantum-Espresso/outputs/field_0/PBE-d3/coupled/data/ldos.pp.dat383.xsf
     Plot Type: 3D                     Output format: XCrySDen     
     Reading data from file  /home/ubuntu/projects/Graphene-Band-Structure-Quantum-Espresso/outputs/field_0/PBE-d3/coupled/data/ldos.pp.dat384

     Writing data to be plotted to file /home/ubuntu/projects/Graphene-Band-Structure-Quantum-Espresso/outputs/field_0/PBE-d3/coupled/data/ldos.pp.dat384.xsf
     Plot Type: 3D                     Output format: XCrySDen     
     Reading data from file  /home/ubuntu/projects/Graphene-Band-Structure-Quantum-Espresso/outputs/field_0/PBE-d3/coupled/data/ldos.pp.dat385

     Writing data to be plotted to file /home/ubuntu/projects/Graphene-Band-Structure-Quantum-Espresso/outputs/field_0/PBE-d3/coupled/data/ldos.pp.dat385.xsf
     Plot Type: 3D                     Output format: XCrySDen     
     Reading data from file  /home/ubuntu/projects/Graphene-Band-Structure-Quantum-Espresso/outputs/field_0/PBE-d3/coupled/data/ldos.pp.dat386

     Writing data to be plotted to file /home/ubuntu/projects/Graphene-Band-Structure-Quantum-Espresso/outputs/field_0/PBE-d3/coupled/data/ldos.pp.dat386.xsf
     Plot Type: 3D                     Output format: XCrySDen     
     Reading data from file  /home/ubuntu/projects/Graphene-Band-Structure-Quantum-Espresso/outputs/field_0/PBE-d3/coupled/data/ldos.pp.dat387

     Writing data to be plotted to file /home/ubuntu/projects/Graphene-Band-Structure-Quantum-Espresso/outputs/field_0/PBE-d3/coupled/data/ldos.pp.dat387.xsf
     Plot Type: 3D                     Output format: XCrySDen     
     Reading data from file  /home/ubuntu/projects/Graphene-Band-Structure-Quantum-Espresso/outputs/field_0/PBE-d3/coupled/data/ldos.pp.dat388

     Writing data to be plotted to file /home/ubuntu/projects/Graphene-Band-Structure-Quantum-Espresso/outputs/field_0/PBE-d3/coupled/data/ldos.pp.dat388.xsf
     Plot Type: 3D                     Output format: XCrySDen     
     Reading data from file  /home/ubuntu/projects/Graphene-Band-Structure-Quantum-Espresso/outputs/field_0/PBE-d3/coupled/data/ldos.pp.dat389

     Writing data to be plotted to file /home/ubuntu/projects/Graphene-Band-Structure-Quantum-Espresso/outputs/field_0/PBE-d3/coupled/data/ldos.pp.dat389.xsf
     Plot Type: 3D                     Output format: XCrySDen     
     Reading data from file  /home/ubuntu/projects/Graphene-Band-Structure-Quantum-Espresso/outputs/field_0/PBE-d3/coupled/data/ldos.pp.dat390

     Writing data to be plotted to file /home/ubuntu/projects/Graphene-Band-Structure-Quantum-Espresso/outputs/field_0/PBE-d3/coupled/data/ldos.pp.dat390.xsf
     Plot Type: 3D                     Output format: XCrySDen     
     Reading data from file  /home/ubuntu/projects/Graphene-Band-Structure-Quantum-Espresso/outputs/field_0/PBE-d3/coupled/data/ldos.pp.dat391

     Writing data to be plotted to file /home/ubuntu/projects/Graphene-Band-Structure-Quantum-Espresso/outputs/field_0/PBE-d3/coupled/data/ldos.pp.dat391.xsf
     Plot Type: 3D                     Output format: XCrySDen     
     Reading data from file  /home/ubuntu/projects/Graphene-Band-Structure-Quantum-Espresso/outputs/field_0/PBE-d3/coupled/data/ldos.pp.dat392

     Writing data to be plotted to file /home/ubuntu/projects/Graphene-Band-Structure-Quantum-Espresso/outputs/field_0/PBE-d3/coupled/data/ldos.pp.dat392.xsf
     Plot Type: 3D                     Output format: XCrySDen     
     Reading data from file  /home/ubuntu/projects/Graphene-Band-Structure-Quantum-Espresso/outputs/field_0/PBE-d3/coupled/data/ldos.pp.dat393

     Writing data to be plotted to file /home/ubuntu/projects/Graphene-Band-Structure-Quantum-Espresso/outputs/field_0/PBE-d3/coupled/data/ldos.pp.dat393.xsf
     Plot Type: 3D                     Output format: XCrySDen     
     Reading data from file  /home/ubuntu/projects/Graphene-Band-Structure-Quantum-Espresso/outputs/field_0/PBE-d3/coupled/data/ldos.pp.dat394

     Writing data to be plotted to file /home/ubuntu/projects/Graphene-Band-Structure-Quantum-Espresso/outputs/field_0/PBE-d3/coupled/data/ldos.pp.dat394.xsf
     Plot Type: 3D                     Output format: XCrySDen     
     Reading data from file  /home/ubuntu/projects/Graphene-Band-Structure-Quantum-Espresso/outputs/field_0/PBE-d3/coupled/data/ldos.pp.dat395

     Writing data to be plotted to file /home/ubuntu/projects/Graphene-Band-Structure-Quantum-Espresso/outputs/field_0/PBE-d3/coupled/data/ldos.pp.dat395.xsf
     Plot Type: 3D                     Output format: XCrySDen     
     Reading data from file  /home/ubuntu/projects/Graphene-Band-Structure-Quantum-Espresso/outputs/field_0/PBE-d3/coupled/data/ldos.pp.dat396

     Writing data to be plotted to file /home/ubuntu/projects/Graphene-Band-Structure-Quantum-Espresso/outputs/field_0/PBE-d3/coupled/data/ldos.pp.dat396.xsf
     Plot Type: 3D                     Output format: XCrySDen     
     Reading data from file  /home/ubuntu/projects/Graphene-Band-Structure-Quantum-Espresso/outputs/field_0/PBE-d3/coupled/data/ldos.pp.dat397

     Writing data to be plotted to file /home/ubuntu/projects/Graphene-Band-Structure-Quantum-Espresso/outputs/field_0/PBE-d3/coupled/data/ldos.pp.dat397.xsf
     Plot Type: 3D                     Output format: XCrySDen     
     Reading data from file  /home/ubuntu/projects/Graphene-Band-Structure-Quantum-Espresso/outputs/field_0/PBE-d3/coupled/data/ldos.pp.dat398

     Writing data to be plotted to file /home/ubuntu/projects/Graphene-Band-Structure-Quantum-Espresso/outputs/field_0/PBE-d3/coupled/data/ldos.pp.dat398.xsf
     Plot Type: 3D                     Output format: XCrySDen     
     Reading data from file  /home/ubuntu/projects/Graphene-Band-Structure-Quantum-Espresso/outputs/field_0/PBE-d3/coupled/data/ldos.pp.dat399

     Writing data to be plotted to file /home/ubuntu/projects/Graphene-Band-Structure-Quantum-Espresso/outputs/field_0/PBE-d3/coupled/data/ldos.pp.dat399.xsf
     Plot Type: 3D                     Output format: XCrySDen     
     Reading data from file  /home/ubuntu/projects/Graphene-Band-Structure-Quantum-Espresso/outputs/field_0/PBE-d3/coupled/data/ldos.pp.dat400

     Writing data to be plotted to file /home/ubuntu/projects/Graphene-Band-Structure-Quantum-Espresso/outputs/field_0/PBE-d3/coupled/data/ldos.pp.dat400.xsf
     Plot Type: 3D                     Output format: XCrySDen     
     Reading data from file  /home/ubuntu/projects/Graphene-Band-Structure-Quantum-Espresso/outputs/field_0/PBE-d3/coupled/data/ldos.pp.dat401

     Writing data to be plotted to file /home/ubuntu/projects/Graphene-Band-Structure-Quantum-Espresso/outputs/field_0/PBE-d3/coupled/data/ldos.pp.dat401.xsf
     Plot Type: 3D                     Output format: XCrySDen     

     POST-PROC    :   9m 4.42s CPU   9m57.98s WALL


   This run was terminated on:   3: 0:29   1Oct2026            

=------------------------------------------------------------------------------=
   JOB DONE.
=------------------------------------------------------------------------------=
Note: The following floating-point exceptions are signalling: IEEE_DENORMAL
Note: The following floating-point exceptions are signalling: IEEE_DENORMAL
Note: The following floating-point exceptions are signalling: IEEE_DENORMAL
