
     Program POST-PROC v.7.6 starts on 16Sep2026 at 13:15: 4 

     This program is part of the open-source Quantum ESPRESSO suite
     for quantum simulation of materials; please cite
         "P. Giannozzi et al., J. Phys.:Condens. Matter 21 395502 (2009);
         "P. Giannozzi et al., J. Phys.:Condens. Matter 29 465901 (2017);
         "P. Giannozzi et al., J. Chem. Phys. 152 154105 (2020);
          URL http://www.quantum-espresso.org", 
     in publications or presentations arising from this work. More details at
     http://www.quantum-espresso.org/quote

     Parallel version (MPI), running on     4 processors

     MPI processes distributed on     1 nodes
     R & G space division:  proc/nbgrp/npool/nimage =       4
     640 MiB available memory on the printing compute node when the environment starts


     Reading xml data from directory:

     /home/ubuntu/projects/Graphene-Band-Structure-Quantum-Espresso/outputs/field_0/top/data/top.save/
     file C.pbe-n-kjpaw_psl.1.0.0.UPF: wavefunction(s)  2S 2P renormalized

     IMPORTANT: XC functional enforced from input :
     Exchange-correlation= PBE
                           (   1   4   3   4   0   0   0)
     Any further DFT definition will be discarded
     Please, verify this is what you really want


     Parallelization info
     --------------------
     sticks:   dense  smooth     PW     G-vecs:    dense   smooth      PW
     Min         148      90     27                27908    12992    2251
     Max         150      91     28                27927    13015    2288
     Sum         595     361    109               111671    52021    9049

     Using Slab Decomposition

 ----2D----2D----2D----2D----2D----2D----2D----2D----2D----2D----2D----2D
  The code is running with the 2D cutoff
  Please refer to:
  Sohier, T., Calandra, M., & Mauri, F. (2017), 
  Density functional perturbation theory for gated two-dimensional heterostructures:
  Theoretical developments and application to flexural phonons in graphene.
  Physical Review B, 96(7), 75448. https://doi.org/10.1103/PhysRevB.96.075448
 ----2D----2D----2D----2D----2D----2D----2D----2D----2D----2D----2D----2D

     Check: negative core charge=   -0.000002

     negative rho (up, down):  1.441E-04 0.000E+00

     Calling punch_plot, plot_num =   3

     Energy = -14.21960 eV, broadening =   0.01000eV
     Writing data to file  /home/ubuntu/projects/Graphene-Band-Structure-Quantum-Espresso/outputs/field_0/top/data/ldos.pp.dat001

     Calling punch_plot, plot_num =   3

     Energy = -14.19960 eV, broadening =   0.01000eV
     Writing data to file  /home/ubuntu/projects/Graphene-Band-Structure-Quantum-Espresso/outputs/field_0/top/data/ldos.pp.dat002

     Calling punch_plot, plot_num =   3

     Energy = -14.17960 eV, broadening =   0.01000eV
     Writing data to file  /home/ubuntu/projects/Graphene-Band-Structure-Quantum-Espresso/outputs/field_0/top/data/ldos.pp.dat003

     Calling punch_plot, plot_num =   3

     Energy = -14.15960 eV, broadening =   0.01000eV
     Writing data to file  /home/ubuntu/projects/Graphene-Band-Structure-Quantum-Espresso/outputs/field_0/top/data/ldos.pp.dat004

     Calling punch_plot, plot_num =   3

     Energy = -14.13960 eV, broadening =   0.01000eV
     Writing data to file  /home/ubuntu/projects/Graphene-Band-Structure-Quantum-Espresso/outputs/field_0/top/data/ldos.pp.dat005

     Calling punch_plot, plot_num =   3

     Energy = -14.11960 eV, broadening =   0.01000eV
     Writing data to file  /home/ubuntu/projects/Graphene-Band-Structure-Quantum-Espresso/outputs/field_0/top/data/ldos.pp.dat006

     Calling punch_plot, plot_num =   3

     Energy = -14.09960 eV, broadening =   0.01000eV
     Writing data to file  /home/ubuntu/projects/Graphene-Band-Structure-Quantum-Espresso/outputs/field_0/top/data/ldos.pp.dat007

     Calling punch_plot, plot_num =   3

     Energy = -14.07960 eV, broadening =   0.01000eV
     Writing data to file  /home/ubuntu/projects/Graphene-Band-Structure-Quantum-Espresso/outputs/field_0/top/data/ldos.pp.dat008

     Calling punch_plot, plot_num =   3

     Energy = -14.05960 eV, broadening =   0.01000eV
     Writing data to file  /home/ubuntu/projects/Graphene-Band-Structure-Quantum-Espresso/outputs/field_0/top/data/ldos.pp.dat009

     Calling punch_plot, plot_num =   3

     Energy = -14.03960 eV, broadening =   0.01000eV
     Writing data to file  /home/ubuntu/projects/Graphene-Band-Structure-Quantum-Espresso/outputs/field_0/top/data/ldos.pp.dat010

     Calling punch_plot, plot_num =   3

     Energy = -14.01960 eV, broadening =   0.01000eV
     Writing data to file  /home/ubuntu/projects/Graphene-Band-Structure-Quantum-Espresso/outputs/field_0/top/data/ldos.pp.dat011

     Calling punch_plot, plot_num =   3

     Energy = -13.99960 eV, broadening =   0.01000eV
     Writing data to file  /home/ubuntu/projects/Graphene-Band-Structure-Quantum-Espresso/outputs/field_0/top/data/ldos.pp.dat012

     Calling punch_plot, plot_num =   3

     Energy = -13.97960 eV, broadening =   0.01000eV
     Writing data to file  /home/ubuntu/projects/Graphene-Band-Structure-Quantum-Espresso/outputs/field_0/top/data/ldos.pp.dat013

     Calling punch_plot, plot_num =   3

     Energy = -13.95960 eV, broadening =   0.01000eV
     Writing data to file  /home/ubuntu/projects/Graphene-Band-Structure-Quantum-Espresso/outputs/field_0/top/data/ldos.pp.dat014

     Calling punch_plot, plot_num =   3

     Energy = -13.93960 eV, broadening =   0.01000eV
     Writing data to file  /home/ubuntu/projects/Graphene-Band-Structure-Quantum-Espresso/outputs/field_0/top/data/ldos.pp.dat015

     Calling punch_plot, plot_num =   3

     Energy = -13.91960 eV, broadening =   0.01000eV
     Writing data to file  /home/ubuntu/projects/Graphene-Band-Structure-Quantum-Espresso/outputs/field_0/top/data/ldos.pp.dat016

     Calling punch_plot, plot_num =   3

     Energy = -13.89960 eV, broadening =   0.01000eV
     Writing data to file  /home/ubuntu/projects/Graphene-Band-Structure-Quantum-Espresso/outputs/field_0/top/data/ldos.pp.dat017

     Calling punch_plot, plot_num =   3

     Energy = -13.87960 eV, broadening =   0.01000eV
     Writing data to file  /home/ubuntu/projects/Graphene-Band-Structure-Quantum-Espresso/outputs/field_0/top/data/ldos.pp.dat018

     Calling punch_plot, plot_num =   3

     Energy = -13.85960 eV, broadening =   0.01000eV
     Writing data to file  /home/ubuntu/projects/Graphene-Band-Structure-Quantum-Espresso/outputs/field_0/top/data/ldos.pp.dat019

     Calling punch_plot, plot_num =   3

     Energy = -13.83960 eV, broadening =   0.01000eV
     Writing data to file  /home/ubuntu/projects/Graphene-Band-Structure-Quantum-Espresso/outputs/field_0/top/data/ldos.pp.dat020

     Calling punch_plot, plot_num =   3

     Energy = -13.81960 eV, broadening =   0.01000eV
     Writing data to file  /home/ubuntu/projects/Graphene-Band-Structure-Quantum-Espresso/outputs/field_0/top/data/ldos.pp.dat021

     Calling punch_plot, plot_num =   3

     Energy = -13.79960 eV, broadening =   0.01000eV
     Writing data to file  /home/ubuntu/projects/Graphene-Band-Structure-Quantum-Espresso/outputs/field_0/top/data/ldos.pp.dat022

     Calling punch_plot, plot_num =   3

     Energy = -13.77960 eV, broadening =   0.01000eV
     Writing data to file  /home/ubuntu/projects/Graphene-Band-Structure-Quantum-Espresso/outputs/field_0/top/data/ldos.pp.dat023

     Calling punch_plot, plot_num =   3

     Energy = -13.75960 eV, broadening =   0.01000eV
     Writing data to file  /home/ubuntu/projects/Graphene-Band-Structure-Quantum-Espresso/outputs/field_0/top/data/ldos.pp.dat024

     Calling punch_plot, plot_num =   3

     Energy = -13.73960 eV, broadening =   0.01000eV
     Writing data to file  /home/ubuntu/projects/Graphene-Band-Structure-Quantum-Espresso/outputs/field_0/top/data/ldos.pp.dat025

     Calling punch_plot, plot_num =   3

     Energy = -13.71960 eV, broadening =   0.01000eV
     Writing data to file  /home/ubuntu/projects/Graphene-Band-Structure-Quantum-Espresso/outputs/field_0/top/data/ldos.pp.dat026

     Calling punch_plot, plot_num =   3

     Energy = -13.69960 eV, broadening =   0.01000eV
     Writing data to file  /home/ubuntu/projects/Graphene-Band-Structure-Quantum-Espresso/outputs/field_0/top/data/ldos.pp.dat027

     Calling punch_plot, plot_num =   3

     Energy = -13.67960 eV, broadening =   0.01000eV
     Writing data to file  /home/ubuntu/projects/Graphene-Band-Structure-Quantum-Espresso/outputs/field_0/top/data/ldos.pp.dat028

     Calling punch_plot, plot_num =   3

     Energy = -13.65960 eV, broadening =   0.01000eV
     Writing data to file  /home/ubuntu/projects/Graphene-Band-Structure-Quantum-Espresso/outputs/field_0/top/data/ldos.pp.dat029

     Calling punch_plot, plot_num =   3

     Energy = -13.63960 eV, broadening =   0.01000eV
     Writing data to file  /home/ubuntu/projects/Graphene-Band-Structure-Quantum-Espresso/outputs/field_0/top/data/ldos.pp.dat030

     Calling punch_plot, plot_num =   3

     Energy = -13.61960 eV, broadening =   0.01000eV
     Writing data to file  /home/ubuntu/projects/Graphene-Band-Structure-Quantum-Espresso/outputs/field_0/top/data/ldos.pp.dat031

     Calling punch_plot, plot_num =   3

     Energy = -13.59960 eV, broadening =   0.01000eV
     Writing data to file  /home/ubuntu/projects/Graphene-Band-Structure-Quantum-Espresso/outputs/field_0/top/data/ldos.pp.dat032

     Calling punch_plot, plot_num =   3

     Energy = -13.57960 eV, broadening =   0.01000eV
     Writing data to file  /home/ubuntu/projects/Graphene-Band-Structure-Quantum-Espresso/outputs/field_0/top/data/ldos.pp.dat033

     Calling punch_plot, plot_num =   3

     Energy = -13.55960 eV, broadening =   0.01000eV
     Writing data to file  /home/ubuntu/projects/Graphene-Band-Structure-Quantum-Espresso/outputs/field_0/top/data/ldos.pp.dat034

     Calling punch_plot, plot_num =   3

     Energy = -13.53960 eV, broadening =   0.01000eV
     Writing data to file  /home/ubuntu/projects/Graphene-Band-Structure-Quantum-Espresso/outputs/field_0/top/data/ldos.pp.dat035

     Calling punch_plot, plot_num =   3

     Energy = -13.51960 eV, broadening =   0.01000eV
     Writing data to file  /home/ubuntu/projects/Graphene-Band-Structure-Quantum-Espresso/outputs/field_0/top/data/ldos.pp.dat036

     Calling punch_plot, plot_num =   3

     Energy = -13.49960 eV, broadening =   0.01000eV
     Writing data to file  /home/ubuntu/projects/Graphene-Band-Structure-Quantum-Espresso/outputs/field_0/top/data/ldos.pp.dat037

     Calling punch_plot, plot_num =   3

     Energy = -13.47960 eV, broadening =   0.01000eV
     Writing data to file  /home/ubuntu/projects/Graphene-Band-Structure-Quantum-Espresso/outputs/field_0/top/data/ldos.pp.dat038

     Calling punch_plot, plot_num =   3

     Energy = -13.45960 eV, broadening =   0.01000eV
     Writing data to file  /home/ubuntu/projects/Graphene-Band-Structure-Quantum-Espresso/outputs/field_0/top/data/ldos.pp.dat039

     Calling punch_plot, plot_num =   3

     Energy = -13.43960 eV, broadening =   0.01000eV
     Writing data to file  /home/ubuntu/projects/Graphene-Band-Structure-Quantum-Espresso/outputs/field_0/top/data/ldos.pp.dat040

     Calling punch_plot, plot_num =   3

     Energy = -13.41960 eV, broadening =   0.01000eV
     Writing data to file  /home/ubuntu/projects/Graphene-Band-Structure-Quantum-Espresso/outputs/field_0/top/data/ldos.pp.dat041

     Calling punch_plot, plot_num =   3

     Energy = -13.39960 eV, broadening =   0.01000eV
     Writing data to file  /home/ubuntu/projects/Graphene-Band-Structure-Quantum-Espresso/outputs/field_0/top/data/ldos.pp.dat042

     Calling punch_plot, plot_num =   3

     Energy = -13.37960 eV, broadening =   0.01000eV
     Writing data to file  /home/ubuntu/projects/Graphene-Band-Structure-Quantum-Espresso/outputs/field_0/top/data/ldos.pp.dat043

     Calling punch_plot, plot_num =   3

     Energy = -13.35960 eV, broadening =   0.01000eV
     Writing data to file  /home/ubuntu/projects/Graphene-Band-Structure-Quantum-Espresso/outputs/field_0/top/data/ldos.pp.dat044

     Calling punch_plot, plot_num =   3

     Energy = -13.33960 eV, broadening =   0.01000eV
     Writing data to file  /home/ubuntu/projects/Graphene-Band-Structure-Quantum-Espresso/outputs/field_0/top/data/ldos.pp.dat045

     Calling punch_plot, plot_num =   3

     Energy = -13.31960 eV, broadening =   0.01000eV
     Writing data to file  /home/ubuntu/projects/Graphene-Band-Structure-Quantum-Espresso/outputs/field_0/top/data/ldos.pp.dat046

     Calling punch_plot, plot_num =   3

     Energy = -13.29960 eV, broadening =   0.01000eV
     Writing data to file  /home/ubuntu/projects/Graphene-Band-Structure-Quantum-Espresso/outputs/field_0/top/data/ldos.pp.dat047

     Calling punch_plot, plot_num =   3

     Energy = -13.27960 eV, broadening =   0.01000eV
     Writing data to file  /home/ubuntu/projects/Graphene-Band-Structure-Quantum-Espresso/outputs/field_0/top/data/ldos.pp.dat048

     Calling punch_plot, plot_num =   3

     Energy = -13.25960 eV, broadening =   0.01000eV
     Writing data to file  /home/ubuntu/projects/Graphene-Band-Structure-Quantum-Espresso/outputs/field_0/top/data/ldos.pp.dat049

     Calling punch_plot, plot_num =   3

     Energy = -13.23960 eV, broadening =   0.01000eV
     Writing data to file  /home/ubuntu/projects/Graphene-Band-Structure-Quantum-Espresso/outputs/field_0/top/data/ldos.pp.dat050

     Calling punch_plot, plot_num =   3

     Energy = -13.21960 eV, broadening =   0.01000eV
     Writing data to file  /home/ubuntu/projects/Graphene-Band-Structure-Quantum-Espresso/outputs/field_0/top/data/ldos.pp.dat051

     Calling punch_plot, plot_num =   3

     Energy = -13.19960 eV, broadening =   0.01000eV
     Writing data to file  /home/ubuntu/projects/Graphene-Band-Structure-Quantum-Espresso/outputs/field_0/top/data/ldos.pp.dat052

     Calling punch_plot, plot_num =   3

     Energy = -13.17960 eV, broadening =   0.01000eV
     Writing data to file  /home/ubuntu/projects/Graphene-Band-Structure-Quantum-Espresso/outputs/field_0/top/data/ldos.pp.dat053

     Calling punch_plot, plot_num =   3

     Energy = -13.15960 eV, broadening =   0.01000eV
     Writing data to file  /home/ubuntu/projects/Graphene-Band-Structure-Quantum-Espresso/outputs/field_0/top/data/ldos.pp.dat054

     Calling punch_plot, plot_num =   3

     Energy = -13.13960 eV, broadening =   0.01000eV
     Writing data to file  /home/ubuntu/projects/Graphene-Band-Structure-Quantum-Espresso/outputs/field_0/top/data/ldos.pp.dat055

     Calling punch_plot, plot_num =   3

     Energy = -13.11960 eV, broadening =   0.01000eV
     Writing data to file  /home/ubuntu/projects/Graphene-Band-Structure-Quantum-Espresso/outputs/field_0/top/data/ldos.pp.dat056

     Calling punch_plot, plot_num =   3

     Energy = -13.09960 eV, broadening =   0.01000eV
     Writing data to file  /home/ubuntu/projects/Graphene-Band-Structure-Quantum-Espresso/outputs/field_0/top/data/ldos.pp.dat057

     Calling punch_plot, plot_num =   3

     Energy = -13.07960 eV, broadening =   0.01000eV
     Writing data to file  /home/ubuntu/projects/Graphene-Band-Structure-Quantum-Espresso/outputs/field_0/top/data/ldos.pp.dat058

     Calling punch_plot, plot_num =   3

     Energy = -13.05960 eV, broadening =   0.01000eV
     Writing data to file  /home/ubuntu/projects/Graphene-Band-Structure-Quantum-Espresso/outputs/field_0/top/data/ldos.pp.dat059

     Calling punch_plot, plot_num =   3

     Energy = -13.03960 eV, broadening =   0.01000eV
     Writing data to file  /home/ubuntu/projects/Graphene-Band-Structure-Quantum-Espresso/outputs/field_0/top/data/ldos.pp.dat060

     Calling punch_plot, plot_num =   3

     Energy = -13.01960 eV, broadening =   0.01000eV
     Writing data to file  /home/ubuntu/projects/Graphene-Band-Structure-Quantum-Espresso/outputs/field_0/top/data/ldos.pp.dat061

     Calling punch_plot, plot_num =   3

     Energy = -12.99960 eV, broadening =   0.01000eV
     Writing data to file  /home/ubuntu/projects/Graphene-Band-Structure-Quantum-Espresso/outputs/field_0/top/data/ldos.pp.dat062

     Calling punch_plot, plot_num =   3

     Energy = -12.97960 eV, broadening =   0.01000eV
     Writing data to file  /home/ubuntu/projects/Graphene-Band-Structure-Quantum-Espresso/outputs/field_0/top/data/ldos.pp.dat063

     Calling punch_plot, plot_num =   3

     Energy = -12.95960 eV, broadening =   0.01000eV
     Writing data to file  /home/ubuntu/projects/Graphene-Band-Structure-Quantum-Espresso/outputs/field_0/top/data/ldos.pp.dat064

     Calling punch_plot, plot_num =   3

     Energy = -12.93960 eV, broadening =   0.01000eV
     Writing data to file  /home/ubuntu/projects/Graphene-Band-Structure-Quantum-Espresso/outputs/field_0/top/data/ldos.pp.dat065

     Calling punch_plot, plot_num =   3

     Energy = -12.91960 eV, broadening =   0.01000eV
     Writing data to file  /home/ubuntu/projects/Graphene-Band-Structure-Quantum-Espresso/outputs/field_0/top/data/ldos.pp.dat066

     Calling punch_plot, plot_num =   3

     Energy = -12.89960 eV, broadening =   0.01000eV
     Writing data to file  /home/ubuntu/projects/Graphene-Band-Structure-Quantum-Espresso/outputs/field_0/top/data/ldos.pp.dat067

     Calling punch_plot, plot_num =   3

     Energy = -12.87960 eV, broadening =   0.01000eV
     Writing data to file  /home/ubuntu/projects/Graphene-Band-Structure-Quantum-Espresso/outputs/field_0/top/data/ldos.pp.dat068

     Calling punch_plot, plot_num =   3

     Energy = -12.85960 eV, broadening =   0.01000eV
     Writing data to file  /home/ubuntu/projects/Graphene-Band-Structure-Quantum-Espresso/outputs/field_0/top/data/ldos.pp.dat069

     Calling punch_plot, plot_num =   3

     Energy = -12.83960 eV, broadening =   0.01000eV
     Writing data to file  /home/ubuntu/projects/Graphene-Band-Structure-Quantum-Espresso/outputs/field_0/top/data/ldos.pp.dat070

     Calling punch_plot, plot_num =   3

     Energy = -12.81960 eV, broadening =   0.01000eV
     Writing data to file  /home/ubuntu/projects/Graphene-Band-Structure-Quantum-Espresso/outputs/field_0/top/data/ldos.pp.dat071

     Calling punch_plot, plot_num =   3

     Energy = -12.79960 eV, broadening =   0.01000eV
     Writing data to file  /home/ubuntu/projects/Graphene-Band-Structure-Quantum-Espresso/outputs/field_0/top/data/ldos.pp.dat072

     Calling punch_plot, plot_num =   3

     Energy = -12.77960 eV, broadening =   0.01000eV
     Writing data to file  /home/ubuntu/projects/Graphene-Band-Structure-Quantum-Espresso/outputs/field_0/top/data/ldos.pp.dat073

     Calling punch_plot, plot_num =   3

     Energy = -12.75960 eV, broadening =   0.01000eV
     Writing data to file  /home/ubuntu/projects/Graphene-Band-Structure-Quantum-Espresso/outputs/field_0/top/data/ldos.pp.dat074

     Calling punch_plot, plot_num =   3

     Energy = -12.73960 eV, broadening =   0.01000eV
     Writing data to file  /home/ubuntu/projects/Graphene-Band-Structure-Quantum-Espresso/outputs/field_0/top/data/ldos.pp.dat075

     Calling punch_plot, plot_num =   3

     Energy = -12.71960 eV, broadening =   0.01000eV
     Writing data to file  /home/ubuntu/projects/Graphene-Band-Structure-Quantum-Espresso/outputs/field_0/top/data/ldos.pp.dat076

     Calling punch_plot, plot_num =   3

     Energy = -12.69960 eV, broadening =   0.01000eV
     Writing data to file  /home/ubuntu/projects/Graphene-Band-Structure-Quantum-Espresso/outputs/field_0/top/data/ldos.pp.dat077

     Calling punch_plot, plot_num =   3

     Energy = -12.67960 eV, broadening =   0.01000eV
     Writing data to file  /home/ubuntu/projects/Graphene-Band-Structure-Quantum-Espresso/outputs/field_0/top/data/ldos.pp.dat078

     Calling punch_plot, plot_num =   3

     Energy = -12.65960 eV, broadening =   0.01000eV
     Writing data to file  /home/ubuntu/projects/Graphene-Band-Structure-Quantum-Espresso/outputs/field_0/top/data/ldos.pp.dat079

     Calling punch_plot, plot_num =   3

     Energy = -12.63960 eV, broadening =   0.01000eV
     Writing data to file  /home/ubuntu/projects/Graphene-Band-Structure-Quantum-Espresso/outputs/field_0/top/data/ldos.pp.dat080

     Calling punch_plot, plot_num =   3

     Energy = -12.61960 eV, broadening =   0.01000eV
     Writing data to file  /home/ubuntu/projects/Graphene-Band-Structure-Quantum-Espresso/outputs/field_0/top/data/ldos.pp.dat081

     Calling punch_plot, plot_num =   3

     Energy = -12.59960 eV, broadening =   0.01000eV
     Writing data to file  /home/ubuntu/projects/Graphene-Band-Structure-Quantum-Espresso/outputs/field_0/top/data/ldos.pp.dat082

     Calling punch_plot, plot_num =   3

     Energy = -12.57960 eV, broadening =   0.01000eV
     Writing data to file  /home/ubuntu/projects/Graphene-Band-Structure-Quantum-Espresso/outputs/field_0/top/data/ldos.pp.dat083

     Calling punch_plot, plot_num =   3

     Energy = -12.55960 eV, broadening =   0.01000eV
     Writing data to file  /home/ubuntu/projects/Graphene-Band-Structure-Quantum-Espresso/outputs/field_0/top/data/ldos.pp.dat084

     Calling punch_plot, plot_num =   3

     Energy = -12.53960 eV, broadening =   0.01000eV
     Writing data to file  /home/ubuntu/projects/Graphene-Band-Structure-Quantum-Espresso/outputs/field_0/top/data/ldos.pp.dat085

     Calling punch_plot, plot_num =   3

     Energy = -12.51960 eV, broadening =   0.01000eV
     Writing data to file  /home/ubuntu/projects/Graphene-Band-Structure-Quantum-Espresso/outputs/field_0/top/data/ldos.pp.dat086

     Calling punch_plot, plot_num =   3

     Energy = -12.49960 eV, broadening =   0.01000eV
     Writing data to file  /home/ubuntu/projects/Graphene-Band-Structure-Quantum-Espresso/outputs/field_0/top/data/ldos.pp.dat087

     Calling punch_plot, plot_num =   3

     Energy = -12.47960 eV, broadening =   0.01000eV
     Writing data to file  /home/ubuntu/projects/Graphene-Band-Structure-Quantum-Espresso/outputs/field_0/top/data/ldos.pp.dat088

     Calling punch_plot, plot_num =   3

     Energy = -12.45960 eV, broadening =   0.01000eV
     Writing data to file  /home/ubuntu/projects/Graphene-Band-Structure-Quantum-Espresso/outputs/field_0/top/data/ldos.pp.dat089

     Calling punch_plot, plot_num =   3

     Energy = -12.43960 eV, broadening =   0.01000eV
     Writing data to file  /home/ubuntu/projects/Graphene-Band-Structure-Quantum-Espresso/outputs/field_0/top/data/ldos.pp.dat090

     Calling punch_plot, plot_num =   3

     Energy = -12.41960 eV, broadening =   0.01000eV
     Writing data to file  /home/ubuntu/projects/Graphene-Band-Structure-Quantum-Espresso/outputs/field_0/top/data/ldos.pp.dat091

     Calling punch_plot, plot_num =   3

     Energy = -12.39960 eV, broadening =   0.01000eV
     Writing data to file  /home/ubuntu/projects/Graphene-Band-Structure-Quantum-Espresso/outputs/field_0/top/data/ldos.pp.dat092

     Calling punch_plot, plot_num =   3

     Energy = -12.37960 eV, broadening =   0.01000eV
     Writing data to file  /home/ubuntu/projects/Graphene-Band-Structure-Quantum-Espresso/outputs/field_0/top/data/ldos.pp.dat093

     Calling punch_plot, plot_num =   3

     Energy = -12.35960 eV, broadening =   0.01000eV
     Writing data to file  /home/ubuntu/projects/Graphene-Band-Structure-Quantum-Espresso/outputs/field_0/top/data/ldos.pp.dat094

     Calling punch_plot, plot_num =   3

     Energy = -12.33960 eV, broadening =   0.01000eV
     Writing data to file  /home/ubuntu/projects/Graphene-Band-Structure-Quantum-Espresso/outputs/field_0/top/data/ldos.pp.dat095

     Calling punch_plot, plot_num =   3

     Energy = -12.31960 eV, broadening =   0.01000eV
     Writing data to file  /home/ubuntu/projects/Graphene-Band-Structure-Quantum-Espresso/outputs/field_0/top/data/ldos.pp.dat096

     Calling punch_plot, plot_num =   3

     Energy = -12.29960 eV, broadening =   0.01000eV
     Writing data to file  /home/ubuntu/projects/Graphene-Band-Structure-Quantum-Espresso/outputs/field_0/top/data/ldos.pp.dat097

     Calling punch_plot, plot_num =   3

     Energy = -12.27960 eV, broadening =   0.01000eV
     Writing data to file  /home/ubuntu/projects/Graphene-Band-Structure-Quantum-Espresso/outputs/field_0/top/data/ldos.pp.dat098

     Calling punch_plot, plot_num =   3

     Energy = -12.25960 eV, broadening =   0.01000eV
     Writing data to file  /home/ubuntu/projects/Graphene-Band-Structure-Quantum-Espresso/outputs/field_0/top/data/ldos.pp.dat099

     Calling punch_plot, plot_num =   3

     Energy = -12.23960 eV, broadening =   0.01000eV
     Writing data to file  /home/ubuntu/projects/Graphene-Band-Structure-Quantum-Espresso/outputs/field_0/top/data/ldos.pp.dat100

     Calling punch_plot, plot_num =   3

     Energy = -12.21960 eV, broadening =   0.01000eV
     Writing data to file  /home/ubuntu/projects/Graphene-Band-Structure-Quantum-Espresso/outputs/field_0/top/data/ldos.pp.dat101

     Calling punch_plot, plot_num =   3

     Energy = -12.19960 eV, broadening =   0.01000eV
     Writing data to file  /home/ubuntu/projects/Graphene-Band-Structure-Quantum-Espresso/outputs/field_0/top/data/ldos.pp.dat102

     Calling punch_plot, plot_num =   3

     Energy = -12.17960 eV, broadening =   0.01000eV
     Writing data to file  /home/ubuntu/projects/Graphene-Band-Structure-Quantum-Espresso/outputs/field_0/top/data/ldos.pp.dat103

     Calling punch_plot, plot_num =   3

     Energy = -12.15960 eV, broadening =   0.01000eV
     Writing data to file  /home/ubuntu/projects/Graphene-Band-Structure-Quantum-Espresso/outputs/field_0/top/data/ldos.pp.dat104

     Calling punch_plot, plot_num =   3

     Energy = -12.13960 eV, broadening =   0.01000eV
     Writing data to file  /home/ubuntu/projects/Graphene-Band-Structure-Quantum-Espresso/outputs/field_0/top/data/ldos.pp.dat105

     Calling punch_plot, plot_num =   3

     Energy = -12.11960 eV, broadening =   0.01000eV
     Writing data to file  /home/ubuntu/projects/Graphene-Band-Structure-Quantum-Espresso/outputs/field_0/top/data/ldos.pp.dat106

     Calling punch_plot, plot_num =   3

     Energy = -12.09960 eV, broadening =   0.01000eV
     Writing data to file  /home/ubuntu/projects/Graphene-Band-Structure-Quantum-Espresso/outputs/field_0/top/data/ldos.pp.dat107

     Calling punch_plot, plot_num =   3

     Energy = -12.07960 eV, broadening =   0.01000eV
     Writing data to file  /home/ubuntu/projects/Graphene-Band-Structure-Quantum-Espresso/outputs/field_0/top/data/ldos.pp.dat108

     Calling punch_plot, plot_num =   3

     Energy = -12.05960 eV, broadening =   0.01000eV
     Writing data to file  /home/ubuntu/projects/Graphene-Band-Structure-Quantum-Espresso/outputs/field_0/top/data/ldos.pp.dat109

     Calling punch_plot, plot_num =   3

     Energy = -12.03960 eV, broadening =   0.01000eV
     Writing data to file  /home/ubuntu/projects/Graphene-Band-Structure-Quantum-Espresso/outputs/field_0/top/data/ldos.pp.dat110

     Calling punch_plot, plot_num =   3

     Energy = -12.01960 eV, broadening =   0.01000eV
     Writing data to file  /home/ubuntu/projects/Graphene-Band-Structure-Quantum-Espresso/outputs/field_0/top/data/ldos.pp.dat111

     Calling punch_plot, plot_num =   3

     Energy = -11.99960 eV, broadening =   0.01000eV
     Writing data to file  /home/ubuntu/projects/Graphene-Band-Structure-Quantum-Espresso/outputs/field_0/top/data/ldos.pp.dat112

     Calling punch_plot, plot_num =   3

     Energy = -11.97960 eV, broadening =   0.01000eV
     Writing data to file  /home/ubuntu/projects/Graphene-Band-Structure-Quantum-Espresso/outputs/field_0/top/data/ldos.pp.dat113

     Calling punch_plot, plot_num =   3

     Energy = -11.95960 eV, broadening =   0.01000eV
     Writing data to file  /home/ubuntu/projects/Graphene-Band-Structure-Quantum-Espresso/outputs/field_0/top/data/ldos.pp.dat114

     Calling punch_plot, plot_num =   3

     Energy = -11.93960 eV, broadening =   0.01000eV
     Writing data to file  /home/ubuntu/projects/Graphene-Band-Structure-Quantum-Espresso/outputs/field_0/top/data/ldos.pp.dat115

     Calling punch_plot, plot_num =   3

     Energy = -11.91960 eV, broadening =   0.01000eV
     Writing data to file  /home/ubuntu/projects/Graphene-Band-Structure-Quantum-Espresso/outputs/field_0/top/data/ldos.pp.dat116

     Calling punch_plot, plot_num =   3

     Energy = -11.89960 eV, broadening =   0.01000eV
     Writing data to file  /home/ubuntu/projects/Graphene-Band-Structure-Quantum-Espresso/outputs/field_0/top/data/ldos.pp.dat117

     Calling punch_plot, plot_num =   3

     Energy = -11.87960 eV, broadening =   0.01000eV
     Writing data to file  /home/ubuntu/projects/Graphene-Band-Structure-Quantum-Espresso/outputs/field_0/top/data/ldos.pp.dat118

     Calling punch_plot, plot_num =   3

     Energy = -11.85960 eV, broadening =   0.01000eV
     Writing data to file  /home/ubuntu/projects/Graphene-Band-Structure-Quantum-Espresso/outputs/field_0/top/data/ldos.pp.dat119

     Calling punch_plot, plot_num =   3

     Energy = -11.83960 eV, broadening =   0.01000eV
     Writing data to file  /home/ubuntu/projects/Graphene-Band-Structure-Quantum-Espresso/outputs/field_0/top/data/ldos.pp.dat120

     Calling punch_plot, plot_num =   3

     Energy = -11.81960 eV, broadening =   0.01000eV
     Writing data to file  /home/ubuntu/projects/Graphene-Band-Structure-Quantum-Espresso/outputs/field_0/top/data/ldos.pp.dat121

     Calling punch_plot, plot_num =   3

     Energy = -11.79960 eV, broadening =   0.01000eV
     Writing data to file  /home/ubuntu/projects/Graphene-Band-Structure-Quantum-Espresso/outputs/field_0/top/data/ldos.pp.dat122

     Calling punch_plot, plot_num =   3

     Energy = -11.77960 eV, broadening =   0.01000eV
     Writing data to file  /home/ubuntu/projects/Graphene-Band-Structure-Quantum-Espresso/outputs/field_0/top/data/ldos.pp.dat123

     Calling punch_plot, plot_num =   3

     Energy = -11.75960 eV, broadening =   0.01000eV
     Writing data to file  /home/ubuntu/projects/Graphene-Band-Structure-Quantum-Espresso/outputs/field_0/top/data/ldos.pp.dat124

     Calling punch_plot, plot_num =   3

     Energy = -11.73960 eV, broadening =   0.01000eV
     Writing data to file  /home/ubuntu/projects/Graphene-Band-Structure-Quantum-Espresso/outputs/field_0/top/data/ldos.pp.dat125

     Calling punch_plot, plot_num =   3

     Energy = -11.71960 eV, broadening =   0.01000eV
     Writing data to file  /home/ubuntu/projects/Graphene-Band-Structure-Quantum-Espresso/outputs/field_0/top/data/ldos.pp.dat126

     Calling punch_plot, plot_num =   3

     Energy = -11.69960 eV, broadening =   0.01000eV
     Writing data to file  /home/ubuntu/projects/Graphene-Band-Structure-Quantum-Espresso/outputs/field_0/top/data/ldos.pp.dat127

     Calling punch_plot, plot_num =   3

     Energy = -11.67960 eV, broadening =   0.01000eV
     Writing data to file  /home/ubuntu/projects/Graphene-Band-Structure-Quantum-Espresso/outputs/field_0/top/data/ldos.pp.dat128

     Calling punch_plot, plot_num =   3

     Energy = -11.65960 eV, broadening =   0.01000eV
     Writing data to file  /home/ubuntu/projects/Graphene-Band-Structure-Quantum-Espresso/outputs/field_0/top/data/ldos.pp.dat129

     Calling punch_plot, plot_num =   3

     Energy = -11.63960 eV, broadening =   0.01000eV
     Writing data to file  /home/ubuntu/projects/Graphene-Band-Structure-Quantum-Espresso/outputs/field_0/top/data/ldos.pp.dat130

     Calling punch_plot, plot_num =   3

     Energy = -11.61960 eV, broadening =   0.01000eV
     Writing data to file  /home/ubuntu/projects/Graphene-Band-Structure-Quantum-Espresso/outputs/field_0/top/data/ldos.pp.dat131

     Calling punch_plot, plot_num =   3

     Energy = -11.59960 eV, broadening =   0.01000eV
     Writing data to file  /home/ubuntu/projects/Graphene-Band-Structure-Quantum-Espresso/outputs/field_0/top/data/ldos.pp.dat132

     Calling punch_plot, plot_num =   3

     Energy = -11.57960 eV, broadening =   0.01000eV
     Writing data to file  /home/ubuntu/projects/Graphene-Band-Structure-Quantum-Espresso/outputs/field_0/top/data/ldos.pp.dat133

     Calling punch_plot, plot_num =   3

     Energy = -11.55960 eV, broadening =   0.01000eV
     Writing data to file  /home/ubuntu/projects/Graphene-Band-Structure-Quantum-Espresso/outputs/field_0/top/data/ldos.pp.dat134

     Calling punch_plot, plot_num =   3

     Energy = -11.53960 eV, broadening =   0.01000eV
     Writing data to file  /home/ubuntu/projects/Graphene-Band-Structure-Quantum-Espresso/outputs/field_0/top/data/ldos.pp.dat135

     Calling punch_plot, plot_num =   3

     Energy = -11.51960 eV, broadening =   0.01000eV
     Writing data to file  /home/ubuntu/projects/Graphene-Band-Structure-Quantum-Espresso/outputs/field_0/top/data/ldos.pp.dat136

     Calling punch_plot, plot_num =   3

     Energy = -11.49960 eV, broadening =   0.01000eV
     Writing data to file  /home/ubuntu/projects/Graphene-Band-Structure-Quantum-Espresso/outputs/field_0/top/data/ldos.pp.dat137

     Calling punch_plot, plot_num =   3

     Energy = -11.47960 eV, broadening =   0.01000eV
     Writing data to file  /home/ubuntu/projects/Graphene-Band-Structure-Quantum-Espresso/outputs/field_0/top/data/ldos.pp.dat138

     Calling punch_plot, plot_num =   3

     Energy = -11.45960 eV, broadening =   0.01000eV
     Writing data to file  /home/ubuntu/projects/Graphene-Band-Structure-Quantum-Espresso/outputs/field_0/top/data/ldos.pp.dat139

     Calling punch_plot, plot_num =   3

     Energy = -11.43960 eV, broadening =   0.01000eV
     Writing data to file  /home/ubuntu/projects/Graphene-Band-Structure-Quantum-Espresso/outputs/field_0/top/data/ldos.pp.dat140

     Calling punch_plot, plot_num =   3

     Energy = -11.41960 eV, broadening =   0.01000eV
     Writing data to file  /home/ubuntu/projects/Graphene-Band-Structure-Quantum-Espresso/outputs/field_0/top/data/ldos.pp.dat141

     Calling punch_plot, plot_num =   3

     Energy = -11.39960 eV, broadening =   0.01000eV
     Writing data to file  /home/ubuntu/projects/Graphene-Band-Structure-Quantum-Espresso/outputs/field_0/top/data/ldos.pp.dat142

     Calling punch_plot, plot_num =   3

     Energy = -11.37960 eV, broadening =   0.01000eV
     Writing data to file  /home/ubuntu/projects/Graphene-Band-Structure-Quantum-Espresso/outputs/field_0/top/data/ldos.pp.dat143

     Calling punch_plot, plot_num =   3

     Energy = -11.35960 eV, broadening =   0.01000eV
     Writing data to file  /home/ubuntu/projects/Graphene-Band-Structure-Quantum-Espresso/outputs/field_0/top/data/ldos.pp.dat144

     Calling punch_plot, plot_num =   3

     Energy = -11.33960 eV, broadening =   0.01000eV
     Writing data to file  /home/ubuntu/projects/Graphene-Band-Structure-Quantum-Espresso/outputs/field_0/top/data/ldos.pp.dat145

     Calling punch_plot, plot_num =   3

     Energy = -11.31960 eV, broadening =   0.01000eV
     Writing data to file  /home/ubuntu/projects/Graphene-Band-Structure-Quantum-Espresso/outputs/field_0/top/data/ldos.pp.dat146

     Calling punch_plot, plot_num =   3

     Energy = -11.29960 eV, broadening =   0.01000eV
     Writing data to file  /home/ubuntu/projects/Graphene-Band-Structure-Quantum-Espresso/outputs/field_0/top/data/ldos.pp.dat147

     Calling punch_plot, plot_num =   3

     Energy = -11.27960 eV, broadening =   0.01000eV
     Writing data to file  /home/ubuntu/projects/Graphene-Band-Structure-Quantum-Espresso/outputs/field_0/top/data/ldos.pp.dat148

     Calling punch_plot, plot_num =   3

     Energy = -11.25960 eV, broadening =   0.01000eV
     Writing data to file  /home/ubuntu/projects/Graphene-Band-Structure-Quantum-Espresso/outputs/field_0/top/data/ldos.pp.dat149

     Calling punch_plot, plot_num =   3

     Energy = -11.23960 eV, broadening =   0.01000eV
     Writing data to file  /home/ubuntu/projects/Graphene-Band-Structure-Quantum-Espresso/outputs/field_0/top/data/ldos.pp.dat150

     Calling punch_plot, plot_num =   3

     Energy = -11.21960 eV, broadening =   0.01000eV
     Writing data to file  /home/ubuntu/projects/Graphene-Band-Structure-Quantum-Espresso/outputs/field_0/top/data/ldos.pp.dat151

     Calling punch_plot, plot_num =   3

     Energy = -11.19960 eV, broadening =   0.01000eV
     Writing data to file  /home/ubuntu/projects/Graphene-Band-Structure-Quantum-Espresso/outputs/field_0/top/data/ldos.pp.dat152

     Calling punch_plot, plot_num =   3

     Energy = -11.17960 eV, broadening =   0.01000eV
     Writing data to file  /home/ubuntu/projects/Graphene-Band-Structure-Quantum-Espresso/outputs/field_0/top/data/ldos.pp.dat153

     Calling punch_plot, plot_num =   3

     Energy = -11.15960 eV, broadening =   0.01000eV
     Writing data to file  /home/ubuntu/projects/Graphene-Band-Structure-Quantum-Espresso/outputs/field_0/top/data/ldos.pp.dat154

     Calling punch_plot, plot_num =   3

     Energy = -11.13960 eV, broadening =   0.01000eV
     Writing data to file  /home/ubuntu/projects/Graphene-Band-Structure-Quantum-Espresso/outputs/field_0/top/data/ldos.pp.dat155

     Calling punch_plot, plot_num =   3

     Energy = -11.11960 eV, broadening =   0.01000eV
     Writing data to file  /home/ubuntu/projects/Graphene-Band-Structure-Quantum-Espresso/outputs/field_0/top/data/ldos.pp.dat156

     Calling punch_plot, plot_num =   3

     Energy = -11.09960 eV, broadening =   0.01000eV
     Writing data to file  /home/ubuntu/projects/Graphene-Band-Structure-Quantum-Espresso/outputs/field_0/top/data/ldos.pp.dat157

     Calling punch_plot, plot_num =   3

     Energy = -11.07960 eV, broadening =   0.01000eV
     Writing data to file  /home/ubuntu/projects/Graphene-Band-Structure-Quantum-Espresso/outputs/field_0/top/data/ldos.pp.dat158

     Calling punch_plot, plot_num =   3

     Energy = -11.05960 eV, broadening =   0.01000eV
     Writing data to file  /home/ubuntu/projects/Graphene-Band-Structure-Quantum-Espresso/outputs/field_0/top/data/ldos.pp.dat159

     Calling punch_plot, plot_num =   3

     Energy = -11.03960 eV, broadening =   0.01000eV
     Writing data to file  /home/ubuntu/projects/Graphene-Band-Structure-Quantum-Espresso/outputs/field_0/top/data/ldos.pp.dat160

     Calling punch_plot, plot_num =   3

     Energy = -11.01960 eV, broadening =   0.01000eV
     Writing data to file  /home/ubuntu/projects/Graphene-Band-Structure-Quantum-Espresso/outputs/field_0/top/data/ldos.pp.dat161

     Calling punch_plot, plot_num =   3

     Energy = -10.99960 eV, broadening =   0.01000eV
     Writing data to file  /home/ubuntu/projects/Graphene-Band-Structure-Quantum-Espresso/outputs/field_0/top/data/ldos.pp.dat162

     Calling punch_plot, plot_num =   3

     Energy = -10.97960 eV, broadening =   0.01000eV
     Writing data to file  /home/ubuntu/projects/Graphene-Band-Structure-Quantum-Espresso/outputs/field_0/top/data/ldos.pp.dat163

     Calling punch_plot, plot_num =   3

     Energy = -10.95960 eV, broadening =   0.01000eV
     Writing data to file  /home/ubuntu/projects/Graphene-Band-Structure-Quantum-Espresso/outputs/field_0/top/data/ldos.pp.dat164

     Calling punch_plot, plot_num =   3

     Energy = -10.93960 eV, broadening =   0.01000eV
     Writing data to file  /home/ubuntu/projects/Graphene-Band-Structure-Quantum-Espresso/outputs/field_0/top/data/ldos.pp.dat165

     Calling punch_plot, plot_num =   3

     Energy = -10.91960 eV, broadening =   0.01000eV
     Writing data to file  /home/ubuntu/projects/Graphene-Band-Structure-Quantum-Espresso/outputs/field_0/top/data/ldos.pp.dat166

     Calling punch_plot, plot_num =   3

     Energy = -10.89960 eV, broadening =   0.01000eV
     Writing data to file  /home/ubuntu/projects/Graphene-Band-Structure-Quantum-Espresso/outputs/field_0/top/data/ldos.pp.dat167

     Calling punch_plot, plot_num =   3

     Energy = -10.87960 eV, broadening =   0.01000eV
     Writing data to file  /home/ubuntu/projects/Graphene-Band-Structure-Quantum-Espresso/outputs/field_0/top/data/ldos.pp.dat168

     Calling punch_plot, plot_num =   3

     Energy = -10.85960 eV, broadening =   0.01000eV
     Writing data to file  /home/ubuntu/projects/Graphene-Band-Structure-Quantum-Espresso/outputs/field_0/top/data/ldos.pp.dat169

     Calling punch_plot, plot_num =   3

     Energy = -10.83960 eV, broadening =   0.01000eV
     Writing data to file  /home/ubuntu/projects/Graphene-Band-Structure-Quantum-Espresso/outputs/field_0/top/data/ldos.pp.dat170

     Calling punch_plot, plot_num =   3

     Energy = -10.81960 eV, broadening =   0.01000eV
     Writing data to file  /home/ubuntu/projects/Graphene-Band-Structure-Quantum-Espresso/outputs/field_0/top/data/ldos.pp.dat171

     Calling punch_plot, plot_num =   3

     Energy = -10.79960 eV, broadening =   0.01000eV
     Writing data to file  /home/ubuntu/projects/Graphene-Band-Structure-Quantum-Espresso/outputs/field_0/top/data/ldos.pp.dat172

     Calling punch_plot, plot_num =   3

     Energy = -10.77960 eV, broadening =   0.01000eV
     Writing data to file  /home/ubuntu/projects/Graphene-Band-Structure-Quantum-Espresso/outputs/field_0/top/data/ldos.pp.dat173

     Calling punch_plot, plot_num =   3

     Energy = -10.75960 eV, broadening =   0.01000eV
     Writing data to file  /home/ubuntu/projects/Graphene-Band-Structure-Quantum-Espresso/outputs/field_0/top/data/ldos.pp.dat174

     Calling punch_plot, plot_num =   3

     Energy = -10.73960 eV, broadening =   0.01000eV
     Writing data to file  /home/ubuntu/projects/Graphene-Band-Structure-Quantum-Espresso/outputs/field_0/top/data/ldos.pp.dat175

     Calling punch_plot, plot_num =   3

     Energy = -10.71960 eV, broadening =   0.01000eV
     Writing data to file  /home/ubuntu/projects/Graphene-Band-Structure-Quantum-Espresso/outputs/field_0/top/data/ldos.pp.dat176

     Calling punch_plot, plot_num =   3

     Energy = -10.69960 eV, broadening =   0.01000eV
     Writing data to file  /home/ubuntu/projects/Graphene-Band-Structure-Quantum-Espresso/outputs/field_0/top/data/ldos.pp.dat177

     Calling punch_plot, plot_num =   3

     Energy = -10.67960 eV, broadening =   0.01000eV
     Writing data to file  /home/ubuntu/projects/Graphene-Band-Structure-Quantum-Espresso/outputs/field_0/top/data/ldos.pp.dat178

     Calling punch_plot, plot_num =   3

     Energy = -10.65960 eV, broadening =   0.01000eV
     Writing data to file  /home/ubuntu/projects/Graphene-Band-Structure-Quantum-Espresso/outputs/field_0/top/data/ldos.pp.dat179

     Calling punch_plot, plot_num =   3

     Energy = -10.63960 eV, broadening =   0.01000eV
     Writing data to file  /home/ubuntu/projects/Graphene-Band-Structure-Quantum-Espresso/outputs/field_0/top/data/ldos.pp.dat180

     Calling punch_plot, plot_num =   3

     Energy = -10.61960 eV, broadening =   0.01000eV
     Writing data to file  /home/ubuntu/projects/Graphene-Band-Structure-Quantum-Espresso/outputs/field_0/top/data/ldos.pp.dat181

     Calling punch_plot, plot_num =   3

     Energy = -10.59960 eV, broadening =   0.01000eV
     Writing data to file  /home/ubuntu/projects/Graphene-Band-Structure-Quantum-Espresso/outputs/field_0/top/data/ldos.pp.dat182

     Calling punch_plot, plot_num =   3

     Energy = -10.57960 eV, broadening =   0.01000eV
     Writing data to file  /home/ubuntu/projects/Graphene-Band-Structure-Quantum-Espresso/outputs/field_0/top/data/ldos.pp.dat183

     Calling punch_plot, plot_num =   3

     Energy = -10.55960 eV, broadening =   0.01000eV
     Writing data to file  /home/ubuntu/projects/Graphene-Band-Structure-Quantum-Espresso/outputs/field_0/top/data/ldos.pp.dat184

     Calling punch_plot, plot_num =   3

     Energy = -10.53960 eV, broadening =   0.01000eV
     Writing data to file  /home/ubuntu/projects/Graphene-Band-Structure-Quantum-Espresso/outputs/field_0/top/data/ldos.pp.dat185

     Calling punch_plot, plot_num =   3

     Energy = -10.51960 eV, broadening =   0.01000eV
     Writing data to file  /home/ubuntu/projects/Graphene-Band-Structure-Quantum-Espresso/outputs/field_0/top/data/ldos.pp.dat186

     Calling punch_plot, plot_num =   3

     Energy = -10.49960 eV, broadening =   0.01000eV
     Writing data to file  /home/ubuntu/projects/Graphene-Band-Structure-Quantum-Espresso/outputs/field_0/top/data/ldos.pp.dat187

     Calling punch_plot, plot_num =   3

     Energy = -10.47960 eV, broadening =   0.01000eV
     Writing data to file  /home/ubuntu/projects/Graphene-Band-Structure-Quantum-Espresso/outputs/field_0/top/data/ldos.pp.dat188

     Calling punch_plot, plot_num =   3

     Energy = -10.45960 eV, broadening =   0.01000eV
     Writing data to file  /home/ubuntu/projects/Graphene-Band-Structure-Quantum-Espresso/outputs/field_0/top/data/ldos.pp.dat189

     Calling punch_plot, plot_num =   3

     Energy = -10.43960 eV, broadening =   0.01000eV
     Writing data to file  /home/ubuntu/projects/Graphene-Band-Structure-Quantum-Espresso/outputs/field_0/top/data/ldos.pp.dat190

     Calling punch_plot, plot_num =   3

     Energy = -10.41960 eV, broadening =   0.01000eV
     Writing data to file  /home/ubuntu/projects/Graphene-Band-Structure-Quantum-Espresso/outputs/field_0/top/data/ldos.pp.dat191

     Calling punch_plot, plot_num =   3

     Energy = -10.39960 eV, broadening =   0.01000eV
     Writing data to file  /home/ubuntu/projects/Graphene-Band-Structure-Quantum-Espresso/outputs/field_0/top/data/ldos.pp.dat192

     Calling punch_plot, plot_num =   3

     Energy = -10.37960 eV, broadening =   0.01000eV
     Writing data to file  /home/ubuntu/projects/Graphene-Band-Structure-Quantum-Espresso/outputs/field_0/top/data/ldos.pp.dat193

     Calling punch_plot, plot_num =   3

     Energy = -10.35960 eV, broadening =   0.01000eV
     Writing data to file  /home/ubuntu/projects/Graphene-Band-Structure-Quantum-Espresso/outputs/field_0/top/data/ldos.pp.dat194

     Calling punch_plot, plot_num =   3

     Energy = -10.33960 eV, broadening =   0.01000eV
     Writing data to file  /home/ubuntu/projects/Graphene-Band-Structure-Quantum-Espresso/outputs/field_0/top/data/ldos.pp.dat195

     Calling punch_plot, plot_num =   3

     Energy = -10.31960 eV, broadening =   0.01000eV
     Writing data to file  /home/ubuntu/projects/Graphene-Band-Structure-Quantum-Espresso/outputs/field_0/top/data/ldos.pp.dat196

     Calling punch_plot, plot_num =   3

     Energy = -10.29960 eV, broadening =   0.01000eV
     Writing data to file  /home/ubuntu/projects/Graphene-Band-Structure-Quantum-Espresso/outputs/field_0/top/data/ldos.pp.dat197

     Calling punch_plot, plot_num =   3

     Energy = -10.27960 eV, broadening =   0.01000eV
     Writing data to file  /home/ubuntu/projects/Graphene-Band-Structure-Quantum-Espresso/outputs/field_0/top/data/ldos.pp.dat198

     Calling punch_plot, plot_num =   3

     Energy = -10.25960 eV, broadening =   0.01000eV
     Writing data to file  /home/ubuntu/projects/Graphene-Band-Structure-Quantum-Espresso/outputs/field_0/top/data/ldos.pp.dat199

     Calling punch_plot, plot_num =   3

     Energy = -10.23960 eV, broadening =   0.01000eV
     Writing data to file  /home/ubuntu/projects/Graphene-Band-Structure-Quantum-Espresso/outputs/field_0/top/data/ldos.pp.dat200

     Calling punch_plot, plot_num =   3

     Energy = -10.21960 eV, broadening =   0.01000eV
     Writing data to file  /home/ubuntu/projects/Graphene-Band-Structure-Quantum-Espresso/outputs/field_0/top/data/ldos.pp.dat201

     Calling punch_plot, plot_num =   3

     Energy = -10.19960 eV, broadening =   0.01000eV
     Writing data to file  /home/ubuntu/projects/Graphene-Band-Structure-Quantum-Espresso/outputs/field_0/top/data/ldos.pp.dat202

     Calling punch_plot, plot_num =   3

     Energy = -10.17960 eV, broadening =   0.01000eV
     Writing data to file  /home/ubuntu/projects/Graphene-Band-Structure-Quantum-Espresso/outputs/field_0/top/data/ldos.pp.dat203

     Calling punch_plot, plot_num =   3

     Energy = -10.15960 eV, broadening =   0.01000eV
     Writing data to file  /home/ubuntu/projects/Graphene-Band-Structure-Quantum-Espresso/outputs/field_0/top/data/ldos.pp.dat204

     Calling punch_plot, plot_num =   3

     Energy = -10.13960 eV, broadening =   0.01000eV
     Writing data to file  /home/ubuntu/projects/Graphene-Band-Structure-Quantum-Espresso/outputs/field_0/top/data/ldos.pp.dat205

     Calling punch_plot, plot_num =   3

     Energy = -10.11960 eV, broadening =   0.01000eV
     Writing data to file  /home/ubuntu/projects/Graphene-Band-Structure-Quantum-Espresso/outputs/field_0/top/data/ldos.pp.dat206

     Calling punch_plot, plot_num =   3

     Energy = -10.09960 eV, broadening =   0.01000eV
     Writing data to file  /home/ubuntu/projects/Graphene-Band-Structure-Quantum-Espresso/outputs/field_0/top/data/ldos.pp.dat207

     Calling punch_plot, plot_num =   3

     Energy = -10.07960 eV, broadening =   0.01000eV
     Writing data to file  /home/ubuntu/projects/Graphene-Band-Structure-Quantum-Espresso/outputs/field_0/top/data/ldos.pp.dat208

     Calling punch_plot, plot_num =   3

     Energy = -10.05960 eV, broadening =   0.01000eV
     Writing data to file  /home/ubuntu/projects/Graphene-Band-Structure-Quantum-Espresso/outputs/field_0/top/data/ldos.pp.dat209

     Calling punch_plot, plot_num =   3

     Energy = -10.03960 eV, broadening =   0.01000eV
     Writing data to file  /home/ubuntu/projects/Graphene-Band-Structure-Quantum-Espresso/outputs/field_0/top/data/ldos.pp.dat210

     Calling punch_plot, plot_num =   3

     Energy = -10.01960 eV, broadening =   0.01000eV
     Writing data to file  /home/ubuntu/projects/Graphene-Band-Structure-Quantum-Espresso/outputs/field_0/top/data/ldos.pp.dat211

     Calling punch_plot, plot_num =   3

     Energy =  -9.99960 eV, broadening =   0.01000eV
     Writing data to file  /home/ubuntu/projects/Graphene-Band-Structure-Quantum-Espresso/outputs/field_0/top/data/ldos.pp.dat212

     Calling punch_plot, plot_num =   3

     Energy =  -9.97960 eV, broadening =   0.01000eV
     Writing data to file  /home/ubuntu/projects/Graphene-Band-Structure-Quantum-Espresso/outputs/field_0/top/data/ldos.pp.dat213

     Calling punch_plot, plot_num =   3

     Energy =  -9.95960 eV, broadening =   0.01000eV
     Writing data to file  /home/ubuntu/projects/Graphene-Band-Structure-Quantum-Espresso/outputs/field_0/top/data/ldos.pp.dat214

     Calling punch_plot, plot_num =   3

     Energy =  -9.93960 eV, broadening =   0.01000eV
     Writing data to file  /home/ubuntu/projects/Graphene-Band-Structure-Quantum-Espresso/outputs/field_0/top/data/ldos.pp.dat215

     Calling punch_plot, plot_num =   3

     Energy =  -9.91960 eV, broadening =   0.01000eV
     Writing data to file  /home/ubuntu/projects/Graphene-Band-Structure-Quantum-Espresso/outputs/field_0/top/data/ldos.pp.dat216

     Calling punch_plot, plot_num =   3

     Energy =  -9.89960 eV, broadening =   0.01000eV
     Writing data to file  /home/ubuntu/projects/Graphene-Band-Structure-Quantum-Espresso/outputs/field_0/top/data/ldos.pp.dat217

     Calling punch_plot, plot_num =   3

     Energy =  -9.87960 eV, broadening =   0.01000eV
     Writing data to file  /home/ubuntu/projects/Graphene-Band-Structure-Quantum-Espresso/outputs/field_0/top/data/ldos.pp.dat218

     Calling punch_plot, plot_num =   3

     Energy =  -9.85960 eV, broadening =   0.01000eV
     Writing data to file  /home/ubuntu/projects/Graphene-Band-Structure-Quantum-Espresso/outputs/field_0/top/data/ldos.pp.dat219

     Calling punch_plot, plot_num =   3

     Energy =  -9.83960 eV, broadening =   0.01000eV
     Writing data to file  /home/ubuntu/projects/Graphene-Band-Structure-Quantum-Espresso/outputs/field_0/top/data/ldos.pp.dat220

     Calling punch_plot, plot_num =   3

     Energy =  -9.81960 eV, broadening =   0.01000eV
     Writing data to file  /home/ubuntu/projects/Graphene-Band-Structure-Quantum-Espresso/outputs/field_0/top/data/ldos.pp.dat221

     Calling punch_plot, plot_num =   3

     Energy =  -9.79960 eV, broadening =   0.01000eV
     Writing data to file  /home/ubuntu/projects/Graphene-Band-Structure-Quantum-Espresso/outputs/field_0/top/data/ldos.pp.dat222

     Calling punch_plot, plot_num =   3

     Energy =  -9.77960 eV, broadening =   0.01000eV
     Writing data to file  /home/ubuntu/projects/Graphene-Band-Structure-Quantum-Espresso/outputs/field_0/top/data/ldos.pp.dat223

     Calling punch_plot, plot_num =   3

     Energy =  -9.75960 eV, broadening =   0.01000eV
     Writing data to file  /home/ubuntu/projects/Graphene-Band-Structure-Quantum-Espresso/outputs/field_0/top/data/ldos.pp.dat224

     Calling punch_plot, plot_num =   3

     Energy =  -9.73960 eV, broadening =   0.01000eV
     Writing data to file  /home/ubuntu/projects/Graphene-Band-Structure-Quantum-Espresso/outputs/field_0/top/data/ldos.pp.dat225

     Calling punch_plot, plot_num =   3

     Energy =  -9.71960 eV, broadening =   0.01000eV
     Writing data to file  /home/ubuntu/projects/Graphene-Band-Structure-Quantum-Espresso/outputs/field_0/top/data/ldos.pp.dat226

     Calling punch_plot, plot_num =   3

     Energy =  -9.69960 eV, broadening =   0.01000eV
     Writing data to file  /home/ubuntu/projects/Graphene-Band-Structure-Quantum-Espresso/outputs/field_0/top/data/ldos.pp.dat227

     Calling punch_plot, plot_num =   3

     Energy =  -9.67960 eV, broadening =   0.01000eV
     Writing data to file  /home/ubuntu/projects/Graphene-Band-Structure-Quantum-Espresso/outputs/field_0/top/data/ldos.pp.dat228

     Calling punch_plot, plot_num =   3

     Energy =  -9.65960 eV, broadening =   0.01000eV
     Writing data to file  /home/ubuntu/projects/Graphene-Band-Structure-Quantum-Espresso/outputs/field_0/top/data/ldos.pp.dat229

     Calling punch_plot, plot_num =   3

     Energy =  -9.63960 eV, broadening =   0.01000eV
     Writing data to file  /home/ubuntu/projects/Graphene-Band-Structure-Quantum-Espresso/outputs/field_0/top/data/ldos.pp.dat230

     Calling punch_plot, plot_num =   3

     Energy =  -9.61960 eV, broadening =   0.01000eV
     Writing data to file  /home/ubuntu/projects/Graphene-Band-Structure-Quantum-Espresso/outputs/field_0/top/data/ldos.pp.dat231

     Calling punch_plot, plot_num =   3

     Energy =  -9.59960 eV, broadening =   0.01000eV
     Writing data to file  /home/ubuntu/projects/Graphene-Band-Structure-Quantum-Espresso/outputs/field_0/top/data/ldos.pp.dat232

     Calling punch_plot, plot_num =   3

     Energy =  -9.57960 eV, broadening =   0.01000eV
     Writing data to file  /home/ubuntu/projects/Graphene-Band-Structure-Quantum-Espresso/outputs/field_0/top/data/ldos.pp.dat233

     Calling punch_plot, plot_num =   3

     Energy =  -9.55960 eV, broadening =   0.01000eV
     Writing data to file  /home/ubuntu/projects/Graphene-Band-Structure-Quantum-Espresso/outputs/field_0/top/data/ldos.pp.dat234

     Calling punch_plot, plot_num =   3

     Energy =  -9.53960 eV, broadening =   0.01000eV
     Writing data to file  /home/ubuntu/projects/Graphene-Band-Structure-Quantum-Espresso/outputs/field_0/top/data/ldos.pp.dat235

     Calling punch_plot, plot_num =   3

     Energy =  -9.51960 eV, broadening =   0.01000eV
     Writing data to file  /home/ubuntu/projects/Graphene-Band-Structure-Quantum-Espresso/outputs/field_0/top/data/ldos.pp.dat236

     Calling punch_plot, plot_num =   3

     Energy =  -9.49960 eV, broadening =   0.01000eV
     Writing data to file  /home/ubuntu/projects/Graphene-Band-Structure-Quantum-Espresso/outputs/field_0/top/data/ldos.pp.dat237

     Calling punch_plot, plot_num =   3

     Energy =  -9.47960 eV, broadening =   0.01000eV
     Writing data to file  /home/ubuntu/projects/Graphene-Band-Structure-Quantum-Espresso/outputs/field_0/top/data/ldos.pp.dat238

     Calling punch_plot, plot_num =   3

     Energy =  -9.45960 eV, broadening =   0.01000eV
     Writing data to file  /home/ubuntu/projects/Graphene-Band-Structure-Quantum-Espresso/outputs/field_0/top/data/ldos.pp.dat239

     Calling punch_plot, plot_num =   3

     Energy =  -9.43960 eV, broadening =   0.01000eV
     Writing data to file  /home/ubuntu/projects/Graphene-Band-Structure-Quantum-Espresso/outputs/field_0/top/data/ldos.pp.dat240

     Calling punch_plot, plot_num =   3

     Energy =  -9.41960 eV, broadening =   0.01000eV
     Writing data to file  /home/ubuntu/projects/Graphene-Band-Structure-Quantum-Espresso/outputs/field_0/top/data/ldos.pp.dat241

     Calling punch_plot, plot_num =   3

     Energy =  -9.39960 eV, broadening =   0.01000eV
     Writing data to file  /home/ubuntu/projects/Graphene-Band-Structure-Quantum-Espresso/outputs/field_0/top/data/ldos.pp.dat242

     Calling punch_plot, plot_num =   3

     Energy =  -9.37960 eV, broadening =   0.01000eV
     Writing data to file  /home/ubuntu/projects/Graphene-Band-Structure-Quantum-Espresso/outputs/field_0/top/data/ldos.pp.dat243

     Calling punch_plot, plot_num =   3

     Energy =  -9.35960 eV, broadening =   0.01000eV
     Writing data to file  /home/ubuntu/projects/Graphene-Band-Structure-Quantum-Espresso/outputs/field_0/top/data/ldos.pp.dat244

     Calling punch_plot, plot_num =   3

     Energy =  -9.33960 eV, broadening =   0.01000eV
     Writing data to file  /home/ubuntu/projects/Graphene-Band-Structure-Quantum-Espresso/outputs/field_0/top/data/ldos.pp.dat245

     Calling punch_plot, plot_num =   3

     Energy =  -9.31960 eV, broadening =   0.01000eV
     Writing data to file  /home/ubuntu/projects/Graphene-Band-Structure-Quantum-Espresso/outputs/field_0/top/data/ldos.pp.dat246

     Calling punch_plot, plot_num =   3

     Energy =  -9.29960 eV, broadening =   0.01000eV
     Writing data to file  /home/ubuntu/projects/Graphene-Band-Structure-Quantum-Espresso/outputs/field_0/top/data/ldos.pp.dat247

     Calling punch_plot, plot_num =   3

     Energy =  -9.27960 eV, broadening =   0.01000eV
     Writing data to file  /home/ubuntu/projects/Graphene-Band-Structure-Quantum-Espresso/outputs/field_0/top/data/ldos.pp.dat248

     Calling punch_plot, plot_num =   3

     Energy =  -9.25960 eV, broadening =   0.01000eV
     Writing data to file  /home/ubuntu/projects/Graphene-Band-Structure-Quantum-Espresso/outputs/field_0/top/data/ldos.pp.dat249

     Calling punch_plot, plot_num =   3

     Energy =  -9.23960 eV, broadening =   0.01000eV
     Writing data to file  /home/ubuntu/projects/Graphene-Band-Structure-Quantum-Espresso/outputs/field_0/top/data/ldos.pp.dat250

     Calling punch_plot, plot_num =   3

     Energy =  -9.21960 eV, broadening =   0.01000eV
     Writing data to file  /home/ubuntu/projects/Graphene-Band-Structure-Quantum-Espresso/outputs/field_0/top/data/ldos.pp.dat251

     Calling punch_plot, plot_num =   3

     Energy =  -9.19960 eV, broadening =   0.01000eV
     Writing data to file  /home/ubuntu/projects/Graphene-Band-Structure-Quantum-Espresso/outputs/field_0/top/data/ldos.pp.dat252

     Calling punch_plot, plot_num =   3

     Energy =  -9.17960 eV, broadening =   0.01000eV
     Writing data to file  /home/ubuntu/projects/Graphene-Band-Structure-Quantum-Espresso/outputs/field_0/top/data/ldos.pp.dat253

     Calling punch_plot, plot_num =   3

     Energy =  -9.15960 eV, broadening =   0.01000eV
     Writing data to file  /home/ubuntu/projects/Graphene-Band-Structure-Quantum-Espresso/outputs/field_0/top/data/ldos.pp.dat254

     Calling punch_plot, plot_num =   3

     Energy =  -9.13960 eV, broadening =   0.01000eV
     Writing data to file  /home/ubuntu/projects/Graphene-Band-Structure-Quantum-Espresso/outputs/field_0/top/data/ldos.pp.dat255

     Calling punch_plot, plot_num =   3

     Energy =  -9.11960 eV, broadening =   0.01000eV
     Writing data to file  /home/ubuntu/projects/Graphene-Band-Structure-Quantum-Espresso/outputs/field_0/top/data/ldos.pp.dat256

     Calling punch_plot, plot_num =   3

     Energy =  -9.09960 eV, broadening =   0.01000eV
     Writing data to file  /home/ubuntu/projects/Graphene-Band-Structure-Quantum-Espresso/outputs/field_0/top/data/ldos.pp.dat257

     Calling punch_plot, plot_num =   3

     Energy =  -9.07960 eV, broadening =   0.01000eV
     Writing data to file  /home/ubuntu/projects/Graphene-Band-Structure-Quantum-Espresso/outputs/field_0/top/data/ldos.pp.dat258

     Calling punch_plot, plot_num =   3

     Energy =  -9.05960 eV, broadening =   0.01000eV
     Writing data to file  /home/ubuntu/projects/Graphene-Band-Structure-Quantum-Espresso/outputs/field_0/top/data/ldos.pp.dat259

     Calling punch_plot, plot_num =   3

     Energy =  -9.03960 eV, broadening =   0.01000eV
     Writing data to file  /home/ubuntu/projects/Graphene-Band-Structure-Quantum-Espresso/outputs/field_0/top/data/ldos.pp.dat260

     Calling punch_plot, plot_num =   3

     Energy =  -9.01960 eV, broadening =   0.01000eV
     Writing data to file  /home/ubuntu/projects/Graphene-Band-Structure-Quantum-Espresso/outputs/field_0/top/data/ldos.pp.dat261

     Calling punch_plot, plot_num =   3

     Energy =  -8.99960 eV, broadening =   0.01000eV
     Writing data to file  /home/ubuntu/projects/Graphene-Band-Structure-Quantum-Espresso/outputs/field_0/top/data/ldos.pp.dat262

     Calling punch_plot, plot_num =   3

     Energy =  -8.97960 eV, broadening =   0.01000eV
     Writing data to file  /home/ubuntu/projects/Graphene-Band-Structure-Quantum-Espresso/outputs/field_0/top/data/ldos.pp.dat263

     Calling punch_plot, plot_num =   3

     Energy =  -8.95960 eV, broadening =   0.01000eV
     Writing data to file  /home/ubuntu/projects/Graphene-Band-Structure-Quantum-Espresso/outputs/field_0/top/data/ldos.pp.dat264

     Calling punch_plot, plot_num =   3

     Energy =  -8.93960 eV, broadening =   0.01000eV
     Writing data to file  /home/ubuntu/projects/Graphene-Band-Structure-Quantum-Espresso/outputs/field_0/top/data/ldos.pp.dat265

     Calling punch_plot, plot_num =   3

     Energy =  -8.91960 eV, broadening =   0.01000eV
     Writing data to file  /home/ubuntu/projects/Graphene-Band-Structure-Quantum-Espresso/outputs/field_0/top/data/ldos.pp.dat266

     Calling punch_plot, plot_num =   3

     Energy =  -8.89960 eV, broadening =   0.01000eV
     Writing data to file  /home/ubuntu/projects/Graphene-Band-Structure-Quantum-Espresso/outputs/field_0/top/data/ldos.pp.dat267

     Calling punch_plot, plot_num =   3

     Energy =  -8.87960 eV, broadening =   0.01000eV
     Writing data to file  /home/ubuntu/projects/Graphene-Band-Structure-Quantum-Espresso/outputs/field_0/top/data/ldos.pp.dat268

     Calling punch_plot, plot_num =   3

     Energy =  -8.85960 eV, broadening =   0.01000eV
     Writing data to file  /home/ubuntu/projects/Graphene-Band-Structure-Quantum-Espresso/outputs/field_0/top/data/ldos.pp.dat269

     Calling punch_plot, plot_num =   3

     Energy =  -8.83960 eV, broadening =   0.01000eV
     Writing data to file  /home/ubuntu/projects/Graphene-Band-Structure-Quantum-Espresso/outputs/field_0/top/data/ldos.pp.dat270

     Calling punch_plot, plot_num =   3

     Energy =  -8.81960 eV, broadening =   0.01000eV
     Writing data to file  /home/ubuntu/projects/Graphene-Band-Structure-Quantum-Espresso/outputs/field_0/top/data/ldos.pp.dat271

     Calling punch_plot, plot_num =   3

     Energy =  -8.79960 eV, broadening =   0.01000eV
     Writing data to file  /home/ubuntu/projects/Graphene-Band-Structure-Quantum-Espresso/outputs/field_0/top/data/ldos.pp.dat272

     Calling punch_plot, plot_num =   3

     Energy =  -8.77960 eV, broadening =   0.01000eV
     Writing data to file  /home/ubuntu/projects/Graphene-Band-Structure-Quantum-Espresso/outputs/field_0/top/data/ldos.pp.dat273

     Calling punch_plot, plot_num =   3

     Energy =  -8.75960 eV, broadening =   0.01000eV
     Writing data to file  /home/ubuntu/projects/Graphene-Band-Structure-Quantum-Espresso/outputs/field_0/top/data/ldos.pp.dat274

     Calling punch_plot, plot_num =   3

     Energy =  -8.73960 eV, broadening =   0.01000eV
     Writing data to file  /home/ubuntu/projects/Graphene-Band-Structure-Quantum-Espresso/outputs/field_0/top/data/ldos.pp.dat275

     Calling punch_plot, plot_num =   3

     Energy =  -8.71960 eV, broadening =   0.01000eV
     Writing data to file  /home/ubuntu/projects/Graphene-Band-Structure-Quantum-Espresso/outputs/field_0/top/data/ldos.pp.dat276

     Calling punch_plot, plot_num =   3

     Energy =  -8.69960 eV, broadening =   0.01000eV
     Writing data to file  /home/ubuntu/projects/Graphene-Band-Structure-Quantum-Espresso/outputs/field_0/top/data/ldos.pp.dat277

     Calling punch_plot, plot_num =   3

     Energy =  -8.67960 eV, broadening =   0.01000eV
     Writing data to file  /home/ubuntu/projects/Graphene-Band-Structure-Quantum-Espresso/outputs/field_0/top/data/ldos.pp.dat278

     Calling punch_plot, plot_num =   3

     Energy =  -8.65960 eV, broadening =   0.01000eV
     Writing data to file  /home/ubuntu/projects/Graphene-Band-Structure-Quantum-Espresso/outputs/field_0/top/data/ldos.pp.dat279

     Calling punch_plot, plot_num =   3

     Energy =  -8.63960 eV, broadening =   0.01000eV
     Writing data to file  /home/ubuntu/projects/Graphene-Band-Structure-Quantum-Espresso/outputs/field_0/top/data/ldos.pp.dat280

     Calling punch_plot, plot_num =   3

     Energy =  -8.61960 eV, broadening =   0.01000eV
     Writing data to file  /home/ubuntu/projects/Graphene-Band-Structure-Quantum-Espresso/outputs/field_0/top/data/ldos.pp.dat281

     Calling punch_plot, plot_num =   3

     Energy =  -8.59960 eV, broadening =   0.01000eV
     Writing data to file  /home/ubuntu/projects/Graphene-Band-Structure-Quantum-Espresso/outputs/field_0/top/data/ldos.pp.dat282

     Calling punch_plot, plot_num =   3

     Energy =  -8.57960 eV, broadening =   0.01000eV
     Writing data to file  /home/ubuntu/projects/Graphene-Band-Structure-Quantum-Espresso/outputs/field_0/top/data/ldos.pp.dat283

     Calling punch_plot, plot_num =   3

     Energy =  -8.55960 eV, broadening =   0.01000eV
     Writing data to file  /home/ubuntu/projects/Graphene-Band-Structure-Quantum-Espresso/outputs/field_0/top/data/ldos.pp.dat284

     Calling punch_plot, plot_num =   3

     Energy =  -8.53960 eV, broadening =   0.01000eV
     Writing data to file  /home/ubuntu/projects/Graphene-Band-Structure-Quantum-Espresso/outputs/field_0/top/data/ldos.pp.dat285

     Calling punch_plot, plot_num =   3

     Energy =  -8.51960 eV, broadening =   0.01000eV
     Writing data to file  /home/ubuntu/projects/Graphene-Band-Structure-Quantum-Espresso/outputs/field_0/top/data/ldos.pp.dat286

     Calling punch_plot, plot_num =   3

     Energy =  -8.49960 eV, broadening =   0.01000eV
     Writing data to file  /home/ubuntu/projects/Graphene-Band-Structure-Quantum-Espresso/outputs/field_0/top/data/ldos.pp.dat287

     Calling punch_plot, plot_num =   3

     Energy =  -8.47960 eV, broadening =   0.01000eV
     Writing data to file  /home/ubuntu/projects/Graphene-Band-Structure-Quantum-Espresso/outputs/field_0/top/data/ldos.pp.dat288

     Calling punch_plot, plot_num =   3

     Energy =  -8.45960 eV, broadening =   0.01000eV
     Writing data to file  /home/ubuntu/projects/Graphene-Band-Structure-Quantum-Espresso/outputs/field_0/top/data/ldos.pp.dat289

     Calling punch_plot, plot_num =   3

     Energy =  -8.43960 eV, broadening =   0.01000eV
     Writing data to file  /home/ubuntu/projects/Graphene-Band-Structure-Quantum-Espresso/outputs/field_0/top/data/ldos.pp.dat290

     Calling punch_plot, plot_num =   3

     Energy =  -8.41960 eV, broadening =   0.01000eV
     Writing data to file  /home/ubuntu/projects/Graphene-Band-Structure-Quantum-Espresso/outputs/field_0/top/data/ldos.pp.dat291

     Calling punch_plot, plot_num =   3

     Energy =  -8.39960 eV, broadening =   0.01000eV
     Writing data to file  /home/ubuntu/projects/Graphene-Band-Structure-Quantum-Espresso/outputs/field_0/top/data/ldos.pp.dat292

     Calling punch_plot, plot_num =   3

     Energy =  -8.37960 eV, broadening =   0.01000eV
     Writing data to file  /home/ubuntu/projects/Graphene-Band-Structure-Quantum-Espresso/outputs/field_0/top/data/ldos.pp.dat293

     Calling punch_plot, plot_num =   3

     Energy =  -8.35960 eV, broadening =   0.01000eV
     Writing data to file  /home/ubuntu/projects/Graphene-Band-Structure-Quantum-Espresso/outputs/field_0/top/data/ldos.pp.dat294

     Calling punch_plot, plot_num =   3

     Energy =  -8.33960 eV, broadening =   0.01000eV
     Writing data to file  /home/ubuntu/projects/Graphene-Band-Structure-Quantum-Espresso/outputs/field_0/top/data/ldos.pp.dat295

     Calling punch_plot, plot_num =   3

     Energy =  -8.31960 eV, broadening =   0.01000eV
     Writing data to file  /home/ubuntu/projects/Graphene-Band-Structure-Quantum-Espresso/outputs/field_0/top/data/ldos.pp.dat296

     Calling punch_plot, plot_num =   3

     Energy =  -8.29960 eV, broadening =   0.01000eV
     Writing data to file  /home/ubuntu/projects/Graphene-Band-Structure-Quantum-Espresso/outputs/field_0/top/data/ldos.pp.dat297

     Calling punch_plot, plot_num =   3

     Energy =  -8.27960 eV, broadening =   0.01000eV
     Writing data to file  /home/ubuntu/projects/Graphene-Band-Structure-Quantum-Espresso/outputs/field_0/top/data/ldos.pp.dat298

     Calling punch_plot, plot_num =   3

     Energy =  -8.25960 eV, broadening =   0.01000eV
     Writing data to file  /home/ubuntu/projects/Graphene-Band-Structure-Quantum-Espresso/outputs/field_0/top/data/ldos.pp.dat299

     Calling punch_plot, plot_num =   3

     Energy =  -8.23960 eV, broadening =   0.01000eV
     Writing data to file  /home/ubuntu/projects/Graphene-Band-Structure-Quantum-Espresso/outputs/field_0/top/data/ldos.pp.dat300

     Calling punch_plot, plot_num =   3

     Energy =  -8.21960 eV, broadening =   0.01000eV
     Writing data to file  /home/ubuntu/projects/Graphene-Band-Structure-Quantum-Espresso/outputs/field_0/top/data/ldos.pp.dat301

     Calling punch_plot, plot_num =   3

     Energy =  -8.19960 eV, broadening =   0.01000eV
     Writing data to file  /home/ubuntu/projects/Graphene-Band-Structure-Quantum-Espresso/outputs/field_0/top/data/ldos.pp.dat302

     Calling punch_plot, plot_num =   3

     Energy =  -8.17960 eV, broadening =   0.01000eV
     Writing data to file  /home/ubuntu/projects/Graphene-Band-Structure-Quantum-Espresso/outputs/field_0/top/data/ldos.pp.dat303

     Calling punch_plot, plot_num =   3

     Energy =  -8.15960 eV, broadening =   0.01000eV
     Writing data to file  /home/ubuntu/projects/Graphene-Band-Structure-Quantum-Espresso/outputs/field_0/top/data/ldos.pp.dat304

     Calling punch_plot, plot_num =   3

     Energy =  -8.13960 eV, broadening =   0.01000eV
     Writing data to file  /home/ubuntu/projects/Graphene-Band-Structure-Quantum-Espresso/outputs/field_0/top/data/ldos.pp.dat305

     Calling punch_plot, plot_num =   3

     Energy =  -8.11960 eV, broadening =   0.01000eV
     Writing data to file  /home/ubuntu/projects/Graphene-Band-Structure-Quantum-Espresso/outputs/field_0/top/data/ldos.pp.dat306

     Calling punch_plot, plot_num =   3

     Energy =  -8.09960 eV, broadening =   0.01000eV
     Writing data to file  /home/ubuntu/projects/Graphene-Band-Structure-Quantum-Espresso/outputs/field_0/top/data/ldos.pp.dat307

     Calling punch_plot, plot_num =   3

     Energy =  -8.07960 eV, broadening =   0.01000eV
     Writing data to file  /home/ubuntu/projects/Graphene-Band-Structure-Quantum-Espresso/outputs/field_0/top/data/ldos.pp.dat308

     Calling punch_plot, plot_num =   3

     Energy =  -8.05960 eV, broadening =   0.01000eV
     Writing data to file  /home/ubuntu/projects/Graphene-Band-Structure-Quantum-Espresso/outputs/field_0/top/data/ldos.pp.dat309

     Calling punch_plot, plot_num =   3

     Energy =  -8.03960 eV, broadening =   0.01000eV
     Writing data to file  /home/ubuntu/projects/Graphene-Band-Structure-Quantum-Espresso/outputs/field_0/top/data/ldos.pp.dat310

     Calling punch_plot, plot_num =   3

     Energy =  -8.01960 eV, broadening =   0.01000eV
     Writing data to file  /home/ubuntu/projects/Graphene-Band-Structure-Quantum-Espresso/outputs/field_0/top/data/ldos.pp.dat311

     Calling punch_plot, plot_num =   3

     Energy =  -7.99960 eV, broadening =   0.01000eV
     Writing data to file  /home/ubuntu/projects/Graphene-Band-Structure-Quantum-Espresso/outputs/field_0/top/data/ldos.pp.dat312

     Calling punch_plot, plot_num =   3

     Energy =  -7.97960 eV, broadening =   0.01000eV
     Writing data to file  /home/ubuntu/projects/Graphene-Band-Structure-Quantum-Espresso/outputs/field_0/top/data/ldos.pp.dat313

     Calling punch_plot, plot_num =   3

     Energy =  -7.95960 eV, broadening =   0.01000eV
     Writing data to file  /home/ubuntu/projects/Graphene-Band-Structure-Quantum-Espresso/outputs/field_0/top/data/ldos.pp.dat314

     Calling punch_plot, plot_num =   3

     Energy =  -7.93960 eV, broadening =   0.01000eV
     Writing data to file  /home/ubuntu/projects/Graphene-Band-Structure-Quantum-Espresso/outputs/field_0/top/data/ldos.pp.dat315

     Calling punch_plot, plot_num =   3

     Energy =  -7.91960 eV, broadening =   0.01000eV
     Writing data to file  /home/ubuntu/projects/Graphene-Band-Structure-Quantum-Espresso/outputs/field_0/top/data/ldos.pp.dat316

     Calling punch_plot, plot_num =   3

     Energy =  -7.89960 eV, broadening =   0.01000eV
     Writing data to file  /home/ubuntu/projects/Graphene-Band-Structure-Quantum-Espresso/outputs/field_0/top/data/ldos.pp.dat317

     Calling punch_plot, plot_num =   3

     Energy =  -7.87960 eV, broadening =   0.01000eV
     Writing data to file  /home/ubuntu/projects/Graphene-Band-Structure-Quantum-Espresso/outputs/field_0/top/data/ldos.pp.dat318

     Calling punch_plot, plot_num =   3

     Energy =  -7.85960 eV, broadening =   0.01000eV
     Writing data to file  /home/ubuntu/projects/Graphene-Band-Structure-Quantum-Espresso/outputs/field_0/top/data/ldos.pp.dat319

     Calling punch_plot, plot_num =   3

     Energy =  -7.83960 eV, broadening =   0.01000eV
     Writing data to file  /home/ubuntu/projects/Graphene-Band-Structure-Quantum-Espresso/outputs/field_0/top/data/ldos.pp.dat320

     Calling punch_plot, plot_num =   3

     Energy =  -7.81960 eV, broadening =   0.01000eV
     Writing data to file  /home/ubuntu/projects/Graphene-Band-Structure-Quantum-Espresso/outputs/field_0/top/data/ldos.pp.dat321

     Calling punch_plot, plot_num =   3

     Energy =  -7.79960 eV, broadening =   0.01000eV
     Writing data to file  /home/ubuntu/projects/Graphene-Band-Structure-Quantum-Espresso/outputs/field_0/top/data/ldos.pp.dat322

     Calling punch_plot, plot_num =   3

     Energy =  -7.77960 eV, broadening =   0.01000eV
     Writing data to file  /home/ubuntu/projects/Graphene-Band-Structure-Quantum-Espresso/outputs/field_0/top/data/ldos.pp.dat323

     Calling punch_plot, plot_num =   3

     Energy =  -7.75960 eV, broadening =   0.01000eV
     Writing data to file  /home/ubuntu/projects/Graphene-Band-Structure-Quantum-Espresso/outputs/field_0/top/data/ldos.pp.dat324

     Calling punch_plot, plot_num =   3

     Energy =  -7.73960 eV, broadening =   0.01000eV
     Writing data to file  /home/ubuntu/projects/Graphene-Band-Structure-Quantum-Espresso/outputs/field_0/top/data/ldos.pp.dat325

     Calling punch_plot, plot_num =   3

     Energy =  -7.71960 eV, broadening =   0.01000eV
     Writing data to file  /home/ubuntu/projects/Graphene-Band-Structure-Quantum-Espresso/outputs/field_0/top/data/ldos.pp.dat326

     Calling punch_plot, plot_num =   3

     Energy =  -7.69960 eV, broadening =   0.01000eV
     Writing data to file  /home/ubuntu/projects/Graphene-Band-Structure-Quantum-Espresso/outputs/field_0/top/data/ldos.pp.dat327

     Calling punch_plot, plot_num =   3

     Energy =  -7.67960 eV, broadening =   0.01000eV
     Writing data to file  /home/ubuntu/projects/Graphene-Band-Structure-Quantum-Espresso/outputs/field_0/top/data/ldos.pp.dat328

     Calling punch_plot, plot_num =   3

     Energy =  -7.65960 eV, broadening =   0.01000eV
     Writing data to file  /home/ubuntu/projects/Graphene-Band-Structure-Quantum-Espresso/outputs/field_0/top/data/ldos.pp.dat329

     Calling punch_plot, plot_num =   3

     Energy =  -7.63960 eV, broadening =   0.01000eV
     Writing data to file  /home/ubuntu/projects/Graphene-Band-Structure-Quantum-Espresso/outputs/field_0/top/data/ldos.pp.dat330

     Calling punch_plot, plot_num =   3

     Energy =  -7.61960 eV, broadening =   0.01000eV
     Writing data to file  /home/ubuntu/projects/Graphene-Band-Structure-Quantum-Espresso/outputs/field_0/top/data/ldos.pp.dat331

     Calling punch_plot, plot_num =   3

     Energy =  -7.59960 eV, broadening =   0.01000eV
     Writing data to file  /home/ubuntu/projects/Graphene-Band-Structure-Quantum-Espresso/outputs/field_0/top/data/ldos.pp.dat332

     Calling punch_plot, plot_num =   3

     Energy =  -7.57960 eV, broadening =   0.01000eV
     Writing data to file  /home/ubuntu/projects/Graphene-Band-Structure-Quantum-Espresso/outputs/field_0/top/data/ldos.pp.dat333

     Calling punch_plot, plot_num =   3

     Energy =  -7.55960 eV, broadening =   0.01000eV
     Writing data to file  /home/ubuntu/projects/Graphene-Band-Structure-Quantum-Espresso/outputs/field_0/top/data/ldos.pp.dat334

     Calling punch_plot, plot_num =   3

     Energy =  -7.53960 eV, broadening =   0.01000eV
     Writing data to file  /home/ubuntu/projects/Graphene-Band-Structure-Quantum-Espresso/outputs/field_0/top/data/ldos.pp.dat335

     Calling punch_plot, plot_num =   3

     Energy =  -7.51960 eV, broadening =   0.01000eV
     Writing data to file  /home/ubuntu/projects/Graphene-Band-Structure-Quantum-Espresso/outputs/field_0/top/data/ldos.pp.dat336

     Calling punch_plot, plot_num =   3

     Energy =  -7.49960 eV, broadening =   0.01000eV
     Writing data to file  /home/ubuntu/projects/Graphene-Band-Structure-Quantum-Espresso/outputs/field_0/top/data/ldos.pp.dat337

     Calling punch_plot, plot_num =   3

     Energy =  -7.47960 eV, broadening =   0.01000eV
     Writing data to file  /home/ubuntu/projects/Graphene-Band-Structure-Quantum-Espresso/outputs/field_0/top/data/ldos.pp.dat338

     Calling punch_plot, plot_num =   3

     Energy =  -7.45960 eV, broadening =   0.01000eV
     Writing data to file  /home/ubuntu/projects/Graphene-Band-Structure-Quantum-Espresso/outputs/field_0/top/data/ldos.pp.dat339

     Calling punch_plot, plot_num =   3

     Energy =  -7.43960 eV, broadening =   0.01000eV
     Writing data to file  /home/ubuntu/projects/Graphene-Band-Structure-Quantum-Espresso/outputs/field_0/top/data/ldos.pp.dat340

     Calling punch_plot, plot_num =   3

     Energy =  -7.41960 eV, broadening =   0.01000eV
     Writing data to file  /home/ubuntu/projects/Graphene-Band-Structure-Quantum-Espresso/outputs/field_0/top/data/ldos.pp.dat341

     Calling punch_plot, plot_num =   3

     Energy =  -7.39960 eV, broadening =   0.01000eV
     Writing data to file  /home/ubuntu/projects/Graphene-Band-Structure-Quantum-Espresso/outputs/field_0/top/data/ldos.pp.dat342

     Calling punch_plot, plot_num =   3

     Energy =  -7.37960 eV, broadening =   0.01000eV
     Writing data to file  /home/ubuntu/projects/Graphene-Band-Structure-Quantum-Espresso/outputs/field_0/top/data/ldos.pp.dat343

     Calling punch_plot, plot_num =   3

     Energy =  -7.35960 eV, broadening =   0.01000eV
     Writing data to file  /home/ubuntu/projects/Graphene-Band-Structure-Quantum-Espresso/outputs/field_0/top/data/ldos.pp.dat344

     Calling punch_plot, plot_num =   3

     Energy =  -7.33960 eV, broadening =   0.01000eV
     Writing data to file  /home/ubuntu/projects/Graphene-Band-Structure-Quantum-Espresso/outputs/field_0/top/data/ldos.pp.dat345

     Calling punch_plot, plot_num =   3

     Energy =  -7.31960 eV, broadening =   0.01000eV
     Writing data to file  /home/ubuntu/projects/Graphene-Band-Structure-Quantum-Espresso/outputs/field_0/top/data/ldos.pp.dat346

     Calling punch_plot, plot_num =   3

     Energy =  -7.29960 eV, broadening =   0.01000eV
     Writing data to file  /home/ubuntu/projects/Graphene-Band-Structure-Quantum-Espresso/outputs/field_0/top/data/ldos.pp.dat347

     Calling punch_plot, plot_num =   3

     Energy =  -7.27960 eV, broadening =   0.01000eV
     Writing data to file  /home/ubuntu/projects/Graphene-Band-Structure-Quantum-Espresso/outputs/field_0/top/data/ldos.pp.dat348

     Calling punch_plot, plot_num =   3

     Energy =  -7.25960 eV, broadening =   0.01000eV
     Writing data to file  /home/ubuntu/projects/Graphene-Band-Structure-Quantum-Espresso/outputs/field_0/top/data/ldos.pp.dat349

     Calling punch_plot, plot_num =   3

     Energy =  -7.23960 eV, broadening =   0.01000eV
     Writing data to file  /home/ubuntu/projects/Graphene-Band-Structure-Quantum-Espresso/outputs/field_0/top/data/ldos.pp.dat350

     Calling punch_plot, plot_num =   3

     Energy =  -7.21960 eV, broadening =   0.01000eV
     Writing data to file  /home/ubuntu/projects/Graphene-Band-Structure-Quantum-Espresso/outputs/field_0/top/data/ldos.pp.dat351

     Calling punch_plot, plot_num =   3

     Energy =  -7.19960 eV, broadening =   0.01000eV
     Writing data to file  /home/ubuntu/projects/Graphene-Band-Structure-Quantum-Espresso/outputs/field_0/top/data/ldos.pp.dat352

     Calling punch_plot, plot_num =   3

     Energy =  -7.17960 eV, broadening =   0.01000eV
     Writing data to file  /home/ubuntu/projects/Graphene-Band-Structure-Quantum-Espresso/outputs/field_0/top/data/ldos.pp.dat353

     Calling punch_plot, plot_num =   3

     Energy =  -7.15960 eV, broadening =   0.01000eV
     Writing data to file  /home/ubuntu/projects/Graphene-Band-Structure-Quantum-Espresso/outputs/field_0/top/data/ldos.pp.dat354

     Calling punch_plot, plot_num =   3

     Energy =  -7.13960 eV, broadening =   0.01000eV
     Writing data to file  /home/ubuntu/projects/Graphene-Band-Structure-Quantum-Espresso/outputs/field_0/top/data/ldos.pp.dat355

     Calling punch_plot, plot_num =   3

     Energy =  -7.11960 eV, broadening =   0.01000eV
     Writing data to file  /home/ubuntu/projects/Graphene-Band-Structure-Quantum-Espresso/outputs/field_0/top/data/ldos.pp.dat356

     Calling punch_plot, plot_num =   3

     Energy =  -7.09960 eV, broadening =   0.01000eV
     Writing data to file  /home/ubuntu/projects/Graphene-Band-Structure-Quantum-Espresso/outputs/field_0/top/data/ldos.pp.dat357

     Calling punch_plot, plot_num =   3

     Energy =  -7.07960 eV, broadening =   0.01000eV
     Writing data to file  /home/ubuntu/projects/Graphene-Band-Structure-Quantum-Espresso/outputs/field_0/top/data/ldos.pp.dat358

     Calling punch_plot, plot_num =   3

     Energy =  -7.05960 eV, broadening =   0.01000eV
     Writing data to file  /home/ubuntu/projects/Graphene-Band-Structure-Quantum-Espresso/outputs/field_0/top/data/ldos.pp.dat359

     Calling punch_plot, plot_num =   3

     Energy =  -7.03960 eV, broadening =   0.01000eV
     Writing data to file  /home/ubuntu/projects/Graphene-Band-Structure-Quantum-Espresso/outputs/field_0/top/data/ldos.pp.dat360

     Calling punch_plot, plot_num =   3

     Energy =  -7.01960 eV, broadening =   0.01000eV
     Writing data to file  /home/ubuntu/projects/Graphene-Band-Structure-Quantum-Espresso/outputs/field_0/top/data/ldos.pp.dat361

     Calling punch_plot, plot_num =   3

     Energy =  -6.99960 eV, broadening =   0.01000eV
     Writing data to file  /home/ubuntu/projects/Graphene-Band-Structure-Quantum-Espresso/outputs/field_0/top/data/ldos.pp.dat362

     Calling punch_plot, plot_num =   3

     Energy =  -6.97960 eV, broadening =   0.01000eV
     Writing data to file  /home/ubuntu/projects/Graphene-Band-Structure-Quantum-Espresso/outputs/field_0/top/data/ldos.pp.dat363

     Calling punch_plot, plot_num =   3

     Energy =  -6.95960 eV, broadening =   0.01000eV
     Writing data to file  /home/ubuntu/projects/Graphene-Band-Structure-Quantum-Espresso/outputs/field_0/top/data/ldos.pp.dat364

     Calling punch_plot, plot_num =   3

     Energy =  -6.93960 eV, broadening =   0.01000eV
     Writing data to file  /home/ubuntu/projects/Graphene-Band-Structure-Quantum-Espresso/outputs/field_0/top/data/ldos.pp.dat365

     Calling punch_plot, plot_num =   3

     Energy =  -6.91960 eV, broadening =   0.01000eV
     Writing data to file  /home/ubuntu/projects/Graphene-Band-Structure-Quantum-Espresso/outputs/field_0/top/data/ldos.pp.dat366

     Calling punch_plot, plot_num =   3

     Energy =  -6.89960 eV, broadening =   0.01000eV
     Writing data to file  /home/ubuntu/projects/Graphene-Band-Structure-Quantum-Espresso/outputs/field_0/top/data/ldos.pp.dat367

     Calling punch_plot, plot_num =   3

     Energy =  -6.87960 eV, broadening =   0.01000eV
     Writing data to file  /home/ubuntu/projects/Graphene-Band-Structure-Quantum-Espresso/outputs/field_0/top/data/ldos.pp.dat368

     Calling punch_plot, plot_num =   3

     Energy =  -6.85960 eV, broadening =   0.01000eV
     Writing data to file  /home/ubuntu/projects/Graphene-Band-Structure-Quantum-Espresso/outputs/field_0/top/data/ldos.pp.dat369

     Calling punch_plot, plot_num =   3

     Energy =  -6.83960 eV, broadening =   0.01000eV
     Writing data to file  /home/ubuntu/projects/Graphene-Band-Structure-Quantum-Espresso/outputs/field_0/top/data/ldos.pp.dat370

     Calling punch_plot, plot_num =   3

     Energy =  -6.81960 eV, broadening =   0.01000eV
     Writing data to file  /home/ubuntu/projects/Graphene-Band-Structure-Quantum-Espresso/outputs/field_0/top/data/ldos.pp.dat371

     Calling punch_plot, plot_num =   3

     Energy =  -6.79960 eV, broadening =   0.01000eV
     Writing data to file  /home/ubuntu/projects/Graphene-Band-Structure-Quantum-Espresso/outputs/field_0/top/data/ldos.pp.dat372

     Calling punch_plot, plot_num =   3

     Energy =  -6.77960 eV, broadening =   0.01000eV
     Writing data to file  /home/ubuntu/projects/Graphene-Band-Structure-Quantum-Espresso/outputs/field_0/top/data/ldos.pp.dat373

     Calling punch_plot, plot_num =   3

     Energy =  -6.75960 eV, broadening =   0.01000eV
     Writing data to file  /home/ubuntu/projects/Graphene-Band-Structure-Quantum-Espresso/outputs/field_0/top/data/ldos.pp.dat374

     Calling punch_plot, plot_num =   3

     Energy =  -6.73960 eV, broadening =   0.01000eV
     Writing data to file  /home/ubuntu/projects/Graphene-Band-Structure-Quantum-Espresso/outputs/field_0/top/data/ldos.pp.dat375

     Calling punch_plot, plot_num =   3

     Energy =  -6.71960 eV, broadening =   0.01000eV
     Writing data to file  /home/ubuntu/projects/Graphene-Band-Structure-Quantum-Espresso/outputs/field_0/top/data/ldos.pp.dat376

     Calling punch_plot, plot_num =   3

     Energy =  -6.69960 eV, broadening =   0.01000eV
     Writing data to file  /home/ubuntu/projects/Graphene-Band-Structure-Quantum-Espresso/outputs/field_0/top/data/ldos.pp.dat377

     Calling punch_plot, plot_num =   3

     Energy =  -6.67960 eV, broadening =   0.01000eV
     Writing data to file  /home/ubuntu/projects/Graphene-Band-Structure-Quantum-Espresso/outputs/field_0/top/data/ldos.pp.dat378

     Calling punch_plot, plot_num =   3

     Energy =  -6.65960 eV, broadening =   0.01000eV
     Writing data to file  /home/ubuntu/projects/Graphene-Band-Structure-Quantum-Espresso/outputs/field_0/top/data/ldos.pp.dat379

     Calling punch_plot, plot_num =   3

     Energy =  -6.63960 eV, broadening =   0.01000eV
     Writing data to file  /home/ubuntu/projects/Graphene-Band-Structure-Quantum-Espresso/outputs/field_0/top/data/ldos.pp.dat380

     Calling punch_plot, plot_num =   3

     Energy =  -6.61960 eV, broadening =   0.01000eV
     Writing data to file  /home/ubuntu/projects/Graphene-Band-Structure-Quantum-Espresso/outputs/field_0/top/data/ldos.pp.dat381

     Calling punch_plot, plot_num =   3

     Energy =  -6.59960 eV, broadening =   0.01000eV
     Writing data to file  /home/ubuntu/projects/Graphene-Band-Structure-Quantum-Espresso/outputs/field_0/top/data/ldos.pp.dat382

     Calling punch_plot, plot_num =   3

     Energy =  -6.57960 eV, broadening =   0.01000eV
     Writing data to file  /home/ubuntu/projects/Graphene-Band-Structure-Quantum-Espresso/outputs/field_0/top/data/ldos.pp.dat383

     Calling punch_plot, plot_num =   3

     Energy =  -6.55960 eV, broadening =   0.01000eV
     Writing data to file  /home/ubuntu/projects/Graphene-Band-Structure-Quantum-Espresso/outputs/field_0/top/data/ldos.pp.dat384

     Calling punch_plot, plot_num =   3

     Energy =  -6.53960 eV, broadening =   0.01000eV
     Writing data to file  /home/ubuntu/projects/Graphene-Band-Structure-Quantum-Espresso/outputs/field_0/top/data/ldos.pp.dat385

     Calling punch_plot, plot_num =   3

     Energy =  -6.51960 eV, broadening =   0.01000eV
     Writing data to file  /home/ubuntu/projects/Graphene-Band-Structure-Quantum-Espresso/outputs/field_0/top/data/ldos.pp.dat386

     Calling punch_plot, plot_num =   3

     Energy =  -6.49960 eV, broadening =   0.01000eV
     Writing data to file  /home/ubuntu/projects/Graphene-Band-Structure-Quantum-Espresso/outputs/field_0/top/data/ldos.pp.dat387

     Calling punch_plot, plot_num =   3

     Energy =  -6.47960 eV, broadening =   0.01000eV
     Writing data to file  /home/ubuntu/projects/Graphene-Band-Structure-Quantum-Espresso/outputs/field_0/top/data/ldos.pp.dat388

     Calling punch_plot, plot_num =   3

     Energy =  -6.45960 eV, broadening =   0.01000eV
     Writing data to file  /home/ubuntu/projects/Graphene-Band-Structure-Quantum-Espresso/outputs/field_0/top/data/ldos.pp.dat389

     Calling punch_plot, plot_num =   3

     Energy =  -6.43960 eV, broadening =   0.01000eV
     Writing data to file  /home/ubuntu/projects/Graphene-Band-Structure-Quantum-Espresso/outputs/field_0/top/data/ldos.pp.dat390

     Calling punch_plot, plot_num =   3

     Energy =  -6.41960 eV, broadening =   0.01000eV
     Writing data to file  /home/ubuntu/projects/Graphene-Band-Structure-Quantum-Espresso/outputs/field_0/top/data/ldos.pp.dat391

     Calling punch_plot, plot_num =   3

     Energy =  -6.39960 eV, broadening =   0.01000eV
     Writing data to file  /home/ubuntu/projects/Graphene-Band-Structure-Quantum-Espresso/outputs/field_0/top/data/ldos.pp.dat392

     Calling punch_plot, plot_num =   3

     Energy =  -6.37960 eV, broadening =   0.01000eV
     Writing data to file  /home/ubuntu/projects/Graphene-Band-Structure-Quantum-Espresso/outputs/field_0/top/data/ldos.pp.dat393

     Calling punch_plot, plot_num =   3

     Energy =  -6.35960 eV, broadening =   0.01000eV
     Writing data to file  /home/ubuntu/projects/Graphene-Band-Structure-Quantum-Espresso/outputs/field_0/top/data/ldos.pp.dat394

     Calling punch_plot, plot_num =   3

     Energy =  -6.33960 eV, broadening =   0.01000eV
     Writing data to file  /home/ubuntu/projects/Graphene-Band-Structure-Quantum-Espresso/outputs/field_0/top/data/ldos.pp.dat395

     Calling punch_plot, plot_num =   3

     Energy =  -6.31960 eV, broadening =   0.01000eV
     Writing data to file  /home/ubuntu/projects/Graphene-Band-Structure-Quantum-Espresso/outputs/field_0/top/data/ldos.pp.dat396

     Calling punch_plot, plot_num =   3

     Energy =  -6.29960 eV, broadening =   0.01000eV
     Writing data to file  /home/ubuntu/projects/Graphene-Band-Structure-Quantum-Espresso/outputs/field_0/top/data/ldos.pp.dat397

     Calling punch_plot, plot_num =   3

     Energy =  -6.27960 eV, broadening =   0.01000eV
     Writing data to file  /home/ubuntu/projects/Graphene-Band-Structure-Quantum-Espresso/outputs/field_0/top/data/ldos.pp.dat398

     Calling punch_plot, plot_num =   3

     Energy =  -6.25960 eV, broadening =   0.01000eV
     Writing data to file  /home/ubuntu/projects/Graphene-Band-Structure-Quantum-Espresso/outputs/field_0/top/data/ldos.pp.dat399

     Calling punch_plot, plot_num =   3

     Energy =  -6.23960 eV, broadening =   0.01000eV
     Writing data to file  /home/ubuntu/projects/Graphene-Band-Structure-Quantum-Espresso/outputs/field_0/top/data/ldos.pp.dat400

     Calling punch_plot, plot_num =   3

     Energy =  -6.21960 eV, broadening =   0.01000eV
     Writing data to file  /home/ubuntu/projects/Graphene-Band-Structure-Quantum-Espresso/outputs/field_0/top/data/ldos.pp.dat401

     Calling punch_plot, plot_num =   3

     Energy =  -6.19960 eV, broadening =   0.01000eV
     Writing data to file  /home/ubuntu/projects/Graphene-Band-Structure-Quantum-Espresso/outputs/field_0/top/data/ldos.pp.dat402

     Calling punch_plot, plot_num =   3

     Energy =  -6.17960 eV, broadening =   0.01000eV
     Writing data to file  /home/ubuntu/projects/Graphene-Band-Structure-Quantum-Espresso/outputs/field_0/top/data/ldos.pp.dat403

     Calling punch_plot, plot_num =   3

     Energy =  -6.15960 eV, broadening =   0.01000eV
     Writing data to file  /home/ubuntu/projects/Graphene-Band-Structure-Quantum-Espresso/outputs/field_0/top/data/ldos.pp.dat404

     Calling punch_plot, plot_num =   3

     Energy =  -6.13960 eV, broadening =   0.01000eV
     Writing data to file  /home/ubuntu/projects/Graphene-Band-Structure-Quantum-Espresso/outputs/field_0/top/data/ldos.pp.dat405

     Calling punch_plot, plot_num =   3

     Energy =  -6.11960 eV, broadening =   0.01000eV
     Writing data to file  /home/ubuntu/projects/Graphene-Band-Structure-Quantum-Espresso/outputs/field_0/top/data/ldos.pp.dat406

     Calling punch_plot, plot_num =   3

     Energy =  -6.09960 eV, broadening =   0.01000eV
     Writing data to file  /home/ubuntu/projects/Graphene-Band-Structure-Quantum-Espresso/outputs/field_0/top/data/ldos.pp.dat407

     Calling punch_plot, plot_num =   3

     Energy =  -6.07960 eV, broadening =   0.01000eV
     Writing data to file  /home/ubuntu/projects/Graphene-Band-Structure-Quantum-Espresso/outputs/field_0/top/data/ldos.pp.dat408

     Calling punch_plot, plot_num =   3

     Energy =  -6.05960 eV, broadening =   0.01000eV
     Writing data to file  /home/ubuntu/projects/Graphene-Band-Structure-Quantum-Espresso/outputs/field_0/top/data/ldos.pp.dat409

     Calling punch_plot, plot_num =   3

     Energy =  -6.03960 eV, broadening =   0.01000eV
     Writing data to file  /home/ubuntu/projects/Graphene-Band-Structure-Quantum-Espresso/outputs/field_0/top/data/ldos.pp.dat410

     Calling punch_plot, plot_num =   3

     Energy =  -6.01960 eV, broadening =   0.01000eV
     Writing data to file  /home/ubuntu/projects/Graphene-Band-Structure-Quantum-Espresso/outputs/field_0/top/data/ldos.pp.dat411

     Calling punch_plot, plot_num =   3

     Energy =  -5.99960 eV, broadening =   0.01000eV
     Writing data to file  /home/ubuntu/projects/Graphene-Band-Structure-Quantum-Espresso/outputs/field_0/top/data/ldos.pp.dat412

     Calling punch_plot, plot_num =   3

     Energy =  -5.97960 eV, broadening =   0.01000eV
     Writing data to file  /home/ubuntu/projects/Graphene-Band-Structure-Quantum-Espresso/outputs/field_0/top/data/ldos.pp.dat413

     Calling punch_plot, plot_num =   3

     Energy =  -5.95960 eV, broadening =   0.01000eV
     Writing data to file  /home/ubuntu/projects/Graphene-Band-Structure-Quantum-Espresso/outputs/field_0/top/data/ldos.pp.dat414

     Calling punch_plot, plot_num =   3

     Energy =  -5.93960 eV, broadening =   0.01000eV
     Writing data to file  /home/ubuntu/projects/Graphene-Band-Structure-Quantum-Espresso/outputs/field_0/top/data/ldos.pp.dat415

     Calling punch_plot, plot_num =   3

     Energy =  -5.91960 eV, broadening =   0.01000eV
     Writing data to file  /home/ubuntu/projects/Graphene-Band-Structure-Quantum-Espresso/outputs/field_0/top/data/ldos.pp.dat416

     Calling punch_plot, plot_num =   3

     Energy =  -5.89960 eV, broadening =   0.01000eV
     Writing data to file  /home/ubuntu/projects/Graphene-Band-Structure-Quantum-Espresso/outputs/field_0/top/data/ldos.pp.dat417

     Calling punch_plot, plot_num =   3

     Energy =  -5.87960 eV, broadening =   0.01000eV
     Writing data to file  /home/ubuntu/projects/Graphene-Band-Structure-Quantum-Espresso/outputs/field_0/top/data/ldos.pp.dat418

     Calling punch_plot, plot_num =   3

     Energy =  -5.85960 eV, broadening =   0.01000eV
     Writing data to file  /home/ubuntu/projects/Graphene-Band-Structure-Quantum-Espresso/outputs/field_0/top/data/ldos.pp.dat419

     Calling punch_plot, plot_num =   3

     Energy =  -5.83960 eV, broadening =   0.01000eV
     Writing data to file  /home/ubuntu/projects/Graphene-Band-Structure-Quantum-Espresso/outputs/field_0/top/data/ldos.pp.dat420

     Calling punch_plot, plot_num =   3

     Energy =  -5.81960 eV, broadening =   0.01000eV
     Writing data to file  /home/ubuntu/projects/Graphene-Band-Structure-Quantum-Espresso/outputs/field_0/top/data/ldos.pp.dat421

     Calling punch_plot, plot_num =   3

     Energy =  -5.79960 eV, broadening =   0.01000eV
     Writing data to file  /home/ubuntu/projects/Graphene-Band-Structure-Quantum-Espresso/outputs/field_0/top/data/ldos.pp.dat422

     Calling punch_plot, plot_num =   3

     Energy =  -5.77960 eV, broadening =   0.01000eV
     Writing data to file  /home/ubuntu/projects/Graphene-Band-Structure-Quantum-Espresso/outputs/field_0/top/data/ldos.pp.dat423

     Calling punch_plot, plot_num =   3

     Energy =  -5.75960 eV, broadening =   0.01000eV
     Writing data to file  /home/ubuntu/projects/Graphene-Band-Structure-Quantum-Espresso/outputs/field_0/top/data/ldos.pp.dat424

     Calling punch_plot, plot_num =   3

     Energy =  -5.73960 eV, broadening =   0.01000eV
     Writing data to file  /home/ubuntu/projects/Graphene-Band-Structure-Quantum-Espresso/outputs/field_0/top/data/ldos.pp.dat425

     Calling punch_plot, plot_num =   3

     Energy =  -5.71960 eV, broadening =   0.01000eV
     Writing data to file  /home/ubuntu/projects/Graphene-Band-Structure-Quantum-Espresso/outputs/field_0/top/data/ldos.pp.dat426

     Calling punch_plot, plot_num =   3

     Energy =  -5.69960 eV, broadening =   0.01000eV
     Writing data to file  /home/ubuntu/projects/Graphene-Band-Structure-Quantum-Espresso/outputs/field_0/top/data/ldos.pp.dat427

     Calling punch_plot, plot_num =   3

     Energy =  -5.67960 eV, broadening =   0.01000eV
     Writing data to file  /home/ubuntu/projects/Graphene-Band-Structure-Quantum-Espresso/outputs/field_0/top/data/ldos.pp.dat428

     Calling punch_plot, plot_num =   3

     Energy =  -5.65960 eV, broadening =   0.01000eV
     Writing data to file  /home/ubuntu/projects/Graphene-Band-Structure-Quantum-Espresso/outputs/field_0/top/data/ldos.pp.dat429

     Calling punch_plot, plot_num =   3

     Energy =  -5.63960 eV, broadening =   0.01000eV
     Writing data to file  /home/ubuntu/projects/Graphene-Band-Structure-Quantum-Espresso/outputs/field_0/top/data/ldos.pp.dat430

     Calling punch_plot, plot_num =   3

     Energy =  -5.61960 eV, broadening =   0.01000eV
     Writing data to file  /home/ubuntu/projects/Graphene-Band-Structure-Quantum-Espresso/outputs/field_0/top/data/ldos.pp.dat431

     Calling punch_plot, plot_num =   3

     Energy =  -5.59960 eV, broadening =   0.01000eV
     Writing data to file  /home/ubuntu/projects/Graphene-Band-Structure-Quantum-Espresso/outputs/field_0/top/data/ldos.pp.dat432

     Calling punch_plot, plot_num =   3

     Energy =  -5.57960 eV, broadening =   0.01000eV
     Writing data to file  /home/ubuntu/projects/Graphene-Band-Structure-Quantum-Espresso/outputs/field_0/top/data/ldos.pp.dat433

     Calling punch_plot, plot_num =   3

     Energy =  -5.55960 eV, broadening =   0.01000eV
     Writing data to file  /home/ubuntu/projects/Graphene-Band-Structure-Quantum-Espresso/outputs/field_0/top/data/ldos.pp.dat434

     Calling punch_plot, plot_num =   3

     Energy =  -5.53960 eV, broadening =   0.01000eV
     Writing data to file  /home/ubuntu/projects/Graphene-Band-Structure-Quantum-Espresso/outputs/field_0/top/data/ldos.pp.dat435

     Calling punch_plot, plot_num =   3

     Energy =  -5.51960 eV, broadening =   0.01000eV
     Writing data to file  /home/ubuntu/projects/Graphene-Band-Structure-Quantum-Espresso/outputs/field_0/top/data/ldos.pp.dat436

     Calling punch_plot, plot_num =   3

     Energy =  -5.49960 eV, broadening =   0.01000eV
     Writing data to file  /home/ubuntu/projects/Graphene-Band-Structure-Quantum-Espresso/outputs/field_0/top/data/ldos.pp.dat437

     Calling punch_plot, plot_num =   3

     Energy =  -5.47960 eV, broadening =   0.01000eV
     Writing data to file  /home/ubuntu/projects/Graphene-Band-Structure-Quantum-Espresso/outputs/field_0/top/data/ldos.pp.dat438

     Calling punch_plot, plot_num =   3

     Energy =  -5.45960 eV, broadening =   0.01000eV
     Writing data to file  /home/ubuntu/projects/Graphene-Band-Structure-Quantum-Espresso/outputs/field_0/top/data/ldos.pp.dat439

     Calling punch_plot, plot_num =   3

     Energy =  -5.43960 eV, broadening =   0.01000eV
     Writing data to file  /home/ubuntu/projects/Graphene-Band-Structure-Quantum-Espresso/outputs/field_0/top/data/ldos.pp.dat440

     Calling punch_plot, plot_num =   3

     Energy =  -5.41960 eV, broadening =   0.01000eV
     Writing data to file  /home/ubuntu/projects/Graphene-Band-Structure-Quantum-Espresso/outputs/field_0/top/data/ldos.pp.dat441

     Calling punch_plot, plot_num =   3

     Energy =  -5.39960 eV, broadening =   0.01000eV
     Writing data to file  /home/ubuntu/projects/Graphene-Band-Structure-Quantum-Espresso/outputs/field_0/top/data/ldos.pp.dat442

     Calling punch_plot, plot_num =   3

     Energy =  -5.37960 eV, broadening =   0.01000eV
     Writing data to file  /home/ubuntu/projects/Graphene-Band-Structure-Quantum-Espresso/outputs/field_0/top/data/ldos.pp.dat443

     Calling punch_plot, plot_num =   3

     Energy =  -5.35960 eV, broadening =   0.01000eV
     Writing data to file  /home/ubuntu/projects/Graphene-Band-Structure-Quantum-Espresso/outputs/field_0/top/data/ldos.pp.dat444

     Calling punch_plot, plot_num =   3

     Energy =  -5.33960 eV, broadening =   0.01000eV
     Writing data to file  /home/ubuntu/projects/Graphene-Band-Structure-Quantum-Espresso/outputs/field_0/top/data/ldos.pp.dat445

     Calling punch_plot, plot_num =   3

     Energy =  -5.31960 eV, broadening =   0.01000eV
     Writing data to file  /home/ubuntu/projects/Graphene-Band-Structure-Quantum-Espresso/outputs/field_0/top/data/ldos.pp.dat446

     Calling punch_plot, plot_num =   3

     Energy =  -5.29960 eV, broadening =   0.01000eV
     Writing data to file  /home/ubuntu/projects/Graphene-Band-Structure-Quantum-Espresso/outputs/field_0/top/data/ldos.pp.dat447

     Calling punch_plot, plot_num =   3

     Energy =  -5.27960 eV, broadening =   0.01000eV
     Writing data to file  /home/ubuntu/projects/Graphene-Band-Structure-Quantum-Espresso/outputs/field_0/top/data/ldos.pp.dat448

     Calling punch_plot, plot_num =   3

     Energy =  -5.25960 eV, broadening =   0.01000eV
     Writing data to file  /home/ubuntu/projects/Graphene-Band-Structure-Quantum-Espresso/outputs/field_0/top/data/ldos.pp.dat449

     Calling punch_plot, plot_num =   3

     Energy =  -5.23960 eV, broadening =   0.01000eV
     Writing data to file  /home/ubuntu/projects/Graphene-Band-Structure-Quantum-Espresso/outputs/field_0/top/data/ldos.pp.dat450

     Calling punch_plot, plot_num =   3

     Energy =  -5.21960 eV, broadening =   0.01000eV
     Writing data to file  /home/ubuntu/projects/Graphene-Band-Structure-Quantum-Espresso/outputs/field_0/top/data/ldos.pp.dat451

     Calling punch_plot, plot_num =   3

     Energy =  -5.19960 eV, broadening =   0.01000eV
     Writing data to file  /home/ubuntu/projects/Graphene-Band-Structure-Quantum-Espresso/outputs/field_0/top/data/ldos.pp.dat452

     Calling punch_plot, plot_num =   3

     Energy =  -5.17960 eV, broadening =   0.01000eV
     Writing data to file  /home/ubuntu/projects/Graphene-Band-Structure-Quantum-Espresso/outputs/field_0/top/data/ldos.pp.dat453

     Calling punch_plot, plot_num =   3

     Energy =  -5.15960 eV, broadening =   0.01000eV
     Writing data to file  /home/ubuntu/projects/Graphene-Band-Structure-Quantum-Espresso/outputs/field_0/top/data/ldos.pp.dat454

     Calling punch_plot, plot_num =   3

     Energy =  -5.13960 eV, broadening =   0.01000eV
     Writing data to file  /home/ubuntu/projects/Graphene-Band-Structure-Quantum-Espresso/outputs/field_0/top/data/ldos.pp.dat455

     Calling punch_plot, plot_num =   3

     Energy =  -5.11960 eV, broadening =   0.01000eV
     Writing data to file  /home/ubuntu/projects/Graphene-Band-Structure-Quantum-Espresso/outputs/field_0/top/data/ldos.pp.dat456

     Calling punch_plot, plot_num =   3

     Energy =  -5.09960 eV, broadening =   0.01000eV
     Writing data to file  /home/ubuntu/projects/Graphene-Band-Structure-Quantum-Espresso/outputs/field_0/top/data/ldos.pp.dat457

     Calling punch_plot, plot_num =   3

     Energy =  -5.07960 eV, broadening =   0.01000eV
     Writing data to file  /home/ubuntu/projects/Graphene-Band-Structure-Quantum-Espresso/outputs/field_0/top/data/ldos.pp.dat458

     Calling punch_plot, plot_num =   3

     Energy =  -5.05960 eV, broadening =   0.01000eV
     Writing data to file  /home/ubuntu/projects/Graphene-Band-Structure-Quantum-Espresso/outputs/field_0/top/data/ldos.pp.dat459

     Calling punch_plot, plot_num =   3

     Energy =  -5.03960 eV, broadening =   0.01000eV
     Writing data to file  /home/ubuntu/projects/Graphene-Band-Structure-Quantum-Espresso/outputs/field_0/top/data/ldos.pp.dat460

     Calling punch_plot, plot_num =   3

     Energy =  -5.01960 eV, broadening =   0.01000eV
     Writing data to file  /home/ubuntu/projects/Graphene-Band-Structure-Quantum-Espresso/outputs/field_0/top/data/ldos.pp.dat461

     Calling punch_plot, plot_num =   3

     Energy =  -4.99960 eV, broadening =   0.01000eV
     Writing data to file  /home/ubuntu/projects/Graphene-Band-Structure-Quantum-Espresso/outputs/field_0/top/data/ldos.pp.dat462

     Calling punch_plot, plot_num =   3

     Energy =  -4.97960 eV, broadening =   0.01000eV
     Writing data to file  /home/ubuntu/projects/Graphene-Band-Structure-Quantum-Espresso/outputs/field_0/top/data/ldos.pp.dat463

     Calling punch_plot, plot_num =   3

     Energy =  -4.95960 eV, broadening =   0.01000eV
     Writing data to file  /home/ubuntu/projects/Graphene-Band-Structure-Quantum-Espresso/outputs/field_0/top/data/ldos.pp.dat464

     Calling punch_plot, plot_num =   3

     Energy =  -4.93960 eV, broadening =   0.01000eV
     Writing data to file  /home/ubuntu/projects/Graphene-Band-Structure-Quantum-Espresso/outputs/field_0/top/data/ldos.pp.dat465

     Calling punch_plot, plot_num =   3

     Energy =  -4.91960 eV, broadening =   0.01000eV
     Writing data to file  /home/ubuntu/projects/Graphene-Band-Structure-Quantum-Espresso/outputs/field_0/top/data/ldos.pp.dat466

     Calling punch_plot, plot_num =   3

     Energy =  -4.89960 eV, broadening =   0.01000eV
     Writing data to file  /home/ubuntu/projects/Graphene-Band-Structure-Quantum-Espresso/outputs/field_0/top/data/ldos.pp.dat467

     Calling punch_plot, plot_num =   3

     Energy =  -4.87960 eV, broadening =   0.01000eV
     Writing data to file  /home/ubuntu/projects/Graphene-Band-Structure-Quantum-Espresso/outputs/field_0/top/data/ldos.pp.dat468

     Calling punch_plot, plot_num =   3

     Energy =  -4.85960 eV, broadening =   0.01000eV
     Writing data to file  /home/ubuntu/projects/Graphene-Band-Structure-Quantum-Espresso/outputs/field_0/top/data/ldos.pp.dat469

     Calling punch_plot, plot_num =   3

     Energy =  -4.83960 eV, broadening =   0.01000eV
     Writing data to file  /home/ubuntu/projects/Graphene-Band-Structure-Quantum-Espresso/outputs/field_0/top/data/ldos.pp.dat470

     Calling punch_plot, plot_num =   3

     Energy =  -4.81960 eV, broadening =   0.01000eV
     Writing data to file  /home/ubuntu/projects/Graphene-Band-Structure-Quantum-Espresso/outputs/field_0/top/data/ldos.pp.dat471

     Calling punch_plot, plot_num =   3

     Energy =  -4.79960 eV, broadening =   0.01000eV
     Writing data to file  /home/ubuntu/projects/Graphene-Band-Structure-Quantum-Espresso/outputs/field_0/top/data/ldos.pp.dat472

     Calling punch_plot, plot_num =   3

     Energy =  -4.77960 eV, broadening =   0.01000eV
     Writing data to file  /home/ubuntu/projects/Graphene-Band-Structure-Quantum-Espresso/outputs/field_0/top/data/ldos.pp.dat473

     Calling punch_plot, plot_num =   3

     Energy =  -4.75960 eV, broadening =   0.01000eV
     Writing data to file  /home/ubuntu/projects/Graphene-Band-Structure-Quantum-Espresso/outputs/field_0/top/data/ldos.pp.dat474

     Calling punch_plot, plot_num =   3

     Energy =  -4.73960 eV, broadening =   0.01000eV
     Writing data to file  /home/ubuntu/projects/Graphene-Band-Structure-Quantum-Espresso/outputs/field_0/top/data/ldos.pp.dat475

     Calling punch_plot, plot_num =   3

     Energy =  -4.71960 eV, broadening =   0.01000eV
     Writing data to file  /home/ubuntu/projects/Graphene-Band-Structure-Quantum-Espresso/outputs/field_0/top/data/ldos.pp.dat476

     Calling punch_plot, plot_num =   3

     Energy =  -4.69960 eV, broadening =   0.01000eV
     Writing data to file  /home/ubuntu/projects/Graphene-Band-Structure-Quantum-Espresso/outputs/field_0/top/data/ldos.pp.dat477

     Calling punch_plot, plot_num =   3

     Energy =  -4.67960 eV, broadening =   0.01000eV
     Writing data to file  /home/ubuntu/projects/Graphene-Band-Structure-Quantum-Espresso/outputs/field_0/top/data/ldos.pp.dat478

     Calling punch_plot, plot_num =   3

     Energy =  -4.65960 eV, broadening =   0.01000eV
     Writing data to file  /home/ubuntu/projects/Graphene-Band-Structure-Quantum-Espresso/outputs/field_0/top/data/ldos.pp.dat479

     Calling punch_plot, plot_num =   3

     Energy =  -4.63960 eV, broadening =   0.01000eV
     Writing data to file  /home/ubuntu/projects/Graphene-Band-Structure-Quantum-Espresso/outputs/field_0/top/data/ldos.pp.dat480

     Calling punch_plot, plot_num =   3

     Energy =  -4.61960 eV, broadening =   0.01000eV
     Writing data to file  /home/ubuntu/projects/Graphene-Band-Structure-Quantum-Espresso/outputs/field_0/top/data/ldos.pp.dat481

     Calling punch_plot, plot_num =   3

     Energy =  -4.59960 eV, broadening =   0.01000eV
     Writing data to file  /home/ubuntu/projects/Graphene-Band-Structure-Quantum-Espresso/outputs/field_0/top/data/ldos.pp.dat482

     Calling punch_plot, plot_num =   3

     Energy =  -4.57960 eV, broadening =   0.01000eV
     Writing data to file  /home/ubuntu/projects/Graphene-Band-Structure-Quantum-Espresso/outputs/field_0/top/data/ldos.pp.dat483

     Calling punch_plot, plot_num =   3

     Energy =  -4.55960 eV, broadening =   0.01000eV
     Writing data to file  /home/ubuntu/projects/Graphene-Band-Structure-Quantum-Espresso/outputs/field_0/top/data/ldos.pp.dat484

     Calling punch_plot, plot_num =   3

     Energy =  -4.53960 eV, broadening =   0.01000eV
     Writing data to file  /home/ubuntu/projects/Graphene-Band-Structure-Quantum-Espresso/outputs/field_0/top/data/ldos.pp.dat485

     Calling punch_plot, plot_num =   3

     Energy =  -4.51960 eV, broadening =   0.01000eV
     Writing data to file  /home/ubuntu/projects/Graphene-Band-Structure-Quantum-Espresso/outputs/field_0/top/data/ldos.pp.dat486

     Calling punch_plot, plot_num =   3

     Energy =  -4.49960 eV, broadening =   0.01000eV
     Writing data to file  /home/ubuntu/projects/Graphene-Band-Structure-Quantum-Espresso/outputs/field_0/top/data/ldos.pp.dat487

     Calling punch_plot, plot_num =   3

     Energy =  -4.47960 eV, broadening =   0.01000eV
     Writing data to file  /home/ubuntu/projects/Graphene-Band-Structure-Quantum-Espresso/outputs/field_0/top/data/ldos.pp.dat488

     Calling punch_plot, plot_num =   3

     Energy =  -4.45960 eV, broadening =   0.01000eV
     Writing data to file  /home/ubuntu/projects/Graphene-Band-Structure-Quantum-Espresso/outputs/field_0/top/data/ldos.pp.dat489

     Calling punch_plot, plot_num =   3

     Energy =  -4.43960 eV, broadening =   0.01000eV
     Writing data to file  /home/ubuntu/projects/Graphene-Band-Structure-Quantum-Espresso/outputs/field_0/top/data/ldos.pp.dat490

     Calling punch_plot, plot_num =   3

     Energy =  -4.41960 eV, broadening =   0.01000eV
     Writing data to file  /home/ubuntu/projects/Graphene-Band-Structure-Quantum-Espresso/outputs/field_0/top/data/ldos.pp.dat491

     Calling punch_plot, plot_num =   3

     Energy =  -4.39960 eV, broadening =   0.01000eV
     Writing data to file  /home/ubuntu/projects/Graphene-Band-Structure-Quantum-Espresso/outputs/field_0/top/data/ldos.pp.dat492

     Calling punch_plot, plot_num =   3

     Energy =  -4.37960 eV, broadening =   0.01000eV
     Writing data to file  /home/ubuntu/projects/Graphene-Band-Structure-Quantum-Espresso/outputs/field_0/top/data/ldos.pp.dat493

     Calling punch_plot, plot_num =   3

     Energy =  -4.35960 eV, broadening =   0.01000eV
     Writing data to file  /home/ubuntu/projects/Graphene-Band-Structure-Quantum-Espresso/outputs/field_0/top/data/ldos.pp.dat494

     Calling punch_plot, plot_num =   3

     Energy =  -4.33960 eV, broadening =   0.01000eV
     Writing data to file  /home/ubuntu/projects/Graphene-Band-Structure-Quantum-Espresso/outputs/field_0/top/data/ldos.pp.dat495

     Calling punch_plot, plot_num =   3

     Energy =  -4.31960 eV, broadening =   0.01000eV
     Writing data to file  /home/ubuntu/projects/Graphene-Band-Structure-Quantum-Espresso/outputs/field_0/top/data/ldos.pp.dat496

     Calling punch_plot, plot_num =   3

     Energy =  -4.29960 eV, broadening =   0.01000eV
     Writing data to file  /home/ubuntu/projects/Graphene-Band-Structure-Quantum-Espresso/outputs/field_0/top/data/ldos.pp.dat497

     Calling punch_plot, plot_num =   3

     Energy =  -4.27960 eV, broadening =   0.01000eV
     Writing data to file  /home/ubuntu/projects/Graphene-Band-Structure-Quantum-Espresso/outputs/field_0/top/data/ldos.pp.dat498

     Calling punch_plot, plot_num =   3

     Energy =  -4.25960 eV, broadening =   0.01000eV
     Writing data to file  /home/ubuntu/projects/Graphene-Band-Structure-Quantum-Espresso/outputs/field_0/top/data/ldos.pp.dat499

     Calling punch_plot, plot_num =   3

     Energy =  -4.23960 eV, broadening =   0.01000eV
     Writing data to file  /home/ubuntu/projects/Graphene-Band-Structure-Quantum-Espresso/outputs/field_0/top/data/ldos.pp.dat500

     Calling punch_plot, plot_num =   3

     Energy =  -4.21960 eV, broadening =   0.01000eV
     Writing data to file  /home/ubuntu/projects/Graphene-Band-Structure-Quantum-Espresso/outputs/field_0/top/data/ldos.pp.dat501

     Calling punch_plot, plot_num =   3

     Energy =  -4.19960 eV, broadening =   0.01000eV
     Writing data to file  /home/ubuntu/projects/Graphene-Band-Structure-Quantum-Espresso/outputs/field_0/top/data/ldos.pp.dat502

     Calling punch_plot, plot_num =   3

     Energy =  -4.17960 eV, broadening =   0.01000eV
     Writing data to file  /home/ubuntu/projects/Graphene-Band-Structure-Quantum-Espresso/outputs/field_0/top/data/ldos.pp.dat503

     Calling punch_plot, plot_num =   3

     Energy =  -4.15960 eV, broadening =   0.01000eV
     Writing data to file  /home/ubuntu/projects/Graphene-Band-Structure-Quantum-Espresso/outputs/field_0/top/data/ldos.pp.dat504

     Calling punch_plot, plot_num =   3

     Energy =  -4.13960 eV, broadening =   0.01000eV
     Writing data to file  /home/ubuntu/projects/Graphene-Band-Structure-Quantum-Espresso/outputs/field_0/top/data/ldos.pp.dat505

     Calling punch_plot, plot_num =   3

     Energy =  -4.11960 eV, broadening =   0.01000eV
     Writing data to file  /home/ubuntu/projects/Graphene-Band-Structure-Quantum-Espresso/outputs/field_0/top/data/ldos.pp.dat506

     Calling punch_plot, plot_num =   3

     Energy =  -4.09960 eV, broadening =   0.01000eV
     Writing data to file  /home/ubuntu/projects/Graphene-Band-Structure-Quantum-Espresso/outputs/field_0/top/data/ldos.pp.dat507

     Calling punch_plot, plot_num =   3

     Energy =  -4.07960 eV, broadening =   0.01000eV
     Writing data to file  /home/ubuntu/projects/Graphene-Band-Structure-Quantum-Espresso/outputs/field_0/top/data/ldos.pp.dat508

     Calling punch_plot, plot_num =   3

     Energy =  -4.05960 eV, broadening =   0.01000eV
     Writing data to file  /home/ubuntu/projects/Graphene-Band-Structure-Quantum-Espresso/outputs/field_0/top/data/ldos.pp.dat509

     Calling punch_plot, plot_num =   3

     Energy =  -4.03960 eV, broadening =   0.01000eV
     Writing data to file  /home/ubuntu/projects/Graphene-Band-Structure-Quantum-Espresso/outputs/field_0/top/data/ldos.pp.dat510

     Calling punch_plot, plot_num =   3

     Energy =  -4.01960 eV, broadening =   0.01000eV
     Writing data to file  /home/ubuntu/projects/Graphene-Band-Structure-Quantum-Espresso/outputs/field_0/top/data/ldos.pp.dat511

     Calling punch_plot, plot_num =   3

     Energy =  -3.99960 eV, broadening =   0.01000eV
     Writing data to file  /home/ubuntu/projects/Graphene-Band-Structure-Quantum-Espresso/outputs/field_0/top/data/ldos.pp.dat512

     Calling punch_plot, plot_num =   3

     Energy =  -3.97960 eV, broadening =   0.01000eV
     Writing data to file  /home/ubuntu/projects/Graphene-Band-Structure-Quantum-Espresso/outputs/field_0/top/data/ldos.pp.dat513

     Calling punch_plot, plot_num =   3

     Energy =  -3.95960 eV, broadening =   0.01000eV
     Writing data to file  /home/ubuntu/projects/Graphene-Band-Structure-Quantum-Espresso/outputs/field_0/top/data/ldos.pp.dat514

     Calling punch_plot, plot_num =   3

     Energy =  -3.93960 eV, broadening =   0.01000eV
     Writing data to file  /home/ubuntu/projects/Graphene-Band-Structure-Quantum-Espresso/outputs/field_0/top/data/ldos.pp.dat515

     Calling punch_plot, plot_num =   3

     Energy =  -3.91960 eV, broadening =   0.01000eV
     Writing data to file  /home/ubuntu/projects/Graphene-Band-Structure-Quantum-Espresso/outputs/field_0/top/data/ldos.pp.dat516

     Calling punch_plot, plot_num =   3

     Energy =  -3.89960 eV, broadening =   0.01000eV
     Writing data to file  /home/ubuntu/projects/Graphene-Band-Structure-Quantum-Espresso/outputs/field_0/top/data/ldos.pp.dat517

     Calling punch_plot, plot_num =   3

     Energy =  -3.87960 eV, broadening =   0.01000eV
     Writing data to file  /home/ubuntu/projects/Graphene-Band-Structure-Quantum-Espresso/outputs/field_0/top/data/ldos.pp.dat518

     Calling punch_plot, plot_num =   3

     Energy =  -3.85960 eV, broadening =   0.01000eV
     Writing data to file  /home/ubuntu/projects/Graphene-Band-Structure-Quantum-Espresso/outputs/field_0/top/data/ldos.pp.dat519

     Calling punch_plot, plot_num =   3

     Energy =  -3.83960 eV, broadening =   0.01000eV
     Writing data to file  /home/ubuntu/projects/Graphene-Band-Structure-Quantum-Espresso/outputs/field_0/top/data/ldos.pp.dat520

     Calling punch_plot, plot_num =   3

     Energy =  -3.81960 eV, broadening =   0.01000eV
     Writing data to file  /home/ubuntu/projects/Graphene-Band-Structure-Quantum-Espresso/outputs/field_0/top/data/ldos.pp.dat521

     Calling punch_plot, plot_num =   3

     Energy =  -3.79960 eV, broadening =   0.01000eV
     Writing data to file  /home/ubuntu/projects/Graphene-Band-Structure-Quantum-Espresso/outputs/field_0/top/data/ldos.pp.dat522

     Calling punch_plot, plot_num =   3

     Energy =  -3.77960 eV, broadening =   0.01000eV
     Writing data to file  /home/ubuntu/projects/Graphene-Band-Structure-Quantum-Espresso/outputs/field_0/top/data/ldos.pp.dat523

     Calling punch_plot, plot_num =   3

     Energy =  -3.75960 eV, broadening =   0.01000eV
     Writing data to file  /home/ubuntu/projects/Graphene-Band-Structure-Quantum-Espresso/outputs/field_0/top/data/ldos.pp.dat524

     Calling punch_plot, plot_num =   3

     Energy =  -3.73960 eV, broadening =   0.01000eV
     Writing data to file  /home/ubuntu/projects/Graphene-Band-Structure-Quantum-Espresso/outputs/field_0/top/data/ldos.pp.dat525

     Calling punch_plot, plot_num =   3

     Energy =  -3.71960 eV, broadening =   0.01000eV
     Writing data to file  /home/ubuntu/projects/Graphene-Band-Structure-Quantum-Espresso/outputs/field_0/top/data/ldos.pp.dat526

     Calling punch_plot, plot_num =   3

     Energy =  -3.69960 eV, broadening =   0.01000eV
     Writing data to file  /home/ubuntu/projects/Graphene-Band-Structure-Quantum-Espresso/outputs/field_0/top/data/ldos.pp.dat527

     Calling punch_plot, plot_num =   3

     Energy =  -3.67960 eV, broadening =   0.01000eV
     Writing data to file  /home/ubuntu/projects/Graphene-Band-Structure-Quantum-Espresso/outputs/field_0/top/data/ldos.pp.dat528

     Calling punch_plot, plot_num =   3

     Energy =  -3.65960 eV, broadening =   0.01000eV
     Writing data to file  /home/ubuntu/projects/Graphene-Band-Structure-Quantum-Espresso/outputs/field_0/top/data/ldos.pp.dat529

     Calling punch_plot, plot_num =   3

     Energy =  -3.63960 eV, broadening =   0.01000eV
     Writing data to file  /home/ubuntu/projects/Graphene-Band-Structure-Quantum-Espresso/outputs/field_0/top/data/ldos.pp.dat530

     Calling punch_plot, plot_num =   3

     Energy =  -3.61960 eV, broadening =   0.01000eV
     Writing data to file  /home/ubuntu/projects/Graphene-Band-Structure-Quantum-Espresso/outputs/field_0/top/data/ldos.pp.dat531

     Calling punch_plot, plot_num =   3

     Energy =  -3.59960 eV, broadening =   0.01000eV
     Writing data to file  /home/ubuntu/projects/Graphene-Band-Structure-Quantum-Espresso/outputs/field_0/top/data/ldos.pp.dat532

     Calling punch_plot, plot_num =   3

     Energy =  -3.57960 eV, broadening =   0.01000eV
     Writing data to file  /home/ubuntu/projects/Graphene-Band-Structure-Quantum-Espresso/outputs/field_0/top/data/ldos.pp.dat533

     Calling punch_plot, plot_num =   3

     Energy =  -3.55960 eV, broadening =   0.01000eV
     Writing data to file  /home/ubuntu/projects/Graphene-Band-Structure-Quantum-Espresso/outputs/field_0/top/data/ldos.pp.dat534

     Calling punch_plot, plot_num =   3

     Energy =  -3.53960 eV, broadening =   0.01000eV
     Writing data to file  /home/ubuntu/projects/Graphene-Band-Structure-Quantum-Espresso/outputs/field_0/top/data/ldos.pp.dat535

     Calling punch_plot, plot_num =   3

     Energy =  -3.51960 eV, broadening =   0.01000eV
     Writing data to file  /home/ubuntu/projects/Graphene-Band-Structure-Quantum-Espresso/outputs/field_0/top/data/ldos.pp.dat536

     Calling punch_plot, plot_num =   3

     Energy =  -3.49960 eV, broadening =   0.01000eV
     Writing data to file  /home/ubuntu/projects/Graphene-Band-Structure-Quantum-Espresso/outputs/field_0/top/data/ldos.pp.dat537

     Calling punch_plot, plot_num =   3

     Energy =  -3.47960 eV, broadening =   0.01000eV
     Writing data to file  /home/ubuntu/projects/Graphene-Band-Structure-Quantum-Espresso/outputs/field_0/top/data/ldos.pp.dat538

     Calling punch_plot, plot_num =   3

     Energy =  -3.45960 eV, broadening =   0.01000eV
     Writing data to file  /home/ubuntu/projects/Graphene-Band-Structure-Quantum-Espresso/outputs/field_0/top/data/ldos.pp.dat539

     Calling punch_plot, plot_num =   3

     Energy =  -3.43960 eV, broadening =   0.01000eV
     Writing data to file  /home/ubuntu/projects/Graphene-Band-Structure-Quantum-Espresso/outputs/field_0/top/data/ldos.pp.dat540

     Calling punch_plot, plot_num =   3

     Energy =  -3.41960 eV, broadening =   0.01000eV
     Writing data to file  /home/ubuntu/projects/Graphene-Band-Structure-Quantum-Espresso/outputs/field_0/top/data/ldos.pp.dat541

     Calling punch_plot, plot_num =   3

     Energy =  -3.39960 eV, broadening =   0.01000eV
     Writing data to file  /home/ubuntu/projects/Graphene-Band-Structure-Quantum-Espresso/outputs/field_0/top/data/ldos.pp.dat542

     Calling punch_plot, plot_num =   3

     Energy =  -3.37960 eV, broadening =   0.01000eV
     Writing data to file  /home/ubuntu/projects/Graphene-Band-Structure-Quantum-Espresso/outputs/field_0/top/data/ldos.pp.dat543

     Calling punch_plot, plot_num =   3

     Energy =  -3.35960 eV, broadening =   0.01000eV
     Writing data to file  /home/ubuntu/projects/Graphene-Band-Structure-Quantum-Espresso/outputs/field_0/top/data/ldos.pp.dat544

     Calling punch_plot, plot_num =   3

     Energy =  -3.33960 eV, broadening =   0.01000eV
     Writing data to file  /home/ubuntu/projects/Graphene-Band-Structure-Quantum-Espresso/outputs/field_0/top/data/ldos.pp.dat545

     Calling punch_plot, plot_num =   3

     Energy =  -3.31960 eV, broadening =   0.01000eV
     Writing data to file  /home/ubuntu/projects/Graphene-Band-Structure-Quantum-Espresso/outputs/field_0/top/data/ldos.pp.dat546

     Calling punch_plot, plot_num =   3

     Energy =  -3.29960 eV, broadening =   0.01000eV
     Writing data to file  /home/ubuntu/projects/Graphene-Band-Structure-Quantum-Espresso/outputs/field_0/top/data/ldos.pp.dat547

     Calling punch_plot, plot_num =   3

     Energy =  -3.27960 eV, broadening =   0.01000eV
     Writing data to file  /home/ubuntu/projects/Graphene-Band-Structure-Quantum-Espresso/outputs/field_0/top/data/ldos.pp.dat548

     Calling punch_plot, plot_num =   3

     Energy =  -3.25960 eV, broadening =   0.01000eV
     Writing data to file  /home/ubuntu/projects/Graphene-Band-Structure-Quantum-Espresso/outputs/field_0/top/data/ldos.pp.dat549

     Calling punch_plot, plot_num =   3

     Energy =  -3.23960 eV, broadening =   0.01000eV
     Writing data to file  /home/ubuntu/projects/Graphene-Band-Structure-Quantum-Espresso/outputs/field_0/top/data/ldos.pp.dat550

     Calling punch_plot, plot_num =   3

     Energy =  -3.21960 eV, broadening =   0.01000eV
     Writing data to file  /home/ubuntu/projects/Graphene-Band-Structure-Quantum-Espresso/outputs/field_0/top/data/ldos.pp.dat551

     Calling punch_plot, plot_num =   3

     Energy =  -3.19960 eV, broadening =   0.01000eV
     Writing data to file  /home/ubuntu/projects/Graphene-Band-Structure-Quantum-Espresso/outputs/field_0/top/data/ldos.pp.dat552

     Calling punch_plot, plot_num =   3

     Energy =  -3.17960 eV, broadening =   0.01000eV
     Writing data to file  /home/ubuntu/projects/Graphene-Band-Structure-Quantum-Espresso/outputs/field_0/top/data/ldos.pp.dat553

     Calling punch_plot, plot_num =   3

     Energy =  -3.15960 eV, broadening =   0.01000eV
     Writing data to file  /home/ubuntu/projects/Graphene-Band-Structure-Quantum-Espresso/outputs/field_0/top/data/ldos.pp.dat554

     Calling punch_plot, plot_num =   3

     Energy =  -3.13960 eV, broadening =   0.01000eV
     Writing data to file  /home/ubuntu/projects/Graphene-Band-Structure-Quantum-Espresso/outputs/field_0/top/data/ldos.pp.dat555

     Calling punch_plot, plot_num =   3

     Energy =  -3.11960 eV, broadening =   0.01000eV
     Writing data to file  /home/ubuntu/projects/Graphene-Band-Structure-Quantum-Espresso/outputs/field_0/top/data/ldos.pp.dat556

     Calling punch_plot, plot_num =   3

     Energy =  -3.09960 eV, broadening =   0.01000eV
     Writing data to file  /home/ubuntu/projects/Graphene-Band-Structure-Quantum-Espresso/outputs/field_0/top/data/ldos.pp.dat557

     Calling punch_plot, plot_num =   3

     Energy =  -3.07960 eV, broadening =   0.01000eV
     Writing data to file  /home/ubuntu/projects/Graphene-Band-Structure-Quantum-Espresso/outputs/field_0/top/data/ldos.pp.dat558

     Calling punch_plot, plot_num =   3

     Energy =  -3.05960 eV, broadening =   0.01000eV
     Writing data to file  /home/ubuntu/projects/Graphene-Band-Structure-Quantum-Espresso/outputs/field_0/top/data/ldos.pp.dat559

     Calling punch_plot, plot_num =   3

     Energy =  -3.03960 eV, broadening =   0.01000eV
     Writing data to file  /home/ubuntu/projects/Graphene-Band-Structure-Quantum-Espresso/outputs/field_0/top/data/ldos.pp.dat560

     Calling punch_plot, plot_num =   3

     Energy =  -3.01960 eV, broadening =   0.01000eV
     Writing data to file  /home/ubuntu/projects/Graphene-Band-Structure-Quantum-Espresso/outputs/field_0/top/data/ldos.pp.dat561

     Calling punch_plot, plot_num =   3

     Energy =  -2.99960 eV, broadening =   0.01000eV
     Writing data to file  /home/ubuntu/projects/Graphene-Band-Structure-Quantum-Espresso/outputs/field_0/top/data/ldos.pp.dat562

     Calling punch_plot, plot_num =   3

     Energy =  -2.97960 eV, broadening =   0.01000eV
     Writing data to file  /home/ubuntu/projects/Graphene-Band-Structure-Quantum-Espresso/outputs/field_0/top/data/ldos.pp.dat563

     Calling punch_plot, plot_num =   3

     Energy =  -2.95960 eV, broadening =   0.01000eV
     Writing data to file  /home/ubuntu/projects/Graphene-Band-Structure-Quantum-Espresso/outputs/field_0/top/data/ldos.pp.dat564

     Calling punch_plot, plot_num =   3

     Energy =  -2.93960 eV, broadening =   0.01000eV
     Writing data to file  /home/ubuntu/projects/Graphene-Band-Structure-Quantum-Espresso/outputs/field_0/top/data/ldos.pp.dat565

     Calling punch_plot, plot_num =   3

     Energy =  -2.91960 eV, broadening =   0.01000eV
     Writing data to file  /home/ubuntu/projects/Graphene-Band-Structure-Quantum-Espresso/outputs/field_0/top/data/ldos.pp.dat566

     Calling punch_plot, plot_num =   3

     Energy =  -2.89960 eV, broadening =   0.01000eV
     Writing data to file  /home/ubuntu/projects/Graphene-Band-Structure-Quantum-Espresso/outputs/field_0/top/data/ldos.pp.dat567

     Calling punch_plot, plot_num =   3

     Energy =  -2.87960 eV, broadening =   0.01000eV
     Writing data to file  /home/ubuntu/projects/Graphene-Band-Structure-Quantum-Espresso/outputs/field_0/top/data/ldos.pp.dat568

     Calling punch_plot, plot_num =   3

     Energy =  -2.85960 eV, broadening =   0.01000eV
     Writing data to file  /home/ubuntu/projects/Graphene-Band-Structure-Quantum-Espresso/outputs/field_0/top/data/ldos.pp.dat569

     Calling punch_plot, plot_num =   3

     Energy =  -2.83960 eV, broadening =   0.01000eV
     Writing data to file  /home/ubuntu/projects/Graphene-Band-Structure-Quantum-Espresso/outputs/field_0/top/data/ldos.pp.dat570

     Calling punch_plot, plot_num =   3

     Energy =  -2.81960 eV, broadening =   0.01000eV
     Writing data to file  /home/ubuntu/projects/Graphene-Band-Structure-Quantum-Espresso/outputs/field_0/top/data/ldos.pp.dat571

     Calling punch_plot, plot_num =   3

     Energy =  -2.79960 eV, broadening =   0.01000eV
     Writing data to file  /home/ubuntu/projects/Graphene-Band-Structure-Quantum-Espresso/outputs/field_0/top/data/ldos.pp.dat572

     Calling punch_plot, plot_num =   3

     Energy =  -2.77960 eV, broadening =   0.01000eV
     Writing data to file  /home/ubuntu/projects/Graphene-Band-Structure-Quantum-Espresso/outputs/field_0/top/data/ldos.pp.dat573

     Calling punch_plot, plot_num =   3

     Energy =  -2.75960 eV, broadening =   0.01000eV
     Writing data to file  /home/ubuntu/projects/Graphene-Band-Structure-Quantum-Espresso/outputs/field_0/top/data/ldos.pp.dat574

     Calling punch_plot, plot_num =   3

     Energy =  -2.73960 eV, broadening =   0.01000eV
     Writing data to file  /home/ubuntu/projects/Graphene-Band-Structure-Quantum-Espresso/outputs/field_0/top/data/ldos.pp.dat575

     Calling punch_plot, plot_num =   3

     Energy =  -2.71960 eV, broadening =   0.01000eV
     Writing data to file  /home/ubuntu/projects/Graphene-Band-Structure-Quantum-Espresso/outputs/field_0/top/data/ldos.pp.dat576

     Calling punch_plot, plot_num =   3

     Energy =  -2.69960 eV, broadening =   0.01000eV
     Writing data to file  /home/ubuntu/projects/Graphene-Band-Structure-Quantum-Espresso/outputs/field_0/top/data/ldos.pp.dat577

     Calling punch_plot, plot_num =   3

     Energy =  -2.67960 eV, broadening =   0.01000eV
     Writing data to file  /home/ubuntu/projects/Graphene-Band-Structure-Quantum-Espresso/outputs/field_0/top/data/ldos.pp.dat578

     Calling punch_plot, plot_num =   3

     Energy =  -2.65960 eV, broadening =   0.01000eV
     Writing data to file  /home/ubuntu/projects/Graphene-Band-Structure-Quantum-Espresso/outputs/field_0/top/data/ldos.pp.dat579

     Calling punch_plot, plot_num =   3

     Energy =  -2.63960 eV, broadening =   0.01000eV
     Writing data to file  /home/ubuntu/projects/Graphene-Band-Structure-Quantum-Espresso/outputs/field_0/top/data/ldos.pp.dat580

     Calling punch_plot, plot_num =   3

     Energy =  -2.61960 eV, broadening =   0.01000eV
     Writing data to file  /home/ubuntu/projects/Graphene-Band-Structure-Quantum-Espresso/outputs/field_0/top/data/ldos.pp.dat581

     Calling punch_plot, plot_num =   3

     Energy =  -2.59960 eV, broadening =   0.01000eV
     Writing data to file  /home/ubuntu/projects/Graphene-Band-Structure-Quantum-Espresso/outputs/field_0/top/data/ldos.pp.dat582

     Calling punch_plot, plot_num =   3

     Energy =  -2.57960 eV, broadening =   0.01000eV
     Writing data to file  /home/ubuntu/projects/Graphene-Band-Structure-Quantum-Espresso/outputs/field_0/top/data/ldos.pp.dat583

     Calling punch_plot, plot_num =   3

     Energy =  -2.55960 eV, broadening =   0.01000eV
     Writing data to file  /home/ubuntu/projects/Graphene-Band-Structure-Quantum-Espresso/outputs/field_0/top/data/ldos.pp.dat584

     Calling punch_plot, plot_num =   3

     Energy =  -2.53960 eV, broadening =   0.01000eV
     Writing data to file  /home/ubuntu/projects/Graphene-Band-Structure-Quantum-Espresso/outputs/field_0/top/data/ldos.pp.dat585

     Calling punch_plot, plot_num =   3

     Energy =  -2.51960 eV, broadening =   0.01000eV
     Writing data to file  /home/ubuntu/projects/Graphene-Band-Structure-Quantum-Espresso/outputs/field_0/top/data/ldos.pp.dat586

     Calling punch_plot, plot_num =   3

     Energy =  -2.49960 eV, broadening =   0.01000eV
     Writing data to file  /home/ubuntu/projects/Graphene-Band-Structure-Quantum-Espresso/outputs/field_0/top/data/ldos.pp.dat587

     Calling punch_plot, plot_num =   3

     Energy =  -2.47960 eV, broadening =   0.01000eV
     Writing data to file  /home/ubuntu/projects/Graphene-Band-Structure-Quantum-Espresso/outputs/field_0/top/data/ldos.pp.dat588

     Calling punch_plot, plot_num =   3

     Energy =  -2.45960 eV, broadening =   0.01000eV
     Writing data to file  /home/ubuntu/projects/Graphene-Band-Structure-Quantum-Espresso/outputs/field_0/top/data/ldos.pp.dat589

     Calling punch_plot, plot_num =   3

     Energy =  -2.43960 eV, broadening =   0.01000eV
     Writing data to file  /home/ubuntu/projects/Graphene-Band-Structure-Quantum-Espresso/outputs/field_0/top/data/ldos.pp.dat590

     Calling punch_plot, plot_num =   3

     Energy =  -2.41960 eV, broadening =   0.01000eV
     Writing data to file  /home/ubuntu/projects/Graphene-Band-Structure-Quantum-Espresso/outputs/field_0/top/data/ldos.pp.dat591

     Calling punch_plot, plot_num =   3

     Energy =  -2.39960 eV, broadening =   0.01000eV
     Writing data to file  /home/ubuntu/projects/Graphene-Band-Structure-Quantum-Espresso/outputs/field_0/top/data/ldos.pp.dat592

     Calling punch_plot, plot_num =   3

     Energy =  -2.37960 eV, broadening =   0.01000eV
     Writing data to file  /home/ubuntu/projects/Graphene-Band-Structure-Quantum-Espresso/outputs/field_0/top/data/ldos.pp.dat593

     Calling punch_plot, plot_num =   3

     Energy =  -2.35960 eV, broadening =   0.01000eV
     Writing data to file  /home/ubuntu/projects/Graphene-Band-Structure-Quantum-Espresso/outputs/field_0/top/data/ldos.pp.dat594

     Calling punch_plot, plot_num =   3

     Energy =  -2.33960 eV, broadening =   0.01000eV
     Writing data to file  /home/ubuntu/projects/Graphene-Band-Structure-Quantum-Espresso/outputs/field_0/top/data/ldos.pp.dat595

     Calling punch_plot, plot_num =   3

     Energy =  -2.31960 eV, broadening =   0.01000eV
     Writing data to file  /home/ubuntu/projects/Graphene-Band-Structure-Quantum-Espresso/outputs/field_0/top/data/ldos.pp.dat596

     Calling punch_plot, plot_num =   3

     Energy =  -2.29960 eV, broadening =   0.01000eV
     Writing data to file  /home/ubuntu/projects/Graphene-Band-Structure-Quantum-Espresso/outputs/field_0/top/data/ldos.pp.dat597

     Calling punch_plot, plot_num =   3

     Energy =  -2.27960 eV, broadening =   0.01000eV
     Writing data to file  /home/ubuntu/projects/Graphene-Band-Structure-Quantum-Espresso/outputs/field_0/top/data/ldos.pp.dat598

     Calling punch_plot, plot_num =   3

     Energy =  -2.25960 eV, broadening =   0.01000eV
     Writing data to file  /home/ubuntu/projects/Graphene-Band-Structure-Quantum-Espresso/outputs/field_0/top/data/ldos.pp.dat599

     Calling punch_plot, plot_num =   3

     Energy =  -2.23960 eV, broadening =   0.01000eV
     Writing data to file  /home/ubuntu/projects/Graphene-Band-Structure-Quantum-Espresso/outputs/field_0/top/data/ldos.pp.dat600

     Calling punch_plot, plot_num =   3

     Energy =  -2.21960 eV, broadening =   0.01000eV
     Writing data to file  /home/ubuntu/projects/Graphene-Band-Structure-Quantum-Espresso/outputs/field_0/top/data/ldos.pp.dat601

     Calling punch_plot, plot_num =   3

     Energy =  -2.19960 eV, broadening =   0.01000eV
     Writing data to file  /home/ubuntu/projects/Graphene-Band-Structure-Quantum-Espresso/outputs/field_0/top/data/ldos.pp.dat602

     Calling punch_plot, plot_num =   3

     Energy =  -2.17960 eV, broadening =   0.01000eV
     Writing data to file  /home/ubuntu/projects/Graphene-Band-Structure-Quantum-Espresso/outputs/field_0/top/data/ldos.pp.dat603

     Calling punch_plot, plot_num =   3

     Energy =  -2.15960 eV, broadening =   0.01000eV
     Writing data to file  /home/ubuntu/projects/Graphene-Band-Structure-Quantum-Espresso/outputs/field_0/top/data/ldos.pp.dat604

     Calling punch_plot, plot_num =   3

     Energy =  -2.13960 eV, broadening =   0.01000eV
     Writing data to file  /home/ubuntu/projects/Graphene-Band-Structure-Quantum-Espresso/outputs/field_0/top/data/ldos.pp.dat605

     Calling punch_plot, plot_num =   3

     Energy =  -2.11960 eV, broadening =   0.01000eV
     Writing data to file  /home/ubuntu/projects/Graphene-Band-Structure-Quantum-Espresso/outputs/field_0/top/data/ldos.pp.dat606

     Calling punch_plot, plot_num =   3

     Energy =  -2.09960 eV, broadening =   0.01000eV
     Writing data to file  /home/ubuntu/projects/Graphene-Band-Structure-Quantum-Espresso/outputs/field_0/top/data/ldos.pp.dat607

     Calling punch_plot, plot_num =   3

     Energy =  -2.07960 eV, broadening =   0.01000eV
     Writing data to file  /home/ubuntu/projects/Graphene-Band-Structure-Quantum-Espresso/outputs/field_0/top/data/ldos.pp.dat608

     Calling punch_plot, plot_num =   3

     Energy =  -2.05960 eV, broadening =   0.01000eV
     Writing data to file  /home/ubuntu/projects/Graphene-Band-Structure-Quantum-Espresso/outputs/field_0/top/data/ldos.pp.dat609

     Calling punch_plot, plot_num =   3

     Energy =  -2.03960 eV, broadening =   0.01000eV
     Writing data to file  /home/ubuntu/projects/Graphene-Band-Structure-Quantum-Espresso/outputs/field_0/top/data/ldos.pp.dat610

     Calling punch_plot, plot_num =   3

     Energy =  -2.01960 eV, broadening =   0.01000eV
     Writing data to file  /home/ubuntu/projects/Graphene-Band-Structure-Quantum-Espresso/outputs/field_0/top/data/ldos.pp.dat611

     Calling punch_plot, plot_num =   3

     Energy =  -1.99960 eV, broadening =   0.01000eV
     Writing data to file  /home/ubuntu/projects/Graphene-Band-Structure-Quantum-Espresso/outputs/field_0/top/data/ldos.pp.dat612

     Calling punch_plot, plot_num =   3

     Energy =  -1.97960 eV, broadening =   0.01000eV
     Writing data to file  /home/ubuntu/projects/Graphene-Band-Structure-Quantum-Espresso/outputs/field_0/top/data/ldos.pp.dat613

     Calling punch_plot, plot_num =   3

     Energy =  -1.95960 eV, broadening =   0.01000eV
     Writing data to file  /home/ubuntu/projects/Graphene-Band-Structure-Quantum-Espresso/outputs/field_0/top/data/ldos.pp.dat614

     Calling punch_plot, plot_num =   3

     Energy =  -1.93960 eV, broadening =   0.01000eV
     Writing data to file  /home/ubuntu/projects/Graphene-Band-Structure-Quantum-Espresso/outputs/field_0/top/data/ldos.pp.dat615

     Calling punch_plot, plot_num =   3

     Energy =  -1.91960 eV, broadening =   0.01000eV
     Writing data to file  /home/ubuntu/projects/Graphene-Band-Structure-Quantum-Espresso/outputs/field_0/top/data/ldos.pp.dat616

     Calling punch_plot, plot_num =   3

     Energy =  -1.89960 eV, broadening =   0.01000eV
     Writing data to file  /home/ubuntu/projects/Graphene-Band-Structure-Quantum-Espresso/outputs/field_0/top/data/ldos.pp.dat617

     Calling punch_plot, plot_num =   3

     Energy =  -1.87960 eV, broadening =   0.01000eV
     Writing data to file  /home/ubuntu/projects/Graphene-Band-Structure-Quantum-Espresso/outputs/field_0/top/data/ldos.pp.dat618

     Calling punch_plot, plot_num =   3

     Energy =  -1.85960 eV, broadening =   0.01000eV
     Writing data to file  /home/ubuntu/projects/Graphene-Band-Structure-Quantum-Espresso/outputs/field_0/top/data/ldos.pp.dat619

     Calling punch_plot, plot_num =   3

     Energy =  -1.83960 eV, broadening =   0.01000eV
     Writing data to file  /home/ubuntu/projects/Graphene-Band-Structure-Quantum-Espresso/outputs/field_0/top/data/ldos.pp.dat620

     Calling punch_plot, plot_num =   3

     Energy =  -1.81960 eV, broadening =   0.01000eV
     Writing data to file  /home/ubuntu/projects/Graphene-Band-Structure-Quantum-Espresso/outputs/field_0/top/data/ldos.pp.dat621

     Calling punch_plot, plot_num =   3

     Energy =  -1.79960 eV, broadening =   0.01000eV
     Writing data to file  /home/ubuntu/projects/Graphene-Band-Structure-Quantum-Espresso/outputs/field_0/top/data/ldos.pp.dat622

     Calling punch_plot, plot_num =   3

     Energy =  -1.77960 eV, broadening =   0.01000eV
     Writing data to file  /home/ubuntu/projects/Graphene-Band-Structure-Quantum-Espresso/outputs/field_0/top/data/ldos.pp.dat623

     Calling punch_plot, plot_num =   3

     Energy =  -1.75960 eV, broadening =   0.01000eV
     Writing data to file  /home/ubuntu/projects/Graphene-Band-Structure-Quantum-Espresso/outputs/field_0/top/data/ldos.pp.dat624

     Calling punch_plot, plot_num =   3

     Energy =  -1.73960 eV, broadening =   0.01000eV
     Writing data to file  /home/ubuntu/projects/Graphene-Band-Structure-Quantum-Espresso/outputs/field_0/top/data/ldos.pp.dat625

     Calling punch_plot, plot_num =   3

     Energy =  -1.71960 eV, broadening =   0.01000eV
     Writing data to file  /home/ubuntu/projects/Graphene-Band-Structure-Quantum-Espresso/outputs/field_0/top/data/ldos.pp.dat626

     Calling punch_plot, plot_num =   3

     Energy =  -1.69960 eV, broadening =   0.01000eV
     Writing data to file  /home/ubuntu/projects/Graphene-Band-Structure-Quantum-Espresso/outputs/field_0/top/data/ldos.pp.dat627

     Calling punch_plot, plot_num =   3

     Energy =  -1.67960 eV, broadening =   0.01000eV
     Writing data to file  /home/ubuntu/projects/Graphene-Band-Structure-Quantum-Espresso/outputs/field_0/top/data/ldos.pp.dat628

     Calling punch_plot, plot_num =   3

     Energy =  -1.65960 eV, broadening =   0.01000eV
     Writing data to file  /home/ubuntu/projects/Graphene-Band-Structure-Quantum-Espresso/outputs/field_0/top/data/ldos.pp.dat629

     Calling punch_plot, plot_num =   3

     Energy =  -1.63960 eV, broadening =   0.01000eV
     Writing data to file  /home/ubuntu/projects/Graphene-Band-Structure-Quantum-Espresso/outputs/field_0/top/data/ldos.pp.dat630

     Calling punch_plot, plot_num =   3

     Energy =  -1.61960 eV, broadening =   0.01000eV
     Writing data to file  /home/ubuntu/projects/Graphene-Band-Structure-Quantum-Espresso/outputs/field_0/top/data/ldos.pp.dat631

     Calling punch_plot, plot_num =   3

     Energy =  -1.59960 eV, broadening =   0.01000eV
     Writing data to file  /home/ubuntu/projects/Graphene-Band-Structure-Quantum-Espresso/outputs/field_0/top/data/ldos.pp.dat632

     Calling punch_plot, plot_num =   3

     Energy =  -1.57960 eV, broadening =   0.01000eV
     Writing data to file  /home/ubuntu/projects/Graphene-Band-Structure-Quantum-Espresso/outputs/field_0/top/data/ldos.pp.dat633

     Calling punch_plot, plot_num =   3

     Energy =  -1.55960 eV, broadening =   0.01000eV
     Writing data to file  /home/ubuntu/projects/Graphene-Band-Structure-Quantum-Espresso/outputs/field_0/top/data/ldos.pp.dat634

     Calling punch_plot, plot_num =   3

     Energy =  -1.53960 eV, broadening =   0.01000eV
     Writing data to file  /home/ubuntu/projects/Graphene-Band-Structure-Quantum-Espresso/outputs/field_0/top/data/ldos.pp.dat635

     Calling punch_plot, plot_num =   3

     Energy =  -1.51960 eV, broadening =   0.01000eV
     Writing data to file  /home/ubuntu/projects/Graphene-Band-Structure-Quantum-Espresso/outputs/field_0/top/data/ldos.pp.dat636

     Calling punch_plot, plot_num =   3

     Energy =  -1.49960 eV, broadening =   0.01000eV
     Writing data to file  /home/ubuntu/projects/Graphene-Band-Structure-Quantum-Espresso/outputs/field_0/top/data/ldos.pp.dat637

     Calling punch_plot, plot_num =   3

     Energy =  -1.47960 eV, broadening =   0.01000eV
     Writing data to file  /home/ubuntu/projects/Graphene-Band-Structure-Quantum-Espresso/outputs/field_0/top/data/ldos.pp.dat638

     Calling punch_plot, plot_num =   3

     Energy =  -1.45960 eV, broadening =   0.01000eV
     Writing data to file  /home/ubuntu/projects/Graphene-Band-Structure-Quantum-Espresso/outputs/field_0/top/data/ldos.pp.dat639

     Calling punch_plot, plot_num =   3

     Energy =  -1.43960 eV, broadening =   0.01000eV
     Writing data to file  /home/ubuntu/projects/Graphene-Band-Structure-Quantum-Espresso/outputs/field_0/top/data/ldos.pp.dat640

     Calling punch_plot, plot_num =   3

     Energy =  -1.41960 eV, broadening =   0.01000eV
     Writing data to file  /home/ubuntu/projects/Graphene-Band-Structure-Quantum-Espresso/outputs/field_0/top/data/ldos.pp.dat641

     Calling punch_plot, plot_num =   3

     Energy =  -1.39960 eV, broadening =   0.01000eV
     Writing data to file  /home/ubuntu/projects/Graphene-Band-Structure-Quantum-Espresso/outputs/field_0/top/data/ldos.pp.dat642

     Calling punch_plot, plot_num =   3

     Energy =  -1.37960 eV, broadening =   0.01000eV
     Writing data to file  /home/ubuntu/projects/Graphene-Band-Structure-Quantum-Espresso/outputs/field_0/top/data/ldos.pp.dat643

     Calling punch_plot, plot_num =   3

     Energy =  -1.35960 eV, broadening =   0.01000eV
     Writing data to file  /home/ubuntu/projects/Graphene-Band-Structure-Quantum-Espresso/outputs/field_0/top/data/ldos.pp.dat644

     Calling punch_plot, plot_num =   3

     Energy =  -1.33960 eV, broadening =   0.01000eV
     Writing data to file  /home/ubuntu/projects/Graphene-Band-Structure-Quantum-Espresso/outputs/field_0/top/data/ldos.pp.dat645

     Calling punch_plot, plot_num =   3

     Energy =  -1.31960 eV, broadening =   0.01000eV
     Writing data to file  /home/ubuntu/projects/Graphene-Band-Structure-Quantum-Espresso/outputs/field_0/top/data/ldos.pp.dat646

     Calling punch_plot, plot_num =   3

     Energy =  -1.29960 eV, broadening =   0.01000eV
     Writing data to file  /home/ubuntu/projects/Graphene-Band-Structure-Quantum-Espresso/outputs/field_0/top/data/ldos.pp.dat647

     Calling punch_plot, plot_num =   3

     Energy =  -1.27960 eV, broadening =   0.01000eV
     Writing data to file  /home/ubuntu/projects/Graphene-Band-Structure-Quantum-Espresso/outputs/field_0/top/data/ldos.pp.dat648

     Calling punch_plot, plot_num =   3

     Energy =  -1.25960 eV, broadening =   0.01000eV
     Writing data to file  /home/ubuntu/projects/Graphene-Band-Structure-Quantum-Espresso/outputs/field_0/top/data/ldos.pp.dat649

     Calling punch_plot, plot_num =   3

     Energy =  -1.23960 eV, broadening =   0.01000eV
     Writing data to file  /home/ubuntu/projects/Graphene-Band-Structure-Quantum-Espresso/outputs/field_0/top/data/ldos.pp.dat650

     Calling punch_plot, plot_num =   3

     Energy =  -1.21960 eV, broadening =   0.01000eV
     Writing data to file  /home/ubuntu/projects/Graphene-Band-Structure-Quantum-Espresso/outputs/field_0/top/data/ldos.pp.dat651

     Calling punch_plot, plot_num =   3

     Energy =  -1.19960 eV, broadening =   0.01000eV
     Writing data to file  /home/ubuntu/projects/Graphene-Band-Structure-Quantum-Espresso/outputs/field_0/top/data/ldos.pp.dat652

     Calling punch_plot, plot_num =   3

     Energy =  -1.17960 eV, broadening =   0.01000eV
     Writing data to file  /home/ubuntu/projects/Graphene-Band-Structure-Quantum-Espresso/outputs/field_0/top/data/ldos.pp.dat653

     Calling punch_plot, plot_num =   3

     Energy =  -1.15960 eV, broadening =   0.01000eV
     Writing data to file  /home/ubuntu/projects/Graphene-Band-Structure-Quantum-Espresso/outputs/field_0/top/data/ldos.pp.dat654

     Calling punch_plot, plot_num =   3

     Energy =  -1.13960 eV, broadening =   0.01000eV
     Writing data to file  /home/ubuntu/projects/Graphene-Band-Structure-Quantum-Espresso/outputs/field_0/top/data/ldos.pp.dat655

     Calling punch_plot, plot_num =   3

     Energy =  -1.11960 eV, broadening =   0.01000eV
     Writing data to file  /home/ubuntu/projects/Graphene-Band-Structure-Quantum-Espresso/outputs/field_0/top/data/ldos.pp.dat656

     Calling punch_plot, plot_num =   3

     Energy =  -1.09960 eV, broadening =   0.01000eV
     Writing data to file  /home/ubuntu/projects/Graphene-Band-Structure-Quantum-Espresso/outputs/field_0/top/data/ldos.pp.dat657

     Calling punch_plot, plot_num =   3

     Energy =  -1.07960 eV, broadening =   0.01000eV
     Writing data to file  /home/ubuntu/projects/Graphene-Band-Structure-Quantum-Espresso/outputs/field_0/top/data/ldos.pp.dat658

     Calling punch_plot, plot_num =   3

     Energy =  -1.05960 eV, broadening =   0.01000eV
     Writing data to file  /home/ubuntu/projects/Graphene-Band-Structure-Quantum-Espresso/outputs/field_0/top/data/ldos.pp.dat659

     Calling punch_plot, plot_num =   3

     Energy =  -1.03960 eV, broadening =   0.01000eV
     Writing data to file  /home/ubuntu/projects/Graphene-Band-Structure-Quantum-Espresso/outputs/field_0/top/data/ldos.pp.dat660

     Calling punch_plot, plot_num =   3

     Energy =  -1.01960 eV, broadening =   0.01000eV
     Writing data to file  /home/ubuntu/projects/Graphene-Band-Structure-Quantum-Espresso/outputs/field_0/top/data/ldos.pp.dat661

     Calling punch_plot, plot_num =   3

     Energy =  -0.99960 eV, broadening =   0.01000eV
     Writing data to file  /home/ubuntu/projects/Graphene-Band-Structure-Quantum-Espresso/outputs/field_0/top/data/ldos.pp.dat662

     Calling punch_plot, plot_num =   3

     Energy =  -0.97960 eV, broadening =   0.01000eV
     Writing data to file  /home/ubuntu/projects/Graphene-Band-Structure-Quantum-Espresso/outputs/field_0/top/data/ldos.pp.dat663

     Calling punch_plot, plot_num =   3

     Energy =  -0.95960 eV, broadening =   0.01000eV
     Writing data to file  /home/ubuntu/projects/Graphene-Band-Structure-Quantum-Espresso/outputs/field_0/top/data/ldos.pp.dat664

     Calling punch_plot, plot_num =   3

     Energy =  -0.93960 eV, broadening =   0.01000eV
     Writing data to file  /home/ubuntu/projects/Graphene-Band-Structure-Quantum-Espresso/outputs/field_0/top/data/ldos.pp.dat665

     Calling punch_plot, plot_num =   3

     Energy =  -0.91960 eV, broadening =   0.01000eV
     Writing data to file  /home/ubuntu/projects/Graphene-Band-Structure-Quantum-Espresso/outputs/field_0/top/data/ldos.pp.dat666

     Calling punch_plot, plot_num =   3

     Energy =  -0.89960 eV, broadening =   0.01000eV
     Writing data to file  /home/ubuntu/projects/Graphene-Band-Structure-Quantum-Espresso/outputs/field_0/top/data/ldos.pp.dat667

     Calling punch_plot, plot_num =   3

     Energy =  -0.87960 eV, broadening =   0.01000eV
     Writing data to file  /home/ubuntu/projects/Graphene-Band-Structure-Quantum-Espresso/outputs/field_0/top/data/ldos.pp.dat668

     Calling punch_plot, plot_num =   3

     Energy =  -0.85960 eV, broadening =   0.01000eV
     Writing data to file  /home/ubuntu/projects/Graphene-Band-Structure-Quantum-Espresso/outputs/field_0/top/data/ldos.pp.dat669

     Calling punch_plot, plot_num =   3

     Energy =  -0.83960 eV, broadening =   0.01000eV
     Writing data to file  /home/ubuntu/projects/Graphene-Band-Structure-Quantum-Espresso/outputs/field_0/top/data/ldos.pp.dat670

     Calling punch_plot, plot_num =   3

     Energy =  -0.81960 eV, broadening =   0.01000eV
     Writing data to file  /home/ubuntu/projects/Graphene-Band-Structure-Quantum-Espresso/outputs/field_0/top/data/ldos.pp.dat671

     Calling punch_plot, plot_num =   3

     Energy =  -0.79960 eV, broadening =   0.01000eV
     Writing data to file  /home/ubuntu/projects/Graphene-Band-Structure-Quantum-Espresso/outputs/field_0/top/data/ldos.pp.dat672

     Calling punch_plot, plot_num =   3

     Energy =  -0.77960 eV, broadening =   0.01000eV
     Writing data to file  /home/ubuntu/projects/Graphene-Band-Structure-Quantum-Espresso/outputs/field_0/top/data/ldos.pp.dat673

     Calling punch_plot, plot_num =   3

     Energy =  -0.75960 eV, broadening =   0.01000eV
     Writing data to file  /home/ubuntu/projects/Graphene-Band-Structure-Quantum-Espresso/outputs/field_0/top/data/ldos.pp.dat674

     Calling punch_plot, plot_num =   3

     Energy =  -0.73960 eV, broadening =   0.01000eV
     Writing data to file  /home/ubuntu/projects/Graphene-Band-Structure-Quantum-Espresso/outputs/field_0/top/data/ldos.pp.dat675

     Calling punch_plot, plot_num =   3

     Energy =  -0.71960 eV, broadening =   0.01000eV
     Writing data to file  /home/ubuntu/projects/Graphene-Band-Structure-Quantum-Espresso/outputs/field_0/top/data/ldos.pp.dat676

     Calling punch_plot, plot_num =   3

     Energy =  -0.69960 eV, broadening =   0.01000eV
     Writing data to file  /home/ubuntu/projects/Graphene-Band-Structure-Quantum-Espresso/outputs/field_0/top/data/ldos.pp.dat677

     Calling punch_plot, plot_num =   3

     Energy =  -0.67960 eV, broadening =   0.01000eV
     Writing data to file  /home/ubuntu/projects/Graphene-Band-Structure-Quantum-Espresso/outputs/field_0/top/data/ldos.pp.dat678

     Calling punch_plot, plot_num =   3

     Energy =  -0.65960 eV, broadening =   0.01000eV
     Writing data to file  /home/ubuntu/projects/Graphene-Band-Structure-Quantum-Espresso/outputs/field_0/top/data/ldos.pp.dat679

     Calling punch_plot, plot_num =   3

     Energy =  -0.63960 eV, broadening =   0.01000eV
     Writing data to file  /home/ubuntu/projects/Graphene-Band-Structure-Quantum-Espresso/outputs/field_0/top/data/ldos.pp.dat680

     Calling punch_plot, plot_num =   3

     Energy =  -0.61960 eV, broadening =   0.01000eV
     Writing data to file  /home/ubuntu/projects/Graphene-Band-Structure-Quantum-Espresso/outputs/field_0/top/data/ldos.pp.dat681

     Calling punch_plot, plot_num =   3

     Energy =  -0.59960 eV, broadening =   0.01000eV
     Writing data to file  /home/ubuntu/projects/Graphene-Band-Structure-Quantum-Espresso/outputs/field_0/top/data/ldos.pp.dat682

     Calling punch_plot, plot_num =   3

     Energy =  -0.57960 eV, broadening =   0.01000eV
     Writing data to file  /home/ubuntu/projects/Graphene-Band-Structure-Quantum-Espresso/outputs/field_0/top/data/ldos.pp.dat683

     Calling punch_plot, plot_num =   3

     Energy =  -0.55960 eV, broadening =   0.01000eV
     Writing data to file  /home/ubuntu/projects/Graphene-Band-Structure-Quantum-Espresso/outputs/field_0/top/data/ldos.pp.dat684

     Calling punch_plot, plot_num =   3

     Energy =  -0.53960 eV, broadening =   0.01000eV
     Writing data to file  /home/ubuntu/projects/Graphene-Band-Structure-Quantum-Espresso/outputs/field_0/top/data/ldos.pp.dat685

     Calling punch_plot, plot_num =   3

     Energy =  -0.51960 eV, broadening =   0.01000eV
     Writing data to file  /home/ubuntu/projects/Graphene-Band-Structure-Quantum-Espresso/outputs/field_0/top/data/ldos.pp.dat686

     Calling punch_plot, plot_num =   3

     Energy =  -0.49960 eV, broadening =   0.01000eV
     Writing data to file  /home/ubuntu/projects/Graphene-Band-Structure-Quantum-Espresso/outputs/field_0/top/data/ldos.pp.dat687

     Calling punch_plot, plot_num =   3

     Energy =  -0.47960 eV, broadening =   0.01000eV
     Writing data to file  /home/ubuntu/projects/Graphene-Band-Structure-Quantum-Espresso/outputs/field_0/top/data/ldos.pp.dat688

     Calling punch_plot, plot_num =   3

     Energy =  -0.45960 eV, broadening =   0.01000eV
     Writing data to file  /home/ubuntu/projects/Graphene-Band-Structure-Quantum-Espresso/outputs/field_0/top/data/ldos.pp.dat689

     Calling punch_plot, plot_num =   3

     Energy =  -0.43960 eV, broadening =   0.01000eV
     Writing data to file  /home/ubuntu/projects/Graphene-Band-Structure-Quantum-Espresso/outputs/field_0/top/data/ldos.pp.dat690

     Calling punch_plot, plot_num =   3

     Energy =  -0.41960 eV, broadening =   0.01000eV
     Writing data to file  /home/ubuntu/projects/Graphene-Band-Structure-Quantum-Espresso/outputs/field_0/top/data/ldos.pp.dat691

     Calling punch_plot, plot_num =   3

     Energy =  -0.39960 eV, broadening =   0.01000eV
     Writing data to file  /home/ubuntu/projects/Graphene-Band-Structure-Quantum-Espresso/outputs/field_0/top/data/ldos.pp.dat692

     Calling punch_plot, plot_num =   3

     Energy =  -0.37960 eV, broadening =   0.01000eV
     Writing data to file  /home/ubuntu/projects/Graphene-Band-Structure-Quantum-Espresso/outputs/field_0/top/data/ldos.pp.dat693

     Calling punch_plot, plot_num =   3

     Energy =  -0.35960 eV, broadening =   0.01000eV
     Writing data to file  /home/ubuntu/projects/Graphene-Band-Structure-Quantum-Espresso/outputs/field_0/top/data/ldos.pp.dat694

     Calling punch_plot, plot_num =   3

     Energy =  -0.33960 eV, broadening =   0.01000eV
     Writing data to file  /home/ubuntu/projects/Graphene-Band-Structure-Quantum-Espresso/outputs/field_0/top/data/ldos.pp.dat695

     Calling punch_plot, plot_num =   3

     Energy =  -0.31960 eV, broadening =   0.01000eV
     Writing data to file  /home/ubuntu/projects/Graphene-Band-Structure-Quantum-Espresso/outputs/field_0/top/data/ldos.pp.dat696

     Calling punch_plot, plot_num =   3

     Energy =  -0.29960 eV, broadening =   0.01000eV
     Writing data to file  /home/ubuntu/projects/Graphene-Band-Structure-Quantum-Espresso/outputs/field_0/top/data/ldos.pp.dat697

     Calling punch_plot, plot_num =   3

     Energy =  -0.27960 eV, broadening =   0.01000eV
     Writing data to file  /home/ubuntu/projects/Graphene-Band-Structure-Quantum-Espresso/outputs/field_0/top/data/ldos.pp.dat698

     Calling punch_plot, plot_num =   3

     Energy =  -0.25960 eV, broadening =   0.01000eV
     Writing data to file  /home/ubuntu/projects/Graphene-Band-Structure-Quantum-Espresso/outputs/field_0/top/data/ldos.pp.dat699

     Calling punch_plot, plot_num =   3

     Energy =  -0.23960 eV, broadening =   0.01000eV
     Writing data to file  /home/ubuntu/projects/Graphene-Band-Structure-Quantum-Espresso/outputs/field_0/top/data/ldos.pp.dat700

     Calling punch_plot, plot_num =   3

     Energy =  -0.21960 eV, broadening =   0.01000eV
     Writing data to file  /home/ubuntu/projects/Graphene-Band-Structure-Quantum-Espresso/outputs/field_0/top/data/ldos.pp.dat701

     Calling punch_plot, plot_num =   3

     Energy =  -0.19960 eV, broadening =   0.01000eV
     Writing data to file  /home/ubuntu/projects/Graphene-Band-Structure-Quantum-Espresso/outputs/field_0/top/data/ldos.pp.dat702

     Calling punch_plot, plot_num =   3

     Energy =  -0.17960 eV, broadening =   0.01000eV
     Writing data to file  /home/ubuntu/projects/Graphene-Band-Structure-Quantum-Espresso/outputs/field_0/top/data/ldos.pp.dat703

     Calling punch_plot, plot_num =   3

     Energy =  -0.15960 eV, broadening =   0.01000eV
     Writing data to file  /home/ubuntu/projects/Graphene-Band-Structure-Quantum-Espresso/outputs/field_0/top/data/ldos.pp.dat704

     Calling punch_plot, plot_num =   3

     Energy =  -0.13960 eV, broadening =   0.01000eV
     Writing data to file  /home/ubuntu/projects/Graphene-Band-Structure-Quantum-Espresso/outputs/field_0/top/data/ldos.pp.dat705

     Calling punch_plot, plot_num =   3

     Energy =  -0.11960 eV, broadening =   0.01000eV
     Writing data to file  /home/ubuntu/projects/Graphene-Band-Structure-Quantum-Espresso/outputs/field_0/top/data/ldos.pp.dat706

     Calling punch_plot, plot_num =   3

     Energy =  -0.09960 eV, broadening =   0.01000eV
     Writing data to file  /home/ubuntu/projects/Graphene-Band-Structure-Quantum-Espresso/outputs/field_0/top/data/ldos.pp.dat707

     Calling punch_plot, plot_num =   3

     Energy =  -0.07960 eV, broadening =   0.01000eV
     Writing data to file  /home/ubuntu/projects/Graphene-Band-Structure-Quantum-Espresso/outputs/field_0/top/data/ldos.pp.dat708

     Calling punch_plot, plot_num =   3

     Energy =  -0.05960 eV, broadening =   0.01000eV
     Writing data to file  /home/ubuntu/projects/Graphene-Band-Structure-Quantum-Espresso/outputs/field_0/top/data/ldos.pp.dat709

     Calling punch_plot, plot_num =   3

     Energy =  -0.03960 eV, broadening =   0.01000eV
     Writing data to file  /home/ubuntu/projects/Graphene-Band-Structure-Quantum-Espresso/outputs/field_0/top/data/ldos.pp.dat710

     Calling punch_plot, plot_num =   3

     Energy =  -0.01960 eV, broadening =   0.01000eV
     Writing data to file  /home/ubuntu/projects/Graphene-Band-Structure-Quantum-Espresso/outputs/field_0/top/data/ldos.pp.dat711

     Calling punch_plot, plot_num =   3

     Energy =   0.00040 eV, broadening =   0.01000eV
     Writing data to file  /home/ubuntu/projects/Graphene-Band-Structure-Quantum-Espresso/outputs/field_0/top/data/ldos.pp.dat712

     Calling punch_plot, plot_num =   3

     Energy =   0.02040 eV, broadening =   0.01000eV
     Writing data to file  /home/ubuntu/projects/Graphene-Band-Structure-Quantum-Espresso/outputs/field_0/top/data/ldos.pp.dat713

     Calling punch_plot, plot_num =   3

     Energy =   0.04040 eV, broadening =   0.01000eV
     Writing data to file  /home/ubuntu/projects/Graphene-Band-Structure-Quantum-Espresso/outputs/field_0/top/data/ldos.pp.dat714

     Calling punch_plot, plot_num =   3

     Energy =   0.06040 eV, broadening =   0.01000eV
     Writing data to file  /home/ubuntu/projects/Graphene-Band-Structure-Quantum-Espresso/outputs/field_0/top/data/ldos.pp.dat715

     Calling punch_plot, plot_num =   3

     Energy =   0.08040 eV, broadening =   0.01000eV
     Writing data to file  /home/ubuntu/projects/Graphene-Band-Structure-Quantum-Espresso/outputs/field_0/top/data/ldos.pp.dat716

     Calling punch_plot, plot_num =   3

     Energy =   0.10040 eV, broadening =   0.01000eV
     Writing data to file  /home/ubuntu/projects/Graphene-Band-Structure-Quantum-Espresso/outputs/field_0/top/data/ldos.pp.dat717

     Calling punch_plot, plot_num =   3

     Energy =   0.12040 eV, broadening =   0.01000eV
     Writing data to file  /home/ubuntu/projects/Graphene-Band-Structure-Quantum-Espresso/outputs/field_0/top/data/ldos.pp.dat718

     Calling punch_plot, plot_num =   3

     Energy =   0.14040 eV, broadening =   0.01000eV
     Writing data to file  /home/ubuntu/projects/Graphene-Band-Structure-Quantum-Espresso/outputs/field_0/top/data/ldos.pp.dat719

     Calling punch_plot, plot_num =   3

     Energy =   0.16040 eV, broadening =   0.01000eV
     Writing data to file  /home/ubuntu/projects/Graphene-Band-Structure-Quantum-Espresso/outputs/field_0/top/data/ldos.pp.dat720

     Calling punch_plot, plot_num =   3

     Energy =   0.18040 eV, broadening =   0.01000eV
     Writing data to file  /home/ubuntu/projects/Graphene-Band-Structure-Quantum-Espresso/outputs/field_0/top/data/ldos.pp.dat721

     Calling punch_plot, plot_num =   3

     Energy =   0.20040 eV, broadening =   0.01000eV
     Writing data to file  /home/ubuntu/projects/Graphene-Band-Structure-Quantum-Espresso/outputs/field_0/top/data/ldos.pp.dat722

     Calling punch_plot, plot_num =   3

     Energy =   0.22040 eV, broadening =   0.01000eV
     Writing data to file  /home/ubuntu/projects/Graphene-Band-Structure-Quantum-Espresso/outputs/field_0/top/data/ldos.pp.dat723

     Calling punch_plot, plot_num =   3

     Energy =   0.24040 eV, broadening =   0.01000eV
     Writing data to file  /home/ubuntu/projects/Graphene-Band-Structure-Quantum-Espresso/outputs/field_0/top/data/ldos.pp.dat724

     Calling punch_plot, plot_num =   3

     Energy =   0.26040 eV, broadening =   0.01000eV
     Writing data to file  /home/ubuntu/projects/Graphene-Band-Structure-Quantum-Espresso/outputs/field_0/top/data/ldos.pp.dat725

     Calling punch_plot, plot_num =   3

     Energy =   0.28040 eV, broadening =   0.01000eV
     Writing data to file  /home/ubuntu/projects/Graphene-Band-Structure-Quantum-Espresso/outputs/field_0/top/data/ldos.pp.dat726

     Calling punch_plot, plot_num =   3

     Energy =   0.30040 eV, broadening =   0.01000eV
     Writing data to file  /home/ubuntu/projects/Graphene-Band-Structure-Quantum-Espresso/outputs/field_0/top/data/ldos.pp.dat727

     Calling punch_plot, plot_num =   3

     Energy =   0.32040 eV, broadening =   0.01000eV
     Writing data to file  /home/ubuntu/projects/Graphene-Band-Structure-Quantum-Espresso/outputs/field_0/top/data/ldos.pp.dat728

     Calling punch_plot, plot_num =   3

     Energy =   0.34040 eV, broadening =   0.01000eV
     Writing data to file  /home/ubuntu/projects/Graphene-Band-Structure-Quantum-Espresso/outputs/field_0/top/data/ldos.pp.dat729

     Calling punch_plot, plot_num =   3

     Energy =   0.36040 eV, broadening =   0.01000eV
     Writing data to file  /home/ubuntu/projects/Graphene-Band-Structure-Quantum-Espresso/outputs/field_0/top/data/ldos.pp.dat730

     Calling punch_plot, plot_num =   3

     Energy =   0.38040 eV, broadening =   0.01000eV
     Writing data to file  /home/ubuntu/projects/Graphene-Band-Structure-Quantum-Espresso/outputs/field_0/top/data/ldos.pp.dat731

     Calling punch_plot, plot_num =   3

     Energy =   0.40040 eV, broadening =   0.01000eV
     Writing data to file  /home/ubuntu/projects/Graphene-Band-Structure-Quantum-Espresso/outputs/field_0/top/data/ldos.pp.dat732

     Calling punch_plot, plot_num =   3

     Energy =   0.42040 eV, broadening =   0.01000eV
     Writing data to file  /home/ubuntu/projects/Graphene-Band-Structure-Quantum-Espresso/outputs/field_0/top/data/ldos.pp.dat733

     Calling punch_plot, plot_num =   3

     Energy =   0.44040 eV, broadening =   0.01000eV
     Writing data to file  /home/ubuntu/projects/Graphene-Band-Structure-Quantum-Espresso/outputs/field_0/top/data/ldos.pp.dat734

     Calling punch_plot, plot_num =   3

     Energy =   0.46040 eV, broadening =   0.01000eV
     Writing data to file  /home/ubuntu/projects/Graphene-Band-Structure-Quantum-Espresso/outputs/field_0/top/data/ldos.pp.dat735

     Calling punch_plot, plot_num =   3

     Energy =   0.48040 eV, broadening =   0.01000eV
     Writing data to file  /home/ubuntu/projects/Graphene-Band-Structure-Quantum-Espresso/outputs/field_0/top/data/ldos.pp.dat736

     Calling punch_plot, plot_num =   3

     Energy =   0.50040 eV, broadening =   0.01000eV
     Writing data to file  /home/ubuntu/projects/Graphene-Band-Structure-Quantum-Espresso/outputs/field_0/top/data/ldos.pp.dat737

     Calling punch_plot, plot_num =   3

     Energy =   0.52040 eV, broadening =   0.01000eV
     Writing data to file  /home/ubuntu/projects/Graphene-Band-Structure-Quantum-Espresso/outputs/field_0/top/data/ldos.pp.dat738

     Calling punch_plot, plot_num =   3

     Energy =   0.54040 eV, broadening =   0.01000eV
     Writing data to file  /home/ubuntu/projects/Graphene-Band-Structure-Quantum-Espresso/outputs/field_0/top/data/ldos.pp.dat739

     Calling punch_plot, plot_num =   3

     Energy =   0.56040 eV, broadening =   0.01000eV
     Writing data to file  /home/ubuntu/projects/Graphene-Band-Structure-Quantum-Espresso/outputs/field_0/top/data/ldos.pp.dat740

     Calling punch_plot, plot_num =   3

     Energy =   0.58040 eV, broadening =   0.01000eV
     Writing data to file  /home/ubuntu/projects/Graphene-Band-Structure-Quantum-Espresso/outputs/field_0/top/data/ldos.pp.dat741

     Calling punch_plot, plot_num =   3

     Energy =   0.60040 eV, broadening =   0.01000eV
     Writing data to file  /home/ubuntu/projects/Graphene-Band-Structure-Quantum-Espresso/outputs/field_0/top/data/ldos.pp.dat742

     Calling punch_plot, plot_num =   3

     Energy =   0.62040 eV, broadening =   0.01000eV
     Writing data to file  /home/ubuntu/projects/Graphene-Band-Structure-Quantum-Espresso/outputs/field_0/top/data/ldos.pp.dat743

     Calling punch_plot, plot_num =   3

     Energy =   0.64040 eV, broadening =   0.01000eV
     Writing data to file  /home/ubuntu/projects/Graphene-Band-Structure-Quantum-Espresso/outputs/field_0/top/data/ldos.pp.dat744

     Calling punch_plot, plot_num =   3

     Energy =   0.66040 eV, broadening =   0.01000eV
     Writing data to file  /home/ubuntu/projects/Graphene-Band-Structure-Quantum-Espresso/outputs/field_0/top/data/ldos.pp.dat745

     Calling punch_plot, plot_num =   3

     Energy =   0.68040 eV, broadening =   0.01000eV
     Writing data to file  /home/ubuntu/projects/Graphene-Band-Structure-Quantum-Espresso/outputs/field_0/top/data/ldos.pp.dat746

     Calling punch_plot, plot_num =   3

     Energy =   0.70040 eV, broadening =   0.01000eV
     Writing data to file  /home/ubuntu/projects/Graphene-Band-Structure-Quantum-Espresso/outputs/field_0/top/data/ldos.pp.dat747

     Calling punch_plot, plot_num =   3

     Energy =   0.72040 eV, broadening =   0.01000eV
     Writing data to file  /home/ubuntu/projects/Graphene-Band-Structure-Quantum-Espresso/outputs/field_0/top/data/ldos.pp.dat748

     Calling punch_plot, plot_num =   3

     Energy =   0.74040 eV, broadening =   0.01000eV
     Writing data to file  /home/ubuntu/projects/Graphene-Band-Structure-Quantum-Espresso/outputs/field_0/top/data/ldos.pp.dat749

     Calling punch_plot, plot_num =   3

     Energy =   0.76040 eV, broadening =   0.01000eV
     Writing data to file  /home/ubuntu/projects/Graphene-Band-Structure-Quantum-Espresso/outputs/field_0/top/data/ldos.pp.dat750

     Calling punch_plot, plot_num =   3

     Energy =   0.78040 eV, broadening =   0.01000eV
     Writing data to file  /home/ubuntu/projects/Graphene-Band-Structure-Quantum-Espresso/outputs/field_0/top/data/ldos.pp.dat751

     Calling punch_plot, plot_num =   3

     Energy =   0.80040 eV, broadening =   0.01000eV
     Writing data to file  /home/ubuntu/projects/Graphene-Band-Structure-Quantum-Espresso/outputs/field_0/top/data/ldos.pp.dat752

     Calling punch_plot, plot_num =   3

     Energy =   0.82040 eV, broadening =   0.01000eV
     Writing data to file  /home/ubuntu/projects/Graphene-Band-Structure-Quantum-Espresso/outputs/field_0/top/data/ldos.pp.dat753

     Calling punch_plot, plot_num =   3

     Energy =   0.84040 eV, broadening =   0.01000eV
     Writing data to file  /home/ubuntu/projects/Graphene-Band-Structure-Quantum-Espresso/outputs/field_0/top/data/ldos.pp.dat754

     Calling punch_plot, plot_num =   3

     Energy =   0.86040 eV, broadening =   0.01000eV
     Writing data to file  /home/ubuntu/projects/Graphene-Band-Structure-Quantum-Espresso/outputs/field_0/top/data/ldos.pp.dat755

     Calling punch_plot, plot_num =   3

     Energy =   0.88040 eV, broadening =   0.01000eV
     Writing data to file  /home/ubuntu/projects/Graphene-Band-Structure-Quantum-Espresso/outputs/field_0/top/data/ldos.pp.dat756

     Calling punch_plot, plot_num =   3

     Energy =   0.90040 eV, broadening =   0.01000eV
     Writing data to file  /home/ubuntu/projects/Graphene-Band-Structure-Quantum-Espresso/outputs/field_0/top/data/ldos.pp.dat757

     Calling punch_plot, plot_num =   3

     Energy =   0.92040 eV, broadening =   0.01000eV
     Writing data to file  /home/ubuntu/projects/Graphene-Band-Structure-Quantum-Espresso/outputs/field_0/top/data/ldos.pp.dat758

     Calling punch_plot, plot_num =   3

     Energy =   0.94040 eV, broadening =   0.01000eV
     Writing data to file  /home/ubuntu/projects/Graphene-Band-Structure-Quantum-Espresso/outputs/field_0/top/data/ldos.pp.dat759

     Calling punch_plot, plot_num =   3

     Energy =   0.96040 eV, broadening =   0.01000eV
     Writing data to file  /home/ubuntu/projects/Graphene-Band-Structure-Quantum-Espresso/outputs/field_0/top/data/ldos.pp.dat760

     Calling punch_plot, plot_num =   3

     Energy =   0.98040 eV, broadening =   0.01000eV
     Writing data to file  /home/ubuntu/projects/Graphene-Band-Structure-Quantum-Espresso/outputs/field_0/top/data/ldos.pp.dat761

     Calling punch_plot, plot_num =   3

     Energy =   1.00040 eV, broadening =   0.01000eV
     Writing data to file  /home/ubuntu/projects/Graphene-Band-Structure-Quantum-Espresso/outputs/field_0/top/data/ldos.pp.dat762

     Calling punch_plot, plot_num =   3

     Energy =   1.02040 eV, broadening =   0.01000eV
     Writing data to file  /home/ubuntu/projects/Graphene-Band-Structure-Quantum-Espresso/outputs/field_0/top/data/ldos.pp.dat763

     Calling punch_plot, plot_num =   3

     Energy =   1.04040 eV, broadening =   0.01000eV
     Writing data to file  /home/ubuntu/projects/Graphene-Band-Structure-Quantum-Espresso/outputs/field_0/top/data/ldos.pp.dat764

     Calling punch_plot, plot_num =   3

     Energy =   1.06040 eV, broadening =   0.01000eV
     Writing data to file  /home/ubuntu/projects/Graphene-Band-Structure-Quantum-Espresso/outputs/field_0/top/data/ldos.pp.dat765

     Calling punch_plot, plot_num =   3

     Energy =   1.08040 eV, broadening =   0.01000eV
     Writing data to file  /home/ubuntu/projects/Graphene-Band-Structure-Quantum-Espresso/outputs/field_0/top/data/ldos.pp.dat766

     Calling punch_plot, plot_num =   3

     Energy =   1.10040 eV, broadening =   0.01000eV
     Writing data to file  /home/ubuntu/projects/Graphene-Band-Structure-Quantum-Espresso/outputs/field_0/top/data/ldos.pp.dat767

     Calling punch_plot, plot_num =   3

     Energy =   1.12040 eV, broadening =   0.01000eV
     Writing data to file  /home/ubuntu/projects/Graphene-Band-Structure-Quantum-Espresso/outputs/field_0/top/data/ldos.pp.dat768

     Calling punch_plot, plot_num =   3

     Energy =   1.14040 eV, broadening =   0.01000eV
     Writing data to file  /home/ubuntu/projects/Graphene-Band-Structure-Quantum-Espresso/outputs/field_0/top/data/ldos.pp.dat769

     Calling punch_plot, plot_num =   3

     Energy =   1.16040 eV, broadening =   0.01000eV
     Writing data to file  /home/ubuntu/projects/Graphene-Band-Structure-Quantum-Espresso/outputs/field_0/top/data/ldos.pp.dat770

     Calling punch_plot, plot_num =   3

     Energy =   1.18040 eV, broadening =   0.01000eV
     Writing data to file  /home/ubuntu/projects/Graphene-Band-Structure-Quantum-Espresso/outputs/field_0/top/data/ldos.pp.dat771

     Calling punch_plot, plot_num =   3

     Energy =   1.20040 eV, broadening =   0.01000eV
     Writing data to file  /home/ubuntu/projects/Graphene-Band-Structure-Quantum-Espresso/outputs/field_0/top/data/ldos.pp.dat772

     Calling punch_plot, plot_num =   3

     Energy =   1.22040 eV, broadening =   0.01000eV
     Writing data to file  /home/ubuntu/projects/Graphene-Band-Structure-Quantum-Espresso/outputs/field_0/top/data/ldos.pp.dat773

     Calling punch_plot, plot_num =   3

     Energy =   1.24040 eV, broadening =   0.01000eV
     Writing data to file  /home/ubuntu/projects/Graphene-Band-Structure-Quantum-Espresso/outputs/field_0/top/data/ldos.pp.dat774

     Calling punch_plot, plot_num =   3

     Energy =   1.26040 eV, broadening =   0.01000eV
     Writing data to file  /home/ubuntu/projects/Graphene-Band-Structure-Quantum-Espresso/outputs/field_0/top/data/ldos.pp.dat775

     Calling punch_plot, plot_num =   3

     Energy =   1.28040 eV, broadening =   0.01000eV
     Writing data to file  /home/ubuntu/projects/Graphene-Band-Structure-Quantum-Espresso/outputs/field_0/top/data/ldos.pp.dat776

     Calling punch_plot, plot_num =   3

     Energy =   1.30040 eV, broadening =   0.01000eV
     Writing data to file  /home/ubuntu/projects/Graphene-Band-Structure-Quantum-Espresso/outputs/field_0/top/data/ldos.pp.dat777

     Calling punch_plot, plot_num =   3

     Energy =   1.32040 eV, broadening =   0.01000eV
     Writing data to file  /home/ubuntu/projects/Graphene-Band-Structure-Quantum-Espresso/outputs/field_0/top/data/ldos.pp.dat778

     Calling punch_plot, plot_num =   3

     Energy =   1.34040 eV, broadening =   0.01000eV
     Writing data to file  /home/ubuntu/projects/Graphene-Band-Structure-Quantum-Espresso/outputs/field_0/top/data/ldos.pp.dat779

     Calling punch_plot, plot_num =   3

     Energy =   1.36040 eV, broadening =   0.01000eV
     Writing data to file  /home/ubuntu/projects/Graphene-Band-Structure-Quantum-Espresso/outputs/field_0/top/data/ldos.pp.dat780

     Calling punch_plot, plot_num =   3

     Energy =   1.38040 eV, broadening =   0.01000eV
     Writing data to file  /home/ubuntu/projects/Graphene-Band-Structure-Quantum-Espresso/outputs/field_0/top/data/ldos.pp.dat781

     Calling punch_plot, plot_num =   3

     Energy =   1.40040 eV, broadening =   0.01000eV
     Writing data to file  /home/ubuntu/projects/Graphene-Band-Structure-Quantum-Espresso/outputs/field_0/top/data/ldos.pp.dat782

     Calling punch_plot, plot_num =   3

     Energy =   1.42040 eV, broadening =   0.01000eV
     Writing data to file  /home/ubuntu/projects/Graphene-Band-Structure-Quantum-Espresso/outputs/field_0/top/data/ldos.pp.dat783

     Calling punch_plot, plot_num =   3

     Energy =   1.44040 eV, broadening =   0.01000eV
     Writing data to file  /home/ubuntu/projects/Graphene-Band-Structure-Quantum-Espresso/outputs/field_0/top/data/ldos.pp.dat784

     Calling punch_plot, plot_num =   3

     Energy =   1.46040 eV, broadening =   0.01000eV
     Writing data to file  /home/ubuntu/projects/Graphene-Band-Structure-Quantum-Espresso/outputs/field_0/top/data/ldos.pp.dat785

     Calling punch_plot, plot_num =   3

     Energy =   1.48040 eV, broadening =   0.01000eV
     Writing data to file  /home/ubuntu/projects/Graphene-Band-Structure-Quantum-Espresso/outputs/field_0/top/data/ldos.pp.dat786

     Calling punch_plot, plot_num =   3

     Energy =   1.50040 eV, broadening =   0.01000eV
     Writing data to file  /home/ubuntu/projects/Graphene-Band-Structure-Quantum-Espresso/outputs/field_0/top/data/ldos.pp.dat787

     Calling punch_plot, plot_num =   3

     Energy =   1.52040 eV, broadening =   0.01000eV
     Writing data to file  /home/ubuntu/projects/Graphene-Band-Structure-Quantum-Espresso/outputs/field_0/top/data/ldos.pp.dat788

     Calling punch_plot, plot_num =   3

     Energy =   1.54040 eV, broadening =   0.01000eV
     Writing data to file  /home/ubuntu/projects/Graphene-Band-Structure-Quantum-Espresso/outputs/field_0/top/data/ldos.pp.dat789

     Calling punch_plot, plot_num =   3

     Energy =   1.56040 eV, broadening =   0.01000eV
     Writing data to file  /home/ubuntu/projects/Graphene-Band-Structure-Quantum-Espresso/outputs/field_0/top/data/ldos.pp.dat790

     Calling punch_plot, plot_num =   3

     Energy =   1.58040 eV, broadening =   0.01000eV
     Writing data to file  /home/ubuntu/projects/Graphene-Band-Structure-Quantum-Espresso/outputs/field_0/top/data/ldos.pp.dat791

     Calling punch_plot, plot_num =   3

     Energy =   1.60040 eV, broadening =   0.01000eV
     Writing data to file  /home/ubuntu/projects/Graphene-Band-Structure-Quantum-Espresso/outputs/field_0/top/data/ldos.pp.dat792

     Calling punch_plot, plot_num =   3

     Energy =   1.62040 eV, broadening =   0.01000eV
     Writing data to file  /home/ubuntu/projects/Graphene-Band-Structure-Quantum-Espresso/outputs/field_0/top/data/ldos.pp.dat793

     Calling punch_plot, plot_num =   3

     Energy =   1.64040 eV, broadening =   0.01000eV
     Writing data to file  /home/ubuntu/projects/Graphene-Band-Structure-Quantum-Espresso/outputs/field_0/top/data/ldos.pp.dat794

     Calling punch_plot, plot_num =   3

     Energy =   1.66040 eV, broadening =   0.01000eV
     Writing data to file  /home/ubuntu/projects/Graphene-Band-Structure-Quantum-Espresso/outputs/field_0/top/data/ldos.pp.dat795

     Calling punch_plot, plot_num =   3

     Energy =   1.68040 eV, broadening =   0.01000eV
     Writing data to file  /home/ubuntu/projects/Graphene-Band-Structure-Quantum-Espresso/outputs/field_0/top/data/ldos.pp.dat796

     Calling punch_plot, plot_num =   3

     Energy =   1.70040 eV, broadening =   0.01000eV
     Writing data to file  /home/ubuntu/projects/Graphene-Band-Structure-Quantum-Espresso/outputs/field_0/top/data/ldos.pp.dat797

     Calling punch_plot, plot_num =   3

     Energy =   1.72040 eV, broadening =   0.01000eV
     Writing data to file  /home/ubuntu/projects/Graphene-Band-Structure-Quantum-Espresso/outputs/field_0/top/data/ldos.pp.dat798

     Calling punch_plot, plot_num =   3

     Energy =   1.74040 eV, broadening =   0.01000eV
     Writing data to file  /home/ubuntu/projects/Graphene-Band-Structure-Quantum-Espresso/outputs/field_0/top/data/ldos.pp.dat799

     Calling punch_plot, plot_num =   3

     Energy =   1.76040 eV, broadening =   0.01000eV
     Writing data to file  /home/ubuntu/projects/Graphene-Band-Structure-Quantum-Espresso/outputs/field_0/top/data/ldos.pp.dat800

     Calling punch_plot, plot_num =   3

     Energy =   1.78040 eV, broadening =   0.01000eV
     Writing data to file  /home/ubuntu/projects/Graphene-Band-Structure-Quantum-Espresso/outputs/field_0/top/data/ldos.pp.dat801

     Calling punch_plot, plot_num =   3

     Energy =   1.80040 eV, broadening =   0.01000eV
     Writing data to file  /home/ubuntu/projects/Graphene-Band-Structure-Quantum-Espresso/outputs/field_0/top/data/ldos.pp.dat802

     Calling punch_plot, plot_num =   3

     Energy =   1.82040 eV, broadening =   0.01000eV
     Writing data to file  /home/ubuntu/projects/Graphene-Band-Structure-Quantum-Espresso/outputs/field_0/top/data/ldos.pp.dat803

     Calling punch_plot, plot_num =   3

     Energy =   1.84040 eV, broadening =   0.01000eV
     Writing data to file  /home/ubuntu/projects/Graphene-Band-Structure-Quantum-Espresso/outputs/field_0/top/data/ldos.pp.dat804

     Calling punch_plot, plot_num =   3

     Energy =   1.86040 eV, broadening =   0.01000eV
     Writing data to file  /home/ubuntu/projects/Graphene-Band-Structure-Quantum-Espresso/outputs/field_0/top/data/ldos.pp.dat805

     Calling punch_plot, plot_num =   3

     Energy =   1.88040 eV, broadening =   0.01000eV
     Writing data to file  /home/ubuntu/projects/Graphene-Band-Structure-Quantum-Espresso/outputs/field_0/top/data/ldos.pp.dat806

     Calling punch_plot, plot_num =   3

     Energy =   1.90040 eV, broadening =   0.01000eV
     Writing data to file  /home/ubuntu/projects/Graphene-Band-Structure-Quantum-Espresso/outputs/field_0/top/data/ldos.pp.dat807

     Calling punch_plot, plot_num =   3

     Energy =   1.92040 eV, broadening =   0.01000eV
     Writing data to file  /home/ubuntu/projects/Graphene-Band-Structure-Quantum-Espresso/outputs/field_0/top/data/ldos.pp.dat808

     Calling punch_plot, plot_num =   3

     Energy =   1.94040 eV, broadening =   0.01000eV
     Writing data to file  /home/ubuntu/projects/Graphene-Band-Structure-Quantum-Espresso/outputs/field_0/top/data/ldos.pp.dat809

     Calling punch_plot, plot_num =   3

     Energy =   1.96040 eV, broadening =   0.01000eV
     Writing data to file  /home/ubuntu/projects/Graphene-Band-Structure-Quantum-Espresso/outputs/field_0/top/data/ldos.pp.dat810

     Calling punch_plot, plot_num =   3

     Energy =   1.98040 eV, broadening =   0.01000eV
     Writing data to file  /home/ubuntu/projects/Graphene-Band-Structure-Quantum-Espresso/outputs/field_0/top/data/ldos.pp.dat811

     Calling punch_plot, plot_num =   3

     Energy =   2.00040 eV, broadening =   0.01000eV
     Writing data to file  /home/ubuntu/projects/Graphene-Band-Structure-Quantum-Espresso/outputs/field_0/top/data/ldos.pp.dat812

     Calling punch_plot, plot_num =   3

     Energy =   2.02040 eV, broadening =   0.01000eV
     Writing data to file  /home/ubuntu/projects/Graphene-Band-Structure-Quantum-Espresso/outputs/field_0/top/data/ldos.pp.dat813

     Calling punch_plot, plot_num =   3

     Energy =   2.04040 eV, broadening =   0.01000eV
     Writing data to file  /home/ubuntu/projects/Graphene-Band-Structure-Quantum-Espresso/outputs/field_0/top/data/ldos.pp.dat814

     Calling punch_plot, plot_num =   3

     Energy =   2.06040 eV, broadening =   0.01000eV
     Writing data to file  /home/ubuntu/projects/Graphene-Band-Structure-Quantum-Espresso/outputs/field_0/top/data/ldos.pp.dat815

     Calling punch_plot, plot_num =   3

     Energy =   2.08040 eV, broadening =   0.01000eV
     Writing data to file  /home/ubuntu/projects/Graphene-Band-Structure-Quantum-Espresso/outputs/field_0/top/data/ldos.pp.dat816

     Calling punch_plot, plot_num =   3

     Energy =   2.10040 eV, broadening =   0.01000eV
     Writing data to file  /home/ubuntu/projects/Graphene-Band-Structure-Quantum-Espresso/outputs/field_0/top/data/ldos.pp.dat817

     Calling punch_plot, plot_num =   3

     Energy =   2.12040 eV, broadening =   0.01000eV
     Writing data to file  /home/ubuntu/projects/Graphene-Band-Structure-Quantum-Espresso/outputs/field_0/top/data/ldos.pp.dat818

     Calling punch_plot, plot_num =   3

     Energy =   2.14040 eV, broadening =   0.01000eV
     Writing data to file  /home/ubuntu/projects/Graphene-Band-Structure-Quantum-Espresso/outputs/field_0/top/data/ldos.pp.dat819

     Calling punch_plot, plot_num =   3

     Energy =   2.16040 eV, broadening =   0.01000eV
     Writing data to file  /home/ubuntu/projects/Graphene-Band-Structure-Quantum-Espresso/outputs/field_0/top/data/ldos.pp.dat820

     Calling punch_plot, plot_num =   3

     Energy =   2.18040 eV, broadening =   0.01000eV
     Writing data to file  /home/ubuntu/projects/Graphene-Band-Structure-Quantum-Espresso/outputs/field_0/top/data/ldos.pp.dat821

     Calling punch_plot, plot_num =   3

     Energy =   2.20040 eV, broadening =   0.01000eV
     Writing data to file  /home/ubuntu/projects/Graphene-Band-Structure-Quantum-Espresso/outputs/field_0/top/data/ldos.pp.dat822

     Calling punch_plot, plot_num =   3

     Energy =   2.22040 eV, broadening =   0.01000eV
     Writing data to file  /home/ubuntu/projects/Graphene-Band-Structure-Quantum-Espresso/outputs/field_0/top/data/ldos.pp.dat823

     Calling punch_plot, plot_num =   3

     Energy =   2.24040 eV, broadening =   0.01000eV
     Writing data to file  /home/ubuntu/projects/Graphene-Band-Structure-Quantum-Espresso/outputs/field_0/top/data/ldos.pp.dat824

     Calling punch_plot, plot_num =   3

     Energy =   2.26040 eV, broadening =   0.01000eV
     Writing data to file  /home/ubuntu/projects/Graphene-Band-Structure-Quantum-Espresso/outputs/field_0/top/data/ldos.pp.dat825

     Calling punch_plot, plot_num =   3

     Energy =   2.28040 eV, broadening =   0.01000eV
     Writing data to file  /home/ubuntu/projects/Graphene-Band-Structure-Quantum-Espresso/outputs/field_0/top/data/ldos.pp.dat826

     Calling punch_plot, plot_num =   3

     Energy =   2.30040 eV, broadening =   0.01000eV
     Writing data to file  /home/ubuntu/projects/Graphene-Band-Structure-Quantum-Espresso/outputs/field_0/top/data/ldos.pp.dat827

     Calling punch_plot, plot_num =   3

     Energy =   2.32040 eV, broadening =   0.01000eV
     Writing data to file  /home/ubuntu/projects/Graphene-Band-Structure-Quantum-Espresso/outputs/field_0/top/data/ldos.pp.dat828

     Calling punch_plot, plot_num =   3

     Energy =   2.34040 eV, broadening =   0.01000eV
     Writing data to file  /home/ubuntu/projects/Graphene-Band-Structure-Quantum-Espresso/outputs/field_0/top/data/ldos.pp.dat829

     Calling punch_plot, plot_num =   3

     Energy =   2.36040 eV, broadening =   0.01000eV
     Writing data to file  /home/ubuntu/projects/Graphene-Band-Structure-Quantum-Espresso/outputs/field_0/top/data/ldos.pp.dat830

     Calling punch_plot, plot_num =   3

     Energy =   2.38040 eV, broadening =   0.01000eV
     Writing data to file  /home/ubuntu/projects/Graphene-Band-Structure-Quantum-Espresso/outputs/field_0/top/data/ldos.pp.dat831

     Calling punch_plot, plot_num =   3

     Energy =   2.40040 eV, broadening =   0.01000eV
     Writing data to file  /home/ubuntu/projects/Graphene-Band-Structure-Quantum-Espresso/outputs/field_0/top/data/ldos.pp.dat832

     Calling punch_plot, plot_num =   3

     Energy =   2.42040 eV, broadening =   0.01000eV
     Writing data to file  /home/ubuntu/projects/Graphene-Band-Structure-Quantum-Espresso/outputs/field_0/top/data/ldos.pp.dat833

     Calling punch_plot, plot_num =   3

     Energy =   2.44040 eV, broadening =   0.01000eV
     Writing data to file  /home/ubuntu/projects/Graphene-Band-Structure-Quantum-Espresso/outputs/field_0/top/data/ldos.pp.dat834

     Calling punch_plot, plot_num =   3

     Energy =   2.46040 eV, broadening =   0.01000eV
     Writing data to file  /home/ubuntu/projects/Graphene-Band-Structure-Quantum-Espresso/outputs/field_0/top/data/ldos.pp.dat835

     Calling punch_plot, plot_num =   3

     Energy =   2.48040 eV, broadening =   0.01000eV
     Writing data to file  /home/ubuntu/projects/Graphene-Band-Structure-Quantum-Espresso/outputs/field_0/top/data/ldos.pp.dat836

     Calling punch_plot, plot_num =   3

     Energy =   2.50040 eV, broadening =   0.01000eV
     Writing data to file  /home/ubuntu/projects/Graphene-Band-Structure-Quantum-Espresso/outputs/field_0/top/data/ldos.pp.dat837

     Calling punch_plot, plot_num =   3

     Energy =   2.52040 eV, broadening =   0.01000eV
     Writing data to file  /home/ubuntu/projects/Graphene-Band-Structure-Quantum-Espresso/outputs/field_0/top/data/ldos.pp.dat838

     Calling punch_plot, plot_num =   3

     Energy =   2.54040 eV, broadening =   0.01000eV
     Writing data to file  /home/ubuntu/projects/Graphene-Band-Structure-Quantum-Espresso/outputs/field_0/top/data/ldos.pp.dat839

     Calling punch_plot, plot_num =   3

     Energy =   2.56040 eV, broadening =   0.01000eV
     Writing data to file  /home/ubuntu/projects/Graphene-Band-Structure-Quantum-Espresso/outputs/field_0/top/data/ldos.pp.dat840

     Calling punch_plot, plot_num =   3

     Energy =   2.58040 eV, broadening =   0.01000eV
     Writing data to file  /home/ubuntu/projects/Graphene-Band-Structure-Quantum-Espresso/outputs/field_0/top/data/ldos.pp.dat841

     Calling punch_plot, plot_num =   3

     Energy =   2.60040 eV, broadening =   0.01000eV
     Writing data to file  /home/ubuntu/projects/Graphene-Band-Structure-Quantum-Espresso/outputs/field_0/top/data/ldos.pp.dat842

     Calling punch_plot, plot_num =   3

     Energy =   2.62040 eV, broadening =   0.01000eV
     Writing data to file  /home/ubuntu/projects/Graphene-Band-Structure-Quantum-Espresso/outputs/field_0/top/data/ldos.pp.dat843

     Calling punch_plot, plot_num =   3

     Energy =   2.64040 eV, broadening =   0.01000eV
     Writing data to file  /home/ubuntu/projects/Graphene-Band-Structure-Quantum-Espresso/outputs/field_0/top/data/ldos.pp.dat844

     Calling punch_plot, plot_num =   3

     Energy =   2.66040 eV, broadening =   0.01000eV
     Writing data to file  /home/ubuntu/projects/Graphene-Band-Structure-Quantum-Espresso/outputs/field_0/top/data/ldos.pp.dat845

     Calling punch_plot, plot_num =   3

     Energy =   2.68040 eV, broadening =   0.01000eV
     Writing data to file  /home/ubuntu/projects/Graphene-Band-Structure-Quantum-Espresso/outputs/field_0/top/data/ldos.pp.dat846

     Calling punch_plot, plot_num =   3

     Energy =   2.70040 eV, broadening =   0.01000eV
     Writing data to file  /home/ubuntu/projects/Graphene-Band-Structure-Quantum-Espresso/outputs/field_0/top/data/ldos.pp.dat847

     Calling punch_plot, plot_num =   3

     Energy =   2.72040 eV, broadening =   0.01000eV
     Writing data to file  /home/ubuntu/projects/Graphene-Band-Structure-Quantum-Espresso/outputs/field_0/top/data/ldos.pp.dat848

     Calling punch_plot, plot_num =   3

     Energy =   2.74040 eV, broadening =   0.01000eV
     Writing data to file  /home/ubuntu/projects/Graphene-Band-Structure-Quantum-Espresso/outputs/field_0/top/data/ldos.pp.dat849

     Calling punch_plot, plot_num =   3

     Energy =   2.76040 eV, broadening =   0.01000eV
     Writing data to file  /home/ubuntu/projects/Graphene-Band-Structure-Quantum-Espresso/outputs/field_0/top/data/ldos.pp.dat850

     Calling punch_plot, plot_num =   3

     Energy =   2.78040 eV, broadening =   0.01000eV
     Writing data to file  /home/ubuntu/projects/Graphene-Band-Structure-Quantum-Espresso/outputs/field_0/top/data/ldos.pp.dat851

     Calling punch_plot, plot_num =   3

     Energy =   2.80040 eV, broadening =   0.01000eV
     Writing data to file  /home/ubuntu/projects/Graphene-Band-Structure-Quantum-Espresso/outputs/field_0/top/data/ldos.pp.dat852

     Calling punch_plot, plot_num =   3

     Energy =   2.82040 eV, broadening =   0.01000eV
     Writing data to file  /home/ubuntu/projects/Graphene-Band-Structure-Quantum-Espresso/outputs/field_0/top/data/ldos.pp.dat853

     Calling punch_plot, plot_num =   3

     Energy =   2.84040 eV, broadening =   0.01000eV
     Writing data to file  /home/ubuntu/projects/Graphene-Band-Structure-Quantum-Espresso/outputs/field_0/top/data/ldos.pp.dat854

     Calling punch_plot, plot_num =   3

     Energy =   2.86040 eV, broadening =   0.01000eV
     Writing data to file  /home/ubuntu/projects/Graphene-Band-Structure-Quantum-Espresso/outputs/field_0/top/data/ldos.pp.dat855

     Calling punch_plot, plot_num =   3

     Energy =   2.88040 eV, broadening =   0.01000eV
     Writing data to file  /home/ubuntu/projects/Graphene-Band-Structure-Quantum-Espresso/outputs/field_0/top/data/ldos.pp.dat856

     Calling punch_plot, plot_num =   3

     Energy =   2.90040 eV, broadening =   0.01000eV
     Writing data to file  /home/ubuntu/projects/Graphene-Band-Structure-Quantum-Espresso/outputs/field_0/top/data/ldos.pp.dat857

     Calling punch_plot, plot_num =   3

     Energy =   2.92040 eV, broadening =   0.01000eV
     Writing data to file  /home/ubuntu/projects/Graphene-Band-Structure-Quantum-Espresso/outputs/field_0/top/data/ldos.pp.dat858

     Calling punch_plot, plot_num =   3

     Energy =   2.94040 eV, broadening =   0.01000eV
     Writing data to file  /home/ubuntu/projects/Graphene-Band-Structure-Quantum-Espresso/outputs/field_0/top/data/ldos.pp.dat859

     Calling punch_plot, plot_num =   3

     Energy =   2.96040 eV, broadening =   0.01000eV
     Writing data to file  /home/ubuntu/projects/Graphene-Band-Structure-Quantum-Espresso/outputs/field_0/top/data/ldos.pp.dat860

     Calling punch_plot, plot_num =   3

     Energy =   2.98040 eV, broadening =   0.01000eV
     Writing data to file  /home/ubuntu/projects/Graphene-Band-Structure-Quantum-Espresso/outputs/field_0/top/data/ldos.pp.dat861

     Calling punch_plot, plot_num =   3

     Energy =   3.00040 eV, broadening =   0.01000eV
     Writing data to file  /home/ubuntu/projects/Graphene-Band-Structure-Quantum-Espresso/outputs/field_0/top/data/ldos.pp.dat862

     Calling punch_plot, plot_num =   3

     Energy =   3.02040 eV, broadening =   0.01000eV
     Writing data to file  /home/ubuntu/projects/Graphene-Band-Structure-Quantum-Espresso/outputs/field_0/top/data/ldos.pp.dat863

     Calling punch_plot, plot_num =   3

     Energy =   3.04040 eV, broadening =   0.01000eV
     Writing data to file  /home/ubuntu/projects/Graphene-Band-Structure-Quantum-Espresso/outputs/field_0/top/data/ldos.pp.dat864

     Calling punch_plot, plot_num =   3

     Energy =   3.06040 eV, broadening =   0.01000eV
     Writing data to file  /home/ubuntu/projects/Graphene-Band-Structure-Quantum-Espresso/outputs/field_0/top/data/ldos.pp.dat865

     Calling punch_plot, plot_num =   3

     Energy =   3.08040 eV, broadening =   0.01000eV
     Writing data to file  /home/ubuntu/projects/Graphene-Band-Structure-Quantum-Espresso/outputs/field_0/top/data/ldos.pp.dat866

     Calling punch_plot, plot_num =   3

     Energy =   3.10040 eV, broadening =   0.01000eV
     Writing data to file  /home/ubuntu/projects/Graphene-Band-Structure-Quantum-Espresso/outputs/field_0/top/data/ldos.pp.dat867

     Calling punch_plot, plot_num =   3

     Energy =   3.12040 eV, broadening =   0.01000eV
     Writing data to file  /home/ubuntu/projects/Graphene-Band-Structure-Quantum-Espresso/outputs/field_0/top/data/ldos.pp.dat868

     Calling punch_plot, plot_num =   3

     Energy =   3.14040 eV, broadening =   0.01000eV
     Writing data to file  /home/ubuntu/projects/Graphene-Band-Structure-Quantum-Espresso/outputs/field_0/top/data/ldos.pp.dat869

     Calling punch_plot, plot_num =   3

     Energy =   3.16040 eV, broadening =   0.01000eV
     Writing data to file  /home/ubuntu/projects/Graphene-Band-Structure-Quantum-Espresso/outputs/field_0/top/data/ldos.pp.dat870

     Calling punch_plot, plot_num =   3

     Energy =   3.18040 eV, broadening =   0.01000eV
     Writing data to file  /home/ubuntu/projects/Graphene-Band-Structure-Quantum-Espresso/outputs/field_0/top/data/ldos.pp.dat871

     Calling punch_plot, plot_num =   3

     Energy =   3.20040 eV, broadening =   0.01000eV
     Writing data to file  /home/ubuntu/projects/Graphene-Band-Structure-Quantum-Espresso/outputs/field_0/top/data/ldos.pp.dat872

     Calling punch_plot, plot_num =   3

     Energy =   3.22040 eV, broadening =   0.01000eV
     Writing data to file  /home/ubuntu/projects/Graphene-Band-Structure-Quantum-Espresso/outputs/field_0/top/data/ldos.pp.dat873

     Calling punch_plot, plot_num =   3

     Energy =   3.24040 eV, broadening =   0.01000eV
     Writing data to file  /home/ubuntu/projects/Graphene-Band-Structure-Quantum-Espresso/outputs/field_0/top/data/ldos.pp.dat874

     Calling punch_plot, plot_num =   3

     Energy =   3.26040 eV, broadening =   0.01000eV
     Writing data to file  /home/ubuntu/projects/Graphene-Band-Structure-Quantum-Espresso/outputs/field_0/top/data/ldos.pp.dat875

     Calling punch_plot, plot_num =   3

     Energy =   3.28040 eV, broadening =   0.01000eV
     Writing data to file  /home/ubuntu/projects/Graphene-Band-Structure-Quantum-Espresso/outputs/field_0/top/data/ldos.pp.dat876

     Calling punch_plot, plot_num =   3

     Energy =   3.30040 eV, broadening =   0.01000eV
     Writing data to file  /home/ubuntu/projects/Graphene-Band-Structure-Quantum-Espresso/outputs/field_0/top/data/ldos.pp.dat877

     Calling punch_plot, plot_num =   3

     Energy =   3.32040 eV, broadening =   0.01000eV
     Writing data to file  /home/ubuntu/projects/Graphene-Band-Structure-Quantum-Espresso/outputs/field_0/top/data/ldos.pp.dat878

     Calling punch_plot, plot_num =   3

     Energy =   3.34040 eV, broadening =   0.01000eV
     Writing data to file  /home/ubuntu/projects/Graphene-Band-Structure-Quantum-Espresso/outputs/field_0/top/data/ldos.pp.dat879

     Calling punch_plot, plot_num =   3

     Energy =   3.36040 eV, broadening =   0.01000eV
     Writing data to file  /home/ubuntu/projects/Graphene-Band-Structure-Quantum-Espresso/outputs/field_0/top/data/ldos.pp.dat880

     Calling punch_plot, plot_num =   3

     Energy =   3.38040 eV, broadening =   0.01000eV
     Writing data to file  /home/ubuntu/projects/Graphene-Band-Structure-Quantum-Espresso/outputs/field_0/top/data/ldos.pp.dat881

     Calling punch_plot, plot_num =   3

     Energy =   3.40040 eV, broadening =   0.01000eV
     Writing data to file  /home/ubuntu/projects/Graphene-Band-Structure-Quantum-Espresso/outputs/field_0/top/data/ldos.pp.dat882

     Calling punch_plot, plot_num =   3

     Energy =   3.42040 eV, broadening =   0.01000eV
     Writing data to file  /home/ubuntu/projects/Graphene-Band-Structure-Quantum-Espresso/outputs/field_0/top/data/ldos.pp.dat883

     Calling punch_plot, plot_num =   3

     Energy =   3.44040 eV, broadening =   0.01000eV
     Writing data to file  /home/ubuntu/projects/Graphene-Band-Structure-Quantum-Espresso/outputs/field_0/top/data/ldos.pp.dat884

     Calling punch_plot, plot_num =   3

     Energy =   3.46040 eV, broadening =   0.01000eV
     Writing data to file  /home/ubuntu/projects/Graphene-Band-Structure-Quantum-Espresso/outputs/field_0/top/data/ldos.pp.dat885

     Calling punch_plot, plot_num =   3

     Energy =   3.48040 eV, broadening =   0.01000eV
     Writing data to file  /home/ubuntu/projects/Graphene-Band-Structure-Quantum-Espresso/outputs/field_0/top/data/ldos.pp.dat886

     Calling punch_plot, plot_num =   3

     Energy =   3.50040 eV, broadening =   0.01000eV
     Writing data to file  /home/ubuntu/projects/Graphene-Band-Structure-Quantum-Espresso/outputs/field_0/top/data/ldos.pp.dat887

     Calling punch_plot, plot_num =   3

     Energy =   3.52040 eV, broadening =   0.01000eV
     Writing data to file  /home/ubuntu/projects/Graphene-Band-Structure-Quantum-Espresso/outputs/field_0/top/data/ldos.pp.dat888

     Calling punch_plot, plot_num =   3

     Energy =   3.54040 eV, broadening =   0.01000eV
     Writing data to file  /home/ubuntu/projects/Graphene-Band-Structure-Quantum-Espresso/outputs/field_0/top/data/ldos.pp.dat889

     Calling punch_plot, plot_num =   3

     Energy =   3.56040 eV, broadening =   0.01000eV
     Writing data to file  /home/ubuntu/projects/Graphene-Band-Structure-Quantum-Espresso/outputs/field_0/top/data/ldos.pp.dat890

     Calling punch_plot, plot_num =   3

     Energy =   3.58040 eV, broadening =   0.01000eV
     Writing data to file  /home/ubuntu/projects/Graphene-Band-Structure-Quantum-Espresso/outputs/field_0/top/data/ldos.pp.dat891

     Calling punch_plot, plot_num =   3

     Energy =   3.60040 eV, broadening =   0.01000eV
     Writing data to file  /home/ubuntu/projects/Graphene-Band-Structure-Quantum-Espresso/outputs/field_0/top/data/ldos.pp.dat892

     Calling punch_plot, plot_num =   3

     Energy =   3.62040 eV, broadening =   0.01000eV
     Writing data to file  /home/ubuntu/projects/Graphene-Band-Structure-Quantum-Espresso/outputs/field_0/top/data/ldos.pp.dat893

     Calling punch_plot, plot_num =   3

     Energy =   3.64040 eV, broadening =   0.01000eV
     Writing data to file  /home/ubuntu/projects/Graphene-Band-Structure-Quantum-Espresso/outputs/field_0/top/data/ldos.pp.dat894

     Calling punch_plot, plot_num =   3

     Energy =   3.66040 eV, broadening =   0.01000eV
     Writing data to file  /home/ubuntu/projects/Graphene-Band-Structure-Quantum-Espresso/outputs/field_0/top/data/ldos.pp.dat895

     Calling punch_plot, plot_num =   3

     Energy =   3.68040 eV, broadening =   0.01000eV
     Writing data to file  /home/ubuntu/projects/Graphene-Band-Structure-Quantum-Espresso/outputs/field_0/top/data/ldos.pp.dat896

     Calling punch_plot, plot_num =   3

     Energy =   3.70040 eV, broadening =   0.01000eV
     Writing data to file  /home/ubuntu/projects/Graphene-Band-Structure-Quantum-Espresso/outputs/field_0/top/data/ldos.pp.dat897

     Calling punch_plot, plot_num =   3

     Energy =   3.72040 eV, broadening =   0.01000eV
     Writing data to file  /home/ubuntu/projects/Graphene-Band-Structure-Quantum-Espresso/outputs/field_0/top/data/ldos.pp.dat898

     Calling punch_plot, plot_num =   3

     Energy =   3.74040 eV, broadening =   0.01000eV
     Writing data to file  /home/ubuntu/projects/Graphene-Band-Structure-Quantum-Espresso/outputs/field_0/top/data/ldos.pp.dat899

     Calling punch_plot, plot_num =   3

     Energy =   3.76040 eV, broadening =   0.01000eV
     Writing data to file  /home/ubuntu/projects/Graphene-Band-Structure-Quantum-Espresso/outputs/field_0/top/data/ldos.pp.dat900

     Calling punch_plot, plot_num =   3

     Energy =   3.78040 eV, broadening =   0.01000eV
     Writing data to file  /home/ubuntu/projects/Graphene-Band-Structure-Quantum-Espresso/outputs/field_0/top/data/ldos.pp.dat901

     Calling punch_plot, plot_num =   3

     Energy =   3.80040 eV, broadening =   0.01000eV
     Writing data to file  /home/ubuntu/projects/Graphene-Band-Structure-Quantum-Espresso/outputs/field_0/top/data/ldos.pp.dat902

     Calling punch_plot, plot_num =   3

     Energy =   3.82040 eV, broadening =   0.01000eV
     Writing data to file  /home/ubuntu/projects/Graphene-Band-Structure-Quantum-Espresso/outputs/field_0/top/data/ldos.pp.dat903

     Calling punch_plot, plot_num =   3

     Energy =   3.84040 eV, broadening =   0.01000eV
     Writing data to file  /home/ubuntu/projects/Graphene-Band-Structure-Quantum-Espresso/outputs/field_0/top/data/ldos.pp.dat904

     Calling punch_plot, plot_num =   3

     Energy =   3.86040 eV, broadening =   0.01000eV
     Writing data to file  /home/ubuntu/projects/Graphene-Band-Structure-Quantum-Espresso/outputs/field_0/top/data/ldos.pp.dat905

     Calling punch_plot, plot_num =   3

     Energy =   3.88040 eV, broadening =   0.01000eV
     Writing data to file  /home/ubuntu/projects/Graphene-Band-Structure-Quantum-Espresso/outputs/field_0/top/data/ldos.pp.dat906

     Calling punch_plot, plot_num =   3

     Energy =   3.90040 eV, broadening =   0.01000eV
     Writing data to file  /home/ubuntu/projects/Graphene-Band-Structure-Quantum-Espresso/outputs/field_0/top/data/ldos.pp.dat907

     Calling punch_plot, plot_num =   3

     Energy =   3.92040 eV, broadening =   0.01000eV
     Writing data to file  /home/ubuntu/projects/Graphene-Band-Structure-Quantum-Espresso/outputs/field_0/top/data/ldos.pp.dat908

     Calling punch_plot, plot_num =   3

     Energy =   3.94040 eV, broadening =   0.01000eV
     Writing data to file  /home/ubuntu/projects/Graphene-Band-Structure-Quantum-Espresso/outputs/field_0/top/data/ldos.pp.dat909

     Calling punch_plot, plot_num =   3

     Energy =   3.96040 eV, broadening =   0.01000eV
     Writing data to file  /home/ubuntu/projects/Graphene-Band-Structure-Quantum-Espresso/outputs/field_0/top/data/ldos.pp.dat910

     Calling punch_plot, plot_num =   3

     Energy =   3.98040 eV, broadening =   0.01000eV
     Writing data to file  /home/ubuntu/projects/Graphene-Band-Structure-Quantum-Espresso/outputs/field_0/top/data/ldos.pp.dat911

     Calling punch_plot, plot_num =   3

     Energy =   4.00040 eV, broadening =   0.01000eV
     Writing data to file  /home/ubuntu/projects/Graphene-Band-Structure-Quantum-Espresso/outputs/field_0/top/data/ldos.pp.dat912

     Calling punch_plot, plot_num =   3

     Energy =   4.02040 eV, broadening =   0.01000eV
     Writing data to file  /home/ubuntu/projects/Graphene-Band-Structure-Quantum-Espresso/outputs/field_0/top/data/ldos.pp.dat913

     Calling punch_plot, plot_num =   3

     Energy =   4.04040 eV, broadening =   0.01000eV
     Writing data to file  /home/ubuntu/projects/Graphene-Band-Structure-Quantum-Espresso/outputs/field_0/top/data/ldos.pp.dat914

     Calling punch_plot, plot_num =   3

     Energy =   4.06040 eV, broadening =   0.01000eV
     Writing data to file  /home/ubuntu/projects/Graphene-Band-Structure-Quantum-Espresso/outputs/field_0/top/data/ldos.pp.dat915

     Calling punch_plot, plot_num =   3

     Energy =   4.08040 eV, broadening =   0.01000eV
     Writing data to file  /home/ubuntu/projects/Graphene-Band-Structure-Quantum-Espresso/outputs/field_0/top/data/ldos.pp.dat916

     Calling punch_plot, plot_num =   3

     Energy =   4.10040 eV, broadening =   0.01000eV
     Writing data to file  /home/ubuntu/projects/Graphene-Band-Structure-Quantum-Espresso/outputs/field_0/top/data/ldos.pp.dat917

     Calling punch_plot, plot_num =   3

     Energy =   4.12040 eV, broadening =   0.01000eV
     Writing data to file  /home/ubuntu/projects/Graphene-Band-Structure-Quantum-Espresso/outputs/field_0/top/data/ldos.pp.dat918

     Calling punch_plot, plot_num =   3

     Energy =   4.14040 eV, broadening =   0.01000eV
     Writing data to file  /home/ubuntu/projects/Graphene-Band-Structure-Quantum-Espresso/outputs/field_0/top/data/ldos.pp.dat919

     Calling punch_plot, plot_num =   3

     Energy =   4.16040 eV, broadening =   0.01000eV
     Writing data to file  /home/ubuntu/projects/Graphene-Band-Structure-Quantum-Espresso/outputs/field_0/top/data/ldos.pp.dat920

     Calling punch_plot, plot_num =   3

     Energy =   4.18040 eV, broadening =   0.01000eV
     Writing data to file  /home/ubuntu/projects/Graphene-Band-Structure-Quantum-Espresso/outputs/field_0/top/data/ldos.pp.dat921

     Calling punch_plot, plot_num =   3

     Energy =   4.20040 eV, broadening =   0.01000eV
     Writing data to file  /home/ubuntu/projects/Graphene-Band-Structure-Quantum-Espresso/outputs/field_0/top/data/ldos.pp.dat922

     Calling punch_plot, plot_num =   3

     Energy =   4.22040 eV, broadening =   0.01000eV
     Writing data to file  /home/ubuntu/projects/Graphene-Band-Structure-Quantum-Espresso/outputs/field_0/top/data/ldos.pp.dat923

     Calling punch_plot, plot_num =   3

     Energy =   4.24040 eV, broadening =   0.01000eV
     Writing data to file  /home/ubuntu/projects/Graphene-Band-Structure-Quantum-Espresso/outputs/field_0/top/data/ldos.pp.dat924

     Calling punch_plot, plot_num =   3

     Energy =   4.26040 eV, broadening =   0.01000eV
     Writing data to file  /home/ubuntu/projects/Graphene-Band-Structure-Quantum-Espresso/outputs/field_0/top/data/ldos.pp.dat925

     Calling punch_plot, plot_num =   3

     Energy =   4.28040 eV, broadening =   0.01000eV
     Writing data to file  /home/ubuntu/projects/Graphene-Band-Structure-Quantum-Espresso/outputs/field_0/top/data/ldos.pp.dat926

     Calling punch_plot, plot_num =   3

     Energy =   4.30040 eV, broadening =   0.01000eV
     Writing data to file  /home/ubuntu/projects/Graphene-Band-Structure-Quantum-Espresso/outputs/field_0/top/data/ldos.pp.dat927

     Calling punch_plot, plot_num =   3

     Energy =   4.32040 eV, broadening =   0.01000eV
     Writing data to file  /home/ubuntu/projects/Graphene-Band-Structure-Quantum-Espresso/outputs/field_0/top/data/ldos.pp.dat928

     Calling punch_plot, plot_num =   3

     Energy =   4.34040 eV, broadening =   0.01000eV
     Writing data to file  /home/ubuntu/projects/Graphene-Band-Structure-Quantum-Espresso/outputs/field_0/top/data/ldos.pp.dat929

     Calling punch_plot, plot_num =   3

     Energy =   4.36040 eV, broadening =   0.01000eV
     Writing data to file  /home/ubuntu/projects/Graphene-Band-Structure-Quantum-Espresso/outputs/field_0/top/data/ldos.pp.dat930

     Calling punch_plot, plot_num =   3

     Energy =   4.38040 eV, broadening =   0.01000eV
     Writing data to file  /home/ubuntu/projects/Graphene-Band-Structure-Quantum-Espresso/outputs/field_0/top/data/ldos.pp.dat931

     Calling punch_plot, plot_num =   3

     Energy =   4.40040 eV, broadening =   0.01000eV
     Writing data to file  /home/ubuntu/projects/Graphene-Band-Structure-Quantum-Espresso/outputs/field_0/top/data/ldos.pp.dat932

     Calling punch_plot, plot_num =   3

     Energy =   4.42040 eV, broadening =   0.01000eV
     Writing data to file  /home/ubuntu/projects/Graphene-Band-Structure-Quantum-Espresso/outputs/field_0/top/data/ldos.pp.dat933

     Calling punch_plot, plot_num =   3

     Energy =   4.44040 eV, broadening =   0.01000eV
     Writing data to file  /home/ubuntu/projects/Graphene-Band-Structure-Quantum-Espresso/outputs/field_0/top/data/ldos.pp.dat934

     Calling punch_plot, plot_num =   3

     Energy =   4.46040 eV, broadening =   0.01000eV
     Writing data to file  /home/ubuntu/projects/Graphene-Band-Structure-Quantum-Espresso/outputs/field_0/top/data/ldos.pp.dat935

     Calling punch_plot, plot_num =   3

     Energy =   4.48040 eV, broadening =   0.01000eV
     Writing data to file  /home/ubuntu/projects/Graphene-Band-Structure-Quantum-Espresso/outputs/field_0/top/data/ldos.pp.dat936

     Calling punch_plot, plot_num =   3

     Energy =   4.50040 eV, broadening =   0.01000eV
     Writing data to file  /home/ubuntu/projects/Graphene-Band-Structure-Quantum-Espresso/outputs/field_0/top/data/ldos.pp.dat937

     Calling punch_plot, plot_num =   3

     Energy =   4.52040 eV, broadening =   0.01000eV
     Writing data to file  /home/ubuntu/projects/Graphene-Band-Structure-Quantum-Espresso/outputs/field_0/top/data/ldos.pp.dat938

     Calling punch_plot, plot_num =   3

     Energy =   4.54040 eV, broadening =   0.01000eV
     Writing data to file  /home/ubuntu/projects/Graphene-Band-Structure-Quantum-Espresso/outputs/field_0/top/data/ldos.pp.dat939

     Calling punch_plot, plot_num =   3

     Energy =   4.56040 eV, broadening =   0.01000eV
     Writing data to file  /home/ubuntu/projects/Graphene-Band-Structure-Quantum-Espresso/outputs/field_0/top/data/ldos.pp.dat940

     Calling punch_plot, plot_num =   3

     Energy =   4.58040 eV, broadening =   0.01000eV
     Writing data to file  /home/ubuntu/projects/Graphene-Band-Structure-Quantum-Espresso/outputs/field_0/top/data/ldos.pp.dat941

     Calling punch_plot, plot_num =   3

     Energy =   4.60040 eV, broadening =   0.01000eV
     Writing data to file  /home/ubuntu/projects/Graphene-Band-Structure-Quantum-Espresso/outputs/field_0/top/data/ldos.pp.dat942

     Calling punch_plot, plot_num =   3

     Energy =   4.62040 eV, broadening =   0.01000eV
     Writing data to file  /home/ubuntu/projects/Graphene-Band-Structure-Quantum-Espresso/outputs/field_0/top/data/ldos.pp.dat943

     Calling punch_plot, plot_num =   3

     Energy =   4.64040 eV, broadening =   0.01000eV
     Writing data to file  /home/ubuntu/projects/Graphene-Band-Structure-Quantum-Espresso/outputs/field_0/top/data/ldos.pp.dat944

     Calling punch_plot, plot_num =   3

     Energy =   4.66040 eV, broadening =   0.01000eV
     Writing data to file  /home/ubuntu/projects/Graphene-Band-Structure-Quantum-Espresso/outputs/field_0/top/data/ldos.pp.dat945

     Calling punch_plot, plot_num =   3

     Energy =   4.68040 eV, broadening =   0.01000eV
     Writing data to file  /home/ubuntu/projects/Graphene-Band-Structure-Quantum-Espresso/outputs/field_0/top/data/ldos.pp.dat946

     Calling punch_plot, plot_num =   3

     Energy =   4.70040 eV, broadening =   0.01000eV
     Writing data to file  /home/ubuntu/projects/Graphene-Band-Structure-Quantum-Espresso/outputs/field_0/top/data/ldos.pp.dat947

     Calling punch_plot, plot_num =   3

     Energy =   4.72040 eV, broadening =   0.01000eV
     Writing data to file  /home/ubuntu/projects/Graphene-Band-Structure-Quantum-Espresso/outputs/field_0/top/data/ldos.pp.dat948

     Calling punch_plot, plot_num =   3

     Energy =   4.74040 eV, broadening =   0.01000eV
     Writing data to file  /home/ubuntu/projects/Graphene-Band-Structure-Quantum-Espresso/outputs/field_0/top/data/ldos.pp.dat949

     Calling punch_plot, plot_num =   3

     Energy =   4.76040 eV, broadening =   0.01000eV
     Writing data to file  /home/ubuntu/projects/Graphene-Band-Structure-Quantum-Espresso/outputs/field_0/top/data/ldos.pp.dat950

     Calling punch_plot, plot_num =   3

     Energy =   4.78040 eV, broadening =   0.01000eV
     Writing data to file  /home/ubuntu/projects/Graphene-Band-Structure-Quantum-Espresso/outputs/field_0/top/data/ldos.pp.dat951

     Calling punch_plot, plot_num =   3

     Energy =   4.80040 eV, broadening =   0.01000eV
     Writing data to file  /home/ubuntu/projects/Graphene-Band-Structure-Quantum-Espresso/outputs/field_0/top/data/ldos.pp.dat952

     Calling punch_plot, plot_num =   3

     Energy =   4.82040 eV, broadening =   0.01000eV
     Writing data to file  /home/ubuntu/projects/Graphene-Band-Structure-Quantum-Espresso/outputs/field_0/top/data/ldos.pp.dat953

     Calling punch_plot, plot_num =   3

     Energy =   4.84040 eV, broadening =   0.01000eV
     Writing data to file  /home/ubuntu/projects/Graphene-Band-Structure-Quantum-Espresso/outputs/field_0/top/data/ldos.pp.dat954

     Calling punch_plot, plot_num =   3

     Energy =   4.86040 eV, broadening =   0.01000eV
     Writing data to file  /home/ubuntu/projects/Graphene-Band-Structure-Quantum-Espresso/outputs/field_0/top/data/ldos.pp.dat955

     Calling punch_plot, plot_num =   3

     Energy =   4.88040 eV, broadening =   0.01000eV
     Writing data to file  /home/ubuntu/projects/Graphene-Band-Structure-Quantum-Espresso/outputs/field_0/top/data/ldos.pp.dat956

     Calling punch_plot, plot_num =   3

     Energy =   4.90040 eV, broadening =   0.01000eV
     Writing data to file  /home/ubuntu/projects/Graphene-Band-Structure-Quantum-Espresso/outputs/field_0/top/data/ldos.pp.dat957

     Calling punch_plot, plot_num =   3

     Energy =   4.92040 eV, broadening =   0.01000eV
     Writing data to file  /home/ubuntu/projects/Graphene-Band-Structure-Quantum-Espresso/outputs/field_0/top/data/ldos.pp.dat958

     Calling punch_plot, plot_num =   3

     Energy =   4.94040 eV, broadening =   0.01000eV
     Writing data to file  /home/ubuntu/projects/Graphene-Band-Structure-Quantum-Espresso/outputs/field_0/top/data/ldos.pp.dat959

     Calling punch_plot, plot_num =   3

     Energy =   4.96040 eV, broadening =   0.01000eV
     Writing data to file  /home/ubuntu/projects/Graphene-Band-Structure-Quantum-Espresso/outputs/field_0/top/data/ldos.pp.dat960

     Calling punch_plot, plot_num =   3

     Energy =   4.98040 eV, broadening =   0.01000eV
     Writing data to file  /home/ubuntu/projects/Graphene-Band-Structure-Quantum-Espresso/outputs/field_0/top/data/ldos.pp.dat961

     Calling punch_plot, plot_num =   3

     Energy =   5.00040 eV, broadening =   0.01000eV
     Writing data to file  /home/ubuntu/projects/Graphene-Band-Structure-Quantum-Espresso/outputs/field_0/top/data/ldos.pp.dat962

     Calling punch_plot, plot_num =   3

     Energy =   5.02040 eV, broadening =   0.01000eV
     Writing data to file  /home/ubuntu/projects/Graphene-Band-Structure-Quantum-Espresso/outputs/field_0/top/data/ldos.pp.dat963

     Calling punch_plot, plot_num =   3

     Energy =   5.04040 eV, broadening =   0.01000eV
     Writing data to file  /home/ubuntu/projects/Graphene-Band-Structure-Quantum-Espresso/outputs/field_0/top/data/ldos.pp.dat964

     Calling punch_plot, plot_num =   3

     Energy =   5.06040 eV, broadening =   0.01000eV
     Writing data to file  /home/ubuntu/projects/Graphene-Band-Structure-Quantum-Espresso/outputs/field_0/top/data/ldos.pp.dat965

     Calling punch_plot, plot_num =   3

     Energy =   5.08040 eV, broadening =   0.01000eV
     Writing data to file  /home/ubuntu/projects/Graphene-Band-Structure-Quantum-Espresso/outputs/field_0/top/data/ldos.pp.dat966

     Calling punch_plot, plot_num =   3

     Energy =   5.10040 eV, broadening =   0.01000eV
     Writing data to file  /home/ubuntu/projects/Graphene-Band-Structure-Quantum-Espresso/outputs/field_0/top/data/ldos.pp.dat967

     Calling punch_plot, plot_num =   3

     Energy =   5.12040 eV, broadening =   0.01000eV
     Writing data to file  /home/ubuntu/projects/Graphene-Band-Structure-Quantum-Espresso/outputs/field_0/top/data/ldos.pp.dat968

     Calling punch_plot, plot_num =   3

     Energy =   5.14040 eV, broadening =   0.01000eV
     Writing data to file  /home/ubuntu/projects/Graphene-Band-Structure-Quantum-Espresso/outputs/field_0/top/data/ldos.pp.dat969

     Calling punch_plot, plot_num =   3

     Energy =   5.16040 eV, broadening =   0.01000eV
     Writing data to file  /home/ubuntu/projects/Graphene-Band-Structure-Quantum-Espresso/outputs/field_0/top/data/ldos.pp.dat970

     Calling punch_plot, plot_num =   3

     Energy =   5.18040 eV, broadening =   0.01000eV
     Writing data to file  /home/ubuntu/projects/Graphene-Band-Structure-Quantum-Espresso/outputs/field_0/top/data/ldos.pp.dat971

     Calling punch_plot, plot_num =   3

     Energy =   5.20040 eV, broadening =   0.01000eV
     Writing data to file  /home/ubuntu/projects/Graphene-Band-Structure-Quantum-Espresso/outputs/field_0/top/data/ldos.pp.dat972

     Calling punch_plot, plot_num =   3

     Energy =   5.22040 eV, broadening =   0.01000eV
     Writing data to file  /home/ubuntu/projects/Graphene-Band-Structure-Quantum-Espresso/outputs/field_0/top/data/ldos.pp.dat973

     Calling punch_plot, plot_num =   3

     Energy =   5.24040 eV, broadening =   0.01000eV
     Writing data to file  /home/ubuntu/projects/Graphene-Band-Structure-Quantum-Espresso/outputs/field_0/top/data/ldos.pp.dat974

     Calling punch_plot, plot_num =   3

     Energy =   5.26040 eV, broadening =   0.01000eV
     Writing data to file  /home/ubuntu/projects/Graphene-Band-Structure-Quantum-Espresso/outputs/field_0/top/data/ldos.pp.dat975

     Calling punch_plot, plot_num =   3

     Energy =   5.28040 eV, broadening =   0.01000eV
     Writing data to file  /home/ubuntu/projects/Graphene-Band-Structure-Quantum-Espresso/outputs/field_0/top/data/ldos.pp.dat976

     Calling punch_plot, plot_num =   3

     Energy =   5.30040 eV, broadening =   0.01000eV
     Writing data to file  /home/ubuntu/projects/Graphene-Band-Structure-Quantum-Espresso/outputs/field_0/top/data/ldos.pp.dat977

     Calling punch_plot, plot_num =   3

     Energy =   5.32040 eV, broadening =   0.01000eV
     Writing data to file  /home/ubuntu/projects/Graphene-Band-Structure-Quantum-Espresso/outputs/field_0/top/data/ldos.pp.dat978

     Calling punch_plot, plot_num =   3

     Energy =   5.34040 eV, broadening =   0.01000eV
     Writing data to file  /home/ubuntu/projects/Graphene-Band-Structure-Quantum-Espresso/outputs/field_0/top/data/ldos.pp.dat979

     Calling punch_plot, plot_num =   3

     Energy =   5.36040 eV, broadening =   0.01000eV
     Writing data to file  /home/ubuntu/projects/Graphene-Band-Structure-Quantum-Espresso/outputs/field_0/top/data/ldos.pp.dat980

     Calling punch_plot, plot_num =   3

     Energy =   5.38040 eV, broadening =   0.01000eV
     Writing data to file  /home/ubuntu/projects/Graphene-Band-Structure-Quantum-Espresso/outputs/field_0/top/data/ldos.pp.dat981

     Calling punch_plot, plot_num =   3

     Energy =   5.40040 eV, broadening =   0.01000eV
     Writing data to file  /home/ubuntu/projects/Graphene-Band-Structure-Quantum-Espresso/outputs/field_0/top/data/ldos.pp.dat982

     Calling punch_plot, plot_num =   3

     Energy =   5.42040 eV, broadening =   0.01000eV
     Writing data to file  /home/ubuntu/projects/Graphene-Band-Structure-Quantum-Espresso/outputs/field_0/top/data/ldos.pp.dat983

     Calling punch_plot, plot_num =   3

     Energy =   5.44040 eV, broadening =   0.01000eV
     Writing data to file  /home/ubuntu/projects/Graphene-Band-Structure-Quantum-Espresso/outputs/field_0/top/data/ldos.pp.dat984

     Calling punch_plot, plot_num =   3

     Energy =   5.46040 eV, broadening =   0.01000eV
     Writing data to file  /home/ubuntu/projects/Graphene-Band-Structure-Quantum-Espresso/outputs/field_0/top/data/ldos.pp.dat985

     Calling punch_plot, plot_num =   3

     Energy =   5.48040 eV, broadening =   0.01000eV
     Writing data to file  /home/ubuntu/projects/Graphene-Band-Structure-Quantum-Espresso/outputs/field_0/top/data/ldos.pp.dat986

     Calling punch_plot, plot_num =   3

     Energy =   5.50040 eV, broadening =   0.01000eV
     Writing data to file  /home/ubuntu/projects/Graphene-Band-Structure-Quantum-Espresso/outputs/field_0/top/data/ldos.pp.dat987

     Calling punch_plot, plot_num =   3

     Energy =   5.52040 eV, broadening =   0.01000eV
     Writing data to file  /home/ubuntu/projects/Graphene-Band-Structure-Quantum-Espresso/outputs/field_0/top/data/ldos.pp.dat988

     Calling punch_plot, plot_num =   3

     Energy =   5.54040 eV, broadening =   0.01000eV
     Writing data to file  /home/ubuntu/projects/Graphene-Band-Structure-Quantum-Espresso/outputs/field_0/top/data/ldos.pp.dat989

     Calling punch_plot, plot_num =   3

     Energy =   5.56040 eV, broadening =   0.01000eV
     Writing data to file  /home/ubuntu/projects/Graphene-Band-Structure-Quantum-Espresso/outputs/field_0/top/data/ldos.pp.dat990

     Calling punch_plot, plot_num =   3

     Energy =   5.58040 eV, broadening =   0.01000eV
     Writing data to file  /home/ubuntu/projects/Graphene-Band-Structure-Quantum-Espresso/outputs/field_0/top/data/ldos.pp.dat991

     Calling punch_plot, plot_num =   3

     Energy =   5.60040 eV, broadening =   0.01000eV
     Writing data to file  /home/ubuntu/projects/Graphene-Band-Structure-Quantum-Espresso/outputs/field_0/top/data/ldos.pp.dat992

     Calling punch_plot, plot_num =   3

     Energy =   5.62040 eV, broadening =   0.01000eV
     Writing data to file  /home/ubuntu/projects/Graphene-Band-Structure-Quantum-Espresso/outputs/field_0/top/data/ldos.pp.dat993

     Calling punch_plot, plot_num =   3

     Energy =   5.64040 eV, broadening =   0.01000eV
     Writing data to file  /home/ubuntu/projects/Graphene-Band-Structure-Quantum-Espresso/outputs/field_0/top/data/ldos.pp.dat994

     Calling punch_plot, plot_num =   3

     Energy =   5.66040 eV, broadening =   0.01000eV
     Writing data to file  /home/ubuntu/projects/Graphene-Band-Structure-Quantum-Espresso/outputs/field_0/top/data/ldos.pp.dat995

     Calling punch_plot, plot_num =   3

     Energy =   5.68040 eV, broadening =   0.01000eV
     Writing data to file  /home/ubuntu/projects/Graphene-Band-Structure-Quantum-Espresso/outputs/field_0/top/data/ldos.pp.dat996

     Calling punch_plot, plot_num =   3

     Energy =   5.70040 eV, broadening =   0.01000eV
     Writing data to file  /home/ubuntu/projects/Graphene-Band-Structure-Quantum-Espresso/outputs/field_0/top/data/ldos.pp.dat997

     Calling punch_plot, plot_num =   3

     Energy =   5.72040 eV, broadening =   0.01000eV
     Writing data to file  /home/ubuntu/projects/Graphene-Band-Structure-Quantum-Espresso/outputs/field_0/top/data/ldos.pp.dat998

     Calling punch_plot, plot_num =   3

     Energy =   5.74040 eV, broadening =   0.01000eV
     Writing data to file  /home/ubuntu/projects/Graphene-Band-Structure-Quantum-Espresso/outputs/field_0/top/data/ldos.pp.dat999

     Calling punch_plot, plot_num =   3

     Energy =   5.76040 eV, broadening =   0.01000eV
     Writing data to file  /home/ubuntu/projects/Graphene-Band-Structure-Quantum-Espresso/outputs/field_0/top/data/ldos.pp.dat1000

     Calling punch_plot, plot_num =   3

     Energy =   5.78040 eV, broadening =   0.01000eV
     Writing data to file  /home/ubuntu/projects/Graphene-Band-Structure-Quantum-Espresso/outputs/field_0/top/data/ldos.pp.dat1001
     Message from routine chdens:
     namelist plot not found or invalid, exiting

     POST-PROC    :   8m 5.52s CPU   9m14.76s WALL


   This run was terminated on:  13:24:19  16Sep2026            

=------------------------------------------------------------------------------=
   JOB DONE.
=------------------------------------------------------------------------------=
