
     Program POST-PROC v.7.6 starts on  4Oct2026 at 17:58:53 

     This program is part of the open-source Quantum ESPRESSO suite
     for quantum simulation of materials; please cite
         "P. Giannozzi et al., J. Phys.:Condens. Matter 21 395502 (2009);
         "P. Giannozzi et al., J. Phys.:Condens. Matter 29 465901 (2017);
         "P. Giannozzi et al., J. Chem. Phys. 152 154105 (2020);
          URL http://www.quantum-espresso.org", 
     in publications or presentations arising from this work. More details at
     http://www.quantum-espresso.org/quote

     Parallel version (MPI), running on    16 processors

     MPI processes distributed on     1 nodes
     K-points division:     npool     =      16
     15486 MiB available memory on the printing compute node when the environment starts


     Reading xml data from directory:

     /home/ubuntu/projects/Graphene-Band-Structure-Quantum-Espresso/outputs/field_0.001/PBE-d3/bottom/data/bottom.save/

     IMPORTANT: XC functional enforced from input :
     Exchange-correlation= PBE
                           (   1   4   3   4   0   0   0)
     Any further DFT definition will be discarded
     Please, verify this is what you really want


     G-vector sticks info
     --------------------
     sticks:   dense  smooth     PW     G-vecs:    dense   smooth      PW
     Sum         535     535    169                94953    94953   17491

     Using Slab Decomposition


     Adding external electric field
        E field amplitude [Ha a.u.]:  1.0000E-03
        Potential amp.        0.0794 Ry
        Total length         39.7126 bohr


     Calling punch_plot, plot_num =   3

     Energy = -17.62270 eV, broadening =   0.20000eV
     Writing data to file  /home/ubuntu/projects/Graphene-Band-Structure-Quantum-Espresso/outputs/field_0.001/PBE-d3/bottom/data/ldos.pp.dat001

     Calling punch_plot, plot_num =   3

     Energy = -17.57270 eV, broadening =   0.20000eV
     Writing data to file  /home/ubuntu/projects/Graphene-Band-Structure-Quantum-Espresso/outputs/field_0.001/PBE-d3/bottom/data/ldos.pp.dat002

     Calling punch_plot, plot_num =   3

     Energy = -17.52270 eV, broadening =   0.20000eV
     Writing data to file  /home/ubuntu/projects/Graphene-Band-Structure-Quantum-Espresso/outputs/field_0.001/PBE-d3/bottom/data/ldos.pp.dat003

     Calling punch_plot, plot_num =   3

     Energy = -17.47270 eV, broadening =   0.20000eV
     Writing data to file  /home/ubuntu/projects/Graphene-Band-Structure-Quantum-Espresso/outputs/field_0.001/PBE-d3/bottom/data/ldos.pp.dat004

     Calling punch_plot, plot_num =   3

     Energy = -17.42270 eV, broadening =   0.20000eV
     Writing data to file  /home/ubuntu/projects/Graphene-Band-Structure-Quantum-Espresso/outputs/field_0.001/PBE-d3/bottom/data/ldos.pp.dat005

     Calling punch_plot, plot_num =   3

     Energy = -17.37270 eV, broadening =   0.20000eV
     Writing data to file  /home/ubuntu/projects/Graphene-Band-Structure-Quantum-Espresso/outputs/field_0.001/PBE-d3/bottom/data/ldos.pp.dat006

     Calling punch_plot, plot_num =   3

     Energy = -17.32270 eV, broadening =   0.20000eV
     Writing data to file  /home/ubuntu/projects/Graphene-Band-Structure-Quantum-Espresso/outputs/field_0.001/PBE-d3/bottom/data/ldos.pp.dat007

     Calling punch_plot, plot_num =   3

     Energy = -17.27270 eV, broadening =   0.20000eV
     Writing data to file  /home/ubuntu/projects/Graphene-Band-Structure-Quantum-Espresso/outputs/field_0.001/PBE-d3/bottom/data/ldos.pp.dat008

     Calling punch_plot, plot_num =   3

     Energy = -17.22270 eV, broadening =   0.20000eV
     Writing data to file  /home/ubuntu/projects/Graphene-Band-Structure-Quantum-Espresso/outputs/field_0.001/PBE-d3/bottom/data/ldos.pp.dat009

     Calling punch_plot, plot_num =   3

     Energy = -17.17270 eV, broadening =   0.20000eV
     Writing data to file  /home/ubuntu/projects/Graphene-Band-Structure-Quantum-Espresso/outputs/field_0.001/PBE-d3/bottom/data/ldos.pp.dat010

     Calling punch_plot, plot_num =   3

     Energy = -17.12270 eV, broadening =   0.20000eV
     Writing data to file  /home/ubuntu/projects/Graphene-Band-Structure-Quantum-Espresso/outputs/field_0.001/PBE-d3/bottom/data/ldos.pp.dat011

     Calling punch_plot, plot_num =   3

     Energy = -17.07270 eV, broadening =   0.20000eV
     Writing data to file  /home/ubuntu/projects/Graphene-Band-Structure-Quantum-Espresso/outputs/field_0.001/PBE-d3/bottom/data/ldos.pp.dat012

     Calling punch_plot, plot_num =   3

     Energy = -17.02270 eV, broadening =   0.20000eV
     Writing data to file  /home/ubuntu/projects/Graphene-Band-Structure-Quantum-Espresso/outputs/field_0.001/PBE-d3/bottom/data/ldos.pp.dat013

     Calling punch_plot, plot_num =   3

     Energy = -16.97270 eV, broadening =   0.20000eV
     Writing data to file  /home/ubuntu/projects/Graphene-Band-Structure-Quantum-Espresso/outputs/field_0.001/PBE-d3/bottom/data/ldos.pp.dat014

     Calling punch_plot, plot_num =   3

     Energy = -16.92270 eV, broadening =   0.20000eV
     Writing data to file  /home/ubuntu/projects/Graphene-Band-Structure-Quantum-Espresso/outputs/field_0.001/PBE-d3/bottom/data/ldos.pp.dat015

     Calling punch_plot, plot_num =   3

     Energy = -16.87270 eV, broadening =   0.20000eV
     Writing data to file  /home/ubuntu/projects/Graphene-Band-Structure-Quantum-Espresso/outputs/field_0.001/PBE-d3/bottom/data/ldos.pp.dat016

     Calling punch_plot, plot_num =   3

     Energy = -16.82270 eV, broadening =   0.20000eV
     Writing data to file  /home/ubuntu/projects/Graphene-Band-Structure-Quantum-Espresso/outputs/field_0.001/PBE-d3/bottom/data/ldos.pp.dat017

     Calling punch_plot, plot_num =   3

     Energy = -16.77270 eV, broadening =   0.20000eV
     Writing data to file  /home/ubuntu/projects/Graphene-Band-Structure-Quantum-Espresso/outputs/field_0.001/PBE-d3/bottom/data/ldos.pp.dat018

     Calling punch_plot, plot_num =   3

     Energy = -16.72270 eV, broadening =   0.20000eV
     Writing data to file  /home/ubuntu/projects/Graphene-Band-Structure-Quantum-Espresso/outputs/field_0.001/PBE-d3/bottom/data/ldos.pp.dat019

     Calling punch_plot, plot_num =   3

     Energy = -16.67270 eV, broadening =   0.20000eV
     Writing data to file  /home/ubuntu/projects/Graphene-Band-Structure-Quantum-Espresso/outputs/field_0.001/PBE-d3/bottom/data/ldos.pp.dat020

     Calling punch_plot, plot_num =   3

     Energy = -16.62270 eV, broadening =   0.20000eV
     Writing data to file  /home/ubuntu/projects/Graphene-Band-Structure-Quantum-Espresso/outputs/field_0.001/PBE-d3/bottom/data/ldos.pp.dat021

     Calling punch_plot, plot_num =   3

     Energy = -16.57270 eV, broadening =   0.20000eV
     Writing data to file  /home/ubuntu/projects/Graphene-Band-Structure-Quantum-Espresso/outputs/field_0.001/PBE-d3/bottom/data/ldos.pp.dat022

     Calling punch_plot, plot_num =   3

     Energy = -16.52270 eV, broadening =   0.20000eV
     Writing data to file  /home/ubuntu/projects/Graphene-Band-Structure-Quantum-Espresso/outputs/field_0.001/PBE-d3/bottom/data/ldos.pp.dat023

     Calling punch_plot, plot_num =   3

     Energy = -16.47270 eV, broadening =   0.20000eV
     Writing data to file  /home/ubuntu/projects/Graphene-Band-Structure-Quantum-Espresso/outputs/field_0.001/PBE-d3/bottom/data/ldos.pp.dat024

     Calling punch_plot, plot_num =   3

     Energy = -16.42270 eV, broadening =   0.20000eV
     Writing data to file  /home/ubuntu/projects/Graphene-Band-Structure-Quantum-Espresso/outputs/field_0.001/PBE-d3/bottom/data/ldos.pp.dat025

     Calling punch_plot, plot_num =   3

     Energy = -16.37270 eV, broadening =   0.20000eV
     Writing data to file  /home/ubuntu/projects/Graphene-Band-Structure-Quantum-Espresso/outputs/field_0.001/PBE-d3/bottom/data/ldos.pp.dat026

     Calling punch_plot, plot_num =   3

     Energy = -16.32270 eV, broadening =   0.20000eV
     Writing data to file  /home/ubuntu/projects/Graphene-Band-Structure-Quantum-Espresso/outputs/field_0.001/PBE-d3/bottom/data/ldos.pp.dat027

     Calling punch_plot, plot_num =   3

     Energy = -16.27270 eV, broadening =   0.20000eV
     Writing data to file  /home/ubuntu/projects/Graphene-Band-Structure-Quantum-Espresso/outputs/field_0.001/PBE-d3/bottom/data/ldos.pp.dat028

     Calling punch_plot, plot_num =   3

     Energy = -16.22270 eV, broadening =   0.20000eV
     Writing data to file  /home/ubuntu/projects/Graphene-Band-Structure-Quantum-Espresso/outputs/field_0.001/PBE-d3/bottom/data/ldos.pp.dat029

     Calling punch_plot, plot_num =   3

     Energy = -16.17270 eV, broadening =   0.20000eV
     Writing data to file  /home/ubuntu/projects/Graphene-Band-Structure-Quantum-Espresso/outputs/field_0.001/PBE-d3/bottom/data/ldos.pp.dat030

     Calling punch_plot, plot_num =   3

     Energy = -16.12270 eV, broadening =   0.20000eV
     Writing data to file  /home/ubuntu/projects/Graphene-Band-Structure-Quantum-Espresso/outputs/field_0.001/PBE-d3/bottom/data/ldos.pp.dat031

     Calling punch_plot, plot_num =   3

     Energy = -16.07270 eV, broadening =   0.20000eV
     Writing data to file  /home/ubuntu/projects/Graphene-Band-Structure-Quantum-Espresso/outputs/field_0.001/PBE-d3/bottom/data/ldos.pp.dat032

     Calling punch_plot, plot_num =   3

     Energy = -16.02270 eV, broadening =   0.20000eV
     Writing data to file  /home/ubuntu/projects/Graphene-Band-Structure-Quantum-Espresso/outputs/field_0.001/PBE-d3/bottom/data/ldos.pp.dat033

     Calling punch_plot, plot_num =   3

     Energy = -15.97270 eV, broadening =   0.20000eV
     Writing data to file  /home/ubuntu/projects/Graphene-Band-Structure-Quantum-Espresso/outputs/field_0.001/PBE-d3/bottom/data/ldos.pp.dat034

     Calling punch_plot, plot_num =   3

     Energy = -15.92270 eV, broadening =   0.20000eV
     Writing data to file  /home/ubuntu/projects/Graphene-Band-Structure-Quantum-Espresso/outputs/field_0.001/PBE-d3/bottom/data/ldos.pp.dat035

     Calling punch_plot, plot_num =   3

     Energy = -15.87270 eV, broadening =   0.20000eV
     Writing data to file  /home/ubuntu/projects/Graphene-Band-Structure-Quantum-Espresso/outputs/field_0.001/PBE-d3/bottom/data/ldos.pp.dat036

     Calling punch_plot, plot_num =   3

     Energy = -15.82270 eV, broadening =   0.20000eV
     Writing data to file  /home/ubuntu/projects/Graphene-Band-Structure-Quantum-Espresso/outputs/field_0.001/PBE-d3/bottom/data/ldos.pp.dat037

     Calling punch_plot, plot_num =   3

     Energy = -15.77270 eV, broadening =   0.20000eV
     Writing data to file  /home/ubuntu/projects/Graphene-Band-Structure-Quantum-Espresso/outputs/field_0.001/PBE-d3/bottom/data/ldos.pp.dat038

     Calling punch_plot, plot_num =   3

     Energy = -15.72270 eV, broadening =   0.20000eV
     Writing data to file  /home/ubuntu/projects/Graphene-Band-Structure-Quantum-Espresso/outputs/field_0.001/PBE-d3/bottom/data/ldos.pp.dat039

     Calling punch_plot, plot_num =   3

     Energy = -15.67270 eV, broadening =   0.20000eV
     Writing data to file  /home/ubuntu/projects/Graphene-Band-Structure-Quantum-Espresso/outputs/field_0.001/PBE-d3/bottom/data/ldos.pp.dat040

     Calling punch_plot, plot_num =   3

     Energy = -15.62270 eV, broadening =   0.20000eV
     Writing data to file  /home/ubuntu/projects/Graphene-Band-Structure-Quantum-Espresso/outputs/field_0.001/PBE-d3/bottom/data/ldos.pp.dat041

     Calling punch_plot, plot_num =   3

     Energy = -15.57270 eV, broadening =   0.20000eV
     Writing data to file  /home/ubuntu/projects/Graphene-Band-Structure-Quantum-Espresso/outputs/field_0.001/PBE-d3/bottom/data/ldos.pp.dat042

     Calling punch_plot, plot_num =   3

     Energy = -15.52270 eV, broadening =   0.20000eV
     Writing data to file  /home/ubuntu/projects/Graphene-Band-Structure-Quantum-Espresso/outputs/field_0.001/PBE-d3/bottom/data/ldos.pp.dat043

     Calling punch_plot, plot_num =   3

     Energy = -15.47270 eV, broadening =   0.20000eV
     Writing data to file  /home/ubuntu/projects/Graphene-Band-Structure-Quantum-Espresso/outputs/field_0.001/PBE-d3/bottom/data/ldos.pp.dat044

     Calling punch_plot, plot_num =   3

     Energy = -15.42270 eV, broadening =   0.20000eV
     Writing data to file  /home/ubuntu/projects/Graphene-Band-Structure-Quantum-Espresso/outputs/field_0.001/PBE-d3/bottom/data/ldos.pp.dat045

     Calling punch_plot, plot_num =   3

     Energy = -15.37270 eV, broadening =   0.20000eV
     Writing data to file  /home/ubuntu/projects/Graphene-Band-Structure-Quantum-Espresso/outputs/field_0.001/PBE-d3/bottom/data/ldos.pp.dat046

     Calling punch_plot, plot_num =   3

     Energy = -15.32270 eV, broadening =   0.20000eV
     Writing data to file  /home/ubuntu/projects/Graphene-Band-Structure-Quantum-Espresso/outputs/field_0.001/PBE-d3/bottom/data/ldos.pp.dat047

     Calling punch_plot, plot_num =   3

     Energy = -15.27270 eV, broadening =   0.20000eV
     Writing data to file  /home/ubuntu/projects/Graphene-Band-Structure-Quantum-Espresso/outputs/field_0.001/PBE-d3/bottom/data/ldos.pp.dat048

     Calling punch_plot, plot_num =   3

     Energy = -15.22270 eV, broadening =   0.20000eV
     Writing data to file  /home/ubuntu/projects/Graphene-Band-Structure-Quantum-Espresso/outputs/field_0.001/PBE-d3/bottom/data/ldos.pp.dat049

     Calling punch_plot, plot_num =   3

     Energy = -15.17270 eV, broadening =   0.20000eV
     Writing data to file  /home/ubuntu/projects/Graphene-Band-Structure-Quantum-Espresso/outputs/field_0.001/PBE-d3/bottom/data/ldos.pp.dat050

     Calling punch_plot, plot_num =   3

     Energy = -15.12270 eV, broadening =   0.20000eV
     Writing data to file  /home/ubuntu/projects/Graphene-Band-Structure-Quantum-Espresso/outputs/field_0.001/PBE-d3/bottom/data/ldos.pp.dat051

     Calling punch_plot, plot_num =   3

     Energy = -15.07270 eV, broadening =   0.20000eV
     Writing data to file  /home/ubuntu/projects/Graphene-Band-Structure-Quantum-Espresso/outputs/field_0.001/PBE-d3/bottom/data/ldos.pp.dat052

     Calling punch_plot, plot_num =   3

     Energy = -15.02270 eV, broadening =   0.20000eV
     Writing data to file  /home/ubuntu/projects/Graphene-Band-Structure-Quantum-Espresso/outputs/field_0.001/PBE-d3/bottom/data/ldos.pp.dat053

     Calling punch_plot, plot_num =   3

     Energy = -14.97270 eV, broadening =   0.20000eV
     Writing data to file  /home/ubuntu/projects/Graphene-Band-Structure-Quantum-Espresso/outputs/field_0.001/PBE-d3/bottom/data/ldos.pp.dat054

     Calling punch_plot, plot_num =   3

     Energy = -14.92270 eV, broadening =   0.20000eV
     Writing data to file  /home/ubuntu/projects/Graphene-Band-Structure-Quantum-Espresso/outputs/field_0.001/PBE-d3/bottom/data/ldos.pp.dat055

     Calling punch_plot, plot_num =   3

     Energy = -14.87270 eV, broadening =   0.20000eV
     Writing data to file  /home/ubuntu/projects/Graphene-Band-Structure-Quantum-Espresso/outputs/field_0.001/PBE-d3/bottom/data/ldos.pp.dat056

     Calling punch_plot, plot_num =   3

     Energy = -14.82270 eV, broadening =   0.20000eV
     Writing data to file  /home/ubuntu/projects/Graphene-Band-Structure-Quantum-Espresso/outputs/field_0.001/PBE-d3/bottom/data/ldos.pp.dat057

     Calling punch_plot, plot_num =   3

     Energy = -14.77270 eV, broadening =   0.20000eV
     Writing data to file  /home/ubuntu/projects/Graphene-Band-Structure-Quantum-Espresso/outputs/field_0.001/PBE-d3/bottom/data/ldos.pp.dat058

     Calling punch_plot, plot_num =   3

     Energy = -14.72270 eV, broadening =   0.20000eV
     Writing data to file  /home/ubuntu/projects/Graphene-Band-Structure-Quantum-Espresso/outputs/field_0.001/PBE-d3/bottom/data/ldos.pp.dat059

     Calling punch_plot, plot_num =   3

     Energy = -14.67270 eV, broadening =   0.20000eV
     Writing data to file  /home/ubuntu/projects/Graphene-Band-Structure-Quantum-Espresso/outputs/field_0.001/PBE-d3/bottom/data/ldos.pp.dat060

     Calling punch_plot, plot_num =   3

     Energy = -14.62270 eV, broadening =   0.20000eV
     Writing data to file  /home/ubuntu/projects/Graphene-Band-Structure-Quantum-Espresso/outputs/field_0.001/PBE-d3/bottom/data/ldos.pp.dat061

     Calling punch_plot, plot_num =   3

     Energy = -14.57270 eV, broadening =   0.20000eV
     Writing data to file  /home/ubuntu/projects/Graphene-Band-Structure-Quantum-Espresso/outputs/field_0.001/PBE-d3/bottom/data/ldos.pp.dat062

     Calling punch_plot, plot_num =   3

     Energy = -14.52270 eV, broadening =   0.20000eV
     Writing data to file  /home/ubuntu/projects/Graphene-Band-Structure-Quantum-Espresso/outputs/field_0.001/PBE-d3/bottom/data/ldos.pp.dat063

     Calling punch_plot, plot_num =   3

     Energy = -14.47270 eV, broadening =   0.20000eV
     Writing data to file  /home/ubuntu/projects/Graphene-Band-Structure-Quantum-Espresso/outputs/field_0.001/PBE-d3/bottom/data/ldos.pp.dat064

     Calling punch_plot, plot_num =   3

     Energy = -14.42270 eV, broadening =   0.20000eV
     Writing data to file  /home/ubuntu/projects/Graphene-Band-Structure-Quantum-Espresso/outputs/field_0.001/PBE-d3/bottom/data/ldos.pp.dat065

     Calling punch_plot, plot_num =   3

     Energy = -14.37270 eV, broadening =   0.20000eV
     Writing data to file  /home/ubuntu/projects/Graphene-Band-Structure-Quantum-Espresso/outputs/field_0.001/PBE-d3/bottom/data/ldos.pp.dat066

     Calling punch_plot, plot_num =   3

     Energy = -14.32270 eV, broadening =   0.20000eV
     Writing data to file  /home/ubuntu/projects/Graphene-Band-Structure-Quantum-Espresso/outputs/field_0.001/PBE-d3/bottom/data/ldos.pp.dat067

     Calling punch_plot, plot_num =   3

     Energy = -14.27270 eV, broadening =   0.20000eV
     Writing data to file  /home/ubuntu/projects/Graphene-Band-Structure-Quantum-Espresso/outputs/field_0.001/PBE-d3/bottom/data/ldos.pp.dat068

     Calling punch_plot, plot_num =   3

     Energy = -14.22270 eV, broadening =   0.20000eV
     Writing data to file  /home/ubuntu/projects/Graphene-Band-Structure-Quantum-Espresso/outputs/field_0.001/PBE-d3/bottom/data/ldos.pp.dat069

     Calling punch_plot, plot_num =   3

     Energy = -14.17270 eV, broadening =   0.20000eV
     Writing data to file  /home/ubuntu/projects/Graphene-Band-Structure-Quantum-Espresso/outputs/field_0.001/PBE-d3/bottom/data/ldos.pp.dat070

     Calling punch_plot, plot_num =   3

     Energy = -14.12270 eV, broadening =   0.20000eV
     Writing data to file  /home/ubuntu/projects/Graphene-Band-Structure-Quantum-Espresso/outputs/field_0.001/PBE-d3/bottom/data/ldos.pp.dat071

     Calling punch_plot, plot_num =   3

     Energy = -14.07270 eV, broadening =   0.20000eV
     Writing data to file  /home/ubuntu/projects/Graphene-Band-Structure-Quantum-Espresso/outputs/field_0.001/PBE-d3/bottom/data/ldos.pp.dat072

     Calling punch_plot, plot_num =   3

     Energy = -14.02270 eV, broadening =   0.20000eV
     Writing data to file  /home/ubuntu/projects/Graphene-Band-Structure-Quantum-Espresso/outputs/field_0.001/PBE-d3/bottom/data/ldos.pp.dat073

     Calling punch_plot, plot_num =   3

     Energy = -13.97270 eV, broadening =   0.20000eV
     Writing data to file  /home/ubuntu/projects/Graphene-Band-Structure-Quantum-Espresso/outputs/field_0.001/PBE-d3/bottom/data/ldos.pp.dat074

     Calling punch_plot, plot_num =   3

     Energy = -13.92270 eV, broadening =   0.20000eV
     Writing data to file  /home/ubuntu/projects/Graphene-Band-Structure-Quantum-Espresso/outputs/field_0.001/PBE-d3/bottom/data/ldos.pp.dat075

     Calling punch_plot, plot_num =   3

     Energy = -13.87270 eV, broadening =   0.20000eV
     Writing data to file  /home/ubuntu/projects/Graphene-Band-Structure-Quantum-Espresso/outputs/field_0.001/PBE-d3/bottom/data/ldos.pp.dat076

     Calling punch_plot, plot_num =   3

     Energy = -13.82270 eV, broadening =   0.20000eV
     Writing data to file  /home/ubuntu/projects/Graphene-Band-Structure-Quantum-Espresso/outputs/field_0.001/PBE-d3/bottom/data/ldos.pp.dat077

     Calling punch_plot, plot_num =   3

     Energy = -13.77270 eV, broadening =   0.20000eV
     Writing data to file  /home/ubuntu/projects/Graphene-Band-Structure-Quantum-Espresso/outputs/field_0.001/PBE-d3/bottom/data/ldos.pp.dat078

     Calling punch_plot, plot_num =   3

     Energy = -13.72270 eV, broadening =   0.20000eV
     Writing data to file  /home/ubuntu/projects/Graphene-Band-Structure-Quantum-Espresso/outputs/field_0.001/PBE-d3/bottom/data/ldos.pp.dat079

     Calling punch_plot, plot_num =   3

     Energy = -13.67270 eV, broadening =   0.20000eV
     Writing data to file  /home/ubuntu/projects/Graphene-Band-Structure-Quantum-Espresso/outputs/field_0.001/PBE-d3/bottom/data/ldos.pp.dat080

     Calling punch_plot, plot_num =   3

     Energy = -13.62270 eV, broadening =   0.20000eV
     Writing data to file  /home/ubuntu/projects/Graphene-Band-Structure-Quantum-Espresso/outputs/field_0.001/PBE-d3/bottom/data/ldos.pp.dat081

     Calling punch_plot, plot_num =   3

     Energy = -13.57270 eV, broadening =   0.20000eV
     Writing data to file  /home/ubuntu/projects/Graphene-Band-Structure-Quantum-Espresso/outputs/field_0.001/PBE-d3/bottom/data/ldos.pp.dat082

     Calling punch_plot, plot_num =   3

     Energy = -13.52270 eV, broadening =   0.20000eV
     Writing data to file  /home/ubuntu/projects/Graphene-Band-Structure-Quantum-Espresso/outputs/field_0.001/PBE-d3/bottom/data/ldos.pp.dat083

     Calling punch_plot, plot_num =   3

     Energy = -13.47270 eV, broadening =   0.20000eV
     Writing data to file  /home/ubuntu/projects/Graphene-Band-Structure-Quantum-Espresso/outputs/field_0.001/PBE-d3/bottom/data/ldos.pp.dat084

     Calling punch_plot, plot_num =   3

     Energy = -13.42270 eV, broadening =   0.20000eV
     Writing data to file  /home/ubuntu/projects/Graphene-Band-Structure-Quantum-Espresso/outputs/field_0.001/PBE-d3/bottom/data/ldos.pp.dat085

     Calling punch_plot, plot_num =   3

     Energy = -13.37270 eV, broadening =   0.20000eV
     Writing data to file  /home/ubuntu/projects/Graphene-Band-Structure-Quantum-Espresso/outputs/field_0.001/PBE-d3/bottom/data/ldos.pp.dat086

     Calling punch_plot, plot_num =   3

     Energy = -13.32270 eV, broadening =   0.20000eV
     Writing data to file  /home/ubuntu/projects/Graphene-Band-Structure-Quantum-Espresso/outputs/field_0.001/PBE-d3/bottom/data/ldos.pp.dat087

     Calling punch_plot, plot_num =   3

     Energy = -13.27270 eV, broadening =   0.20000eV
     Writing data to file  /home/ubuntu/projects/Graphene-Band-Structure-Quantum-Espresso/outputs/field_0.001/PBE-d3/bottom/data/ldos.pp.dat088

     Calling punch_plot, plot_num =   3

     Energy = -13.22270 eV, broadening =   0.20000eV
     Writing data to file  /home/ubuntu/projects/Graphene-Band-Structure-Quantum-Espresso/outputs/field_0.001/PBE-d3/bottom/data/ldos.pp.dat089

     Calling punch_plot, plot_num =   3

     Energy = -13.17270 eV, broadening =   0.20000eV
     Writing data to file  /home/ubuntu/projects/Graphene-Band-Structure-Quantum-Espresso/outputs/field_0.001/PBE-d3/bottom/data/ldos.pp.dat090

     Calling punch_plot, plot_num =   3

     Energy = -13.12270 eV, broadening =   0.20000eV
     Writing data to file  /home/ubuntu/projects/Graphene-Band-Structure-Quantum-Espresso/outputs/field_0.001/PBE-d3/bottom/data/ldos.pp.dat091

     Calling punch_plot, plot_num =   3

     Energy = -13.07270 eV, broadening =   0.20000eV
     Writing data to file  /home/ubuntu/projects/Graphene-Band-Structure-Quantum-Espresso/outputs/field_0.001/PBE-d3/bottom/data/ldos.pp.dat092

     Calling punch_plot, plot_num =   3

     Energy = -13.02270 eV, broadening =   0.20000eV
     Writing data to file  /home/ubuntu/projects/Graphene-Band-Structure-Quantum-Espresso/outputs/field_0.001/PBE-d3/bottom/data/ldos.pp.dat093

     Calling punch_plot, plot_num =   3

     Energy = -12.97270 eV, broadening =   0.20000eV
     Writing data to file  /home/ubuntu/projects/Graphene-Band-Structure-Quantum-Espresso/outputs/field_0.001/PBE-d3/bottom/data/ldos.pp.dat094

     Calling punch_plot, plot_num =   3

     Energy = -12.92270 eV, broadening =   0.20000eV
     Writing data to file  /home/ubuntu/projects/Graphene-Band-Structure-Quantum-Espresso/outputs/field_0.001/PBE-d3/bottom/data/ldos.pp.dat095

     Calling punch_plot, plot_num =   3

     Energy = -12.87270 eV, broadening =   0.20000eV
     Writing data to file  /home/ubuntu/projects/Graphene-Band-Structure-Quantum-Espresso/outputs/field_0.001/PBE-d3/bottom/data/ldos.pp.dat096

     Calling punch_plot, plot_num =   3

     Energy = -12.82270 eV, broadening =   0.20000eV
     Writing data to file  /home/ubuntu/projects/Graphene-Band-Structure-Quantum-Espresso/outputs/field_0.001/PBE-d3/bottom/data/ldos.pp.dat097

     Calling punch_plot, plot_num =   3

     Energy = -12.77270 eV, broadening =   0.20000eV
     Writing data to file  /home/ubuntu/projects/Graphene-Band-Structure-Quantum-Espresso/outputs/field_0.001/PBE-d3/bottom/data/ldos.pp.dat098

     Calling punch_plot, plot_num =   3

     Energy = -12.72270 eV, broadening =   0.20000eV
     Writing data to file  /home/ubuntu/projects/Graphene-Band-Structure-Quantum-Espresso/outputs/field_0.001/PBE-d3/bottom/data/ldos.pp.dat099

     Calling punch_plot, plot_num =   3

     Energy = -12.67270 eV, broadening =   0.20000eV
     Writing data to file  /home/ubuntu/projects/Graphene-Band-Structure-Quantum-Espresso/outputs/field_0.001/PBE-d3/bottom/data/ldos.pp.dat100

     Calling punch_plot, plot_num =   3

     Energy = -12.62270 eV, broadening =   0.20000eV
     Writing data to file  /home/ubuntu/projects/Graphene-Band-Structure-Quantum-Espresso/outputs/field_0.001/PBE-d3/bottom/data/ldos.pp.dat101

     Calling punch_plot, plot_num =   3

     Energy = -12.57270 eV, broadening =   0.20000eV
     Writing data to file  /home/ubuntu/projects/Graphene-Band-Structure-Quantum-Espresso/outputs/field_0.001/PBE-d3/bottom/data/ldos.pp.dat102

     Calling punch_plot, plot_num =   3

     Energy = -12.52270 eV, broadening =   0.20000eV
     Writing data to file  /home/ubuntu/projects/Graphene-Band-Structure-Quantum-Espresso/outputs/field_0.001/PBE-d3/bottom/data/ldos.pp.dat103

     Calling punch_plot, plot_num =   3

     Energy = -12.47270 eV, broadening =   0.20000eV
     Writing data to file  /home/ubuntu/projects/Graphene-Band-Structure-Quantum-Espresso/outputs/field_0.001/PBE-d3/bottom/data/ldos.pp.dat104

     Calling punch_plot, plot_num =   3

     Energy = -12.42270 eV, broadening =   0.20000eV
     Writing data to file  /home/ubuntu/projects/Graphene-Band-Structure-Quantum-Espresso/outputs/field_0.001/PBE-d3/bottom/data/ldos.pp.dat105

     Calling punch_plot, plot_num =   3

     Energy = -12.37270 eV, broadening =   0.20000eV
     Writing data to file  /home/ubuntu/projects/Graphene-Band-Structure-Quantum-Espresso/outputs/field_0.001/PBE-d3/bottom/data/ldos.pp.dat106

     Calling punch_plot, plot_num =   3

     Energy = -12.32270 eV, broadening =   0.20000eV
     Writing data to file  /home/ubuntu/projects/Graphene-Band-Structure-Quantum-Espresso/outputs/field_0.001/PBE-d3/bottom/data/ldos.pp.dat107

     Calling punch_plot, plot_num =   3

     Energy = -12.27270 eV, broadening =   0.20000eV
     Writing data to file  /home/ubuntu/projects/Graphene-Band-Structure-Quantum-Espresso/outputs/field_0.001/PBE-d3/bottom/data/ldos.pp.dat108

     Calling punch_plot, plot_num =   3

     Energy = -12.22270 eV, broadening =   0.20000eV
     Writing data to file  /home/ubuntu/projects/Graphene-Band-Structure-Quantum-Espresso/outputs/field_0.001/PBE-d3/bottom/data/ldos.pp.dat109

     Calling punch_plot, plot_num =   3

     Energy = -12.17270 eV, broadening =   0.20000eV
     Writing data to file  /home/ubuntu/projects/Graphene-Band-Structure-Quantum-Espresso/outputs/field_0.001/PBE-d3/bottom/data/ldos.pp.dat110

     Calling punch_plot, plot_num =   3

     Energy = -12.12270 eV, broadening =   0.20000eV
     Writing data to file  /home/ubuntu/projects/Graphene-Band-Structure-Quantum-Espresso/outputs/field_0.001/PBE-d3/bottom/data/ldos.pp.dat111

     Calling punch_plot, plot_num =   3

     Energy = -12.07270 eV, broadening =   0.20000eV
     Writing data to file  /home/ubuntu/projects/Graphene-Band-Structure-Quantum-Espresso/outputs/field_0.001/PBE-d3/bottom/data/ldos.pp.dat112

     Calling punch_plot, plot_num =   3

     Energy = -12.02270 eV, broadening =   0.20000eV
     Writing data to file  /home/ubuntu/projects/Graphene-Band-Structure-Quantum-Espresso/outputs/field_0.001/PBE-d3/bottom/data/ldos.pp.dat113

     Calling punch_plot, plot_num =   3

     Energy = -11.97270 eV, broadening =   0.20000eV
     Writing data to file  /home/ubuntu/projects/Graphene-Band-Structure-Quantum-Espresso/outputs/field_0.001/PBE-d3/bottom/data/ldos.pp.dat114

     Calling punch_plot, plot_num =   3

     Energy = -11.92270 eV, broadening =   0.20000eV
     Writing data to file  /home/ubuntu/projects/Graphene-Band-Structure-Quantum-Espresso/outputs/field_0.001/PBE-d3/bottom/data/ldos.pp.dat115

     Calling punch_plot, plot_num =   3

     Energy = -11.87270 eV, broadening =   0.20000eV
     Writing data to file  /home/ubuntu/projects/Graphene-Band-Structure-Quantum-Espresso/outputs/field_0.001/PBE-d3/bottom/data/ldos.pp.dat116

     Calling punch_plot, plot_num =   3

     Energy = -11.82270 eV, broadening =   0.20000eV
     Writing data to file  /home/ubuntu/projects/Graphene-Band-Structure-Quantum-Espresso/outputs/field_0.001/PBE-d3/bottom/data/ldos.pp.dat117

     Calling punch_plot, plot_num =   3

     Energy = -11.77270 eV, broadening =   0.20000eV
     Writing data to file  /home/ubuntu/projects/Graphene-Band-Structure-Quantum-Espresso/outputs/field_0.001/PBE-d3/bottom/data/ldos.pp.dat118

     Calling punch_plot, plot_num =   3

     Energy = -11.72270 eV, broadening =   0.20000eV
     Writing data to file  /home/ubuntu/projects/Graphene-Band-Structure-Quantum-Espresso/outputs/field_0.001/PBE-d3/bottom/data/ldos.pp.dat119

     Calling punch_plot, plot_num =   3

     Energy = -11.67270 eV, broadening =   0.20000eV
     Writing data to file  /home/ubuntu/projects/Graphene-Band-Structure-Quantum-Espresso/outputs/field_0.001/PBE-d3/bottom/data/ldos.pp.dat120

     Calling punch_plot, plot_num =   3

     Energy = -11.62270 eV, broadening =   0.20000eV
     Writing data to file  /home/ubuntu/projects/Graphene-Band-Structure-Quantum-Espresso/outputs/field_0.001/PBE-d3/bottom/data/ldos.pp.dat121

     Calling punch_plot, plot_num =   3

     Energy = -11.57270 eV, broadening =   0.20000eV
     Writing data to file  /home/ubuntu/projects/Graphene-Band-Structure-Quantum-Espresso/outputs/field_0.001/PBE-d3/bottom/data/ldos.pp.dat122

     Calling punch_plot, plot_num =   3

     Energy = -11.52270 eV, broadening =   0.20000eV
     Writing data to file  /home/ubuntu/projects/Graphene-Band-Structure-Quantum-Espresso/outputs/field_0.001/PBE-d3/bottom/data/ldos.pp.dat123

     Calling punch_plot, plot_num =   3

     Energy = -11.47270 eV, broadening =   0.20000eV
     Writing data to file  /home/ubuntu/projects/Graphene-Band-Structure-Quantum-Espresso/outputs/field_0.001/PBE-d3/bottom/data/ldos.pp.dat124

     Calling punch_plot, plot_num =   3

     Energy = -11.42270 eV, broadening =   0.20000eV
     Writing data to file  /home/ubuntu/projects/Graphene-Band-Structure-Quantum-Espresso/outputs/field_0.001/PBE-d3/bottom/data/ldos.pp.dat125

     Calling punch_plot, plot_num =   3

     Energy = -11.37270 eV, broadening =   0.20000eV
     Writing data to file  /home/ubuntu/projects/Graphene-Band-Structure-Quantum-Espresso/outputs/field_0.001/PBE-d3/bottom/data/ldos.pp.dat126

     Calling punch_plot, plot_num =   3

     Energy = -11.32270 eV, broadening =   0.20000eV
     Writing data to file  /home/ubuntu/projects/Graphene-Band-Structure-Quantum-Espresso/outputs/field_0.001/PBE-d3/bottom/data/ldos.pp.dat127

     Calling punch_plot, plot_num =   3

     Energy = -11.27270 eV, broadening =   0.20000eV
     Writing data to file  /home/ubuntu/projects/Graphene-Band-Structure-Quantum-Espresso/outputs/field_0.001/PBE-d3/bottom/data/ldos.pp.dat128

     Calling punch_plot, plot_num =   3

     Energy = -11.22270 eV, broadening =   0.20000eV
     Writing data to file  /home/ubuntu/projects/Graphene-Band-Structure-Quantum-Espresso/outputs/field_0.001/PBE-d3/bottom/data/ldos.pp.dat129

     Calling punch_plot, plot_num =   3

     Energy = -11.17270 eV, broadening =   0.20000eV
     Writing data to file  /home/ubuntu/projects/Graphene-Band-Structure-Quantum-Espresso/outputs/field_0.001/PBE-d3/bottom/data/ldos.pp.dat130

     Calling punch_plot, plot_num =   3

     Energy = -11.12270 eV, broadening =   0.20000eV
     Writing data to file  /home/ubuntu/projects/Graphene-Band-Structure-Quantum-Espresso/outputs/field_0.001/PBE-d3/bottom/data/ldos.pp.dat131

     Calling punch_plot, plot_num =   3

     Energy = -11.07270 eV, broadening =   0.20000eV
     Writing data to file  /home/ubuntu/projects/Graphene-Band-Structure-Quantum-Espresso/outputs/field_0.001/PBE-d3/bottom/data/ldos.pp.dat132

     Calling punch_plot, plot_num =   3

     Energy = -11.02270 eV, broadening =   0.20000eV
     Writing data to file  /home/ubuntu/projects/Graphene-Band-Structure-Quantum-Espresso/outputs/field_0.001/PBE-d3/bottom/data/ldos.pp.dat133

     Calling punch_plot, plot_num =   3

     Energy = -10.97270 eV, broadening =   0.20000eV
     Writing data to file  /home/ubuntu/projects/Graphene-Band-Structure-Quantum-Espresso/outputs/field_0.001/PBE-d3/bottom/data/ldos.pp.dat134

     Calling punch_plot, plot_num =   3

     Energy = -10.92270 eV, broadening =   0.20000eV
     Writing data to file  /home/ubuntu/projects/Graphene-Band-Structure-Quantum-Espresso/outputs/field_0.001/PBE-d3/bottom/data/ldos.pp.dat135

     Calling punch_plot, plot_num =   3

     Energy = -10.87270 eV, broadening =   0.20000eV
     Writing data to file  /home/ubuntu/projects/Graphene-Band-Structure-Quantum-Espresso/outputs/field_0.001/PBE-d3/bottom/data/ldos.pp.dat136

     Calling punch_plot, plot_num =   3

     Energy = -10.82270 eV, broadening =   0.20000eV
     Writing data to file  /home/ubuntu/projects/Graphene-Band-Structure-Quantum-Espresso/outputs/field_0.001/PBE-d3/bottom/data/ldos.pp.dat137

     Calling punch_plot, plot_num =   3

     Energy = -10.77270 eV, broadening =   0.20000eV
     Writing data to file  /home/ubuntu/projects/Graphene-Band-Structure-Quantum-Espresso/outputs/field_0.001/PBE-d3/bottom/data/ldos.pp.dat138

     Calling punch_plot, plot_num =   3

     Energy = -10.72270 eV, broadening =   0.20000eV
     Writing data to file  /home/ubuntu/projects/Graphene-Band-Structure-Quantum-Espresso/outputs/field_0.001/PBE-d3/bottom/data/ldos.pp.dat139

     Calling punch_plot, plot_num =   3

     Energy = -10.67270 eV, broadening =   0.20000eV
     Writing data to file  /home/ubuntu/projects/Graphene-Band-Structure-Quantum-Espresso/outputs/field_0.001/PBE-d3/bottom/data/ldos.pp.dat140

     Calling punch_plot, plot_num =   3

     Energy = -10.62270 eV, broadening =   0.20000eV
     Writing data to file  /home/ubuntu/projects/Graphene-Band-Structure-Quantum-Espresso/outputs/field_0.001/PBE-d3/bottom/data/ldos.pp.dat141

     Calling punch_plot, plot_num =   3

     Energy = -10.57270 eV, broadening =   0.20000eV
     Writing data to file  /home/ubuntu/projects/Graphene-Band-Structure-Quantum-Espresso/outputs/field_0.001/PBE-d3/bottom/data/ldos.pp.dat142

     Calling punch_plot, plot_num =   3

     Energy = -10.52270 eV, broadening =   0.20000eV
     Writing data to file  /home/ubuntu/projects/Graphene-Band-Structure-Quantum-Espresso/outputs/field_0.001/PBE-d3/bottom/data/ldos.pp.dat143

     Calling punch_plot, plot_num =   3

     Energy = -10.47270 eV, broadening =   0.20000eV
     Writing data to file  /home/ubuntu/projects/Graphene-Band-Structure-Quantum-Espresso/outputs/field_0.001/PBE-d3/bottom/data/ldos.pp.dat144

     Calling punch_plot, plot_num =   3

     Energy = -10.42270 eV, broadening =   0.20000eV
     Writing data to file  /home/ubuntu/projects/Graphene-Band-Structure-Quantum-Espresso/outputs/field_0.001/PBE-d3/bottom/data/ldos.pp.dat145

     Calling punch_plot, plot_num =   3

     Energy = -10.37270 eV, broadening =   0.20000eV
     Writing data to file  /home/ubuntu/projects/Graphene-Band-Structure-Quantum-Espresso/outputs/field_0.001/PBE-d3/bottom/data/ldos.pp.dat146

     Calling punch_plot, plot_num =   3

     Energy = -10.32270 eV, broadening =   0.20000eV
     Writing data to file  /home/ubuntu/projects/Graphene-Band-Structure-Quantum-Espresso/outputs/field_0.001/PBE-d3/bottom/data/ldos.pp.dat147

     Calling punch_plot, plot_num =   3

     Energy = -10.27270 eV, broadening =   0.20000eV
     Writing data to file  /home/ubuntu/projects/Graphene-Band-Structure-Quantum-Espresso/outputs/field_0.001/PBE-d3/bottom/data/ldos.pp.dat148

     Calling punch_plot, plot_num =   3

     Energy = -10.22270 eV, broadening =   0.20000eV
     Writing data to file  /home/ubuntu/projects/Graphene-Band-Structure-Quantum-Espresso/outputs/field_0.001/PBE-d3/bottom/data/ldos.pp.dat149

     Calling punch_plot, plot_num =   3

     Energy = -10.17270 eV, broadening =   0.20000eV
     Writing data to file  /home/ubuntu/projects/Graphene-Band-Structure-Quantum-Espresso/outputs/field_0.001/PBE-d3/bottom/data/ldos.pp.dat150

     Calling punch_plot, plot_num =   3

     Energy = -10.12270 eV, broadening =   0.20000eV
     Writing data to file  /home/ubuntu/projects/Graphene-Band-Structure-Quantum-Espresso/outputs/field_0.001/PBE-d3/bottom/data/ldos.pp.dat151

     Calling punch_plot, plot_num =   3

     Energy = -10.07270 eV, broadening =   0.20000eV
     Writing data to file  /home/ubuntu/projects/Graphene-Band-Structure-Quantum-Espresso/outputs/field_0.001/PBE-d3/bottom/data/ldos.pp.dat152

     Calling punch_plot, plot_num =   3

     Energy = -10.02270 eV, broadening =   0.20000eV
     Writing data to file  /home/ubuntu/projects/Graphene-Band-Structure-Quantum-Espresso/outputs/field_0.001/PBE-d3/bottom/data/ldos.pp.dat153

     Calling punch_plot, plot_num =   3

     Energy =  -9.97270 eV, broadening =   0.20000eV
     Writing data to file  /home/ubuntu/projects/Graphene-Band-Structure-Quantum-Espresso/outputs/field_0.001/PBE-d3/bottom/data/ldos.pp.dat154

     Calling punch_plot, plot_num =   3

     Energy =  -9.92270 eV, broadening =   0.20000eV
     Writing data to file  /home/ubuntu/projects/Graphene-Band-Structure-Quantum-Espresso/outputs/field_0.001/PBE-d3/bottom/data/ldos.pp.dat155

     Calling punch_plot, plot_num =   3

     Energy =  -9.87270 eV, broadening =   0.20000eV
     Writing data to file  /home/ubuntu/projects/Graphene-Band-Structure-Quantum-Espresso/outputs/field_0.001/PBE-d3/bottom/data/ldos.pp.dat156

     Calling punch_plot, plot_num =   3

     Energy =  -9.82270 eV, broadening =   0.20000eV
     Writing data to file  /home/ubuntu/projects/Graphene-Band-Structure-Quantum-Espresso/outputs/field_0.001/PBE-d3/bottom/data/ldos.pp.dat157

     Calling punch_plot, plot_num =   3

     Energy =  -9.77270 eV, broadening =   0.20000eV
     Writing data to file  /home/ubuntu/projects/Graphene-Band-Structure-Quantum-Espresso/outputs/field_0.001/PBE-d3/bottom/data/ldos.pp.dat158

     Calling punch_plot, plot_num =   3

     Energy =  -9.72270 eV, broadening =   0.20000eV
     Writing data to file  /home/ubuntu/projects/Graphene-Band-Structure-Quantum-Espresso/outputs/field_0.001/PBE-d3/bottom/data/ldos.pp.dat159

     Calling punch_plot, plot_num =   3

     Energy =  -9.67270 eV, broadening =   0.20000eV
     Writing data to file  /home/ubuntu/projects/Graphene-Band-Structure-Quantum-Espresso/outputs/field_0.001/PBE-d3/bottom/data/ldos.pp.dat160

     Calling punch_plot, plot_num =   3

     Energy =  -9.62270 eV, broadening =   0.20000eV
     Writing data to file  /home/ubuntu/projects/Graphene-Band-Structure-Quantum-Espresso/outputs/field_0.001/PBE-d3/bottom/data/ldos.pp.dat161

     Calling punch_plot, plot_num =   3

     Energy =  -9.57270 eV, broadening =   0.20000eV
     Writing data to file  /home/ubuntu/projects/Graphene-Band-Structure-Quantum-Espresso/outputs/field_0.001/PBE-d3/bottom/data/ldos.pp.dat162

     Calling punch_plot, plot_num =   3

     Energy =  -9.52270 eV, broadening =   0.20000eV
     Writing data to file  /home/ubuntu/projects/Graphene-Band-Structure-Quantum-Espresso/outputs/field_0.001/PBE-d3/bottom/data/ldos.pp.dat163

     Calling punch_plot, plot_num =   3

     Energy =  -9.47270 eV, broadening =   0.20000eV
     Writing data to file  /home/ubuntu/projects/Graphene-Band-Structure-Quantum-Espresso/outputs/field_0.001/PBE-d3/bottom/data/ldos.pp.dat164

     Calling punch_plot, plot_num =   3

     Energy =  -9.42270 eV, broadening =   0.20000eV
     Writing data to file  /home/ubuntu/projects/Graphene-Band-Structure-Quantum-Espresso/outputs/field_0.001/PBE-d3/bottom/data/ldos.pp.dat165

     Calling punch_plot, plot_num =   3

     Energy =  -9.37270 eV, broadening =   0.20000eV
     Writing data to file  /home/ubuntu/projects/Graphene-Band-Structure-Quantum-Espresso/outputs/field_0.001/PBE-d3/bottom/data/ldos.pp.dat166

     Calling punch_plot, plot_num =   3

     Energy =  -9.32270 eV, broadening =   0.20000eV
     Writing data to file  /home/ubuntu/projects/Graphene-Band-Structure-Quantum-Espresso/outputs/field_0.001/PBE-d3/bottom/data/ldos.pp.dat167

     Calling punch_plot, plot_num =   3

     Energy =  -9.27270 eV, broadening =   0.20000eV
     Writing data to file  /home/ubuntu/projects/Graphene-Band-Structure-Quantum-Espresso/outputs/field_0.001/PBE-d3/bottom/data/ldos.pp.dat168

     Calling punch_plot, plot_num =   3

     Energy =  -9.22270 eV, broadening =   0.20000eV
     Writing data to file  /home/ubuntu/projects/Graphene-Band-Structure-Quantum-Espresso/outputs/field_0.001/PBE-d3/bottom/data/ldos.pp.dat169

     Calling punch_plot, plot_num =   3

     Energy =  -9.17270 eV, broadening =   0.20000eV
     Writing data to file  /home/ubuntu/projects/Graphene-Band-Structure-Quantum-Espresso/outputs/field_0.001/PBE-d3/bottom/data/ldos.pp.dat170

     Calling punch_plot, plot_num =   3

     Energy =  -9.12270 eV, broadening =   0.20000eV
     Writing data to file  /home/ubuntu/projects/Graphene-Band-Structure-Quantum-Espresso/outputs/field_0.001/PBE-d3/bottom/data/ldos.pp.dat171

     Calling punch_plot, plot_num =   3

     Energy =  -9.07270 eV, broadening =   0.20000eV
     Writing data to file  /home/ubuntu/projects/Graphene-Band-Structure-Quantum-Espresso/outputs/field_0.001/PBE-d3/bottom/data/ldos.pp.dat172

     Calling punch_plot, plot_num =   3

     Energy =  -9.02270 eV, broadening =   0.20000eV
     Writing data to file  /home/ubuntu/projects/Graphene-Band-Structure-Quantum-Espresso/outputs/field_0.001/PBE-d3/bottom/data/ldos.pp.dat173

     Calling punch_plot, plot_num =   3

     Energy =  -8.97270 eV, broadening =   0.20000eV
     Writing data to file  /home/ubuntu/projects/Graphene-Band-Structure-Quantum-Espresso/outputs/field_0.001/PBE-d3/bottom/data/ldos.pp.dat174

     Calling punch_plot, plot_num =   3

     Energy =  -8.92270 eV, broadening =   0.20000eV
     Writing data to file  /home/ubuntu/projects/Graphene-Band-Structure-Quantum-Espresso/outputs/field_0.001/PBE-d3/bottom/data/ldos.pp.dat175

     Calling punch_plot, plot_num =   3

     Energy =  -8.87270 eV, broadening =   0.20000eV
     Writing data to file  /home/ubuntu/projects/Graphene-Band-Structure-Quantum-Espresso/outputs/field_0.001/PBE-d3/bottom/data/ldos.pp.dat176

     Calling punch_plot, plot_num =   3

     Energy =  -8.82270 eV, broadening =   0.20000eV
     Writing data to file  /home/ubuntu/projects/Graphene-Band-Structure-Quantum-Espresso/outputs/field_0.001/PBE-d3/bottom/data/ldos.pp.dat177

     Calling punch_plot, plot_num =   3

     Energy =  -8.77270 eV, broadening =   0.20000eV
     Writing data to file  /home/ubuntu/projects/Graphene-Band-Structure-Quantum-Espresso/outputs/field_0.001/PBE-d3/bottom/data/ldos.pp.dat178

     Calling punch_plot, plot_num =   3

     Energy =  -8.72270 eV, broadening =   0.20000eV
     Writing data to file  /home/ubuntu/projects/Graphene-Band-Structure-Quantum-Espresso/outputs/field_0.001/PBE-d3/bottom/data/ldos.pp.dat179

     Calling punch_plot, plot_num =   3

     Energy =  -8.67270 eV, broadening =   0.20000eV
     Writing data to file  /home/ubuntu/projects/Graphene-Band-Structure-Quantum-Espresso/outputs/field_0.001/PBE-d3/bottom/data/ldos.pp.dat180

     Calling punch_plot, plot_num =   3

     Energy =  -8.62270 eV, broadening =   0.20000eV
     Writing data to file  /home/ubuntu/projects/Graphene-Band-Structure-Quantum-Espresso/outputs/field_0.001/PBE-d3/bottom/data/ldos.pp.dat181

     Calling punch_plot, plot_num =   3

     Energy =  -8.57270 eV, broadening =   0.20000eV
     Writing data to file  /home/ubuntu/projects/Graphene-Band-Structure-Quantum-Espresso/outputs/field_0.001/PBE-d3/bottom/data/ldos.pp.dat182

     Calling punch_plot, plot_num =   3

     Energy =  -8.52270 eV, broadening =   0.20000eV
     Writing data to file  /home/ubuntu/projects/Graphene-Band-Structure-Quantum-Espresso/outputs/field_0.001/PBE-d3/bottom/data/ldos.pp.dat183

     Calling punch_plot, plot_num =   3

     Energy =  -8.47270 eV, broadening =   0.20000eV
     Writing data to file  /home/ubuntu/projects/Graphene-Band-Structure-Quantum-Espresso/outputs/field_0.001/PBE-d3/bottom/data/ldos.pp.dat184

     Calling punch_plot, plot_num =   3

     Energy =  -8.42270 eV, broadening =   0.20000eV
     Writing data to file  /home/ubuntu/projects/Graphene-Band-Structure-Quantum-Espresso/outputs/field_0.001/PBE-d3/bottom/data/ldos.pp.dat185

     Calling punch_plot, plot_num =   3

     Energy =  -8.37270 eV, broadening =   0.20000eV
     Writing data to file  /home/ubuntu/projects/Graphene-Band-Structure-Quantum-Espresso/outputs/field_0.001/PBE-d3/bottom/data/ldos.pp.dat186

     Calling punch_plot, plot_num =   3

     Energy =  -8.32270 eV, broadening =   0.20000eV
     Writing data to file  /home/ubuntu/projects/Graphene-Band-Structure-Quantum-Espresso/outputs/field_0.001/PBE-d3/bottom/data/ldos.pp.dat187

     Calling punch_plot, plot_num =   3

     Energy =  -8.27270 eV, broadening =   0.20000eV
     Writing data to file  /home/ubuntu/projects/Graphene-Band-Structure-Quantum-Espresso/outputs/field_0.001/PBE-d3/bottom/data/ldos.pp.dat188

     Calling punch_plot, plot_num =   3

     Energy =  -8.22270 eV, broadening =   0.20000eV
     Writing data to file  /home/ubuntu/projects/Graphene-Band-Structure-Quantum-Espresso/outputs/field_0.001/PBE-d3/bottom/data/ldos.pp.dat189

     Calling punch_plot, plot_num =   3

     Energy =  -8.17270 eV, broadening =   0.20000eV
     Writing data to file  /home/ubuntu/projects/Graphene-Band-Structure-Quantum-Espresso/outputs/field_0.001/PBE-d3/bottom/data/ldos.pp.dat190

     Calling punch_plot, plot_num =   3

     Energy =  -8.12270 eV, broadening =   0.20000eV
     Writing data to file  /home/ubuntu/projects/Graphene-Band-Structure-Quantum-Espresso/outputs/field_0.001/PBE-d3/bottom/data/ldos.pp.dat191

     Calling punch_plot, plot_num =   3

     Energy =  -8.07270 eV, broadening =   0.20000eV
     Writing data to file  /home/ubuntu/projects/Graphene-Band-Structure-Quantum-Espresso/outputs/field_0.001/PBE-d3/bottom/data/ldos.pp.dat192

     Calling punch_plot, plot_num =   3

     Energy =  -8.02270 eV, broadening =   0.20000eV
     Writing data to file  /home/ubuntu/projects/Graphene-Band-Structure-Quantum-Espresso/outputs/field_0.001/PBE-d3/bottom/data/ldos.pp.dat193

     Calling punch_plot, plot_num =   3

     Energy =  -7.97270 eV, broadening =   0.20000eV
     Writing data to file  /home/ubuntu/projects/Graphene-Band-Structure-Quantum-Espresso/outputs/field_0.001/PBE-d3/bottom/data/ldos.pp.dat194

     Calling punch_plot, plot_num =   3

     Energy =  -7.92270 eV, broadening =   0.20000eV
     Writing data to file  /home/ubuntu/projects/Graphene-Band-Structure-Quantum-Espresso/outputs/field_0.001/PBE-d3/bottom/data/ldos.pp.dat195

     Calling punch_plot, plot_num =   3

     Energy =  -7.87270 eV, broadening =   0.20000eV
     Writing data to file  /home/ubuntu/projects/Graphene-Band-Structure-Quantum-Espresso/outputs/field_0.001/PBE-d3/bottom/data/ldos.pp.dat196

     Calling punch_plot, plot_num =   3

     Energy =  -7.82270 eV, broadening =   0.20000eV
     Writing data to file  /home/ubuntu/projects/Graphene-Band-Structure-Quantum-Espresso/outputs/field_0.001/PBE-d3/bottom/data/ldos.pp.dat197

     Calling punch_plot, plot_num =   3

     Energy =  -7.77270 eV, broadening =   0.20000eV
     Writing data to file  /home/ubuntu/projects/Graphene-Band-Structure-Quantum-Espresso/outputs/field_0.001/PBE-d3/bottom/data/ldos.pp.dat198

     Calling punch_plot, plot_num =   3

     Energy =  -7.72270 eV, broadening =   0.20000eV
     Writing data to file  /home/ubuntu/projects/Graphene-Band-Structure-Quantum-Espresso/outputs/field_0.001/PBE-d3/bottom/data/ldos.pp.dat199

     Calling punch_plot, plot_num =   3

     Energy =  -7.67270 eV, broadening =   0.20000eV
     Writing data to file  /home/ubuntu/projects/Graphene-Band-Structure-Quantum-Espresso/outputs/field_0.001/PBE-d3/bottom/data/ldos.pp.dat200

     Calling punch_plot, plot_num =   3

     Energy =  -7.62270 eV, broadening =   0.20000eV
     Writing data to file  /home/ubuntu/projects/Graphene-Band-Structure-Quantum-Espresso/outputs/field_0.001/PBE-d3/bottom/data/ldos.pp.dat201

     Calling punch_plot, plot_num =   3

     Energy =  -7.57270 eV, broadening =   0.20000eV
     Writing data to file  /home/ubuntu/projects/Graphene-Band-Structure-Quantum-Espresso/outputs/field_0.001/PBE-d3/bottom/data/ldos.pp.dat202

     Calling punch_plot, plot_num =   3

     Energy =  -7.52270 eV, broadening =   0.20000eV
     Writing data to file  /home/ubuntu/projects/Graphene-Band-Structure-Quantum-Espresso/outputs/field_0.001/PBE-d3/bottom/data/ldos.pp.dat203

     Calling punch_plot, plot_num =   3

     Energy =  -7.47270 eV, broadening =   0.20000eV
     Writing data to file  /home/ubuntu/projects/Graphene-Band-Structure-Quantum-Espresso/outputs/field_0.001/PBE-d3/bottom/data/ldos.pp.dat204

     Calling punch_plot, plot_num =   3

     Energy =  -7.42270 eV, broadening =   0.20000eV
     Writing data to file  /home/ubuntu/projects/Graphene-Band-Structure-Quantum-Espresso/outputs/field_0.001/PBE-d3/bottom/data/ldos.pp.dat205

     Calling punch_plot, plot_num =   3

     Energy =  -7.37270 eV, broadening =   0.20000eV
     Writing data to file  /home/ubuntu/projects/Graphene-Band-Structure-Quantum-Espresso/outputs/field_0.001/PBE-d3/bottom/data/ldos.pp.dat206

     Calling punch_plot, plot_num =   3

     Energy =  -7.32270 eV, broadening =   0.20000eV
     Writing data to file  /home/ubuntu/projects/Graphene-Band-Structure-Quantum-Espresso/outputs/field_0.001/PBE-d3/bottom/data/ldos.pp.dat207

     Calling punch_plot, plot_num =   3

     Energy =  -7.27270 eV, broadening =   0.20000eV
     Writing data to file  /home/ubuntu/projects/Graphene-Band-Structure-Quantum-Espresso/outputs/field_0.001/PBE-d3/bottom/data/ldos.pp.dat208

     Calling punch_plot, plot_num =   3

     Energy =  -7.22270 eV, broadening =   0.20000eV
     Writing data to file  /home/ubuntu/projects/Graphene-Band-Structure-Quantum-Espresso/outputs/field_0.001/PBE-d3/bottom/data/ldos.pp.dat209

     Calling punch_plot, plot_num =   3

     Energy =  -7.17270 eV, broadening =   0.20000eV
     Writing data to file  /home/ubuntu/projects/Graphene-Band-Structure-Quantum-Espresso/outputs/field_0.001/PBE-d3/bottom/data/ldos.pp.dat210

     Calling punch_plot, plot_num =   3

     Energy =  -7.12270 eV, broadening =   0.20000eV
     Writing data to file  /home/ubuntu/projects/Graphene-Band-Structure-Quantum-Espresso/outputs/field_0.001/PBE-d3/bottom/data/ldos.pp.dat211

     Calling punch_plot, plot_num =   3

     Energy =  -7.07270 eV, broadening =   0.20000eV
     Writing data to file  /home/ubuntu/projects/Graphene-Band-Structure-Quantum-Espresso/outputs/field_0.001/PBE-d3/bottom/data/ldos.pp.dat212

     Calling punch_plot, plot_num =   3

     Energy =  -7.02270 eV, broadening =   0.20000eV
     Writing data to file  /home/ubuntu/projects/Graphene-Band-Structure-Quantum-Espresso/outputs/field_0.001/PBE-d3/bottom/data/ldos.pp.dat213

     Calling punch_plot, plot_num =   3

     Energy =  -6.97270 eV, broadening =   0.20000eV
     Writing data to file  /home/ubuntu/projects/Graphene-Band-Structure-Quantum-Espresso/outputs/field_0.001/PBE-d3/bottom/data/ldos.pp.dat214

     Calling punch_plot, plot_num =   3

     Energy =  -6.92270 eV, broadening =   0.20000eV
     Writing data to file  /home/ubuntu/projects/Graphene-Band-Structure-Quantum-Espresso/outputs/field_0.001/PBE-d3/bottom/data/ldos.pp.dat215

     Calling punch_plot, plot_num =   3

     Energy =  -6.87270 eV, broadening =   0.20000eV
     Writing data to file  /home/ubuntu/projects/Graphene-Band-Structure-Quantum-Espresso/outputs/field_0.001/PBE-d3/bottom/data/ldos.pp.dat216

     Calling punch_plot, plot_num =   3

     Energy =  -6.82270 eV, broadening =   0.20000eV
     Writing data to file  /home/ubuntu/projects/Graphene-Band-Structure-Quantum-Espresso/outputs/field_0.001/PBE-d3/bottom/data/ldos.pp.dat217

     Calling punch_plot, plot_num =   3

     Energy =  -6.77270 eV, broadening =   0.20000eV
     Writing data to file  /home/ubuntu/projects/Graphene-Band-Structure-Quantum-Espresso/outputs/field_0.001/PBE-d3/bottom/data/ldos.pp.dat218

     Calling punch_plot, plot_num =   3

     Energy =  -6.72270 eV, broadening =   0.20000eV
     Writing data to file  /home/ubuntu/projects/Graphene-Band-Structure-Quantum-Espresso/outputs/field_0.001/PBE-d3/bottom/data/ldos.pp.dat219

     Calling punch_plot, plot_num =   3

     Energy =  -6.67270 eV, broadening =   0.20000eV
     Writing data to file  /home/ubuntu/projects/Graphene-Band-Structure-Quantum-Espresso/outputs/field_0.001/PBE-d3/bottom/data/ldos.pp.dat220

     Calling punch_plot, plot_num =   3

     Energy =  -6.62270 eV, broadening =   0.20000eV
     Writing data to file  /home/ubuntu/projects/Graphene-Band-Structure-Quantum-Espresso/outputs/field_0.001/PBE-d3/bottom/data/ldos.pp.dat221

     Calling punch_plot, plot_num =   3

     Energy =  -6.57270 eV, broadening =   0.20000eV
     Writing data to file  /home/ubuntu/projects/Graphene-Band-Structure-Quantum-Espresso/outputs/field_0.001/PBE-d3/bottom/data/ldos.pp.dat222

     Calling punch_plot, plot_num =   3

     Energy =  -6.52270 eV, broadening =   0.20000eV
     Writing data to file  /home/ubuntu/projects/Graphene-Band-Structure-Quantum-Espresso/outputs/field_0.001/PBE-d3/bottom/data/ldos.pp.dat223

     Calling punch_plot, plot_num =   3

     Energy =  -6.47270 eV, broadening =   0.20000eV
     Writing data to file  /home/ubuntu/projects/Graphene-Band-Structure-Quantum-Espresso/outputs/field_0.001/PBE-d3/bottom/data/ldos.pp.dat224

     Calling punch_plot, plot_num =   3

     Energy =  -6.42270 eV, broadening =   0.20000eV
     Writing data to file  /home/ubuntu/projects/Graphene-Band-Structure-Quantum-Espresso/outputs/field_0.001/PBE-d3/bottom/data/ldos.pp.dat225

     Calling punch_plot, plot_num =   3

     Energy =  -6.37270 eV, broadening =   0.20000eV
     Writing data to file  /home/ubuntu/projects/Graphene-Band-Structure-Quantum-Espresso/outputs/field_0.001/PBE-d3/bottom/data/ldos.pp.dat226

     Calling punch_plot, plot_num =   3

     Energy =  -6.32270 eV, broadening =   0.20000eV
     Writing data to file  /home/ubuntu/projects/Graphene-Band-Structure-Quantum-Espresso/outputs/field_0.001/PBE-d3/bottom/data/ldos.pp.dat227

     Calling punch_plot, plot_num =   3

     Energy =  -6.27270 eV, broadening =   0.20000eV
     Writing data to file  /home/ubuntu/projects/Graphene-Band-Structure-Quantum-Espresso/outputs/field_0.001/PBE-d3/bottom/data/ldos.pp.dat228

     Calling punch_plot, plot_num =   3

     Energy =  -6.22270 eV, broadening =   0.20000eV
     Writing data to file  /home/ubuntu/projects/Graphene-Band-Structure-Quantum-Espresso/outputs/field_0.001/PBE-d3/bottom/data/ldos.pp.dat229

     Calling punch_plot, plot_num =   3

     Energy =  -6.17270 eV, broadening =   0.20000eV
     Writing data to file  /home/ubuntu/projects/Graphene-Band-Structure-Quantum-Espresso/outputs/field_0.001/PBE-d3/bottom/data/ldos.pp.dat230

     Calling punch_plot, plot_num =   3

     Energy =  -6.12270 eV, broadening =   0.20000eV
     Writing data to file  /home/ubuntu/projects/Graphene-Band-Structure-Quantum-Espresso/outputs/field_0.001/PBE-d3/bottom/data/ldos.pp.dat231

     Calling punch_plot, plot_num =   3

     Energy =  -6.07270 eV, broadening =   0.20000eV
     Writing data to file  /home/ubuntu/projects/Graphene-Band-Structure-Quantum-Espresso/outputs/field_0.001/PBE-d3/bottom/data/ldos.pp.dat232

     Calling punch_plot, plot_num =   3

     Energy =  -6.02270 eV, broadening =   0.20000eV
     Writing data to file  /home/ubuntu/projects/Graphene-Band-Structure-Quantum-Espresso/outputs/field_0.001/PBE-d3/bottom/data/ldos.pp.dat233

     Calling punch_plot, plot_num =   3

     Energy =  -5.97270 eV, broadening =   0.20000eV
     Writing data to file  /home/ubuntu/projects/Graphene-Band-Structure-Quantum-Espresso/outputs/field_0.001/PBE-d3/bottom/data/ldos.pp.dat234

     Calling punch_plot, plot_num =   3

     Energy =  -5.92270 eV, broadening =   0.20000eV
     Writing data to file  /home/ubuntu/projects/Graphene-Band-Structure-Quantum-Espresso/outputs/field_0.001/PBE-d3/bottom/data/ldos.pp.dat235

     Calling punch_plot, plot_num =   3

     Energy =  -5.87270 eV, broadening =   0.20000eV
     Writing data to file  /home/ubuntu/projects/Graphene-Band-Structure-Quantum-Espresso/outputs/field_0.001/PBE-d3/bottom/data/ldos.pp.dat236

     Calling punch_plot, plot_num =   3

     Energy =  -5.82270 eV, broadening =   0.20000eV
     Writing data to file  /home/ubuntu/projects/Graphene-Band-Structure-Quantum-Espresso/outputs/field_0.001/PBE-d3/bottom/data/ldos.pp.dat237

     Calling punch_plot, plot_num =   3

     Energy =  -5.77270 eV, broadening =   0.20000eV
     Writing data to file  /home/ubuntu/projects/Graphene-Band-Structure-Quantum-Espresso/outputs/field_0.001/PBE-d3/bottom/data/ldos.pp.dat238

     Calling punch_plot, plot_num =   3

     Energy =  -5.72270 eV, broadening =   0.20000eV
     Writing data to file  /home/ubuntu/projects/Graphene-Band-Structure-Quantum-Espresso/outputs/field_0.001/PBE-d3/bottom/data/ldos.pp.dat239

     Calling punch_plot, plot_num =   3

     Energy =  -5.67270 eV, broadening =   0.20000eV
     Writing data to file  /home/ubuntu/projects/Graphene-Band-Structure-Quantum-Espresso/outputs/field_0.001/PBE-d3/bottom/data/ldos.pp.dat240

     Calling punch_plot, plot_num =   3

     Energy =  -5.62270 eV, broadening =   0.20000eV
     Writing data to file  /home/ubuntu/projects/Graphene-Band-Structure-Quantum-Espresso/outputs/field_0.001/PBE-d3/bottom/data/ldos.pp.dat241

     Calling punch_plot, plot_num =   3

     Energy =  -5.57270 eV, broadening =   0.20000eV
     Writing data to file  /home/ubuntu/projects/Graphene-Band-Structure-Quantum-Espresso/outputs/field_0.001/PBE-d3/bottom/data/ldos.pp.dat242

     Calling punch_plot, plot_num =   3

     Energy =  -5.52270 eV, broadening =   0.20000eV
     Writing data to file  /home/ubuntu/projects/Graphene-Band-Structure-Quantum-Espresso/outputs/field_0.001/PBE-d3/bottom/data/ldos.pp.dat243

     Calling punch_plot, plot_num =   3

     Energy =  -5.47270 eV, broadening =   0.20000eV
     Writing data to file  /home/ubuntu/projects/Graphene-Band-Structure-Quantum-Espresso/outputs/field_0.001/PBE-d3/bottom/data/ldos.pp.dat244

     Calling punch_plot, plot_num =   3

     Energy =  -5.42270 eV, broadening =   0.20000eV
     Writing data to file  /home/ubuntu/projects/Graphene-Band-Structure-Quantum-Espresso/outputs/field_0.001/PBE-d3/bottom/data/ldos.pp.dat245

     Calling punch_plot, plot_num =   3

     Energy =  -5.37270 eV, broadening =   0.20000eV
     Writing data to file  /home/ubuntu/projects/Graphene-Band-Structure-Quantum-Espresso/outputs/field_0.001/PBE-d3/bottom/data/ldos.pp.dat246

     Calling punch_plot, plot_num =   3

     Energy =  -5.32270 eV, broadening =   0.20000eV
     Writing data to file  /home/ubuntu/projects/Graphene-Band-Structure-Quantum-Espresso/outputs/field_0.001/PBE-d3/bottom/data/ldos.pp.dat247

     Calling punch_plot, plot_num =   3

     Energy =  -5.27270 eV, broadening =   0.20000eV
     Writing data to file  /home/ubuntu/projects/Graphene-Band-Structure-Quantum-Espresso/outputs/field_0.001/PBE-d3/bottom/data/ldos.pp.dat248

     Calling punch_plot, plot_num =   3

     Energy =  -5.22270 eV, broadening =   0.20000eV
     Writing data to file  /home/ubuntu/projects/Graphene-Band-Structure-Quantum-Espresso/outputs/field_0.001/PBE-d3/bottom/data/ldos.pp.dat249

     Calling punch_plot, plot_num =   3

     Energy =  -5.17270 eV, broadening =   0.20000eV
     Writing data to file  /home/ubuntu/projects/Graphene-Band-Structure-Quantum-Espresso/outputs/field_0.001/PBE-d3/bottom/data/ldos.pp.dat250

     Calling punch_plot, plot_num =   3

     Energy =  -5.12270 eV, broadening =   0.20000eV
     Writing data to file  /home/ubuntu/projects/Graphene-Band-Structure-Quantum-Espresso/outputs/field_0.001/PBE-d3/bottom/data/ldos.pp.dat251

     Calling punch_plot, plot_num =   3

     Energy =  -5.07270 eV, broadening =   0.20000eV
     Writing data to file  /home/ubuntu/projects/Graphene-Band-Structure-Quantum-Espresso/outputs/field_0.001/PBE-d3/bottom/data/ldos.pp.dat252

     Calling punch_plot, plot_num =   3

     Energy =  -5.02270 eV, broadening =   0.20000eV
     Writing data to file  /home/ubuntu/projects/Graphene-Band-Structure-Quantum-Espresso/outputs/field_0.001/PBE-d3/bottom/data/ldos.pp.dat253

     Calling punch_plot, plot_num =   3

     Energy =  -4.97270 eV, broadening =   0.20000eV
     Writing data to file  /home/ubuntu/projects/Graphene-Band-Structure-Quantum-Espresso/outputs/field_0.001/PBE-d3/bottom/data/ldos.pp.dat254

     Calling punch_plot, plot_num =   3

     Energy =  -4.92270 eV, broadening =   0.20000eV
     Writing data to file  /home/ubuntu/projects/Graphene-Band-Structure-Quantum-Espresso/outputs/field_0.001/PBE-d3/bottom/data/ldos.pp.dat255

     Calling punch_plot, plot_num =   3

     Energy =  -4.87270 eV, broadening =   0.20000eV
     Writing data to file  /home/ubuntu/projects/Graphene-Band-Structure-Quantum-Espresso/outputs/field_0.001/PBE-d3/bottom/data/ldos.pp.dat256

     Calling punch_plot, plot_num =   3

     Energy =  -4.82270 eV, broadening =   0.20000eV
     Writing data to file  /home/ubuntu/projects/Graphene-Band-Structure-Quantum-Espresso/outputs/field_0.001/PBE-d3/bottom/data/ldos.pp.dat257

     Calling punch_plot, plot_num =   3

     Energy =  -4.77270 eV, broadening =   0.20000eV
     Writing data to file  /home/ubuntu/projects/Graphene-Band-Structure-Quantum-Espresso/outputs/field_0.001/PBE-d3/bottom/data/ldos.pp.dat258

     Calling punch_plot, plot_num =   3

     Energy =  -4.72270 eV, broadening =   0.20000eV
     Writing data to file  /home/ubuntu/projects/Graphene-Band-Structure-Quantum-Espresso/outputs/field_0.001/PBE-d3/bottom/data/ldos.pp.dat259

     Calling punch_plot, plot_num =   3

     Energy =  -4.67270 eV, broadening =   0.20000eV
     Writing data to file  /home/ubuntu/projects/Graphene-Band-Structure-Quantum-Espresso/outputs/field_0.001/PBE-d3/bottom/data/ldos.pp.dat260

     Calling punch_plot, plot_num =   3

     Energy =  -4.62270 eV, broadening =   0.20000eV
     Writing data to file  /home/ubuntu/projects/Graphene-Band-Structure-Quantum-Espresso/outputs/field_0.001/PBE-d3/bottom/data/ldos.pp.dat261

     Calling punch_plot, plot_num =   3

     Energy =  -4.57270 eV, broadening =   0.20000eV
     Writing data to file  /home/ubuntu/projects/Graphene-Band-Structure-Quantum-Espresso/outputs/field_0.001/PBE-d3/bottom/data/ldos.pp.dat262

     Calling punch_plot, plot_num =   3

     Energy =  -4.52270 eV, broadening =   0.20000eV
     Writing data to file  /home/ubuntu/projects/Graphene-Band-Structure-Quantum-Espresso/outputs/field_0.001/PBE-d3/bottom/data/ldos.pp.dat263

     Calling punch_plot, plot_num =   3

     Energy =  -4.47270 eV, broadening =   0.20000eV
     Writing data to file  /home/ubuntu/projects/Graphene-Band-Structure-Quantum-Espresso/outputs/field_0.001/PBE-d3/bottom/data/ldos.pp.dat264

     Calling punch_plot, plot_num =   3

     Energy =  -4.42270 eV, broadening =   0.20000eV
     Writing data to file  /home/ubuntu/projects/Graphene-Band-Structure-Quantum-Espresso/outputs/field_0.001/PBE-d3/bottom/data/ldos.pp.dat265

     Calling punch_plot, plot_num =   3

     Energy =  -4.37270 eV, broadening =   0.20000eV
     Writing data to file  /home/ubuntu/projects/Graphene-Band-Structure-Quantum-Espresso/outputs/field_0.001/PBE-d3/bottom/data/ldos.pp.dat266

     Calling punch_plot, plot_num =   3

     Energy =  -4.32270 eV, broadening =   0.20000eV
     Writing data to file  /home/ubuntu/projects/Graphene-Band-Structure-Quantum-Espresso/outputs/field_0.001/PBE-d3/bottom/data/ldos.pp.dat267

     Calling punch_plot, plot_num =   3

     Energy =  -4.27270 eV, broadening =   0.20000eV
     Writing data to file  /home/ubuntu/projects/Graphene-Band-Structure-Quantum-Espresso/outputs/field_0.001/PBE-d3/bottom/data/ldos.pp.dat268

     Calling punch_plot, plot_num =   3

     Energy =  -4.22270 eV, broadening =   0.20000eV
     Writing data to file  /home/ubuntu/projects/Graphene-Band-Structure-Quantum-Espresso/outputs/field_0.001/PBE-d3/bottom/data/ldos.pp.dat269

     Calling punch_plot, plot_num =   3

     Energy =  -4.17270 eV, broadening =   0.20000eV
     Writing data to file  /home/ubuntu/projects/Graphene-Band-Structure-Quantum-Espresso/outputs/field_0.001/PBE-d3/bottom/data/ldos.pp.dat270

     Calling punch_plot, plot_num =   3

     Energy =  -4.12270 eV, broadening =   0.20000eV
     Writing data to file  /home/ubuntu/projects/Graphene-Band-Structure-Quantum-Espresso/outputs/field_0.001/PBE-d3/bottom/data/ldos.pp.dat271

     Calling punch_plot, plot_num =   3

     Energy =  -4.07270 eV, broadening =   0.20000eV
     Writing data to file  /home/ubuntu/projects/Graphene-Band-Structure-Quantum-Espresso/outputs/field_0.001/PBE-d3/bottom/data/ldos.pp.dat272

     Calling punch_plot, plot_num =   3

     Energy =  -4.02270 eV, broadening =   0.20000eV
     Writing data to file  /home/ubuntu/projects/Graphene-Band-Structure-Quantum-Espresso/outputs/field_0.001/PBE-d3/bottom/data/ldos.pp.dat273

     Calling punch_plot, plot_num =   3

     Energy =  -3.97270 eV, broadening =   0.20000eV
     Writing data to file  /home/ubuntu/projects/Graphene-Band-Structure-Quantum-Espresso/outputs/field_0.001/PBE-d3/bottom/data/ldos.pp.dat274

     Calling punch_plot, plot_num =   3

     Energy =  -3.92270 eV, broadening =   0.20000eV
     Writing data to file  /home/ubuntu/projects/Graphene-Band-Structure-Quantum-Espresso/outputs/field_0.001/PBE-d3/bottom/data/ldos.pp.dat275

     Calling punch_plot, plot_num =   3

     Energy =  -3.87270 eV, broadening =   0.20000eV
     Writing data to file  /home/ubuntu/projects/Graphene-Band-Structure-Quantum-Espresso/outputs/field_0.001/PBE-d3/bottom/data/ldos.pp.dat276

     Calling punch_plot, plot_num =   3

     Energy =  -3.82270 eV, broadening =   0.20000eV
     Writing data to file  /home/ubuntu/projects/Graphene-Band-Structure-Quantum-Espresso/outputs/field_0.001/PBE-d3/bottom/data/ldos.pp.dat277

     Calling punch_plot, plot_num =   3

     Energy =  -3.77270 eV, broadening =   0.20000eV
     Writing data to file  /home/ubuntu/projects/Graphene-Band-Structure-Quantum-Espresso/outputs/field_0.001/PBE-d3/bottom/data/ldos.pp.dat278

     Calling punch_plot, plot_num =   3

     Energy =  -3.72270 eV, broadening =   0.20000eV
     Writing data to file  /home/ubuntu/projects/Graphene-Band-Structure-Quantum-Espresso/outputs/field_0.001/PBE-d3/bottom/data/ldos.pp.dat279

     Calling punch_plot, plot_num =   3

     Energy =  -3.67270 eV, broadening =   0.20000eV
     Writing data to file  /home/ubuntu/projects/Graphene-Band-Structure-Quantum-Espresso/outputs/field_0.001/PBE-d3/bottom/data/ldos.pp.dat280

     Calling punch_plot, plot_num =   3

     Energy =  -3.62270 eV, broadening =   0.20000eV
     Writing data to file  /home/ubuntu/projects/Graphene-Band-Structure-Quantum-Espresso/outputs/field_0.001/PBE-d3/bottom/data/ldos.pp.dat281

     Calling punch_plot, plot_num =   3

     Energy =  -3.57270 eV, broadening =   0.20000eV
     Writing data to file  /home/ubuntu/projects/Graphene-Band-Structure-Quantum-Espresso/outputs/field_0.001/PBE-d3/bottom/data/ldos.pp.dat282

     Calling punch_plot, plot_num =   3

     Energy =  -3.52270 eV, broadening =   0.20000eV
     Writing data to file  /home/ubuntu/projects/Graphene-Band-Structure-Quantum-Espresso/outputs/field_0.001/PBE-d3/bottom/data/ldos.pp.dat283

     Calling punch_plot, plot_num =   3

     Energy =  -3.47270 eV, broadening =   0.20000eV
     Writing data to file  /home/ubuntu/projects/Graphene-Band-Structure-Quantum-Espresso/outputs/field_0.001/PBE-d3/bottom/data/ldos.pp.dat284

     Calling punch_plot, plot_num =   3

     Energy =  -3.42270 eV, broadening =   0.20000eV
     Writing data to file  /home/ubuntu/projects/Graphene-Band-Structure-Quantum-Espresso/outputs/field_0.001/PBE-d3/bottom/data/ldos.pp.dat285

     Calling punch_plot, plot_num =   3

     Energy =  -3.37270 eV, broadening =   0.20000eV
     Writing data to file  /home/ubuntu/projects/Graphene-Band-Structure-Quantum-Espresso/outputs/field_0.001/PBE-d3/bottom/data/ldos.pp.dat286

     Calling punch_plot, plot_num =   3

     Energy =  -3.32270 eV, broadening =   0.20000eV
     Writing data to file  /home/ubuntu/projects/Graphene-Band-Structure-Quantum-Espresso/outputs/field_0.001/PBE-d3/bottom/data/ldos.pp.dat287

     Calling punch_plot, plot_num =   3

     Energy =  -3.27270 eV, broadening =   0.20000eV
     Writing data to file  /home/ubuntu/projects/Graphene-Band-Structure-Quantum-Espresso/outputs/field_0.001/PBE-d3/bottom/data/ldos.pp.dat288

     Calling punch_plot, plot_num =   3

     Energy =  -3.22270 eV, broadening =   0.20000eV
     Writing data to file  /home/ubuntu/projects/Graphene-Band-Structure-Quantum-Espresso/outputs/field_0.001/PBE-d3/bottom/data/ldos.pp.dat289

     Calling punch_plot, plot_num =   3

     Energy =  -3.17270 eV, broadening =   0.20000eV
     Writing data to file  /home/ubuntu/projects/Graphene-Band-Structure-Quantum-Espresso/outputs/field_0.001/PBE-d3/bottom/data/ldos.pp.dat290

     Calling punch_plot, plot_num =   3

     Energy =  -3.12270 eV, broadening =   0.20000eV
     Writing data to file  /home/ubuntu/projects/Graphene-Band-Structure-Quantum-Espresso/outputs/field_0.001/PBE-d3/bottom/data/ldos.pp.dat291

     Calling punch_plot, plot_num =   3

     Energy =  -3.07270 eV, broadening =   0.20000eV
     Writing data to file  /home/ubuntu/projects/Graphene-Band-Structure-Quantum-Espresso/outputs/field_0.001/PBE-d3/bottom/data/ldos.pp.dat292

     Calling punch_plot, plot_num =   3

     Energy =  -3.02270 eV, broadening =   0.20000eV
     Writing data to file  /home/ubuntu/projects/Graphene-Band-Structure-Quantum-Espresso/outputs/field_0.001/PBE-d3/bottom/data/ldos.pp.dat293

     Calling punch_plot, plot_num =   3

     Energy =  -2.97270 eV, broadening =   0.20000eV
     Writing data to file  /home/ubuntu/projects/Graphene-Band-Structure-Quantum-Espresso/outputs/field_0.001/PBE-d3/bottom/data/ldos.pp.dat294

     Calling punch_plot, plot_num =   3

     Energy =  -2.92270 eV, broadening =   0.20000eV
     Writing data to file  /home/ubuntu/projects/Graphene-Band-Structure-Quantum-Espresso/outputs/field_0.001/PBE-d3/bottom/data/ldos.pp.dat295

     Calling punch_plot, plot_num =   3

     Energy =  -2.87270 eV, broadening =   0.20000eV
     Writing data to file  /home/ubuntu/projects/Graphene-Band-Structure-Quantum-Espresso/outputs/field_0.001/PBE-d3/bottom/data/ldos.pp.dat296

     Calling punch_plot, plot_num =   3

     Energy =  -2.82270 eV, broadening =   0.20000eV
     Writing data to file  /home/ubuntu/projects/Graphene-Band-Structure-Quantum-Espresso/outputs/field_0.001/PBE-d3/bottom/data/ldos.pp.dat297

     Calling punch_plot, plot_num =   3

     Energy =  -2.77270 eV, broadening =   0.20000eV
     Writing data to file  /home/ubuntu/projects/Graphene-Band-Structure-Quantum-Espresso/outputs/field_0.001/PBE-d3/bottom/data/ldos.pp.dat298

     Calling punch_plot, plot_num =   3

     Energy =  -2.72270 eV, broadening =   0.20000eV
     Writing data to file  /home/ubuntu/projects/Graphene-Band-Structure-Quantum-Espresso/outputs/field_0.001/PBE-d3/bottom/data/ldos.pp.dat299

     Calling punch_plot, plot_num =   3

     Energy =  -2.67270 eV, broadening =   0.20000eV
     Writing data to file  /home/ubuntu/projects/Graphene-Band-Structure-Quantum-Espresso/outputs/field_0.001/PBE-d3/bottom/data/ldos.pp.dat300

     Calling punch_plot, plot_num =   3

     Energy =  -2.62270 eV, broadening =   0.20000eV
     Writing data to file  /home/ubuntu/projects/Graphene-Band-Structure-Quantum-Espresso/outputs/field_0.001/PBE-d3/bottom/data/ldos.pp.dat301

     Calling punch_plot, plot_num =   3

     Energy =  -2.57270 eV, broadening =   0.20000eV
     Writing data to file  /home/ubuntu/projects/Graphene-Band-Structure-Quantum-Espresso/outputs/field_0.001/PBE-d3/bottom/data/ldos.pp.dat302

     Calling punch_plot, plot_num =   3

     Energy =  -2.52270 eV, broadening =   0.20000eV
     Writing data to file  /home/ubuntu/projects/Graphene-Band-Structure-Quantum-Espresso/outputs/field_0.001/PBE-d3/bottom/data/ldos.pp.dat303

     Calling punch_plot, plot_num =   3

     Energy =  -2.47270 eV, broadening =   0.20000eV
     Writing data to file  /home/ubuntu/projects/Graphene-Band-Structure-Quantum-Espresso/outputs/field_0.001/PBE-d3/bottom/data/ldos.pp.dat304

     Calling punch_plot, plot_num =   3

     Energy =  -2.42270 eV, broadening =   0.20000eV
     Writing data to file  /home/ubuntu/projects/Graphene-Band-Structure-Quantum-Espresso/outputs/field_0.001/PBE-d3/bottom/data/ldos.pp.dat305

     Calling punch_plot, plot_num =   3

     Energy =  -2.37270 eV, broadening =   0.20000eV
     Writing data to file  /home/ubuntu/projects/Graphene-Band-Structure-Quantum-Espresso/outputs/field_0.001/PBE-d3/bottom/data/ldos.pp.dat306

     Calling punch_plot, plot_num =   3

     Energy =  -2.32270 eV, broadening =   0.20000eV
     Writing data to file  /home/ubuntu/projects/Graphene-Band-Structure-Quantum-Espresso/outputs/field_0.001/PBE-d3/bottom/data/ldos.pp.dat307

     Calling punch_plot, plot_num =   3

     Energy =  -2.27270 eV, broadening =   0.20000eV
     Writing data to file  /home/ubuntu/projects/Graphene-Band-Structure-Quantum-Espresso/outputs/field_0.001/PBE-d3/bottom/data/ldos.pp.dat308

     Calling punch_plot, plot_num =   3

     Energy =  -2.22270 eV, broadening =   0.20000eV
     Writing data to file  /home/ubuntu/projects/Graphene-Band-Structure-Quantum-Espresso/outputs/field_0.001/PBE-d3/bottom/data/ldos.pp.dat309

     Calling punch_plot, plot_num =   3

     Energy =  -2.17270 eV, broadening =   0.20000eV
     Writing data to file  /home/ubuntu/projects/Graphene-Band-Structure-Quantum-Espresso/outputs/field_0.001/PBE-d3/bottom/data/ldos.pp.dat310

     Calling punch_plot, plot_num =   3

     Energy =  -2.12270 eV, broadening =   0.20000eV
     Writing data to file  /home/ubuntu/projects/Graphene-Band-Structure-Quantum-Espresso/outputs/field_0.001/PBE-d3/bottom/data/ldos.pp.dat311

     Calling punch_plot, plot_num =   3

     Energy =  -2.07270 eV, broadening =   0.20000eV
     Writing data to file  /home/ubuntu/projects/Graphene-Band-Structure-Quantum-Espresso/outputs/field_0.001/PBE-d3/bottom/data/ldos.pp.dat312

     Calling punch_plot, plot_num =   3

     Energy =  -2.02270 eV, broadening =   0.20000eV
     Writing data to file  /home/ubuntu/projects/Graphene-Band-Structure-Quantum-Espresso/outputs/field_0.001/PBE-d3/bottom/data/ldos.pp.dat313

     Calling punch_plot, plot_num =   3

     Energy =  -1.97270 eV, broadening =   0.20000eV
     Writing data to file  /home/ubuntu/projects/Graphene-Band-Structure-Quantum-Espresso/outputs/field_0.001/PBE-d3/bottom/data/ldos.pp.dat314

     Calling punch_plot, plot_num =   3

     Energy =  -1.92270 eV, broadening =   0.20000eV
     Writing data to file  /home/ubuntu/projects/Graphene-Band-Structure-Quantum-Espresso/outputs/field_0.001/PBE-d3/bottom/data/ldos.pp.dat315

     Calling punch_plot, plot_num =   3

     Energy =  -1.87270 eV, broadening =   0.20000eV
     Writing data to file  /home/ubuntu/projects/Graphene-Band-Structure-Quantum-Espresso/outputs/field_0.001/PBE-d3/bottom/data/ldos.pp.dat316

     Calling punch_plot, plot_num =   3

     Energy =  -1.82270 eV, broadening =   0.20000eV
     Writing data to file  /home/ubuntu/projects/Graphene-Band-Structure-Quantum-Espresso/outputs/field_0.001/PBE-d3/bottom/data/ldos.pp.dat317

     Calling punch_plot, plot_num =   3

     Energy =  -1.77270 eV, broadening =   0.20000eV
     Writing data to file  /home/ubuntu/projects/Graphene-Band-Structure-Quantum-Espresso/outputs/field_0.001/PBE-d3/bottom/data/ldos.pp.dat318

     Calling punch_plot, plot_num =   3

     Energy =  -1.72270 eV, broadening =   0.20000eV
     Writing data to file  /home/ubuntu/projects/Graphene-Band-Structure-Quantum-Espresso/outputs/field_0.001/PBE-d3/bottom/data/ldos.pp.dat319

     Calling punch_plot, plot_num =   3

     Energy =  -1.67270 eV, broadening =   0.20000eV
     Writing data to file  /home/ubuntu/projects/Graphene-Band-Structure-Quantum-Espresso/outputs/field_0.001/PBE-d3/bottom/data/ldos.pp.dat320

     Calling punch_plot, plot_num =   3

     Energy =  -1.62270 eV, broadening =   0.20000eV
     Writing data to file  /home/ubuntu/projects/Graphene-Band-Structure-Quantum-Espresso/outputs/field_0.001/PBE-d3/bottom/data/ldos.pp.dat321

     Calling punch_plot, plot_num =   3

     Energy =  -1.57270 eV, broadening =   0.20000eV
     Writing data to file  /home/ubuntu/projects/Graphene-Band-Structure-Quantum-Espresso/outputs/field_0.001/PBE-d3/bottom/data/ldos.pp.dat322

     Calling punch_plot, plot_num =   3

     Energy =  -1.52270 eV, broadening =   0.20000eV
     Writing data to file  /home/ubuntu/projects/Graphene-Band-Structure-Quantum-Espresso/outputs/field_0.001/PBE-d3/bottom/data/ldos.pp.dat323

     Calling punch_plot, plot_num =   3

     Energy =  -1.47270 eV, broadening =   0.20000eV
     Writing data to file  /home/ubuntu/projects/Graphene-Band-Structure-Quantum-Espresso/outputs/field_0.001/PBE-d3/bottom/data/ldos.pp.dat324

     Calling punch_plot, plot_num =   3

     Energy =  -1.42270 eV, broadening =   0.20000eV
     Writing data to file  /home/ubuntu/projects/Graphene-Band-Structure-Quantum-Espresso/outputs/field_0.001/PBE-d3/bottom/data/ldos.pp.dat325

     Calling punch_plot, plot_num =   3

     Energy =  -1.37270 eV, broadening =   0.20000eV
     Writing data to file  /home/ubuntu/projects/Graphene-Band-Structure-Quantum-Espresso/outputs/field_0.001/PBE-d3/bottom/data/ldos.pp.dat326

     Calling punch_plot, plot_num =   3

     Energy =  -1.32270 eV, broadening =   0.20000eV
     Writing data to file  /home/ubuntu/projects/Graphene-Band-Structure-Quantum-Espresso/outputs/field_0.001/PBE-d3/bottom/data/ldos.pp.dat327

     Calling punch_plot, plot_num =   3

     Energy =  -1.27270 eV, broadening =   0.20000eV
     Writing data to file  /home/ubuntu/projects/Graphene-Band-Structure-Quantum-Espresso/outputs/field_0.001/PBE-d3/bottom/data/ldos.pp.dat328

     Calling punch_plot, plot_num =   3

     Energy =  -1.22270 eV, broadening =   0.20000eV
     Writing data to file  /home/ubuntu/projects/Graphene-Band-Structure-Quantum-Espresso/outputs/field_0.001/PBE-d3/bottom/data/ldos.pp.dat329

     Calling punch_plot, plot_num =   3

     Energy =  -1.17270 eV, broadening =   0.20000eV
     Writing data to file  /home/ubuntu/projects/Graphene-Band-Structure-Quantum-Espresso/outputs/field_0.001/PBE-d3/bottom/data/ldos.pp.dat330

     Calling punch_plot, plot_num =   3

     Energy =  -1.12270 eV, broadening =   0.20000eV
     Writing data to file  /home/ubuntu/projects/Graphene-Band-Structure-Quantum-Espresso/outputs/field_0.001/PBE-d3/bottom/data/ldos.pp.dat331

     Calling punch_plot, plot_num =   3

     Energy =  -1.07270 eV, broadening =   0.20000eV
     Writing data to file  /home/ubuntu/projects/Graphene-Band-Structure-Quantum-Espresso/outputs/field_0.001/PBE-d3/bottom/data/ldos.pp.dat332

     Calling punch_plot, plot_num =   3

     Energy =  -1.02270 eV, broadening =   0.20000eV
     Writing data to file  /home/ubuntu/projects/Graphene-Band-Structure-Quantum-Espresso/outputs/field_0.001/PBE-d3/bottom/data/ldos.pp.dat333

     Calling punch_plot, plot_num =   3

     Energy =  -0.97270 eV, broadening =   0.20000eV
     Writing data to file  /home/ubuntu/projects/Graphene-Band-Structure-Quantum-Espresso/outputs/field_0.001/PBE-d3/bottom/data/ldos.pp.dat334

     Calling punch_plot, plot_num =   3

     Energy =  -0.92270 eV, broadening =   0.20000eV
     Writing data to file  /home/ubuntu/projects/Graphene-Band-Structure-Quantum-Espresso/outputs/field_0.001/PBE-d3/bottom/data/ldos.pp.dat335

     Calling punch_plot, plot_num =   3

     Energy =  -0.87270 eV, broadening =   0.20000eV
     Writing data to file  /home/ubuntu/projects/Graphene-Band-Structure-Quantum-Espresso/outputs/field_0.001/PBE-d3/bottom/data/ldos.pp.dat336

     Calling punch_plot, plot_num =   3

     Energy =  -0.82270 eV, broadening =   0.20000eV
     Writing data to file  /home/ubuntu/projects/Graphene-Band-Structure-Quantum-Espresso/outputs/field_0.001/PBE-d3/bottom/data/ldos.pp.dat337

     Calling punch_plot, plot_num =   3

     Energy =  -0.77270 eV, broadening =   0.20000eV
     Writing data to file  /home/ubuntu/projects/Graphene-Band-Structure-Quantum-Espresso/outputs/field_0.001/PBE-d3/bottom/data/ldos.pp.dat338

     Calling punch_plot, plot_num =   3

     Energy =  -0.72270 eV, broadening =   0.20000eV
     Writing data to file  /home/ubuntu/projects/Graphene-Band-Structure-Quantum-Espresso/outputs/field_0.001/PBE-d3/bottom/data/ldos.pp.dat339

     Calling punch_plot, plot_num =   3

     Energy =  -0.67270 eV, broadening =   0.20000eV
     Writing data to file  /home/ubuntu/projects/Graphene-Band-Structure-Quantum-Espresso/outputs/field_0.001/PBE-d3/bottom/data/ldos.pp.dat340

     Calling punch_plot, plot_num =   3

     Energy =  -0.62270 eV, broadening =   0.20000eV
     Writing data to file  /home/ubuntu/projects/Graphene-Band-Structure-Quantum-Espresso/outputs/field_0.001/PBE-d3/bottom/data/ldos.pp.dat341

     Calling punch_plot, plot_num =   3

     Energy =  -0.57270 eV, broadening =   0.20000eV
     Writing data to file  /home/ubuntu/projects/Graphene-Band-Structure-Quantum-Espresso/outputs/field_0.001/PBE-d3/bottom/data/ldos.pp.dat342

     Calling punch_plot, plot_num =   3

     Energy =  -0.52270 eV, broadening =   0.20000eV
     Writing data to file  /home/ubuntu/projects/Graphene-Band-Structure-Quantum-Espresso/outputs/field_0.001/PBE-d3/bottom/data/ldos.pp.dat343

     Calling punch_plot, plot_num =   3

     Energy =  -0.47270 eV, broadening =   0.20000eV
     Writing data to file  /home/ubuntu/projects/Graphene-Band-Structure-Quantum-Espresso/outputs/field_0.001/PBE-d3/bottom/data/ldos.pp.dat344

     Calling punch_plot, plot_num =   3

     Energy =  -0.42270 eV, broadening =   0.20000eV
     Writing data to file  /home/ubuntu/projects/Graphene-Band-Structure-Quantum-Espresso/outputs/field_0.001/PBE-d3/bottom/data/ldos.pp.dat345

     Calling punch_plot, plot_num =   3

     Energy =  -0.37270 eV, broadening =   0.20000eV
     Writing data to file  /home/ubuntu/projects/Graphene-Band-Structure-Quantum-Espresso/outputs/field_0.001/PBE-d3/bottom/data/ldos.pp.dat346

     Calling punch_plot, plot_num =   3

     Energy =  -0.32270 eV, broadening =   0.20000eV
     Writing data to file  /home/ubuntu/projects/Graphene-Band-Structure-Quantum-Espresso/outputs/field_0.001/PBE-d3/bottom/data/ldos.pp.dat347

     Calling punch_plot, plot_num =   3

     Energy =  -0.27270 eV, broadening =   0.20000eV
     Writing data to file  /home/ubuntu/projects/Graphene-Band-Structure-Quantum-Espresso/outputs/field_0.001/PBE-d3/bottom/data/ldos.pp.dat348

     Calling punch_plot, plot_num =   3

     Energy =  -0.22270 eV, broadening =   0.20000eV
     Writing data to file  /home/ubuntu/projects/Graphene-Band-Structure-Quantum-Espresso/outputs/field_0.001/PBE-d3/bottom/data/ldos.pp.dat349

     Calling punch_plot, plot_num =   3

     Energy =  -0.17270 eV, broadening =   0.20000eV
     Writing data to file  /home/ubuntu/projects/Graphene-Band-Structure-Quantum-Espresso/outputs/field_0.001/PBE-d3/bottom/data/ldos.pp.dat350

     Calling punch_plot, plot_num =   3

     Energy =  -0.12270 eV, broadening =   0.20000eV
     Writing data to file  /home/ubuntu/projects/Graphene-Band-Structure-Quantum-Espresso/outputs/field_0.001/PBE-d3/bottom/data/ldos.pp.dat351

     Calling punch_plot, plot_num =   3

     Energy =  -0.07270 eV, broadening =   0.20000eV
     Writing data to file  /home/ubuntu/projects/Graphene-Band-Structure-Quantum-Espresso/outputs/field_0.001/PBE-d3/bottom/data/ldos.pp.dat352

     Calling punch_plot, plot_num =   3

     Energy =  -0.02270 eV, broadening =   0.20000eV
     Writing data to file  /home/ubuntu/projects/Graphene-Band-Structure-Quantum-Espresso/outputs/field_0.001/PBE-d3/bottom/data/ldos.pp.dat353

     Calling punch_plot, plot_num =   3

     Energy =   0.02730 eV, broadening =   0.20000eV
     Writing data to file  /home/ubuntu/projects/Graphene-Band-Structure-Quantum-Espresso/outputs/field_0.001/PBE-d3/bottom/data/ldos.pp.dat354

     Calling punch_plot, plot_num =   3

     Energy =   0.07730 eV, broadening =   0.20000eV
     Writing data to file  /home/ubuntu/projects/Graphene-Band-Structure-Quantum-Espresso/outputs/field_0.001/PBE-d3/bottom/data/ldos.pp.dat355

     Calling punch_plot, plot_num =   3

     Energy =   0.12730 eV, broadening =   0.20000eV
     Writing data to file  /home/ubuntu/projects/Graphene-Band-Structure-Quantum-Espresso/outputs/field_0.001/PBE-d3/bottom/data/ldos.pp.dat356

     Calling punch_plot, plot_num =   3

     Energy =   0.17730 eV, broadening =   0.20000eV
     Writing data to file  /home/ubuntu/projects/Graphene-Band-Structure-Quantum-Espresso/outputs/field_0.001/PBE-d3/bottom/data/ldos.pp.dat357

     Calling punch_plot, plot_num =   3

     Energy =   0.22730 eV, broadening =   0.20000eV
     Writing data to file  /home/ubuntu/projects/Graphene-Band-Structure-Quantum-Espresso/outputs/field_0.001/PBE-d3/bottom/data/ldos.pp.dat358

     Calling punch_plot, plot_num =   3

     Energy =   0.27730 eV, broadening =   0.20000eV
     Writing data to file  /home/ubuntu/projects/Graphene-Band-Structure-Quantum-Espresso/outputs/field_0.001/PBE-d3/bottom/data/ldos.pp.dat359

     Calling punch_plot, plot_num =   3

     Energy =   0.32730 eV, broadening =   0.20000eV
     Writing data to file  /home/ubuntu/projects/Graphene-Band-Structure-Quantum-Espresso/outputs/field_0.001/PBE-d3/bottom/data/ldos.pp.dat360

     Calling punch_plot, plot_num =   3

     Energy =   0.37730 eV, broadening =   0.20000eV
     Writing data to file  /home/ubuntu/projects/Graphene-Band-Structure-Quantum-Espresso/outputs/field_0.001/PBE-d3/bottom/data/ldos.pp.dat361

     Calling punch_plot, plot_num =   3

     Energy =   0.42730 eV, broadening =   0.20000eV
     Writing data to file  /home/ubuntu/projects/Graphene-Band-Structure-Quantum-Espresso/outputs/field_0.001/PBE-d3/bottom/data/ldos.pp.dat362

     Calling punch_plot, plot_num =   3

     Energy =   0.47730 eV, broadening =   0.20000eV
     Writing data to file  /home/ubuntu/projects/Graphene-Band-Structure-Quantum-Espresso/outputs/field_0.001/PBE-d3/bottom/data/ldos.pp.dat363

     Calling punch_plot, plot_num =   3

     Energy =   0.52730 eV, broadening =   0.20000eV
     Writing data to file  /home/ubuntu/projects/Graphene-Band-Structure-Quantum-Espresso/outputs/field_0.001/PBE-d3/bottom/data/ldos.pp.dat364

     Calling punch_plot, plot_num =   3

     Energy =   0.57730 eV, broadening =   0.20000eV
     Writing data to file  /home/ubuntu/projects/Graphene-Band-Structure-Quantum-Espresso/outputs/field_0.001/PBE-d3/bottom/data/ldos.pp.dat365

     Calling punch_plot, plot_num =   3

     Energy =   0.62730 eV, broadening =   0.20000eV
     Writing data to file  /home/ubuntu/projects/Graphene-Band-Structure-Quantum-Espresso/outputs/field_0.001/PBE-d3/bottom/data/ldos.pp.dat366

     Calling punch_plot, plot_num =   3

     Energy =   0.67730 eV, broadening =   0.20000eV
     Writing data to file  /home/ubuntu/projects/Graphene-Band-Structure-Quantum-Espresso/outputs/field_0.001/PBE-d3/bottom/data/ldos.pp.dat367

     Calling punch_plot, plot_num =   3

     Energy =   0.72730 eV, broadening =   0.20000eV
     Writing data to file  /home/ubuntu/projects/Graphene-Band-Structure-Quantum-Espresso/outputs/field_0.001/PBE-d3/bottom/data/ldos.pp.dat368

     Calling punch_plot, plot_num =   3

     Energy =   0.77730 eV, broadening =   0.20000eV
     Writing data to file  /home/ubuntu/projects/Graphene-Band-Structure-Quantum-Espresso/outputs/field_0.001/PBE-d3/bottom/data/ldos.pp.dat369

     Calling punch_plot, plot_num =   3

     Energy =   0.82730 eV, broadening =   0.20000eV
     Writing data to file  /home/ubuntu/projects/Graphene-Band-Structure-Quantum-Espresso/outputs/field_0.001/PBE-d3/bottom/data/ldos.pp.dat370

     Calling punch_plot, plot_num =   3

     Energy =   0.87730 eV, broadening =   0.20000eV
     Writing data to file  /home/ubuntu/projects/Graphene-Band-Structure-Quantum-Espresso/outputs/field_0.001/PBE-d3/bottom/data/ldos.pp.dat371

     Calling punch_plot, plot_num =   3

     Energy =   0.92730 eV, broadening =   0.20000eV
     Writing data to file  /home/ubuntu/projects/Graphene-Band-Structure-Quantum-Espresso/outputs/field_0.001/PBE-d3/bottom/data/ldos.pp.dat372

     Calling punch_plot, plot_num =   3

     Energy =   0.97730 eV, broadening =   0.20000eV
     Writing data to file  /home/ubuntu/projects/Graphene-Band-Structure-Quantum-Espresso/outputs/field_0.001/PBE-d3/bottom/data/ldos.pp.dat373

     Calling punch_plot, plot_num =   3

     Energy =   1.02730 eV, broadening =   0.20000eV
     Writing data to file  /home/ubuntu/projects/Graphene-Band-Structure-Quantum-Espresso/outputs/field_0.001/PBE-d3/bottom/data/ldos.pp.dat374

     Calling punch_plot, plot_num =   3

     Energy =   1.07730 eV, broadening =   0.20000eV
     Writing data to file  /home/ubuntu/projects/Graphene-Band-Structure-Quantum-Espresso/outputs/field_0.001/PBE-d3/bottom/data/ldos.pp.dat375

     Calling punch_plot, plot_num =   3

     Energy =   1.12730 eV, broadening =   0.20000eV
     Writing data to file  /home/ubuntu/projects/Graphene-Band-Structure-Quantum-Espresso/outputs/field_0.001/PBE-d3/bottom/data/ldos.pp.dat376

     Calling punch_plot, plot_num =   3

     Energy =   1.17730 eV, broadening =   0.20000eV
     Writing data to file  /home/ubuntu/projects/Graphene-Band-Structure-Quantum-Espresso/outputs/field_0.001/PBE-d3/bottom/data/ldos.pp.dat377

     Calling punch_plot, plot_num =   3

     Energy =   1.22730 eV, broadening =   0.20000eV
     Writing data to file  /home/ubuntu/projects/Graphene-Band-Structure-Quantum-Espresso/outputs/field_0.001/PBE-d3/bottom/data/ldos.pp.dat378

     Calling punch_plot, plot_num =   3

     Energy =   1.27730 eV, broadening =   0.20000eV
     Writing data to file  /home/ubuntu/projects/Graphene-Band-Structure-Quantum-Espresso/outputs/field_0.001/PBE-d3/bottom/data/ldos.pp.dat379

     Calling punch_plot, plot_num =   3

     Energy =   1.32730 eV, broadening =   0.20000eV
     Writing data to file  /home/ubuntu/projects/Graphene-Band-Structure-Quantum-Espresso/outputs/field_0.001/PBE-d3/bottom/data/ldos.pp.dat380

     Calling punch_plot, plot_num =   3

     Energy =   1.37730 eV, broadening =   0.20000eV
     Writing data to file  /home/ubuntu/projects/Graphene-Band-Structure-Quantum-Espresso/outputs/field_0.001/PBE-d3/bottom/data/ldos.pp.dat381

     Calling punch_plot, plot_num =   3

     Energy =   1.42730 eV, broadening =   0.20000eV
     Writing data to file  /home/ubuntu/projects/Graphene-Band-Structure-Quantum-Espresso/outputs/field_0.001/PBE-d3/bottom/data/ldos.pp.dat382

     Calling punch_plot, plot_num =   3

     Energy =   1.47730 eV, broadening =   0.20000eV
     Writing data to file  /home/ubuntu/projects/Graphene-Band-Structure-Quantum-Espresso/outputs/field_0.001/PBE-d3/bottom/data/ldos.pp.dat383

     Calling punch_plot, plot_num =   3

     Energy =   1.52730 eV, broadening =   0.20000eV
     Writing data to file  /home/ubuntu/projects/Graphene-Band-Structure-Quantum-Espresso/outputs/field_0.001/PBE-d3/bottom/data/ldos.pp.dat384

     Calling punch_plot, plot_num =   3

     Energy =   1.57730 eV, broadening =   0.20000eV
     Writing data to file  /home/ubuntu/projects/Graphene-Band-Structure-Quantum-Espresso/outputs/field_0.001/PBE-d3/bottom/data/ldos.pp.dat385

     Calling punch_plot, plot_num =   3

     Energy =   1.62730 eV, broadening =   0.20000eV
     Writing data to file  /home/ubuntu/projects/Graphene-Band-Structure-Quantum-Espresso/outputs/field_0.001/PBE-d3/bottom/data/ldos.pp.dat386

     Calling punch_plot, plot_num =   3

     Energy =   1.67730 eV, broadening =   0.20000eV
     Writing data to file  /home/ubuntu/projects/Graphene-Band-Structure-Quantum-Espresso/outputs/field_0.001/PBE-d3/bottom/data/ldos.pp.dat387

     Calling punch_plot, plot_num =   3

     Energy =   1.72730 eV, broadening =   0.20000eV
     Writing data to file  /home/ubuntu/projects/Graphene-Band-Structure-Quantum-Espresso/outputs/field_0.001/PBE-d3/bottom/data/ldos.pp.dat388

     Calling punch_plot, plot_num =   3

     Energy =   1.77730 eV, broadening =   0.20000eV
     Writing data to file  /home/ubuntu/projects/Graphene-Band-Structure-Quantum-Espresso/outputs/field_0.001/PBE-d3/bottom/data/ldos.pp.dat389

     Calling punch_plot, plot_num =   3

     Energy =   1.82730 eV, broadening =   0.20000eV
     Writing data to file  /home/ubuntu/projects/Graphene-Band-Structure-Quantum-Espresso/outputs/field_0.001/PBE-d3/bottom/data/ldos.pp.dat390

     Calling punch_plot, plot_num =   3

     Energy =   1.87730 eV, broadening =   0.20000eV
     Writing data to file  /home/ubuntu/projects/Graphene-Band-Structure-Quantum-Espresso/outputs/field_0.001/PBE-d3/bottom/data/ldos.pp.dat391

     Calling punch_plot, plot_num =   3

     Energy =   1.92730 eV, broadening =   0.20000eV
     Writing data to file  /home/ubuntu/projects/Graphene-Band-Structure-Quantum-Espresso/outputs/field_0.001/PBE-d3/bottom/data/ldos.pp.dat392

     Calling punch_plot, plot_num =   3

     Energy =   1.97730 eV, broadening =   0.20000eV
     Writing data to file  /home/ubuntu/projects/Graphene-Band-Structure-Quantum-Espresso/outputs/field_0.001/PBE-d3/bottom/data/ldos.pp.dat393

     Calling punch_plot, plot_num =   3

     Energy =   2.02730 eV, broadening =   0.20000eV
     Writing data to file  /home/ubuntu/projects/Graphene-Band-Structure-Quantum-Espresso/outputs/field_0.001/PBE-d3/bottom/data/ldos.pp.dat394

     Calling punch_plot, plot_num =   3

     Energy =   2.07730 eV, broadening =   0.20000eV
     Writing data to file  /home/ubuntu/projects/Graphene-Band-Structure-Quantum-Espresso/outputs/field_0.001/PBE-d3/bottom/data/ldos.pp.dat395

     Calling punch_plot, plot_num =   3

     Energy =   2.12730 eV, broadening =   0.20000eV
     Writing data to file  /home/ubuntu/projects/Graphene-Band-Structure-Quantum-Espresso/outputs/field_0.001/PBE-d3/bottom/data/ldos.pp.dat396

     Calling punch_plot, plot_num =   3

     Energy =   2.17730 eV, broadening =   0.20000eV
     Writing data to file  /home/ubuntu/projects/Graphene-Band-Structure-Quantum-Espresso/outputs/field_0.001/PBE-d3/bottom/data/ldos.pp.dat397

     Calling punch_plot, plot_num =   3

     Energy =   2.22730 eV, broadening =   0.20000eV
     Writing data to file  /home/ubuntu/projects/Graphene-Band-Structure-Quantum-Espresso/outputs/field_0.001/PBE-d3/bottom/data/ldos.pp.dat398

     Calling punch_plot, plot_num =   3

     Energy =   2.27730 eV, broadening =   0.20000eV
     Writing data to file  /home/ubuntu/projects/Graphene-Band-Structure-Quantum-Espresso/outputs/field_0.001/PBE-d3/bottom/data/ldos.pp.dat399

     Calling punch_plot, plot_num =   3

     Energy =   2.32730 eV, broadening =   0.20000eV
     Writing data to file  /home/ubuntu/projects/Graphene-Band-Structure-Quantum-Espresso/outputs/field_0.001/PBE-d3/bottom/data/ldos.pp.dat400

     Calling punch_plot, plot_num =   3

     Energy =   2.37730 eV, broadening =   0.20000eV
     Writing data to file  /home/ubuntu/projects/Graphene-Band-Structure-Quantum-Espresso/outputs/field_0.001/PBE-d3/bottom/data/ldos.pp.dat401

     Calling punch_plot, plot_num =   3

     Energy =   2.42730 eV, broadening =   0.20000eV
     Writing data to file  /home/ubuntu/projects/Graphene-Band-Structure-Quantum-Espresso/outputs/field_0.001/PBE-d3/bottom/data/ldos.pp.dat402

     Calling punch_plot, plot_num =   3

     Energy =   2.47730 eV, broadening =   0.20000eV
     Writing data to file  /home/ubuntu/projects/Graphene-Band-Structure-Quantum-Espresso/outputs/field_0.001/PBE-d3/bottom/data/ldos.pp.dat403

     Calling punch_plot, plot_num =   3

     Energy =   2.52730 eV, broadening =   0.20000eV
     Writing data to file  /home/ubuntu/projects/Graphene-Band-Structure-Quantum-Espresso/outputs/field_0.001/PBE-d3/bottom/data/ldos.pp.dat404

     Calling punch_plot, plot_num =   3

     Energy =   2.57730 eV, broadening =   0.20000eV
     Writing data to file  /home/ubuntu/projects/Graphene-Band-Structure-Quantum-Espresso/outputs/field_0.001/PBE-d3/bottom/data/ldos.pp.dat405

     Calling punch_plot, plot_num =   3

     Energy =   2.62730 eV, broadening =   0.20000eV
     Writing data to file  /home/ubuntu/projects/Graphene-Band-Structure-Quantum-Espresso/outputs/field_0.001/PBE-d3/bottom/data/ldos.pp.dat406

     Calling punch_plot, plot_num =   3

     Energy =   2.67730 eV, broadening =   0.20000eV
     Writing data to file  /home/ubuntu/projects/Graphene-Band-Structure-Quantum-Espresso/outputs/field_0.001/PBE-d3/bottom/data/ldos.pp.dat407

     Calling punch_plot, plot_num =   3

     Energy =   2.72730 eV, broadening =   0.20000eV
     Writing data to file  /home/ubuntu/projects/Graphene-Band-Structure-Quantum-Espresso/outputs/field_0.001/PBE-d3/bottom/data/ldos.pp.dat408

     Calling punch_plot, plot_num =   3

     Energy =   2.77730 eV, broadening =   0.20000eV
     Writing data to file  /home/ubuntu/projects/Graphene-Band-Structure-Quantum-Espresso/outputs/field_0.001/PBE-d3/bottom/data/ldos.pp.dat409

     Calling punch_plot, plot_num =   3

     Energy =   2.82730 eV, broadening =   0.20000eV
     Writing data to file  /home/ubuntu/projects/Graphene-Band-Structure-Quantum-Espresso/outputs/field_0.001/PBE-d3/bottom/data/ldos.pp.dat410

     Calling punch_plot, plot_num =   3

     Energy =   2.87730 eV, broadening =   0.20000eV
     Writing data to file  /home/ubuntu/projects/Graphene-Band-Structure-Quantum-Espresso/outputs/field_0.001/PBE-d3/bottom/data/ldos.pp.dat411

     Calling punch_plot, plot_num =   3

     Energy =   2.92730 eV, broadening =   0.20000eV
     Writing data to file  /home/ubuntu/projects/Graphene-Band-Structure-Quantum-Espresso/outputs/field_0.001/PBE-d3/bottom/data/ldos.pp.dat412

     Calling punch_plot, plot_num =   3

     Energy =   2.97730 eV, broadening =   0.20000eV
     Writing data to file  /home/ubuntu/projects/Graphene-Band-Structure-Quantum-Espresso/outputs/field_0.001/PBE-d3/bottom/data/ldos.pp.dat413

     Calling punch_plot, plot_num =   3

     Energy =   3.02730 eV, broadening =   0.20000eV
     Writing data to file  /home/ubuntu/projects/Graphene-Band-Structure-Quantum-Espresso/outputs/field_0.001/PBE-d3/bottom/data/ldos.pp.dat414

     Calling punch_plot, plot_num =   3

     Energy =   3.07730 eV, broadening =   0.20000eV
     Writing data to file  /home/ubuntu/projects/Graphene-Band-Structure-Quantum-Espresso/outputs/field_0.001/PBE-d3/bottom/data/ldos.pp.dat415

     Calling punch_plot, plot_num =   3

     Energy =   3.12730 eV, broadening =   0.20000eV
     Writing data to file  /home/ubuntu/projects/Graphene-Band-Structure-Quantum-Espresso/outputs/field_0.001/PBE-d3/bottom/data/ldos.pp.dat416

     Calling punch_plot, plot_num =   3

     Energy =   3.17730 eV, broadening =   0.20000eV
     Writing data to file  /home/ubuntu/projects/Graphene-Band-Structure-Quantum-Espresso/outputs/field_0.001/PBE-d3/bottom/data/ldos.pp.dat417

     Calling punch_plot, plot_num =   3

     Energy =   3.22730 eV, broadening =   0.20000eV
     Writing data to file  /home/ubuntu/projects/Graphene-Band-Structure-Quantum-Espresso/outputs/field_0.001/PBE-d3/bottom/data/ldos.pp.dat418

     Calling punch_plot, plot_num =   3

     Energy =   3.27730 eV, broadening =   0.20000eV
     Writing data to file  /home/ubuntu/projects/Graphene-Band-Structure-Quantum-Espresso/outputs/field_0.001/PBE-d3/bottom/data/ldos.pp.dat419

     Calling punch_plot, plot_num =   3

     Energy =   3.32730 eV, broadening =   0.20000eV
     Writing data to file  /home/ubuntu/projects/Graphene-Band-Structure-Quantum-Espresso/outputs/field_0.001/PBE-d3/bottom/data/ldos.pp.dat420

     Calling punch_plot, plot_num =   3

     Energy =   3.37730 eV, broadening =   0.20000eV
     Writing data to file  /home/ubuntu/projects/Graphene-Band-Structure-Quantum-Espresso/outputs/field_0.001/PBE-d3/bottom/data/ldos.pp.dat421

     Calling punch_plot, plot_num =   3

     Energy =   3.42730 eV, broadening =   0.20000eV
     Writing data to file  /home/ubuntu/projects/Graphene-Band-Structure-Quantum-Espresso/outputs/field_0.001/PBE-d3/bottom/data/ldos.pp.dat422

     Calling punch_plot, plot_num =   3

     Energy =   3.47730 eV, broadening =   0.20000eV
     Writing data to file  /home/ubuntu/projects/Graphene-Band-Structure-Quantum-Espresso/outputs/field_0.001/PBE-d3/bottom/data/ldos.pp.dat423

     Calling punch_plot, plot_num =   3

     Energy =   3.52730 eV, broadening =   0.20000eV
     Writing data to file  /home/ubuntu/projects/Graphene-Band-Structure-Quantum-Espresso/outputs/field_0.001/PBE-d3/bottom/data/ldos.pp.dat424

     Calling punch_plot, plot_num =   3

     Energy =   3.57730 eV, broadening =   0.20000eV
     Writing data to file  /home/ubuntu/projects/Graphene-Band-Structure-Quantum-Espresso/outputs/field_0.001/PBE-d3/bottom/data/ldos.pp.dat425

     Calling punch_plot, plot_num =   3

     Energy =   3.62730 eV, broadening =   0.20000eV
     Writing data to file  /home/ubuntu/projects/Graphene-Band-Structure-Quantum-Espresso/outputs/field_0.001/PBE-d3/bottom/data/ldos.pp.dat426

     Calling punch_plot, plot_num =   3

     Energy =   3.67730 eV, broadening =   0.20000eV
     Writing data to file  /home/ubuntu/projects/Graphene-Band-Structure-Quantum-Espresso/outputs/field_0.001/PBE-d3/bottom/data/ldos.pp.dat427

     Calling punch_plot, plot_num =   3

     Energy =   3.72730 eV, broadening =   0.20000eV
     Writing data to file  /home/ubuntu/projects/Graphene-Band-Structure-Quantum-Espresso/outputs/field_0.001/PBE-d3/bottom/data/ldos.pp.dat428

     Calling punch_plot, plot_num =   3

     Energy =   3.77730 eV, broadening =   0.20000eV
     Writing data to file  /home/ubuntu/projects/Graphene-Band-Structure-Quantum-Espresso/outputs/field_0.001/PBE-d3/bottom/data/ldos.pp.dat429

     Calling punch_plot, plot_num =   3

     Energy =   3.82730 eV, broadening =   0.20000eV
     Writing data to file  /home/ubuntu/projects/Graphene-Band-Structure-Quantum-Espresso/outputs/field_0.001/PBE-d3/bottom/data/ldos.pp.dat430

     Calling punch_plot, plot_num =   3

     Energy =   3.87730 eV, broadening =   0.20000eV
     Writing data to file  /home/ubuntu/projects/Graphene-Band-Structure-Quantum-Espresso/outputs/field_0.001/PBE-d3/bottom/data/ldos.pp.dat431

     Calling punch_plot, plot_num =   3

     Energy =   3.92730 eV, broadening =   0.20000eV
     Writing data to file  /home/ubuntu/projects/Graphene-Band-Structure-Quantum-Espresso/outputs/field_0.001/PBE-d3/bottom/data/ldos.pp.dat432

     Calling punch_plot, plot_num =   3

     Energy =   3.97730 eV, broadening =   0.20000eV
     Writing data to file  /home/ubuntu/projects/Graphene-Band-Structure-Quantum-Espresso/outputs/field_0.001/PBE-d3/bottom/data/ldos.pp.dat433

     Calling punch_plot, plot_num =   3

     Energy =   4.02730 eV, broadening =   0.20000eV
     Writing data to file  /home/ubuntu/projects/Graphene-Band-Structure-Quantum-Espresso/outputs/field_0.001/PBE-d3/bottom/data/ldos.pp.dat434

     Calling punch_plot, plot_num =   3

     Energy =   4.07730 eV, broadening =   0.20000eV
     Writing data to file  /home/ubuntu/projects/Graphene-Band-Structure-Quantum-Espresso/outputs/field_0.001/PBE-d3/bottom/data/ldos.pp.dat435

     Calling punch_plot, plot_num =   3

     Energy =   4.12730 eV, broadening =   0.20000eV
     Writing data to file  /home/ubuntu/projects/Graphene-Band-Structure-Quantum-Espresso/outputs/field_0.001/PBE-d3/bottom/data/ldos.pp.dat436

     Calling punch_plot, plot_num =   3

     Energy =   4.17730 eV, broadening =   0.20000eV
     Writing data to file  /home/ubuntu/projects/Graphene-Band-Structure-Quantum-Espresso/outputs/field_0.001/PBE-d3/bottom/data/ldos.pp.dat437

     Calling punch_plot, plot_num =   3

     Energy =   4.22730 eV, broadening =   0.20000eV
     Writing data to file  /home/ubuntu/projects/Graphene-Band-Structure-Quantum-Espresso/outputs/field_0.001/PBE-d3/bottom/data/ldos.pp.dat438

     Calling punch_plot, plot_num =   3

     Energy =   4.27730 eV, broadening =   0.20000eV
     Writing data to file  /home/ubuntu/projects/Graphene-Band-Structure-Quantum-Espresso/outputs/field_0.001/PBE-d3/bottom/data/ldos.pp.dat439

     Calling punch_plot, plot_num =   3

     Energy =   4.32730 eV, broadening =   0.20000eV
     Writing data to file  /home/ubuntu/projects/Graphene-Band-Structure-Quantum-Espresso/outputs/field_0.001/PBE-d3/bottom/data/ldos.pp.dat440

     Calling punch_plot, plot_num =   3

     Energy =   4.37730 eV, broadening =   0.20000eV
     Writing data to file  /home/ubuntu/projects/Graphene-Band-Structure-Quantum-Espresso/outputs/field_0.001/PBE-d3/bottom/data/ldos.pp.dat441

     Calling punch_plot, plot_num =   3

     Energy =   4.42730 eV, broadening =   0.20000eV
     Writing data to file  /home/ubuntu/projects/Graphene-Band-Structure-Quantum-Espresso/outputs/field_0.001/PBE-d3/bottom/data/ldos.pp.dat442

     Calling punch_plot, plot_num =   3

     Energy =   4.47730 eV, broadening =   0.20000eV
     Writing data to file  /home/ubuntu/projects/Graphene-Band-Structure-Quantum-Espresso/outputs/field_0.001/PBE-d3/bottom/data/ldos.pp.dat443

     Calling punch_plot, plot_num =   3

     Energy =   4.52730 eV, broadening =   0.20000eV
     Writing data to file  /home/ubuntu/projects/Graphene-Band-Structure-Quantum-Espresso/outputs/field_0.001/PBE-d3/bottom/data/ldos.pp.dat444

     Calling punch_plot, plot_num =   3

     Energy =   4.57730 eV, broadening =   0.20000eV
     Writing data to file  /home/ubuntu/projects/Graphene-Band-Structure-Quantum-Espresso/outputs/field_0.001/PBE-d3/bottom/data/ldos.pp.dat445

     Calling punch_plot, plot_num =   3

     Energy =   4.62730 eV, broadening =   0.20000eV
     Writing data to file  /home/ubuntu/projects/Graphene-Band-Structure-Quantum-Espresso/outputs/field_0.001/PBE-d3/bottom/data/ldos.pp.dat446

     Calling punch_plot, plot_num =   3

     Energy =   4.67730 eV, broadening =   0.20000eV
     Writing data to file  /home/ubuntu/projects/Graphene-Band-Structure-Quantum-Espresso/outputs/field_0.001/PBE-d3/bottom/data/ldos.pp.dat447

     Calling punch_plot, plot_num =   3

     Energy =   4.72730 eV, broadening =   0.20000eV
     Writing data to file  /home/ubuntu/projects/Graphene-Band-Structure-Quantum-Espresso/outputs/field_0.001/PBE-d3/bottom/data/ldos.pp.dat448

     Calling punch_plot, plot_num =   3

     Energy =   4.77730 eV, broadening =   0.20000eV
     Writing data to file  /home/ubuntu/projects/Graphene-Band-Structure-Quantum-Espresso/outputs/field_0.001/PBE-d3/bottom/data/ldos.pp.dat449

     Calling punch_plot, plot_num =   3

     Energy =   4.82730 eV, broadening =   0.20000eV
     Writing data to file  /home/ubuntu/projects/Graphene-Band-Structure-Quantum-Espresso/outputs/field_0.001/PBE-d3/bottom/data/ldos.pp.dat450

     Calling punch_plot, plot_num =   3

     Energy =   4.87730 eV, broadening =   0.20000eV
     Writing data to file  /home/ubuntu/projects/Graphene-Band-Structure-Quantum-Espresso/outputs/field_0.001/PBE-d3/bottom/data/ldos.pp.dat451

     Calling punch_plot, plot_num =   3

     Energy =   4.92730 eV, broadening =   0.20000eV
     Writing data to file  /home/ubuntu/projects/Graphene-Band-Structure-Quantum-Espresso/outputs/field_0.001/PBE-d3/bottom/data/ldos.pp.dat452

     Calling punch_plot, plot_num =   3

     Energy =   4.97730 eV, broadening =   0.20000eV
     Writing data to file  /home/ubuntu/projects/Graphene-Band-Structure-Quantum-Espresso/outputs/field_0.001/PBE-d3/bottom/data/ldos.pp.dat453

     Calling punch_plot, plot_num =   3

     Energy =   5.02730 eV, broadening =   0.20000eV
     Writing data to file  /home/ubuntu/projects/Graphene-Band-Structure-Quantum-Espresso/outputs/field_0.001/PBE-d3/bottom/data/ldos.pp.dat454

     Calling punch_plot, plot_num =   3

     Energy =   5.07730 eV, broadening =   0.20000eV
     Writing data to file  /home/ubuntu/projects/Graphene-Band-Structure-Quantum-Espresso/outputs/field_0.001/PBE-d3/bottom/data/ldos.pp.dat455

     Calling punch_plot, plot_num =   3

     Energy =   5.12730 eV, broadening =   0.20000eV
     Writing data to file  /home/ubuntu/projects/Graphene-Band-Structure-Quantum-Espresso/outputs/field_0.001/PBE-d3/bottom/data/ldos.pp.dat456

     Calling punch_plot, plot_num =   3

     Energy =   5.17730 eV, broadening =   0.20000eV
     Writing data to file  /home/ubuntu/projects/Graphene-Band-Structure-Quantum-Espresso/outputs/field_0.001/PBE-d3/bottom/data/ldos.pp.dat457

     Calling punch_plot, plot_num =   3

     Energy =   5.22730 eV, broadening =   0.20000eV
     Writing data to file  /home/ubuntu/projects/Graphene-Band-Structure-Quantum-Espresso/outputs/field_0.001/PBE-d3/bottom/data/ldos.pp.dat458

     Calling punch_plot, plot_num =   3

     Energy =   5.27730 eV, broadening =   0.20000eV
     Writing data to file  /home/ubuntu/projects/Graphene-Band-Structure-Quantum-Espresso/outputs/field_0.001/PBE-d3/bottom/data/ldos.pp.dat459

     Calling punch_plot, plot_num =   3

     Energy =   5.32730 eV, broadening =   0.20000eV
     Writing data to file  /home/ubuntu/projects/Graphene-Band-Structure-Quantum-Espresso/outputs/field_0.001/PBE-d3/bottom/data/ldos.pp.dat460

     Calling punch_plot, plot_num =   3

     Energy =   5.37730 eV, broadening =   0.20000eV
     Writing data to file  /home/ubuntu/projects/Graphene-Band-Structure-Quantum-Espresso/outputs/field_0.001/PBE-d3/bottom/data/ldos.pp.dat461

     Calling punch_plot, plot_num =   3

     Energy =   5.42730 eV, broadening =   0.20000eV
     Writing data to file  /home/ubuntu/projects/Graphene-Band-Structure-Quantum-Espresso/outputs/field_0.001/PBE-d3/bottom/data/ldos.pp.dat462

     Calling punch_plot, plot_num =   3

     Energy =   5.47730 eV, broadening =   0.20000eV
     Writing data to file  /home/ubuntu/projects/Graphene-Band-Structure-Quantum-Espresso/outputs/field_0.001/PBE-d3/bottom/data/ldos.pp.dat463

     Calling punch_plot, plot_num =   3

     Energy =   5.52730 eV, broadening =   0.20000eV
     Writing data to file  /home/ubuntu/projects/Graphene-Band-Structure-Quantum-Espresso/outputs/field_0.001/PBE-d3/bottom/data/ldos.pp.dat464

     Calling punch_plot, plot_num =   3

     Energy =   5.57730 eV, broadening =   0.20000eV
     Writing data to file  /home/ubuntu/projects/Graphene-Band-Structure-Quantum-Espresso/outputs/field_0.001/PBE-d3/bottom/data/ldos.pp.dat465

     Calling punch_plot, plot_num =   3

     Energy =   5.62730 eV, broadening =   0.20000eV
     Writing data to file  /home/ubuntu/projects/Graphene-Band-Structure-Quantum-Espresso/outputs/field_0.001/PBE-d3/bottom/data/ldos.pp.dat466

     Calling punch_plot, plot_num =   3

     Energy =   5.67730 eV, broadening =   0.20000eV
     Writing data to file  /home/ubuntu/projects/Graphene-Band-Structure-Quantum-Espresso/outputs/field_0.001/PBE-d3/bottom/data/ldos.pp.dat467

     Calling punch_plot, plot_num =   3

     Energy =   5.72730 eV, broadening =   0.20000eV
     Writing data to file  /home/ubuntu/projects/Graphene-Band-Structure-Quantum-Espresso/outputs/field_0.001/PBE-d3/bottom/data/ldos.pp.dat468

     Calling punch_plot, plot_num =   3

     Energy =   5.77730 eV, broadening =   0.20000eV
     Writing data to file  /home/ubuntu/projects/Graphene-Band-Structure-Quantum-Espresso/outputs/field_0.001/PBE-d3/bottom/data/ldos.pp.dat469

     Calling punch_plot, plot_num =   3

     Energy =   5.82730 eV, broadening =   0.20000eV
     Writing data to file  /home/ubuntu/projects/Graphene-Band-Structure-Quantum-Espresso/outputs/field_0.001/PBE-d3/bottom/data/ldos.pp.dat470

     Calling punch_plot, plot_num =   3

     Energy =   5.87730 eV, broadening =   0.20000eV
     Writing data to file  /home/ubuntu/projects/Graphene-Band-Structure-Quantum-Espresso/outputs/field_0.001/PBE-d3/bottom/data/ldos.pp.dat471

     Calling punch_plot, plot_num =   3

     Energy =   5.92730 eV, broadening =   0.20000eV
     Writing data to file  /home/ubuntu/projects/Graphene-Band-Structure-Quantum-Espresso/outputs/field_0.001/PBE-d3/bottom/data/ldos.pp.dat472

     Calling punch_plot, plot_num =   3

     Energy =   5.97730 eV, broadening =   0.20000eV
     Writing data to file  /home/ubuntu/projects/Graphene-Band-Structure-Quantum-Espresso/outputs/field_0.001/PBE-d3/bottom/data/ldos.pp.dat473

     Calling punch_plot, plot_num =   3

     Energy =   6.02730 eV, broadening =   0.20000eV
     Writing data to file  /home/ubuntu/projects/Graphene-Band-Structure-Quantum-Espresso/outputs/field_0.001/PBE-d3/bottom/data/ldos.pp.dat474

     Calling punch_plot, plot_num =   3

     Energy =   6.07730 eV, broadening =   0.20000eV
     Writing data to file  /home/ubuntu/projects/Graphene-Band-Structure-Quantum-Espresso/outputs/field_0.001/PBE-d3/bottom/data/ldos.pp.dat475

     Calling punch_plot, plot_num =   3

     Energy =   6.12730 eV, broadening =   0.20000eV
     Writing data to file  /home/ubuntu/projects/Graphene-Band-Structure-Quantum-Espresso/outputs/field_0.001/PBE-d3/bottom/data/ldos.pp.dat476

     Calling punch_plot, plot_num =   3

     Energy =   6.17730 eV, broadening =   0.20000eV
     Writing data to file  /home/ubuntu/projects/Graphene-Band-Structure-Quantum-Espresso/outputs/field_0.001/PBE-d3/bottom/data/ldos.pp.dat477

     Calling punch_plot, plot_num =   3

     Energy =   6.22730 eV, broadening =   0.20000eV
     Writing data to file  /home/ubuntu/projects/Graphene-Band-Structure-Quantum-Espresso/outputs/field_0.001/PBE-d3/bottom/data/ldos.pp.dat478

     Calling punch_plot, plot_num =   3

     Energy =   6.27730 eV, broadening =   0.20000eV
     Writing data to file  /home/ubuntu/projects/Graphene-Band-Structure-Quantum-Espresso/outputs/field_0.001/PBE-d3/bottom/data/ldos.pp.dat479

     Calling punch_plot, plot_num =   3

     Energy =   6.32730 eV, broadening =   0.20000eV
     Writing data to file  /home/ubuntu/projects/Graphene-Band-Structure-Quantum-Espresso/outputs/field_0.001/PBE-d3/bottom/data/ldos.pp.dat480

     Calling punch_plot, plot_num =   3

     Energy =   6.37730 eV, broadening =   0.20000eV
     Writing data to file  /home/ubuntu/projects/Graphene-Band-Structure-Quantum-Espresso/outputs/field_0.001/PBE-d3/bottom/data/ldos.pp.dat481

     Calling punch_plot, plot_num =   3

     Energy =   6.42730 eV, broadening =   0.20000eV
     Writing data to file  /home/ubuntu/projects/Graphene-Band-Structure-Quantum-Espresso/outputs/field_0.001/PBE-d3/bottom/data/ldos.pp.dat482

     Calling punch_plot, plot_num =   3

     Energy =   6.47730 eV, broadening =   0.20000eV
     Writing data to file  /home/ubuntu/projects/Graphene-Band-Structure-Quantum-Espresso/outputs/field_0.001/PBE-d3/bottom/data/ldos.pp.dat483

     Calling punch_plot, plot_num =   3

     Energy =   6.52730 eV, broadening =   0.20000eV
     Writing data to file  /home/ubuntu/projects/Graphene-Band-Structure-Quantum-Espresso/outputs/field_0.001/PBE-d3/bottom/data/ldos.pp.dat484

     Calling punch_plot, plot_num =   3

     Energy =   6.57730 eV, broadening =   0.20000eV
     Writing data to file  /home/ubuntu/projects/Graphene-Band-Structure-Quantum-Espresso/outputs/field_0.001/PBE-d3/bottom/data/ldos.pp.dat485

     Calling punch_plot, plot_num =   3

     Energy =   6.62730 eV, broadening =   0.20000eV
     Writing data to file  /home/ubuntu/projects/Graphene-Band-Structure-Quantum-Espresso/outputs/field_0.001/PBE-d3/bottom/data/ldos.pp.dat486

     Calling punch_plot, plot_num =   3

     Energy =   6.67730 eV, broadening =   0.20000eV
     Writing data to file  /home/ubuntu/projects/Graphene-Band-Structure-Quantum-Espresso/outputs/field_0.001/PBE-d3/bottom/data/ldos.pp.dat487

     Calling punch_plot, plot_num =   3

     Energy =   6.72730 eV, broadening =   0.20000eV
     Writing data to file  /home/ubuntu/projects/Graphene-Band-Structure-Quantum-Espresso/outputs/field_0.001/PBE-d3/bottom/data/ldos.pp.dat488

     Calling punch_plot, plot_num =   3

     Energy =   6.77730 eV, broadening =   0.20000eV
     Writing data to file  /home/ubuntu/projects/Graphene-Band-Structure-Quantum-Espresso/outputs/field_0.001/PBE-d3/bottom/data/ldos.pp.dat489

     Calling punch_plot, plot_num =   3

     Energy =   6.82730 eV, broadening =   0.20000eV
     Writing data to file  /home/ubuntu/projects/Graphene-Band-Structure-Quantum-Espresso/outputs/field_0.001/PBE-d3/bottom/data/ldos.pp.dat490

     Calling punch_plot, plot_num =   3

     Energy =   6.87730 eV, broadening =   0.20000eV
     Writing data to file  /home/ubuntu/projects/Graphene-Band-Structure-Quantum-Espresso/outputs/field_0.001/PBE-d3/bottom/data/ldos.pp.dat491

     Calling punch_plot, plot_num =   3

     Energy =   6.92730 eV, broadening =   0.20000eV
     Writing data to file  /home/ubuntu/projects/Graphene-Band-Structure-Quantum-Espresso/outputs/field_0.001/PBE-d3/bottom/data/ldos.pp.dat492

     Calling punch_plot, plot_num =   3

     Energy =   6.97730 eV, broadening =   0.20000eV
     Writing data to file  /home/ubuntu/projects/Graphene-Band-Structure-Quantum-Espresso/outputs/field_0.001/PBE-d3/bottom/data/ldos.pp.dat493

     Calling punch_plot, plot_num =   3

     Energy =   7.02730 eV, broadening =   0.20000eV
     Writing data to file  /home/ubuntu/projects/Graphene-Band-Structure-Quantum-Espresso/outputs/field_0.001/PBE-d3/bottom/data/ldos.pp.dat494

     Calling punch_plot, plot_num =   3

     Energy =   7.07730 eV, broadening =   0.20000eV
     Writing data to file  /home/ubuntu/projects/Graphene-Band-Structure-Quantum-Espresso/outputs/field_0.001/PBE-d3/bottom/data/ldos.pp.dat495

     Calling punch_plot, plot_num =   3

     Energy =   7.12730 eV, broadening =   0.20000eV
     Writing data to file  /home/ubuntu/projects/Graphene-Band-Structure-Quantum-Espresso/outputs/field_0.001/PBE-d3/bottom/data/ldos.pp.dat496

     Calling punch_plot, plot_num =   3

     Energy =   7.17730 eV, broadening =   0.20000eV
     Writing data to file  /home/ubuntu/projects/Graphene-Band-Structure-Quantum-Espresso/outputs/field_0.001/PBE-d3/bottom/data/ldos.pp.dat497

     Calling punch_plot, plot_num =   3

     Energy =   7.22730 eV, broadening =   0.20000eV
     Writing data to file  /home/ubuntu/projects/Graphene-Band-Structure-Quantum-Espresso/outputs/field_0.001/PBE-d3/bottom/data/ldos.pp.dat498

     Calling punch_plot, plot_num =   3

     Energy =   7.27730 eV, broadening =   0.20000eV
     Writing data to file  /home/ubuntu/projects/Graphene-Band-Structure-Quantum-Espresso/outputs/field_0.001/PBE-d3/bottom/data/ldos.pp.dat499

     Calling punch_plot, plot_num =   3

     Energy =   7.32730 eV, broadening =   0.20000eV
     Writing data to file  /home/ubuntu/projects/Graphene-Band-Structure-Quantum-Espresso/outputs/field_0.001/PBE-d3/bottom/data/ldos.pp.dat500

     Calling punch_plot, plot_num =   3

     Energy =   7.37730 eV, broadening =   0.20000eV
     Writing data to file  /home/ubuntu/projects/Graphene-Band-Structure-Quantum-Espresso/outputs/field_0.001/PBE-d3/bottom/data/ldos.pp.dat501

     Calling punch_plot, plot_num =   3

     Energy =   7.42730 eV, broadening =   0.20000eV
     Writing data to file  /home/ubuntu/projects/Graphene-Band-Structure-Quantum-Espresso/outputs/field_0.001/PBE-d3/bottom/data/ldos.pp.dat502

     Calling punch_plot, plot_num =   3

     Energy =   7.47730 eV, broadening =   0.20000eV
     Writing data to file  /home/ubuntu/projects/Graphene-Band-Structure-Quantum-Espresso/outputs/field_0.001/PBE-d3/bottom/data/ldos.pp.dat503

     Calling punch_plot, plot_num =   3

     Energy =   7.52730 eV, broadening =   0.20000eV
     Writing data to file  /home/ubuntu/projects/Graphene-Band-Structure-Quantum-Espresso/outputs/field_0.001/PBE-d3/bottom/data/ldos.pp.dat504

     Calling punch_plot, plot_num =   3

     Energy =   7.57730 eV, broadening =   0.20000eV
     Writing data to file  /home/ubuntu/projects/Graphene-Band-Structure-Quantum-Espresso/outputs/field_0.001/PBE-d3/bottom/data/ldos.pp.dat505

     Calling punch_plot, plot_num =   3

     Energy =   7.62730 eV, broadening =   0.20000eV
     Writing data to file  /home/ubuntu/projects/Graphene-Band-Structure-Quantum-Espresso/outputs/field_0.001/PBE-d3/bottom/data/ldos.pp.dat506

     Calling punch_plot, plot_num =   3

     Energy =   7.67730 eV, broadening =   0.20000eV
     Writing data to file  /home/ubuntu/projects/Graphene-Band-Structure-Quantum-Espresso/outputs/field_0.001/PBE-d3/bottom/data/ldos.pp.dat507

     Calling punch_plot, plot_num =   3

     Energy =   7.72730 eV, broadening =   0.20000eV
     Writing data to file  /home/ubuntu/projects/Graphene-Band-Structure-Quantum-Espresso/outputs/field_0.001/PBE-d3/bottom/data/ldos.pp.dat508

     Calling punch_plot, plot_num =   3

     Energy =   7.77730 eV, broadening =   0.20000eV
     Writing data to file  /home/ubuntu/projects/Graphene-Band-Structure-Quantum-Espresso/outputs/field_0.001/PBE-d3/bottom/data/ldos.pp.dat509

     Calling punch_plot, plot_num =   3

     Energy =   7.82730 eV, broadening =   0.20000eV
     Writing data to file  /home/ubuntu/projects/Graphene-Band-Structure-Quantum-Espresso/outputs/field_0.001/PBE-d3/bottom/data/ldos.pp.dat510

     Calling punch_plot, plot_num =   3

     Energy =   7.87730 eV, broadening =   0.20000eV
     Writing data to file  /home/ubuntu/projects/Graphene-Band-Structure-Quantum-Espresso/outputs/field_0.001/PBE-d3/bottom/data/ldos.pp.dat511

     Calling punch_plot, plot_num =   3

     Energy =   7.92730 eV, broadening =   0.20000eV
     Writing data to file  /home/ubuntu/projects/Graphene-Band-Structure-Quantum-Espresso/outputs/field_0.001/PBE-d3/bottom/data/ldos.pp.dat512

     Calling punch_plot, plot_num =   3

     Energy =   7.97730 eV, broadening =   0.20000eV
     Writing data to file  /home/ubuntu/projects/Graphene-Band-Structure-Quantum-Espresso/outputs/field_0.001/PBE-d3/bottom/data/ldos.pp.dat513

     Calling punch_plot, plot_num =   3

     Energy =   8.02730 eV, broadening =   0.20000eV
     Writing data to file  /home/ubuntu/projects/Graphene-Band-Structure-Quantum-Espresso/outputs/field_0.001/PBE-d3/bottom/data/ldos.pp.dat514

     Calling punch_plot, plot_num =   3

     Energy =   8.07730 eV, broadening =   0.20000eV
     Writing data to file  /home/ubuntu/projects/Graphene-Band-Structure-Quantum-Espresso/outputs/field_0.001/PBE-d3/bottom/data/ldos.pp.dat515

     Calling punch_plot, plot_num =   3

     Energy =   8.12730 eV, broadening =   0.20000eV
     Writing data to file  /home/ubuntu/projects/Graphene-Band-Structure-Quantum-Espresso/outputs/field_0.001/PBE-d3/bottom/data/ldos.pp.dat516

     Calling punch_plot, plot_num =   3

     Energy =   8.17730 eV, broadening =   0.20000eV
     Writing data to file  /home/ubuntu/projects/Graphene-Band-Structure-Quantum-Espresso/outputs/field_0.001/PBE-d3/bottom/data/ldos.pp.dat517

     Calling punch_plot, plot_num =   3

     Energy =   8.22730 eV, broadening =   0.20000eV
     Writing data to file  /home/ubuntu/projects/Graphene-Band-Structure-Quantum-Espresso/outputs/field_0.001/PBE-d3/bottom/data/ldos.pp.dat518

     Calling punch_plot, plot_num =   3

     Energy =   8.27730 eV, broadening =   0.20000eV
     Writing data to file  /home/ubuntu/projects/Graphene-Band-Structure-Quantum-Espresso/outputs/field_0.001/PBE-d3/bottom/data/ldos.pp.dat519

     Calling punch_plot, plot_num =   3

     Energy =   8.32730 eV, broadening =   0.20000eV
     Writing data to file  /home/ubuntu/projects/Graphene-Band-Structure-Quantum-Espresso/outputs/field_0.001/PBE-d3/bottom/data/ldos.pp.dat520

     Calling punch_plot, plot_num =   3

     Energy =   8.37730 eV, broadening =   0.20000eV
     Writing data to file  /home/ubuntu/projects/Graphene-Band-Structure-Quantum-Espresso/outputs/field_0.001/PBE-d3/bottom/data/ldos.pp.dat521

     Calling punch_plot, plot_num =   3

     Energy =   8.42730 eV, broadening =   0.20000eV
     Writing data to file  /home/ubuntu/projects/Graphene-Band-Structure-Quantum-Espresso/outputs/field_0.001/PBE-d3/bottom/data/ldos.pp.dat522

     Calling punch_plot, plot_num =   3

     Energy =   8.47730 eV, broadening =   0.20000eV
     Writing data to file  /home/ubuntu/projects/Graphene-Band-Structure-Quantum-Espresso/outputs/field_0.001/PBE-d3/bottom/data/ldos.pp.dat523

     Calling punch_plot, plot_num =   3

     Energy =   8.52730 eV, broadening =   0.20000eV
     Writing data to file  /home/ubuntu/projects/Graphene-Band-Structure-Quantum-Espresso/outputs/field_0.001/PBE-d3/bottom/data/ldos.pp.dat524

     Calling punch_plot, plot_num =   3

     Energy =   8.57730 eV, broadening =   0.20000eV
     Writing data to file  /home/ubuntu/projects/Graphene-Band-Structure-Quantum-Espresso/outputs/field_0.001/PBE-d3/bottom/data/ldos.pp.dat525

     Calling punch_plot, plot_num =   3

     Energy =   8.62730 eV, broadening =   0.20000eV
     Writing data to file  /home/ubuntu/projects/Graphene-Band-Structure-Quantum-Espresso/outputs/field_0.001/PBE-d3/bottom/data/ldos.pp.dat526

     Calling punch_plot, plot_num =   3

     Energy =   8.67730 eV, broadening =   0.20000eV
     Writing data to file  /home/ubuntu/projects/Graphene-Band-Structure-Quantum-Espresso/outputs/field_0.001/PBE-d3/bottom/data/ldos.pp.dat527

     Calling punch_plot, plot_num =   3

     Energy =   8.72730 eV, broadening =   0.20000eV
     Writing data to file  /home/ubuntu/projects/Graphene-Band-Structure-Quantum-Espresso/outputs/field_0.001/PBE-d3/bottom/data/ldos.pp.dat528

     Calling punch_plot, plot_num =   3

     Energy =   8.77730 eV, broadening =   0.20000eV
     Writing data to file  /home/ubuntu/projects/Graphene-Band-Structure-Quantum-Espresso/outputs/field_0.001/PBE-d3/bottom/data/ldos.pp.dat529

     Calling punch_plot, plot_num =   3

     Energy =   8.82730 eV, broadening =   0.20000eV
     Writing data to file  /home/ubuntu/projects/Graphene-Band-Structure-Quantum-Espresso/outputs/field_0.001/PBE-d3/bottom/data/ldos.pp.dat530

     Calling punch_plot, plot_num =   3

     Energy =   8.87730 eV, broadening =   0.20000eV
     Writing data to file  /home/ubuntu/projects/Graphene-Band-Structure-Quantum-Espresso/outputs/field_0.001/PBE-d3/bottom/data/ldos.pp.dat531

     Calling punch_plot, plot_num =   3

     Energy =   8.92730 eV, broadening =   0.20000eV
     Writing data to file  /home/ubuntu/projects/Graphene-Band-Structure-Quantum-Espresso/outputs/field_0.001/PBE-d3/bottom/data/ldos.pp.dat532

     Calling punch_plot, plot_num =   3

     Energy =   8.97730 eV, broadening =   0.20000eV
     Writing data to file  /home/ubuntu/projects/Graphene-Band-Structure-Quantum-Espresso/outputs/field_0.001/PBE-d3/bottom/data/ldos.pp.dat533

     Calling punch_plot, plot_num =   3

     Energy =   9.02730 eV, broadening =   0.20000eV
     Writing data to file  /home/ubuntu/projects/Graphene-Band-Structure-Quantum-Espresso/outputs/field_0.001/PBE-d3/bottom/data/ldos.pp.dat534

     Calling punch_plot, plot_num =   3

     Energy =   9.07730 eV, broadening =   0.20000eV
     Writing data to file  /home/ubuntu/projects/Graphene-Band-Structure-Quantum-Espresso/outputs/field_0.001/PBE-d3/bottom/data/ldos.pp.dat535

     Calling punch_plot, plot_num =   3

     Energy =   9.12730 eV, broadening =   0.20000eV
     Writing data to file  /home/ubuntu/projects/Graphene-Band-Structure-Quantum-Espresso/outputs/field_0.001/PBE-d3/bottom/data/ldos.pp.dat536

     Calling punch_plot, plot_num =   3

     Energy =   9.17730 eV, broadening =   0.20000eV
     Writing data to file  /home/ubuntu/projects/Graphene-Band-Structure-Quantum-Espresso/outputs/field_0.001/PBE-d3/bottom/data/ldos.pp.dat537

     Calling punch_plot, plot_num =   3

     Energy =   9.22730 eV, broadening =   0.20000eV
     Writing data to file  /home/ubuntu/projects/Graphene-Band-Structure-Quantum-Espresso/outputs/field_0.001/PBE-d3/bottom/data/ldos.pp.dat538

     Calling punch_plot, plot_num =   3

     Energy =   9.27730 eV, broadening =   0.20000eV
     Writing data to file  /home/ubuntu/projects/Graphene-Band-Structure-Quantum-Espresso/outputs/field_0.001/PBE-d3/bottom/data/ldos.pp.dat539

     Calling punch_plot, plot_num =   3

     Energy =   9.32730 eV, broadening =   0.20000eV
     Writing data to file  /home/ubuntu/projects/Graphene-Band-Structure-Quantum-Espresso/outputs/field_0.001/PBE-d3/bottom/data/ldos.pp.dat540

     Calling punch_plot, plot_num =   3

     Energy =   9.37730 eV, broadening =   0.20000eV
     Writing data to file  /home/ubuntu/projects/Graphene-Band-Structure-Quantum-Espresso/outputs/field_0.001/PBE-d3/bottom/data/ldos.pp.dat541

     Calling punch_plot, plot_num =   3

     Energy =   9.42730 eV, broadening =   0.20000eV
     Writing data to file  /home/ubuntu/projects/Graphene-Band-Structure-Quantum-Espresso/outputs/field_0.001/PBE-d3/bottom/data/ldos.pp.dat542

     Calling punch_plot, plot_num =   3

     Energy =   9.47730 eV, broadening =   0.20000eV
     Writing data to file  /home/ubuntu/projects/Graphene-Band-Structure-Quantum-Espresso/outputs/field_0.001/PBE-d3/bottom/data/ldos.pp.dat543

     Calling punch_plot, plot_num =   3

     Energy =   9.52730 eV, broadening =   0.20000eV
     Writing data to file  /home/ubuntu/projects/Graphene-Band-Structure-Quantum-Espresso/outputs/field_0.001/PBE-d3/bottom/data/ldos.pp.dat544

     Calling punch_plot, plot_num =   3

     Energy =   9.57730 eV, broadening =   0.20000eV
     Writing data to file  /home/ubuntu/projects/Graphene-Band-Structure-Quantum-Espresso/outputs/field_0.001/PBE-d3/bottom/data/ldos.pp.dat545

     Calling punch_plot, plot_num =   3

     Energy =   9.62730 eV, broadening =   0.20000eV
     Writing data to file  /home/ubuntu/projects/Graphene-Band-Structure-Quantum-Espresso/outputs/field_0.001/PBE-d3/bottom/data/ldos.pp.dat546

     Calling punch_plot, plot_num =   3

     Energy =   9.67730 eV, broadening =   0.20000eV
     Writing data to file  /home/ubuntu/projects/Graphene-Band-Structure-Quantum-Espresso/outputs/field_0.001/PBE-d3/bottom/data/ldos.pp.dat547

     Calling punch_plot, plot_num =   3

     Energy =   9.72730 eV, broadening =   0.20000eV
     Writing data to file  /home/ubuntu/projects/Graphene-Band-Structure-Quantum-Espresso/outputs/field_0.001/PBE-d3/bottom/data/ldos.pp.dat548

     Calling punch_plot, plot_num =   3

     Energy =   9.77730 eV, broadening =   0.20000eV
     Writing data to file  /home/ubuntu/projects/Graphene-Band-Structure-Quantum-Espresso/outputs/field_0.001/PBE-d3/bottom/data/ldos.pp.dat549

     Calling punch_plot, plot_num =   3

     Energy =   9.82730 eV, broadening =   0.20000eV
     Writing data to file  /home/ubuntu/projects/Graphene-Band-Structure-Quantum-Espresso/outputs/field_0.001/PBE-d3/bottom/data/ldos.pp.dat550

     Calling punch_plot, plot_num =   3

     Energy =   9.87730 eV, broadening =   0.20000eV
     Writing data to file  /home/ubuntu/projects/Graphene-Band-Structure-Quantum-Espresso/outputs/field_0.001/PBE-d3/bottom/data/ldos.pp.dat551

     Calling punch_plot, plot_num =   3

     Energy =   9.92730 eV, broadening =   0.20000eV
     Writing data to file  /home/ubuntu/projects/Graphene-Band-Structure-Quantum-Espresso/outputs/field_0.001/PBE-d3/bottom/data/ldos.pp.dat552

     Calling punch_plot, plot_num =   3

     Energy =   9.97730 eV, broadening =   0.20000eV
     Writing data to file  /home/ubuntu/projects/Graphene-Band-Structure-Quantum-Espresso/outputs/field_0.001/PBE-d3/bottom/data/ldos.pp.dat553

     Calling punch_plot, plot_num =   3

     Energy =  10.02730 eV, broadening =   0.20000eV
     Writing data to file  /home/ubuntu/projects/Graphene-Band-Structure-Quantum-Espresso/outputs/field_0.001/PBE-d3/bottom/data/ldos.pp.dat554

     Calling punch_plot, plot_num =   3

     Energy =  10.07730 eV, broadening =   0.20000eV
     Writing data to file  /home/ubuntu/projects/Graphene-Band-Structure-Quantum-Espresso/outputs/field_0.001/PBE-d3/bottom/data/ldos.pp.dat555

     Calling punch_plot, plot_num =   3

     Energy =  10.12730 eV, broadening =   0.20000eV
     Writing data to file  /home/ubuntu/projects/Graphene-Band-Structure-Quantum-Espresso/outputs/field_0.001/PBE-d3/bottom/data/ldos.pp.dat556

     Calling punch_plot, plot_num =   3

     Energy =  10.17730 eV, broadening =   0.20000eV
     Writing data to file  /home/ubuntu/projects/Graphene-Band-Structure-Quantum-Espresso/outputs/field_0.001/PBE-d3/bottom/data/ldos.pp.dat557

     Calling punch_plot, plot_num =   3

     Energy =  10.22730 eV, broadening =   0.20000eV
     Writing data to file  /home/ubuntu/projects/Graphene-Band-Structure-Quantum-Espresso/outputs/field_0.001/PBE-d3/bottom/data/ldos.pp.dat558

     Calling punch_plot, plot_num =   3

     Energy =  10.27730 eV, broadening =   0.20000eV
     Writing data to file  /home/ubuntu/projects/Graphene-Band-Structure-Quantum-Espresso/outputs/field_0.001/PBE-d3/bottom/data/ldos.pp.dat559

     Calling punch_plot, plot_num =   3

     Energy =  10.32730 eV, broadening =   0.20000eV
     Writing data to file  /home/ubuntu/projects/Graphene-Band-Structure-Quantum-Espresso/outputs/field_0.001/PBE-d3/bottom/data/ldos.pp.dat560

     Calling punch_plot, plot_num =   3

     Energy =  10.37730 eV, broadening =   0.20000eV
     Writing data to file  /home/ubuntu/projects/Graphene-Band-Structure-Quantum-Espresso/outputs/field_0.001/PBE-d3/bottom/data/ldos.pp.dat561

     Calling punch_plot, plot_num =   3

     Energy =  10.42730 eV, broadening =   0.20000eV
     Writing data to file  /home/ubuntu/projects/Graphene-Band-Structure-Quantum-Espresso/outputs/field_0.001/PBE-d3/bottom/data/ldos.pp.dat562

     Calling punch_plot, plot_num =   3

     Energy =  10.47730 eV, broadening =   0.20000eV
     Writing data to file  /home/ubuntu/projects/Graphene-Band-Structure-Quantum-Espresso/outputs/field_0.001/PBE-d3/bottom/data/ldos.pp.dat563

     Calling punch_plot, plot_num =   3

     Energy =  10.52730 eV, broadening =   0.20000eV
     Writing data to file  /home/ubuntu/projects/Graphene-Band-Structure-Quantum-Espresso/outputs/field_0.001/PBE-d3/bottom/data/ldos.pp.dat564

     Calling punch_plot, plot_num =   3

     Energy =  10.57730 eV, broadening =   0.20000eV
     Writing data to file  /home/ubuntu/projects/Graphene-Band-Structure-Quantum-Espresso/outputs/field_0.001/PBE-d3/bottom/data/ldos.pp.dat565

     Calling punch_plot, plot_num =   3

     Energy =  10.62730 eV, broadening =   0.20000eV
     Writing data to file  /home/ubuntu/projects/Graphene-Band-Structure-Quantum-Espresso/outputs/field_0.001/PBE-d3/bottom/data/ldos.pp.dat566

     Calling punch_plot, plot_num =   3

     Energy =  10.67730 eV, broadening =   0.20000eV
     Writing data to file  /home/ubuntu/projects/Graphene-Band-Structure-Quantum-Espresso/outputs/field_0.001/PBE-d3/bottom/data/ldos.pp.dat567

     Calling punch_plot, plot_num =   3

     Energy =  10.72730 eV, broadening =   0.20000eV
     Writing data to file  /home/ubuntu/projects/Graphene-Band-Structure-Quantum-Espresso/outputs/field_0.001/PBE-d3/bottom/data/ldos.pp.dat568

     Calling punch_plot, plot_num =   3

     Energy =  10.77730 eV, broadening =   0.20000eV
     Writing data to file  /home/ubuntu/projects/Graphene-Band-Structure-Quantum-Espresso/outputs/field_0.001/PBE-d3/bottom/data/ldos.pp.dat569

     Calling punch_plot, plot_num =   3

     Energy =  10.82730 eV, broadening =   0.20000eV
     Writing data to file  /home/ubuntu/projects/Graphene-Band-Structure-Quantum-Espresso/outputs/field_0.001/PBE-d3/bottom/data/ldos.pp.dat570

     Calling punch_plot, plot_num =   3

     Energy =  10.87730 eV, broadening =   0.20000eV
     Writing data to file  /home/ubuntu/projects/Graphene-Band-Structure-Quantum-Espresso/outputs/field_0.001/PBE-d3/bottom/data/ldos.pp.dat571

     Calling punch_plot, plot_num =   3

     Energy =  10.92730 eV, broadening =   0.20000eV
     Writing data to file  /home/ubuntu/projects/Graphene-Band-Structure-Quantum-Espresso/outputs/field_0.001/PBE-d3/bottom/data/ldos.pp.dat572

     Calling punch_plot, plot_num =   3

     Energy =  10.97730 eV, broadening =   0.20000eV
     Writing data to file  /home/ubuntu/projects/Graphene-Band-Structure-Quantum-Espresso/outputs/field_0.001/PBE-d3/bottom/data/ldos.pp.dat573

     Calling punch_plot, plot_num =   3

     Energy =  11.02730 eV, broadening =   0.20000eV
     Writing data to file  /home/ubuntu/projects/Graphene-Band-Structure-Quantum-Espresso/outputs/field_0.001/PBE-d3/bottom/data/ldos.pp.dat574

     Calling punch_plot, plot_num =   3

     Energy =  11.07730 eV, broadening =   0.20000eV
     Writing data to file  /home/ubuntu/projects/Graphene-Band-Structure-Quantum-Espresso/outputs/field_0.001/PBE-d3/bottom/data/ldos.pp.dat575

     Calling punch_plot, plot_num =   3

     Energy =  11.12730 eV, broadening =   0.20000eV
     Writing data to file  /home/ubuntu/projects/Graphene-Band-Structure-Quantum-Espresso/outputs/field_0.001/PBE-d3/bottom/data/ldos.pp.dat576

     Calling punch_plot, plot_num =   3

     Energy =  11.17730 eV, broadening =   0.20000eV
     Writing data to file  /home/ubuntu/projects/Graphene-Band-Structure-Quantum-Espresso/outputs/field_0.001/PBE-d3/bottom/data/ldos.pp.dat577

     Calling punch_plot, plot_num =   3

     Energy =  11.22730 eV, broadening =   0.20000eV
     Writing data to file  /home/ubuntu/projects/Graphene-Band-Structure-Quantum-Espresso/outputs/field_0.001/PBE-d3/bottom/data/ldos.pp.dat578

     Calling punch_plot, plot_num =   3

     Energy =  11.27730 eV, broadening =   0.20000eV
     Writing data to file  /home/ubuntu/projects/Graphene-Band-Structure-Quantum-Espresso/outputs/field_0.001/PBE-d3/bottom/data/ldos.pp.dat579

     Calling punch_plot, plot_num =   3

     Energy =  11.32730 eV, broadening =   0.20000eV
     Writing data to file  /home/ubuntu/projects/Graphene-Band-Structure-Quantum-Espresso/outputs/field_0.001/PBE-d3/bottom/data/ldos.pp.dat580

     Calling punch_plot, plot_num =   3

     Energy =  11.37730 eV, broadening =   0.20000eV
     Writing data to file  /home/ubuntu/projects/Graphene-Band-Structure-Quantum-Espresso/outputs/field_0.001/PBE-d3/bottom/data/ldos.pp.dat581

     Calling punch_plot, plot_num =   3

     Energy =  11.42730 eV, broadening =   0.20000eV
     Writing data to file  /home/ubuntu/projects/Graphene-Band-Structure-Quantum-Espresso/outputs/field_0.001/PBE-d3/bottom/data/ldos.pp.dat582

     Calling punch_plot, plot_num =   3

     Energy =  11.47730 eV, broadening =   0.20000eV
     Writing data to file  /home/ubuntu/projects/Graphene-Band-Structure-Quantum-Espresso/outputs/field_0.001/PBE-d3/bottom/data/ldos.pp.dat583

     Calling punch_plot, plot_num =   3

     Energy =  11.52730 eV, broadening =   0.20000eV
     Writing data to file  /home/ubuntu/projects/Graphene-Band-Structure-Quantum-Espresso/outputs/field_0.001/PBE-d3/bottom/data/ldos.pp.dat584

     Calling punch_plot, plot_num =   3

     Energy =  11.57730 eV, broadening =   0.20000eV
     Writing data to file  /home/ubuntu/projects/Graphene-Band-Structure-Quantum-Espresso/outputs/field_0.001/PBE-d3/bottom/data/ldos.pp.dat585

     Calling punch_plot, plot_num =   3

     Energy =  11.62730 eV, broadening =   0.20000eV
     Writing data to file  /home/ubuntu/projects/Graphene-Band-Structure-Quantum-Espresso/outputs/field_0.001/PBE-d3/bottom/data/ldos.pp.dat586

     Calling punch_plot, plot_num =   3

     Energy =  11.67730 eV, broadening =   0.20000eV
     Writing data to file  /home/ubuntu/projects/Graphene-Band-Structure-Quantum-Espresso/outputs/field_0.001/PBE-d3/bottom/data/ldos.pp.dat587

     Calling punch_plot, plot_num =   3

     Energy =  11.72730 eV, broadening =   0.20000eV
     Writing data to file  /home/ubuntu/projects/Graphene-Band-Structure-Quantum-Espresso/outputs/field_0.001/PBE-d3/bottom/data/ldos.pp.dat588

     Calling punch_plot, plot_num =   3

     Energy =  11.77730 eV, broadening =   0.20000eV
     Writing data to file  /home/ubuntu/projects/Graphene-Band-Structure-Quantum-Espresso/outputs/field_0.001/PBE-d3/bottom/data/ldos.pp.dat589

     Calling punch_plot, plot_num =   3

     Energy =  11.82730 eV, broadening =   0.20000eV
     Writing data to file  /home/ubuntu/projects/Graphene-Band-Structure-Quantum-Espresso/outputs/field_0.001/PBE-d3/bottom/data/ldos.pp.dat590

     Calling punch_plot, plot_num =   3

     Energy =  11.87730 eV, broadening =   0.20000eV
     Writing data to file  /home/ubuntu/projects/Graphene-Band-Structure-Quantum-Espresso/outputs/field_0.001/PBE-d3/bottom/data/ldos.pp.dat591

     Calling punch_plot, plot_num =   3

     Energy =  11.92730 eV, broadening =   0.20000eV
     Writing data to file  /home/ubuntu/projects/Graphene-Band-Structure-Quantum-Espresso/outputs/field_0.001/PBE-d3/bottom/data/ldos.pp.dat592

     Calling punch_plot, plot_num =   3

     Energy =  11.97730 eV, broadening =   0.20000eV
     Writing data to file  /home/ubuntu/projects/Graphene-Band-Structure-Quantum-Espresso/outputs/field_0.001/PBE-d3/bottom/data/ldos.pp.dat593

     Calling punch_plot, plot_num =   3

     Energy =  12.02730 eV, broadening =   0.20000eV
     Writing data to file  /home/ubuntu/projects/Graphene-Band-Structure-Quantum-Espresso/outputs/field_0.001/PBE-d3/bottom/data/ldos.pp.dat594

     Calling punch_plot, plot_num =   3

     Energy =  12.07730 eV, broadening =   0.20000eV
     Writing data to file  /home/ubuntu/projects/Graphene-Band-Structure-Quantum-Espresso/outputs/field_0.001/PBE-d3/bottom/data/ldos.pp.dat595

     Calling punch_plot, plot_num =   3

     Energy =  12.12730 eV, broadening =   0.20000eV
     Writing data to file  /home/ubuntu/projects/Graphene-Band-Structure-Quantum-Espresso/outputs/field_0.001/PBE-d3/bottom/data/ldos.pp.dat596

     Calling punch_plot, plot_num =   3

     Energy =  12.17730 eV, broadening =   0.20000eV
     Writing data to file  /home/ubuntu/projects/Graphene-Band-Structure-Quantum-Espresso/outputs/field_0.001/PBE-d3/bottom/data/ldos.pp.dat597

     Calling punch_plot, plot_num =   3

     Energy =  12.22730 eV, broadening =   0.20000eV
     Writing data to file  /home/ubuntu/projects/Graphene-Band-Structure-Quantum-Espresso/outputs/field_0.001/PBE-d3/bottom/data/ldos.pp.dat598

     Calling punch_plot, plot_num =   3

     Energy =  12.27730 eV, broadening =   0.20000eV
     Writing data to file  /home/ubuntu/projects/Graphene-Band-Structure-Quantum-Espresso/outputs/field_0.001/PBE-d3/bottom/data/ldos.pp.dat599

     Calling punch_plot, plot_num =   3

     Energy =  12.32730 eV, broadening =   0.20000eV
     Writing data to file  /home/ubuntu/projects/Graphene-Band-Structure-Quantum-Espresso/outputs/field_0.001/PBE-d3/bottom/data/ldos.pp.dat600

     Calling punch_plot, plot_num =   3

     Energy =  12.37730 eV, broadening =   0.20000eV
     Writing data to file  /home/ubuntu/projects/Graphene-Band-Structure-Quantum-Espresso/outputs/field_0.001/PBE-d3/bottom/data/ldos.pp.dat601
     Reading data from file  /home/ubuntu/projects/Graphene-Band-Structure-Quantum-Espresso/outputs/field_0.001/PBE-d3/bottom/data/ldos.pp.dat001

     Writing data to be plotted to file /home/ubuntu/projects/Graphene-Band-Structure-Quantum-Espresso/outputs/field_0.001/PBE-d3/bottom/data/ldos.pp.dat001.xsf
     Plot Type: 3D                     Output format: XCrySDen     
     Reading data from file  /home/ubuntu/projects/Graphene-Band-Structure-Quantum-Espresso/outputs/field_0.001/PBE-d3/bottom/data/ldos.pp.dat002

     Writing data to be plotted to file /home/ubuntu/projects/Graphene-Band-Structure-Quantum-Espresso/outputs/field_0.001/PBE-d3/bottom/data/ldos.pp.dat002.xsf
     Plot Type: 3D                     Output format: XCrySDen     
     Reading data from file  /home/ubuntu/projects/Graphene-Band-Structure-Quantum-Espresso/outputs/field_0.001/PBE-d3/bottom/data/ldos.pp.dat003

     Writing data to be plotted to file /home/ubuntu/projects/Graphene-Band-Structure-Quantum-Espresso/outputs/field_0.001/PBE-d3/bottom/data/ldos.pp.dat003.xsf
     Plot Type: 3D                     Output format: XCrySDen     
     Reading data from file  /home/ubuntu/projects/Graphene-Band-Structure-Quantum-Espresso/outputs/field_0.001/PBE-d3/bottom/data/ldos.pp.dat004

     Writing data to be plotted to file /home/ubuntu/projects/Graphene-Band-Structure-Quantum-Espresso/outputs/field_0.001/PBE-d3/bottom/data/ldos.pp.dat004.xsf
     Plot Type: 3D                     Output format: XCrySDen     
     Reading data from file  /home/ubuntu/projects/Graphene-Band-Structure-Quantum-Espresso/outputs/field_0.001/PBE-d3/bottom/data/ldos.pp.dat005

     Writing data to be plotted to file /home/ubuntu/projects/Graphene-Band-Structure-Quantum-Espresso/outputs/field_0.001/PBE-d3/bottom/data/ldos.pp.dat005.xsf
     Plot Type: 3D                     Output format: XCrySDen     
     Reading data from file  /home/ubuntu/projects/Graphene-Band-Structure-Quantum-Espresso/outputs/field_0.001/PBE-d3/bottom/data/ldos.pp.dat006

     Writing data to be plotted to file /home/ubuntu/projects/Graphene-Band-Structure-Quantum-Espresso/outputs/field_0.001/PBE-d3/bottom/data/ldos.pp.dat006.xsf
     Plot Type: 3D                     Output format: XCrySDen     
     Reading data from file  /home/ubuntu/projects/Graphene-Band-Structure-Quantum-Espresso/outputs/field_0.001/PBE-d3/bottom/data/ldos.pp.dat007

     Writing data to be plotted to file /home/ubuntu/projects/Graphene-Band-Structure-Quantum-Espresso/outputs/field_0.001/PBE-d3/bottom/data/ldos.pp.dat007.xsf
     Plot Type: 3D                     Output format: XCrySDen     
     Reading data from file  /home/ubuntu/projects/Graphene-Band-Structure-Quantum-Espresso/outputs/field_0.001/PBE-d3/bottom/data/ldos.pp.dat008

     Writing data to be plotted to file /home/ubuntu/projects/Graphene-Band-Structure-Quantum-Espresso/outputs/field_0.001/PBE-d3/bottom/data/ldos.pp.dat008.xsf
     Plot Type: 3D                     Output format: XCrySDen     
     Reading data from file  /home/ubuntu/projects/Graphene-Band-Structure-Quantum-Espresso/outputs/field_0.001/PBE-d3/bottom/data/ldos.pp.dat009

     Writing data to be plotted to file /home/ubuntu/projects/Graphene-Band-Structure-Quantum-Espresso/outputs/field_0.001/PBE-d3/bottom/data/ldos.pp.dat009.xsf
     Plot Type: 3D                     Output format: XCrySDen     
     Reading data from file  /home/ubuntu/projects/Graphene-Band-Structure-Quantum-Espresso/outputs/field_0.001/PBE-d3/bottom/data/ldos.pp.dat010

     Writing data to be plotted to file /home/ubuntu/projects/Graphene-Band-Structure-Quantum-Espresso/outputs/field_0.001/PBE-d3/bottom/data/ldos.pp.dat010.xsf
     Plot Type: 3D                     Output format: XCrySDen     
     Reading data from file  /home/ubuntu/projects/Graphene-Band-Structure-Quantum-Espresso/outputs/field_0.001/PBE-d3/bottom/data/ldos.pp.dat011

     Writing data to be plotted to file /home/ubuntu/projects/Graphene-Band-Structure-Quantum-Espresso/outputs/field_0.001/PBE-d3/bottom/data/ldos.pp.dat011.xsf
     Plot Type: 3D                     Output format: XCrySDen     
     Reading data from file  /home/ubuntu/projects/Graphene-Band-Structure-Quantum-Espresso/outputs/field_0.001/PBE-d3/bottom/data/ldos.pp.dat012

     Writing data to be plotted to file /home/ubuntu/projects/Graphene-Band-Structure-Quantum-Espresso/outputs/field_0.001/PBE-d3/bottom/data/ldos.pp.dat012.xsf
     Plot Type: 3D                     Output format: XCrySDen     
     Reading data from file  /home/ubuntu/projects/Graphene-Band-Structure-Quantum-Espresso/outputs/field_0.001/PBE-d3/bottom/data/ldos.pp.dat013

     Writing data to be plotted to file /home/ubuntu/projects/Graphene-Band-Structure-Quantum-Espresso/outputs/field_0.001/PBE-d3/bottom/data/ldos.pp.dat013.xsf
     Plot Type: 3D                     Output format: XCrySDen     
     Reading data from file  /home/ubuntu/projects/Graphene-Band-Structure-Quantum-Espresso/outputs/field_0.001/PBE-d3/bottom/data/ldos.pp.dat014

     Writing data to be plotted to file /home/ubuntu/projects/Graphene-Band-Structure-Quantum-Espresso/outputs/field_0.001/PBE-d3/bottom/data/ldos.pp.dat014.xsf
     Plot Type: 3D                     Output format: XCrySDen     
     Reading data from file  /home/ubuntu/projects/Graphene-Band-Structure-Quantum-Espresso/outputs/field_0.001/PBE-d3/bottom/data/ldos.pp.dat015

     Writing data to be plotted to file /home/ubuntu/projects/Graphene-Band-Structure-Quantum-Espresso/outputs/field_0.001/PBE-d3/bottom/data/ldos.pp.dat015.xsf
     Plot Type: 3D                     Output format: XCrySDen     
     Reading data from file  /home/ubuntu/projects/Graphene-Band-Structure-Quantum-Espresso/outputs/field_0.001/PBE-d3/bottom/data/ldos.pp.dat016

     Writing data to be plotted to file /home/ubuntu/projects/Graphene-Band-Structure-Quantum-Espresso/outputs/field_0.001/PBE-d3/bottom/data/ldos.pp.dat016.xsf
     Plot Type: 3D                     Output format: XCrySDen     
     Reading data from file  /home/ubuntu/projects/Graphene-Band-Structure-Quantum-Espresso/outputs/field_0.001/PBE-d3/bottom/data/ldos.pp.dat017

     Writing data to be plotted to file /home/ubuntu/projects/Graphene-Band-Structure-Quantum-Espresso/outputs/field_0.001/PBE-d3/bottom/data/ldos.pp.dat017.xsf
     Plot Type: 3D                     Output format: XCrySDen     
     Reading data from file  /home/ubuntu/projects/Graphene-Band-Structure-Quantum-Espresso/outputs/field_0.001/PBE-d3/bottom/data/ldos.pp.dat018

     Writing data to be plotted to file /home/ubuntu/projects/Graphene-Band-Structure-Quantum-Espresso/outputs/field_0.001/PBE-d3/bottom/data/ldos.pp.dat018.xsf
     Plot Type: 3D                     Output format: XCrySDen     
     Reading data from file  /home/ubuntu/projects/Graphene-Band-Structure-Quantum-Espresso/outputs/field_0.001/PBE-d3/bottom/data/ldos.pp.dat019

     Writing data to be plotted to file /home/ubuntu/projects/Graphene-Band-Structure-Quantum-Espresso/outputs/field_0.001/PBE-d3/bottom/data/ldos.pp.dat019.xsf
     Plot Type: 3D                     Output format: XCrySDen     
     Reading data from file  /home/ubuntu/projects/Graphene-Band-Structure-Quantum-Espresso/outputs/field_0.001/PBE-d3/bottom/data/ldos.pp.dat020

     Writing data to be plotted to file /home/ubuntu/projects/Graphene-Band-Structure-Quantum-Espresso/outputs/field_0.001/PBE-d3/bottom/data/ldos.pp.dat020.xsf
     Plot Type: 3D                     Output format: XCrySDen     
     Reading data from file  /home/ubuntu/projects/Graphene-Band-Structure-Quantum-Espresso/outputs/field_0.001/PBE-d3/bottom/data/ldos.pp.dat021

     Writing data to be plotted to file /home/ubuntu/projects/Graphene-Band-Structure-Quantum-Espresso/outputs/field_0.001/PBE-d3/bottom/data/ldos.pp.dat021.xsf
     Plot Type: 3D                     Output format: XCrySDen     
     Reading data from file  /home/ubuntu/projects/Graphene-Band-Structure-Quantum-Espresso/outputs/field_0.001/PBE-d3/bottom/data/ldos.pp.dat022

     Writing data to be plotted to file /home/ubuntu/projects/Graphene-Band-Structure-Quantum-Espresso/outputs/field_0.001/PBE-d3/bottom/data/ldos.pp.dat022.xsf
     Plot Type: 3D                     Output format: XCrySDen     
     Reading data from file  /home/ubuntu/projects/Graphene-Band-Structure-Quantum-Espresso/outputs/field_0.001/PBE-d3/bottom/data/ldos.pp.dat023

     Writing data to be plotted to file /home/ubuntu/projects/Graphene-Band-Structure-Quantum-Espresso/outputs/field_0.001/PBE-d3/bottom/data/ldos.pp.dat023.xsf
     Plot Type: 3D                     Output format: XCrySDen     
     Reading data from file  /home/ubuntu/projects/Graphene-Band-Structure-Quantum-Espresso/outputs/field_0.001/PBE-d3/bottom/data/ldos.pp.dat024

     Writing data to be plotted to file /home/ubuntu/projects/Graphene-Band-Structure-Quantum-Espresso/outputs/field_0.001/PBE-d3/bottom/data/ldos.pp.dat024.xsf
     Plot Type: 3D                     Output format: XCrySDen     
     Reading data from file  /home/ubuntu/projects/Graphene-Band-Structure-Quantum-Espresso/outputs/field_0.001/PBE-d3/bottom/data/ldos.pp.dat025

     Writing data to be plotted to file /home/ubuntu/projects/Graphene-Band-Structure-Quantum-Espresso/outputs/field_0.001/PBE-d3/bottom/data/ldos.pp.dat025.xsf
     Plot Type: 3D                     Output format: XCrySDen     
     Reading data from file  /home/ubuntu/projects/Graphene-Band-Structure-Quantum-Espresso/outputs/field_0.001/PBE-d3/bottom/data/ldos.pp.dat026

     Writing data to be plotted to file /home/ubuntu/projects/Graphene-Band-Structure-Quantum-Espresso/outputs/field_0.001/PBE-d3/bottom/data/ldos.pp.dat026.xsf
     Plot Type: 3D                     Output format: XCrySDen     
     Reading data from file  /home/ubuntu/projects/Graphene-Band-Structure-Quantum-Espresso/outputs/field_0.001/PBE-d3/bottom/data/ldos.pp.dat027

     Writing data to be plotted to file /home/ubuntu/projects/Graphene-Band-Structure-Quantum-Espresso/outputs/field_0.001/PBE-d3/bottom/data/ldos.pp.dat027.xsf
     Plot Type: 3D                     Output format: XCrySDen     
     Reading data from file  /home/ubuntu/projects/Graphene-Band-Structure-Quantum-Espresso/outputs/field_0.001/PBE-d3/bottom/data/ldos.pp.dat028

     Writing data to be plotted to file /home/ubuntu/projects/Graphene-Band-Structure-Quantum-Espresso/outputs/field_0.001/PBE-d3/bottom/data/ldos.pp.dat028.xsf
     Plot Type: 3D                     Output format: XCrySDen     
     Reading data from file  /home/ubuntu/projects/Graphene-Band-Structure-Quantum-Espresso/outputs/field_0.001/PBE-d3/bottom/data/ldos.pp.dat029

     Writing data to be plotted to file /home/ubuntu/projects/Graphene-Band-Structure-Quantum-Espresso/outputs/field_0.001/PBE-d3/bottom/data/ldos.pp.dat029.xsf
     Plot Type: 3D                     Output format: XCrySDen     
     Reading data from file  /home/ubuntu/projects/Graphene-Band-Structure-Quantum-Espresso/outputs/field_0.001/PBE-d3/bottom/data/ldos.pp.dat030

     Writing data to be plotted to file /home/ubuntu/projects/Graphene-Band-Structure-Quantum-Espresso/outputs/field_0.001/PBE-d3/bottom/data/ldos.pp.dat030.xsf
     Plot Type: 3D                     Output format: XCrySDen     
     Reading data from file  /home/ubuntu/projects/Graphene-Band-Structure-Quantum-Espresso/outputs/field_0.001/PBE-d3/bottom/data/ldos.pp.dat031

     Writing data to be plotted to file /home/ubuntu/projects/Graphene-Band-Structure-Quantum-Espresso/outputs/field_0.001/PBE-d3/bottom/data/ldos.pp.dat031.xsf
     Plot Type: 3D                     Output format: XCrySDen     
     Reading data from file  /home/ubuntu/projects/Graphene-Band-Structure-Quantum-Espresso/outputs/field_0.001/PBE-d3/bottom/data/ldos.pp.dat032

     Writing data to be plotted to file /home/ubuntu/projects/Graphene-Band-Structure-Quantum-Espresso/outputs/field_0.001/PBE-d3/bottom/data/ldos.pp.dat032.xsf
     Plot Type: 3D                     Output format: XCrySDen     
     Reading data from file  /home/ubuntu/projects/Graphene-Band-Structure-Quantum-Espresso/outputs/field_0.001/PBE-d3/bottom/data/ldos.pp.dat033

     Writing data to be plotted to file /home/ubuntu/projects/Graphene-Band-Structure-Quantum-Espresso/outputs/field_0.001/PBE-d3/bottom/data/ldos.pp.dat033.xsf
     Plot Type: 3D                     Output format: XCrySDen     
     Reading data from file  /home/ubuntu/projects/Graphene-Band-Structure-Quantum-Espresso/outputs/field_0.001/PBE-d3/bottom/data/ldos.pp.dat034

     Writing data to be plotted to file /home/ubuntu/projects/Graphene-Band-Structure-Quantum-Espresso/outputs/field_0.001/PBE-d3/bottom/data/ldos.pp.dat034.xsf
     Plot Type: 3D                     Output format: XCrySDen     
     Reading data from file  /home/ubuntu/projects/Graphene-Band-Structure-Quantum-Espresso/outputs/field_0.001/PBE-d3/bottom/data/ldos.pp.dat035

     Writing data to be plotted to file /home/ubuntu/projects/Graphene-Band-Structure-Quantum-Espresso/outputs/field_0.001/PBE-d3/bottom/data/ldos.pp.dat035.xsf
     Plot Type: 3D                     Output format: XCrySDen     
     Reading data from file  /home/ubuntu/projects/Graphene-Band-Structure-Quantum-Espresso/outputs/field_0.001/PBE-d3/bottom/data/ldos.pp.dat036

     Writing data to be plotted to file /home/ubuntu/projects/Graphene-Band-Structure-Quantum-Espresso/outputs/field_0.001/PBE-d3/bottom/data/ldos.pp.dat036.xsf
     Plot Type: 3D                     Output format: XCrySDen     
     Reading data from file  /home/ubuntu/projects/Graphene-Band-Structure-Quantum-Espresso/outputs/field_0.001/PBE-d3/bottom/data/ldos.pp.dat037

     Writing data to be plotted to file /home/ubuntu/projects/Graphene-Band-Structure-Quantum-Espresso/outputs/field_0.001/PBE-d3/bottom/data/ldos.pp.dat037.xsf
     Plot Type: 3D                     Output format: XCrySDen     
     Reading data from file  /home/ubuntu/projects/Graphene-Band-Structure-Quantum-Espresso/outputs/field_0.001/PBE-d3/bottom/data/ldos.pp.dat038

     Writing data to be plotted to file /home/ubuntu/projects/Graphene-Band-Structure-Quantum-Espresso/outputs/field_0.001/PBE-d3/bottom/data/ldos.pp.dat038.xsf
     Plot Type: 3D                     Output format: XCrySDen     
     Reading data from file  /home/ubuntu/projects/Graphene-Band-Structure-Quantum-Espresso/outputs/field_0.001/PBE-d3/bottom/data/ldos.pp.dat039

     Writing data to be plotted to file /home/ubuntu/projects/Graphene-Band-Structure-Quantum-Espresso/outputs/field_0.001/PBE-d3/bottom/data/ldos.pp.dat039.xsf
     Plot Type: 3D                     Output format: XCrySDen     
     Reading data from file  /home/ubuntu/projects/Graphene-Band-Structure-Quantum-Espresso/outputs/field_0.001/PBE-d3/bottom/data/ldos.pp.dat040

     Writing data to be plotted to file /home/ubuntu/projects/Graphene-Band-Structure-Quantum-Espresso/outputs/field_0.001/PBE-d3/bottom/data/ldos.pp.dat040.xsf
     Plot Type: 3D                     Output format: XCrySDen     
     Reading data from file  /home/ubuntu/projects/Graphene-Band-Structure-Quantum-Espresso/outputs/field_0.001/PBE-d3/bottom/data/ldos.pp.dat041

     Writing data to be plotted to file /home/ubuntu/projects/Graphene-Band-Structure-Quantum-Espresso/outputs/field_0.001/PBE-d3/bottom/data/ldos.pp.dat041.xsf
     Plot Type: 3D                     Output format: XCrySDen     
     Reading data from file  /home/ubuntu/projects/Graphene-Band-Structure-Quantum-Espresso/outputs/field_0.001/PBE-d3/bottom/data/ldos.pp.dat042

     Writing data to be plotted to file /home/ubuntu/projects/Graphene-Band-Structure-Quantum-Espresso/outputs/field_0.001/PBE-d3/bottom/data/ldos.pp.dat042.xsf
     Plot Type: 3D                     Output format: XCrySDen     
     Reading data from file  /home/ubuntu/projects/Graphene-Band-Structure-Quantum-Espresso/outputs/field_0.001/PBE-d3/bottom/data/ldos.pp.dat043

     Writing data to be plotted to file /home/ubuntu/projects/Graphene-Band-Structure-Quantum-Espresso/outputs/field_0.001/PBE-d3/bottom/data/ldos.pp.dat043.xsf
     Plot Type: 3D                     Output format: XCrySDen     
     Reading data from file  /home/ubuntu/projects/Graphene-Band-Structure-Quantum-Espresso/outputs/field_0.001/PBE-d3/bottom/data/ldos.pp.dat044

     Writing data to be plotted to file /home/ubuntu/projects/Graphene-Band-Structure-Quantum-Espresso/outputs/field_0.001/PBE-d3/bottom/data/ldos.pp.dat044.xsf
     Plot Type: 3D                     Output format: XCrySDen     
     Reading data from file  /home/ubuntu/projects/Graphene-Band-Structure-Quantum-Espresso/outputs/field_0.001/PBE-d3/bottom/data/ldos.pp.dat045

     Writing data to be plotted to file /home/ubuntu/projects/Graphene-Band-Structure-Quantum-Espresso/outputs/field_0.001/PBE-d3/bottom/data/ldos.pp.dat045.xsf
     Plot Type: 3D                     Output format: XCrySDen     
     Reading data from file  /home/ubuntu/projects/Graphene-Band-Structure-Quantum-Espresso/outputs/field_0.001/PBE-d3/bottom/data/ldos.pp.dat046

     Writing data to be plotted to file /home/ubuntu/projects/Graphene-Band-Structure-Quantum-Espresso/outputs/field_0.001/PBE-d3/bottom/data/ldos.pp.dat046.xsf
     Plot Type: 3D                     Output format: XCrySDen     
     Reading data from file  /home/ubuntu/projects/Graphene-Band-Structure-Quantum-Espresso/outputs/field_0.001/PBE-d3/bottom/data/ldos.pp.dat047

     Writing data to be plotted to file /home/ubuntu/projects/Graphene-Band-Structure-Quantum-Espresso/outputs/field_0.001/PBE-d3/bottom/data/ldos.pp.dat047.xsf
     Plot Type: 3D                     Output format: XCrySDen     
     Reading data from file  /home/ubuntu/projects/Graphene-Band-Structure-Quantum-Espresso/outputs/field_0.001/PBE-d3/bottom/data/ldos.pp.dat048

     Writing data to be plotted to file /home/ubuntu/projects/Graphene-Band-Structure-Quantum-Espresso/outputs/field_0.001/PBE-d3/bottom/data/ldos.pp.dat048.xsf
     Plot Type: 3D                     Output format: XCrySDen     
     Reading data from file  /home/ubuntu/projects/Graphene-Band-Structure-Quantum-Espresso/outputs/field_0.001/PBE-d3/bottom/data/ldos.pp.dat049

     Writing data to be plotted to file /home/ubuntu/projects/Graphene-Band-Structure-Quantum-Espresso/outputs/field_0.001/PBE-d3/bottom/data/ldos.pp.dat049.xsf
     Plot Type: 3D                     Output format: XCrySDen     
     Reading data from file  /home/ubuntu/projects/Graphene-Band-Structure-Quantum-Espresso/outputs/field_0.001/PBE-d3/bottom/data/ldos.pp.dat050

     Writing data to be plotted to file /home/ubuntu/projects/Graphene-Band-Structure-Quantum-Espresso/outputs/field_0.001/PBE-d3/bottom/data/ldos.pp.dat050.xsf
     Plot Type: 3D                     Output format: XCrySDen     
     Reading data from file  /home/ubuntu/projects/Graphene-Band-Structure-Quantum-Espresso/outputs/field_0.001/PBE-d3/bottom/data/ldos.pp.dat051

     Writing data to be plotted to file /home/ubuntu/projects/Graphene-Band-Structure-Quantum-Espresso/outputs/field_0.001/PBE-d3/bottom/data/ldos.pp.dat051.xsf
     Plot Type: 3D                     Output format: XCrySDen     
     Reading data from file  /home/ubuntu/projects/Graphene-Band-Structure-Quantum-Espresso/outputs/field_0.001/PBE-d3/bottom/data/ldos.pp.dat052

     Writing data to be plotted to file /home/ubuntu/projects/Graphene-Band-Structure-Quantum-Espresso/outputs/field_0.001/PBE-d3/bottom/data/ldos.pp.dat052.xsf
     Plot Type: 3D                     Output format: XCrySDen     
     Reading data from file  /home/ubuntu/projects/Graphene-Band-Structure-Quantum-Espresso/outputs/field_0.001/PBE-d3/bottom/data/ldos.pp.dat053

     Writing data to be plotted to file /home/ubuntu/projects/Graphene-Band-Structure-Quantum-Espresso/outputs/field_0.001/PBE-d3/bottom/data/ldos.pp.dat053.xsf
     Plot Type: 3D                     Output format: XCrySDen     
     Reading data from file  /home/ubuntu/projects/Graphene-Band-Structure-Quantum-Espresso/outputs/field_0.001/PBE-d3/bottom/data/ldos.pp.dat054

     Writing data to be plotted to file /home/ubuntu/projects/Graphene-Band-Structure-Quantum-Espresso/outputs/field_0.001/PBE-d3/bottom/data/ldos.pp.dat054.xsf
     Plot Type: 3D                     Output format: XCrySDen     
     Reading data from file  /home/ubuntu/projects/Graphene-Band-Structure-Quantum-Espresso/outputs/field_0.001/PBE-d3/bottom/data/ldos.pp.dat055

     Writing data to be plotted to file /home/ubuntu/projects/Graphene-Band-Structure-Quantum-Espresso/outputs/field_0.001/PBE-d3/bottom/data/ldos.pp.dat055.xsf
     Plot Type: 3D                     Output format: XCrySDen     
     Reading data from file  /home/ubuntu/projects/Graphene-Band-Structure-Quantum-Espresso/outputs/field_0.001/PBE-d3/bottom/data/ldos.pp.dat056

     Writing data to be plotted to file /home/ubuntu/projects/Graphene-Band-Structure-Quantum-Espresso/outputs/field_0.001/PBE-d3/bottom/data/ldos.pp.dat056.xsf
     Plot Type: 3D                     Output format: XCrySDen     
     Reading data from file  /home/ubuntu/projects/Graphene-Band-Structure-Quantum-Espresso/outputs/field_0.001/PBE-d3/bottom/data/ldos.pp.dat057

     Writing data to be plotted to file /home/ubuntu/projects/Graphene-Band-Structure-Quantum-Espresso/outputs/field_0.001/PBE-d3/bottom/data/ldos.pp.dat057.xsf
     Plot Type: 3D                     Output format: XCrySDen     
     Reading data from file  /home/ubuntu/projects/Graphene-Band-Structure-Quantum-Espresso/outputs/field_0.001/PBE-d3/bottom/data/ldos.pp.dat058

     Writing data to be plotted to file /home/ubuntu/projects/Graphene-Band-Structure-Quantum-Espresso/outputs/field_0.001/PBE-d3/bottom/data/ldos.pp.dat058.xsf
     Plot Type: 3D                     Output format: XCrySDen     
     Reading data from file  /home/ubuntu/projects/Graphene-Band-Structure-Quantum-Espresso/outputs/field_0.001/PBE-d3/bottom/data/ldos.pp.dat059

     Writing data to be plotted to file /home/ubuntu/projects/Graphene-Band-Structure-Quantum-Espresso/outputs/field_0.001/PBE-d3/bottom/data/ldos.pp.dat059.xsf
     Plot Type: 3D                     Output format: XCrySDen     
     Reading data from file  /home/ubuntu/projects/Graphene-Band-Structure-Quantum-Espresso/outputs/field_0.001/PBE-d3/bottom/data/ldos.pp.dat060

     Writing data to be plotted to file /home/ubuntu/projects/Graphene-Band-Structure-Quantum-Espresso/outputs/field_0.001/PBE-d3/bottom/data/ldos.pp.dat060.xsf
     Plot Type: 3D                     Output format: XCrySDen     
     Reading data from file  /home/ubuntu/projects/Graphene-Band-Structure-Quantum-Espresso/outputs/field_0.001/PBE-d3/bottom/data/ldos.pp.dat061

     Writing data to be plotted to file /home/ubuntu/projects/Graphene-Band-Structure-Quantum-Espresso/outputs/field_0.001/PBE-d3/bottom/data/ldos.pp.dat061.xsf
     Plot Type: 3D                     Output format: XCrySDen     
     Reading data from file  /home/ubuntu/projects/Graphene-Band-Structure-Quantum-Espresso/outputs/field_0.001/PBE-d3/bottom/data/ldos.pp.dat062

     Writing data to be plotted to file /home/ubuntu/projects/Graphene-Band-Structure-Quantum-Espresso/outputs/field_0.001/PBE-d3/bottom/data/ldos.pp.dat062.xsf
     Plot Type: 3D                     Output format: XCrySDen     
     Reading data from file  /home/ubuntu/projects/Graphene-Band-Structure-Quantum-Espresso/outputs/field_0.001/PBE-d3/bottom/data/ldos.pp.dat063

     Writing data to be plotted to file /home/ubuntu/projects/Graphene-Band-Structure-Quantum-Espresso/outputs/field_0.001/PBE-d3/bottom/data/ldos.pp.dat063.xsf
     Plot Type: 3D                     Output format: XCrySDen     
     Reading data from file  /home/ubuntu/projects/Graphene-Band-Structure-Quantum-Espresso/outputs/field_0.001/PBE-d3/bottom/data/ldos.pp.dat064

     Writing data to be plotted to file /home/ubuntu/projects/Graphene-Band-Structure-Quantum-Espresso/outputs/field_0.001/PBE-d3/bottom/data/ldos.pp.dat064.xsf
     Plot Type: 3D                     Output format: XCrySDen     
     Reading data from file  /home/ubuntu/projects/Graphene-Band-Structure-Quantum-Espresso/outputs/field_0.001/PBE-d3/bottom/data/ldos.pp.dat065

     Writing data to be plotted to file /home/ubuntu/projects/Graphene-Band-Structure-Quantum-Espresso/outputs/field_0.001/PBE-d3/bottom/data/ldos.pp.dat065.xsf
     Plot Type: 3D                     Output format: XCrySDen     
     Reading data from file  /home/ubuntu/projects/Graphene-Band-Structure-Quantum-Espresso/outputs/field_0.001/PBE-d3/bottom/data/ldos.pp.dat066

     Writing data to be plotted to file /home/ubuntu/projects/Graphene-Band-Structure-Quantum-Espresso/outputs/field_0.001/PBE-d3/bottom/data/ldos.pp.dat066.xsf
     Plot Type: 3D                     Output format: XCrySDen     
     Reading data from file  /home/ubuntu/projects/Graphene-Band-Structure-Quantum-Espresso/outputs/field_0.001/PBE-d3/bottom/data/ldos.pp.dat067

     Writing data to be plotted to file /home/ubuntu/projects/Graphene-Band-Structure-Quantum-Espresso/outputs/field_0.001/PBE-d3/bottom/data/ldos.pp.dat067.xsf
     Plot Type: 3D                     Output format: XCrySDen     
     Reading data from file  /home/ubuntu/projects/Graphene-Band-Structure-Quantum-Espresso/outputs/field_0.001/PBE-d3/bottom/data/ldos.pp.dat068

     Writing data to be plotted to file /home/ubuntu/projects/Graphene-Band-Structure-Quantum-Espresso/outputs/field_0.001/PBE-d3/bottom/data/ldos.pp.dat068.xsf
     Plot Type: 3D                     Output format: XCrySDen     
     Reading data from file  /home/ubuntu/projects/Graphene-Band-Structure-Quantum-Espresso/outputs/field_0.001/PBE-d3/bottom/data/ldos.pp.dat069

     Writing data to be plotted to file /home/ubuntu/projects/Graphene-Band-Structure-Quantum-Espresso/outputs/field_0.001/PBE-d3/bottom/data/ldos.pp.dat069.xsf
     Plot Type: 3D                     Output format: XCrySDen     
     Reading data from file  /home/ubuntu/projects/Graphene-Band-Structure-Quantum-Espresso/outputs/field_0.001/PBE-d3/bottom/data/ldos.pp.dat070

     Writing data to be plotted to file /home/ubuntu/projects/Graphene-Band-Structure-Quantum-Espresso/outputs/field_0.001/PBE-d3/bottom/data/ldos.pp.dat070.xsf
     Plot Type: 3D                     Output format: XCrySDen     
     Reading data from file  /home/ubuntu/projects/Graphene-Band-Structure-Quantum-Espresso/outputs/field_0.001/PBE-d3/bottom/data/ldos.pp.dat071

     Writing data to be plotted to file /home/ubuntu/projects/Graphene-Band-Structure-Quantum-Espresso/outputs/field_0.001/PBE-d3/bottom/data/ldos.pp.dat071.xsf
     Plot Type: 3D                     Output format: XCrySDen     
     Reading data from file  /home/ubuntu/projects/Graphene-Band-Structure-Quantum-Espresso/outputs/field_0.001/PBE-d3/bottom/data/ldos.pp.dat072

     Writing data to be plotted to file /home/ubuntu/projects/Graphene-Band-Structure-Quantum-Espresso/outputs/field_0.001/PBE-d3/bottom/data/ldos.pp.dat072.xsf
     Plot Type: 3D                     Output format: XCrySDen     
     Reading data from file  /home/ubuntu/projects/Graphene-Band-Structure-Quantum-Espresso/outputs/field_0.001/PBE-d3/bottom/data/ldos.pp.dat073

     Writing data to be plotted to file /home/ubuntu/projects/Graphene-Band-Structure-Quantum-Espresso/outputs/field_0.001/PBE-d3/bottom/data/ldos.pp.dat073.xsf
     Plot Type: 3D                     Output format: XCrySDen     
     Reading data from file  /home/ubuntu/projects/Graphene-Band-Structure-Quantum-Espresso/outputs/field_0.001/PBE-d3/bottom/data/ldos.pp.dat074

     Writing data to be plotted to file /home/ubuntu/projects/Graphene-Band-Structure-Quantum-Espresso/outputs/field_0.001/PBE-d3/bottom/data/ldos.pp.dat074.xsf
     Plot Type: 3D                     Output format: XCrySDen     
     Reading data from file  /home/ubuntu/projects/Graphene-Band-Structure-Quantum-Espresso/outputs/field_0.001/PBE-d3/bottom/data/ldos.pp.dat075

     Writing data to be plotted to file /home/ubuntu/projects/Graphene-Band-Structure-Quantum-Espresso/outputs/field_0.001/PBE-d3/bottom/data/ldos.pp.dat075.xsf
     Plot Type: 3D                     Output format: XCrySDen     
     Reading data from file  /home/ubuntu/projects/Graphene-Band-Structure-Quantum-Espresso/outputs/field_0.001/PBE-d3/bottom/data/ldos.pp.dat076

     Writing data to be plotted to file /home/ubuntu/projects/Graphene-Band-Structure-Quantum-Espresso/outputs/field_0.001/PBE-d3/bottom/data/ldos.pp.dat076.xsf
     Plot Type: 3D                     Output format: XCrySDen     
     Reading data from file  /home/ubuntu/projects/Graphene-Band-Structure-Quantum-Espresso/outputs/field_0.001/PBE-d3/bottom/data/ldos.pp.dat077

     Writing data to be plotted to file /home/ubuntu/projects/Graphene-Band-Structure-Quantum-Espresso/outputs/field_0.001/PBE-d3/bottom/data/ldos.pp.dat077.xsf
     Plot Type: 3D                     Output format: XCrySDen     
     Reading data from file  /home/ubuntu/projects/Graphene-Band-Structure-Quantum-Espresso/outputs/field_0.001/PBE-d3/bottom/data/ldos.pp.dat078

     Writing data to be plotted to file /home/ubuntu/projects/Graphene-Band-Structure-Quantum-Espresso/outputs/field_0.001/PBE-d3/bottom/data/ldos.pp.dat078.xsf
     Plot Type: 3D                     Output format: XCrySDen     
     Reading data from file  /home/ubuntu/projects/Graphene-Band-Structure-Quantum-Espresso/outputs/field_0.001/PBE-d3/bottom/data/ldos.pp.dat079

     Writing data to be plotted to file /home/ubuntu/projects/Graphene-Band-Structure-Quantum-Espresso/outputs/field_0.001/PBE-d3/bottom/data/ldos.pp.dat079.xsf
     Plot Type: 3D                     Output format: XCrySDen     
     Reading data from file  /home/ubuntu/projects/Graphene-Band-Structure-Quantum-Espresso/outputs/field_0.001/PBE-d3/bottom/data/ldos.pp.dat080

     Writing data to be plotted to file /home/ubuntu/projects/Graphene-Band-Structure-Quantum-Espresso/outputs/field_0.001/PBE-d3/bottom/data/ldos.pp.dat080.xsf
     Plot Type: 3D                     Output format: XCrySDen     
     Reading data from file  /home/ubuntu/projects/Graphene-Band-Structure-Quantum-Espresso/outputs/field_0.001/PBE-d3/bottom/data/ldos.pp.dat081

     Writing data to be plotted to file /home/ubuntu/projects/Graphene-Band-Structure-Quantum-Espresso/outputs/field_0.001/PBE-d3/bottom/data/ldos.pp.dat081.xsf
     Plot Type: 3D                     Output format: XCrySDen     
     Reading data from file  /home/ubuntu/projects/Graphene-Band-Structure-Quantum-Espresso/outputs/field_0.001/PBE-d3/bottom/data/ldos.pp.dat082

     Writing data to be plotted to file /home/ubuntu/projects/Graphene-Band-Structure-Quantum-Espresso/outputs/field_0.001/PBE-d3/bottom/data/ldos.pp.dat082.xsf
     Plot Type: 3D                     Output format: XCrySDen     
     Reading data from file  /home/ubuntu/projects/Graphene-Band-Structure-Quantum-Espresso/outputs/field_0.001/PBE-d3/bottom/data/ldos.pp.dat083

     Writing data to be plotted to file /home/ubuntu/projects/Graphene-Band-Structure-Quantum-Espresso/outputs/field_0.001/PBE-d3/bottom/data/ldos.pp.dat083.xsf
     Plot Type: 3D                     Output format: XCrySDen     
     Reading data from file  /home/ubuntu/projects/Graphene-Band-Structure-Quantum-Espresso/outputs/field_0.001/PBE-d3/bottom/data/ldos.pp.dat084

     Writing data to be plotted to file /home/ubuntu/projects/Graphene-Band-Structure-Quantum-Espresso/outputs/field_0.001/PBE-d3/bottom/data/ldos.pp.dat084.xsf
     Plot Type: 3D                     Output format: XCrySDen     
     Reading data from file  /home/ubuntu/projects/Graphene-Band-Structure-Quantum-Espresso/outputs/field_0.001/PBE-d3/bottom/data/ldos.pp.dat085

     Writing data to be plotted to file /home/ubuntu/projects/Graphene-Band-Structure-Quantum-Espresso/outputs/field_0.001/PBE-d3/bottom/data/ldos.pp.dat085.xsf
     Plot Type: 3D                     Output format: XCrySDen     
     Reading data from file  /home/ubuntu/projects/Graphene-Band-Structure-Quantum-Espresso/outputs/field_0.001/PBE-d3/bottom/data/ldos.pp.dat086

     Writing data to be plotted to file /home/ubuntu/projects/Graphene-Band-Structure-Quantum-Espresso/outputs/field_0.001/PBE-d3/bottom/data/ldos.pp.dat086.xsf
     Plot Type: 3D                     Output format: XCrySDen     
     Reading data from file  /home/ubuntu/projects/Graphene-Band-Structure-Quantum-Espresso/outputs/field_0.001/PBE-d3/bottom/data/ldos.pp.dat087

     Writing data to be plotted to file /home/ubuntu/projects/Graphene-Band-Structure-Quantum-Espresso/outputs/field_0.001/PBE-d3/bottom/data/ldos.pp.dat087.xsf
     Plot Type: 3D                     Output format: XCrySDen     
     Reading data from file  /home/ubuntu/projects/Graphene-Band-Structure-Quantum-Espresso/outputs/field_0.001/PBE-d3/bottom/data/ldos.pp.dat088

     Writing data to be plotted to file /home/ubuntu/projects/Graphene-Band-Structure-Quantum-Espresso/outputs/field_0.001/PBE-d3/bottom/data/ldos.pp.dat088.xsf
     Plot Type: 3D                     Output format: XCrySDen     
     Reading data from file  /home/ubuntu/projects/Graphene-Band-Structure-Quantum-Espresso/outputs/field_0.001/PBE-d3/bottom/data/ldos.pp.dat089

     Writing data to be plotted to file /home/ubuntu/projects/Graphene-Band-Structure-Quantum-Espresso/outputs/field_0.001/PBE-d3/bottom/data/ldos.pp.dat089.xsf
     Plot Type: 3D                     Output format: XCrySDen     
     Reading data from file  /home/ubuntu/projects/Graphene-Band-Structure-Quantum-Espresso/outputs/field_0.001/PBE-d3/bottom/data/ldos.pp.dat090

     Writing data to be plotted to file /home/ubuntu/projects/Graphene-Band-Structure-Quantum-Espresso/outputs/field_0.001/PBE-d3/bottom/data/ldos.pp.dat090.xsf
     Plot Type: 3D                     Output format: XCrySDen     
     Reading data from file  /home/ubuntu/projects/Graphene-Band-Structure-Quantum-Espresso/outputs/field_0.001/PBE-d3/bottom/data/ldos.pp.dat091

     Writing data to be plotted to file /home/ubuntu/projects/Graphene-Band-Structure-Quantum-Espresso/outputs/field_0.001/PBE-d3/bottom/data/ldos.pp.dat091.xsf
     Plot Type: 3D                     Output format: XCrySDen     
     Reading data from file  /home/ubuntu/projects/Graphene-Band-Structure-Quantum-Espresso/outputs/field_0.001/PBE-d3/bottom/data/ldos.pp.dat092

     Writing data to be plotted to file /home/ubuntu/projects/Graphene-Band-Structure-Quantum-Espresso/outputs/field_0.001/PBE-d3/bottom/data/ldos.pp.dat092.xsf
     Plot Type: 3D                     Output format: XCrySDen     
     Reading data from file  /home/ubuntu/projects/Graphene-Band-Structure-Quantum-Espresso/outputs/field_0.001/PBE-d3/bottom/data/ldos.pp.dat093

     Writing data to be plotted to file /home/ubuntu/projects/Graphene-Band-Structure-Quantum-Espresso/outputs/field_0.001/PBE-d3/bottom/data/ldos.pp.dat093.xsf
     Plot Type: 3D                     Output format: XCrySDen     
     Reading data from file  /home/ubuntu/projects/Graphene-Band-Structure-Quantum-Espresso/outputs/field_0.001/PBE-d3/bottom/data/ldos.pp.dat094

     Writing data to be plotted to file /home/ubuntu/projects/Graphene-Band-Structure-Quantum-Espresso/outputs/field_0.001/PBE-d3/bottom/data/ldos.pp.dat094.xsf
     Plot Type: 3D                     Output format: XCrySDen     
     Reading data from file  /home/ubuntu/projects/Graphene-Band-Structure-Quantum-Espresso/outputs/field_0.001/PBE-d3/bottom/data/ldos.pp.dat095

     Writing data to be plotted to file /home/ubuntu/projects/Graphene-Band-Structure-Quantum-Espresso/outputs/field_0.001/PBE-d3/bottom/data/ldos.pp.dat095.xsf
     Plot Type: 3D                     Output format: XCrySDen     
     Reading data from file  /home/ubuntu/projects/Graphene-Band-Structure-Quantum-Espresso/outputs/field_0.001/PBE-d3/bottom/data/ldos.pp.dat096

     Writing data to be plotted to file /home/ubuntu/projects/Graphene-Band-Structure-Quantum-Espresso/outputs/field_0.001/PBE-d3/bottom/data/ldos.pp.dat096.xsf
     Plot Type: 3D                     Output format: XCrySDen     
     Reading data from file  /home/ubuntu/projects/Graphene-Band-Structure-Quantum-Espresso/outputs/field_0.001/PBE-d3/bottom/data/ldos.pp.dat097

     Writing data to be plotted to file /home/ubuntu/projects/Graphene-Band-Structure-Quantum-Espresso/outputs/field_0.001/PBE-d3/bottom/data/ldos.pp.dat097.xsf
     Plot Type: 3D                     Output format: XCrySDen     
     Reading data from file  /home/ubuntu/projects/Graphene-Band-Structure-Quantum-Espresso/outputs/field_0.001/PBE-d3/bottom/data/ldos.pp.dat098

     Writing data to be plotted to file /home/ubuntu/projects/Graphene-Band-Structure-Quantum-Espresso/outputs/field_0.001/PBE-d3/bottom/data/ldos.pp.dat098.xsf
     Plot Type: 3D                     Output format: XCrySDen     
     Reading data from file  /home/ubuntu/projects/Graphene-Band-Structure-Quantum-Espresso/outputs/field_0.001/PBE-d3/bottom/data/ldos.pp.dat099

     Writing data to be plotted to file /home/ubuntu/projects/Graphene-Band-Structure-Quantum-Espresso/outputs/field_0.001/PBE-d3/bottom/data/ldos.pp.dat099.xsf
     Plot Type: 3D                     Output format: XCrySDen     
     Reading data from file  /home/ubuntu/projects/Graphene-Band-Structure-Quantum-Espresso/outputs/field_0.001/PBE-d3/bottom/data/ldos.pp.dat100

     Writing data to be plotted to file /home/ubuntu/projects/Graphene-Band-Structure-Quantum-Espresso/outputs/field_0.001/PBE-d3/bottom/data/ldos.pp.dat100.xsf
     Plot Type: 3D                     Output format: XCrySDen     
     Reading data from file  /home/ubuntu/projects/Graphene-Band-Structure-Quantum-Espresso/outputs/field_0.001/PBE-d3/bottom/data/ldos.pp.dat101

     Writing data to be plotted to file /home/ubuntu/projects/Graphene-Band-Structure-Quantum-Espresso/outputs/field_0.001/PBE-d3/bottom/data/ldos.pp.dat101.xsf
     Plot Type: 3D                     Output format: XCrySDen     
     Reading data from file  /home/ubuntu/projects/Graphene-Band-Structure-Quantum-Espresso/outputs/field_0.001/PBE-d3/bottom/data/ldos.pp.dat102

     Writing data to be plotted to file /home/ubuntu/projects/Graphene-Band-Structure-Quantum-Espresso/outputs/field_0.001/PBE-d3/bottom/data/ldos.pp.dat102.xsf
     Plot Type: 3D                     Output format: XCrySDen     
     Reading data from file  /home/ubuntu/projects/Graphene-Band-Structure-Quantum-Espresso/outputs/field_0.001/PBE-d3/bottom/data/ldos.pp.dat103

     Writing data to be plotted to file /home/ubuntu/projects/Graphene-Band-Structure-Quantum-Espresso/outputs/field_0.001/PBE-d3/bottom/data/ldos.pp.dat103.xsf
     Plot Type: 3D                     Output format: XCrySDen     
     Reading data from file  /home/ubuntu/projects/Graphene-Band-Structure-Quantum-Espresso/outputs/field_0.001/PBE-d3/bottom/data/ldos.pp.dat104

     Writing data to be plotted to file /home/ubuntu/projects/Graphene-Band-Structure-Quantum-Espresso/outputs/field_0.001/PBE-d3/bottom/data/ldos.pp.dat104.xsf
     Plot Type: 3D                     Output format: XCrySDen     
     Reading data from file  /home/ubuntu/projects/Graphene-Band-Structure-Quantum-Espresso/outputs/field_0.001/PBE-d3/bottom/data/ldos.pp.dat105

     Writing data to be plotted to file /home/ubuntu/projects/Graphene-Band-Structure-Quantum-Espresso/outputs/field_0.001/PBE-d3/bottom/data/ldos.pp.dat105.xsf
     Plot Type: 3D                     Output format: XCrySDen     
     Reading data from file  /home/ubuntu/projects/Graphene-Band-Structure-Quantum-Espresso/outputs/field_0.001/PBE-d3/bottom/data/ldos.pp.dat106

     Writing data to be plotted to file /home/ubuntu/projects/Graphene-Band-Structure-Quantum-Espresso/outputs/field_0.001/PBE-d3/bottom/data/ldos.pp.dat106.xsf
     Plot Type: 3D                     Output format: XCrySDen     
     Reading data from file  /home/ubuntu/projects/Graphene-Band-Structure-Quantum-Espresso/outputs/field_0.001/PBE-d3/bottom/data/ldos.pp.dat107

     Writing data to be plotted to file /home/ubuntu/projects/Graphene-Band-Structure-Quantum-Espresso/outputs/field_0.001/PBE-d3/bottom/data/ldos.pp.dat107.xsf
     Plot Type: 3D                     Output format: XCrySDen     
     Reading data from file  /home/ubuntu/projects/Graphene-Band-Structure-Quantum-Espresso/outputs/field_0.001/PBE-d3/bottom/data/ldos.pp.dat108

     Writing data to be plotted to file /home/ubuntu/projects/Graphene-Band-Structure-Quantum-Espresso/outputs/field_0.001/PBE-d3/bottom/data/ldos.pp.dat108.xsf
     Plot Type: 3D                     Output format: XCrySDen     
     Reading data from file  /home/ubuntu/projects/Graphene-Band-Structure-Quantum-Espresso/outputs/field_0.001/PBE-d3/bottom/data/ldos.pp.dat109

     Writing data to be plotted to file /home/ubuntu/projects/Graphene-Band-Structure-Quantum-Espresso/outputs/field_0.001/PBE-d3/bottom/data/ldos.pp.dat109.xsf
     Plot Type: 3D                     Output format: XCrySDen     
     Reading data from file  /home/ubuntu/projects/Graphene-Band-Structure-Quantum-Espresso/outputs/field_0.001/PBE-d3/bottom/data/ldos.pp.dat110

     Writing data to be plotted to file /home/ubuntu/projects/Graphene-Band-Structure-Quantum-Espresso/outputs/field_0.001/PBE-d3/bottom/data/ldos.pp.dat110.xsf
     Plot Type: 3D                     Output format: XCrySDen     
     Reading data from file  /home/ubuntu/projects/Graphene-Band-Structure-Quantum-Espresso/outputs/field_0.001/PBE-d3/bottom/data/ldos.pp.dat111

     Writing data to be plotted to file /home/ubuntu/projects/Graphene-Band-Structure-Quantum-Espresso/outputs/field_0.001/PBE-d3/bottom/data/ldos.pp.dat111.xsf
     Plot Type: 3D                     Output format: XCrySDen     
     Reading data from file  /home/ubuntu/projects/Graphene-Band-Structure-Quantum-Espresso/outputs/field_0.001/PBE-d3/bottom/data/ldos.pp.dat112

     Writing data to be plotted to file /home/ubuntu/projects/Graphene-Band-Structure-Quantum-Espresso/outputs/field_0.001/PBE-d3/bottom/data/ldos.pp.dat112.xsf
     Plot Type: 3D                     Output format: XCrySDen     
     Reading data from file  /home/ubuntu/projects/Graphene-Band-Structure-Quantum-Espresso/outputs/field_0.001/PBE-d3/bottom/data/ldos.pp.dat113

     Writing data to be plotted to file /home/ubuntu/projects/Graphene-Band-Structure-Quantum-Espresso/outputs/field_0.001/PBE-d3/bottom/data/ldos.pp.dat113.xsf
     Plot Type: 3D                     Output format: XCrySDen     
     Reading data from file  /home/ubuntu/projects/Graphene-Band-Structure-Quantum-Espresso/outputs/field_0.001/PBE-d3/bottom/data/ldos.pp.dat114

     Writing data to be plotted to file /home/ubuntu/projects/Graphene-Band-Structure-Quantum-Espresso/outputs/field_0.001/PBE-d3/bottom/data/ldos.pp.dat114.xsf
     Plot Type: 3D                     Output format: XCrySDen     
     Reading data from file  /home/ubuntu/projects/Graphene-Band-Structure-Quantum-Espresso/outputs/field_0.001/PBE-d3/bottom/data/ldos.pp.dat115

     Writing data to be plotted to file /home/ubuntu/projects/Graphene-Band-Structure-Quantum-Espresso/outputs/field_0.001/PBE-d3/bottom/data/ldos.pp.dat115.xsf
     Plot Type: 3D                     Output format: XCrySDen     
     Reading data from file  /home/ubuntu/projects/Graphene-Band-Structure-Quantum-Espresso/outputs/field_0.001/PBE-d3/bottom/data/ldos.pp.dat116

     Writing data to be plotted to file /home/ubuntu/projects/Graphene-Band-Structure-Quantum-Espresso/outputs/field_0.001/PBE-d3/bottom/data/ldos.pp.dat116.xsf
     Plot Type: 3D                     Output format: XCrySDen     
     Reading data from file  /home/ubuntu/projects/Graphene-Band-Structure-Quantum-Espresso/outputs/field_0.001/PBE-d3/bottom/data/ldos.pp.dat117

     Writing data to be plotted to file /home/ubuntu/projects/Graphene-Band-Structure-Quantum-Espresso/outputs/field_0.001/PBE-d3/bottom/data/ldos.pp.dat117.xsf
     Plot Type: 3D                     Output format: XCrySDen     
     Reading data from file  /home/ubuntu/projects/Graphene-Band-Structure-Quantum-Espresso/outputs/field_0.001/PBE-d3/bottom/data/ldos.pp.dat118

     Writing data to be plotted to file /home/ubuntu/projects/Graphene-Band-Structure-Quantum-Espresso/outputs/field_0.001/PBE-d3/bottom/data/ldos.pp.dat118.xsf
     Plot Type: 3D                     Output format: XCrySDen     
     Reading data from file  /home/ubuntu/projects/Graphene-Band-Structure-Quantum-Espresso/outputs/field_0.001/PBE-d3/bottom/data/ldos.pp.dat119

     Writing data to be plotted to file /home/ubuntu/projects/Graphene-Band-Structure-Quantum-Espresso/outputs/field_0.001/PBE-d3/bottom/data/ldos.pp.dat119.xsf
     Plot Type: 3D                     Output format: XCrySDen     
     Reading data from file  /home/ubuntu/projects/Graphene-Band-Structure-Quantum-Espresso/outputs/field_0.001/PBE-d3/bottom/data/ldos.pp.dat120

     Writing data to be plotted to file /home/ubuntu/projects/Graphene-Band-Structure-Quantum-Espresso/outputs/field_0.001/PBE-d3/bottom/data/ldos.pp.dat120.xsf
     Plot Type: 3D                     Output format: XCrySDen     
     Reading data from file  /home/ubuntu/projects/Graphene-Band-Structure-Quantum-Espresso/outputs/field_0.001/PBE-d3/bottom/data/ldos.pp.dat121

     Writing data to be plotted to file /home/ubuntu/projects/Graphene-Band-Structure-Quantum-Espresso/outputs/field_0.001/PBE-d3/bottom/data/ldos.pp.dat121.xsf
     Plot Type: 3D                     Output format: XCrySDen     
     Reading data from file  /home/ubuntu/projects/Graphene-Band-Structure-Quantum-Espresso/outputs/field_0.001/PBE-d3/bottom/data/ldos.pp.dat122

     Writing data to be plotted to file /home/ubuntu/projects/Graphene-Band-Structure-Quantum-Espresso/outputs/field_0.001/PBE-d3/bottom/data/ldos.pp.dat122.xsf
     Plot Type: 3D                     Output format: XCrySDen     
     Reading data from file  /home/ubuntu/projects/Graphene-Band-Structure-Quantum-Espresso/outputs/field_0.001/PBE-d3/bottom/data/ldos.pp.dat123

     Writing data to be plotted to file /home/ubuntu/projects/Graphene-Band-Structure-Quantum-Espresso/outputs/field_0.001/PBE-d3/bottom/data/ldos.pp.dat123.xsf
     Plot Type: 3D                     Output format: XCrySDen     
     Reading data from file  /home/ubuntu/projects/Graphene-Band-Structure-Quantum-Espresso/outputs/field_0.001/PBE-d3/bottom/data/ldos.pp.dat124

     Writing data to be plotted to file /home/ubuntu/projects/Graphene-Band-Structure-Quantum-Espresso/outputs/field_0.001/PBE-d3/bottom/data/ldos.pp.dat124.xsf
     Plot Type: 3D                     Output format: XCrySDen     
     Reading data from file  /home/ubuntu/projects/Graphene-Band-Structure-Quantum-Espresso/outputs/field_0.001/PBE-d3/bottom/data/ldos.pp.dat125

     Writing data to be plotted to file /home/ubuntu/projects/Graphene-Band-Structure-Quantum-Espresso/outputs/field_0.001/PBE-d3/bottom/data/ldos.pp.dat125.xsf
     Plot Type: 3D                     Output format: XCrySDen     
     Reading data from file  /home/ubuntu/projects/Graphene-Band-Structure-Quantum-Espresso/outputs/field_0.001/PBE-d3/bottom/data/ldos.pp.dat126

     Writing data to be plotted to file /home/ubuntu/projects/Graphene-Band-Structure-Quantum-Espresso/outputs/field_0.001/PBE-d3/bottom/data/ldos.pp.dat126.xsf
     Plot Type: 3D                     Output format: XCrySDen     
     Reading data from file  /home/ubuntu/projects/Graphene-Band-Structure-Quantum-Espresso/outputs/field_0.001/PBE-d3/bottom/data/ldos.pp.dat127

     Writing data to be plotted to file /home/ubuntu/projects/Graphene-Band-Structure-Quantum-Espresso/outputs/field_0.001/PBE-d3/bottom/data/ldos.pp.dat127.xsf
     Plot Type: 3D                     Output format: XCrySDen     
     Reading data from file  /home/ubuntu/projects/Graphene-Band-Structure-Quantum-Espresso/outputs/field_0.001/PBE-d3/bottom/data/ldos.pp.dat128

     Writing data to be plotted to file /home/ubuntu/projects/Graphene-Band-Structure-Quantum-Espresso/outputs/field_0.001/PBE-d3/bottom/data/ldos.pp.dat128.xsf
     Plot Type: 3D                     Output format: XCrySDen     
     Reading data from file  /home/ubuntu/projects/Graphene-Band-Structure-Quantum-Espresso/outputs/field_0.001/PBE-d3/bottom/data/ldos.pp.dat129

     Writing data to be plotted to file /home/ubuntu/projects/Graphene-Band-Structure-Quantum-Espresso/outputs/field_0.001/PBE-d3/bottom/data/ldos.pp.dat129.xsf
     Plot Type: 3D                     Output format: XCrySDen     
     Reading data from file  /home/ubuntu/projects/Graphene-Band-Structure-Quantum-Espresso/outputs/field_0.001/PBE-d3/bottom/data/ldos.pp.dat130

     Writing data to be plotted to file /home/ubuntu/projects/Graphene-Band-Structure-Quantum-Espresso/outputs/field_0.001/PBE-d3/bottom/data/ldos.pp.dat130.xsf
     Plot Type: 3D                     Output format: XCrySDen     
     Reading data from file  /home/ubuntu/projects/Graphene-Band-Structure-Quantum-Espresso/outputs/field_0.001/PBE-d3/bottom/data/ldos.pp.dat131

     Writing data to be plotted to file /home/ubuntu/projects/Graphene-Band-Structure-Quantum-Espresso/outputs/field_0.001/PBE-d3/bottom/data/ldos.pp.dat131.xsf
     Plot Type: 3D                     Output format: XCrySDen     
     Reading data from file  /home/ubuntu/projects/Graphene-Band-Structure-Quantum-Espresso/outputs/field_0.001/PBE-d3/bottom/data/ldos.pp.dat132

     Writing data to be plotted to file /home/ubuntu/projects/Graphene-Band-Structure-Quantum-Espresso/outputs/field_0.001/PBE-d3/bottom/data/ldos.pp.dat132.xsf
     Plot Type: 3D                     Output format: XCrySDen     
     Reading data from file  /home/ubuntu/projects/Graphene-Band-Structure-Quantum-Espresso/outputs/field_0.001/PBE-d3/bottom/data/ldos.pp.dat133

     Writing data to be plotted to file /home/ubuntu/projects/Graphene-Band-Structure-Quantum-Espresso/outputs/field_0.001/PBE-d3/bottom/data/ldos.pp.dat133.xsf
     Plot Type: 3D                     Output format: XCrySDen     
     Reading data from file  /home/ubuntu/projects/Graphene-Band-Structure-Quantum-Espresso/outputs/field_0.001/PBE-d3/bottom/data/ldos.pp.dat134

     Writing data to be plotted to file /home/ubuntu/projects/Graphene-Band-Structure-Quantum-Espresso/outputs/field_0.001/PBE-d3/bottom/data/ldos.pp.dat134.xsf
     Plot Type: 3D                     Output format: XCrySDen     
     Reading data from file  /home/ubuntu/projects/Graphene-Band-Structure-Quantum-Espresso/outputs/field_0.001/PBE-d3/bottom/data/ldos.pp.dat135

     Writing data to be plotted to file /home/ubuntu/projects/Graphene-Band-Structure-Quantum-Espresso/outputs/field_0.001/PBE-d3/bottom/data/ldos.pp.dat135.xsf
     Plot Type: 3D                     Output format: XCrySDen     
     Reading data from file  /home/ubuntu/projects/Graphene-Band-Structure-Quantum-Espresso/outputs/field_0.001/PBE-d3/bottom/data/ldos.pp.dat136

     Writing data to be plotted to file /home/ubuntu/projects/Graphene-Band-Structure-Quantum-Espresso/outputs/field_0.001/PBE-d3/bottom/data/ldos.pp.dat136.xsf
     Plot Type: 3D                     Output format: XCrySDen     
     Reading data from file  /home/ubuntu/projects/Graphene-Band-Structure-Quantum-Espresso/outputs/field_0.001/PBE-d3/bottom/data/ldos.pp.dat137

     Writing data to be plotted to file /home/ubuntu/projects/Graphene-Band-Structure-Quantum-Espresso/outputs/field_0.001/PBE-d3/bottom/data/ldos.pp.dat137.xsf
     Plot Type: 3D                     Output format: XCrySDen     
     Reading data from file  /home/ubuntu/projects/Graphene-Band-Structure-Quantum-Espresso/outputs/field_0.001/PBE-d3/bottom/data/ldos.pp.dat138

     Writing data to be plotted to file /home/ubuntu/projects/Graphene-Band-Structure-Quantum-Espresso/outputs/field_0.001/PBE-d3/bottom/data/ldos.pp.dat138.xsf
     Plot Type: 3D                     Output format: XCrySDen     
     Reading data from file  /home/ubuntu/projects/Graphene-Band-Structure-Quantum-Espresso/outputs/field_0.001/PBE-d3/bottom/data/ldos.pp.dat139

     Writing data to be plotted to file /home/ubuntu/projects/Graphene-Band-Structure-Quantum-Espresso/outputs/field_0.001/PBE-d3/bottom/data/ldos.pp.dat139.xsf
     Plot Type: 3D                     Output format: XCrySDen     
     Reading data from file  /home/ubuntu/projects/Graphene-Band-Structure-Quantum-Espresso/outputs/field_0.001/PBE-d3/bottom/data/ldos.pp.dat140

     Writing data to be plotted to file /home/ubuntu/projects/Graphene-Band-Structure-Quantum-Espresso/outputs/field_0.001/PBE-d3/bottom/data/ldos.pp.dat140.xsf
     Plot Type: 3D                     Output format: XCrySDen     
     Reading data from file  /home/ubuntu/projects/Graphene-Band-Structure-Quantum-Espresso/outputs/field_0.001/PBE-d3/bottom/data/ldos.pp.dat141

     Writing data to be plotted to file /home/ubuntu/projects/Graphene-Band-Structure-Quantum-Espresso/outputs/field_0.001/PBE-d3/bottom/data/ldos.pp.dat141.xsf
     Plot Type: 3D                     Output format: XCrySDen     
     Reading data from file  /home/ubuntu/projects/Graphene-Band-Structure-Quantum-Espresso/outputs/field_0.001/PBE-d3/bottom/data/ldos.pp.dat142

     Writing data to be plotted to file /home/ubuntu/projects/Graphene-Band-Structure-Quantum-Espresso/outputs/field_0.001/PBE-d3/bottom/data/ldos.pp.dat142.xsf
     Plot Type: 3D                     Output format: XCrySDen     
     Reading data from file  /home/ubuntu/projects/Graphene-Band-Structure-Quantum-Espresso/outputs/field_0.001/PBE-d3/bottom/data/ldos.pp.dat143

     Writing data to be plotted to file /home/ubuntu/projects/Graphene-Band-Structure-Quantum-Espresso/outputs/field_0.001/PBE-d3/bottom/data/ldos.pp.dat143.xsf
     Plot Type: 3D                     Output format: XCrySDen     
     Reading data from file  /home/ubuntu/projects/Graphene-Band-Structure-Quantum-Espresso/outputs/field_0.001/PBE-d3/bottom/data/ldos.pp.dat144

     Writing data to be plotted to file /home/ubuntu/projects/Graphene-Band-Structure-Quantum-Espresso/outputs/field_0.001/PBE-d3/bottom/data/ldos.pp.dat144.xsf
     Plot Type: 3D                     Output format: XCrySDen     
     Reading data from file  /home/ubuntu/projects/Graphene-Band-Structure-Quantum-Espresso/outputs/field_0.001/PBE-d3/bottom/data/ldos.pp.dat145

     Writing data to be plotted to file /home/ubuntu/projects/Graphene-Band-Structure-Quantum-Espresso/outputs/field_0.001/PBE-d3/bottom/data/ldos.pp.dat145.xsf
     Plot Type: 3D                     Output format: XCrySDen     
     Reading data from file  /home/ubuntu/projects/Graphene-Band-Structure-Quantum-Espresso/outputs/field_0.001/PBE-d3/bottom/data/ldos.pp.dat146

     Writing data to be plotted to file /home/ubuntu/projects/Graphene-Band-Structure-Quantum-Espresso/outputs/field_0.001/PBE-d3/bottom/data/ldos.pp.dat146.xsf
     Plot Type: 3D                     Output format: XCrySDen     
     Reading data from file  /home/ubuntu/projects/Graphene-Band-Structure-Quantum-Espresso/outputs/field_0.001/PBE-d3/bottom/data/ldos.pp.dat147

     Writing data to be plotted to file /home/ubuntu/projects/Graphene-Band-Structure-Quantum-Espresso/outputs/field_0.001/PBE-d3/bottom/data/ldos.pp.dat147.xsf
     Plot Type: 3D                     Output format: XCrySDen     
     Reading data from file  /home/ubuntu/projects/Graphene-Band-Structure-Quantum-Espresso/outputs/field_0.001/PBE-d3/bottom/data/ldos.pp.dat148

     Writing data to be plotted to file /home/ubuntu/projects/Graphene-Band-Structure-Quantum-Espresso/outputs/field_0.001/PBE-d3/bottom/data/ldos.pp.dat148.xsf
     Plot Type: 3D                     Output format: XCrySDen     
     Reading data from file  /home/ubuntu/projects/Graphene-Band-Structure-Quantum-Espresso/outputs/field_0.001/PBE-d3/bottom/data/ldos.pp.dat149

     Writing data to be plotted to file /home/ubuntu/projects/Graphene-Band-Structure-Quantum-Espresso/outputs/field_0.001/PBE-d3/bottom/data/ldos.pp.dat149.xsf
     Plot Type: 3D                     Output format: XCrySDen     
     Reading data from file  /home/ubuntu/projects/Graphene-Band-Structure-Quantum-Espresso/outputs/field_0.001/PBE-d3/bottom/data/ldos.pp.dat150

     Writing data to be plotted to file /home/ubuntu/projects/Graphene-Band-Structure-Quantum-Espresso/outputs/field_0.001/PBE-d3/bottom/data/ldos.pp.dat150.xsf
     Plot Type: 3D                     Output format: XCrySDen     
     Reading data from file  /home/ubuntu/projects/Graphene-Band-Structure-Quantum-Espresso/outputs/field_0.001/PBE-d3/bottom/data/ldos.pp.dat151

     Writing data to be plotted to file /home/ubuntu/projects/Graphene-Band-Structure-Quantum-Espresso/outputs/field_0.001/PBE-d3/bottom/data/ldos.pp.dat151.xsf
     Plot Type: 3D                     Output format: XCrySDen     
     Reading data from file  /home/ubuntu/projects/Graphene-Band-Structure-Quantum-Espresso/outputs/field_0.001/PBE-d3/bottom/data/ldos.pp.dat152

     Writing data to be plotted to file /home/ubuntu/projects/Graphene-Band-Structure-Quantum-Espresso/outputs/field_0.001/PBE-d3/bottom/data/ldos.pp.dat152.xsf
     Plot Type: 3D                     Output format: XCrySDen     
     Reading data from file  /home/ubuntu/projects/Graphene-Band-Structure-Quantum-Espresso/outputs/field_0.001/PBE-d3/bottom/data/ldos.pp.dat153

     Writing data to be plotted to file /home/ubuntu/projects/Graphene-Band-Structure-Quantum-Espresso/outputs/field_0.001/PBE-d3/bottom/data/ldos.pp.dat153.xsf
     Plot Type: 3D                     Output format: XCrySDen     
     Reading data from file  /home/ubuntu/projects/Graphene-Band-Structure-Quantum-Espresso/outputs/field_0.001/PBE-d3/bottom/data/ldos.pp.dat154

     Writing data to be plotted to file /home/ubuntu/projects/Graphene-Band-Structure-Quantum-Espresso/outputs/field_0.001/PBE-d3/bottom/data/ldos.pp.dat154.xsf
     Plot Type: 3D                     Output format: XCrySDen     
     Reading data from file  /home/ubuntu/projects/Graphene-Band-Structure-Quantum-Espresso/outputs/field_0.001/PBE-d3/bottom/data/ldos.pp.dat155

     Writing data to be plotted to file /home/ubuntu/projects/Graphene-Band-Structure-Quantum-Espresso/outputs/field_0.001/PBE-d3/bottom/data/ldos.pp.dat155.xsf
     Plot Type: 3D                     Output format: XCrySDen     
     Reading data from file  /home/ubuntu/projects/Graphene-Band-Structure-Quantum-Espresso/outputs/field_0.001/PBE-d3/bottom/data/ldos.pp.dat156

     Writing data to be plotted to file /home/ubuntu/projects/Graphene-Band-Structure-Quantum-Espresso/outputs/field_0.001/PBE-d3/bottom/data/ldos.pp.dat156.xsf
     Plot Type: 3D                     Output format: XCrySDen     
     Reading data from file  /home/ubuntu/projects/Graphene-Band-Structure-Quantum-Espresso/outputs/field_0.001/PBE-d3/bottom/data/ldos.pp.dat157

     Writing data to be plotted to file /home/ubuntu/projects/Graphene-Band-Structure-Quantum-Espresso/outputs/field_0.001/PBE-d3/bottom/data/ldos.pp.dat157.xsf
     Plot Type: 3D                     Output format: XCrySDen     
     Reading data from file  /home/ubuntu/projects/Graphene-Band-Structure-Quantum-Espresso/outputs/field_0.001/PBE-d3/bottom/data/ldos.pp.dat158

     Writing data to be plotted to file /home/ubuntu/projects/Graphene-Band-Structure-Quantum-Espresso/outputs/field_0.001/PBE-d3/bottom/data/ldos.pp.dat158.xsf
     Plot Type: 3D                     Output format: XCrySDen     
     Reading data from file  /home/ubuntu/projects/Graphene-Band-Structure-Quantum-Espresso/outputs/field_0.001/PBE-d3/bottom/data/ldos.pp.dat159

     Writing data to be plotted to file /home/ubuntu/projects/Graphene-Band-Structure-Quantum-Espresso/outputs/field_0.001/PBE-d3/bottom/data/ldos.pp.dat159.xsf
     Plot Type: 3D                     Output format: XCrySDen     
     Reading data from file  /home/ubuntu/projects/Graphene-Band-Structure-Quantum-Espresso/outputs/field_0.001/PBE-d3/bottom/data/ldos.pp.dat160

     Writing data to be plotted to file /home/ubuntu/projects/Graphene-Band-Structure-Quantum-Espresso/outputs/field_0.001/PBE-d3/bottom/data/ldos.pp.dat160.xsf
     Plot Type: 3D                     Output format: XCrySDen     
     Reading data from file  /home/ubuntu/projects/Graphene-Band-Structure-Quantum-Espresso/outputs/field_0.001/PBE-d3/bottom/data/ldos.pp.dat161

     Writing data to be plotted to file /home/ubuntu/projects/Graphene-Band-Structure-Quantum-Espresso/outputs/field_0.001/PBE-d3/bottom/data/ldos.pp.dat161.xsf
     Plot Type: 3D                     Output format: XCrySDen     
     Reading data from file  /home/ubuntu/projects/Graphene-Band-Structure-Quantum-Espresso/outputs/field_0.001/PBE-d3/bottom/data/ldos.pp.dat162

     Writing data to be plotted to file /home/ubuntu/projects/Graphene-Band-Structure-Quantum-Espresso/outputs/field_0.001/PBE-d3/bottom/data/ldos.pp.dat162.xsf
     Plot Type: 3D                     Output format: XCrySDen     
     Reading data from file  /home/ubuntu/projects/Graphene-Band-Structure-Quantum-Espresso/outputs/field_0.001/PBE-d3/bottom/data/ldos.pp.dat163

     Writing data to be plotted to file /home/ubuntu/projects/Graphene-Band-Structure-Quantum-Espresso/outputs/field_0.001/PBE-d3/bottom/data/ldos.pp.dat163.xsf
     Plot Type: 3D                     Output format: XCrySDen     
     Reading data from file  /home/ubuntu/projects/Graphene-Band-Structure-Quantum-Espresso/outputs/field_0.001/PBE-d3/bottom/data/ldos.pp.dat164

     Writing data to be plotted to file /home/ubuntu/projects/Graphene-Band-Structure-Quantum-Espresso/outputs/field_0.001/PBE-d3/bottom/data/ldos.pp.dat164.xsf
     Plot Type: 3D                     Output format: XCrySDen     
     Reading data from file  /home/ubuntu/projects/Graphene-Band-Structure-Quantum-Espresso/outputs/field_0.001/PBE-d3/bottom/data/ldos.pp.dat165

     Writing data to be plotted to file /home/ubuntu/projects/Graphene-Band-Structure-Quantum-Espresso/outputs/field_0.001/PBE-d3/bottom/data/ldos.pp.dat165.xsf
     Plot Type: 3D                     Output format: XCrySDen     
     Reading data from file  /home/ubuntu/projects/Graphene-Band-Structure-Quantum-Espresso/outputs/field_0.001/PBE-d3/bottom/data/ldos.pp.dat166

     Writing data to be plotted to file /home/ubuntu/projects/Graphene-Band-Structure-Quantum-Espresso/outputs/field_0.001/PBE-d3/bottom/data/ldos.pp.dat166.xsf
     Plot Type: 3D                     Output format: XCrySDen     
     Reading data from file  /home/ubuntu/projects/Graphene-Band-Structure-Quantum-Espresso/outputs/field_0.001/PBE-d3/bottom/data/ldos.pp.dat167

     Writing data to be plotted to file /home/ubuntu/projects/Graphene-Band-Structure-Quantum-Espresso/outputs/field_0.001/PBE-d3/bottom/data/ldos.pp.dat167.xsf
     Plot Type: 3D                     Output format: XCrySDen     
     Reading data from file  /home/ubuntu/projects/Graphene-Band-Structure-Quantum-Espresso/outputs/field_0.001/PBE-d3/bottom/data/ldos.pp.dat168

     Writing data to be plotted to file /home/ubuntu/projects/Graphene-Band-Structure-Quantum-Espresso/outputs/field_0.001/PBE-d3/bottom/data/ldos.pp.dat168.xsf
     Plot Type: 3D                     Output format: XCrySDen     
     Reading data from file  /home/ubuntu/projects/Graphene-Band-Structure-Quantum-Espresso/outputs/field_0.001/PBE-d3/bottom/data/ldos.pp.dat169

     Writing data to be plotted to file /home/ubuntu/projects/Graphene-Band-Structure-Quantum-Espresso/outputs/field_0.001/PBE-d3/bottom/data/ldos.pp.dat169.xsf
     Plot Type: 3D                     Output format: XCrySDen     
     Reading data from file  /home/ubuntu/projects/Graphene-Band-Structure-Quantum-Espresso/outputs/field_0.001/PBE-d3/bottom/data/ldos.pp.dat170

     Writing data to be plotted to file /home/ubuntu/projects/Graphene-Band-Structure-Quantum-Espresso/outputs/field_0.001/PBE-d3/bottom/data/ldos.pp.dat170.xsf
     Plot Type: 3D                     Output format: XCrySDen     
     Reading data from file  /home/ubuntu/projects/Graphene-Band-Structure-Quantum-Espresso/outputs/field_0.001/PBE-d3/bottom/data/ldos.pp.dat171

     Writing data to be plotted to file /home/ubuntu/projects/Graphene-Band-Structure-Quantum-Espresso/outputs/field_0.001/PBE-d3/bottom/data/ldos.pp.dat171.xsf
     Plot Type: 3D                     Output format: XCrySDen     
     Reading data from file  /home/ubuntu/projects/Graphene-Band-Structure-Quantum-Espresso/outputs/field_0.001/PBE-d3/bottom/data/ldos.pp.dat172

     Writing data to be plotted to file /home/ubuntu/projects/Graphene-Band-Structure-Quantum-Espresso/outputs/field_0.001/PBE-d3/bottom/data/ldos.pp.dat172.xsf
     Plot Type: 3D                     Output format: XCrySDen     
     Reading data from file  /home/ubuntu/projects/Graphene-Band-Structure-Quantum-Espresso/outputs/field_0.001/PBE-d3/bottom/data/ldos.pp.dat173

     Writing data to be plotted to file /home/ubuntu/projects/Graphene-Band-Structure-Quantum-Espresso/outputs/field_0.001/PBE-d3/bottom/data/ldos.pp.dat173.xsf
     Plot Type: 3D                     Output format: XCrySDen     
     Reading data from file  /home/ubuntu/projects/Graphene-Band-Structure-Quantum-Espresso/outputs/field_0.001/PBE-d3/bottom/data/ldos.pp.dat174

     Writing data to be plotted to file /home/ubuntu/projects/Graphene-Band-Structure-Quantum-Espresso/outputs/field_0.001/PBE-d3/bottom/data/ldos.pp.dat174.xsf
     Plot Type: 3D                     Output format: XCrySDen     
     Reading data from file  /home/ubuntu/projects/Graphene-Band-Structure-Quantum-Espresso/outputs/field_0.001/PBE-d3/bottom/data/ldos.pp.dat175

     Writing data to be plotted to file /home/ubuntu/projects/Graphene-Band-Structure-Quantum-Espresso/outputs/field_0.001/PBE-d3/bottom/data/ldos.pp.dat175.xsf
     Plot Type: 3D                     Output format: XCrySDen     
     Reading data from file  /home/ubuntu/projects/Graphene-Band-Structure-Quantum-Espresso/outputs/field_0.001/PBE-d3/bottom/data/ldos.pp.dat176

     Writing data to be plotted to file /home/ubuntu/projects/Graphene-Band-Structure-Quantum-Espresso/outputs/field_0.001/PBE-d3/bottom/data/ldos.pp.dat176.xsf
     Plot Type: 3D                     Output format: XCrySDen     
     Reading data from file  /home/ubuntu/projects/Graphene-Band-Structure-Quantum-Espresso/outputs/field_0.001/PBE-d3/bottom/data/ldos.pp.dat177

     Writing data to be plotted to file /home/ubuntu/projects/Graphene-Band-Structure-Quantum-Espresso/outputs/field_0.001/PBE-d3/bottom/data/ldos.pp.dat177.xsf
     Plot Type: 3D                     Output format: XCrySDen     
     Reading data from file  /home/ubuntu/projects/Graphene-Band-Structure-Quantum-Espresso/outputs/field_0.001/PBE-d3/bottom/data/ldos.pp.dat178

     Writing data to be plotted to file /home/ubuntu/projects/Graphene-Band-Structure-Quantum-Espresso/outputs/field_0.001/PBE-d3/bottom/data/ldos.pp.dat178.xsf
     Plot Type: 3D                     Output format: XCrySDen     
     Reading data from file  /home/ubuntu/projects/Graphene-Band-Structure-Quantum-Espresso/outputs/field_0.001/PBE-d3/bottom/data/ldos.pp.dat179

     Writing data to be plotted to file /home/ubuntu/projects/Graphene-Band-Structure-Quantum-Espresso/outputs/field_0.001/PBE-d3/bottom/data/ldos.pp.dat179.xsf
     Plot Type: 3D                     Output format: XCrySDen     
     Reading data from file  /home/ubuntu/projects/Graphene-Band-Structure-Quantum-Espresso/outputs/field_0.001/PBE-d3/bottom/data/ldos.pp.dat180

     Writing data to be plotted to file /home/ubuntu/projects/Graphene-Band-Structure-Quantum-Espresso/outputs/field_0.001/PBE-d3/bottom/data/ldos.pp.dat180.xsf
     Plot Type: 3D                     Output format: XCrySDen     
     Reading data from file  /home/ubuntu/projects/Graphene-Band-Structure-Quantum-Espresso/outputs/field_0.001/PBE-d3/bottom/data/ldos.pp.dat181

     Writing data to be plotted to file /home/ubuntu/projects/Graphene-Band-Structure-Quantum-Espresso/outputs/field_0.001/PBE-d3/bottom/data/ldos.pp.dat181.xsf
     Plot Type: 3D                     Output format: XCrySDen     
     Reading data from file  /home/ubuntu/projects/Graphene-Band-Structure-Quantum-Espresso/outputs/field_0.001/PBE-d3/bottom/data/ldos.pp.dat182

     Writing data to be plotted to file /home/ubuntu/projects/Graphene-Band-Structure-Quantum-Espresso/outputs/field_0.001/PBE-d3/bottom/data/ldos.pp.dat182.xsf
     Plot Type: 3D                     Output format: XCrySDen     
     Reading data from file  /home/ubuntu/projects/Graphene-Band-Structure-Quantum-Espresso/outputs/field_0.001/PBE-d3/bottom/data/ldos.pp.dat183

     Writing data to be plotted to file /home/ubuntu/projects/Graphene-Band-Structure-Quantum-Espresso/outputs/field_0.001/PBE-d3/bottom/data/ldos.pp.dat183.xsf
     Plot Type: 3D                     Output format: XCrySDen     
     Reading data from file  /home/ubuntu/projects/Graphene-Band-Structure-Quantum-Espresso/outputs/field_0.001/PBE-d3/bottom/data/ldos.pp.dat184

     Writing data to be plotted to file /home/ubuntu/projects/Graphene-Band-Structure-Quantum-Espresso/outputs/field_0.001/PBE-d3/bottom/data/ldos.pp.dat184.xsf
     Plot Type: 3D                     Output format: XCrySDen     
     Reading data from file  /home/ubuntu/projects/Graphene-Band-Structure-Quantum-Espresso/outputs/field_0.001/PBE-d3/bottom/data/ldos.pp.dat185

     Writing data to be plotted to file /home/ubuntu/projects/Graphene-Band-Structure-Quantum-Espresso/outputs/field_0.001/PBE-d3/bottom/data/ldos.pp.dat185.xsf
     Plot Type: 3D                     Output format: XCrySDen     
     Reading data from file  /home/ubuntu/projects/Graphene-Band-Structure-Quantum-Espresso/outputs/field_0.001/PBE-d3/bottom/data/ldos.pp.dat186

     Writing data to be plotted to file /home/ubuntu/projects/Graphene-Band-Structure-Quantum-Espresso/outputs/field_0.001/PBE-d3/bottom/data/ldos.pp.dat186.xsf
     Plot Type: 3D                     Output format: XCrySDen     
     Reading data from file  /home/ubuntu/projects/Graphene-Band-Structure-Quantum-Espresso/outputs/field_0.001/PBE-d3/bottom/data/ldos.pp.dat187

     Writing data to be plotted to file /home/ubuntu/projects/Graphene-Band-Structure-Quantum-Espresso/outputs/field_0.001/PBE-d3/bottom/data/ldos.pp.dat187.xsf
     Plot Type: 3D                     Output format: XCrySDen     
     Reading data from file  /home/ubuntu/projects/Graphene-Band-Structure-Quantum-Espresso/outputs/field_0.001/PBE-d3/bottom/data/ldos.pp.dat188

     Writing data to be plotted to file /home/ubuntu/projects/Graphene-Band-Structure-Quantum-Espresso/outputs/field_0.001/PBE-d3/bottom/data/ldos.pp.dat188.xsf
     Plot Type: 3D                     Output format: XCrySDen     
     Reading data from file  /home/ubuntu/projects/Graphene-Band-Structure-Quantum-Espresso/outputs/field_0.001/PBE-d3/bottom/data/ldos.pp.dat189

     Writing data to be plotted to file /home/ubuntu/projects/Graphene-Band-Structure-Quantum-Espresso/outputs/field_0.001/PBE-d3/bottom/data/ldos.pp.dat189.xsf
     Plot Type: 3D                     Output format: XCrySDen     
     Reading data from file  /home/ubuntu/projects/Graphene-Band-Structure-Quantum-Espresso/outputs/field_0.001/PBE-d3/bottom/data/ldos.pp.dat190

     Writing data to be plotted to file /home/ubuntu/projects/Graphene-Band-Structure-Quantum-Espresso/outputs/field_0.001/PBE-d3/bottom/data/ldos.pp.dat190.xsf
     Plot Type: 3D                     Output format: XCrySDen     
     Reading data from file  /home/ubuntu/projects/Graphene-Band-Structure-Quantum-Espresso/outputs/field_0.001/PBE-d3/bottom/data/ldos.pp.dat191

     Writing data to be plotted to file /home/ubuntu/projects/Graphene-Band-Structure-Quantum-Espresso/outputs/field_0.001/PBE-d3/bottom/data/ldos.pp.dat191.xsf
     Plot Type: 3D                     Output format: XCrySDen     
     Reading data from file  /home/ubuntu/projects/Graphene-Band-Structure-Quantum-Espresso/outputs/field_0.001/PBE-d3/bottom/data/ldos.pp.dat192

     Writing data to be plotted to file /home/ubuntu/projects/Graphene-Band-Structure-Quantum-Espresso/outputs/field_0.001/PBE-d3/bottom/data/ldos.pp.dat192.xsf
     Plot Type: 3D                     Output format: XCrySDen     
     Reading data from file  /home/ubuntu/projects/Graphene-Band-Structure-Quantum-Espresso/outputs/field_0.001/PBE-d3/bottom/data/ldos.pp.dat193

     Writing data to be plotted to file /home/ubuntu/projects/Graphene-Band-Structure-Quantum-Espresso/outputs/field_0.001/PBE-d3/bottom/data/ldos.pp.dat193.xsf
     Plot Type: 3D                     Output format: XCrySDen     
     Reading data from file  /home/ubuntu/projects/Graphene-Band-Structure-Quantum-Espresso/outputs/field_0.001/PBE-d3/bottom/data/ldos.pp.dat194

     Writing data to be plotted to file /home/ubuntu/projects/Graphene-Band-Structure-Quantum-Espresso/outputs/field_0.001/PBE-d3/bottom/data/ldos.pp.dat194.xsf
     Plot Type: 3D                     Output format: XCrySDen     
     Reading data from file  /home/ubuntu/projects/Graphene-Band-Structure-Quantum-Espresso/outputs/field_0.001/PBE-d3/bottom/data/ldos.pp.dat195

     Writing data to be plotted to file /home/ubuntu/projects/Graphene-Band-Structure-Quantum-Espresso/outputs/field_0.001/PBE-d3/bottom/data/ldos.pp.dat195.xsf
     Plot Type: 3D                     Output format: XCrySDen     
     Reading data from file  /home/ubuntu/projects/Graphene-Band-Structure-Quantum-Espresso/outputs/field_0.001/PBE-d3/bottom/data/ldos.pp.dat196

     Writing data to be plotted to file /home/ubuntu/projects/Graphene-Band-Structure-Quantum-Espresso/outputs/field_0.001/PBE-d3/bottom/data/ldos.pp.dat196.xsf
     Plot Type: 3D                     Output format: XCrySDen     
     Reading data from file  /home/ubuntu/projects/Graphene-Band-Structure-Quantum-Espresso/outputs/field_0.001/PBE-d3/bottom/data/ldos.pp.dat197

     Writing data to be plotted to file /home/ubuntu/projects/Graphene-Band-Structure-Quantum-Espresso/outputs/field_0.001/PBE-d3/bottom/data/ldos.pp.dat197.xsf
     Plot Type: 3D                     Output format: XCrySDen     
     Reading data from file  /home/ubuntu/projects/Graphene-Band-Structure-Quantum-Espresso/outputs/field_0.001/PBE-d3/bottom/data/ldos.pp.dat198

     Writing data to be plotted to file /home/ubuntu/projects/Graphene-Band-Structure-Quantum-Espresso/outputs/field_0.001/PBE-d3/bottom/data/ldos.pp.dat198.xsf
     Plot Type: 3D                     Output format: XCrySDen     
     Reading data from file  /home/ubuntu/projects/Graphene-Band-Structure-Quantum-Espresso/outputs/field_0.001/PBE-d3/bottom/data/ldos.pp.dat199

     Writing data to be plotted to file /home/ubuntu/projects/Graphene-Band-Structure-Quantum-Espresso/outputs/field_0.001/PBE-d3/bottom/data/ldos.pp.dat199.xsf
     Plot Type: 3D                     Output format: XCrySDen     
     Reading data from file  /home/ubuntu/projects/Graphene-Band-Structure-Quantum-Espresso/outputs/field_0.001/PBE-d3/bottom/data/ldos.pp.dat200

     Writing data to be plotted to file /home/ubuntu/projects/Graphene-Band-Structure-Quantum-Espresso/outputs/field_0.001/PBE-d3/bottom/data/ldos.pp.dat200.xsf
     Plot Type: 3D                     Output format: XCrySDen     
     Reading data from file  /home/ubuntu/projects/Graphene-Band-Structure-Quantum-Espresso/outputs/field_0.001/PBE-d3/bottom/data/ldos.pp.dat201

     Writing data to be plotted to file /home/ubuntu/projects/Graphene-Band-Structure-Quantum-Espresso/outputs/field_0.001/PBE-d3/bottom/data/ldos.pp.dat201.xsf
     Plot Type: 3D                     Output format: XCrySDen     
     Reading data from file  /home/ubuntu/projects/Graphene-Band-Structure-Quantum-Espresso/outputs/field_0.001/PBE-d3/bottom/data/ldos.pp.dat202

     Writing data to be plotted to file /home/ubuntu/projects/Graphene-Band-Structure-Quantum-Espresso/outputs/field_0.001/PBE-d3/bottom/data/ldos.pp.dat202.xsf
     Plot Type: 3D                     Output format: XCrySDen     
     Reading data from file  /home/ubuntu/projects/Graphene-Band-Structure-Quantum-Espresso/outputs/field_0.001/PBE-d3/bottom/data/ldos.pp.dat203

     Writing data to be plotted to file /home/ubuntu/projects/Graphene-Band-Structure-Quantum-Espresso/outputs/field_0.001/PBE-d3/bottom/data/ldos.pp.dat203.xsf
     Plot Type: 3D                     Output format: XCrySDen     
     Reading data from file  /home/ubuntu/projects/Graphene-Band-Structure-Quantum-Espresso/outputs/field_0.001/PBE-d3/bottom/data/ldos.pp.dat204

     Writing data to be plotted to file /home/ubuntu/projects/Graphene-Band-Structure-Quantum-Espresso/outputs/field_0.001/PBE-d3/bottom/data/ldos.pp.dat204.xsf
     Plot Type: 3D                     Output format: XCrySDen     
     Reading data from file  /home/ubuntu/projects/Graphene-Band-Structure-Quantum-Espresso/outputs/field_0.001/PBE-d3/bottom/data/ldos.pp.dat205

     Writing data to be plotted to file /home/ubuntu/projects/Graphene-Band-Structure-Quantum-Espresso/outputs/field_0.001/PBE-d3/bottom/data/ldos.pp.dat205.xsf
     Plot Type: 3D                     Output format: XCrySDen     
     Reading data from file  /home/ubuntu/projects/Graphene-Band-Structure-Quantum-Espresso/outputs/field_0.001/PBE-d3/bottom/data/ldos.pp.dat206

     Writing data to be plotted to file /home/ubuntu/projects/Graphene-Band-Structure-Quantum-Espresso/outputs/field_0.001/PBE-d3/bottom/data/ldos.pp.dat206.xsf
     Plot Type: 3D                     Output format: XCrySDen     
     Reading data from file  /home/ubuntu/projects/Graphene-Band-Structure-Quantum-Espresso/outputs/field_0.001/PBE-d3/bottom/data/ldos.pp.dat207

     Writing data to be plotted to file /home/ubuntu/projects/Graphene-Band-Structure-Quantum-Espresso/outputs/field_0.001/PBE-d3/bottom/data/ldos.pp.dat207.xsf
     Plot Type: 3D                     Output format: XCrySDen     
     Reading data from file  /home/ubuntu/projects/Graphene-Band-Structure-Quantum-Espresso/outputs/field_0.001/PBE-d3/bottom/data/ldos.pp.dat208

     Writing data to be plotted to file /home/ubuntu/projects/Graphene-Band-Structure-Quantum-Espresso/outputs/field_0.001/PBE-d3/bottom/data/ldos.pp.dat208.xsf
     Plot Type: 3D                     Output format: XCrySDen     
     Reading data from file  /home/ubuntu/projects/Graphene-Band-Structure-Quantum-Espresso/outputs/field_0.001/PBE-d3/bottom/data/ldos.pp.dat209

     Writing data to be plotted to file /home/ubuntu/projects/Graphene-Band-Structure-Quantum-Espresso/outputs/field_0.001/PBE-d3/bottom/data/ldos.pp.dat209.xsf
     Plot Type: 3D                     Output format: XCrySDen     
     Reading data from file  /home/ubuntu/projects/Graphene-Band-Structure-Quantum-Espresso/outputs/field_0.001/PBE-d3/bottom/data/ldos.pp.dat210

     Writing data to be plotted to file /home/ubuntu/projects/Graphene-Band-Structure-Quantum-Espresso/outputs/field_0.001/PBE-d3/bottom/data/ldos.pp.dat210.xsf
     Plot Type: 3D                     Output format: XCrySDen     
     Reading data from file  /home/ubuntu/projects/Graphene-Band-Structure-Quantum-Espresso/outputs/field_0.001/PBE-d3/bottom/data/ldos.pp.dat211

     Writing data to be plotted to file /home/ubuntu/projects/Graphene-Band-Structure-Quantum-Espresso/outputs/field_0.001/PBE-d3/bottom/data/ldos.pp.dat211.xsf
     Plot Type: 3D                     Output format: XCrySDen     
     Reading data from file  /home/ubuntu/projects/Graphene-Band-Structure-Quantum-Espresso/outputs/field_0.001/PBE-d3/bottom/data/ldos.pp.dat212

     Writing data to be plotted to file /home/ubuntu/projects/Graphene-Band-Structure-Quantum-Espresso/outputs/field_0.001/PBE-d3/bottom/data/ldos.pp.dat212.xsf
     Plot Type: 3D                     Output format: XCrySDen     
     Reading data from file  /home/ubuntu/projects/Graphene-Band-Structure-Quantum-Espresso/outputs/field_0.001/PBE-d3/bottom/data/ldos.pp.dat213

     Writing data to be plotted to file /home/ubuntu/projects/Graphene-Band-Structure-Quantum-Espresso/outputs/field_0.001/PBE-d3/bottom/data/ldos.pp.dat213.xsf
     Plot Type: 3D                     Output format: XCrySDen     
     Reading data from file  /home/ubuntu/projects/Graphene-Band-Structure-Quantum-Espresso/outputs/field_0.001/PBE-d3/bottom/data/ldos.pp.dat214

     Writing data to be plotted to file /home/ubuntu/projects/Graphene-Band-Structure-Quantum-Espresso/outputs/field_0.001/PBE-d3/bottom/data/ldos.pp.dat214.xsf
     Plot Type: 3D                     Output format: XCrySDen     
     Reading data from file  /home/ubuntu/projects/Graphene-Band-Structure-Quantum-Espresso/outputs/field_0.001/PBE-d3/bottom/data/ldos.pp.dat215

     Writing data to be plotted to file /home/ubuntu/projects/Graphene-Band-Structure-Quantum-Espresso/outputs/field_0.001/PBE-d3/bottom/data/ldos.pp.dat215.xsf
     Plot Type: 3D                     Output format: XCrySDen     
     Reading data from file  /home/ubuntu/projects/Graphene-Band-Structure-Quantum-Espresso/outputs/field_0.001/PBE-d3/bottom/data/ldos.pp.dat216

     Writing data to be plotted to file /home/ubuntu/projects/Graphene-Band-Structure-Quantum-Espresso/outputs/field_0.001/PBE-d3/bottom/data/ldos.pp.dat216.xsf
     Plot Type: 3D                     Output format: XCrySDen     
     Reading data from file  /home/ubuntu/projects/Graphene-Band-Structure-Quantum-Espresso/outputs/field_0.001/PBE-d3/bottom/data/ldos.pp.dat217

     Writing data to be plotted to file /home/ubuntu/projects/Graphene-Band-Structure-Quantum-Espresso/outputs/field_0.001/PBE-d3/bottom/data/ldos.pp.dat217.xsf
     Plot Type: 3D                     Output format: XCrySDen     
     Reading data from file  /home/ubuntu/projects/Graphene-Band-Structure-Quantum-Espresso/outputs/field_0.001/PBE-d3/bottom/data/ldos.pp.dat218

     Writing data to be plotted to file /home/ubuntu/projects/Graphene-Band-Structure-Quantum-Espresso/outputs/field_0.001/PBE-d3/bottom/data/ldos.pp.dat218.xsf
     Plot Type: 3D                     Output format: XCrySDen     
     Reading data from file  /home/ubuntu/projects/Graphene-Band-Structure-Quantum-Espresso/outputs/field_0.001/PBE-d3/bottom/data/ldos.pp.dat219

     Writing data to be plotted to file /home/ubuntu/projects/Graphene-Band-Structure-Quantum-Espresso/outputs/field_0.001/PBE-d3/bottom/data/ldos.pp.dat219.xsf
     Plot Type: 3D                     Output format: XCrySDen     
     Reading data from file  /home/ubuntu/projects/Graphene-Band-Structure-Quantum-Espresso/outputs/field_0.001/PBE-d3/bottom/data/ldos.pp.dat220

     Writing data to be plotted to file /home/ubuntu/projects/Graphene-Band-Structure-Quantum-Espresso/outputs/field_0.001/PBE-d3/bottom/data/ldos.pp.dat220.xsf
     Plot Type: 3D                     Output format: XCrySDen     
     Reading data from file  /home/ubuntu/projects/Graphene-Band-Structure-Quantum-Espresso/outputs/field_0.001/PBE-d3/bottom/data/ldos.pp.dat221

     Writing data to be plotted to file /home/ubuntu/projects/Graphene-Band-Structure-Quantum-Espresso/outputs/field_0.001/PBE-d3/bottom/data/ldos.pp.dat221.xsf
     Plot Type: 3D                     Output format: XCrySDen     
     Reading data from file  /home/ubuntu/projects/Graphene-Band-Structure-Quantum-Espresso/outputs/field_0.001/PBE-d3/bottom/data/ldos.pp.dat222

     Writing data to be plotted to file /home/ubuntu/projects/Graphene-Band-Structure-Quantum-Espresso/outputs/field_0.001/PBE-d3/bottom/data/ldos.pp.dat222.xsf
     Plot Type: 3D                     Output format: XCrySDen     
     Reading data from file  /home/ubuntu/projects/Graphene-Band-Structure-Quantum-Espresso/outputs/field_0.001/PBE-d3/bottom/data/ldos.pp.dat223

     Writing data to be plotted to file /home/ubuntu/projects/Graphene-Band-Structure-Quantum-Espresso/outputs/field_0.001/PBE-d3/bottom/data/ldos.pp.dat223.xsf
     Plot Type: 3D                     Output format: XCrySDen     
     Reading data from file  /home/ubuntu/projects/Graphene-Band-Structure-Quantum-Espresso/outputs/field_0.001/PBE-d3/bottom/data/ldos.pp.dat224

     Writing data to be plotted to file /home/ubuntu/projects/Graphene-Band-Structure-Quantum-Espresso/outputs/field_0.001/PBE-d3/bottom/data/ldos.pp.dat224.xsf
     Plot Type: 3D                     Output format: XCrySDen     
     Reading data from file  /home/ubuntu/projects/Graphene-Band-Structure-Quantum-Espresso/outputs/field_0.001/PBE-d3/bottom/data/ldos.pp.dat225

     Writing data to be plotted to file /home/ubuntu/projects/Graphene-Band-Structure-Quantum-Espresso/outputs/field_0.001/PBE-d3/bottom/data/ldos.pp.dat225.xsf
     Plot Type: 3D                     Output format: XCrySDen     
     Reading data from file  /home/ubuntu/projects/Graphene-Band-Structure-Quantum-Espresso/outputs/field_0.001/PBE-d3/bottom/data/ldos.pp.dat226

     Writing data to be plotted to file /home/ubuntu/projects/Graphene-Band-Structure-Quantum-Espresso/outputs/field_0.001/PBE-d3/bottom/data/ldos.pp.dat226.xsf
     Plot Type: 3D                     Output format: XCrySDen     
     Reading data from file  /home/ubuntu/projects/Graphene-Band-Structure-Quantum-Espresso/outputs/field_0.001/PBE-d3/bottom/data/ldos.pp.dat227

     Writing data to be plotted to file /home/ubuntu/projects/Graphene-Band-Structure-Quantum-Espresso/outputs/field_0.001/PBE-d3/bottom/data/ldos.pp.dat227.xsf
     Plot Type: 3D                     Output format: XCrySDen     
     Reading data from file  /home/ubuntu/projects/Graphene-Band-Structure-Quantum-Espresso/outputs/field_0.001/PBE-d3/bottom/data/ldos.pp.dat228

     Writing data to be plotted to file /home/ubuntu/projects/Graphene-Band-Structure-Quantum-Espresso/outputs/field_0.001/PBE-d3/bottom/data/ldos.pp.dat228.xsf
     Plot Type: 3D                     Output format: XCrySDen     
     Reading data from file  /home/ubuntu/projects/Graphene-Band-Structure-Quantum-Espresso/outputs/field_0.001/PBE-d3/bottom/data/ldos.pp.dat229

     Writing data to be plotted to file /home/ubuntu/projects/Graphene-Band-Structure-Quantum-Espresso/outputs/field_0.001/PBE-d3/bottom/data/ldos.pp.dat229.xsf
     Plot Type: 3D                     Output format: XCrySDen     
     Reading data from file  /home/ubuntu/projects/Graphene-Band-Structure-Quantum-Espresso/outputs/field_0.001/PBE-d3/bottom/data/ldos.pp.dat230

     Writing data to be plotted to file /home/ubuntu/projects/Graphene-Band-Structure-Quantum-Espresso/outputs/field_0.001/PBE-d3/bottom/data/ldos.pp.dat230.xsf
     Plot Type: 3D                     Output format: XCrySDen     
     Reading data from file  /home/ubuntu/projects/Graphene-Band-Structure-Quantum-Espresso/outputs/field_0.001/PBE-d3/bottom/data/ldos.pp.dat231

     Writing data to be plotted to file /home/ubuntu/projects/Graphene-Band-Structure-Quantum-Espresso/outputs/field_0.001/PBE-d3/bottom/data/ldos.pp.dat231.xsf
     Plot Type: 3D                     Output format: XCrySDen     
     Reading data from file  /home/ubuntu/projects/Graphene-Band-Structure-Quantum-Espresso/outputs/field_0.001/PBE-d3/bottom/data/ldos.pp.dat232

     Writing data to be plotted to file /home/ubuntu/projects/Graphene-Band-Structure-Quantum-Espresso/outputs/field_0.001/PBE-d3/bottom/data/ldos.pp.dat232.xsf
     Plot Type: 3D                     Output format: XCrySDen     
     Reading data from file  /home/ubuntu/projects/Graphene-Band-Structure-Quantum-Espresso/outputs/field_0.001/PBE-d3/bottom/data/ldos.pp.dat233

     Writing data to be plotted to file /home/ubuntu/projects/Graphene-Band-Structure-Quantum-Espresso/outputs/field_0.001/PBE-d3/bottom/data/ldos.pp.dat233.xsf
     Plot Type: 3D                     Output format: XCrySDen     
     Reading data from file  /home/ubuntu/projects/Graphene-Band-Structure-Quantum-Espresso/outputs/field_0.001/PBE-d3/bottom/data/ldos.pp.dat234

     Writing data to be plotted to file /home/ubuntu/projects/Graphene-Band-Structure-Quantum-Espresso/outputs/field_0.001/PBE-d3/bottom/data/ldos.pp.dat234.xsf
     Plot Type: 3D                     Output format: XCrySDen     
     Reading data from file  /home/ubuntu/projects/Graphene-Band-Structure-Quantum-Espresso/outputs/field_0.001/PBE-d3/bottom/data/ldos.pp.dat235

     Writing data to be plotted to file /home/ubuntu/projects/Graphene-Band-Structure-Quantum-Espresso/outputs/field_0.001/PBE-d3/bottom/data/ldos.pp.dat235.xsf
     Plot Type: 3D                     Output format: XCrySDen     
     Reading data from file  /home/ubuntu/projects/Graphene-Band-Structure-Quantum-Espresso/outputs/field_0.001/PBE-d3/bottom/data/ldos.pp.dat236

     Writing data to be plotted to file /home/ubuntu/projects/Graphene-Band-Structure-Quantum-Espresso/outputs/field_0.001/PBE-d3/bottom/data/ldos.pp.dat236.xsf
     Plot Type: 3D                     Output format: XCrySDen     
     Reading data from file  /home/ubuntu/projects/Graphene-Band-Structure-Quantum-Espresso/outputs/field_0.001/PBE-d3/bottom/data/ldos.pp.dat237

     Writing data to be plotted to file /home/ubuntu/projects/Graphene-Band-Structure-Quantum-Espresso/outputs/field_0.001/PBE-d3/bottom/data/ldos.pp.dat237.xsf
     Plot Type: 3D                     Output format: XCrySDen     
     Reading data from file  /home/ubuntu/projects/Graphene-Band-Structure-Quantum-Espresso/outputs/field_0.001/PBE-d3/bottom/data/ldos.pp.dat238

     Writing data to be plotted to file /home/ubuntu/projects/Graphene-Band-Structure-Quantum-Espresso/outputs/field_0.001/PBE-d3/bottom/data/ldos.pp.dat238.xsf
     Plot Type: 3D                     Output format: XCrySDen     
     Reading data from file  /home/ubuntu/projects/Graphene-Band-Structure-Quantum-Espresso/outputs/field_0.001/PBE-d3/bottom/data/ldos.pp.dat239

     Writing data to be plotted to file /home/ubuntu/projects/Graphene-Band-Structure-Quantum-Espresso/outputs/field_0.001/PBE-d3/bottom/data/ldos.pp.dat239.xsf
     Plot Type: 3D                     Output format: XCrySDen     
     Reading data from file  /home/ubuntu/projects/Graphene-Band-Structure-Quantum-Espresso/outputs/field_0.001/PBE-d3/bottom/data/ldos.pp.dat240

     Writing data to be plotted to file /home/ubuntu/projects/Graphene-Band-Structure-Quantum-Espresso/outputs/field_0.001/PBE-d3/bottom/data/ldos.pp.dat240.xsf
     Plot Type: 3D                     Output format: XCrySDen     
     Reading data from file  /home/ubuntu/projects/Graphene-Band-Structure-Quantum-Espresso/outputs/field_0.001/PBE-d3/bottom/data/ldos.pp.dat241

     Writing data to be plotted to file /home/ubuntu/projects/Graphene-Band-Structure-Quantum-Espresso/outputs/field_0.001/PBE-d3/bottom/data/ldos.pp.dat241.xsf
     Plot Type: 3D                     Output format: XCrySDen     
     Reading data from file  /home/ubuntu/projects/Graphene-Band-Structure-Quantum-Espresso/outputs/field_0.001/PBE-d3/bottom/data/ldos.pp.dat242

     Writing data to be plotted to file /home/ubuntu/projects/Graphene-Band-Structure-Quantum-Espresso/outputs/field_0.001/PBE-d3/bottom/data/ldos.pp.dat242.xsf
     Plot Type: 3D                     Output format: XCrySDen     
     Reading data from file  /home/ubuntu/projects/Graphene-Band-Structure-Quantum-Espresso/outputs/field_0.001/PBE-d3/bottom/data/ldos.pp.dat243

     Writing data to be plotted to file /home/ubuntu/projects/Graphene-Band-Structure-Quantum-Espresso/outputs/field_0.001/PBE-d3/bottom/data/ldos.pp.dat243.xsf
     Plot Type: 3D                     Output format: XCrySDen     
     Reading data from file  /home/ubuntu/projects/Graphene-Band-Structure-Quantum-Espresso/outputs/field_0.001/PBE-d3/bottom/data/ldos.pp.dat244

     Writing data to be plotted to file /home/ubuntu/projects/Graphene-Band-Structure-Quantum-Espresso/outputs/field_0.001/PBE-d3/bottom/data/ldos.pp.dat244.xsf
     Plot Type: 3D                     Output format: XCrySDen     
     Reading data from file  /home/ubuntu/projects/Graphene-Band-Structure-Quantum-Espresso/outputs/field_0.001/PBE-d3/bottom/data/ldos.pp.dat245

     Writing data to be plotted to file /home/ubuntu/projects/Graphene-Band-Structure-Quantum-Espresso/outputs/field_0.001/PBE-d3/bottom/data/ldos.pp.dat245.xsf
     Plot Type: 3D                     Output format: XCrySDen     
     Reading data from file  /home/ubuntu/projects/Graphene-Band-Structure-Quantum-Espresso/outputs/field_0.001/PBE-d3/bottom/data/ldos.pp.dat246

     Writing data to be plotted to file /home/ubuntu/projects/Graphene-Band-Structure-Quantum-Espresso/outputs/field_0.001/PBE-d3/bottom/data/ldos.pp.dat246.xsf
     Plot Type: 3D                     Output format: XCrySDen     
     Reading data from file  /home/ubuntu/projects/Graphene-Band-Structure-Quantum-Espresso/outputs/field_0.001/PBE-d3/bottom/data/ldos.pp.dat247

     Writing data to be plotted to file /home/ubuntu/projects/Graphene-Band-Structure-Quantum-Espresso/outputs/field_0.001/PBE-d3/bottom/data/ldos.pp.dat247.xsf
     Plot Type: 3D                     Output format: XCrySDen     
     Reading data from file  /home/ubuntu/projects/Graphene-Band-Structure-Quantum-Espresso/outputs/field_0.001/PBE-d3/bottom/data/ldos.pp.dat248

     Writing data to be plotted to file /home/ubuntu/projects/Graphene-Band-Structure-Quantum-Espresso/outputs/field_0.001/PBE-d3/bottom/data/ldos.pp.dat248.xsf
     Plot Type: 3D                     Output format: XCrySDen     
     Reading data from file  /home/ubuntu/projects/Graphene-Band-Structure-Quantum-Espresso/outputs/field_0.001/PBE-d3/bottom/data/ldos.pp.dat249

     Writing data to be plotted to file /home/ubuntu/projects/Graphene-Band-Structure-Quantum-Espresso/outputs/field_0.001/PBE-d3/bottom/data/ldos.pp.dat249.xsf
     Plot Type: 3D                     Output format: XCrySDen     
     Reading data from file  /home/ubuntu/projects/Graphene-Band-Structure-Quantum-Espresso/outputs/field_0.001/PBE-d3/bottom/data/ldos.pp.dat250

     Writing data to be plotted to file /home/ubuntu/projects/Graphene-Band-Structure-Quantum-Espresso/outputs/field_0.001/PBE-d3/bottom/data/ldos.pp.dat250.xsf
     Plot Type: 3D                     Output format: XCrySDen     
     Reading data from file  /home/ubuntu/projects/Graphene-Band-Structure-Quantum-Espresso/outputs/field_0.001/PBE-d3/bottom/data/ldos.pp.dat251

     Writing data to be plotted to file /home/ubuntu/projects/Graphene-Band-Structure-Quantum-Espresso/outputs/field_0.001/PBE-d3/bottom/data/ldos.pp.dat251.xsf
     Plot Type: 3D                     Output format: XCrySDen     
     Reading data from file  /home/ubuntu/projects/Graphene-Band-Structure-Quantum-Espresso/outputs/field_0.001/PBE-d3/bottom/data/ldos.pp.dat252

     Writing data to be plotted to file /home/ubuntu/projects/Graphene-Band-Structure-Quantum-Espresso/outputs/field_0.001/PBE-d3/bottom/data/ldos.pp.dat252.xsf
     Plot Type: 3D                     Output format: XCrySDen     
     Reading data from file  /home/ubuntu/projects/Graphene-Band-Structure-Quantum-Espresso/outputs/field_0.001/PBE-d3/bottom/data/ldos.pp.dat253

     Writing data to be plotted to file /home/ubuntu/projects/Graphene-Band-Structure-Quantum-Espresso/outputs/field_0.001/PBE-d3/bottom/data/ldos.pp.dat253.xsf
     Plot Type: 3D                     Output format: XCrySDen     
     Reading data from file  /home/ubuntu/projects/Graphene-Band-Structure-Quantum-Espresso/outputs/field_0.001/PBE-d3/bottom/data/ldos.pp.dat254

     Writing data to be plotted to file /home/ubuntu/projects/Graphene-Band-Structure-Quantum-Espresso/outputs/field_0.001/PBE-d3/bottom/data/ldos.pp.dat254.xsf
     Plot Type: 3D                     Output format: XCrySDen     
     Reading data from file  /home/ubuntu/projects/Graphene-Band-Structure-Quantum-Espresso/outputs/field_0.001/PBE-d3/bottom/data/ldos.pp.dat255

     Writing data to be plotted to file /home/ubuntu/projects/Graphene-Band-Structure-Quantum-Espresso/outputs/field_0.001/PBE-d3/bottom/data/ldos.pp.dat255.xsf
     Plot Type: 3D                     Output format: XCrySDen     
     Reading data from file  /home/ubuntu/projects/Graphene-Band-Structure-Quantum-Espresso/outputs/field_0.001/PBE-d3/bottom/data/ldos.pp.dat256

     Writing data to be plotted to file /home/ubuntu/projects/Graphene-Band-Structure-Quantum-Espresso/outputs/field_0.001/PBE-d3/bottom/data/ldos.pp.dat256.xsf
     Plot Type: 3D                     Output format: XCrySDen     
     Reading data from file  /home/ubuntu/projects/Graphene-Band-Structure-Quantum-Espresso/outputs/field_0.001/PBE-d3/bottom/data/ldos.pp.dat257

     Writing data to be plotted to file /home/ubuntu/projects/Graphene-Band-Structure-Quantum-Espresso/outputs/field_0.001/PBE-d3/bottom/data/ldos.pp.dat257.xsf
     Plot Type: 3D                     Output format: XCrySDen     
     Reading data from file  /home/ubuntu/projects/Graphene-Band-Structure-Quantum-Espresso/outputs/field_0.001/PBE-d3/bottom/data/ldos.pp.dat258

     Writing data to be plotted to file /home/ubuntu/projects/Graphene-Band-Structure-Quantum-Espresso/outputs/field_0.001/PBE-d3/bottom/data/ldos.pp.dat258.xsf
     Plot Type: 3D                     Output format: XCrySDen     
     Reading data from file  /home/ubuntu/projects/Graphene-Band-Structure-Quantum-Espresso/outputs/field_0.001/PBE-d3/bottom/data/ldos.pp.dat259

     Writing data to be plotted to file /home/ubuntu/projects/Graphene-Band-Structure-Quantum-Espresso/outputs/field_0.001/PBE-d3/bottom/data/ldos.pp.dat259.xsf
     Plot Type: 3D                     Output format: XCrySDen     
     Reading data from file  /home/ubuntu/projects/Graphene-Band-Structure-Quantum-Espresso/outputs/field_0.001/PBE-d3/bottom/data/ldos.pp.dat260

     Writing data to be plotted to file /home/ubuntu/projects/Graphene-Band-Structure-Quantum-Espresso/outputs/field_0.001/PBE-d3/bottom/data/ldos.pp.dat260.xsf
     Plot Type: 3D                     Output format: XCrySDen     
     Reading data from file  /home/ubuntu/projects/Graphene-Band-Structure-Quantum-Espresso/outputs/field_0.001/PBE-d3/bottom/data/ldos.pp.dat261

     Writing data to be plotted to file /home/ubuntu/projects/Graphene-Band-Structure-Quantum-Espresso/outputs/field_0.001/PBE-d3/bottom/data/ldos.pp.dat261.xsf
     Plot Type: 3D                     Output format: XCrySDen     
     Reading data from file  /home/ubuntu/projects/Graphene-Band-Structure-Quantum-Espresso/outputs/field_0.001/PBE-d3/bottom/data/ldos.pp.dat262

     Writing data to be plotted to file /home/ubuntu/projects/Graphene-Band-Structure-Quantum-Espresso/outputs/field_0.001/PBE-d3/bottom/data/ldos.pp.dat262.xsf
     Plot Type: 3D                     Output format: XCrySDen     
     Reading data from file  /home/ubuntu/projects/Graphene-Band-Structure-Quantum-Espresso/outputs/field_0.001/PBE-d3/bottom/data/ldos.pp.dat263

     Writing data to be plotted to file /home/ubuntu/projects/Graphene-Band-Structure-Quantum-Espresso/outputs/field_0.001/PBE-d3/bottom/data/ldos.pp.dat263.xsf
     Plot Type: 3D                     Output format: XCrySDen     
     Reading data from file  /home/ubuntu/projects/Graphene-Band-Structure-Quantum-Espresso/outputs/field_0.001/PBE-d3/bottom/data/ldos.pp.dat264

     Writing data to be plotted to file /home/ubuntu/projects/Graphene-Band-Structure-Quantum-Espresso/outputs/field_0.001/PBE-d3/bottom/data/ldos.pp.dat264.xsf
     Plot Type: 3D                     Output format: XCrySDen     
     Reading data from file  /home/ubuntu/projects/Graphene-Band-Structure-Quantum-Espresso/outputs/field_0.001/PBE-d3/bottom/data/ldos.pp.dat265

     Writing data to be plotted to file /home/ubuntu/projects/Graphene-Band-Structure-Quantum-Espresso/outputs/field_0.001/PBE-d3/bottom/data/ldos.pp.dat265.xsf
     Plot Type: 3D                     Output format: XCrySDen     
     Reading data from file  /home/ubuntu/projects/Graphene-Band-Structure-Quantum-Espresso/outputs/field_0.001/PBE-d3/bottom/data/ldos.pp.dat266

     Writing data to be plotted to file /home/ubuntu/projects/Graphene-Band-Structure-Quantum-Espresso/outputs/field_0.001/PBE-d3/bottom/data/ldos.pp.dat266.xsf
     Plot Type: 3D                     Output format: XCrySDen     
     Reading data from file  /home/ubuntu/projects/Graphene-Band-Structure-Quantum-Espresso/outputs/field_0.001/PBE-d3/bottom/data/ldos.pp.dat267

     Writing data to be plotted to file /home/ubuntu/projects/Graphene-Band-Structure-Quantum-Espresso/outputs/field_0.001/PBE-d3/bottom/data/ldos.pp.dat267.xsf
     Plot Type: 3D                     Output format: XCrySDen     
     Reading data from file  /home/ubuntu/projects/Graphene-Band-Structure-Quantum-Espresso/outputs/field_0.001/PBE-d3/bottom/data/ldos.pp.dat268

     Writing data to be plotted to file /home/ubuntu/projects/Graphene-Band-Structure-Quantum-Espresso/outputs/field_0.001/PBE-d3/bottom/data/ldos.pp.dat268.xsf
     Plot Type: 3D                     Output format: XCrySDen     
     Reading data from file  /home/ubuntu/projects/Graphene-Band-Structure-Quantum-Espresso/outputs/field_0.001/PBE-d3/bottom/data/ldos.pp.dat269

     Writing data to be plotted to file /home/ubuntu/projects/Graphene-Band-Structure-Quantum-Espresso/outputs/field_0.001/PBE-d3/bottom/data/ldos.pp.dat269.xsf
     Plot Type: 3D                     Output format: XCrySDen     
     Reading data from file  /home/ubuntu/projects/Graphene-Band-Structure-Quantum-Espresso/outputs/field_0.001/PBE-d3/bottom/data/ldos.pp.dat270

     Writing data to be plotted to file /home/ubuntu/projects/Graphene-Band-Structure-Quantum-Espresso/outputs/field_0.001/PBE-d3/bottom/data/ldos.pp.dat270.xsf
     Plot Type: 3D                     Output format: XCrySDen     
     Reading data from file  /home/ubuntu/projects/Graphene-Band-Structure-Quantum-Espresso/outputs/field_0.001/PBE-d3/bottom/data/ldos.pp.dat271

     Writing data to be plotted to file /home/ubuntu/projects/Graphene-Band-Structure-Quantum-Espresso/outputs/field_0.001/PBE-d3/bottom/data/ldos.pp.dat271.xsf
     Plot Type: 3D                     Output format: XCrySDen     
     Reading data from file  /home/ubuntu/projects/Graphene-Band-Structure-Quantum-Espresso/outputs/field_0.001/PBE-d3/bottom/data/ldos.pp.dat272

     Writing data to be plotted to file /home/ubuntu/projects/Graphene-Band-Structure-Quantum-Espresso/outputs/field_0.001/PBE-d3/bottom/data/ldos.pp.dat272.xsf
     Plot Type: 3D                     Output format: XCrySDen     
     Reading data from file  /home/ubuntu/projects/Graphene-Band-Structure-Quantum-Espresso/outputs/field_0.001/PBE-d3/bottom/data/ldos.pp.dat273

     Writing data to be plotted to file /home/ubuntu/projects/Graphene-Band-Structure-Quantum-Espresso/outputs/field_0.001/PBE-d3/bottom/data/ldos.pp.dat273.xsf
     Plot Type: 3D                     Output format: XCrySDen     
     Reading data from file  /home/ubuntu/projects/Graphene-Band-Structure-Quantum-Espresso/outputs/field_0.001/PBE-d3/bottom/data/ldos.pp.dat274

     Writing data to be plotted to file /home/ubuntu/projects/Graphene-Band-Structure-Quantum-Espresso/outputs/field_0.001/PBE-d3/bottom/data/ldos.pp.dat274.xsf
     Plot Type: 3D                     Output format: XCrySDen     
     Reading data from file  /home/ubuntu/projects/Graphene-Band-Structure-Quantum-Espresso/outputs/field_0.001/PBE-d3/bottom/data/ldos.pp.dat275

     Writing data to be plotted to file /home/ubuntu/projects/Graphene-Band-Structure-Quantum-Espresso/outputs/field_0.001/PBE-d3/bottom/data/ldos.pp.dat275.xsf
     Plot Type: 3D                     Output format: XCrySDen     
     Reading data from file  /home/ubuntu/projects/Graphene-Band-Structure-Quantum-Espresso/outputs/field_0.001/PBE-d3/bottom/data/ldos.pp.dat276

     Writing data to be plotted to file /home/ubuntu/projects/Graphene-Band-Structure-Quantum-Espresso/outputs/field_0.001/PBE-d3/bottom/data/ldos.pp.dat276.xsf
     Plot Type: 3D                     Output format: XCrySDen     
     Reading data from file  /home/ubuntu/projects/Graphene-Band-Structure-Quantum-Espresso/outputs/field_0.001/PBE-d3/bottom/data/ldos.pp.dat277

     Writing data to be plotted to file /home/ubuntu/projects/Graphene-Band-Structure-Quantum-Espresso/outputs/field_0.001/PBE-d3/bottom/data/ldos.pp.dat277.xsf
     Plot Type: 3D                     Output format: XCrySDen     
     Reading data from file  /home/ubuntu/projects/Graphene-Band-Structure-Quantum-Espresso/outputs/field_0.001/PBE-d3/bottom/data/ldos.pp.dat278

     Writing data to be plotted to file /home/ubuntu/projects/Graphene-Band-Structure-Quantum-Espresso/outputs/field_0.001/PBE-d3/bottom/data/ldos.pp.dat278.xsf
     Plot Type: 3D                     Output format: XCrySDen     
     Reading data from file  /home/ubuntu/projects/Graphene-Band-Structure-Quantum-Espresso/outputs/field_0.001/PBE-d3/bottom/data/ldos.pp.dat279

     Writing data to be plotted to file /home/ubuntu/projects/Graphene-Band-Structure-Quantum-Espresso/outputs/field_0.001/PBE-d3/bottom/data/ldos.pp.dat279.xsf
     Plot Type: 3D                     Output format: XCrySDen     
     Reading data from file  /home/ubuntu/projects/Graphene-Band-Structure-Quantum-Espresso/outputs/field_0.001/PBE-d3/bottom/data/ldos.pp.dat280

     Writing data to be plotted to file /home/ubuntu/projects/Graphene-Band-Structure-Quantum-Espresso/outputs/field_0.001/PBE-d3/bottom/data/ldos.pp.dat280.xsf
     Plot Type: 3D                     Output format: XCrySDen     
     Reading data from file  /home/ubuntu/projects/Graphene-Band-Structure-Quantum-Espresso/outputs/field_0.001/PBE-d3/bottom/data/ldos.pp.dat281

     Writing data to be plotted to file /home/ubuntu/projects/Graphene-Band-Structure-Quantum-Espresso/outputs/field_0.001/PBE-d3/bottom/data/ldos.pp.dat281.xsf
     Plot Type: 3D                     Output format: XCrySDen     
     Reading data from file  /home/ubuntu/projects/Graphene-Band-Structure-Quantum-Espresso/outputs/field_0.001/PBE-d3/bottom/data/ldos.pp.dat282

     Writing data to be plotted to file /home/ubuntu/projects/Graphene-Band-Structure-Quantum-Espresso/outputs/field_0.001/PBE-d3/bottom/data/ldos.pp.dat282.xsf
     Plot Type: 3D                     Output format: XCrySDen     
     Reading data from file  /home/ubuntu/projects/Graphene-Band-Structure-Quantum-Espresso/outputs/field_0.001/PBE-d3/bottom/data/ldos.pp.dat283

     Writing data to be plotted to file /home/ubuntu/projects/Graphene-Band-Structure-Quantum-Espresso/outputs/field_0.001/PBE-d3/bottom/data/ldos.pp.dat283.xsf
     Plot Type: 3D                     Output format: XCrySDen     
     Reading data from file  /home/ubuntu/projects/Graphene-Band-Structure-Quantum-Espresso/outputs/field_0.001/PBE-d3/bottom/data/ldos.pp.dat284

     Writing data to be plotted to file /home/ubuntu/projects/Graphene-Band-Structure-Quantum-Espresso/outputs/field_0.001/PBE-d3/bottom/data/ldos.pp.dat284.xsf
     Plot Type: 3D                     Output format: XCrySDen     
     Reading data from file  /home/ubuntu/projects/Graphene-Band-Structure-Quantum-Espresso/outputs/field_0.001/PBE-d3/bottom/data/ldos.pp.dat285

     Writing data to be plotted to file /home/ubuntu/projects/Graphene-Band-Structure-Quantum-Espresso/outputs/field_0.001/PBE-d3/bottom/data/ldos.pp.dat285.xsf
     Plot Type: 3D                     Output format: XCrySDen     
     Reading data from file  /home/ubuntu/projects/Graphene-Band-Structure-Quantum-Espresso/outputs/field_0.001/PBE-d3/bottom/data/ldos.pp.dat286

     Writing data to be plotted to file /home/ubuntu/projects/Graphene-Band-Structure-Quantum-Espresso/outputs/field_0.001/PBE-d3/bottom/data/ldos.pp.dat286.xsf
     Plot Type: 3D                     Output format: XCrySDen     
     Reading data from file  /home/ubuntu/projects/Graphene-Band-Structure-Quantum-Espresso/outputs/field_0.001/PBE-d3/bottom/data/ldos.pp.dat287

     Writing data to be plotted to file /home/ubuntu/projects/Graphene-Band-Structure-Quantum-Espresso/outputs/field_0.001/PBE-d3/bottom/data/ldos.pp.dat287.xsf
     Plot Type: 3D                     Output format: XCrySDen     
     Reading data from file  /home/ubuntu/projects/Graphene-Band-Structure-Quantum-Espresso/outputs/field_0.001/PBE-d3/bottom/data/ldos.pp.dat288

     Writing data to be plotted to file /home/ubuntu/projects/Graphene-Band-Structure-Quantum-Espresso/outputs/field_0.001/PBE-d3/bottom/data/ldos.pp.dat288.xsf
     Plot Type: 3D                     Output format: XCrySDen     
     Reading data from file  /home/ubuntu/projects/Graphene-Band-Structure-Quantum-Espresso/outputs/field_0.001/PBE-d3/bottom/data/ldos.pp.dat289

     Writing data to be plotted to file /home/ubuntu/projects/Graphene-Band-Structure-Quantum-Espresso/outputs/field_0.001/PBE-d3/bottom/data/ldos.pp.dat289.xsf
     Plot Type: 3D                     Output format: XCrySDen     
     Reading data from file  /home/ubuntu/projects/Graphene-Band-Structure-Quantum-Espresso/outputs/field_0.001/PBE-d3/bottom/data/ldos.pp.dat290

     Writing data to be plotted to file /home/ubuntu/projects/Graphene-Band-Structure-Quantum-Espresso/outputs/field_0.001/PBE-d3/bottom/data/ldos.pp.dat290.xsf
     Plot Type: 3D                     Output format: XCrySDen     
     Reading data from file  /home/ubuntu/projects/Graphene-Band-Structure-Quantum-Espresso/outputs/field_0.001/PBE-d3/bottom/data/ldos.pp.dat291

     Writing data to be plotted to file /home/ubuntu/projects/Graphene-Band-Structure-Quantum-Espresso/outputs/field_0.001/PBE-d3/bottom/data/ldos.pp.dat291.xsf
     Plot Type: 3D                     Output format: XCrySDen     
     Reading data from file  /home/ubuntu/projects/Graphene-Band-Structure-Quantum-Espresso/outputs/field_0.001/PBE-d3/bottom/data/ldos.pp.dat292

     Writing data to be plotted to file /home/ubuntu/projects/Graphene-Band-Structure-Quantum-Espresso/outputs/field_0.001/PBE-d3/bottom/data/ldos.pp.dat292.xsf
     Plot Type: 3D                     Output format: XCrySDen     
     Reading data from file  /home/ubuntu/projects/Graphene-Band-Structure-Quantum-Espresso/outputs/field_0.001/PBE-d3/bottom/data/ldos.pp.dat293

     Writing data to be plotted to file /home/ubuntu/projects/Graphene-Band-Structure-Quantum-Espresso/outputs/field_0.001/PBE-d3/bottom/data/ldos.pp.dat293.xsf
     Plot Type: 3D                     Output format: XCrySDen     
     Reading data from file  /home/ubuntu/projects/Graphene-Band-Structure-Quantum-Espresso/outputs/field_0.001/PBE-d3/bottom/data/ldos.pp.dat294

     Writing data to be plotted to file /home/ubuntu/projects/Graphene-Band-Structure-Quantum-Espresso/outputs/field_0.001/PBE-d3/bottom/data/ldos.pp.dat294.xsf
     Plot Type: 3D                     Output format: XCrySDen     
     Reading data from file  /home/ubuntu/projects/Graphene-Band-Structure-Quantum-Espresso/outputs/field_0.001/PBE-d3/bottom/data/ldos.pp.dat295

     Writing data to be plotted to file /home/ubuntu/projects/Graphene-Band-Structure-Quantum-Espresso/outputs/field_0.001/PBE-d3/bottom/data/ldos.pp.dat295.xsf
     Plot Type: 3D                     Output format: XCrySDen     
     Reading data from file  /home/ubuntu/projects/Graphene-Band-Structure-Quantum-Espresso/outputs/field_0.001/PBE-d3/bottom/data/ldos.pp.dat296

     Writing data to be plotted to file /home/ubuntu/projects/Graphene-Band-Structure-Quantum-Espresso/outputs/field_0.001/PBE-d3/bottom/data/ldos.pp.dat296.xsf
     Plot Type: 3D                     Output format: XCrySDen     
     Reading data from file  /home/ubuntu/projects/Graphene-Band-Structure-Quantum-Espresso/outputs/field_0.001/PBE-d3/bottom/data/ldos.pp.dat297

     Writing data to be plotted to file /home/ubuntu/projects/Graphene-Band-Structure-Quantum-Espresso/outputs/field_0.001/PBE-d3/bottom/data/ldos.pp.dat297.xsf
     Plot Type: 3D                     Output format: XCrySDen     
     Reading data from file  /home/ubuntu/projects/Graphene-Band-Structure-Quantum-Espresso/outputs/field_0.001/PBE-d3/bottom/data/ldos.pp.dat298

     Writing data to be plotted to file /home/ubuntu/projects/Graphene-Band-Structure-Quantum-Espresso/outputs/field_0.001/PBE-d3/bottom/data/ldos.pp.dat298.xsf
     Plot Type: 3D                     Output format: XCrySDen     
     Reading data from file  /home/ubuntu/projects/Graphene-Band-Structure-Quantum-Espresso/outputs/field_0.001/PBE-d3/bottom/data/ldos.pp.dat299

     Writing data to be plotted to file /home/ubuntu/projects/Graphene-Band-Structure-Quantum-Espresso/outputs/field_0.001/PBE-d3/bottom/data/ldos.pp.dat299.xsf
     Plot Type: 3D                     Output format: XCrySDen     
     Reading data from file  /home/ubuntu/projects/Graphene-Band-Structure-Quantum-Espresso/outputs/field_0.001/PBE-d3/bottom/data/ldos.pp.dat300

     Writing data to be plotted to file /home/ubuntu/projects/Graphene-Band-Structure-Quantum-Espresso/outputs/field_0.001/PBE-d3/bottom/data/ldos.pp.dat300.xsf
     Plot Type: 3D                     Output format: XCrySDen     
     Reading data from file  /home/ubuntu/projects/Graphene-Band-Structure-Quantum-Espresso/outputs/field_0.001/PBE-d3/bottom/data/ldos.pp.dat301

     Writing data to be plotted to file /home/ubuntu/projects/Graphene-Band-Structure-Quantum-Espresso/outputs/field_0.001/PBE-d3/bottom/data/ldos.pp.dat301.xsf
     Plot Type: 3D                     Output format: XCrySDen     
     Reading data from file  /home/ubuntu/projects/Graphene-Band-Structure-Quantum-Espresso/outputs/field_0.001/PBE-d3/bottom/data/ldos.pp.dat302

     Writing data to be plotted to file /home/ubuntu/projects/Graphene-Band-Structure-Quantum-Espresso/outputs/field_0.001/PBE-d3/bottom/data/ldos.pp.dat302.xsf
     Plot Type: 3D                     Output format: XCrySDen     
     Reading data from file  /home/ubuntu/projects/Graphene-Band-Structure-Quantum-Espresso/outputs/field_0.001/PBE-d3/bottom/data/ldos.pp.dat303

     Writing data to be plotted to file /home/ubuntu/projects/Graphene-Band-Structure-Quantum-Espresso/outputs/field_0.001/PBE-d3/bottom/data/ldos.pp.dat303.xsf
     Plot Type: 3D                     Output format: XCrySDen     
     Reading data from file  /home/ubuntu/projects/Graphene-Band-Structure-Quantum-Espresso/outputs/field_0.001/PBE-d3/bottom/data/ldos.pp.dat304

     Writing data to be plotted to file /home/ubuntu/projects/Graphene-Band-Structure-Quantum-Espresso/outputs/field_0.001/PBE-d3/bottom/data/ldos.pp.dat304.xsf
     Plot Type: 3D                     Output format: XCrySDen     
     Reading data from file  /home/ubuntu/projects/Graphene-Band-Structure-Quantum-Espresso/outputs/field_0.001/PBE-d3/bottom/data/ldos.pp.dat305

     Writing data to be plotted to file /home/ubuntu/projects/Graphene-Band-Structure-Quantum-Espresso/outputs/field_0.001/PBE-d3/bottom/data/ldos.pp.dat305.xsf
     Plot Type: 3D                     Output format: XCrySDen     
     Reading data from file  /home/ubuntu/projects/Graphene-Band-Structure-Quantum-Espresso/outputs/field_0.001/PBE-d3/bottom/data/ldos.pp.dat306

     Writing data to be plotted to file /home/ubuntu/projects/Graphene-Band-Structure-Quantum-Espresso/outputs/field_0.001/PBE-d3/bottom/data/ldos.pp.dat306.xsf
     Plot Type: 3D                     Output format: XCrySDen     
     Reading data from file  /home/ubuntu/projects/Graphene-Band-Structure-Quantum-Espresso/outputs/field_0.001/PBE-d3/bottom/data/ldos.pp.dat307

     Writing data to be plotted to file /home/ubuntu/projects/Graphene-Band-Structure-Quantum-Espresso/outputs/field_0.001/PBE-d3/bottom/data/ldos.pp.dat307.xsf
     Plot Type: 3D                     Output format: XCrySDen     
     Reading data from file  /home/ubuntu/projects/Graphene-Band-Structure-Quantum-Espresso/outputs/field_0.001/PBE-d3/bottom/data/ldos.pp.dat308

     Writing data to be plotted to file /home/ubuntu/projects/Graphene-Band-Structure-Quantum-Espresso/outputs/field_0.001/PBE-d3/bottom/data/ldos.pp.dat308.xsf
     Plot Type: 3D                     Output format: XCrySDen     
     Reading data from file  /home/ubuntu/projects/Graphene-Band-Structure-Quantum-Espresso/outputs/field_0.001/PBE-d3/bottom/data/ldos.pp.dat309

     Writing data to be plotted to file /home/ubuntu/projects/Graphene-Band-Structure-Quantum-Espresso/outputs/field_0.001/PBE-d3/bottom/data/ldos.pp.dat309.xsf
     Plot Type: 3D                     Output format: XCrySDen     
     Reading data from file  /home/ubuntu/projects/Graphene-Band-Structure-Quantum-Espresso/outputs/field_0.001/PBE-d3/bottom/data/ldos.pp.dat310

     Writing data to be plotted to file /home/ubuntu/projects/Graphene-Band-Structure-Quantum-Espresso/outputs/field_0.001/PBE-d3/bottom/data/ldos.pp.dat310.xsf
     Plot Type: 3D                     Output format: XCrySDen     
     Reading data from file  /home/ubuntu/projects/Graphene-Band-Structure-Quantum-Espresso/outputs/field_0.001/PBE-d3/bottom/data/ldos.pp.dat311

     Writing data to be plotted to file /home/ubuntu/projects/Graphene-Band-Structure-Quantum-Espresso/outputs/field_0.001/PBE-d3/bottom/data/ldos.pp.dat311.xsf
     Plot Type: 3D                     Output format: XCrySDen     
     Reading data from file  /home/ubuntu/projects/Graphene-Band-Structure-Quantum-Espresso/outputs/field_0.001/PBE-d3/bottom/data/ldos.pp.dat312

     Writing data to be plotted to file /home/ubuntu/projects/Graphene-Band-Structure-Quantum-Espresso/outputs/field_0.001/PBE-d3/bottom/data/ldos.pp.dat312.xsf
     Plot Type: 3D                     Output format: XCrySDen     
     Reading data from file  /home/ubuntu/projects/Graphene-Band-Structure-Quantum-Espresso/outputs/field_0.001/PBE-d3/bottom/data/ldos.pp.dat313

     Writing data to be plotted to file /home/ubuntu/projects/Graphene-Band-Structure-Quantum-Espresso/outputs/field_0.001/PBE-d3/bottom/data/ldos.pp.dat313.xsf
     Plot Type: 3D                     Output format: XCrySDen     
     Reading data from file  /home/ubuntu/projects/Graphene-Band-Structure-Quantum-Espresso/outputs/field_0.001/PBE-d3/bottom/data/ldos.pp.dat314

     Writing data to be plotted to file /home/ubuntu/projects/Graphene-Band-Structure-Quantum-Espresso/outputs/field_0.001/PBE-d3/bottom/data/ldos.pp.dat314.xsf
     Plot Type: 3D                     Output format: XCrySDen     
     Reading data from file  /home/ubuntu/projects/Graphene-Band-Structure-Quantum-Espresso/outputs/field_0.001/PBE-d3/bottom/data/ldos.pp.dat315

     Writing data to be plotted to file /home/ubuntu/projects/Graphene-Band-Structure-Quantum-Espresso/outputs/field_0.001/PBE-d3/bottom/data/ldos.pp.dat315.xsf
     Plot Type: 3D                     Output format: XCrySDen     
     Reading data from file  /home/ubuntu/projects/Graphene-Band-Structure-Quantum-Espresso/outputs/field_0.001/PBE-d3/bottom/data/ldos.pp.dat316

     Writing data to be plotted to file /home/ubuntu/projects/Graphene-Band-Structure-Quantum-Espresso/outputs/field_0.001/PBE-d3/bottom/data/ldos.pp.dat316.xsf
     Plot Type: 3D                     Output format: XCrySDen     
     Reading data from file  /home/ubuntu/projects/Graphene-Band-Structure-Quantum-Espresso/outputs/field_0.001/PBE-d3/bottom/data/ldos.pp.dat317

     Writing data to be plotted to file /home/ubuntu/projects/Graphene-Band-Structure-Quantum-Espresso/outputs/field_0.001/PBE-d3/bottom/data/ldos.pp.dat317.xsf
     Plot Type: 3D                     Output format: XCrySDen     
     Reading data from file  /home/ubuntu/projects/Graphene-Band-Structure-Quantum-Espresso/outputs/field_0.001/PBE-d3/bottom/data/ldos.pp.dat318

     Writing data to be plotted to file /home/ubuntu/projects/Graphene-Band-Structure-Quantum-Espresso/outputs/field_0.001/PBE-d3/bottom/data/ldos.pp.dat318.xsf
     Plot Type: 3D                     Output format: XCrySDen     
     Reading data from file  /home/ubuntu/projects/Graphene-Band-Structure-Quantum-Espresso/outputs/field_0.001/PBE-d3/bottom/data/ldos.pp.dat319

     Writing data to be plotted to file /home/ubuntu/projects/Graphene-Band-Structure-Quantum-Espresso/outputs/field_0.001/PBE-d3/bottom/data/ldos.pp.dat319.xsf
     Plot Type: 3D                     Output format: XCrySDen     
     Reading data from file  /home/ubuntu/projects/Graphene-Band-Structure-Quantum-Espresso/outputs/field_0.001/PBE-d3/bottom/data/ldos.pp.dat320

     Writing data to be plotted to file /home/ubuntu/projects/Graphene-Band-Structure-Quantum-Espresso/outputs/field_0.001/PBE-d3/bottom/data/ldos.pp.dat320.xsf
     Plot Type: 3D                     Output format: XCrySDen     
     Reading data from file  /home/ubuntu/projects/Graphene-Band-Structure-Quantum-Espresso/outputs/field_0.001/PBE-d3/bottom/data/ldos.pp.dat321

     Writing data to be plotted to file /home/ubuntu/projects/Graphene-Band-Structure-Quantum-Espresso/outputs/field_0.001/PBE-d3/bottom/data/ldos.pp.dat321.xsf
     Plot Type: 3D                     Output format: XCrySDen     
     Reading data from file  /home/ubuntu/projects/Graphene-Band-Structure-Quantum-Espresso/outputs/field_0.001/PBE-d3/bottom/data/ldos.pp.dat322

     Writing data to be plotted to file /home/ubuntu/projects/Graphene-Band-Structure-Quantum-Espresso/outputs/field_0.001/PBE-d3/bottom/data/ldos.pp.dat322.xsf
     Plot Type: 3D                     Output format: XCrySDen     
     Reading data from file  /home/ubuntu/projects/Graphene-Band-Structure-Quantum-Espresso/outputs/field_0.001/PBE-d3/bottom/data/ldos.pp.dat323

     Writing data to be plotted to file /home/ubuntu/projects/Graphene-Band-Structure-Quantum-Espresso/outputs/field_0.001/PBE-d3/bottom/data/ldos.pp.dat323.xsf
     Plot Type: 3D                     Output format: XCrySDen     
     Reading data from file  /home/ubuntu/projects/Graphene-Band-Structure-Quantum-Espresso/outputs/field_0.001/PBE-d3/bottom/data/ldos.pp.dat324

     Writing data to be plotted to file /home/ubuntu/projects/Graphene-Band-Structure-Quantum-Espresso/outputs/field_0.001/PBE-d3/bottom/data/ldos.pp.dat324.xsf
     Plot Type: 3D                     Output format: XCrySDen     
     Reading data from file  /home/ubuntu/projects/Graphene-Band-Structure-Quantum-Espresso/outputs/field_0.001/PBE-d3/bottom/data/ldos.pp.dat325

     Writing data to be plotted to file /home/ubuntu/projects/Graphene-Band-Structure-Quantum-Espresso/outputs/field_0.001/PBE-d3/bottom/data/ldos.pp.dat325.xsf
     Plot Type: 3D                     Output format: XCrySDen     
     Reading data from file  /home/ubuntu/projects/Graphene-Band-Structure-Quantum-Espresso/outputs/field_0.001/PBE-d3/bottom/data/ldos.pp.dat326

     Writing data to be plotted to file /home/ubuntu/projects/Graphene-Band-Structure-Quantum-Espresso/outputs/field_0.001/PBE-d3/bottom/data/ldos.pp.dat326.xsf
     Plot Type: 3D                     Output format: XCrySDen     
     Reading data from file  /home/ubuntu/projects/Graphene-Band-Structure-Quantum-Espresso/outputs/field_0.001/PBE-d3/bottom/data/ldos.pp.dat327

     Writing data to be plotted to file /home/ubuntu/projects/Graphene-Band-Structure-Quantum-Espresso/outputs/field_0.001/PBE-d3/bottom/data/ldos.pp.dat327.xsf
     Plot Type: 3D                     Output format: XCrySDen     
     Reading data from file  /home/ubuntu/projects/Graphene-Band-Structure-Quantum-Espresso/outputs/field_0.001/PBE-d3/bottom/data/ldos.pp.dat328

     Writing data to be plotted to file /home/ubuntu/projects/Graphene-Band-Structure-Quantum-Espresso/outputs/field_0.001/PBE-d3/bottom/data/ldos.pp.dat328.xsf
     Plot Type: 3D                     Output format: XCrySDen     
     Reading data from file  /home/ubuntu/projects/Graphene-Band-Structure-Quantum-Espresso/outputs/field_0.001/PBE-d3/bottom/data/ldos.pp.dat329

     Writing data to be plotted to file /home/ubuntu/projects/Graphene-Band-Structure-Quantum-Espresso/outputs/field_0.001/PBE-d3/bottom/data/ldos.pp.dat329.xsf
     Plot Type: 3D                     Output format: XCrySDen     
     Reading data from file  /home/ubuntu/projects/Graphene-Band-Structure-Quantum-Espresso/outputs/field_0.001/PBE-d3/bottom/data/ldos.pp.dat330

     Writing data to be plotted to file /home/ubuntu/projects/Graphene-Band-Structure-Quantum-Espresso/outputs/field_0.001/PBE-d3/bottom/data/ldos.pp.dat330.xsf
     Plot Type: 3D                     Output format: XCrySDen     
     Reading data from file  /home/ubuntu/projects/Graphene-Band-Structure-Quantum-Espresso/outputs/field_0.001/PBE-d3/bottom/data/ldos.pp.dat331

     Writing data to be plotted to file /home/ubuntu/projects/Graphene-Band-Structure-Quantum-Espresso/outputs/field_0.001/PBE-d3/bottom/data/ldos.pp.dat331.xsf
     Plot Type: 3D                     Output format: XCrySDen     
     Reading data from file  /home/ubuntu/projects/Graphene-Band-Structure-Quantum-Espresso/outputs/field_0.001/PBE-d3/bottom/data/ldos.pp.dat332

     Writing data to be plotted to file /home/ubuntu/projects/Graphene-Band-Structure-Quantum-Espresso/outputs/field_0.001/PBE-d3/bottom/data/ldos.pp.dat332.xsf
     Plot Type: 3D                     Output format: XCrySDen     
     Reading data from file  /home/ubuntu/projects/Graphene-Band-Structure-Quantum-Espresso/outputs/field_0.001/PBE-d3/bottom/data/ldos.pp.dat333

     Writing data to be plotted to file /home/ubuntu/projects/Graphene-Band-Structure-Quantum-Espresso/outputs/field_0.001/PBE-d3/bottom/data/ldos.pp.dat333.xsf
     Plot Type: 3D                     Output format: XCrySDen     
     Reading data from file  /home/ubuntu/projects/Graphene-Band-Structure-Quantum-Espresso/outputs/field_0.001/PBE-d3/bottom/data/ldos.pp.dat334

     Writing data to be plotted to file /home/ubuntu/projects/Graphene-Band-Structure-Quantum-Espresso/outputs/field_0.001/PBE-d3/bottom/data/ldos.pp.dat334.xsf
     Plot Type: 3D                     Output format: XCrySDen     
     Reading data from file  /home/ubuntu/projects/Graphene-Band-Structure-Quantum-Espresso/outputs/field_0.001/PBE-d3/bottom/data/ldos.pp.dat335

     Writing data to be plotted to file /home/ubuntu/projects/Graphene-Band-Structure-Quantum-Espresso/outputs/field_0.001/PBE-d3/bottom/data/ldos.pp.dat335.xsf
     Plot Type: 3D                     Output format: XCrySDen     
     Reading data from file  /home/ubuntu/projects/Graphene-Band-Structure-Quantum-Espresso/outputs/field_0.001/PBE-d3/bottom/data/ldos.pp.dat336

     Writing data to be plotted to file /home/ubuntu/projects/Graphene-Band-Structure-Quantum-Espresso/outputs/field_0.001/PBE-d3/bottom/data/ldos.pp.dat336.xsf
     Plot Type: 3D                     Output format: XCrySDen     
     Reading data from file  /home/ubuntu/projects/Graphene-Band-Structure-Quantum-Espresso/outputs/field_0.001/PBE-d3/bottom/data/ldos.pp.dat337

     Writing data to be plotted to file /home/ubuntu/projects/Graphene-Band-Structure-Quantum-Espresso/outputs/field_0.001/PBE-d3/bottom/data/ldos.pp.dat337.xsf
     Plot Type: 3D                     Output format: XCrySDen     
     Reading data from file  /home/ubuntu/projects/Graphene-Band-Structure-Quantum-Espresso/outputs/field_0.001/PBE-d3/bottom/data/ldos.pp.dat338

     Writing data to be plotted to file /home/ubuntu/projects/Graphene-Band-Structure-Quantum-Espresso/outputs/field_0.001/PBE-d3/bottom/data/ldos.pp.dat338.xsf
     Plot Type: 3D                     Output format: XCrySDen     
     Reading data from file  /home/ubuntu/projects/Graphene-Band-Structure-Quantum-Espresso/outputs/field_0.001/PBE-d3/bottom/data/ldos.pp.dat339

     Writing data to be plotted to file /home/ubuntu/projects/Graphene-Band-Structure-Quantum-Espresso/outputs/field_0.001/PBE-d3/bottom/data/ldos.pp.dat339.xsf
     Plot Type: 3D                     Output format: XCrySDen     
     Reading data from file  /home/ubuntu/projects/Graphene-Band-Structure-Quantum-Espresso/outputs/field_0.001/PBE-d3/bottom/data/ldos.pp.dat340

     Writing data to be plotted to file /home/ubuntu/projects/Graphene-Band-Structure-Quantum-Espresso/outputs/field_0.001/PBE-d3/bottom/data/ldos.pp.dat340.xsf
     Plot Type: 3D                     Output format: XCrySDen     
     Reading data from file  /home/ubuntu/projects/Graphene-Band-Structure-Quantum-Espresso/outputs/field_0.001/PBE-d3/bottom/data/ldos.pp.dat341

     Writing data to be plotted to file /home/ubuntu/projects/Graphene-Band-Structure-Quantum-Espresso/outputs/field_0.001/PBE-d3/bottom/data/ldos.pp.dat341.xsf
     Plot Type: 3D                     Output format: XCrySDen     
     Reading data from file  /home/ubuntu/projects/Graphene-Band-Structure-Quantum-Espresso/outputs/field_0.001/PBE-d3/bottom/data/ldos.pp.dat342

     Writing data to be plotted to file /home/ubuntu/projects/Graphene-Band-Structure-Quantum-Espresso/outputs/field_0.001/PBE-d3/bottom/data/ldos.pp.dat342.xsf
     Plot Type: 3D                     Output format: XCrySDen     
     Reading data from file  /home/ubuntu/projects/Graphene-Band-Structure-Quantum-Espresso/outputs/field_0.001/PBE-d3/bottom/data/ldos.pp.dat343

     Writing data to be plotted to file /home/ubuntu/projects/Graphene-Band-Structure-Quantum-Espresso/outputs/field_0.001/PBE-d3/bottom/data/ldos.pp.dat343.xsf
     Plot Type: 3D                     Output format: XCrySDen     
     Reading data from file  /home/ubuntu/projects/Graphene-Band-Structure-Quantum-Espresso/outputs/field_0.001/PBE-d3/bottom/data/ldos.pp.dat344

     Writing data to be plotted to file /home/ubuntu/projects/Graphene-Band-Structure-Quantum-Espresso/outputs/field_0.001/PBE-d3/bottom/data/ldos.pp.dat344.xsf
     Plot Type: 3D                     Output format: XCrySDen     
     Reading data from file  /home/ubuntu/projects/Graphene-Band-Structure-Quantum-Espresso/outputs/field_0.001/PBE-d3/bottom/data/ldos.pp.dat345

     Writing data to be plotted to file /home/ubuntu/projects/Graphene-Band-Structure-Quantum-Espresso/outputs/field_0.001/PBE-d3/bottom/data/ldos.pp.dat345.xsf
     Plot Type: 3D                     Output format: XCrySDen     
     Reading data from file  /home/ubuntu/projects/Graphene-Band-Structure-Quantum-Espresso/outputs/field_0.001/PBE-d3/bottom/data/ldos.pp.dat346

     Writing data to be plotted to file /home/ubuntu/projects/Graphene-Band-Structure-Quantum-Espresso/outputs/field_0.001/PBE-d3/bottom/data/ldos.pp.dat346.xsf
     Plot Type: 3D                     Output format: XCrySDen     
     Reading data from file  /home/ubuntu/projects/Graphene-Band-Structure-Quantum-Espresso/outputs/field_0.001/PBE-d3/bottom/data/ldos.pp.dat347

     Writing data to be plotted to file /home/ubuntu/projects/Graphene-Band-Structure-Quantum-Espresso/outputs/field_0.001/PBE-d3/bottom/data/ldos.pp.dat347.xsf
     Plot Type: 3D                     Output format: XCrySDen     
     Reading data from file  /home/ubuntu/projects/Graphene-Band-Structure-Quantum-Espresso/outputs/field_0.001/PBE-d3/bottom/data/ldos.pp.dat348

     Writing data to be plotted to file /home/ubuntu/projects/Graphene-Band-Structure-Quantum-Espresso/outputs/field_0.001/PBE-d3/bottom/data/ldos.pp.dat348.xsf
     Plot Type: 3D                     Output format: XCrySDen     
     Reading data from file  /home/ubuntu/projects/Graphene-Band-Structure-Quantum-Espresso/outputs/field_0.001/PBE-d3/bottom/data/ldos.pp.dat349

     Writing data to be plotted to file /home/ubuntu/projects/Graphene-Band-Structure-Quantum-Espresso/outputs/field_0.001/PBE-d3/bottom/data/ldos.pp.dat349.xsf
     Plot Type: 3D                     Output format: XCrySDen     
     Reading data from file  /home/ubuntu/projects/Graphene-Band-Structure-Quantum-Espresso/outputs/field_0.001/PBE-d3/bottom/data/ldos.pp.dat350

     Writing data to be plotted to file /home/ubuntu/projects/Graphene-Band-Structure-Quantum-Espresso/outputs/field_0.001/PBE-d3/bottom/data/ldos.pp.dat350.xsf
     Plot Type: 3D                     Output format: XCrySDen     
     Reading data from file  /home/ubuntu/projects/Graphene-Band-Structure-Quantum-Espresso/outputs/field_0.001/PBE-d3/bottom/data/ldos.pp.dat351

     Writing data to be plotted to file /home/ubuntu/projects/Graphene-Band-Structure-Quantum-Espresso/outputs/field_0.001/PBE-d3/bottom/data/ldos.pp.dat351.xsf
     Plot Type: 3D                     Output format: XCrySDen     
     Reading data from file  /home/ubuntu/projects/Graphene-Band-Structure-Quantum-Espresso/outputs/field_0.001/PBE-d3/bottom/data/ldos.pp.dat352

     Writing data to be plotted to file /home/ubuntu/projects/Graphene-Band-Structure-Quantum-Espresso/outputs/field_0.001/PBE-d3/bottom/data/ldos.pp.dat352.xsf
     Plot Type: 3D                     Output format: XCrySDen     
     Reading data from file  /home/ubuntu/projects/Graphene-Band-Structure-Quantum-Espresso/outputs/field_0.001/PBE-d3/bottom/data/ldos.pp.dat353

     Writing data to be plotted to file /home/ubuntu/projects/Graphene-Band-Structure-Quantum-Espresso/outputs/field_0.001/PBE-d3/bottom/data/ldos.pp.dat353.xsf
     Plot Type: 3D                     Output format: XCrySDen     
     Reading data from file  /home/ubuntu/projects/Graphene-Band-Structure-Quantum-Espresso/outputs/field_0.001/PBE-d3/bottom/data/ldos.pp.dat354

     Writing data to be plotted to file /home/ubuntu/projects/Graphene-Band-Structure-Quantum-Espresso/outputs/field_0.001/PBE-d3/bottom/data/ldos.pp.dat354.xsf
     Plot Type: 3D                     Output format: XCrySDen     
     Reading data from file  /home/ubuntu/projects/Graphene-Band-Structure-Quantum-Espresso/outputs/field_0.001/PBE-d3/bottom/data/ldos.pp.dat355

     Writing data to be plotted to file /home/ubuntu/projects/Graphene-Band-Structure-Quantum-Espresso/outputs/field_0.001/PBE-d3/bottom/data/ldos.pp.dat355.xsf
     Plot Type: 3D                     Output format: XCrySDen     
     Reading data from file  /home/ubuntu/projects/Graphene-Band-Structure-Quantum-Espresso/outputs/field_0.001/PBE-d3/bottom/data/ldos.pp.dat356

     Writing data to be plotted to file /home/ubuntu/projects/Graphene-Band-Structure-Quantum-Espresso/outputs/field_0.001/PBE-d3/bottom/data/ldos.pp.dat356.xsf
     Plot Type: 3D                     Output format: XCrySDen     
     Reading data from file  /home/ubuntu/projects/Graphene-Band-Structure-Quantum-Espresso/outputs/field_0.001/PBE-d3/bottom/data/ldos.pp.dat357

     Writing data to be plotted to file /home/ubuntu/projects/Graphene-Band-Structure-Quantum-Espresso/outputs/field_0.001/PBE-d3/bottom/data/ldos.pp.dat357.xsf
     Plot Type: 3D                     Output format: XCrySDen     
     Reading data from file  /home/ubuntu/projects/Graphene-Band-Structure-Quantum-Espresso/outputs/field_0.001/PBE-d3/bottom/data/ldos.pp.dat358

     Writing data to be plotted to file /home/ubuntu/projects/Graphene-Band-Structure-Quantum-Espresso/outputs/field_0.001/PBE-d3/bottom/data/ldos.pp.dat358.xsf
     Plot Type: 3D                     Output format: XCrySDen     
     Reading data from file  /home/ubuntu/projects/Graphene-Band-Structure-Quantum-Espresso/outputs/field_0.001/PBE-d3/bottom/data/ldos.pp.dat359

     Writing data to be plotted to file /home/ubuntu/projects/Graphene-Band-Structure-Quantum-Espresso/outputs/field_0.001/PBE-d3/bottom/data/ldos.pp.dat359.xsf
     Plot Type: 3D                     Output format: XCrySDen     
     Reading data from file  /home/ubuntu/projects/Graphene-Band-Structure-Quantum-Espresso/outputs/field_0.001/PBE-d3/bottom/data/ldos.pp.dat360

     Writing data to be plotted to file /home/ubuntu/projects/Graphene-Band-Structure-Quantum-Espresso/outputs/field_0.001/PBE-d3/bottom/data/ldos.pp.dat360.xsf
     Plot Type: 3D                     Output format: XCrySDen     
     Reading data from file  /home/ubuntu/projects/Graphene-Band-Structure-Quantum-Espresso/outputs/field_0.001/PBE-d3/bottom/data/ldos.pp.dat361

     Writing data to be plotted to file /home/ubuntu/projects/Graphene-Band-Structure-Quantum-Espresso/outputs/field_0.001/PBE-d3/bottom/data/ldos.pp.dat361.xsf
     Plot Type: 3D                     Output format: XCrySDen     
     Reading data from file  /home/ubuntu/projects/Graphene-Band-Structure-Quantum-Espresso/outputs/field_0.001/PBE-d3/bottom/data/ldos.pp.dat362

     Writing data to be plotted to file /home/ubuntu/projects/Graphene-Band-Structure-Quantum-Espresso/outputs/field_0.001/PBE-d3/bottom/data/ldos.pp.dat362.xsf
     Plot Type: 3D                     Output format: XCrySDen     
     Reading data from file  /home/ubuntu/projects/Graphene-Band-Structure-Quantum-Espresso/outputs/field_0.001/PBE-d3/bottom/data/ldos.pp.dat363

     Writing data to be plotted to file /home/ubuntu/projects/Graphene-Band-Structure-Quantum-Espresso/outputs/field_0.001/PBE-d3/bottom/data/ldos.pp.dat363.xsf
     Plot Type: 3D                     Output format: XCrySDen     
     Reading data from file  /home/ubuntu/projects/Graphene-Band-Structure-Quantum-Espresso/outputs/field_0.001/PBE-d3/bottom/data/ldos.pp.dat364

     Writing data to be plotted to file /home/ubuntu/projects/Graphene-Band-Structure-Quantum-Espresso/outputs/field_0.001/PBE-d3/bottom/data/ldos.pp.dat364.xsf
     Plot Type: 3D                     Output format: XCrySDen     
     Reading data from file  /home/ubuntu/projects/Graphene-Band-Structure-Quantum-Espresso/outputs/field_0.001/PBE-d3/bottom/data/ldos.pp.dat365

     Writing data to be plotted to file /home/ubuntu/projects/Graphene-Band-Structure-Quantum-Espresso/outputs/field_0.001/PBE-d3/bottom/data/ldos.pp.dat365.xsf
     Plot Type: 3D                     Output format: XCrySDen     
     Reading data from file  /home/ubuntu/projects/Graphene-Band-Structure-Quantum-Espresso/outputs/field_0.001/PBE-d3/bottom/data/ldos.pp.dat366

     Writing data to be plotted to file /home/ubuntu/projects/Graphene-Band-Structure-Quantum-Espresso/outputs/field_0.001/PBE-d3/bottom/data/ldos.pp.dat366.xsf
     Plot Type: 3D                     Output format: XCrySDen     
     Reading data from file  /home/ubuntu/projects/Graphene-Band-Structure-Quantum-Espresso/outputs/field_0.001/PBE-d3/bottom/data/ldos.pp.dat367

     Writing data to be plotted to file /home/ubuntu/projects/Graphene-Band-Structure-Quantum-Espresso/outputs/field_0.001/PBE-d3/bottom/data/ldos.pp.dat367.xsf
     Plot Type: 3D                     Output format: XCrySDen     
     Reading data from file  /home/ubuntu/projects/Graphene-Band-Structure-Quantum-Espresso/outputs/field_0.001/PBE-d3/bottom/data/ldos.pp.dat368

     Writing data to be plotted to file /home/ubuntu/projects/Graphene-Band-Structure-Quantum-Espresso/outputs/field_0.001/PBE-d3/bottom/data/ldos.pp.dat368.xsf
     Plot Type: 3D                     Output format: XCrySDen     
     Reading data from file  /home/ubuntu/projects/Graphene-Band-Structure-Quantum-Espresso/outputs/field_0.001/PBE-d3/bottom/data/ldos.pp.dat369

     Writing data to be plotted to file /home/ubuntu/projects/Graphene-Band-Structure-Quantum-Espresso/outputs/field_0.001/PBE-d3/bottom/data/ldos.pp.dat369.xsf
     Plot Type: 3D                     Output format: XCrySDen     
     Reading data from file  /home/ubuntu/projects/Graphene-Band-Structure-Quantum-Espresso/outputs/field_0.001/PBE-d3/bottom/data/ldos.pp.dat370

     Writing data to be plotted to file /home/ubuntu/projects/Graphene-Band-Structure-Quantum-Espresso/outputs/field_0.001/PBE-d3/bottom/data/ldos.pp.dat370.xsf
     Plot Type: 3D                     Output format: XCrySDen     
     Reading data from file  /home/ubuntu/projects/Graphene-Band-Structure-Quantum-Espresso/outputs/field_0.001/PBE-d3/bottom/data/ldos.pp.dat371

     Writing data to be plotted to file /home/ubuntu/projects/Graphene-Band-Structure-Quantum-Espresso/outputs/field_0.001/PBE-d3/bottom/data/ldos.pp.dat371.xsf
     Plot Type: 3D                     Output format: XCrySDen     
     Reading data from file  /home/ubuntu/projects/Graphene-Band-Structure-Quantum-Espresso/outputs/field_0.001/PBE-d3/bottom/data/ldos.pp.dat372

     Writing data to be plotted to file /home/ubuntu/projects/Graphene-Band-Structure-Quantum-Espresso/outputs/field_0.001/PBE-d3/bottom/data/ldos.pp.dat372.xsf
     Plot Type: 3D                     Output format: XCrySDen     
     Reading data from file  /home/ubuntu/projects/Graphene-Band-Structure-Quantum-Espresso/outputs/field_0.001/PBE-d3/bottom/data/ldos.pp.dat373

     Writing data to be plotted to file /home/ubuntu/projects/Graphene-Band-Structure-Quantum-Espresso/outputs/field_0.001/PBE-d3/bottom/data/ldos.pp.dat373.xsf
     Plot Type: 3D                     Output format: XCrySDen     
     Reading data from file  /home/ubuntu/projects/Graphene-Band-Structure-Quantum-Espresso/outputs/field_0.001/PBE-d3/bottom/data/ldos.pp.dat374

     Writing data to be plotted to file /home/ubuntu/projects/Graphene-Band-Structure-Quantum-Espresso/outputs/field_0.001/PBE-d3/bottom/data/ldos.pp.dat374.xsf
     Plot Type: 3D                     Output format: XCrySDen     
     Reading data from file  /home/ubuntu/projects/Graphene-Band-Structure-Quantum-Espresso/outputs/field_0.001/PBE-d3/bottom/data/ldos.pp.dat375

     Writing data to be plotted to file /home/ubuntu/projects/Graphene-Band-Structure-Quantum-Espresso/outputs/field_0.001/PBE-d3/bottom/data/ldos.pp.dat375.xsf
     Plot Type: 3D                     Output format: XCrySDen     
     Reading data from file  /home/ubuntu/projects/Graphene-Band-Structure-Quantum-Espresso/outputs/field_0.001/PBE-d3/bottom/data/ldos.pp.dat376

     Writing data to be plotted to file /home/ubuntu/projects/Graphene-Band-Structure-Quantum-Espresso/outputs/field_0.001/PBE-d3/bottom/data/ldos.pp.dat376.xsf
     Plot Type: 3D                     Output format: XCrySDen     
     Reading data from file  /home/ubuntu/projects/Graphene-Band-Structure-Quantum-Espresso/outputs/field_0.001/PBE-d3/bottom/data/ldos.pp.dat377

     Writing data to be plotted to file /home/ubuntu/projects/Graphene-Band-Structure-Quantum-Espresso/outputs/field_0.001/PBE-d3/bottom/data/ldos.pp.dat377.xsf
     Plot Type: 3D                     Output format: XCrySDen     
     Reading data from file  /home/ubuntu/projects/Graphene-Band-Structure-Quantum-Espresso/outputs/field_0.001/PBE-d3/bottom/data/ldos.pp.dat378

     Writing data to be plotted to file /home/ubuntu/projects/Graphene-Band-Structure-Quantum-Espresso/outputs/field_0.001/PBE-d3/bottom/data/ldos.pp.dat378.xsf
     Plot Type: 3D                     Output format: XCrySDen     
     Reading data from file  /home/ubuntu/projects/Graphene-Band-Structure-Quantum-Espresso/outputs/field_0.001/PBE-d3/bottom/data/ldos.pp.dat379

     Writing data to be plotted to file /home/ubuntu/projects/Graphene-Band-Structure-Quantum-Espresso/outputs/field_0.001/PBE-d3/bottom/data/ldos.pp.dat379.xsf
     Plot Type: 3D                     Output format: XCrySDen     
     Reading data from file  /home/ubuntu/projects/Graphene-Band-Structure-Quantum-Espresso/outputs/field_0.001/PBE-d3/bottom/data/ldos.pp.dat380

     Writing data to be plotted to file /home/ubuntu/projects/Graphene-Band-Structure-Quantum-Espresso/outputs/field_0.001/PBE-d3/bottom/data/ldos.pp.dat380.xsf
     Plot Type: 3D                     Output format: XCrySDen     
     Reading data from file  /home/ubuntu/projects/Graphene-Band-Structure-Quantum-Espresso/outputs/field_0.001/PBE-d3/bottom/data/ldos.pp.dat381

     Writing data to be plotted to file /home/ubuntu/projects/Graphene-Band-Structure-Quantum-Espresso/outputs/field_0.001/PBE-d3/bottom/data/ldos.pp.dat381.xsf
     Plot Type: 3D                     Output format: XCrySDen     
     Reading data from file  /home/ubuntu/projects/Graphene-Band-Structure-Quantum-Espresso/outputs/field_0.001/PBE-d3/bottom/data/ldos.pp.dat382

     Writing data to be plotted to file /home/ubuntu/projects/Graphene-Band-Structure-Quantum-Espresso/outputs/field_0.001/PBE-d3/bottom/data/ldos.pp.dat382.xsf
     Plot Type: 3D                     Output format: XCrySDen     
     Reading data from file  /home/ubuntu/projects/Graphene-Band-Structure-Quantum-Espresso/outputs/field_0.001/PBE-d3/bottom/data/ldos.pp.dat383

     Writing data to be plotted to file /home/ubuntu/projects/Graphene-Band-Structure-Quantum-Espresso/outputs/field_0.001/PBE-d3/bottom/data/ldos.pp.dat383.xsf
     Plot Type: 3D                     Output format: XCrySDen     
     Reading data from file  /home/ubuntu/projects/Graphene-Band-Structure-Quantum-Espresso/outputs/field_0.001/PBE-d3/bottom/data/ldos.pp.dat384

     Writing data to be plotted to file /home/ubuntu/projects/Graphene-Band-Structure-Quantum-Espresso/outputs/field_0.001/PBE-d3/bottom/data/ldos.pp.dat384.xsf
     Plot Type: 3D                     Output format: XCrySDen     
     Reading data from file  /home/ubuntu/projects/Graphene-Band-Structure-Quantum-Espresso/outputs/field_0.001/PBE-d3/bottom/data/ldos.pp.dat385

     Writing data to be plotted to file /home/ubuntu/projects/Graphene-Band-Structure-Quantum-Espresso/outputs/field_0.001/PBE-d3/bottom/data/ldos.pp.dat385.xsf
     Plot Type: 3D                     Output format: XCrySDen     
     Reading data from file  /home/ubuntu/projects/Graphene-Band-Structure-Quantum-Espresso/outputs/field_0.001/PBE-d3/bottom/data/ldos.pp.dat386

     Writing data to be plotted to file /home/ubuntu/projects/Graphene-Band-Structure-Quantum-Espresso/outputs/field_0.001/PBE-d3/bottom/data/ldos.pp.dat386.xsf
     Plot Type: 3D                     Output format: XCrySDen     
     Reading data from file  /home/ubuntu/projects/Graphene-Band-Structure-Quantum-Espresso/outputs/field_0.001/PBE-d3/bottom/data/ldos.pp.dat387

     Writing data to be plotted to file /home/ubuntu/projects/Graphene-Band-Structure-Quantum-Espresso/outputs/field_0.001/PBE-d3/bottom/data/ldos.pp.dat387.xsf
     Plot Type: 3D                     Output format: XCrySDen     
     Reading data from file  /home/ubuntu/projects/Graphene-Band-Structure-Quantum-Espresso/outputs/field_0.001/PBE-d3/bottom/data/ldos.pp.dat388

     Writing data to be plotted to file /home/ubuntu/projects/Graphene-Band-Structure-Quantum-Espresso/outputs/field_0.001/PBE-d3/bottom/data/ldos.pp.dat388.xsf
     Plot Type: 3D                     Output format: XCrySDen     
     Reading data from file  /home/ubuntu/projects/Graphene-Band-Structure-Quantum-Espresso/outputs/field_0.001/PBE-d3/bottom/data/ldos.pp.dat389

     Writing data to be plotted to file /home/ubuntu/projects/Graphene-Band-Structure-Quantum-Espresso/outputs/field_0.001/PBE-d3/bottom/data/ldos.pp.dat389.xsf
     Plot Type: 3D                     Output format: XCrySDen     
     Reading data from file  /home/ubuntu/projects/Graphene-Band-Structure-Quantum-Espresso/outputs/field_0.001/PBE-d3/bottom/data/ldos.pp.dat390

     Writing data to be plotted to file /home/ubuntu/projects/Graphene-Band-Structure-Quantum-Espresso/outputs/field_0.001/PBE-d3/bottom/data/ldos.pp.dat390.xsf
     Plot Type: 3D                     Output format: XCrySDen     
     Reading data from file  /home/ubuntu/projects/Graphene-Band-Structure-Quantum-Espresso/outputs/field_0.001/PBE-d3/bottom/data/ldos.pp.dat391

     Writing data to be plotted to file /home/ubuntu/projects/Graphene-Band-Structure-Quantum-Espresso/outputs/field_0.001/PBE-d3/bottom/data/ldos.pp.dat391.xsf
     Plot Type: 3D                     Output format: XCrySDen     
     Reading data from file  /home/ubuntu/projects/Graphene-Band-Structure-Quantum-Espresso/outputs/field_0.001/PBE-d3/bottom/data/ldos.pp.dat392

     Writing data to be plotted to file /home/ubuntu/projects/Graphene-Band-Structure-Quantum-Espresso/outputs/field_0.001/PBE-d3/bottom/data/ldos.pp.dat392.xsf
     Plot Type: 3D                     Output format: XCrySDen     
     Reading data from file  /home/ubuntu/projects/Graphene-Band-Structure-Quantum-Espresso/outputs/field_0.001/PBE-d3/bottom/data/ldos.pp.dat393

     Writing data to be plotted to file /home/ubuntu/projects/Graphene-Band-Structure-Quantum-Espresso/outputs/field_0.001/PBE-d3/bottom/data/ldos.pp.dat393.xsf
     Plot Type: 3D                     Output format: XCrySDen     
     Reading data from file  /home/ubuntu/projects/Graphene-Band-Structure-Quantum-Espresso/outputs/field_0.001/PBE-d3/bottom/data/ldos.pp.dat394

     Writing data to be plotted to file /home/ubuntu/projects/Graphene-Band-Structure-Quantum-Espresso/outputs/field_0.001/PBE-d3/bottom/data/ldos.pp.dat394.xsf
     Plot Type: 3D                     Output format: XCrySDen     
     Reading data from file  /home/ubuntu/projects/Graphene-Band-Structure-Quantum-Espresso/outputs/field_0.001/PBE-d3/bottom/data/ldos.pp.dat395

     Writing data to be plotted to file /home/ubuntu/projects/Graphene-Band-Structure-Quantum-Espresso/outputs/field_0.001/PBE-d3/bottom/data/ldos.pp.dat395.xsf
     Plot Type: 3D                     Output format: XCrySDen     
     Reading data from file  /home/ubuntu/projects/Graphene-Band-Structure-Quantum-Espresso/outputs/field_0.001/PBE-d3/bottom/data/ldos.pp.dat396

     Writing data to be plotted to file /home/ubuntu/projects/Graphene-Band-Structure-Quantum-Espresso/outputs/field_0.001/PBE-d3/bottom/data/ldos.pp.dat396.xsf
     Plot Type: 3D                     Output format: XCrySDen     
     Reading data from file  /home/ubuntu/projects/Graphene-Band-Structure-Quantum-Espresso/outputs/field_0.001/PBE-d3/bottom/data/ldos.pp.dat397

     Writing data to be plotted to file /home/ubuntu/projects/Graphene-Band-Structure-Quantum-Espresso/outputs/field_0.001/PBE-d3/bottom/data/ldos.pp.dat397.xsf
     Plot Type: 3D                     Output format: XCrySDen     
     Reading data from file  /home/ubuntu/projects/Graphene-Band-Structure-Quantum-Espresso/outputs/field_0.001/PBE-d3/bottom/data/ldos.pp.dat398

     Writing data to be plotted to file /home/ubuntu/projects/Graphene-Band-Structure-Quantum-Espresso/outputs/field_0.001/PBE-d3/bottom/data/ldos.pp.dat398.xsf
     Plot Type: 3D                     Output format: XCrySDen     
     Reading data from file  /home/ubuntu/projects/Graphene-Band-Structure-Quantum-Espresso/outputs/field_0.001/PBE-d3/bottom/data/ldos.pp.dat399

     Writing data to be plotted to file /home/ubuntu/projects/Graphene-Band-Structure-Quantum-Espresso/outputs/field_0.001/PBE-d3/bottom/data/ldos.pp.dat399.xsf
     Plot Type: 3D                     Output format: XCrySDen     
     Reading data from file  /home/ubuntu/projects/Graphene-Band-Structure-Quantum-Espresso/outputs/field_0.001/PBE-d3/bottom/data/ldos.pp.dat400

     Writing data to be plotted to file /home/ubuntu/projects/Graphene-Band-Structure-Quantum-Espresso/outputs/field_0.001/PBE-d3/bottom/data/ldos.pp.dat400.xsf
     Plot Type: 3D                     Output format: XCrySDen     
     Reading data from file  /home/ubuntu/projects/Graphene-Band-Structure-Quantum-Espresso/outputs/field_0.001/PBE-d3/bottom/data/ldos.pp.dat401

     Writing data to be plotted to file /home/ubuntu/projects/Graphene-Band-Structure-Quantum-Espresso/outputs/field_0.001/PBE-d3/bottom/data/ldos.pp.dat401.xsf
     Plot Type: 3D                     Output format: XCrySDen     
     Reading data from file  /home/ubuntu/projects/Graphene-Band-Structure-Quantum-Espresso/outputs/field_0.001/PBE-d3/bottom/data/ldos.pp.dat402

     Writing data to be plotted to file /home/ubuntu/projects/Graphene-Band-Structure-Quantum-Espresso/outputs/field_0.001/PBE-d3/bottom/data/ldos.pp.dat402.xsf
     Plot Type: 3D                     Output format: XCrySDen     
     Reading data from file  /home/ubuntu/projects/Graphene-Band-Structure-Quantum-Espresso/outputs/field_0.001/PBE-d3/bottom/data/ldos.pp.dat403

     Writing data to be plotted to file /home/ubuntu/projects/Graphene-Band-Structure-Quantum-Espresso/outputs/field_0.001/PBE-d3/bottom/data/ldos.pp.dat403.xsf
     Plot Type: 3D                     Output format: XCrySDen     
     Reading data from file  /home/ubuntu/projects/Graphene-Band-Structure-Quantum-Espresso/outputs/field_0.001/PBE-d3/bottom/data/ldos.pp.dat404

     Writing data to be plotted to file /home/ubuntu/projects/Graphene-Band-Structure-Quantum-Espresso/outputs/field_0.001/PBE-d3/bottom/data/ldos.pp.dat404.xsf
     Plot Type: 3D                     Output format: XCrySDen     
     Reading data from file  /home/ubuntu/projects/Graphene-Band-Structure-Quantum-Espresso/outputs/field_0.001/PBE-d3/bottom/data/ldos.pp.dat405

     Writing data to be plotted to file /home/ubuntu/projects/Graphene-Band-Structure-Quantum-Espresso/outputs/field_0.001/PBE-d3/bottom/data/ldos.pp.dat405.xsf
     Plot Type: 3D                     Output format: XCrySDen     
     Reading data from file  /home/ubuntu/projects/Graphene-Band-Structure-Quantum-Espresso/outputs/field_0.001/PBE-d3/bottom/data/ldos.pp.dat406

     Writing data to be plotted to file /home/ubuntu/projects/Graphene-Band-Structure-Quantum-Espresso/outputs/field_0.001/PBE-d3/bottom/data/ldos.pp.dat406.xsf
     Plot Type: 3D                     Output format: XCrySDen     
     Reading data from file  /home/ubuntu/projects/Graphene-Band-Structure-Quantum-Espresso/outputs/field_0.001/PBE-d3/bottom/data/ldos.pp.dat407

     Writing data to be plotted to file /home/ubuntu/projects/Graphene-Band-Structure-Quantum-Espresso/outputs/field_0.001/PBE-d3/bottom/data/ldos.pp.dat407.xsf
     Plot Type: 3D                     Output format: XCrySDen     
     Reading data from file  /home/ubuntu/projects/Graphene-Band-Structure-Quantum-Espresso/outputs/field_0.001/PBE-d3/bottom/data/ldos.pp.dat408

     Writing data to be plotted to file /home/ubuntu/projects/Graphene-Band-Structure-Quantum-Espresso/outputs/field_0.001/PBE-d3/bottom/data/ldos.pp.dat408.xsf
     Plot Type: 3D                     Output format: XCrySDen     
     Reading data from file  /home/ubuntu/projects/Graphene-Band-Structure-Quantum-Espresso/outputs/field_0.001/PBE-d3/bottom/data/ldos.pp.dat409

     Writing data to be plotted to file /home/ubuntu/projects/Graphene-Band-Structure-Quantum-Espresso/outputs/field_0.001/PBE-d3/bottom/data/ldos.pp.dat409.xsf
     Plot Type: 3D                     Output format: XCrySDen     
     Reading data from file  /home/ubuntu/projects/Graphene-Band-Structure-Quantum-Espresso/outputs/field_0.001/PBE-d3/bottom/data/ldos.pp.dat410

     Writing data to be plotted to file /home/ubuntu/projects/Graphene-Band-Structure-Quantum-Espresso/outputs/field_0.001/PBE-d3/bottom/data/ldos.pp.dat410.xsf
     Plot Type: 3D                     Output format: XCrySDen     
     Reading data from file  /home/ubuntu/projects/Graphene-Band-Structure-Quantum-Espresso/outputs/field_0.001/PBE-d3/bottom/data/ldos.pp.dat411

     Writing data to be plotted to file /home/ubuntu/projects/Graphene-Band-Structure-Quantum-Espresso/outputs/field_0.001/PBE-d3/bottom/data/ldos.pp.dat411.xsf
     Plot Type: 3D                     Output format: XCrySDen     
     Reading data from file  /home/ubuntu/projects/Graphene-Band-Structure-Quantum-Espresso/outputs/field_0.001/PBE-d3/bottom/data/ldos.pp.dat412

     Writing data to be plotted to file /home/ubuntu/projects/Graphene-Band-Structure-Quantum-Espresso/outputs/field_0.001/PBE-d3/bottom/data/ldos.pp.dat412.xsf
     Plot Type: 3D                     Output format: XCrySDen     
     Reading data from file  /home/ubuntu/projects/Graphene-Band-Structure-Quantum-Espresso/outputs/field_0.001/PBE-d3/bottom/data/ldos.pp.dat413

     Writing data to be plotted to file /home/ubuntu/projects/Graphene-Band-Structure-Quantum-Espresso/outputs/field_0.001/PBE-d3/bottom/data/ldos.pp.dat413.xsf
     Plot Type: 3D                     Output format: XCrySDen     
     Reading data from file  /home/ubuntu/projects/Graphene-Band-Structure-Quantum-Espresso/outputs/field_0.001/PBE-d3/bottom/data/ldos.pp.dat414

     Writing data to be plotted to file /home/ubuntu/projects/Graphene-Band-Structure-Quantum-Espresso/outputs/field_0.001/PBE-d3/bottom/data/ldos.pp.dat414.xsf
     Plot Type: 3D                     Output format: XCrySDen     
     Reading data from file  /home/ubuntu/projects/Graphene-Band-Structure-Quantum-Espresso/outputs/field_0.001/PBE-d3/bottom/data/ldos.pp.dat415

     Writing data to be plotted to file /home/ubuntu/projects/Graphene-Band-Structure-Quantum-Espresso/outputs/field_0.001/PBE-d3/bottom/data/ldos.pp.dat415.xsf
     Plot Type: 3D                     Output format: XCrySDen     
     Reading data from file  /home/ubuntu/projects/Graphene-Band-Structure-Quantum-Espresso/outputs/field_0.001/PBE-d3/bottom/data/ldos.pp.dat416

     Writing data to be plotted to file /home/ubuntu/projects/Graphene-Band-Structure-Quantum-Espresso/outputs/field_0.001/PBE-d3/bottom/data/ldos.pp.dat416.xsf
     Plot Type: 3D                     Output format: XCrySDen     
     Reading data from file  /home/ubuntu/projects/Graphene-Band-Structure-Quantum-Espresso/outputs/field_0.001/PBE-d3/bottom/data/ldos.pp.dat417

     Writing data to be plotted to file /home/ubuntu/projects/Graphene-Band-Structure-Quantum-Espresso/outputs/field_0.001/PBE-d3/bottom/data/ldos.pp.dat417.xsf
     Plot Type: 3D                     Output format: XCrySDen     
     Reading data from file  /home/ubuntu/projects/Graphene-Band-Structure-Quantum-Espresso/outputs/field_0.001/PBE-d3/bottom/data/ldos.pp.dat418

     Writing data to be plotted to file /home/ubuntu/projects/Graphene-Band-Structure-Quantum-Espresso/outputs/field_0.001/PBE-d3/bottom/data/ldos.pp.dat418.xsf
     Plot Type: 3D                     Output format: XCrySDen     
     Reading data from file  /home/ubuntu/projects/Graphene-Band-Structure-Quantum-Espresso/outputs/field_0.001/PBE-d3/bottom/data/ldos.pp.dat419

     Writing data to be plotted to file /home/ubuntu/projects/Graphene-Band-Structure-Quantum-Espresso/outputs/field_0.001/PBE-d3/bottom/data/ldos.pp.dat419.xsf
     Plot Type: 3D                     Output format: XCrySDen     
     Reading data from file  /home/ubuntu/projects/Graphene-Band-Structure-Quantum-Espresso/outputs/field_0.001/PBE-d3/bottom/data/ldos.pp.dat420

     Writing data to be plotted to file /home/ubuntu/projects/Graphene-Band-Structure-Quantum-Espresso/outputs/field_0.001/PBE-d3/bottom/data/ldos.pp.dat420.xsf
     Plot Type: 3D                     Output format: XCrySDen     
     Reading data from file  /home/ubuntu/projects/Graphene-Band-Structure-Quantum-Espresso/outputs/field_0.001/PBE-d3/bottom/data/ldos.pp.dat421

     Writing data to be plotted to file /home/ubuntu/projects/Graphene-Band-Structure-Quantum-Espresso/outputs/field_0.001/PBE-d3/bottom/data/ldos.pp.dat421.xsf
     Plot Type: 3D                     Output format: XCrySDen     
     Reading data from file  /home/ubuntu/projects/Graphene-Band-Structure-Quantum-Espresso/outputs/field_0.001/PBE-d3/bottom/data/ldos.pp.dat422

     Writing data to be plotted to file /home/ubuntu/projects/Graphene-Band-Structure-Quantum-Espresso/outputs/field_0.001/PBE-d3/bottom/data/ldos.pp.dat422.xsf
     Plot Type: 3D                     Output format: XCrySDen     
     Reading data from file  /home/ubuntu/projects/Graphene-Band-Structure-Quantum-Espresso/outputs/field_0.001/PBE-d3/bottom/data/ldos.pp.dat423

     Writing data to be plotted to file /home/ubuntu/projects/Graphene-Band-Structure-Quantum-Espresso/outputs/field_0.001/PBE-d3/bottom/data/ldos.pp.dat423.xsf
     Plot Type: 3D                     Output format: XCrySDen     
     Reading data from file  /home/ubuntu/projects/Graphene-Band-Structure-Quantum-Espresso/outputs/field_0.001/PBE-d3/bottom/data/ldos.pp.dat424

     Writing data to be plotted to file /home/ubuntu/projects/Graphene-Band-Structure-Quantum-Espresso/outputs/field_0.001/PBE-d3/bottom/data/ldos.pp.dat424.xsf
     Plot Type: 3D                     Output format: XCrySDen     
     Reading data from file  /home/ubuntu/projects/Graphene-Band-Structure-Quantum-Espresso/outputs/field_0.001/PBE-d3/bottom/data/ldos.pp.dat425

     Writing data to be plotted to file /home/ubuntu/projects/Graphene-Band-Structure-Quantum-Espresso/outputs/field_0.001/PBE-d3/bottom/data/ldos.pp.dat425.xsf
     Plot Type: 3D                     Output format: XCrySDen     
     Reading data from file  /home/ubuntu/projects/Graphene-Band-Structure-Quantum-Espresso/outputs/field_0.001/PBE-d3/bottom/data/ldos.pp.dat426

     Writing data to be plotted to file /home/ubuntu/projects/Graphene-Band-Structure-Quantum-Espresso/outputs/field_0.001/PBE-d3/bottom/data/ldos.pp.dat426.xsf
     Plot Type: 3D                     Output format: XCrySDen     
     Reading data from file  /home/ubuntu/projects/Graphene-Band-Structure-Quantum-Espresso/outputs/field_0.001/PBE-d3/bottom/data/ldos.pp.dat427

     Writing data to be plotted to file /home/ubuntu/projects/Graphene-Band-Structure-Quantum-Espresso/outputs/field_0.001/PBE-d3/bottom/data/ldos.pp.dat427.xsf
     Plot Type: 3D                     Output format: XCrySDen     
     Reading data from file  /home/ubuntu/projects/Graphene-Band-Structure-Quantum-Espresso/outputs/field_0.001/PBE-d3/bottom/data/ldos.pp.dat428

     Writing data to be plotted to file /home/ubuntu/projects/Graphene-Band-Structure-Quantum-Espresso/outputs/field_0.001/PBE-d3/bottom/data/ldos.pp.dat428.xsf
     Plot Type: 3D                     Output format: XCrySDen     
     Reading data from file  /home/ubuntu/projects/Graphene-Band-Structure-Quantum-Espresso/outputs/field_0.001/PBE-d3/bottom/data/ldos.pp.dat429

     Writing data to be plotted to file /home/ubuntu/projects/Graphene-Band-Structure-Quantum-Espresso/outputs/field_0.001/PBE-d3/bottom/data/ldos.pp.dat429.xsf
     Plot Type: 3D                     Output format: XCrySDen     
     Reading data from file  /home/ubuntu/projects/Graphene-Band-Structure-Quantum-Espresso/outputs/field_0.001/PBE-d3/bottom/data/ldos.pp.dat430

     Writing data to be plotted to file /home/ubuntu/projects/Graphene-Band-Structure-Quantum-Espresso/outputs/field_0.001/PBE-d3/bottom/data/ldos.pp.dat430.xsf
     Plot Type: 3D                     Output format: XCrySDen     
     Reading data from file  /home/ubuntu/projects/Graphene-Band-Structure-Quantum-Espresso/outputs/field_0.001/PBE-d3/bottom/data/ldos.pp.dat431

     Writing data to be plotted to file /home/ubuntu/projects/Graphene-Band-Structure-Quantum-Espresso/outputs/field_0.001/PBE-d3/bottom/data/ldos.pp.dat431.xsf
     Plot Type: 3D                     Output format: XCrySDen     
     Reading data from file  /home/ubuntu/projects/Graphene-Band-Structure-Quantum-Espresso/outputs/field_0.001/PBE-d3/bottom/data/ldos.pp.dat432

     Writing data to be plotted to file /home/ubuntu/projects/Graphene-Band-Structure-Quantum-Espresso/outputs/field_0.001/PBE-d3/bottom/data/ldos.pp.dat432.xsf
     Plot Type: 3D                     Output format: XCrySDen     
     Reading data from file  /home/ubuntu/projects/Graphene-Band-Structure-Quantum-Espresso/outputs/field_0.001/PBE-d3/bottom/data/ldos.pp.dat433

     Writing data to be plotted to file /home/ubuntu/projects/Graphene-Band-Structure-Quantum-Espresso/outputs/field_0.001/PBE-d3/bottom/data/ldos.pp.dat433.xsf
     Plot Type: 3D                     Output format: XCrySDen     
     Reading data from file  /home/ubuntu/projects/Graphene-Band-Structure-Quantum-Espresso/outputs/field_0.001/PBE-d3/bottom/data/ldos.pp.dat434

     Writing data to be plotted to file /home/ubuntu/projects/Graphene-Band-Structure-Quantum-Espresso/outputs/field_0.001/PBE-d3/bottom/data/ldos.pp.dat434.xsf
     Plot Type: 3D                     Output format: XCrySDen     
     Reading data from file  /home/ubuntu/projects/Graphene-Band-Structure-Quantum-Espresso/outputs/field_0.001/PBE-d3/bottom/data/ldos.pp.dat435

     Writing data to be plotted to file /home/ubuntu/projects/Graphene-Band-Structure-Quantum-Espresso/outputs/field_0.001/PBE-d3/bottom/data/ldos.pp.dat435.xsf
     Plot Type: 3D                     Output format: XCrySDen     
     Reading data from file  /home/ubuntu/projects/Graphene-Band-Structure-Quantum-Espresso/outputs/field_0.001/PBE-d3/bottom/data/ldos.pp.dat436

     Writing data to be plotted to file /home/ubuntu/projects/Graphene-Band-Structure-Quantum-Espresso/outputs/field_0.001/PBE-d3/bottom/data/ldos.pp.dat436.xsf
     Plot Type: 3D                     Output format: XCrySDen     
     Reading data from file  /home/ubuntu/projects/Graphene-Band-Structure-Quantum-Espresso/outputs/field_0.001/PBE-d3/bottom/data/ldos.pp.dat437

     Writing data to be plotted to file /home/ubuntu/projects/Graphene-Band-Structure-Quantum-Espresso/outputs/field_0.001/PBE-d3/bottom/data/ldos.pp.dat437.xsf
     Plot Type: 3D                     Output format: XCrySDen     
     Reading data from file  /home/ubuntu/projects/Graphene-Band-Structure-Quantum-Espresso/outputs/field_0.001/PBE-d3/bottom/data/ldos.pp.dat438

     Writing data to be plotted to file /home/ubuntu/projects/Graphene-Band-Structure-Quantum-Espresso/outputs/field_0.001/PBE-d3/bottom/data/ldos.pp.dat438.xsf
     Plot Type: 3D                     Output format: XCrySDen     
     Reading data from file  /home/ubuntu/projects/Graphene-Band-Structure-Quantum-Espresso/outputs/field_0.001/PBE-d3/bottom/data/ldos.pp.dat439

     Writing data to be plotted to file /home/ubuntu/projects/Graphene-Band-Structure-Quantum-Espresso/outputs/field_0.001/PBE-d3/bottom/data/ldos.pp.dat439.xsf
     Plot Type: 3D                     Output format: XCrySDen     
     Reading data from file  /home/ubuntu/projects/Graphene-Band-Structure-Quantum-Espresso/outputs/field_0.001/PBE-d3/bottom/data/ldos.pp.dat440

     Writing data to be plotted to file /home/ubuntu/projects/Graphene-Band-Structure-Quantum-Espresso/outputs/field_0.001/PBE-d3/bottom/data/ldos.pp.dat440.xsf
     Plot Type: 3D                     Output format: XCrySDen     
     Reading data from file  /home/ubuntu/projects/Graphene-Band-Structure-Quantum-Espresso/outputs/field_0.001/PBE-d3/bottom/data/ldos.pp.dat441

     Writing data to be plotted to file /home/ubuntu/projects/Graphene-Band-Structure-Quantum-Espresso/outputs/field_0.001/PBE-d3/bottom/data/ldos.pp.dat441.xsf
     Plot Type: 3D                     Output format: XCrySDen     
     Reading data from file  /home/ubuntu/projects/Graphene-Band-Structure-Quantum-Espresso/outputs/field_0.001/PBE-d3/bottom/data/ldos.pp.dat442

     Writing data to be plotted to file /home/ubuntu/projects/Graphene-Band-Structure-Quantum-Espresso/outputs/field_0.001/PBE-d3/bottom/data/ldos.pp.dat442.xsf
     Plot Type: 3D                     Output format: XCrySDen     
     Reading data from file  /home/ubuntu/projects/Graphene-Band-Structure-Quantum-Espresso/outputs/field_0.001/PBE-d3/bottom/data/ldos.pp.dat443

     Writing data to be plotted to file /home/ubuntu/projects/Graphene-Band-Structure-Quantum-Espresso/outputs/field_0.001/PBE-d3/bottom/data/ldos.pp.dat443.xsf
     Plot Type: 3D                     Output format: XCrySDen     
     Reading data from file  /home/ubuntu/projects/Graphene-Band-Structure-Quantum-Espresso/outputs/field_0.001/PBE-d3/bottom/data/ldos.pp.dat444

     Writing data to be plotted to file /home/ubuntu/projects/Graphene-Band-Structure-Quantum-Espresso/outputs/field_0.001/PBE-d3/bottom/data/ldos.pp.dat444.xsf
     Plot Type: 3D                     Output format: XCrySDen     
     Reading data from file  /home/ubuntu/projects/Graphene-Band-Structure-Quantum-Espresso/outputs/field_0.001/PBE-d3/bottom/data/ldos.pp.dat445

     Writing data to be plotted to file /home/ubuntu/projects/Graphene-Band-Structure-Quantum-Espresso/outputs/field_0.001/PBE-d3/bottom/data/ldos.pp.dat445.xsf
     Plot Type: 3D                     Output format: XCrySDen     
     Reading data from file  /home/ubuntu/projects/Graphene-Band-Structure-Quantum-Espresso/outputs/field_0.001/PBE-d3/bottom/data/ldos.pp.dat446

     Writing data to be plotted to file /home/ubuntu/projects/Graphene-Band-Structure-Quantum-Espresso/outputs/field_0.001/PBE-d3/bottom/data/ldos.pp.dat446.xsf
     Plot Type: 3D                     Output format: XCrySDen     
     Reading data from file  /home/ubuntu/projects/Graphene-Band-Structure-Quantum-Espresso/outputs/field_0.001/PBE-d3/bottom/data/ldos.pp.dat447

     Writing data to be plotted to file /home/ubuntu/projects/Graphene-Band-Structure-Quantum-Espresso/outputs/field_0.001/PBE-d3/bottom/data/ldos.pp.dat447.xsf
     Plot Type: 3D                     Output format: XCrySDen     
     Reading data from file  /home/ubuntu/projects/Graphene-Band-Structure-Quantum-Espresso/outputs/field_0.001/PBE-d3/bottom/data/ldos.pp.dat448

     Writing data to be plotted to file /home/ubuntu/projects/Graphene-Band-Structure-Quantum-Espresso/outputs/field_0.001/PBE-d3/bottom/data/ldos.pp.dat448.xsf
     Plot Type: 3D                     Output format: XCrySDen     
     Reading data from file  /home/ubuntu/projects/Graphene-Band-Structure-Quantum-Espresso/outputs/field_0.001/PBE-d3/bottom/data/ldos.pp.dat449

     Writing data to be plotted to file /home/ubuntu/projects/Graphene-Band-Structure-Quantum-Espresso/outputs/field_0.001/PBE-d3/bottom/data/ldos.pp.dat449.xsf
     Plot Type: 3D                     Output format: XCrySDen     
     Reading data from file  /home/ubuntu/projects/Graphene-Band-Structure-Quantum-Espresso/outputs/field_0.001/PBE-d3/bottom/data/ldos.pp.dat450

     Writing data to be plotted to file /home/ubuntu/projects/Graphene-Band-Structure-Quantum-Espresso/outputs/field_0.001/PBE-d3/bottom/data/ldos.pp.dat450.xsf
     Plot Type: 3D                     Output format: XCrySDen     
     Reading data from file  /home/ubuntu/projects/Graphene-Band-Structure-Quantum-Espresso/outputs/field_0.001/PBE-d3/bottom/data/ldos.pp.dat451

     Writing data to be plotted to file /home/ubuntu/projects/Graphene-Band-Structure-Quantum-Espresso/outputs/field_0.001/PBE-d3/bottom/data/ldos.pp.dat451.xsf
     Plot Type: 3D                     Output format: XCrySDen     
     Reading data from file  /home/ubuntu/projects/Graphene-Band-Structure-Quantum-Espresso/outputs/field_0.001/PBE-d3/bottom/data/ldos.pp.dat452

     Writing data to be plotted to file /home/ubuntu/projects/Graphene-Band-Structure-Quantum-Espresso/outputs/field_0.001/PBE-d3/bottom/data/ldos.pp.dat452.xsf
     Plot Type: 3D                     Output format: XCrySDen     
     Reading data from file  /home/ubuntu/projects/Graphene-Band-Structure-Quantum-Espresso/outputs/field_0.001/PBE-d3/bottom/data/ldos.pp.dat453

     Writing data to be plotted to file /home/ubuntu/projects/Graphene-Band-Structure-Quantum-Espresso/outputs/field_0.001/PBE-d3/bottom/data/ldos.pp.dat453.xsf
     Plot Type: 3D                     Output format: XCrySDen     
     Reading data from file  /home/ubuntu/projects/Graphene-Band-Structure-Quantum-Espresso/outputs/field_0.001/PBE-d3/bottom/data/ldos.pp.dat454

     Writing data to be plotted to file /home/ubuntu/projects/Graphene-Band-Structure-Quantum-Espresso/outputs/field_0.001/PBE-d3/bottom/data/ldos.pp.dat454.xsf
     Plot Type: 3D                     Output format: XCrySDen     
     Reading data from file  /home/ubuntu/projects/Graphene-Band-Structure-Quantum-Espresso/outputs/field_0.001/PBE-d3/bottom/data/ldos.pp.dat455

     Writing data to be plotted to file /home/ubuntu/projects/Graphene-Band-Structure-Quantum-Espresso/outputs/field_0.001/PBE-d3/bottom/data/ldos.pp.dat455.xsf
     Plot Type: 3D                     Output format: XCrySDen     
     Reading data from file  /home/ubuntu/projects/Graphene-Band-Structure-Quantum-Espresso/outputs/field_0.001/PBE-d3/bottom/data/ldos.pp.dat456

     Writing data to be plotted to file /home/ubuntu/projects/Graphene-Band-Structure-Quantum-Espresso/outputs/field_0.001/PBE-d3/bottom/data/ldos.pp.dat456.xsf
     Plot Type: 3D                     Output format: XCrySDen     
     Reading data from file  /home/ubuntu/projects/Graphene-Band-Structure-Quantum-Espresso/outputs/field_0.001/PBE-d3/bottom/data/ldos.pp.dat457

     Writing data to be plotted to file /home/ubuntu/projects/Graphene-Band-Structure-Quantum-Espresso/outputs/field_0.001/PBE-d3/bottom/data/ldos.pp.dat457.xsf
     Plot Type: 3D                     Output format: XCrySDen     
     Reading data from file  /home/ubuntu/projects/Graphene-Band-Structure-Quantum-Espresso/outputs/field_0.001/PBE-d3/bottom/data/ldos.pp.dat458

     Writing data to be plotted to file /home/ubuntu/projects/Graphene-Band-Structure-Quantum-Espresso/outputs/field_0.001/PBE-d3/bottom/data/ldos.pp.dat458.xsf
     Plot Type: 3D                     Output format: XCrySDen     
     Reading data from file  /home/ubuntu/projects/Graphene-Band-Structure-Quantum-Espresso/outputs/field_0.001/PBE-d3/bottom/data/ldos.pp.dat459

     Writing data to be plotted to file /home/ubuntu/projects/Graphene-Band-Structure-Quantum-Espresso/outputs/field_0.001/PBE-d3/bottom/data/ldos.pp.dat459.xsf
     Plot Type: 3D                     Output format: XCrySDen     
     Reading data from file  /home/ubuntu/projects/Graphene-Band-Structure-Quantum-Espresso/outputs/field_0.001/PBE-d3/bottom/data/ldos.pp.dat460

     Writing data to be plotted to file /home/ubuntu/projects/Graphene-Band-Structure-Quantum-Espresso/outputs/field_0.001/PBE-d3/bottom/data/ldos.pp.dat460.xsf
     Plot Type: 3D                     Output format: XCrySDen     
     Reading data from file  /home/ubuntu/projects/Graphene-Band-Structure-Quantum-Espresso/outputs/field_0.001/PBE-d3/bottom/data/ldos.pp.dat461

     Writing data to be plotted to file /home/ubuntu/projects/Graphene-Band-Structure-Quantum-Espresso/outputs/field_0.001/PBE-d3/bottom/data/ldos.pp.dat461.xsf
     Plot Type: 3D                     Output format: XCrySDen     
     Reading data from file  /home/ubuntu/projects/Graphene-Band-Structure-Quantum-Espresso/outputs/field_0.001/PBE-d3/bottom/data/ldos.pp.dat462

     Writing data to be plotted to file /home/ubuntu/projects/Graphene-Band-Structure-Quantum-Espresso/outputs/field_0.001/PBE-d3/bottom/data/ldos.pp.dat462.xsf
     Plot Type: 3D                     Output format: XCrySDen     
     Reading data from file  /home/ubuntu/projects/Graphene-Band-Structure-Quantum-Espresso/outputs/field_0.001/PBE-d3/bottom/data/ldos.pp.dat463

     Writing data to be plotted to file /home/ubuntu/projects/Graphene-Band-Structure-Quantum-Espresso/outputs/field_0.001/PBE-d3/bottom/data/ldos.pp.dat463.xsf
     Plot Type: 3D                     Output format: XCrySDen     
     Reading data from file  /home/ubuntu/projects/Graphene-Band-Structure-Quantum-Espresso/outputs/field_0.001/PBE-d3/bottom/data/ldos.pp.dat464

     Writing data to be plotted to file /home/ubuntu/projects/Graphene-Band-Structure-Quantum-Espresso/outputs/field_0.001/PBE-d3/bottom/data/ldos.pp.dat464.xsf
     Plot Type: 3D                     Output format: XCrySDen     
     Reading data from file  /home/ubuntu/projects/Graphene-Band-Structure-Quantum-Espresso/outputs/field_0.001/PBE-d3/bottom/data/ldos.pp.dat465

     Writing data to be plotted to file /home/ubuntu/projects/Graphene-Band-Structure-Quantum-Espresso/outputs/field_0.001/PBE-d3/bottom/data/ldos.pp.dat465.xsf
     Plot Type: 3D                     Output format: XCrySDen     
     Reading data from file  /home/ubuntu/projects/Graphene-Band-Structure-Quantum-Espresso/outputs/field_0.001/PBE-d3/bottom/data/ldos.pp.dat466

     Writing data to be plotted to file /home/ubuntu/projects/Graphene-Band-Structure-Quantum-Espresso/outputs/field_0.001/PBE-d3/bottom/data/ldos.pp.dat466.xsf
     Plot Type: 3D                     Output format: XCrySDen     
     Reading data from file  /home/ubuntu/projects/Graphene-Band-Structure-Quantum-Espresso/outputs/field_0.001/PBE-d3/bottom/data/ldos.pp.dat467

     Writing data to be plotted to file /home/ubuntu/projects/Graphene-Band-Structure-Quantum-Espresso/outputs/field_0.001/PBE-d3/bottom/data/ldos.pp.dat467.xsf
     Plot Type: 3D                     Output format: XCrySDen     
     Reading data from file  /home/ubuntu/projects/Graphene-Band-Structure-Quantum-Espresso/outputs/field_0.001/PBE-d3/bottom/data/ldos.pp.dat468

     Writing data to be plotted to file /home/ubuntu/projects/Graphene-Band-Structure-Quantum-Espresso/outputs/field_0.001/PBE-d3/bottom/data/ldos.pp.dat468.xsf
     Plot Type: 3D                     Output format: XCrySDen     
     Reading data from file  /home/ubuntu/projects/Graphene-Band-Structure-Quantum-Espresso/outputs/field_0.001/PBE-d3/bottom/data/ldos.pp.dat469

     Writing data to be plotted to file /home/ubuntu/projects/Graphene-Band-Structure-Quantum-Espresso/outputs/field_0.001/PBE-d3/bottom/data/ldos.pp.dat469.xsf
     Plot Type: 3D                     Output format: XCrySDen     
     Reading data from file  /home/ubuntu/projects/Graphene-Band-Structure-Quantum-Espresso/outputs/field_0.001/PBE-d3/bottom/data/ldos.pp.dat470

     Writing data to be plotted to file /home/ubuntu/projects/Graphene-Band-Structure-Quantum-Espresso/outputs/field_0.001/PBE-d3/bottom/data/ldos.pp.dat470.xsf
     Plot Type: 3D                     Output format: XCrySDen     
     Reading data from file  /home/ubuntu/projects/Graphene-Band-Structure-Quantum-Espresso/outputs/field_0.001/PBE-d3/bottom/data/ldos.pp.dat471

     Writing data to be plotted to file /home/ubuntu/projects/Graphene-Band-Structure-Quantum-Espresso/outputs/field_0.001/PBE-d3/bottom/data/ldos.pp.dat471.xsf
     Plot Type: 3D                     Output format: XCrySDen     
     Reading data from file  /home/ubuntu/projects/Graphene-Band-Structure-Quantum-Espresso/outputs/field_0.001/PBE-d3/bottom/data/ldos.pp.dat472

     Writing data to be plotted to file /home/ubuntu/projects/Graphene-Band-Structure-Quantum-Espresso/outputs/field_0.001/PBE-d3/bottom/data/ldos.pp.dat472.xsf
     Plot Type: 3D                     Output format: XCrySDen     
     Reading data from file  /home/ubuntu/projects/Graphene-Band-Structure-Quantum-Espresso/outputs/field_0.001/PBE-d3/bottom/data/ldos.pp.dat473

     Writing data to be plotted to file /home/ubuntu/projects/Graphene-Band-Structure-Quantum-Espresso/outputs/field_0.001/PBE-d3/bottom/data/ldos.pp.dat473.xsf
     Plot Type: 3D                     Output format: XCrySDen     
     Reading data from file  /home/ubuntu/projects/Graphene-Band-Structure-Quantum-Espresso/outputs/field_0.001/PBE-d3/bottom/data/ldos.pp.dat474

     Writing data to be plotted to file /home/ubuntu/projects/Graphene-Band-Structure-Quantum-Espresso/outputs/field_0.001/PBE-d3/bottom/data/ldos.pp.dat474.xsf
     Plot Type: 3D                     Output format: XCrySDen     
     Reading data from file  /home/ubuntu/projects/Graphene-Band-Structure-Quantum-Espresso/outputs/field_0.001/PBE-d3/bottom/data/ldos.pp.dat475

     Writing data to be plotted to file /home/ubuntu/projects/Graphene-Band-Structure-Quantum-Espresso/outputs/field_0.001/PBE-d3/bottom/data/ldos.pp.dat475.xsf
     Plot Type: 3D                     Output format: XCrySDen     
     Reading data from file  /home/ubuntu/projects/Graphene-Band-Structure-Quantum-Espresso/outputs/field_0.001/PBE-d3/bottom/data/ldos.pp.dat476

     Writing data to be plotted to file /home/ubuntu/projects/Graphene-Band-Structure-Quantum-Espresso/outputs/field_0.001/PBE-d3/bottom/data/ldos.pp.dat476.xsf
     Plot Type: 3D                     Output format: XCrySDen     
     Reading data from file  /home/ubuntu/projects/Graphene-Band-Structure-Quantum-Espresso/outputs/field_0.001/PBE-d3/bottom/data/ldos.pp.dat477

     Writing data to be plotted to file /home/ubuntu/projects/Graphene-Band-Structure-Quantum-Espresso/outputs/field_0.001/PBE-d3/bottom/data/ldos.pp.dat477.xsf
     Plot Type: 3D                     Output format: XCrySDen     
     Reading data from file  /home/ubuntu/projects/Graphene-Band-Structure-Quantum-Espresso/outputs/field_0.001/PBE-d3/bottom/data/ldos.pp.dat478

     Writing data to be plotted to file /home/ubuntu/projects/Graphene-Band-Structure-Quantum-Espresso/outputs/field_0.001/PBE-d3/bottom/data/ldos.pp.dat478.xsf
     Plot Type: 3D                     Output format: XCrySDen     
     Reading data from file  /home/ubuntu/projects/Graphene-Band-Structure-Quantum-Espresso/outputs/field_0.001/PBE-d3/bottom/data/ldos.pp.dat479

     Writing data to be plotted to file /home/ubuntu/projects/Graphene-Band-Structure-Quantum-Espresso/outputs/field_0.001/PBE-d3/bottom/data/ldos.pp.dat479.xsf
     Plot Type: 3D                     Output format: XCrySDen     
     Reading data from file  /home/ubuntu/projects/Graphene-Band-Structure-Quantum-Espresso/outputs/field_0.001/PBE-d3/bottom/data/ldos.pp.dat480

     Writing data to be plotted to file /home/ubuntu/projects/Graphene-Band-Structure-Quantum-Espresso/outputs/field_0.001/PBE-d3/bottom/data/ldos.pp.dat480.xsf
     Plot Type: 3D                     Output format: XCrySDen     
     Reading data from file  /home/ubuntu/projects/Graphene-Band-Structure-Quantum-Espresso/outputs/field_0.001/PBE-d3/bottom/data/ldos.pp.dat481

     Writing data to be plotted to file /home/ubuntu/projects/Graphene-Band-Structure-Quantum-Espresso/outputs/field_0.001/PBE-d3/bottom/data/ldos.pp.dat481.xsf
     Plot Type: 3D                     Output format: XCrySDen     
     Reading data from file  /home/ubuntu/projects/Graphene-Band-Structure-Quantum-Espresso/outputs/field_0.001/PBE-d3/bottom/data/ldos.pp.dat482

     Writing data to be plotted to file /home/ubuntu/projects/Graphene-Band-Structure-Quantum-Espresso/outputs/field_0.001/PBE-d3/bottom/data/ldos.pp.dat482.xsf
     Plot Type: 3D                     Output format: XCrySDen     
     Reading data from file  /home/ubuntu/projects/Graphene-Band-Structure-Quantum-Espresso/outputs/field_0.001/PBE-d3/bottom/data/ldos.pp.dat483

     Writing data to be plotted to file /home/ubuntu/projects/Graphene-Band-Structure-Quantum-Espresso/outputs/field_0.001/PBE-d3/bottom/data/ldos.pp.dat483.xsf
     Plot Type: 3D                     Output format: XCrySDen     
     Reading data from file  /home/ubuntu/projects/Graphene-Band-Structure-Quantum-Espresso/outputs/field_0.001/PBE-d3/bottom/data/ldos.pp.dat484

     Writing data to be plotted to file /home/ubuntu/projects/Graphene-Band-Structure-Quantum-Espresso/outputs/field_0.001/PBE-d3/bottom/data/ldos.pp.dat484.xsf
     Plot Type: 3D                     Output format: XCrySDen     
     Reading data from file  /home/ubuntu/projects/Graphene-Band-Structure-Quantum-Espresso/outputs/field_0.001/PBE-d3/bottom/data/ldos.pp.dat485

     Writing data to be plotted to file /home/ubuntu/projects/Graphene-Band-Structure-Quantum-Espresso/outputs/field_0.001/PBE-d3/bottom/data/ldos.pp.dat485.xsf
     Plot Type: 3D                     Output format: XCrySDen     
     Reading data from file  /home/ubuntu/projects/Graphene-Band-Structure-Quantum-Espresso/outputs/field_0.001/PBE-d3/bottom/data/ldos.pp.dat486

     Writing data to be plotted to file /home/ubuntu/projects/Graphene-Band-Structure-Quantum-Espresso/outputs/field_0.001/PBE-d3/bottom/data/ldos.pp.dat486.xsf
     Plot Type: 3D                     Output format: XCrySDen     
     Reading data from file  /home/ubuntu/projects/Graphene-Band-Structure-Quantum-Espresso/outputs/field_0.001/PBE-d3/bottom/data/ldos.pp.dat487

     Writing data to be plotted to file /home/ubuntu/projects/Graphene-Band-Structure-Quantum-Espresso/outputs/field_0.001/PBE-d3/bottom/data/ldos.pp.dat487.xsf
     Plot Type: 3D                     Output format: XCrySDen     
     Reading data from file  /home/ubuntu/projects/Graphene-Band-Structure-Quantum-Espresso/outputs/field_0.001/PBE-d3/bottom/data/ldos.pp.dat488

     Writing data to be plotted to file /home/ubuntu/projects/Graphene-Band-Structure-Quantum-Espresso/outputs/field_0.001/PBE-d3/bottom/data/ldos.pp.dat488.xsf
     Plot Type: 3D                     Output format: XCrySDen     
     Reading data from file  /home/ubuntu/projects/Graphene-Band-Structure-Quantum-Espresso/outputs/field_0.001/PBE-d3/bottom/data/ldos.pp.dat489

     Writing data to be plotted to file /home/ubuntu/projects/Graphene-Band-Structure-Quantum-Espresso/outputs/field_0.001/PBE-d3/bottom/data/ldos.pp.dat489.xsf
     Plot Type: 3D                     Output format: XCrySDen     
     Reading data from file  /home/ubuntu/projects/Graphene-Band-Structure-Quantum-Espresso/outputs/field_0.001/PBE-d3/bottom/data/ldos.pp.dat490

     Writing data to be plotted to file /home/ubuntu/projects/Graphene-Band-Structure-Quantum-Espresso/outputs/field_0.001/PBE-d3/bottom/data/ldos.pp.dat490.xsf
     Plot Type: 3D                     Output format: XCrySDen     
     Reading data from file  /home/ubuntu/projects/Graphene-Band-Structure-Quantum-Espresso/outputs/field_0.001/PBE-d3/bottom/data/ldos.pp.dat491

     Writing data to be plotted to file /home/ubuntu/projects/Graphene-Band-Structure-Quantum-Espresso/outputs/field_0.001/PBE-d3/bottom/data/ldos.pp.dat491.xsf
     Plot Type: 3D                     Output format: XCrySDen     
     Reading data from file  /home/ubuntu/projects/Graphene-Band-Structure-Quantum-Espresso/outputs/field_0.001/PBE-d3/bottom/data/ldos.pp.dat492

     Writing data to be plotted to file /home/ubuntu/projects/Graphene-Band-Structure-Quantum-Espresso/outputs/field_0.001/PBE-d3/bottom/data/ldos.pp.dat492.xsf
     Plot Type: 3D                     Output format: XCrySDen     
     Reading data from file  /home/ubuntu/projects/Graphene-Band-Structure-Quantum-Espresso/outputs/field_0.001/PBE-d3/bottom/data/ldos.pp.dat493

     Writing data to be plotted to file /home/ubuntu/projects/Graphene-Band-Structure-Quantum-Espresso/outputs/field_0.001/PBE-d3/bottom/data/ldos.pp.dat493.xsf
     Plot Type: 3D                     Output format: XCrySDen     
     Reading data from file  /home/ubuntu/projects/Graphene-Band-Structure-Quantum-Espresso/outputs/field_0.001/PBE-d3/bottom/data/ldos.pp.dat494

     Writing data to be plotted to file /home/ubuntu/projects/Graphene-Band-Structure-Quantum-Espresso/outputs/field_0.001/PBE-d3/bottom/data/ldos.pp.dat494.xsf
     Plot Type: 3D                     Output format: XCrySDen     
     Reading data from file  /home/ubuntu/projects/Graphene-Band-Structure-Quantum-Espresso/outputs/field_0.001/PBE-d3/bottom/data/ldos.pp.dat495

     Writing data to be plotted to file /home/ubuntu/projects/Graphene-Band-Structure-Quantum-Espresso/outputs/field_0.001/PBE-d3/bottom/data/ldos.pp.dat495.xsf
     Plot Type: 3D                     Output format: XCrySDen     
     Reading data from file  /home/ubuntu/projects/Graphene-Band-Structure-Quantum-Espresso/outputs/field_0.001/PBE-d3/bottom/data/ldos.pp.dat496

     Writing data to be plotted to file /home/ubuntu/projects/Graphene-Band-Structure-Quantum-Espresso/outputs/field_0.001/PBE-d3/bottom/data/ldos.pp.dat496.xsf
     Plot Type: 3D                     Output format: XCrySDen     
     Reading data from file  /home/ubuntu/projects/Graphene-Band-Structure-Quantum-Espresso/outputs/field_0.001/PBE-d3/bottom/data/ldos.pp.dat497

     Writing data to be plotted to file /home/ubuntu/projects/Graphene-Band-Structure-Quantum-Espresso/outputs/field_0.001/PBE-d3/bottom/data/ldos.pp.dat497.xsf
     Plot Type: 3D                     Output format: XCrySDen     
     Reading data from file  /home/ubuntu/projects/Graphene-Band-Structure-Quantum-Espresso/outputs/field_0.001/PBE-d3/bottom/data/ldos.pp.dat498

     Writing data to be plotted to file /home/ubuntu/projects/Graphene-Band-Structure-Quantum-Espresso/outputs/field_0.001/PBE-d3/bottom/data/ldos.pp.dat498.xsf
     Plot Type: 3D                     Output format: XCrySDen     
     Reading data from file  /home/ubuntu/projects/Graphene-Band-Structure-Quantum-Espresso/outputs/field_0.001/PBE-d3/bottom/data/ldos.pp.dat499

     Writing data to be plotted to file /home/ubuntu/projects/Graphene-Band-Structure-Quantum-Espresso/outputs/field_0.001/PBE-d3/bottom/data/ldos.pp.dat499.xsf
     Plot Type: 3D                     Output format: XCrySDen     
     Reading data from file  /home/ubuntu/projects/Graphene-Band-Structure-Quantum-Espresso/outputs/field_0.001/PBE-d3/bottom/data/ldos.pp.dat500

     Writing data to be plotted to file /home/ubuntu/projects/Graphene-Band-Structure-Quantum-Espresso/outputs/field_0.001/PBE-d3/bottom/data/ldos.pp.dat500.xsf
     Plot Type: 3D                     Output format: XCrySDen     
     Reading data from file  /home/ubuntu/projects/Graphene-Band-Structure-Quantum-Espresso/outputs/field_0.001/PBE-d3/bottom/data/ldos.pp.dat501

     Writing data to be plotted to file /home/ubuntu/projects/Graphene-Band-Structure-Quantum-Espresso/outputs/field_0.001/PBE-d3/bottom/data/ldos.pp.dat501.xsf
     Plot Type: 3D                     Output format: XCrySDen     
     Reading data from file  /home/ubuntu/projects/Graphene-Band-Structure-Quantum-Espresso/outputs/field_0.001/PBE-d3/bottom/data/ldos.pp.dat502

     Writing data to be plotted to file /home/ubuntu/projects/Graphene-Band-Structure-Quantum-Espresso/outputs/field_0.001/PBE-d3/bottom/data/ldos.pp.dat502.xsf
     Plot Type: 3D                     Output format: XCrySDen     
     Reading data from file  /home/ubuntu/projects/Graphene-Band-Structure-Quantum-Espresso/outputs/field_0.001/PBE-d3/bottom/data/ldos.pp.dat503

     Writing data to be plotted to file /home/ubuntu/projects/Graphene-Band-Structure-Quantum-Espresso/outputs/field_0.001/PBE-d3/bottom/data/ldos.pp.dat503.xsf
     Plot Type: 3D                     Output format: XCrySDen     
     Reading data from file  /home/ubuntu/projects/Graphene-Band-Structure-Quantum-Espresso/outputs/field_0.001/PBE-d3/bottom/data/ldos.pp.dat504

     Writing data to be plotted to file /home/ubuntu/projects/Graphene-Band-Structure-Quantum-Espresso/outputs/field_0.001/PBE-d3/bottom/data/ldos.pp.dat504.xsf
     Plot Type: 3D                     Output format: XCrySDen     
     Reading data from file  /home/ubuntu/projects/Graphene-Band-Structure-Quantum-Espresso/outputs/field_0.001/PBE-d3/bottom/data/ldos.pp.dat505

     Writing data to be plotted to file /home/ubuntu/projects/Graphene-Band-Structure-Quantum-Espresso/outputs/field_0.001/PBE-d3/bottom/data/ldos.pp.dat505.xsf
     Plot Type: 3D                     Output format: XCrySDen     
     Reading data from file  /home/ubuntu/projects/Graphene-Band-Structure-Quantum-Espresso/outputs/field_0.001/PBE-d3/bottom/data/ldos.pp.dat506

     Writing data to be plotted to file /home/ubuntu/projects/Graphene-Band-Structure-Quantum-Espresso/outputs/field_0.001/PBE-d3/bottom/data/ldos.pp.dat506.xsf
     Plot Type: 3D                     Output format: XCrySDen     
     Reading data from file  /home/ubuntu/projects/Graphene-Band-Structure-Quantum-Espresso/outputs/field_0.001/PBE-d3/bottom/data/ldos.pp.dat507

     Writing data to be plotted to file /home/ubuntu/projects/Graphene-Band-Structure-Quantum-Espresso/outputs/field_0.001/PBE-d3/bottom/data/ldos.pp.dat507.xsf
     Plot Type: 3D                     Output format: XCrySDen     
     Reading data from file  /home/ubuntu/projects/Graphene-Band-Structure-Quantum-Espresso/outputs/field_0.001/PBE-d3/bottom/data/ldos.pp.dat508

     Writing data to be plotted to file /home/ubuntu/projects/Graphene-Band-Structure-Quantum-Espresso/outputs/field_0.001/PBE-d3/bottom/data/ldos.pp.dat508.xsf
     Plot Type: 3D                     Output format: XCrySDen     
     Reading data from file  /home/ubuntu/projects/Graphene-Band-Structure-Quantum-Espresso/outputs/field_0.001/PBE-d3/bottom/data/ldos.pp.dat509

     Writing data to be plotted to file /home/ubuntu/projects/Graphene-Band-Structure-Quantum-Espresso/outputs/field_0.001/PBE-d3/bottom/data/ldos.pp.dat509.xsf
     Plot Type: 3D                     Output format: XCrySDen     
     Reading data from file  /home/ubuntu/projects/Graphene-Band-Structure-Quantum-Espresso/outputs/field_0.001/PBE-d3/bottom/data/ldos.pp.dat510

     Writing data to be plotted to file /home/ubuntu/projects/Graphene-Band-Structure-Quantum-Espresso/outputs/field_0.001/PBE-d3/bottom/data/ldos.pp.dat510.xsf
     Plot Type: 3D                     Output format: XCrySDen     
     Reading data from file  /home/ubuntu/projects/Graphene-Band-Structure-Quantum-Espresso/outputs/field_0.001/PBE-d3/bottom/data/ldos.pp.dat511

     Writing data to be plotted to file /home/ubuntu/projects/Graphene-Band-Structure-Quantum-Espresso/outputs/field_0.001/PBE-d3/bottom/data/ldos.pp.dat511.xsf
     Plot Type: 3D                     Output format: XCrySDen     
     Reading data from file  /home/ubuntu/projects/Graphene-Band-Structure-Quantum-Espresso/outputs/field_0.001/PBE-d3/bottom/data/ldos.pp.dat512

     Writing data to be plotted to file /home/ubuntu/projects/Graphene-Band-Structure-Quantum-Espresso/outputs/field_0.001/PBE-d3/bottom/data/ldos.pp.dat512.xsf
     Plot Type: 3D                     Output format: XCrySDen     
     Reading data from file  /home/ubuntu/projects/Graphene-Band-Structure-Quantum-Espresso/outputs/field_0.001/PBE-d3/bottom/data/ldos.pp.dat513

     Writing data to be plotted to file /home/ubuntu/projects/Graphene-Band-Structure-Quantum-Espresso/outputs/field_0.001/PBE-d3/bottom/data/ldos.pp.dat513.xsf
     Plot Type: 3D                     Output format: XCrySDen     
     Reading data from file  /home/ubuntu/projects/Graphene-Band-Structure-Quantum-Espresso/outputs/field_0.001/PBE-d3/bottom/data/ldos.pp.dat514

     Writing data to be plotted to file /home/ubuntu/projects/Graphene-Band-Structure-Quantum-Espresso/outputs/field_0.001/PBE-d3/bottom/data/ldos.pp.dat514.xsf
     Plot Type: 3D                     Output format: XCrySDen     
     Reading data from file  /home/ubuntu/projects/Graphene-Band-Structure-Quantum-Espresso/outputs/field_0.001/PBE-d3/bottom/data/ldos.pp.dat515

     Writing data to be plotted to file /home/ubuntu/projects/Graphene-Band-Structure-Quantum-Espresso/outputs/field_0.001/PBE-d3/bottom/data/ldos.pp.dat515.xsf
     Plot Type: 3D                     Output format: XCrySDen     
     Reading data from file  /home/ubuntu/projects/Graphene-Band-Structure-Quantum-Espresso/outputs/field_0.001/PBE-d3/bottom/data/ldos.pp.dat516

     Writing data to be plotted to file /home/ubuntu/projects/Graphene-Band-Structure-Quantum-Espresso/outputs/field_0.001/PBE-d3/bottom/data/ldos.pp.dat516.xsf
     Plot Type: 3D                     Output format: XCrySDen     
     Reading data from file  /home/ubuntu/projects/Graphene-Band-Structure-Quantum-Espresso/outputs/field_0.001/PBE-d3/bottom/data/ldos.pp.dat517

     Writing data to be plotted to file /home/ubuntu/projects/Graphene-Band-Structure-Quantum-Espresso/outputs/field_0.001/PBE-d3/bottom/data/ldos.pp.dat517.xsf
     Plot Type: 3D                     Output format: XCrySDen     
     Reading data from file  /home/ubuntu/projects/Graphene-Band-Structure-Quantum-Espresso/outputs/field_0.001/PBE-d3/bottom/data/ldos.pp.dat518

     Writing data to be plotted to file /home/ubuntu/projects/Graphene-Band-Structure-Quantum-Espresso/outputs/field_0.001/PBE-d3/bottom/data/ldos.pp.dat518.xsf
     Plot Type: 3D                     Output format: XCrySDen     
     Reading data from file  /home/ubuntu/projects/Graphene-Band-Structure-Quantum-Espresso/outputs/field_0.001/PBE-d3/bottom/data/ldos.pp.dat519

     Writing data to be plotted to file /home/ubuntu/projects/Graphene-Band-Structure-Quantum-Espresso/outputs/field_0.001/PBE-d3/bottom/data/ldos.pp.dat519.xsf
     Plot Type: 3D                     Output format: XCrySDen     
     Reading data from file  /home/ubuntu/projects/Graphene-Band-Structure-Quantum-Espresso/outputs/field_0.001/PBE-d3/bottom/data/ldos.pp.dat520

     Writing data to be plotted to file /home/ubuntu/projects/Graphene-Band-Structure-Quantum-Espresso/outputs/field_0.001/PBE-d3/bottom/data/ldos.pp.dat520.xsf
     Plot Type: 3D                     Output format: XCrySDen     
     Reading data from file  /home/ubuntu/projects/Graphene-Band-Structure-Quantum-Espresso/outputs/field_0.001/PBE-d3/bottom/data/ldos.pp.dat521

     Writing data to be plotted to file /home/ubuntu/projects/Graphene-Band-Structure-Quantum-Espresso/outputs/field_0.001/PBE-d3/bottom/data/ldos.pp.dat521.xsf
     Plot Type: 3D                     Output format: XCrySDen     
     Reading data from file  /home/ubuntu/projects/Graphene-Band-Structure-Quantum-Espresso/outputs/field_0.001/PBE-d3/bottom/data/ldos.pp.dat522

     Writing data to be plotted to file /home/ubuntu/projects/Graphene-Band-Structure-Quantum-Espresso/outputs/field_0.001/PBE-d3/bottom/data/ldos.pp.dat522.xsf
     Plot Type: 3D                     Output format: XCrySDen     
     Reading data from file  /home/ubuntu/projects/Graphene-Band-Structure-Quantum-Espresso/outputs/field_0.001/PBE-d3/bottom/data/ldos.pp.dat523

     Writing data to be plotted to file /home/ubuntu/projects/Graphene-Band-Structure-Quantum-Espresso/outputs/field_0.001/PBE-d3/bottom/data/ldos.pp.dat523.xsf
     Plot Type: 3D                     Output format: XCrySDen     
     Reading data from file  /home/ubuntu/projects/Graphene-Band-Structure-Quantum-Espresso/outputs/field_0.001/PBE-d3/bottom/data/ldos.pp.dat524

     Writing data to be plotted to file /home/ubuntu/projects/Graphene-Band-Structure-Quantum-Espresso/outputs/field_0.001/PBE-d3/bottom/data/ldos.pp.dat524.xsf
     Plot Type: 3D                     Output format: XCrySDen     
     Reading data from file  /home/ubuntu/projects/Graphene-Band-Structure-Quantum-Espresso/outputs/field_0.001/PBE-d3/bottom/data/ldos.pp.dat525

     Writing data to be plotted to file /home/ubuntu/projects/Graphene-Band-Structure-Quantum-Espresso/outputs/field_0.001/PBE-d3/bottom/data/ldos.pp.dat525.xsf
     Plot Type: 3D                     Output format: XCrySDen     
     Reading data from file  /home/ubuntu/projects/Graphene-Band-Structure-Quantum-Espresso/outputs/field_0.001/PBE-d3/bottom/data/ldos.pp.dat526

     Writing data to be plotted to file /home/ubuntu/projects/Graphene-Band-Structure-Quantum-Espresso/outputs/field_0.001/PBE-d3/bottom/data/ldos.pp.dat526.xsf
     Plot Type: 3D                     Output format: XCrySDen     
     Reading data from file  /home/ubuntu/projects/Graphene-Band-Structure-Quantum-Espresso/outputs/field_0.001/PBE-d3/bottom/data/ldos.pp.dat527

     Writing data to be plotted to file /home/ubuntu/projects/Graphene-Band-Structure-Quantum-Espresso/outputs/field_0.001/PBE-d3/bottom/data/ldos.pp.dat527.xsf
     Plot Type: 3D                     Output format: XCrySDen     
     Reading data from file  /home/ubuntu/projects/Graphene-Band-Structure-Quantum-Espresso/outputs/field_0.001/PBE-d3/bottom/data/ldos.pp.dat528

     Writing data to be plotted to file /home/ubuntu/projects/Graphene-Band-Structure-Quantum-Espresso/outputs/field_0.001/PBE-d3/bottom/data/ldos.pp.dat528.xsf
     Plot Type: 3D                     Output format: XCrySDen     
     Reading data from file  /home/ubuntu/projects/Graphene-Band-Structure-Quantum-Espresso/outputs/field_0.001/PBE-d3/bottom/data/ldos.pp.dat529

     Writing data to be plotted to file /home/ubuntu/projects/Graphene-Band-Structure-Quantum-Espresso/outputs/field_0.001/PBE-d3/bottom/data/ldos.pp.dat529.xsf
     Plot Type: 3D                     Output format: XCrySDen     
     Reading data from file  /home/ubuntu/projects/Graphene-Band-Structure-Quantum-Espresso/outputs/field_0.001/PBE-d3/bottom/data/ldos.pp.dat530

     Writing data to be plotted to file /home/ubuntu/projects/Graphene-Band-Structure-Quantum-Espresso/outputs/field_0.001/PBE-d3/bottom/data/ldos.pp.dat530.xsf
     Plot Type: 3D                     Output format: XCrySDen     
     Reading data from file  /home/ubuntu/projects/Graphene-Band-Structure-Quantum-Espresso/outputs/field_0.001/PBE-d3/bottom/data/ldos.pp.dat531

     Writing data to be plotted to file /home/ubuntu/projects/Graphene-Band-Structure-Quantum-Espresso/outputs/field_0.001/PBE-d3/bottom/data/ldos.pp.dat531.xsf
     Plot Type: 3D                     Output format: XCrySDen     
     Reading data from file  /home/ubuntu/projects/Graphene-Band-Structure-Quantum-Espresso/outputs/field_0.001/PBE-d3/bottom/data/ldos.pp.dat532

     Writing data to be plotted to file /home/ubuntu/projects/Graphene-Band-Structure-Quantum-Espresso/outputs/field_0.001/PBE-d3/bottom/data/ldos.pp.dat532.xsf
     Plot Type: 3D                     Output format: XCrySDen     
     Reading data from file  /home/ubuntu/projects/Graphene-Band-Structure-Quantum-Espresso/outputs/field_0.001/PBE-d3/bottom/data/ldos.pp.dat533

     Writing data to be plotted to file /home/ubuntu/projects/Graphene-Band-Structure-Quantum-Espresso/outputs/field_0.001/PBE-d3/bottom/data/ldos.pp.dat533.xsf
     Plot Type: 3D                     Output format: XCrySDen     
     Reading data from file  /home/ubuntu/projects/Graphene-Band-Structure-Quantum-Espresso/outputs/field_0.001/PBE-d3/bottom/data/ldos.pp.dat534

     Writing data to be plotted to file /home/ubuntu/projects/Graphene-Band-Structure-Quantum-Espresso/outputs/field_0.001/PBE-d3/bottom/data/ldos.pp.dat534.xsf
     Plot Type: 3D                     Output format: XCrySDen     
     Reading data from file  /home/ubuntu/projects/Graphene-Band-Structure-Quantum-Espresso/outputs/field_0.001/PBE-d3/bottom/data/ldos.pp.dat535

     Writing data to be plotted to file /home/ubuntu/projects/Graphene-Band-Structure-Quantum-Espresso/outputs/field_0.001/PBE-d3/bottom/data/ldos.pp.dat535.xsf
     Plot Type: 3D                     Output format: XCrySDen     
     Reading data from file  /home/ubuntu/projects/Graphene-Band-Structure-Quantum-Espresso/outputs/field_0.001/PBE-d3/bottom/data/ldos.pp.dat536

     Writing data to be plotted to file /home/ubuntu/projects/Graphene-Band-Structure-Quantum-Espresso/outputs/field_0.001/PBE-d3/bottom/data/ldos.pp.dat536.xsf
     Plot Type: 3D                     Output format: XCrySDen     
     Reading data from file  /home/ubuntu/projects/Graphene-Band-Structure-Quantum-Espresso/outputs/field_0.001/PBE-d3/bottom/data/ldos.pp.dat537

     Writing data to be plotted to file /home/ubuntu/projects/Graphene-Band-Structure-Quantum-Espresso/outputs/field_0.001/PBE-d3/bottom/data/ldos.pp.dat537.xsf
     Plot Type: 3D                     Output format: XCrySDen     
     Reading data from file  /home/ubuntu/projects/Graphene-Band-Structure-Quantum-Espresso/outputs/field_0.001/PBE-d3/bottom/data/ldos.pp.dat538

     Writing data to be plotted to file /home/ubuntu/projects/Graphene-Band-Structure-Quantum-Espresso/outputs/field_0.001/PBE-d3/bottom/data/ldos.pp.dat538.xsf
     Plot Type: 3D                     Output format: XCrySDen     
     Reading data from file  /home/ubuntu/projects/Graphene-Band-Structure-Quantum-Espresso/outputs/field_0.001/PBE-d3/bottom/data/ldos.pp.dat539

     Writing data to be plotted to file /home/ubuntu/projects/Graphene-Band-Structure-Quantum-Espresso/outputs/field_0.001/PBE-d3/bottom/data/ldos.pp.dat539.xsf
     Plot Type: 3D                     Output format: XCrySDen     
     Reading data from file  /home/ubuntu/projects/Graphene-Band-Structure-Quantum-Espresso/outputs/field_0.001/PBE-d3/bottom/data/ldos.pp.dat540

     Writing data to be plotted to file /home/ubuntu/projects/Graphene-Band-Structure-Quantum-Espresso/outputs/field_0.001/PBE-d3/bottom/data/ldos.pp.dat540.xsf
     Plot Type: 3D                     Output format: XCrySDen     
     Reading data from file  /home/ubuntu/projects/Graphene-Band-Structure-Quantum-Espresso/outputs/field_0.001/PBE-d3/bottom/data/ldos.pp.dat541

     Writing data to be plotted to file /home/ubuntu/projects/Graphene-Band-Structure-Quantum-Espresso/outputs/field_0.001/PBE-d3/bottom/data/ldos.pp.dat541.xsf
     Plot Type: 3D                     Output format: XCrySDen     
     Reading data from file  /home/ubuntu/projects/Graphene-Band-Structure-Quantum-Espresso/outputs/field_0.001/PBE-d3/bottom/data/ldos.pp.dat542

     Writing data to be plotted to file /home/ubuntu/projects/Graphene-Band-Structure-Quantum-Espresso/outputs/field_0.001/PBE-d3/bottom/data/ldos.pp.dat542.xsf
     Plot Type: 3D                     Output format: XCrySDen     
     Reading data from file  /home/ubuntu/projects/Graphene-Band-Structure-Quantum-Espresso/outputs/field_0.001/PBE-d3/bottom/data/ldos.pp.dat543

     Writing data to be plotted to file /home/ubuntu/projects/Graphene-Band-Structure-Quantum-Espresso/outputs/field_0.001/PBE-d3/bottom/data/ldos.pp.dat543.xsf
     Plot Type: 3D                     Output format: XCrySDen     
     Reading data from file  /home/ubuntu/projects/Graphene-Band-Structure-Quantum-Espresso/outputs/field_0.001/PBE-d3/bottom/data/ldos.pp.dat544

     Writing data to be plotted to file /home/ubuntu/projects/Graphene-Band-Structure-Quantum-Espresso/outputs/field_0.001/PBE-d3/bottom/data/ldos.pp.dat544.xsf
     Plot Type: 3D                     Output format: XCrySDen     
     Reading data from file  /home/ubuntu/projects/Graphene-Band-Structure-Quantum-Espresso/outputs/field_0.001/PBE-d3/bottom/data/ldos.pp.dat545

     Writing data to be plotted to file /home/ubuntu/projects/Graphene-Band-Structure-Quantum-Espresso/outputs/field_0.001/PBE-d3/bottom/data/ldos.pp.dat545.xsf
     Plot Type: 3D                     Output format: XCrySDen     
     Reading data from file  /home/ubuntu/projects/Graphene-Band-Structure-Quantum-Espresso/outputs/field_0.001/PBE-d3/bottom/data/ldos.pp.dat546

     Writing data to be plotted to file /home/ubuntu/projects/Graphene-Band-Structure-Quantum-Espresso/outputs/field_0.001/PBE-d3/bottom/data/ldos.pp.dat546.xsf
     Plot Type: 3D                     Output format: XCrySDen     
     Reading data from file  /home/ubuntu/projects/Graphene-Band-Structure-Quantum-Espresso/outputs/field_0.001/PBE-d3/bottom/data/ldos.pp.dat547

     Writing data to be plotted to file /home/ubuntu/projects/Graphene-Band-Structure-Quantum-Espresso/outputs/field_0.001/PBE-d3/bottom/data/ldos.pp.dat547.xsf
     Plot Type: 3D                     Output format: XCrySDen     
     Reading data from file  /home/ubuntu/projects/Graphene-Band-Structure-Quantum-Espresso/outputs/field_0.001/PBE-d3/bottom/data/ldos.pp.dat548

     Writing data to be plotted to file /home/ubuntu/projects/Graphene-Band-Structure-Quantum-Espresso/outputs/field_0.001/PBE-d3/bottom/data/ldos.pp.dat548.xsf
     Plot Type: 3D                     Output format: XCrySDen     
     Reading data from file  /home/ubuntu/projects/Graphene-Band-Structure-Quantum-Espresso/outputs/field_0.001/PBE-d3/bottom/data/ldos.pp.dat549

     Writing data to be plotted to file /home/ubuntu/projects/Graphene-Band-Structure-Quantum-Espresso/outputs/field_0.001/PBE-d3/bottom/data/ldos.pp.dat549.xsf
     Plot Type: 3D                     Output format: XCrySDen     
     Reading data from file  /home/ubuntu/projects/Graphene-Band-Structure-Quantum-Espresso/outputs/field_0.001/PBE-d3/bottom/data/ldos.pp.dat550

     Writing data to be plotted to file /home/ubuntu/projects/Graphene-Band-Structure-Quantum-Espresso/outputs/field_0.001/PBE-d3/bottom/data/ldos.pp.dat550.xsf
     Plot Type: 3D                     Output format: XCrySDen     
     Reading data from file  /home/ubuntu/projects/Graphene-Band-Structure-Quantum-Espresso/outputs/field_0.001/PBE-d3/bottom/data/ldos.pp.dat551

     Writing data to be plotted to file /home/ubuntu/projects/Graphene-Band-Structure-Quantum-Espresso/outputs/field_0.001/PBE-d3/bottom/data/ldos.pp.dat551.xsf
     Plot Type: 3D                     Output format: XCrySDen     
     Reading data from file  /home/ubuntu/projects/Graphene-Band-Structure-Quantum-Espresso/outputs/field_0.001/PBE-d3/bottom/data/ldos.pp.dat552

     Writing data to be plotted to file /home/ubuntu/projects/Graphene-Band-Structure-Quantum-Espresso/outputs/field_0.001/PBE-d3/bottom/data/ldos.pp.dat552.xsf
     Plot Type: 3D                     Output format: XCrySDen     
     Reading data from file  /home/ubuntu/projects/Graphene-Band-Structure-Quantum-Espresso/outputs/field_0.001/PBE-d3/bottom/data/ldos.pp.dat553

     Writing data to be plotted to file /home/ubuntu/projects/Graphene-Band-Structure-Quantum-Espresso/outputs/field_0.001/PBE-d3/bottom/data/ldos.pp.dat553.xsf
     Plot Type: 3D                     Output format: XCrySDen     
     Reading data from file  /home/ubuntu/projects/Graphene-Band-Structure-Quantum-Espresso/outputs/field_0.001/PBE-d3/bottom/data/ldos.pp.dat554

     Writing data to be plotted to file /home/ubuntu/projects/Graphene-Band-Structure-Quantum-Espresso/outputs/field_0.001/PBE-d3/bottom/data/ldos.pp.dat554.xsf
     Plot Type: 3D                     Output format: XCrySDen     
     Reading data from file  /home/ubuntu/projects/Graphene-Band-Structure-Quantum-Espresso/outputs/field_0.001/PBE-d3/bottom/data/ldos.pp.dat555

     Writing data to be plotted to file /home/ubuntu/projects/Graphene-Band-Structure-Quantum-Espresso/outputs/field_0.001/PBE-d3/bottom/data/ldos.pp.dat555.xsf
     Plot Type: 3D                     Output format: XCrySDen     
     Reading data from file  /home/ubuntu/projects/Graphene-Band-Structure-Quantum-Espresso/outputs/field_0.001/PBE-d3/bottom/data/ldos.pp.dat556

     Writing data to be plotted to file /home/ubuntu/projects/Graphene-Band-Structure-Quantum-Espresso/outputs/field_0.001/PBE-d3/bottom/data/ldos.pp.dat556.xsf
     Plot Type: 3D                     Output format: XCrySDen     
     Reading data from file  /home/ubuntu/projects/Graphene-Band-Structure-Quantum-Espresso/outputs/field_0.001/PBE-d3/bottom/data/ldos.pp.dat557

     Writing data to be plotted to file /home/ubuntu/projects/Graphene-Band-Structure-Quantum-Espresso/outputs/field_0.001/PBE-d3/bottom/data/ldos.pp.dat557.xsf
     Plot Type: 3D                     Output format: XCrySDen     
     Reading data from file  /home/ubuntu/projects/Graphene-Band-Structure-Quantum-Espresso/outputs/field_0.001/PBE-d3/bottom/data/ldos.pp.dat558

     Writing data to be plotted to file /home/ubuntu/projects/Graphene-Band-Structure-Quantum-Espresso/outputs/field_0.001/PBE-d3/bottom/data/ldos.pp.dat558.xsf
     Plot Type: 3D                     Output format: XCrySDen     
     Reading data from file  /home/ubuntu/projects/Graphene-Band-Structure-Quantum-Espresso/outputs/field_0.001/PBE-d3/bottom/data/ldos.pp.dat559

     Writing data to be plotted to file /home/ubuntu/projects/Graphene-Band-Structure-Quantum-Espresso/outputs/field_0.001/PBE-d3/bottom/data/ldos.pp.dat559.xsf
     Plot Type: 3D                     Output format: XCrySDen     
     Reading data from file  /home/ubuntu/projects/Graphene-Band-Structure-Quantum-Espresso/outputs/field_0.001/PBE-d3/bottom/data/ldos.pp.dat560

     Writing data to be plotted to file /home/ubuntu/projects/Graphene-Band-Structure-Quantum-Espresso/outputs/field_0.001/PBE-d3/bottom/data/ldos.pp.dat560.xsf
     Plot Type: 3D                     Output format: XCrySDen     
     Reading data from file  /home/ubuntu/projects/Graphene-Band-Structure-Quantum-Espresso/outputs/field_0.001/PBE-d3/bottom/data/ldos.pp.dat561

     Writing data to be plotted to file /home/ubuntu/projects/Graphene-Band-Structure-Quantum-Espresso/outputs/field_0.001/PBE-d3/bottom/data/ldos.pp.dat561.xsf
     Plot Type: 3D                     Output format: XCrySDen     
     Reading data from file  /home/ubuntu/projects/Graphene-Band-Structure-Quantum-Espresso/outputs/field_0.001/PBE-d3/bottom/data/ldos.pp.dat562

     Writing data to be plotted to file /home/ubuntu/projects/Graphene-Band-Structure-Quantum-Espresso/outputs/field_0.001/PBE-d3/bottom/data/ldos.pp.dat562.xsf
     Plot Type: 3D                     Output format: XCrySDen     
     Reading data from file  /home/ubuntu/projects/Graphene-Band-Structure-Quantum-Espresso/outputs/field_0.001/PBE-d3/bottom/data/ldos.pp.dat563

     Writing data to be plotted to file /home/ubuntu/projects/Graphene-Band-Structure-Quantum-Espresso/outputs/field_0.001/PBE-d3/bottom/data/ldos.pp.dat563.xsf
     Plot Type: 3D                     Output format: XCrySDen     
     Reading data from file  /home/ubuntu/projects/Graphene-Band-Structure-Quantum-Espresso/outputs/field_0.001/PBE-d3/bottom/data/ldos.pp.dat564

     Writing data to be plotted to file /home/ubuntu/projects/Graphene-Band-Structure-Quantum-Espresso/outputs/field_0.001/PBE-d3/bottom/data/ldos.pp.dat564.xsf
     Plot Type: 3D                     Output format: XCrySDen     
     Reading data from file  /home/ubuntu/projects/Graphene-Band-Structure-Quantum-Espresso/outputs/field_0.001/PBE-d3/bottom/data/ldos.pp.dat565

     Writing data to be plotted to file /home/ubuntu/projects/Graphene-Band-Structure-Quantum-Espresso/outputs/field_0.001/PBE-d3/bottom/data/ldos.pp.dat565.xsf
     Plot Type: 3D                     Output format: XCrySDen     
     Reading data from file  /home/ubuntu/projects/Graphene-Band-Structure-Quantum-Espresso/outputs/field_0.001/PBE-d3/bottom/data/ldos.pp.dat566

     Writing data to be plotted to file /home/ubuntu/projects/Graphene-Band-Structure-Quantum-Espresso/outputs/field_0.001/PBE-d3/bottom/data/ldos.pp.dat566.xsf
     Plot Type: 3D                     Output format: XCrySDen     
     Reading data from file  /home/ubuntu/projects/Graphene-Band-Structure-Quantum-Espresso/outputs/field_0.001/PBE-d3/bottom/data/ldos.pp.dat567

     Writing data to be plotted to file /home/ubuntu/projects/Graphene-Band-Structure-Quantum-Espresso/outputs/field_0.001/PBE-d3/bottom/data/ldos.pp.dat567.xsf
     Plot Type: 3D                     Output format: XCrySDen     
     Reading data from file  /home/ubuntu/projects/Graphene-Band-Structure-Quantum-Espresso/outputs/field_0.001/PBE-d3/bottom/data/ldos.pp.dat568

     Writing data to be plotted to file /home/ubuntu/projects/Graphene-Band-Structure-Quantum-Espresso/outputs/field_0.001/PBE-d3/bottom/data/ldos.pp.dat568.xsf
     Plot Type: 3D                     Output format: XCrySDen     
     Reading data from file  /home/ubuntu/projects/Graphene-Band-Structure-Quantum-Espresso/outputs/field_0.001/PBE-d3/bottom/data/ldos.pp.dat569

     Writing data to be plotted to file /home/ubuntu/projects/Graphene-Band-Structure-Quantum-Espresso/outputs/field_0.001/PBE-d3/bottom/data/ldos.pp.dat569.xsf
     Plot Type: 3D                     Output format: XCrySDen     
     Reading data from file  /home/ubuntu/projects/Graphene-Band-Structure-Quantum-Espresso/outputs/field_0.001/PBE-d3/bottom/data/ldos.pp.dat570

     Writing data to be plotted to file /home/ubuntu/projects/Graphene-Band-Structure-Quantum-Espresso/outputs/field_0.001/PBE-d3/bottom/data/ldos.pp.dat570.xsf
     Plot Type: 3D                     Output format: XCrySDen     
     Reading data from file  /home/ubuntu/projects/Graphene-Band-Structure-Quantum-Espresso/outputs/field_0.001/PBE-d3/bottom/data/ldos.pp.dat571

     Writing data to be plotted to file /home/ubuntu/projects/Graphene-Band-Structure-Quantum-Espresso/outputs/field_0.001/PBE-d3/bottom/data/ldos.pp.dat571.xsf
     Plot Type: 3D                     Output format: XCrySDen     
     Reading data from file  /home/ubuntu/projects/Graphene-Band-Structure-Quantum-Espresso/outputs/field_0.001/PBE-d3/bottom/data/ldos.pp.dat572

     Writing data to be plotted to file /home/ubuntu/projects/Graphene-Band-Structure-Quantum-Espresso/outputs/field_0.001/PBE-d3/bottom/data/ldos.pp.dat572.xsf
     Plot Type: 3D                     Output format: XCrySDen     
     Reading data from file  /home/ubuntu/projects/Graphene-Band-Structure-Quantum-Espresso/outputs/field_0.001/PBE-d3/bottom/data/ldos.pp.dat573

     Writing data to be plotted to file /home/ubuntu/projects/Graphene-Band-Structure-Quantum-Espresso/outputs/field_0.001/PBE-d3/bottom/data/ldos.pp.dat573.xsf
     Plot Type: 3D                     Output format: XCrySDen     
     Reading data from file  /home/ubuntu/projects/Graphene-Band-Structure-Quantum-Espresso/outputs/field_0.001/PBE-d3/bottom/data/ldos.pp.dat574

     Writing data to be plotted to file /home/ubuntu/projects/Graphene-Band-Structure-Quantum-Espresso/outputs/field_0.001/PBE-d3/bottom/data/ldos.pp.dat574.xsf
     Plot Type: 3D                     Output format: XCrySDen     
     Reading data from file  /home/ubuntu/projects/Graphene-Band-Structure-Quantum-Espresso/outputs/field_0.001/PBE-d3/bottom/data/ldos.pp.dat575

     Writing data to be plotted to file /home/ubuntu/projects/Graphene-Band-Structure-Quantum-Espresso/outputs/field_0.001/PBE-d3/bottom/data/ldos.pp.dat575.xsf
     Plot Type: 3D                     Output format: XCrySDen     
     Reading data from file  /home/ubuntu/projects/Graphene-Band-Structure-Quantum-Espresso/outputs/field_0.001/PBE-d3/bottom/data/ldos.pp.dat576

     Writing data to be plotted to file /home/ubuntu/projects/Graphene-Band-Structure-Quantum-Espresso/outputs/field_0.001/PBE-d3/bottom/data/ldos.pp.dat576.xsf
     Plot Type: 3D                     Output format: XCrySDen     
     Reading data from file  /home/ubuntu/projects/Graphene-Band-Structure-Quantum-Espresso/outputs/field_0.001/PBE-d3/bottom/data/ldos.pp.dat577

     Writing data to be plotted to file /home/ubuntu/projects/Graphene-Band-Structure-Quantum-Espresso/outputs/field_0.001/PBE-d3/bottom/data/ldos.pp.dat577.xsf
     Plot Type: 3D                     Output format: XCrySDen     
     Reading data from file  /home/ubuntu/projects/Graphene-Band-Structure-Quantum-Espresso/outputs/field_0.001/PBE-d3/bottom/data/ldos.pp.dat578

     Writing data to be plotted to file /home/ubuntu/projects/Graphene-Band-Structure-Quantum-Espresso/outputs/field_0.001/PBE-d3/bottom/data/ldos.pp.dat578.xsf
     Plot Type: 3D                     Output format: XCrySDen     
     Reading data from file  /home/ubuntu/projects/Graphene-Band-Structure-Quantum-Espresso/outputs/field_0.001/PBE-d3/bottom/data/ldos.pp.dat579

     Writing data to be plotted to file /home/ubuntu/projects/Graphene-Band-Structure-Quantum-Espresso/outputs/field_0.001/PBE-d3/bottom/data/ldos.pp.dat579.xsf
     Plot Type: 3D                     Output format: XCrySDen     
     Reading data from file  /home/ubuntu/projects/Graphene-Band-Structure-Quantum-Espresso/outputs/field_0.001/PBE-d3/bottom/data/ldos.pp.dat580

     Writing data to be plotted to file /home/ubuntu/projects/Graphene-Band-Structure-Quantum-Espresso/outputs/field_0.001/PBE-d3/bottom/data/ldos.pp.dat580.xsf
     Plot Type: 3D                     Output format: XCrySDen     
     Reading data from file  /home/ubuntu/projects/Graphene-Band-Structure-Quantum-Espresso/outputs/field_0.001/PBE-d3/bottom/data/ldos.pp.dat581

     Writing data to be plotted to file /home/ubuntu/projects/Graphene-Band-Structure-Quantum-Espresso/outputs/field_0.001/PBE-d3/bottom/data/ldos.pp.dat581.xsf
     Plot Type: 3D                     Output format: XCrySDen     
     Reading data from file  /home/ubuntu/projects/Graphene-Band-Structure-Quantum-Espresso/outputs/field_0.001/PBE-d3/bottom/data/ldos.pp.dat582

     Writing data to be plotted to file /home/ubuntu/projects/Graphene-Band-Structure-Quantum-Espresso/outputs/field_0.001/PBE-d3/bottom/data/ldos.pp.dat582.xsf
     Plot Type: 3D                     Output format: XCrySDen     
     Reading data from file  /home/ubuntu/projects/Graphene-Band-Structure-Quantum-Espresso/outputs/field_0.001/PBE-d3/bottom/data/ldos.pp.dat583

     Writing data to be plotted to file /home/ubuntu/projects/Graphene-Band-Structure-Quantum-Espresso/outputs/field_0.001/PBE-d3/bottom/data/ldos.pp.dat583.xsf
     Plot Type: 3D                     Output format: XCrySDen     
     Reading data from file  /home/ubuntu/projects/Graphene-Band-Structure-Quantum-Espresso/outputs/field_0.001/PBE-d3/bottom/data/ldos.pp.dat584

     Writing data to be plotted to file /home/ubuntu/projects/Graphene-Band-Structure-Quantum-Espresso/outputs/field_0.001/PBE-d3/bottom/data/ldos.pp.dat584.xsf
     Plot Type: 3D                     Output format: XCrySDen     
     Reading data from file  /home/ubuntu/projects/Graphene-Band-Structure-Quantum-Espresso/outputs/field_0.001/PBE-d3/bottom/data/ldos.pp.dat585

     Writing data to be plotted to file /home/ubuntu/projects/Graphene-Band-Structure-Quantum-Espresso/outputs/field_0.001/PBE-d3/bottom/data/ldos.pp.dat585.xsf
     Plot Type: 3D                     Output format: XCrySDen     
     Reading data from file  /home/ubuntu/projects/Graphene-Band-Structure-Quantum-Espresso/outputs/field_0.001/PBE-d3/bottom/data/ldos.pp.dat586

     Writing data to be plotted to file /home/ubuntu/projects/Graphene-Band-Structure-Quantum-Espresso/outputs/field_0.001/PBE-d3/bottom/data/ldos.pp.dat586.xsf
     Plot Type: 3D                     Output format: XCrySDen     
     Reading data from file  /home/ubuntu/projects/Graphene-Band-Structure-Quantum-Espresso/outputs/field_0.001/PBE-d3/bottom/data/ldos.pp.dat587

     Writing data to be plotted to file /home/ubuntu/projects/Graphene-Band-Structure-Quantum-Espresso/outputs/field_0.001/PBE-d3/bottom/data/ldos.pp.dat587.xsf
     Plot Type: 3D                     Output format: XCrySDen     
     Reading data from file  /home/ubuntu/projects/Graphene-Band-Structure-Quantum-Espresso/outputs/field_0.001/PBE-d3/bottom/data/ldos.pp.dat588

     Writing data to be plotted to file /home/ubuntu/projects/Graphene-Band-Structure-Quantum-Espresso/outputs/field_0.001/PBE-d3/bottom/data/ldos.pp.dat588.xsf
     Plot Type: 3D                     Output format: XCrySDen     
     Reading data from file  /home/ubuntu/projects/Graphene-Band-Structure-Quantum-Espresso/outputs/field_0.001/PBE-d3/bottom/data/ldos.pp.dat589

     Writing data to be plotted to file /home/ubuntu/projects/Graphene-Band-Structure-Quantum-Espresso/outputs/field_0.001/PBE-d3/bottom/data/ldos.pp.dat589.xsf
     Plot Type: 3D                     Output format: XCrySDen     
     Reading data from file  /home/ubuntu/projects/Graphene-Band-Structure-Quantum-Espresso/outputs/field_0.001/PBE-d3/bottom/data/ldos.pp.dat590

     Writing data to be plotted to file /home/ubuntu/projects/Graphene-Band-Structure-Quantum-Espresso/outputs/field_0.001/PBE-d3/bottom/data/ldos.pp.dat590.xsf
     Plot Type: 3D                     Output format: XCrySDen     
     Reading data from file  /home/ubuntu/projects/Graphene-Band-Structure-Quantum-Espresso/outputs/field_0.001/PBE-d3/bottom/data/ldos.pp.dat591

     Writing data to be plotted to file /home/ubuntu/projects/Graphene-Band-Structure-Quantum-Espresso/outputs/field_0.001/PBE-d3/bottom/data/ldos.pp.dat591.xsf
     Plot Type: 3D                     Output format: XCrySDen     
     Reading data from file  /home/ubuntu/projects/Graphene-Band-Structure-Quantum-Espresso/outputs/field_0.001/PBE-d3/bottom/data/ldos.pp.dat592

     Writing data to be plotted to file /home/ubuntu/projects/Graphene-Band-Structure-Quantum-Espresso/outputs/field_0.001/PBE-d3/bottom/data/ldos.pp.dat592.xsf
     Plot Type: 3D                     Output format: XCrySDen     
     Reading data from file  /home/ubuntu/projects/Graphene-Band-Structure-Quantum-Espresso/outputs/field_0.001/PBE-d3/bottom/data/ldos.pp.dat593

     Writing data to be plotted to file /home/ubuntu/projects/Graphene-Band-Structure-Quantum-Espresso/outputs/field_0.001/PBE-d3/bottom/data/ldos.pp.dat593.xsf
     Plot Type: 3D                     Output format: XCrySDen     
     Reading data from file  /home/ubuntu/projects/Graphene-Band-Structure-Quantum-Espresso/outputs/field_0.001/PBE-d3/bottom/data/ldos.pp.dat594

     Writing data to be plotted to file /home/ubuntu/projects/Graphene-Band-Structure-Quantum-Espresso/outputs/field_0.001/PBE-d3/bottom/data/ldos.pp.dat594.xsf
     Plot Type: 3D                     Output format: XCrySDen     
     Reading data from file  /home/ubuntu/projects/Graphene-Band-Structure-Quantum-Espresso/outputs/field_0.001/PBE-d3/bottom/data/ldos.pp.dat595

     Writing data to be plotted to file /home/ubuntu/projects/Graphene-Band-Structure-Quantum-Espresso/outputs/field_0.001/PBE-d3/bottom/data/ldos.pp.dat595.xsf
     Plot Type: 3D                     Output format: XCrySDen     
     Reading data from file  /home/ubuntu/projects/Graphene-Band-Structure-Quantum-Espresso/outputs/field_0.001/PBE-d3/bottom/data/ldos.pp.dat596

     Writing data to be plotted to file /home/ubuntu/projects/Graphene-Band-Structure-Quantum-Espresso/outputs/field_0.001/PBE-d3/bottom/data/ldos.pp.dat596.xsf
     Plot Type: 3D                     Output format: XCrySDen     
     Reading data from file  /home/ubuntu/projects/Graphene-Band-Structure-Quantum-Espresso/outputs/field_0.001/PBE-d3/bottom/data/ldos.pp.dat597

     Writing data to be plotted to file /home/ubuntu/projects/Graphene-Band-Structure-Quantum-Espresso/outputs/field_0.001/PBE-d3/bottom/data/ldos.pp.dat597.xsf
     Plot Type: 3D                     Output format: XCrySDen     
     Reading data from file  /home/ubuntu/projects/Graphene-Band-Structure-Quantum-Espresso/outputs/field_0.001/PBE-d3/bottom/data/ldos.pp.dat598

     Writing data to be plotted to file /home/ubuntu/projects/Graphene-Band-Structure-Quantum-Espresso/outputs/field_0.001/PBE-d3/bottom/data/ldos.pp.dat598.xsf
     Plot Type: 3D                     Output format: XCrySDen     
     Reading data from file  /home/ubuntu/projects/Graphene-Band-Structure-Quantum-Espresso/outputs/field_0.001/PBE-d3/bottom/data/ldos.pp.dat599

     Writing data to be plotted to file /home/ubuntu/projects/Graphene-Band-Structure-Quantum-Espresso/outputs/field_0.001/PBE-d3/bottom/data/ldos.pp.dat599.xsf
     Plot Type: 3D                     Output format: XCrySDen     
     Reading data from file  /home/ubuntu/projects/Graphene-Band-Structure-Quantum-Espresso/outputs/field_0.001/PBE-d3/bottom/data/ldos.pp.dat600

     Writing data to be plotted to file /home/ubuntu/projects/Graphene-Band-Structure-Quantum-Espresso/outputs/field_0.001/PBE-d3/bottom/data/ldos.pp.dat600.xsf
     Plot Type: 3D                     Output format: XCrySDen     
     Reading data from file  /home/ubuntu/projects/Graphene-Band-Structure-Quantum-Espresso/outputs/field_0.001/PBE-d3/bottom/data/ldos.pp.dat601

     Writing data to be plotted to file /home/ubuntu/projects/Graphene-Band-Structure-Quantum-Espresso/outputs/field_0.001/PBE-d3/bottom/data/ldos.pp.dat601.xsf
     Plot Type: 3D                     Output format: XCrySDen     

     POST-PROC    :  43m28.96s CPU  45m14.81s WALL


   This run was terminated on:  18:44: 8   4Oct2026            

=------------------------------------------------------------------------------=
   JOB DONE.
=------------------------------------------------------------------------------=
Note: The following floating-point exceptions are signalling: IEEE_DENORMAL
Note: The following floating-point exceptions are signalling: IEEE_DENORMAL
Note: The following floating-point exceptions are signalling: IEEE_DENORMAL
Note: The following floating-point exceptions are signalling: IEEE_DENORMAL
Note: The following floating-point exceptions are signalling: IEEE_DENORMAL
Note: The following floating-point exceptions are signalling: IEEE_DENORMAL
Note: The following floating-point exceptions are signalling: IEEE_DENORMAL
Note: The following floating-point exceptions are signalling: IEEE_DENORMAL
Note: The following floating-point exceptions are signalling: IEEE_DENORMAL
Note: The following floating-point exceptions are signalling: IEEE_DENORMAL
Note: The following floating-point exceptions are signalling: IEEE_DENORMAL
Note: The following floating-point exceptions are signalling: IEEE_DENORMAL
Note: The following floating-point exceptions are signalling: IEEE_DENORMAL
Note: The following floating-point exceptions are signalling: IEEE_DENORMAL
