
     Program POST-PROC v.7.6 starts on  4Oct2026 at  8:26: 7 

     This program is part of the open-source Quantum ESPRESSO suite
     for quantum simulation of materials; please cite
         "P. Giannozzi et al., J. Phys.:Condens. Matter 21 395502 (2009);
         "P. Giannozzi et al., J. Phys.:Condens. Matter 29 465901 (2017);
         "P. Giannozzi et al., J. Chem. Phys. 152 154105 (2020);
          URL http://www.quantum-espresso.org", 
     in publications or presentations arising from this work. More details at
     http://www.quantum-espresso.org/quote

     Parallel version (MPI), running on    16 processors

     MPI processes distributed on     1 nodes
     K-points division:     npool     =      16
     27404 MiB available memory on the printing compute node when the environment starts


     Reading xml data from directory:

     /home/ubuntu/projects/Graphene-Band-Structure-Quantum-Espresso/outputs/field_0/vdw-df2-c09/top/data/top.save/

     IMPORTANT: XC functional enforced from input :
     Exchange-correlation= VDW-DF2-C09
                           (   1   4  16   0   2   0   0)
     Any further DFT definition will be discarded
     Please, verify this is what you really want


     G-vector sticks info
     --------------------
     sticks:   dense  smooth     PW     G-vecs:    dense   smooth      PW
     Sum         535     535    163                94953    94953   15739

     Using Slab Decomposition



     %%%%%%%%%%%%%%%%%%%%%%%%%%%%%%%%%%%%%%%%%%%%%%%%%%%%%%%%%%%%%%%%%%%%%%%%
     %                                                                      %
     % You are using vdW-DF, which was implemented by the Thonhauser group. %
     % Please cite the following two papers that made this development      %
     % possible and the two reviews that describe the various versions:     %
     %                                                                      %
     %   T. Thonhauser et al., PRL 115, 136402 (2015).                      %
     %   T. Thonhauser et al., PRB 76,  125112 (2007).                      %
     %   K. Berland et al., Rep. Prog. Phys. 78, 066501 (2015).             %
     %   D.C. Langreth et al., J. Phys.: Condens. Matter 21, 084203 (2009). %
     %                                                                      %
     % If you are calculating stress with vdW-DF, please also cite:         %
     %                                                                      %
     %   R. Sabatini et al., J. Phys.: Condens. Matter 24, 424209 (2012).   %
     %                                                                      %
     %   And for spin-polarized stress cases also:                          %
     %   C.M. Frostenson et al., Electr. Struct. 4, 014001 (2022).          %
     %                                                                      %
     %%%%%%%%%%%%%%%%%%%%%%%%%%%%%%%%%%%%%%%%%%%%%%%%%%%%%%%%%%%%%%%%%%%%%%%%

     %%%%%%%%%%%%%%%%%%%%%%%%%%%%%%%%%%%%%%%%%%%%%%%%%%%%%%%%%%%%%%%%%%%%%%%%
     %                                                                      %
     %  vdW-DF NEWS:                                                        %
     %                                                                      %
     %  * vdW-DF3-mc is now available. DOI: 10.1103/hp9d-4kpf               %
     %    use with input_dft = 'vdW-DF3-mc'                                 %
     %  * vdW-DF3 is now available. DOI: 10.1021/acs.jctc.0c00471           %
     %    use with input_dft = 'vdW-DF3-opt1' or 'vdW-DF3-opt2'             %
     %                                                                      %
     %  * Unscreened and range-separated hybrid vdW-DF-cx functionals       %
     %    DOI: 10.1063/1.4986522 and 10.1088/1361-648X/ac2ad2               %
     %    use with input_dft = 'vdW-DF-cx0' and 'vdW-DF-ahcx'               %
     %  * Unscreened and range-separated hybrid vdW-DF2-b86r functionals    %
     %    DOI: 10.1063/1.4986522 and DOI: 10.1103/PhysRevX.12.041003        %
     %    use with input_dft = 'vdW-DF2-br0' and 'vdW-DF2-ahbr'             %
     %                                                                      %
     %%%%%%%%%%%%%%%%%%%%%%%%%%%%%%%%%%%%%%%%%%%%%%%%%%%%%%%%%%%%%%%%%%%%%%%%



     Calling punch_plot, plot_num =   3

     Energy = -17.70200 eV, broadening =   0.20000eV
     Writing data to file  /home/ubuntu/projects/Graphene-Band-Structure-Quantum-Espresso/outputs/field_0/vdw-df2-c09/top/data/ldos.pp.dat001

     Calling punch_plot, plot_num =   3

     Energy = -17.68200 eV, broadening =   0.20000eV
     Writing data to file  /home/ubuntu/projects/Graphene-Band-Structure-Quantum-Espresso/outputs/field_0/vdw-df2-c09/top/data/ldos.pp.dat002

     Calling punch_plot, plot_num =   3

     Energy = -17.66200 eV, broadening =   0.20000eV
     Writing data to file  /home/ubuntu/projects/Graphene-Band-Structure-Quantum-Espresso/outputs/field_0/vdw-df2-c09/top/data/ldos.pp.dat003

     Calling punch_plot, plot_num =   3

     Energy = -17.64200 eV, broadening =   0.20000eV
     Writing data to file  /home/ubuntu/projects/Graphene-Band-Structure-Quantum-Espresso/outputs/field_0/vdw-df2-c09/top/data/ldos.pp.dat004

     Calling punch_plot, plot_num =   3

     Energy = -17.62200 eV, broadening =   0.20000eV
     Writing data to file  /home/ubuntu/projects/Graphene-Band-Structure-Quantum-Espresso/outputs/field_0/vdw-df2-c09/top/data/ldos.pp.dat005

     Calling punch_plot, plot_num =   3

     Energy = -17.60200 eV, broadening =   0.20000eV
     Writing data to file  /home/ubuntu/projects/Graphene-Band-Structure-Quantum-Espresso/outputs/field_0/vdw-df2-c09/top/data/ldos.pp.dat006

     Calling punch_plot, plot_num =   3

     Energy = -17.58200 eV, broadening =   0.20000eV
     Writing data to file  /home/ubuntu/projects/Graphene-Band-Structure-Quantum-Espresso/outputs/field_0/vdw-df2-c09/top/data/ldos.pp.dat007

     Calling punch_plot, plot_num =   3

     Energy = -17.56200 eV, broadening =   0.20000eV
     Writing data to file  /home/ubuntu/projects/Graphene-Band-Structure-Quantum-Espresso/outputs/field_0/vdw-df2-c09/top/data/ldos.pp.dat008

     Calling punch_plot, plot_num =   3

     Energy = -17.54200 eV, broadening =   0.20000eV
     Writing data to file  /home/ubuntu/projects/Graphene-Band-Structure-Quantum-Espresso/outputs/field_0/vdw-df2-c09/top/data/ldos.pp.dat009

     Calling punch_plot, plot_num =   3

     Energy = -17.52200 eV, broadening =   0.20000eV
     Writing data to file  /home/ubuntu/projects/Graphene-Band-Structure-Quantum-Espresso/outputs/field_0/vdw-df2-c09/top/data/ldos.pp.dat010

     Calling punch_plot, plot_num =   3

     Energy = -17.50200 eV, broadening =   0.20000eV
     Writing data to file  /home/ubuntu/projects/Graphene-Band-Structure-Quantum-Espresso/outputs/field_0/vdw-df2-c09/top/data/ldos.pp.dat011

     Calling punch_plot, plot_num =   3

     Energy = -17.48200 eV, broadening =   0.20000eV
     Writing data to file  /home/ubuntu/projects/Graphene-Band-Structure-Quantum-Espresso/outputs/field_0/vdw-df2-c09/top/data/ldos.pp.dat012

     Calling punch_plot, plot_num =   3

     Energy = -17.46200 eV, broadening =   0.20000eV
     Writing data to file  /home/ubuntu/projects/Graphene-Band-Structure-Quantum-Espresso/outputs/field_0/vdw-df2-c09/top/data/ldos.pp.dat013

     Calling punch_plot, plot_num =   3

     Energy = -17.44200 eV, broadening =   0.20000eV
     Writing data to file  /home/ubuntu/projects/Graphene-Band-Structure-Quantum-Espresso/outputs/field_0/vdw-df2-c09/top/data/ldos.pp.dat014

     Calling punch_plot, plot_num =   3

     Energy = -17.42200 eV, broadening =   0.20000eV
     Writing data to file  /home/ubuntu/projects/Graphene-Band-Structure-Quantum-Espresso/outputs/field_0/vdw-df2-c09/top/data/ldos.pp.dat015

     Calling punch_plot, plot_num =   3

     Energy = -17.40200 eV, broadening =   0.20000eV
     Writing data to file  /home/ubuntu/projects/Graphene-Band-Structure-Quantum-Espresso/outputs/field_0/vdw-df2-c09/top/data/ldos.pp.dat016

     Calling punch_plot, plot_num =   3

     Energy = -17.38200 eV, broadening =   0.20000eV
     Writing data to file  /home/ubuntu/projects/Graphene-Band-Structure-Quantum-Espresso/outputs/field_0/vdw-df2-c09/top/data/ldos.pp.dat017

     Calling punch_plot, plot_num =   3

     Energy = -17.36200 eV, broadening =   0.20000eV
     Writing data to file  /home/ubuntu/projects/Graphene-Band-Structure-Quantum-Espresso/outputs/field_0/vdw-df2-c09/top/data/ldos.pp.dat018

     Calling punch_plot, plot_num =   3

     Energy = -17.34200 eV, broadening =   0.20000eV
     Writing data to file  /home/ubuntu/projects/Graphene-Band-Structure-Quantum-Espresso/outputs/field_0/vdw-df2-c09/top/data/ldos.pp.dat019

     Calling punch_plot, plot_num =   3

     Energy = -17.32200 eV, broadening =   0.20000eV
     Writing data to file  /home/ubuntu/projects/Graphene-Band-Structure-Quantum-Espresso/outputs/field_0/vdw-df2-c09/top/data/ldos.pp.dat020

     Calling punch_plot, plot_num =   3

     Energy = -17.30200 eV, broadening =   0.20000eV
     Writing data to file  /home/ubuntu/projects/Graphene-Band-Structure-Quantum-Espresso/outputs/field_0/vdw-df2-c09/top/data/ldos.pp.dat021

     Calling punch_plot, plot_num =   3

     Energy = -17.28200 eV, broadening =   0.20000eV
     Writing data to file  /home/ubuntu/projects/Graphene-Band-Structure-Quantum-Espresso/outputs/field_0/vdw-df2-c09/top/data/ldos.pp.dat022

     Calling punch_plot, plot_num =   3

     Energy = -17.26200 eV, broadening =   0.20000eV
     Writing data to file  /home/ubuntu/projects/Graphene-Band-Structure-Quantum-Espresso/outputs/field_0/vdw-df2-c09/top/data/ldos.pp.dat023

     Calling punch_plot, plot_num =   3

     Energy = -17.24200 eV, broadening =   0.20000eV
     Writing data to file  /home/ubuntu/projects/Graphene-Band-Structure-Quantum-Espresso/outputs/field_0/vdw-df2-c09/top/data/ldos.pp.dat024

     Calling punch_plot, plot_num =   3

     Energy = -17.22200 eV, broadening =   0.20000eV
     Writing data to file  /home/ubuntu/projects/Graphene-Band-Structure-Quantum-Espresso/outputs/field_0/vdw-df2-c09/top/data/ldos.pp.dat025

     Calling punch_plot, plot_num =   3

     Energy = -17.20200 eV, broadening =   0.20000eV
     Writing data to file  /home/ubuntu/projects/Graphene-Band-Structure-Quantum-Espresso/outputs/field_0/vdw-df2-c09/top/data/ldos.pp.dat026

     Calling punch_plot, plot_num =   3

     Energy = -17.18200 eV, broadening =   0.20000eV
     Writing data to file  /home/ubuntu/projects/Graphene-Band-Structure-Quantum-Espresso/outputs/field_0/vdw-df2-c09/top/data/ldos.pp.dat027

     Calling punch_plot, plot_num =   3

     Energy = -17.16200 eV, broadening =   0.20000eV
     Writing data to file  /home/ubuntu/projects/Graphene-Band-Structure-Quantum-Espresso/outputs/field_0/vdw-df2-c09/top/data/ldos.pp.dat028

     Calling punch_plot, plot_num =   3

     Energy = -17.14200 eV, broadening =   0.20000eV
     Writing data to file  /home/ubuntu/projects/Graphene-Band-Structure-Quantum-Espresso/outputs/field_0/vdw-df2-c09/top/data/ldos.pp.dat029

     Calling punch_plot, plot_num =   3

     Energy = -17.12200 eV, broadening =   0.20000eV
     Writing data to file  /home/ubuntu/projects/Graphene-Band-Structure-Quantum-Espresso/outputs/field_0/vdw-df2-c09/top/data/ldos.pp.dat030

     Calling punch_plot, plot_num =   3

     Energy = -17.10200 eV, broadening =   0.20000eV
     Writing data to file  /home/ubuntu/projects/Graphene-Band-Structure-Quantum-Espresso/outputs/field_0/vdw-df2-c09/top/data/ldos.pp.dat031

     Calling punch_plot, plot_num =   3

     Energy = -17.08200 eV, broadening =   0.20000eV
     Writing data to file  /home/ubuntu/projects/Graphene-Band-Structure-Quantum-Espresso/outputs/field_0/vdw-df2-c09/top/data/ldos.pp.dat032

     Calling punch_plot, plot_num =   3

     Energy = -17.06200 eV, broadening =   0.20000eV
     Writing data to file  /home/ubuntu/projects/Graphene-Band-Structure-Quantum-Espresso/outputs/field_0/vdw-df2-c09/top/data/ldos.pp.dat033

     Calling punch_plot, plot_num =   3

     Energy = -17.04200 eV, broadening =   0.20000eV
     Writing data to file  /home/ubuntu/projects/Graphene-Band-Structure-Quantum-Espresso/outputs/field_0/vdw-df2-c09/top/data/ldos.pp.dat034

     Calling punch_plot, plot_num =   3

     Energy = -17.02200 eV, broadening =   0.20000eV
     Writing data to file  /home/ubuntu/projects/Graphene-Band-Structure-Quantum-Espresso/outputs/field_0/vdw-df2-c09/top/data/ldos.pp.dat035

     Calling punch_plot, plot_num =   3

     Energy = -17.00200 eV, broadening =   0.20000eV
     Writing data to file  /home/ubuntu/projects/Graphene-Band-Structure-Quantum-Espresso/outputs/field_0/vdw-df2-c09/top/data/ldos.pp.dat036

     Calling punch_plot, plot_num =   3

     Energy = -16.98200 eV, broadening =   0.20000eV
     Writing data to file  /home/ubuntu/projects/Graphene-Band-Structure-Quantum-Espresso/outputs/field_0/vdw-df2-c09/top/data/ldos.pp.dat037

     Calling punch_plot, plot_num =   3

     Energy = -16.96200 eV, broadening =   0.20000eV
     Writing data to file  /home/ubuntu/projects/Graphene-Band-Structure-Quantum-Espresso/outputs/field_0/vdw-df2-c09/top/data/ldos.pp.dat038

     Calling punch_plot, plot_num =   3

     Energy = -16.94200 eV, broadening =   0.20000eV
     Writing data to file  /home/ubuntu/projects/Graphene-Band-Structure-Quantum-Espresso/outputs/field_0/vdw-df2-c09/top/data/ldos.pp.dat039

     Calling punch_plot, plot_num =   3

     Energy = -16.92200 eV, broadening =   0.20000eV
     Writing data to file  /home/ubuntu/projects/Graphene-Band-Structure-Quantum-Espresso/outputs/field_0/vdw-df2-c09/top/data/ldos.pp.dat040

     Calling punch_plot, plot_num =   3

     Energy = -16.90200 eV, broadening =   0.20000eV
     Writing data to file  /home/ubuntu/projects/Graphene-Band-Structure-Quantum-Espresso/outputs/field_0/vdw-df2-c09/top/data/ldos.pp.dat041

     Calling punch_plot, plot_num =   3

     Energy = -16.88200 eV, broadening =   0.20000eV
     Writing data to file  /home/ubuntu/projects/Graphene-Band-Structure-Quantum-Espresso/outputs/field_0/vdw-df2-c09/top/data/ldos.pp.dat042

     Calling punch_plot, plot_num =   3

     Energy = -16.86200 eV, broadening =   0.20000eV
     Writing data to file  /home/ubuntu/projects/Graphene-Band-Structure-Quantum-Espresso/outputs/field_0/vdw-df2-c09/top/data/ldos.pp.dat043

     Calling punch_plot, plot_num =   3

     Energy = -16.84200 eV, broadening =   0.20000eV
     Writing data to file  /home/ubuntu/projects/Graphene-Band-Structure-Quantum-Espresso/outputs/field_0/vdw-df2-c09/top/data/ldos.pp.dat044

     Calling punch_plot, plot_num =   3

     Energy = -16.82200 eV, broadening =   0.20000eV
     Writing data to file  /home/ubuntu/projects/Graphene-Band-Structure-Quantum-Espresso/outputs/field_0/vdw-df2-c09/top/data/ldos.pp.dat045

     Calling punch_plot, plot_num =   3

     Energy = -16.80200 eV, broadening =   0.20000eV
     Writing data to file  /home/ubuntu/projects/Graphene-Band-Structure-Quantum-Espresso/outputs/field_0/vdw-df2-c09/top/data/ldos.pp.dat046

     Calling punch_plot, plot_num =   3

     Energy = -16.78200 eV, broadening =   0.20000eV
     Writing data to file  /home/ubuntu/projects/Graphene-Band-Structure-Quantum-Espresso/outputs/field_0/vdw-df2-c09/top/data/ldos.pp.dat047

     Calling punch_plot, plot_num =   3

     Energy = -16.76200 eV, broadening =   0.20000eV
     Writing data to file  /home/ubuntu/projects/Graphene-Band-Structure-Quantum-Espresso/outputs/field_0/vdw-df2-c09/top/data/ldos.pp.dat048

     Calling punch_plot, plot_num =   3

     Energy = -16.74200 eV, broadening =   0.20000eV
     Writing data to file  /home/ubuntu/projects/Graphene-Band-Structure-Quantum-Espresso/outputs/field_0/vdw-df2-c09/top/data/ldos.pp.dat049

     Calling punch_plot, plot_num =   3

     Energy = -16.72200 eV, broadening =   0.20000eV
     Writing data to file  /home/ubuntu/projects/Graphene-Band-Structure-Quantum-Espresso/outputs/field_0/vdw-df2-c09/top/data/ldos.pp.dat050

     Calling punch_plot, plot_num =   3

     Energy = -16.70200 eV, broadening =   0.20000eV
     Writing data to file  /home/ubuntu/projects/Graphene-Band-Structure-Quantum-Espresso/outputs/field_0/vdw-df2-c09/top/data/ldos.pp.dat051

     Calling punch_plot, plot_num =   3

     Energy = -16.68200 eV, broadening =   0.20000eV
     Writing data to file  /home/ubuntu/projects/Graphene-Band-Structure-Quantum-Espresso/outputs/field_0/vdw-df2-c09/top/data/ldos.pp.dat052

     Calling punch_plot, plot_num =   3

     Energy = -16.66200 eV, broadening =   0.20000eV
     Writing data to file  /home/ubuntu/projects/Graphene-Band-Structure-Quantum-Espresso/outputs/field_0/vdw-df2-c09/top/data/ldos.pp.dat053

     Calling punch_plot, plot_num =   3

     Energy = -16.64200 eV, broadening =   0.20000eV
     Writing data to file  /home/ubuntu/projects/Graphene-Band-Structure-Quantum-Espresso/outputs/field_0/vdw-df2-c09/top/data/ldos.pp.dat054

     Calling punch_plot, plot_num =   3

     Energy = -16.62200 eV, broadening =   0.20000eV
     Writing data to file  /home/ubuntu/projects/Graphene-Band-Structure-Quantum-Espresso/outputs/field_0/vdw-df2-c09/top/data/ldos.pp.dat055

     Calling punch_plot, plot_num =   3

     Energy = -16.60200 eV, broadening =   0.20000eV
     Writing data to file  /home/ubuntu/projects/Graphene-Band-Structure-Quantum-Espresso/outputs/field_0/vdw-df2-c09/top/data/ldos.pp.dat056

     Calling punch_plot, plot_num =   3

     Energy = -16.58200 eV, broadening =   0.20000eV
     Writing data to file  /home/ubuntu/projects/Graphene-Band-Structure-Quantum-Espresso/outputs/field_0/vdw-df2-c09/top/data/ldos.pp.dat057

     Calling punch_plot, plot_num =   3

     Energy = -16.56200 eV, broadening =   0.20000eV
     Writing data to file  /home/ubuntu/projects/Graphene-Band-Structure-Quantum-Espresso/outputs/field_0/vdw-df2-c09/top/data/ldos.pp.dat058

     Calling punch_plot, plot_num =   3

     Energy = -16.54200 eV, broadening =   0.20000eV
     Writing data to file  /home/ubuntu/projects/Graphene-Band-Structure-Quantum-Espresso/outputs/field_0/vdw-df2-c09/top/data/ldos.pp.dat059

     Calling punch_plot, plot_num =   3

     Energy = -16.52200 eV, broadening =   0.20000eV
     Writing data to file  /home/ubuntu/projects/Graphene-Band-Structure-Quantum-Espresso/outputs/field_0/vdw-df2-c09/top/data/ldos.pp.dat060

     Calling punch_plot, plot_num =   3

     Energy = -16.50200 eV, broadening =   0.20000eV
     Writing data to file  /home/ubuntu/projects/Graphene-Band-Structure-Quantum-Espresso/outputs/field_0/vdw-df2-c09/top/data/ldos.pp.dat061

     Calling punch_plot, plot_num =   3

     Energy = -16.48200 eV, broadening =   0.20000eV
     Writing data to file  /home/ubuntu/projects/Graphene-Band-Structure-Quantum-Espresso/outputs/field_0/vdw-df2-c09/top/data/ldos.pp.dat062

     Calling punch_plot, plot_num =   3

     Energy = -16.46200 eV, broadening =   0.20000eV
     Writing data to file  /home/ubuntu/projects/Graphene-Band-Structure-Quantum-Espresso/outputs/field_0/vdw-df2-c09/top/data/ldos.pp.dat063

     Calling punch_plot, plot_num =   3

     Energy = -16.44200 eV, broadening =   0.20000eV
     Writing data to file  /home/ubuntu/projects/Graphene-Band-Structure-Quantum-Espresso/outputs/field_0/vdw-df2-c09/top/data/ldos.pp.dat064

     Calling punch_plot, plot_num =   3

     Energy = -16.42200 eV, broadening =   0.20000eV
     Writing data to file  /home/ubuntu/projects/Graphene-Band-Structure-Quantum-Espresso/outputs/field_0/vdw-df2-c09/top/data/ldos.pp.dat065

     Calling punch_plot, plot_num =   3

     Energy = -16.40200 eV, broadening =   0.20000eV
     Writing data to file  /home/ubuntu/projects/Graphene-Band-Structure-Quantum-Espresso/outputs/field_0/vdw-df2-c09/top/data/ldos.pp.dat066

     Calling punch_plot, plot_num =   3

     Energy = -16.38200 eV, broadening =   0.20000eV
     Writing data to file  /home/ubuntu/projects/Graphene-Band-Structure-Quantum-Espresso/outputs/field_0/vdw-df2-c09/top/data/ldos.pp.dat067

     Calling punch_plot, plot_num =   3

     Energy = -16.36200 eV, broadening =   0.20000eV
     Writing data to file  /home/ubuntu/projects/Graphene-Band-Structure-Quantum-Espresso/outputs/field_0/vdw-df2-c09/top/data/ldos.pp.dat068

     Calling punch_plot, plot_num =   3

     Energy = -16.34200 eV, broadening =   0.20000eV
     Writing data to file  /home/ubuntu/projects/Graphene-Band-Structure-Quantum-Espresso/outputs/field_0/vdw-df2-c09/top/data/ldos.pp.dat069

     Calling punch_plot, plot_num =   3

     Energy = -16.32200 eV, broadening =   0.20000eV
     Writing data to file  /home/ubuntu/projects/Graphene-Band-Structure-Quantum-Espresso/outputs/field_0/vdw-df2-c09/top/data/ldos.pp.dat070

     Calling punch_plot, plot_num =   3

     Energy = -16.30200 eV, broadening =   0.20000eV
     Writing data to file  /home/ubuntu/projects/Graphene-Band-Structure-Quantum-Espresso/outputs/field_0/vdw-df2-c09/top/data/ldos.pp.dat071

     Calling punch_plot, plot_num =   3

     Energy = -16.28200 eV, broadening =   0.20000eV
     Writing data to file  /home/ubuntu/projects/Graphene-Band-Structure-Quantum-Espresso/outputs/field_0/vdw-df2-c09/top/data/ldos.pp.dat072

     Calling punch_plot, plot_num =   3

     Energy = -16.26200 eV, broadening =   0.20000eV
     Writing data to file  /home/ubuntu/projects/Graphene-Band-Structure-Quantum-Espresso/outputs/field_0/vdw-df2-c09/top/data/ldos.pp.dat073

     Calling punch_plot, plot_num =   3

     Energy = -16.24200 eV, broadening =   0.20000eV
     Writing data to file  /home/ubuntu/projects/Graphene-Band-Structure-Quantum-Espresso/outputs/field_0/vdw-df2-c09/top/data/ldos.pp.dat074

     Calling punch_plot, plot_num =   3

     Energy = -16.22200 eV, broadening =   0.20000eV
     Writing data to file  /home/ubuntu/projects/Graphene-Band-Structure-Quantum-Espresso/outputs/field_0/vdw-df2-c09/top/data/ldos.pp.dat075

     Calling punch_plot, plot_num =   3

     Energy = -16.20200 eV, broadening =   0.20000eV
     Writing data to file  /home/ubuntu/projects/Graphene-Band-Structure-Quantum-Espresso/outputs/field_0/vdw-df2-c09/top/data/ldos.pp.dat076

     Calling punch_plot, plot_num =   3

     Energy = -16.18200 eV, broadening =   0.20000eV
     Writing data to file  /home/ubuntu/projects/Graphene-Band-Structure-Quantum-Espresso/outputs/field_0/vdw-df2-c09/top/data/ldos.pp.dat077

     Calling punch_plot, plot_num =   3

     Energy = -16.16200 eV, broadening =   0.20000eV
     Writing data to file  /home/ubuntu/projects/Graphene-Band-Structure-Quantum-Espresso/outputs/field_0/vdw-df2-c09/top/data/ldos.pp.dat078

     Calling punch_plot, plot_num =   3

     Energy = -16.14200 eV, broadening =   0.20000eV
     Writing data to file  /home/ubuntu/projects/Graphene-Band-Structure-Quantum-Espresso/outputs/field_0/vdw-df2-c09/top/data/ldos.pp.dat079

     Calling punch_plot, plot_num =   3

     Energy = -16.12200 eV, broadening =   0.20000eV
     Writing data to file  /home/ubuntu/projects/Graphene-Band-Structure-Quantum-Espresso/outputs/field_0/vdw-df2-c09/top/data/ldos.pp.dat080

     Calling punch_plot, plot_num =   3

     Energy = -16.10200 eV, broadening =   0.20000eV
     Writing data to file  /home/ubuntu/projects/Graphene-Band-Structure-Quantum-Espresso/outputs/field_0/vdw-df2-c09/top/data/ldos.pp.dat081

     Calling punch_plot, plot_num =   3

     Energy = -16.08200 eV, broadening =   0.20000eV
     Writing data to file  /home/ubuntu/projects/Graphene-Band-Structure-Quantum-Espresso/outputs/field_0/vdw-df2-c09/top/data/ldos.pp.dat082

     Calling punch_plot, plot_num =   3

     Energy = -16.06200 eV, broadening =   0.20000eV
     Writing data to file  /home/ubuntu/projects/Graphene-Band-Structure-Quantum-Espresso/outputs/field_0/vdw-df2-c09/top/data/ldos.pp.dat083

     Calling punch_plot, plot_num =   3

     Energy = -16.04200 eV, broadening =   0.20000eV
     Writing data to file  /home/ubuntu/projects/Graphene-Band-Structure-Quantum-Espresso/outputs/field_0/vdw-df2-c09/top/data/ldos.pp.dat084

     Calling punch_plot, plot_num =   3

     Energy = -16.02200 eV, broadening =   0.20000eV
     Writing data to file  /home/ubuntu/projects/Graphene-Band-Structure-Quantum-Espresso/outputs/field_0/vdw-df2-c09/top/data/ldos.pp.dat085

     Calling punch_plot, plot_num =   3

     Energy = -16.00200 eV, broadening =   0.20000eV
     Writing data to file  /home/ubuntu/projects/Graphene-Band-Structure-Quantum-Espresso/outputs/field_0/vdw-df2-c09/top/data/ldos.pp.dat086

     Calling punch_plot, plot_num =   3

     Energy = -15.98200 eV, broadening =   0.20000eV
     Writing data to file  /home/ubuntu/projects/Graphene-Band-Structure-Quantum-Espresso/outputs/field_0/vdw-df2-c09/top/data/ldos.pp.dat087

     Calling punch_plot, plot_num =   3

     Energy = -15.96200 eV, broadening =   0.20000eV
     Writing data to file  /home/ubuntu/projects/Graphene-Band-Structure-Quantum-Espresso/outputs/field_0/vdw-df2-c09/top/data/ldos.pp.dat088

     Calling punch_plot, plot_num =   3

     Energy = -15.94200 eV, broadening =   0.20000eV
     Writing data to file  /home/ubuntu/projects/Graphene-Band-Structure-Quantum-Espresso/outputs/field_0/vdw-df2-c09/top/data/ldos.pp.dat089

     Calling punch_plot, plot_num =   3

     Energy = -15.92200 eV, broadening =   0.20000eV
     Writing data to file  /home/ubuntu/projects/Graphene-Band-Structure-Quantum-Espresso/outputs/field_0/vdw-df2-c09/top/data/ldos.pp.dat090

     Calling punch_plot, plot_num =   3

     Energy = -15.90200 eV, broadening =   0.20000eV
     Writing data to file  /home/ubuntu/projects/Graphene-Band-Structure-Quantum-Espresso/outputs/field_0/vdw-df2-c09/top/data/ldos.pp.dat091

     Calling punch_plot, plot_num =   3

     Energy = -15.88200 eV, broadening =   0.20000eV
     Writing data to file  /home/ubuntu/projects/Graphene-Band-Structure-Quantum-Espresso/outputs/field_0/vdw-df2-c09/top/data/ldos.pp.dat092

     Calling punch_plot, plot_num =   3

     Energy = -15.86200 eV, broadening =   0.20000eV
     Writing data to file  /home/ubuntu/projects/Graphene-Band-Structure-Quantum-Espresso/outputs/field_0/vdw-df2-c09/top/data/ldos.pp.dat093

     Calling punch_plot, plot_num =   3

     Energy = -15.84200 eV, broadening =   0.20000eV
     Writing data to file  /home/ubuntu/projects/Graphene-Band-Structure-Quantum-Espresso/outputs/field_0/vdw-df2-c09/top/data/ldos.pp.dat094

     Calling punch_plot, plot_num =   3

     Energy = -15.82200 eV, broadening =   0.20000eV
     Writing data to file  /home/ubuntu/projects/Graphene-Band-Structure-Quantum-Espresso/outputs/field_0/vdw-df2-c09/top/data/ldos.pp.dat095

     Calling punch_plot, plot_num =   3

     Energy = -15.80200 eV, broadening =   0.20000eV
     Writing data to file  /home/ubuntu/projects/Graphene-Band-Structure-Quantum-Espresso/outputs/field_0/vdw-df2-c09/top/data/ldos.pp.dat096

     Calling punch_plot, plot_num =   3

     Energy = -15.78200 eV, broadening =   0.20000eV
     Writing data to file  /home/ubuntu/projects/Graphene-Band-Structure-Quantum-Espresso/outputs/field_0/vdw-df2-c09/top/data/ldos.pp.dat097

     Calling punch_plot, plot_num =   3

     Energy = -15.76200 eV, broadening =   0.20000eV
     Writing data to file  /home/ubuntu/projects/Graphene-Band-Structure-Quantum-Espresso/outputs/field_0/vdw-df2-c09/top/data/ldos.pp.dat098

     Calling punch_plot, plot_num =   3

     Energy = -15.74200 eV, broadening =   0.20000eV
     Writing data to file  /home/ubuntu/projects/Graphene-Band-Structure-Quantum-Espresso/outputs/field_0/vdw-df2-c09/top/data/ldos.pp.dat099

     Calling punch_plot, plot_num =   3

     Energy = -15.72200 eV, broadening =   0.20000eV
     Writing data to file  /home/ubuntu/projects/Graphene-Band-Structure-Quantum-Espresso/outputs/field_0/vdw-df2-c09/top/data/ldos.pp.dat100

     Calling punch_plot, plot_num =   3

     Energy = -15.70200 eV, broadening =   0.20000eV
     Writing data to file  /home/ubuntu/projects/Graphene-Band-Structure-Quantum-Espresso/outputs/field_0/vdw-df2-c09/top/data/ldos.pp.dat101

     Calling punch_plot, plot_num =   3

     Energy = -15.68200 eV, broadening =   0.20000eV
     Writing data to file  /home/ubuntu/projects/Graphene-Band-Structure-Quantum-Espresso/outputs/field_0/vdw-df2-c09/top/data/ldos.pp.dat102

     Calling punch_plot, plot_num =   3

     Energy = -15.66200 eV, broadening =   0.20000eV
     Writing data to file  /home/ubuntu/projects/Graphene-Band-Structure-Quantum-Espresso/outputs/field_0/vdw-df2-c09/top/data/ldos.pp.dat103

     Calling punch_plot, plot_num =   3

     Energy = -15.64200 eV, broadening =   0.20000eV
     Writing data to file  /home/ubuntu/projects/Graphene-Band-Structure-Quantum-Espresso/outputs/field_0/vdw-df2-c09/top/data/ldos.pp.dat104

     Calling punch_plot, plot_num =   3

     Energy = -15.62200 eV, broadening =   0.20000eV
     Writing data to file  /home/ubuntu/projects/Graphene-Band-Structure-Quantum-Espresso/outputs/field_0/vdw-df2-c09/top/data/ldos.pp.dat105

     Calling punch_plot, plot_num =   3

     Energy = -15.60200 eV, broadening =   0.20000eV
     Writing data to file  /home/ubuntu/projects/Graphene-Band-Structure-Quantum-Espresso/outputs/field_0/vdw-df2-c09/top/data/ldos.pp.dat106

     Calling punch_plot, plot_num =   3

     Energy = -15.58200 eV, broadening =   0.20000eV
     Writing data to file  /home/ubuntu/projects/Graphene-Band-Structure-Quantum-Espresso/outputs/field_0/vdw-df2-c09/top/data/ldos.pp.dat107

     Calling punch_plot, plot_num =   3

     Energy = -15.56200 eV, broadening =   0.20000eV
     Writing data to file  /home/ubuntu/projects/Graphene-Band-Structure-Quantum-Espresso/outputs/field_0/vdw-df2-c09/top/data/ldos.pp.dat108

     Calling punch_plot, plot_num =   3

     Energy = -15.54200 eV, broadening =   0.20000eV
     Writing data to file  /home/ubuntu/projects/Graphene-Band-Structure-Quantum-Espresso/outputs/field_0/vdw-df2-c09/top/data/ldos.pp.dat109

     Calling punch_plot, plot_num =   3

     Energy = -15.52200 eV, broadening =   0.20000eV
     Writing data to file  /home/ubuntu/projects/Graphene-Band-Structure-Quantum-Espresso/outputs/field_0/vdw-df2-c09/top/data/ldos.pp.dat110

     Calling punch_plot, plot_num =   3

     Energy = -15.50200 eV, broadening =   0.20000eV
     Writing data to file  /home/ubuntu/projects/Graphene-Band-Structure-Quantum-Espresso/outputs/field_0/vdw-df2-c09/top/data/ldos.pp.dat111

     Calling punch_plot, plot_num =   3

     Energy = -15.48200 eV, broadening =   0.20000eV
     Writing data to file  /home/ubuntu/projects/Graphene-Band-Structure-Quantum-Espresso/outputs/field_0/vdw-df2-c09/top/data/ldos.pp.dat112

     Calling punch_plot, plot_num =   3

     Energy = -15.46200 eV, broadening =   0.20000eV
     Writing data to file  /home/ubuntu/projects/Graphene-Band-Structure-Quantum-Espresso/outputs/field_0/vdw-df2-c09/top/data/ldos.pp.dat113

     Calling punch_plot, plot_num =   3

     Energy = -15.44200 eV, broadening =   0.20000eV
     Writing data to file  /home/ubuntu/projects/Graphene-Band-Structure-Quantum-Espresso/outputs/field_0/vdw-df2-c09/top/data/ldos.pp.dat114

     Calling punch_plot, plot_num =   3

     Energy = -15.42200 eV, broadening =   0.20000eV
     Writing data to file  /home/ubuntu/projects/Graphene-Band-Structure-Quantum-Espresso/outputs/field_0/vdw-df2-c09/top/data/ldos.pp.dat115

     Calling punch_plot, plot_num =   3

     Energy = -15.40200 eV, broadening =   0.20000eV
     Writing data to file  /home/ubuntu/projects/Graphene-Band-Structure-Quantum-Espresso/outputs/field_0/vdw-df2-c09/top/data/ldos.pp.dat116

     Calling punch_plot, plot_num =   3

     Energy = -15.38200 eV, broadening =   0.20000eV
     Writing data to file  /home/ubuntu/projects/Graphene-Band-Structure-Quantum-Espresso/outputs/field_0/vdw-df2-c09/top/data/ldos.pp.dat117

     Calling punch_plot, plot_num =   3

     Energy = -15.36200 eV, broadening =   0.20000eV
     Writing data to file  /home/ubuntu/projects/Graphene-Band-Structure-Quantum-Espresso/outputs/field_0/vdw-df2-c09/top/data/ldos.pp.dat118

     Calling punch_plot, plot_num =   3

     Energy = -15.34200 eV, broadening =   0.20000eV
     Writing data to file  /home/ubuntu/projects/Graphene-Band-Structure-Quantum-Espresso/outputs/field_0/vdw-df2-c09/top/data/ldos.pp.dat119

     Calling punch_plot, plot_num =   3

     Energy = -15.32200 eV, broadening =   0.20000eV
     Writing data to file  /home/ubuntu/projects/Graphene-Band-Structure-Quantum-Espresso/outputs/field_0/vdw-df2-c09/top/data/ldos.pp.dat120

     Calling punch_plot, plot_num =   3

     Energy = -15.30200 eV, broadening =   0.20000eV
     Writing data to file  /home/ubuntu/projects/Graphene-Band-Structure-Quantum-Espresso/outputs/field_0/vdw-df2-c09/top/data/ldos.pp.dat121

     Calling punch_plot, plot_num =   3

     Energy = -15.28200 eV, broadening =   0.20000eV
     Writing data to file  /home/ubuntu/projects/Graphene-Band-Structure-Quantum-Espresso/outputs/field_0/vdw-df2-c09/top/data/ldos.pp.dat122

     Calling punch_plot, plot_num =   3

     Energy = -15.26200 eV, broadening =   0.20000eV
     Writing data to file  /home/ubuntu/projects/Graphene-Band-Structure-Quantum-Espresso/outputs/field_0/vdw-df2-c09/top/data/ldos.pp.dat123

     Calling punch_plot, plot_num =   3

     Energy = -15.24200 eV, broadening =   0.20000eV
     Writing data to file  /home/ubuntu/projects/Graphene-Band-Structure-Quantum-Espresso/outputs/field_0/vdw-df2-c09/top/data/ldos.pp.dat124

     Calling punch_plot, plot_num =   3

     Energy = -15.22200 eV, broadening =   0.20000eV
     Writing data to file  /home/ubuntu/projects/Graphene-Band-Structure-Quantum-Espresso/outputs/field_0/vdw-df2-c09/top/data/ldos.pp.dat125

     Calling punch_plot, plot_num =   3

     Energy = -15.20200 eV, broadening =   0.20000eV
     Writing data to file  /home/ubuntu/projects/Graphene-Band-Structure-Quantum-Espresso/outputs/field_0/vdw-df2-c09/top/data/ldos.pp.dat126

     Calling punch_plot, plot_num =   3

     Energy = -15.18200 eV, broadening =   0.20000eV
     Writing data to file  /home/ubuntu/projects/Graphene-Band-Structure-Quantum-Espresso/outputs/field_0/vdw-df2-c09/top/data/ldos.pp.dat127

     Calling punch_plot, plot_num =   3

     Energy = -15.16200 eV, broadening =   0.20000eV
     Writing data to file  /home/ubuntu/projects/Graphene-Band-Structure-Quantum-Espresso/outputs/field_0/vdw-df2-c09/top/data/ldos.pp.dat128

     Calling punch_plot, plot_num =   3

     Energy = -15.14200 eV, broadening =   0.20000eV
     Writing data to file  /home/ubuntu/projects/Graphene-Band-Structure-Quantum-Espresso/outputs/field_0/vdw-df2-c09/top/data/ldos.pp.dat129

     Calling punch_plot, plot_num =   3

     Energy = -15.12200 eV, broadening =   0.20000eV
     Writing data to file  /home/ubuntu/projects/Graphene-Band-Structure-Quantum-Espresso/outputs/field_0/vdw-df2-c09/top/data/ldos.pp.dat130

     Calling punch_plot, plot_num =   3

     Energy = -15.10200 eV, broadening =   0.20000eV
     Writing data to file  /home/ubuntu/projects/Graphene-Band-Structure-Quantum-Espresso/outputs/field_0/vdw-df2-c09/top/data/ldos.pp.dat131

     Calling punch_plot, plot_num =   3

     Energy = -15.08200 eV, broadening =   0.20000eV
     Writing data to file  /home/ubuntu/projects/Graphene-Band-Structure-Quantum-Espresso/outputs/field_0/vdw-df2-c09/top/data/ldos.pp.dat132

     Calling punch_plot, plot_num =   3

     Energy = -15.06200 eV, broadening =   0.20000eV
     Writing data to file  /home/ubuntu/projects/Graphene-Band-Structure-Quantum-Espresso/outputs/field_0/vdw-df2-c09/top/data/ldos.pp.dat133

     Calling punch_plot, plot_num =   3

     Energy = -15.04200 eV, broadening =   0.20000eV
     Writing data to file  /home/ubuntu/projects/Graphene-Band-Structure-Quantum-Espresso/outputs/field_0/vdw-df2-c09/top/data/ldos.pp.dat134

     Calling punch_plot, plot_num =   3

     Energy = -15.02200 eV, broadening =   0.20000eV
     Writing data to file  /home/ubuntu/projects/Graphene-Band-Structure-Quantum-Espresso/outputs/field_0/vdw-df2-c09/top/data/ldos.pp.dat135

     Calling punch_plot, plot_num =   3

     Energy = -15.00200 eV, broadening =   0.20000eV
     Writing data to file  /home/ubuntu/projects/Graphene-Band-Structure-Quantum-Espresso/outputs/field_0/vdw-df2-c09/top/data/ldos.pp.dat136

     Calling punch_plot, plot_num =   3

     Energy = -14.98200 eV, broadening =   0.20000eV
     Writing data to file  /home/ubuntu/projects/Graphene-Band-Structure-Quantum-Espresso/outputs/field_0/vdw-df2-c09/top/data/ldos.pp.dat137

     Calling punch_plot, plot_num =   3

     Energy = -14.96200 eV, broadening =   0.20000eV
     Writing data to file  /home/ubuntu/projects/Graphene-Band-Structure-Quantum-Espresso/outputs/field_0/vdw-df2-c09/top/data/ldos.pp.dat138

     Calling punch_plot, plot_num =   3

     Energy = -14.94200 eV, broadening =   0.20000eV
     Writing data to file  /home/ubuntu/projects/Graphene-Band-Structure-Quantum-Espresso/outputs/field_0/vdw-df2-c09/top/data/ldos.pp.dat139

     Calling punch_plot, plot_num =   3

     Energy = -14.92200 eV, broadening =   0.20000eV
     Writing data to file  /home/ubuntu/projects/Graphene-Band-Structure-Quantum-Espresso/outputs/field_0/vdw-df2-c09/top/data/ldos.pp.dat140

     Calling punch_plot, plot_num =   3

     Energy = -14.90200 eV, broadening =   0.20000eV
     Writing data to file  /home/ubuntu/projects/Graphene-Band-Structure-Quantum-Espresso/outputs/field_0/vdw-df2-c09/top/data/ldos.pp.dat141

     Calling punch_plot, plot_num =   3

     Energy = -14.88200 eV, broadening =   0.20000eV
     Writing data to file  /home/ubuntu/projects/Graphene-Band-Structure-Quantum-Espresso/outputs/field_0/vdw-df2-c09/top/data/ldos.pp.dat142

     Calling punch_plot, plot_num =   3

     Energy = -14.86200 eV, broadening =   0.20000eV
     Writing data to file  /home/ubuntu/projects/Graphene-Band-Structure-Quantum-Espresso/outputs/field_0/vdw-df2-c09/top/data/ldos.pp.dat143

     Calling punch_plot, plot_num =   3

     Energy = -14.84200 eV, broadening =   0.20000eV
     Writing data to file  /home/ubuntu/projects/Graphene-Band-Structure-Quantum-Espresso/outputs/field_0/vdw-df2-c09/top/data/ldos.pp.dat144

     Calling punch_plot, plot_num =   3

     Energy = -14.82200 eV, broadening =   0.20000eV
     Writing data to file  /home/ubuntu/projects/Graphene-Band-Structure-Quantum-Espresso/outputs/field_0/vdw-df2-c09/top/data/ldos.pp.dat145

     Calling punch_plot, plot_num =   3

     Energy = -14.80200 eV, broadening =   0.20000eV
     Writing data to file  /home/ubuntu/projects/Graphene-Band-Structure-Quantum-Espresso/outputs/field_0/vdw-df2-c09/top/data/ldos.pp.dat146

     Calling punch_plot, plot_num =   3

     Energy = -14.78200 eV, broadening =   0.20000eV
     Writing data to file  /home/ubuntu/projects/Graphene-Band-Structure-Quantum-Espresso/outputs/field_0/vdw-df2-c09/top/data/ldos.pp.dat147

     Calling punch_plot, plot_num =   3

     Energy = -14.76200 eV, broadening =   0.20000eV
     Writing data to file  /home/ubuntu/projects/Graphene-Band-Structure-Quantum-Espresso/outputs/field_0/vdw-df2-c09/top/data/ldos.pp.dat148

     Calling punch_plot, plot_num =   3

     Energy = -14.74200 eV, broadening =   0.20000eV
     Writing data to file  /home/ubuntu/projects/Graphene-Band-Structure-Quantum-Espresso/outputs/field_0/vdw-df2-c09/top/data/ldos.pp.dat149

     Calling punch_plot, plot_num =   3

     Energy = -14.72200 eV, broadening =   0.20000eV
     Writing data to file  /home/ubuntu/projects/Graphene-Band-Structure-Quantum-Espresso/outputs/field_0/vdw-df2-c09/top/data/ldos.pp.dat150

     Calling punch_plot, plot_num =   3

     Energy = -14.70200 eV, broadening =   0.20000eV
     Writing data to file  /home/ubuntu/projects/Graphene-Band-Structure-Quantum-Espresso/outputs/field_0/vdw-df2-c09/top/data/ldos.pp.dat151

     Calling punch_plot, plot_num =   3

     Energy = -14.68200 eV, broadening =   0.20000eV
     Writing data to file  /home/ubuntu/projects/Graphene-Band-Structure-Quantum-Espresso/outputs/field_0/vdw-df2-c09/top/data/ldos.pp.dat152

     Calling punch_plot, plot_num =   3

     Energy = -14.66200 eV, broadening =   0.20000eV
     Writing data to file  /home/ubuntu/projects/Graphene-Band-Structure-Quantum-Espresso/outputs/field_0/vdw-df2-c09/top/data/ldos.pp.dat153

     Calling punch_plot, plot_num =   3

     Energy = -14.64200 eV, broadening =   0.20000eV
     Writing data to file  /home/ubuntu/projects/Graphene-Band-Structure-Quantum-Espresso/outputs/field_0/vdw-df2-c09/top/data/ldos.pp.dat154

     Calling punch_plot, plot_num =   3

     Energy = -14.62200 eV, broadening =   0.20000eV
     Writing data to file  /home/ubuntu/projects/Graphene-Band-Structure-Quantum-Espresso/outputs/field_0/vdw-df2-c09/top/data/ldos.pp.dat155

     Calling punch_plot, plot_num =   3

     Energy = -14.60200 eV, broadening =   0.20000eV
     Writing data to file  /home/ubuntu/projects/Graphene-Band-Structure-Quantum-Espresso/outputs/field_0/vdw-df2-c09/top/data/ldos.pp.dat156

     Calling punch_plot, plot_num =   3

     Energy = -14.58200 eV, broadening =   0.20000eV
     Writing data to file  /home/ubuntu/projects/Graphene-Band-Structure-Quantum-Espresso/outputs/field_0/vdw-df2-c09/top/data/ldos.pp.dat157

     Calling punch_plot, plot_num =   3

     Energy = -14.56200 eV, broadening =   0.20000eV
     Writing data to file  /home/ubuntu/projects/Graphene-Band-Structure-Quantum-Espresso/outputs/field_0/vdw-df2-c09/top/data/ldos.pp.dat158

     Calling punch_plot, plot_num =   3

     Energy = -14.54200 eV, broadening =   0.20000eV
     Writing data to file  /home/ubuntu/projects/Graphene-Band-Structure-Quantum-Espresso/outputs/field_0/vdw-df2-c09/top/data/ldos.pp.dat159

     Calling punch_plot, plot_num =   3

     Energy = -14.52200 eV, broadening =   0.20000eV
     Writing data to file  /home/ubuntu/projects/Graphene-Band-Structure-Quantum-Espresso/outputs/field_0/vdw-df2-c09/top/data/ldos.pp.dat160

     Calling punch_plot, plot_num =   3

     Energy = -14.50200 eV, broadening =   0.20000eV
     Writing data to file  /home/ubuntu/projects/Graphene-Band-Structure-Quantum-Espresso/outputs/field_0/vdw-df2-c09/top/data/ldos.pp.dat161

     Calling punch_plot, plot_num =   3

     Energy = -14.48200 eV, broadening =   0.20000eV
     Writing data to file  /home/ubuntu/projects/Graphene-Band-Structure-Quantum-Espresso/outputs/field_0/vdw-df2-c09/top/data/ldos.pp.dat162

     Calling punch_plot, plot_num =   3

     Energy = -14.46200 eV, broadening =   0.20000eV
     Writing data to file  /home/ubuntu/projects/Graphene-Band-Structure-Quantum-Espresso/outputs/field_0/vdw-df2-c09/top/data/ldos.pp.dat163

     Calling punch_plot, plot_num =   3

     Energy = -14.44200 eV, broadening =   0.20000eV
     Writing data to file  /home/ubuntu/projects/Graphene-Band-Structure-Quantum-Espresso/outputs/field_0/vdw-df2-c09/top/data/ldos.pp.dat164

     Calling punch_plot, plot_num =   3

     Energy = -14.42200 eV, broadening =   0.20000eV
     Writing data to file  /home/ubuntu/projects/Graphene-Band-Structure-Quantum-Espresso/outputs/field_0/vdw-df2-c09/top/data/ldos.pp.dat165

     Calling punch_plot, plot_num =   3

     Energy = -14.40200 eV, broadening =   0.20000eV
     Writing data to file  /home/ubuntu/projects/Graphene-Band-Structure-Quantum-Espresso/outputs/field_0/vdw-df2-c09/top/data/ldos.pp.dat166

     Calling punch_plot, plot_num =   3

     Energy = -14.38200 eV, broadening =   0.20000eV
     Writing data to file  /home/ubuntu/projects/Graphene-Band-Structure-Quantum-Espresso/outputs/field_0/vdw-df2-c09/top/data/ldos.pp.dat167

     Calling punch_plot, plot_num =   3

     Energy = -14.36200 eV, broadening =   0.20000eV
     Writing data to file  /home/ubuntu/projects/Graphene-Band-Structure-Quantum-Espresso/outputs/field_0/vdw-df2-c09/top/data/ldos.pp.dat168

     Calling punch_plot, plot_num =   3

     Energy = -14.34200 eV, broadening =   0.20000eV
     Writing data to file  /home/ubuntu/projects/Graphene-Band-Structure-Quantum-Espresso/outputs/field_0/vdw-df2-c09/top/data/ldos.pp.dat169

     Calling punch_plot, plot_num =   3

     Energy = -14.32200 eV, broadening =   0.20000eV
     Writing data to file  /home/ubuntu/projects/Graphene-Band-Structure-Quantum-Espresso/outputs/field_0/vdw-df2-c09/top/data/ldos.pp.dat170

     Calling punch_plot, plot_num =   3

     Energy = -14.30200 eV, broadening =   0.20000eV
     Writing data to file  /home/ubuntu/projects/Graphene-Band-Structure-Quantum-Espresso/outputs/field_0/vdw-df2-c09/top/data/ldos.pp.dat171

     Calling punch_plot, plot_num =   3

     Energy = -14.28200 eV, broadening =   0.20000eV
     Writing data to file  /home/ubuntu/projects/Graphene-Band-Structure-Quantum-Espresso/outputs/field_0/vdw-df2-c09/top/data/ldos.pp.dat172

     Calling punch_plot, plot_num =   3

     Energy = -14.26200 eV, broadening =   0.20000eV
     Writing data to file  /home/ubuntu/projects/Graphene-Band-Structure-Quantum-Espresso/outputs/field_0/vdw-df2-c09/top/data/ldos.pp.dat173

     Calling punch_plot, plot_num =   3

     Energy = -14.24200 eV, broadening =   0.20000eV
     Writing data to file  /home/ubuntu/projects/Graphene-Band-Structure-Quantum-Espresso/outputs/field_0/vdw-df2-c09/top/data/ldos.pp.dat174

     Calling punch_plot, plot_num =   3

     Energy = -14.22200 eV, broadening =   0.20000eV
     Writing data to file  /home/ubuntu/projects/Graphene-Band-Structure-Quantum-Espresso/outputs/field_0/vdw-df2-c09/top/data/ldos.pp.dat175

     Calling punch_plot, plot_num =   3

     Energy = -14.20200 eV, broadening =   0.20000eV
     Writing data to file  /home/ubuntu/projects/Graphene-Band-Structure-Quantum-Espresso/outputs/field_0/vdw-df2-c09/top/data/ldos.pp.dat176

     Calling punch_plot, plot_num =   3

     Energy = -14.18200 eV, broadening =   0.20000eV
     Writing data to file  /home/ubuntu/projects/Graphene-Band-Structure-Quantum-Espresso/outputs/field_0/vdw-df2-c09/top/data/ldos.pp.dat177

     Calling punch_plot, plot_num =   3

     Energy = -14.16200 eV, broadening =   0.20000eV
     Writing data to file  /home/ubuntu/projects/Graphene-Band-Structure-Quantum-Espresso/outputs/field_0/vdw-df2-c09/top/data/ldos.pp.dat178

     Calling punch_plot, plot_num =   3

     Energy = -14.14200 eV, broadening =   0.20000eV
     Writing data to file  /home/ubuntu/projects/Graphene-Band-Structure-Quantum-Espresso/outputs/field_0/vdw-df2-c09/top/data/ldos.pp.dat179

     Calling punch_plot, plot_num =   3

     Energy = -14.12200 eV, broadening =   0.20000eV
     Writing data to file  /home/ubuntu/projects/Graphene-Band-Structure-Quantum-Espresso/outputs/field_0/vdw-df2-c09/top/data/ldos.pp.dat180

     Calling punch_plot, plot_num =   3

     Energy = -14.10200 eV, broadening =   0.20000eV
     Writing data to file  /home/ubuntu/projects/Graphene-Band-Structure-Quantum-Espresso/outputs/field_0/vdw-df2-c09/top/data/ldos.pp.dat181

     Calling punch_plot, plot_num =   3

     Energy = -14.08200 eV, broadening =   0.20000eV
     Writing data to file  /home/ubuntu/projects/Graphene-Band-Structure-Quantum-Espresso/outputs/field_0/vdw-df2-c09/top/data/ldos.pp.dat182

     Calling punch_plot, plot_num =   3

     Energy = -14.06200 eV, broadening =   0.20000eV
     Writing data to file  /home/ubuntu/projects/Graphene-Band-Structure-Quantum-Espresso/outputs/field_0/vdw-df2-c09/top/data/ldos.pp.dat183

     Calling punch_plot, plot_num =   3

     Energy = -14.04200 eV, broadening =   0.20000eV
     Writing data to file  /home/ubuntu/projects/Graphene-Band-Structure-Quantum-Espresso/outputs/field_0/vdw-df2-c09/top/data/ldos.pp.dat184

     Calling punch_plot, plot_num =   3

     Energy = -14.02200 eV, broadening =   0.20000eV
     Writing data to file  /home/ubuntu/projects/Graphene-Band-Structure-Quantum-Espresso/outputs/field_0/vdw-df2-c09/top/data/ldos.pp.dat185

     Calling punch_plot, plot_num =   3

     Energy = -14.00200 eV, broadening =   0.20000eV
     Writing data to file  /home/ubuntu/projects/Graphene-Band-Structure-Quantum-Espresso/outputs/field_0/vdw-df2-c09/top/data/ldos.pp.dat186

     Calling punch_plot, plot_num =   3

     Energy = -13.98200 eV, broadening =   0.20000eV
     Writing data to file  /home/ubuntu/projects/Graphene-Band-Structure-Quantum-Espresso/outputs/field_0/vdw-df2-c09/top/data/ldos.pp.dat187

     Calling punch_plot, plot_num =   3

     Energy = -13.96200 eV, broadening =   0.20000eV
     Writing data to file  /home/ubuntu/projects/Graphene-Band-Structure-Quantum-Espresso/outputs/field_0/vdw-df2-c09/top/data/ldos.pp.dat188

     Calling punch_plot, plot_num =   3

     Energy = -13.94200 eV, broadening =   0.20000eV
     Writing data to file  /home/ubuntu/projects/Graphene-Band-Structure-Quantum-Espresso/outputs/field_0/vdw-df2-c09/top/data/ldos.pp.dat189

     Calling punch_plot, plot_num =   3

     Energy = -13.92200 eV, broadening =   0.20000eV
     Writing data to file  /home/ubuntu/projects/Graphene-Band-Structure-Quantum-Espresso/outputs/field_0/vdw-df2-c09/top/data/ldos.pp.dat190

     Calling punch_plot, plot_num =   3

     Energy = -13.90200 eV, broadening =   0.20000eV
     Writing data to file  /home/ubuntu/projects/Graphene-Band-Structure-Quantum-Espresso/outputs/field_0/vdw-df2-c09/top/data/ldos.pp.dat191

     Calling punch_plot, plot_num =   3

     Energy = -13.88200 eV, broadening =   0.20000eV
     Writing data to file  /home/ubuntu/projects/Graphene-Band-Structure-Quantum-Espresso/outputs/field_0/vdw-df2-c09/top/data/ldos.pp.dat192

     Calling punch_plot, plot_num =   3

     Energy = -13.86200 eV, broadening =   0.20000eV
     Writing data to file  /home/ubuntu/projects/Graphene-Band-Structure-Quantum-Espresso/outputs/field_0/vdw-df2-c09/top/data/ldos.pp.dat193

     Calling punch_plot, plot_num =   3

     Energy = -13.84200 eV, broadening =   0.20000eV
     Writing data to file  /home/ubuntu/projects/Graphene-Band-Structure-Quantum-Espresso/outputs/field_0/vdw-df2-c09/top/data/ldos.pp.dat194

     Calling punch_plot, plot_num =   3

     Energy = -13.82200 eV, broadening =   0.20000eV
     Writing data to file  /home/ubuntu/projects/Graphene-Band-Structure-Quantum-Espresso/outputs/field_0/vdw-df2-c09/top/data/ldos.pp.dat195

     Calling punch_plot, plot_num =   3

     Energy = -13.80200 eV, broadening =   0.20000eV
     Writing data to file  /home/ubuntu/projects/Graphene-Band-Structure-Quantum-Espresso/outputs/field_0/vdw-df2-c09/top/data/ldos.pp.dat196

     Calling punch_plot, plot_num =   3

     Energy = -13.78200 eV, broadening =   0.20000eV
     Writing data to file  /home/ubuntu/projects/Graphene-Band-Structure-Quantum-Espresso/outputs/field_0/vdw-df2-c09/top/data/ldos.pp.dat197

     Calling punch_plot, plot_num =   3

     Energy = -13.76200 eV, broadening =   0.20000eV
     Writing data to file  /home/ubuntu/projects/Graphene-Band-Structure-Quantum-Espresso/outputs/field_0/vdw-df2-c09/top/data/ldos.pp.dat198

     Calling punch_plot, plot_num =   3

     Energy = -13.74200 eV, broadening =   0.20000eV
     Writing data to file  /home/ubuntu/projects/Graphene-Band-Structure-Quantum-Espresso/outputs/field_0/vdw-df2-c09/top/data/ldos.pp.dat199

     Calling punch_plot, plot_num =   3

     Energy = -13.72200 eV, broadening =   0.20000eV
     Writing data to file  /home/ubuntu/projects/Graphene-Band-Structure-Quantum-Espresso/outputs/field_0/vdw-df2-c09/top/data/ldos.pp.dat200

     Calling punch_plot, plot_num =   3

     Energy = -13.70200 eV, broadening =   0.20000eV
     Writing data to file  /home/ubuntu/projects/Graphene-Band-Structure-Quantum-Espresso/outputs/field_0/vdw-df2-c09/top/data/ldos.pp.dat201

     Calling punch_plot, plot_num =   3

     Energy = -13.68200 eV, broadening =   0.20000eV
     Writing data to file  /home/ubuntu/projects/Graphene-Band-Structure-Quantum-Espresso/outputs/field_0/vdw-df2-c09/top/data/ldos.pp.dat202

     Calling punch_plot, plot_num =   3

     Energy = -13.66200 eV, broadening =   0.20000eV
     Writing data to file  /home/ubuntu/projects/Graphene-Band-Structure-Quantum-Espresso/outputs/field_0/vdw-df2-c09/top/data/ldos.pp.dat203

     Calling punch_plot, plot_num =   3

     Energy = -13.64200 eV, broadening =   0.20000eV
     Writing data to file  /home/ubuntu/projects/Graphene-Band-Structure-Quantum-Espresso/outputs/field_0/vdw-df2-c09/top/data/ldos.pp.dat204

     Calling punch_plot, plot_num =   3

     Energy = -13.62200 eV, broadening =   0.20000eV
     Writing data to file  /home/ubuntu/projects/Graphene-Band-Structure-Quantum-Espresso/outputs/field_0/vdw-df2-c09/top/data/ldos.pp.dat205

     Calling punch_plot, plot_num =   3

     Energy = -13.60200 eV, broadening =   0.20000eV
     Writing data to file  /home/ubuntu/projects/Graphene-Band-Structure-Quantum-Espresso/outputs/field_0/vdw-df2-c09/top/data/ldos.pp.dat206

     Calling punch_plot, plot_num =   3

     Energy = -13.58200 eV, broadening =   0.20000eV
     Writing data to file  /home/ubuntu/projects/Graphene-Band-Structure-Quantum-Espresso/outputs/field_0/vdw-df2-c09/top/data/ldos.pp.dat207

     Calling punch_plot, plot_num =   3

     Energy = -13.56200 eV, broadening =   0.20000eV
     Writing data to file  /home/ubuntu/projects/Graphene-Band-Structure-Quantum-Espresso/outputs/field_0/vdw-df2-c09/top/data/ldos.pp.dat208

     Calling punch_plot, plot_num =   3

     Energy = -13.54200 eV, broadening =   0.20000eV
     Writing data to file  /home/ubuntu/projects/Graphene-Band-Structure-Quantum-Espresso/outputs/field_0/vdw-df2-c09/top/data/ldos.pp.dat209

     Calling punch_plot, plot_num =   3

     Energy = -13.52200 eV, broadening =   0.20000eV
     Writing data to file  /home/ubuntu/projects/Graphene-Band-Structure-Quantum-Espresso/outputs/field_0/vdw-df2-c09/top/data/ldos.pp.dat210

     Calling punch_plot, plot_num =   3

     Energy = -13.50200 eV, broadening =   0.20000eV
     Writing data to file  /home/ubuntu/projects/Graphene-Band-Structure-Quantum-Espresso/outputs/field_0/vdw-df2-c09/top/data/ldos.pp.dat211

     Calling punch_plot, plot_num =   3

     Energy = -13.48200 eV, broadening =   0.20000eV
     Writing data to file  /home/ubuntu/projects/Graphene-Band-Structure-Quantum-Espresso/outputs/field_0/vdw-df2-c09/top/data/ldos.pp.dat212

     Calling punch_plot, plot_num =   3

     Energy = -13.46200 eV, broadening =   0.20000eV
     Writing data to file  /home/ubuntu/projects/Graphene-Band-Structure-Quantum-Espresso/outputs/field_0/vdw-df2-c09/top/data/ldos.pp.dat213

     Calling punch_plot, plot_num =   3

     Energy = -13.44200 eV, broadening =   0.20000eV
     Writing data to file  /home/ubuntu/projects/Graphene-Band-Structure-Quantum-Espresso/outputs/field_0/vdw-df2-c09/top/data/ldos.pp.dat214

     Calling punch_plot, plot_num =   3

     Energy = -13.42200 eV, broadening =   0.20000eV
     Writing data to file  /home/ubuntu/projects/Graphene-Band-Structure-Quantum-Espresso/outputs/field_0/vdw-df2-c09/top/data/ldos.pp.dat215

     Calling punch_plot, plot_num =   3

     Energy = -13.40200 eV, broadening =   0.20000eV
     Writing data to file  /home/ubuntu/projects/Graphene-Band-Structure-Quantum-Espresso/outputs/field_0/vdw-df2-c09/top/data/ldos.pp.dat216

     Calling punch_plot, plot_num =   3

     Energy = -13.38200 eV, broadening =   0.20000eV
     Writing data to file  /home/ubuntu/projects/Graphene-Band-Structure-Quantum-Espresso/outputs/field_0/vdw-df2-c09/top/data/ldos.pp.dat217

     Calling punch_plot, plot_num =   3

     Energy = -13.36200 eV, broadening =   0.20000eV
     Writing data to file  /home/ubuntu/projects/Graphene-Band-Structure-Quantum-Espresso/outputs/field_0/vdw-df2-c09/top/data/ldos.pp.dat218

     Calling punch_plot, plot_num =   3

     Energy = -13.34200 eV, broadening =   0.20000eV
     Writing data to file  /home/ubuntu/projects/Graphene-Band-Structure-Quantum-Espresso/outputs/field_0/vdw-df2-c09/top/data/ldos.pp.dat219

     Calling punch_plot, plot_num =   3

     Energy = -13.32200 eV, broadening =   0.20000eV
     Writing data to file  /home/ubuntu/projects/Graphene-Band-Structure-Quantum-Espresso/outputs/field_0/vdw-df2-c09/top/data/ldos.pp.dat220

     Calling punch_plot, plot_num =   3

     Energy = -13.30200 eV, broadening =   0.20000eV
     Writing data to file  /home/ubuntu/projects/Graphene-Band-Structure-Quantum-Espresso/outputs/field_0/vdw-df2-c09/top/data/ldos.pp.dat221

     Calling punch_plot, plot_num =   3

     Energy = -13.28200 eV, broadening =   0.20000eV
     Writing data to file  /home/ubuntu/projects/Graphene-Band-Structure-Quantum-Espresso/outputs/field_0/vdw-df2-c09/top/data/ldos.pp.dat222

     Calling punch_plot, plot_num =   3

     Energy = -13.26200 eV, broadening =   0.20000eV
     Writing data to file  /home/ubuntu/projects/Graphene-Band-Structure-Quantum-Espresso/outputs/field_0/vdw-df2-c09/top/data/ldos.pp.dat223

     Calling punch_plot, plot_num =   3

     Energy = -13.24200 eV, broadening =   0.20000eV
     Writing data to file  /home/ubuntu/projects/Graphene-Band-Structure-Quantum-Espresso/outputs/field_0/vdw-df2-c09/top/data/ldos.pp.dat224

     Calling punch_plot, plot_num =   3

     Energy = -13.22200 eV, broadening =   0.20000eV
     Writing data to file  /home/ubuntu/projects/Graphene-Band-Structure-Quantum-Espresso/outputs/field_0/vdw-df2-c09/top/data/ldos.pp.dat225

     Calling punch_plot, plot_num =   3

     Energy = -13.20200 eV, broadening =   0.20000eV
     Writing data to file  /home/ubuntu/projects/Graphene-Band-Structure-Quantum-Espresso/outputs/field_0/vdw-df2-c09/top/data/ldos.pp.dat226

     Calling punch_plot, plot_num =   3

     Energy = -13.18200 eV, broadening =   0.20000eV
     Writing data to file  /home/ubuntu/projects/Graphene-Band-Structure-Quantum-Espresso/outputs/field_0/vdw-df2-c09/top/data/ldos.pp.dat227

     Calling punch_plot, plot_num =   3

     Energy = -13.16200 eV, broadening =   0.20000eV
     Writing data to file  /home/ubuntu/projects/Graphene-Band-Structure-Quantum-Espresso/outputs/field_0/vdw-df2-c09/top/data/ldos.pp.dat228

     Calling punch_plot, plot_num =   3

     Energy = -13.14200 eV, broadening =   0.20000eV
     Writing data to file  /home/ubuntu/projects/Graphene-Band-Structure-Quantum-Espresso/outputs/field_0/vdw-df2-c09/top/data/ldos.pp.dat229

     Calling punch_plot, plot_num =   3

     Energy = -13.12200 eV, broadening =   0.20000eV
     Writing data to file  /home/ubuntu/projects/Graphene-Band-Structure-Quantum-Espresso/outputs/field_0/vdw-df2-c09/top/data/ldos.pp.dat230

     Calling punch_plot, plot_num =   3

     Energy = -13.10200 eV, broadening =   0.20000eV
     Writing data to file  /home/ubuntu/projects/Graphene-Band-Structure-Quantum-Espresso/outputs/field_0/vdw-df2-c09/top/data/ldos.pp.dat231

     Calling punch_plot, plot_num =   3

     Energy = -13.08200 eV, broadening =   0.20000eV
     Writing data to file  /home/ubuntu/projects/Graphene-Band-Structure-Quantum-Espresso/outputs/field_0/vdw-df2-c09/top/data/ldos.pp.dat232

     Calling punch_plot, plot_num =   3

     Energy = -13.06200 eV, broadening =   0.20000eV
     Writing data to file  /home/ubuntu/projects/Graphene-Band-Structure-Quantum-Espresso/outputs/field_0/vdw-df2-c09/top/data/ldos.pp.dat233

     Calling punch_plot, plot_num =   3

     Energy = -13.04200 eV, broadening =   0.20000eV
     Writing data to file  /home/ubuntu/projects/Graphene-Band-Structure-Quantum-Espresso/outputs/field_0/vdw-df2-c09/top/data/ldos.pp.dat234

     Calling punch_plot, plot_num =   3

     Energy = -13.02200 eV, broadening =   0.20000eV
     Writing data to file  /home/ubuntu/projects/Graphene-Band-Structure-Quantum-Espresso/outputs/field_0/vdw-df2-c09/top/data/ldos.pp.dat235

     Calling punch_plot, plot_num =   3

     Energy = -13.00200 eV, broadening =   0.20000eV
     Writing data to file  /home/ubuntu/projects/Graphene-Band-Structure-Quantum-Espresso/outputs/field_0/vdw-df2-c09/top/data/ldos.pp.dat236

     Calling punch_plot, plot_num =   3

     Energy = -12.98200 eV, broadening =   0.20000eV
     Writing data to file  /home/ubuntu/projects/Graphene-Band-Structure-Quantum-Espresso/outputs/field_0/vdw-df2-c09/top/data/ldos.pp.dat237

     Calling punch_plot, plot_num =   3

     Energy = -12.96200 eV, broadening =   0.20000eV
     Writing data to file  /home/ubuntu/projects/Graphene-Band-Structure-Quantum-Espresso/outputs/field_0/vdw-df2-c09/top/data/ldos.pp.dat238

     Calling punch_plot, plot_num =   3

     Energy = -12.94200 eV, broadening =   0.20000eV
     Writing data to file  /home/ubuntu/projects/Graphene-Band-Structure-Quantum-Espresso/outputs/field_0/vdw-df2-c09/top/data/ldos.pp.dat239

     Calling punch_plot, plot_num =   3

     Energy = -12.92200 eV, broadening =   0.20000eV
     Writing data to file  /home/ubuntu/projects/Graphene-Band-Structure-Quantum-Espresso/outputs/field_0/vdw-df2-c09/top/data/ldos.pp.dat240

     Calling punch_plot, plot_num =   3

     Energy = -12.90200 eV, broadening =   0.20000eV
     Writing data to file  /home/ubuntu/projects/Graphene-Band-Structure-Quantum-Espresso/outputs/field_0/vdw-df2-c09/top/data/ldos.pp.dat241

     Calling punch_plot, plot_num =   3

     Energy = -12.88200 eV, broadening =   0.20000eV
     Writing data to file  /home/ubuntu/projects/Graphene-Band-Structure-Quantum-Espresso/outputs/field_0/vdw-df2-c09/top/data/ldos.pp.dat242

     Calling punch_plot, plot_num =   3

     Energy = -12.86200 eV, broadening =   0.20000eV
     Writing data to file  /home/ubuntu/projects/Graphene-Band-Structure-Quantum-Espresso/outputs/field_0/vdw-df2-c09/top/data/ldos.pp.dat243

     Calling punch_plot, plot_num =   3

     Energy = -12.84200 eV, broadening =   0.20000eV
     Writing data to file  /home/ubuntu/projects/Graphene-Band-Structure-Quantum-Espresso/outputs/field_0/vdw-df2-c09/top/data/ldos.pp.dat244

     Calling punch_plot, plot_num =   3

     Energy = -12.82200 eV, broadening =   0.20000eV
     Writing data to file  /home/ubuntu/projects/Graphene-Band-Structure-Quantum-Espresso/outputs/field_0/vdw-df2-c09/top/data/ldos.pp.dat245

     Calling punch_plot, plot_num =   3

     Energy = -12.80200 eV, broadening =   0.20000eV
     Writing data to file  /home/ubuntu/projects/Graphene-Band-Structure-Quantum-Espresso/outputs/field_0/vdw-df2-c09/top/data/ldos.pp.dat246

     Calling punch_plot, plot_num =   3

     Energy = -12.78200 eV, broadening =   0.20000eV
     Writing data to file  /home/ubuntu/projects/Graphene-Band-Structure-Quantum-Espresso/outputs/field_0/vdw-df2-c09/top/data/ldos.pp.dat247

     Calling punch_plot, plot_num =   3

     Energy = -12.76200 eV, broadening =   0.20000eV
     Writing data to file  /home/ubuntu/projects/Graphene-Band-Structure-Quantum-Espresso/outputs/field_0/vdw-df2-c09/top/data/ldos.pp.dat248

     Calling punch_plot, plot_num =   3

     Energy = -12.74200 eV, broadening =   0.20000eV
     Writing data to file  /home/ubuntu/projects/Graphene-Band-Structure-Quantum-Espresso/outputs/field_0/vdw-df2-c09/top/data/ldos.pp.dat249

     Calling punch_plot, plot_num =   3

     Energy = -12.72200 eV, broadening =   0.20000eV
     Writing data to file  /home/ubuntu/projects/Graphene-Band-Structure-Quantum-Espresso/outputs/field_0/vdw-df2-c09/top/data/ldos.pp.dat250

     Calling punch_plot, plot_num =   3

     Energy = -12.70200 eV, broadening =   0.20000eV
     Writing data to file  /home/ubuntu/projects/Graphene-Band-Structure-Quantum-Espresso/outputs/field_0/vdw-df2-c09/top/data/ldos.pp.dat251

     Calling punch_plot, plot_num =   3

     Energy = -12.68200 eV, broadening =   0.20000eV
     Writing data to file  /home/ubuntu/projects/Graphene-Band-Structure-Quantum-Espresso/outputs/field_0/vdw-df2-c09/top/data/ldos.pp.dat252

     Calling punch_plot, plot_num =   3

     Energy = -12.66200 eV, broadening =   0.20000eV
     Writing data to file  /home/ubuntu/projects/Graphene-Band-Structure-Quantum-Espresso/outputs/field_0/vdw-df2-c09/top/data/ldos.pp.dat253

     Calling punch_plot, plot_num =   3

     Energy = -12.64200 eV, broadening =   0.20000eV
     Writing data to file  /home/ubuntu/projects/Graphene-Band-Structure-Quantum-Espresso/outputs/field_0/vdw-df2-c09/top/data/ldos.pp.dat254

     Calling punch_plot, plot_num =   3

     Energy = -12.62200 eV, broadening =   0.20000eV
     Writing data to file  /home/ubuntu/projects/Graphene-Band-Structure-Quantum-Espresso/outputs/field_0/vdw-df2-c09/top/data/ldos.pp.dat255

     Calling punch_plot, plot_num =   3

     Energy = -12.60200 eV, broadening =   0.20000eV
     Writing data to file  /home/ubuntu/projects/Graphene-Band-Structure-Quantum-Espresso/outputs/field_0/vdw-df2-c09/top/data/ldos.pp.dat256

     Calling punch_plot, plot_num =   3

     Energy = -12.58200 eV, broadening =   0.20000eV
     Writing data to file  /home/ubuntu/projects/Graphene-Band-Structure-Quantum-Espresso/outputs/field_0/vdw-df2-c09/top/data/ldos.pp.dat257

     Calling punch_plot, plot_num =   3

     Energy = -12.56200 eV, broadening =   0.20000eV
     Writing data to file  /home/ubuntu/projects/Graphene-Band-Structure-Quantum-Espresso/outputs/field_0/vdw-df2-c09/top/data/ldos.pp.dat258

     Calling punch_plot, plot_num =   3

     Energy = -12.54200 eV, broadening =   0.20000eV
     Writing data to file  /home/ubuntu/projects/Graphene-Band-Structure-Quantum-Espresso/outputs/field_0/vdw-df2-c09/top/data/ldos.pp.dat259

     Calling punch_plot, plot_num =   3

     Energy = -12.52200 eV, broadening =   0.20000eV
     Writing data to file  /home/ubuntu/projects/Graphene-Band-Structure-Quantum-Espresso/outputs/field_0/vdw-df2-c09/top/data/ldos.pp.dat260

     Calling punch_plot, plot_num =   3

     Energy = -12.50200 eV, broadening =   0.20000eV
     Writing data to file  /home/ubuntu/projects/Graphene-Band-Structure-Quantum-Espresso/outputs/field_0/vdw-df2-c09/top/data/ldos.pp.dat261

     Calling punch_plot, plot_num =   3

     Energy = -12.48200 eV, broadening =   0.20000eV
     Writing data to file  /home/ubuntu/projects/Graphene-Band-Structure-Quantum-Espresso/outputs/field_0/vdw-df2-c09/top/data/ldos.pp.dat262

     Calling punch_plot, plot_num =   3

     Energy = -12.46200 eV, broadening =   0.20000eV
     Writing data to file  /home/ubuntu/projects/Graphene-Band-Structure-Quantum-Espresso/outputs/field_0/vdw-df2-c09/top/data/ldos.pp.dat263

     Calling punch_plot, plot_num =   3

     Energy = -12.44200 eV, broadening =   0.20000eV
     Writing data to file  /home/ubuntu/projects/Graphene-Band-Structure-Quantum-Espresso/outputs/field_0/vdw-df2-c09/top/data/ldos.pp.dat264

     Calling punch_plot, plot_num =   3

     Energy = -12.42200 eV, broadening =   0.20000eV
     Writing data to file  /home/ubuntu/projects/Graphene-Band-Structure-Quantum-Espresso/outputs/field_0/vdw-df2-c09/top/data/ldos.pp.dat265

     Calling punch_plot, plot_num =   3

     Energy = -12.40200 eV, broadening =   0.20000eV
     Writing data to file  /home/ubuntu/projects/Graphene-Band-Structure-Quantum-Espresso/outputs/field_0/vdw-df2-c09/top/data/ldos.pp.dat266

     Calling punch_plot, plot_num =   3

     Energy = -12.38200 eV, broadening =   0.20000eV
     Writing data to file  /home/ubuntu/projects/Graphene-Band-Structure-Quantum-Espresso/outputs/field_0/vdw-df2-c09/top/data/ldos.pp.dat267

     Calling punch_plot, plot_num =   3

     Energy = -12.36200 eV, broadening =   0.20000eV
     Writing data to file  /home/ubuntu/projects/Graphene-Band-Structure-Quantum-Espresso/outputs/field_0/vdw-df2-c09/top/data/ldos.pp.dat268

     Calling punch_plot, plot_num =   3

     Energy = -12.34200 eV, broadening =   0.20000eV
     Writing data to file  /home/ubuntu/projects/Graphene-Band-Structure-Quantum-Espresso/outputs/field_0/vdw-df2-c09/top/data/ldos.pp.dat269

     Calling punch_plot, plot_num =   3

     Energy = -12.32200 eV, broadening =   0.20000eV
     Writing data to file  /home/ubuntu/projects/Graphene-Band-Structure-Quantum-Espresso/outputs/field_0/vdw-df2-c09/top/data/ldos.pp.dat270

     Calling punch_plot, plot_num =   3

     Energy = -12.30200 eV, broadening =   0.20000eV
     Writing data to file  /home/ubuntu/projects/Graphene-Band-Structure-Quantum-Espresso/outputs/field_0/vdw-df2-c09/top/data/ldos.pp.dat271

     Calling punch_plot, plot_num =   3

     Energy = -12.28200 eV, broadening =   0.20000eV
     Writing data to file  /home/ubuntu/projects/Graphene-Band-Structure-Quantum-Espresso/outputs/field_0/vdw-df2-c09/top/data/ldos.pp.dat272

     Calling punch_plot, plot_num =   3

     Energy = -12.26200 eV, broadening =   0.20000eV
     Writing data to file  /home/ubuntu/projects/Graphene-Band-Structure-Quantum-Espresso/outputs/field_0/vdw-df2-c09/top/data/ldos.pp.dat273

     Calling punch_plot, plot_num =   3

     Energy = -12.24200 eV, broadening =   0.20000eV
     Writing data to file  /home/ubuntu/projects/Graphene-Band-Structure-Quantum-Espresso/outputs/field_0/vdw-df2-c09/top/data/ldos.pp.dat274

     Calling punch_plot, plot_num =   3

     Energy = -12.22200 eV, broadening =   0.20000eV
     Writing data to file  /home/ubuntu/projects/Graphene-Band-Structure-Quantum-Espresso/outputs/field_0/vdw-df2-c09/top/data/ldos.pp.dat275

     Calling punch_plot, plot_num =   3

     Energy = -12.20200 eV, broadening =   0.20000eV
     Writing data to file  /home/ubuntu/projects/Graphene-Band-Structure-Quantum-Espresso/outputs/field_0/vdw-df2-c09/top/data/ldos.pp.dat276

     Calling punch_plot, plot_num =   3

     Energy = -12.18200 eV, broadening =   0.20000eV
     Writing data to file  /home/ubuntu/projects/Graphene-Band-Structure-Quantum-Espresso/outputs/field_0/vdw-df2-c09/top/data/ldos.pp.dat277

     Calling punch_plot, plot_num =   3

     Energy = -12.16200 eV, broadening =   0.20000eV
     Writing data to file  /home/ubuntu/projects/Graphene-Band-Structure-Quantum-Espresso/outputs/field_0/vdw-df2-c09/top/data/ldos.pp.dat278

     Calling punch_plot, plot_num =   3

     Energy = -12.14200 eV, broadening =   0.20000eV
     Writing data to file  /home/ubuntu/projects/Graphene-Band-Structure-Quantum-Espresso/outputs/field_0/vdw-df2-c09/top/data/ldos.pp.dat279

     Calling punch_plot, plot_num =   3

     Energy = -12.12200 eV, broadening =   0.20000eV
     Writing data to file  /home/ubuntu/projects/Graphene-Band-Structure-Quantum-Espresso/outputs/field_0/vdw-df2-c09/top/data/ldos.pp.dat280

     Calling punch_plot, plot_num =   3

     Energy = -12.10200 eV, broadening =   0.20000eV
     Writing data to file  /home/ubuntu/projects/Graphene-Band-Structure-Quantum-Espresso/outputs/field_0/vdw-df2-c09/top/data/ldos.pp.dat281

     Calling punch_plot, plot_num =   3

     Energy = -12.08200 eV, broadening =   0.20000eV
     Writing data to file  /home/ubuntu/projects/Graphene-Band-Structure-Quantum-Espresso/outputs/field_0/vdw-df2-c09/top/data/ldos.pp.dat282

     Calling punch_plot, plot_num =   3

     Energy = -12.06200 eV, broadening =   0.20000eV
     Writing data to file  /home/ubuntu/projects/Graphene-Band-Structure-Quantum-Espresso/outputs/field_0/vdw-df2-c09/top/data/ldos.pp.dat283

     Calling punch_plot, plot_num =   3

     Energy = -12.04200 eV, broadening =   0.20000eV
     Writing data to file  /home/ubuntu/projects/Graphene-Band-Structure-Quantum-Espresso/outputs/field_0/vdw-df2-c09/top/data/ldos.pp.dat284

     Calling punch_plot, plot_num =   3

     Energy = -12.02200 eV, broadening =   0.20000eV
     Writing data to file  /home/ubuntu/projects/Graphene-Band-Structure-Quantum-Espresso/outputs/field_0/vdw-df2-c09/top/data/ldos.pp.dat285

     Calling punch_plot, plot_num =   3

     Energy = -12.00200 eV, broadening =   0.20000eV
     Writing data to file  /home/ubuntu/projects/Graphene-Band-Structure-Quantum-Espresso/outputs/field_0/vdw-df2-c09/top/data/ldos.pp.dat286

     Calling punch_plot, plot_num =   3

     Energy = -11.98200 eV, broadening =   0.20000eV
     Writing data to file  /home/ubuntu/projects/Graphene-Band-Structure-Quantum-Espresso/outputs/field_0/vdw-df2-c09/top/data/ldos.pp.dat287

     Calling punch_plot, plot_num =   3

     Energy = -11.96200 eV, broadening =   0.20000eV
     Writing data to file  /home/ubuntu/projects/Graphene-Band-Structure-Quantum-Espresso/outputs/field_0/vdw-df2-c09/top/data/ldos.pp.dat288

     Calling punch_plot, plot_num =   3

     Energy = -11.94200 eV, broadening =   0.20000eV
     Writing data to file  /home/ubuntu/projects/Graphene-Band-Structure-Quantum-Espresso/outputs/field_0/vdw-df2-c09/top/data/ldos.pp.dat289

     Calling punch_plot, plot_num =   3

     Energy = -11.92200 eV, broadening =   0.20000eV
     Writing data to file  /home/ubuntu/projects/Graphene-Band-Structure-Quantum-Espresso/outputs/field_0/vdw-df2-c09/top/data/ldos.pp.dat290

     Calling punch_plot, plot_num =   3

     Energy = -11.90200 eV, broadening =   0.20000eV
     Writing data to file  /home/ubuntu/projects/Graphene-Band-Structure-Quantum-Espresso/outputs/field_0/vdw-df2-c09/top/data/ldos.pp.dat291

     Calling punch_plot, plot_num =   3

     Energy = -11.88200 eV, broadening =   0.20000eV
     Writing data to file  /home/ubuntu/projects/Graphene-Band-Structure-Quantum-Espresso/outputs/field_0/vdw-df2-c09/top/data/ldos.pp.dat292

     Calling punch_plot, plot_num =   3

     Energy = -11.86200 eV, broadening =   0.20000eV
     Writing data to file  /home/ubuntu/projects/Graphene-Band-Structure-Quantum-Espresso/outputs/field_0/vdw-df2-c09/top/data/ldos.pp.dat293

     Calling punch_plot, plot_num =   3

     Energy = -11.84200 eV, broadening =   0.20000eV
     Writing data to file  /home/ubuntu/projects/Graphene-Band-Structure-Quantum-Espresso/outputs/field_0/vdw-df2-c09/top/data/ldos.pp.dat294

     Calling punch_plot, plot_num =   3

     Energy = -11.82200 eV, broadening =   0.20000eV
     Writing data to file  /home/ubuntu/projects/Graphene-Band-Structure-Quantum-Espresso/outputs/field_0/vdw-df2-c09/top/data/ldos.pp.dat295

     Calling punch_plot, plot_num =   3

     Energy = -11.80200 eV, broadening =   0.20000eV
     Writing data to file  /home/ubuntu/projects/Graphene-Band-Structure-Quantum-Espresso/outputs/field_0/vdw-df2-c09/top/data/ldos.pp.dat296

     Calling punch_plot, plot_num =   3

     Energy = -11.78200 eV, broadening =   0.20000eV
     Writing data to file  /home/ubuntu/projects/Graphene-Band-Structure-Quantum-Espresso/outputs/field_0/vdw-df2-c09/top/data/ldos.pp.dat297

     Calling punch_plot, plot_num =   3

     Energy = -11.76200 eV, broadening =   0.20000eV
     Writing data to file  /home/ubuntu/projects/Graphene-Band-Structure-Quantum-Espresso/outputs/field_0/vdw-df2-c09/top/data/ldos.pp.dat298

     Calling punch_plot, plot_num =   3

     Energy = -11.74200 eV, broadening =   0.20000eV
     Writing data to file  /home/ubuntu/projects/Graphene-Band-Structure-Quantum-Espresso/outputs/field_0/vdw-df2-c09/top/data/ldos.pp.dat299

     Calling punch_plot, plot_num =   3

     Energy = -11.72200 eV, broadening =   0.20000eV
     Writing data to file  /home/ubuntu/projects/Graphene-Band-Structure-Quantum-Espresso/outputs/field_0/vdw-df2-c09/top/data/ldos.pp.dat300

     Calling punch_plot, plot_num =   3

     Energy = -11.70200 eV, broadening =   0.20000eV
     Writing data to file  /home/ubuntu/projects/Graphene-Band-Structure-Quantum-Espresso/outputs/field_0/vdw-df2-c09/top/data/ldos.pp.dat301

     Calling punch_plot, plot_num =   3

     Energy = -11.68200 eV, broadening =   0.20000eV
     Writing data to file  /home/ubuntu/projects/Graphene-Band-Structure-Quantum-Espresso/outputs/field_0/vdw-df2-c09/top/data/ldos.pp.dat302

     Calling punch_plot, plot_num =   3

     Energy = -11.66200 eV, broadening =   0.20000eV
     Writing data to file  /home/ubuntu/projects/Graphene-Band-Structure-Quantum-Espresso/outputs/field_0/vdw-df2-c09/top/data/ldos.pp.dat303

     Calling punch_plot, plot_num =   3

     Energy = -11.64200 eV, broadening =   0.20000eV
     Writing data to file  /home/ubuntu/projects/Graphene-Band-Structure-Quantum-Espresso/outputs/field_0/vdw-df2-c09/top/data/ldos.pp.dat304

     Calling punch_plot, plot_num =   3

     Energy = -11.62200 eV, broadening =   0.20000eV
     Writing data to file  /home/ubuntu/projects/Graphene-Band-Structure-Quantum-Espresso/outputs/field_0/vdw-df2-c09/top/data/ldos.pp.dat305

     Calling punch_plot, plot_num =   3

     Energy = -11.60200 eV, broadening =   0.20000eV
     Writing data to file  /home/ubuntu/projects/Graphene-Band-Structure-Quantum-Espresso/outputs/field_0/vdw-df2-c09/top/data/ldos.pp.dat306

     Calling punch_plot, plot_num =   3

     Energy = -11.58200 eV, broadening =   0.20000eV
     Writing data to file  /home/ubuntu/projects/Graphene-Band-Structure-Quantum-Espresso/outputs/field_0/vdw-df2-c09/top/data/ldos.pp.dat307

     Calling punch_plot, plot_num =   3

     Energy = -11.56200 eV, broadening =   0.20000eV
     Writing data to file  /home/ubuntu/projects/Graphene-Band-Structure-Quantum-Espresso/outputs/field_0/vdw-df2-c09/top/data/ldos.pp.dat308

     Calling punch_plot, plot_num =   3

     Energy = -11.54200 eV, broadening =   0.20000eV
     Writing data to file  /home/ubuntu/projects/Graphene-Band-Structure-Quantum-Espresso/outputs/field_0/vdw-df2-c09/top/data/ldos.pp.dat309

     Calling punch_plot, plot_num =   3

     Energy = -11.52200 eV, broadening =   0.20000eV
     Writing data to file  /home/ubuntu/projects/Graphene-Band-Structure-Quantum-Espresso/outputs/field_0/vdw-df2-c09/top/data/ldos.pp.dat310

     Calling punch_plot, plot_num =   3

     Energy = -11.50200 eV, broadening =   0.20000eV
     Writing data to file  /home/ubuntu/projects/Graphene-Band-Structure-Quantum-Espresso/outputs/field_0/vdw-df2-c09/top/data/ldos.pp.dat311

     Calling punch_plot, plot_num =   3

     Energy = -11.48200 eV, broadening =   0.20000eV
     Writing data to file  /home/ubuntu/projects/Graphene-Band-Structure-Quantum-Espresso/outputs/field_0/vdw-df2-c09/top/data/ldos.pp.dat312

     Calling punch_plot, plot_num =   3

     Energy = -11.46200 eV, broadening =   0.20000eV
     Writing data to file  /home/ubuntu/projects/Graphene-Band-Structure-Quantum-Espresso/outputs/field_0/vdw-df2-c09/top/data/ldos.pp.dat313

     Calling punch_plot, plot_num =   3

     Energy = -11.44200 eV, broadening =   0.20000eV
     Writing data to file  /home/ubuntu/projects/Graphene-Band-Structure-Quantum-Espresso/outputs/field_0/vdw-df2-c09/top/data/ldos.pp.dat314

     Calling punch_plot, plot_num =   3

     Energy = -11.42200 eV, broadening =   0.20000eV
     Writing data to file  /home/ubuntu/projects/Graphene-Band-Structure-Quantum-Espresso/outputs/field_0/vdw-df2-c09/top/data/ldos.pp.dat315

     Calling punch_plot, plot_num =   3

     Energy = -11.40200 eV, broadening =   0.20000eV
     Writing data to file  /home/ubuntu/projects/Graphene-Band-Structure-Quantum-Espresso/outputs/field_0/vdw-df2-c09/top/data/ldos.pp.dat316

     Calling punch_plot, plot_num =   3

     Energy = -11.38200 eV, broadening =   0.20000eV
     Writing data to file  /home/ubuntu/projects/Graphene-Band-Structure-Quantum-Espresso/outputs/field_0/vdw-df2-c09/top/data/ldos.pp.dat317

     Calling punch_plot, plot_num =   3

     Energy = -11.36200 eV, broadening =   0.20000eV
     Writing data to file  /home/ubuntu/projects/Graphene-Band-Structure-Quantum-Espresso/outputs/field_0/vdw-df2-c09/top/data/ldos.pp.dat318

     Calling punch_plot, plot_num =   3

     Energy = -11.34200 eV, broadening =   0.20000eV
     Writing data to file  /home/ubuntu/projects/Graphene-Band-Structure-Quantum-Espresso/outputs/field_0/vdw-df2-c09/top/data/ldos.pp.dat319

     Calling punch_plot, plot_num =   3

     Energy = -11.32200 eV, broadening =   0.20000eV
     Writing data to file  /home/ubuntu/projects/Graphene-Band-Structure-Quantum-Espresso/outputs/field_0/vdw-df2-c09/top/data/ldos.pp.dat320

     Calling punch_plot, plot_num =   3

     Energy = -11.30200 eV, broadening =   0.20000eV
     Writing data to file  /home/ubuntu/projects/Graphene-Band-Structure-Quantum-Espresso/outputs/field_0/vdw-df2-c09/top/data/ldos.pp.dat321

     Calling punch_plot, plot_num =   3

     Energy = -11.28200 eV, broadening =   0.20000eV
     Writing data to file  /home/ubuntu/projects/Graphene-Band-Structure-Quantum-Espresso/outputs/field_0/vdw-df2-c09/top/data/ldos.pp.dat322

     Calling punch_plot, plot_num =   3

     Energy = -11.26200 eV, broadening =   0.20000eV
     Writing data to file  /home/ubuntu/projects/Graphene-Band-Structure-Quantum-Espresso/outputs/field_0/vdw-df2-c09/top/data/ldos.pp.dat323

     Calling punch_plot, plot_num =   3

     Energy = -11.24200 eV, broadening =   0.20000eV
     Writing data to file  /home/ubuntu/projects/Graphene-Band-Structure-Quantum-Espresso/outputs/field_0/vdw-df2-c09/top/data/ldos.pp.dat324

     Calling punch_plot, plot_num =   3

     Energy = -11.22200 eV, broadening =   0.20000eV
     Writing data to file  /home/ubuntu/projects/Graphene-Band-Structure-Quantum-Espresso/outputs/field_0/vdw-df2-c09/top/data/ldos.pp.dat325

     Calling punch_plot, plot_num =   3

     Energy = -11.20200 eV, broadening =   0.20000eV
     Writing data to file  /home/ubuntu/projects/Graphene-Band-Structure-Quantum-Espresso/outputs/field_0/vdw-df2-c09/top/data/ldos.pp.dat326

     Calling punch_plot, plot_num =   3

     Energy = -11.18200 eV, broadening =   0.20000eV
     Writing data to file  /home/ubuntu/projects/Graphene-Band-Structure-Quantum-Espresso/outputs/field_0/vdw-df2-c09/top/data/ldos.pp.dat327

     Calling punch_plot, plot_num =   3

     Energy = -11.16200 eV, broadening =   0.20000eV
     Writing data to file  /home/ubuntu/projects/Graphene-Band-Structure-Quantum-Espresso/outputs/field_0/vdw-df2-c09/top/data/ldos.pp.dat328

     Calling punch_plot, plot_num =   3

     Energy = -11.14200 eV, broadening =   0.20000eV
     Writing data to file  /home/ubuntu/projects/Graphene-Band-Structure-Quantum-Espresso/outputs/field_0/vdw-df2-c09/top/data/ldos.pp.dat329

     Calling punch_plot, plot_num =   3

     Energy = -11.12200 eV, broadening =   0.20000eV
     Writing data to file  /home/ubuntu/projects/Graphene-Band-Structure-Quantum-Espresso/outputs/field_0/vdw-df2-c09/top/data/ldos.pp.dat330

     Calling punch_plot, plot_num =   3

     Energy = -11.10200 eV, broadening =   0.20000eV
     Writing data to file  /home/ubuntu/projects/Graphene-Band-Structure-Quantum-Espresso/outputs/field_0/vdw-df2-c09/top/data/ldos.pp.dat331

     Calling punch_plot, plot_num =   3

     Energy = -11.08200 eV, broadening =   0.20000eV
     Writing data to file  /home/ubuntu/projects/Graphene-Band-Structure-Quantum-Espresso/outputs/field_0/vdw-df2-c09/top/data/ldos.pp.dat332

     Calling punch_plot, plot_num =   3

     Energy = -11.06200 eV, broadening =   0.20000eV
     Writing data to file  /home/ubuntu/projects/Graphene-Band-Structure-Quantum-Espresso/outputs/field_0/vdw-df2-c09/top/data/ldos.pp.dat333

     Calling punch_plot, plot_num =   3

     Energy = -11.04200 eV, broadening =   0.20000eV
     Writing data to file  /home/ubuntu/projects/Graphene-Band-Structure-Quantum-Espresso/outputs/field_0/vdw-df2-c09/top/data/ldos.pp.dat334

     Calling punch_plot, plot_num =   3

     Energy = -11.02200 eV, broadening =   0.20000eV
     Writing data to file  /home/ubuntu/projects/Graphene-Band-Structure-Quantum-Espresso/outputs/field_0/vdw-df2-c09/top/data/ldos.pp.dat335

     Calling punch_plot, plot_num =   3

     Energy = -11.00200 eV, broadening =   0.20000eV
     Writing data to file  /home/ubuntu/projects/Graphene-Band-Structure-Quantum-Espresso/outputs/field_0/vdw-df2-c09/top/data/ldos.pp.dat336

     Calling punch_plot, plot_num =   3

     Energy = -10.98200 eV, broadening =   0.20000eV
     Writing data to file  /home/ubuntu/projects/Graphene-Band-Structure-Quantum-Espresso/outputs/field_0/vdw-df2-c09/top/data/ldos.pp.dat337

     Calling punch_plot, plot_num =   3

     Energy = -10.96200 eV, broadening =   0.20000eV
     Writing data to file  /home/ubuntu/projects/Graphene-Band-Structure-Quantum-Espresso/outputs/field_0/vdw-df2-c09/top/data/ldos.pp.dat338

     Calling punch_plot, plot_num =   3

     Energy = -10.94200 eV, broadening =   0.20000eV
     Writing data to file  /home/ubuntu/projects/Graphene-Band-Structure-Quantum-Espresso/outputs/field_0/vdw-df2-c09/top/data/ldos.pp.dat339

     Calling punch_plot, plot_num =   3

     Energy = -10.92200 eV, broadening =   0.20000eV
     Writing data to file  /home/ubuntu/projects/Graphene-Band-Structure-Quantum-Espresso/outputs/field_0/vdw-df2-c09/top/data/ldos.pp.dat340

     Calling punch_plot, plot_num =   3

     Energy = -10.90200 eV, broadening =   0.20000eV
     Writing data to file  /home/ubuntu/projects/Graphene-Band-Structure-Quantum-Espresso/outputs/field_0/vdw-df2-c09/top/data/ldos.pp.dat341

     Calling punch_plot, plot_num =   3

     Energy = -10.88200 eV, broadening =   0.20000eV
     Writing data to file  /home/ubuntu/projects/Graphene-Band-Structure-Quantum-Espresso/outputs/field_0/vdw-df2-c09/top/data/ldos.pp.dat342

     Calling punch_plot, plot_num =   3

     Energy = -10.86200 eV, broadening =   0.20000eV
     Writing data to file  /home/ubuntu/projects/Graphene-Band-Structure-Quantum-Espresso/outputs/field_0/vdw-df2-c09/top/data/ldos.pp.dat343

     Calling punch_plot, plot_num =   3

     Energy = -10.84200 eV, broadening =   0.20000eV
     Writing data to file  /home/ubuntu/projects/Graphene-Band-Structure-Quantum-Espresso/outputs/field_0/vdw-df2-c09/top/data/ldos.pp.dat344

     Calling punch_plot, plot_num =   3

     Energy = -10.82200 eV, broadening =   0.20000eV
     Writing data to file  /home/ubuntu/projects/Graphene-Band-Structure-Quantum-Espresso/outputs/field_0/vdw-df2-c09/top/data/ldos.pp.dat345

     Calling punch_plot, plot_num =   3

     Energy = -10.80200 eV, broadening =   0.20000eV
     Writing data to file  /home/ubuntu/projects/Graphene-Band-Structure-Quantum-Espresso/outputs/field_0/vdw-df2-c09/top/data/ldos.pp.dat346

     Calling punch_plot, plot_num =   3

     Energy = -10.78200 eV, broadening =   0.20000eV
     Writing data to file  /home/ubuntu/projects/Graphene-Band-Structure-Quantum-Espresso/outputs/field_0/vdw-df2-c09/top/data/ldos.pp.dat347

     Calling punch_plot, plot_num =   3

     Energy = -10.76200 eV, broadening =   0.20000eV
     Writing data to file  /home/ubuntu/projects/Graphene-Band-Structure-Quantum-Espresso/outputs/field_0/vdw-df2-c09/top/data/ldos.pp.dat348

     Calling punch_plot, plot_num =   3

     Energy = -10.74200 eV, broadening =   0.20000eV
     Writing data to file  /home/ubuntu/projects/Graphene-Band-Structure-Quantum-Espresso/outputs/field_0/vdw-df2-c09/top/data/ldos.pp.dat349

     Calling punch_plot, plot_num =   3

     Energy = -10.72200 eV, broadening =   0.20000eV
     Writing data to file  /home/ubuntu/projects/Graphene-Band-Structure-Quantum-Espresso/outputs/field_0/vdw-df2-c09/top/data/ldos.pp.dat350

     Calling punch_plot, plot_num =   3

     Energy = -10.70200 eV, broadening =   0.20000eV
     Writing data to file  /home/ubuntu/projects/Graphene-Band-Structure-Quantum-Espresso/outputs/field_0/vdw-df2-c09/top/data/ldos.pp.dat351

     Calling punch_plot, plot_num =   3

     Energy = -10.68200 eV, broadening =   0.20000eV
     Writing data to file  /home/ubuntu/projects/Graphene-Band-Structure-Quantum-Espresso/outputs/field_0/vdw-df2-c09/top/data/ldos.pp.dat352

     Calling punch_plot, plot_num =   3

     Energy = -10.66200 eV, broadening =   0.20000eV
     Writing data to file  /home/ubuntu/projects/Graphene-Band-Structure-Quantum-Espresso/outputs/field_0/vdw-df2-c09/top/data/ldos.pp.dat353

     Calling punch_plot, plot_num =   3

     Energy = -10.64200 eV, broadening =   0.20000eV
     Writing data to file  /home/ubuntu/projects/Graphene-Band-Structure-Quantum-Espresso/outputs/field_0/vdw-df2-c09/top/data/ldos.pp.dat354

     Calling punch_plot, plot_num =   3

     Energy = -10.62200 eV, broadening =   0.20000eV
     Writing data to file  /home/ubuntu/projects/Graphene-Band-Structure-Quantum-Espresso/outputs/field_0/vdw-df2-c09/top/data/ldos.pp.dat355

     Calling punch_plot, plot_num =   3

     Energy = -10.60200 eV, broadening =   0.20000eV
     Writing data to file  /home/ubuntu/projects/Graphene-Band-Structure-Quantum-Espresso/outputs/field_0/vdw-df2-c09/top/data/ldos.pp.dat356

     Calling punch_plot, plot_num =   3

     Energy = -10.58200 eV, broadening =   0.20000eV
     Writing data to file  /home/ubuntu/projects/Graphene-Band-Structure-Quantum-Espresso/outputs/field_0/vdw-df2-c09/top/data/ldos.pp.dat357

     Calling punch_plot, plot_num =   3

     Energy = -10.56200 eV, broadening =   0.20000eV
     Writing data to file  /home/ubuntu/projects/Graphene-Band-Structure-Quantum-Espresso/outputs/field_0/vdw-df2-c09/top/data/ldos.pp.dat358

     Calling punch_plot, plot_num =   3

     Energy = -10.54200 eV, broadening =   0.20000eV
     Writing data to file  /home/ubuntu/projects/Graphene-Band-Structure-Quantum-Espresso/outputs/field_0/vdw-df2-c09/top/data/ldos.pp.dat359

     Calling punch_plot, plot_num =   3

     Energy = -10.52200 eV, broadening =   0.20000eV
     Writing data to file  /home/ubuntu/projects/Graphene-Band-Structure-Quantum-Espresso/outputs/field_0/vdw-df2-c09/top/data/ldos.pp.dat360

     Calling punch_plot, plot_num =   3

     Energy = -10.50200 eV, broadening =   0.20000eV
     Writing data to file  /home/ubuntu/projects/Graphene-Band-Structure-Quantum-Espresso/outputs/field_0/vdw-df2-c09/top/data/ldos.pp.dat361

     Calling punch_plot, plot_num =   3

     Energy = -10.48200 eV, broadening =   0.20000eV
     Writing data to file  /home/ubuntu/projects/Graphene-Band-Structure-Quantum-Espresso/outputs/field_0/vdw-df2-c09/top/data/ldos.pp.dat362

     Calling punch_plot, plot_num =   3

     Energy = -10.46200 eV, broadening =   0.20000eV
     Writing data to file  /home/ubuntu/projects/Graphene-Band-Structure-Quantum-Espresso/outputs/field_0/vdw-df2-c09/top/data/ldos.pp.dat363

     Calling punch_plot, plot_num =   3

     Energy = -10.44200 eV, broadening =   0.20000eV
     Writing data to file  /home/ubuntu/projects/Graphene-Band-Structure-Quantum-Espresso/outputs/field_0/vdw-df2-c09/top/data/ldos.pp.dat364

     Calling punch_plot, plot_num =   3

     Energy = -10.42200 eV, broadening =   0.20000eV
     Writing data to file  /home/ubuntu/projects/Graphene-Band-Structure-Quantum-Espresso/outputs/field_0/vdw-df2-c09/top/data/ldos.pp.dat365

     Calling punch_plot, plot_num =   3

     Energy = -10.40200 eV, broadening =   0.20000eV
     Writing data to file  /home/ubuntu/projects/Graphene-Band-Structure-Quantum-Espresso/outputs/field_0/vdw-df2-c09/top/data/ldos.pp.dat366

     Calling punch_plot, plot_num =   3

     Energy = -10.38200 eV, broadening =   0.20000eV
     Writing data to file  /home/ubuntu/projects/Graphene-Band-Structure-Quantum-Espresso/outputs/field_0/vdw-df2-c09/top/data/ldos.pp.dat367

     Calling punch_plot, plot_num =   3

     Energy = -10.36200 eV, broadening =   0.20000eV
     Writing data to file  /home/ubuntu/projects/Graphene-Band-Structure-Quantum-Espresso/outputs/field_0/vdw-df2-c09/top/data/ldos.pp.dat368

     Calling punch_plot, plot_num =   3

     Energy = -10.34200 eV, broadening =   0.20000eV
     Writing data to file  /home/ubuntu/projects/Graphene-Band-Structure-Quantum-Espresso/outputs/field_0/vdw-df2-c09/top/data/ldos.pp.dat369

     Calling punch_plot, plot_num =   3

     Energy = -10.32200 eV, broadening =   0.20000eV
     Writing data to file  /home/ubuntu/projects/Graphene-Band-Structure-Quantum-Espresso/outputs/field_0/vdw-df2-c09/top/data/ldos.pp.dat370

     Calling punch_plot, plot_num =   3

     Energy = -10.30200 eV, broadening =   0.20000eV
     Writing data to file  /home/ubuntu/projects/Graphene-Band-Structure-Quantum-Espresso/outputs/field_0/vdw-df2-c09/top/data/ldos.pp.dat371

     Calling punch_plot, plot_num =   3

     Energy = -10.28200 eV, broadening =   0.20000eV
     Writing data to file  /home/ubuntu/projects/Graphene-Band-Structure-Quantum-Espresso/outputs/field_0/vdw-df2-c09/top/data/ldos.pp.dat372

     Calling punch_plot, plot_num =   3

     Energy = -10.26200 eV, broadening =   0.20000eV
     Writing data to file  /home/ubuntu/projects/Graphene-Band-Structure-Quantum-Espresso/outputs/field_0/vdw-df2-c09/top/data/ldos.pp.dat373

     Calling punch_plot, plot_num =   3

     Energy = -10.24200 eV, broadening =   0.20000eV
     Writing data to file  /home/ubuntu/projects/Graphene-Band-Structure-Quantum-Espresso/outputs/field_0/vdw-df2-c09/top/data/ldos.pp.dat374

     Calling punch_plot, plot_num =   3

     Energy = -10.22200 eV, broadening =   0.20000eV
     Writing data to file  /home/ubuntu/projects/Graphene-Band-Structure-Quantum-Espresso/outputs/field_0/vdw-df2-c09/top/data/ldos.pp.dat375

     Calling punch_plot, plot_num =   3

     Energy = -10.20200 eV, broadening =   0.20000eV
     Writing data to file  /home/ubuntu/projects/Graphene-Band-Structure-Quantum-Espresso/outputs/field_0/vdw-df2-c09/top/data/ldos.pp.dat376

     Calling punch_plot, plot_num =   3

     Energy = -10.18200 eV, broadening =   0.20000eV
     Writing data to file  /home/ubuntu/projects/Graphene-Band-Structure-Quantum-Espresso/outputs/field_0/vdw-df2-c09/top/data/ldos.pp.dat377

     Calling punch_plot, plot_num =   3

     Energy = -10.16200 eV, broadening =   0.20000eV
     Writing data to file  /home/ubuntu/projects/Graphene-Band-Structure-Quantum-Espresso/outputs/field_0/vdw-df2-c09/top/data/ldos.pp.dat378

     Calling punch_plot, plot_num =   3

     Energy = -10.14200 eV, broadening =   0.20000eV
     Writing data to file  /home/ubuntu/projects/Graphene-Band-Structure-Quantum-Espresso/outputs/field_0/vdw-df2-c09/top/data/ldos.pp.dat379

     Calling punch_plot, plot_num =   3

     Energy = -10.12200 eV, broadening =   0.20000eV
     Writing data to file  /home/ubuntu/projects/Graphene-Band-Structure-Quantum-Espresso/outputs/field_0/vdw-df2-c09/top/data/ldos.pp.dat380

     Calling punch_plot, plot_num =   3

     Energy = -10.10200 eV, broadening =   0.20000eV
     Writing data to file  /home/ubuntu/projects/Graphene-Band-Structure-Quantum-Espresso/outputs/field_0/vdw-df2-c09/top/data/ldos.pp.dat381

     Calling punch_plot, plot_num =   3

     Energy = -10.08200 eV, broadening =   0.20000eV
     Writing data to file  /home/ubuntu/projects/Graphene-Band-Structure-Quantum-Espresso/outputs/field_0/vdw-df2-c09/top/data/ldos.pp.dat382

     Calling punch_plot, plot_num =   3

     Energy = -10.06200 eV, broadening =   0.20000eV
     Writing data to file  /home/ubuntu/projects/Graphene-Band-Structure-Quantum-Espresso/outputs/field_0/vdw-df2-c09/top/data/ldos.pp.dat383

     Calling punch_plot, plot_num =   3

     Energy = -10.04200 eV, broadening =   0.20000eV
     Writing data to file  /home/ubuntu/projects/Graphene-Band-Structure-Quantum-Espresso/outputs/field_0/vdw-df2-c09/top/data/ldos.pp.dat384

     Calling punch_plot, plot_num =   3

     Energy = -10.02200 eV, broadening =   0.20000eV
     Writing data to file  /home/ubuntu/projects/Graphene-Band-Structure-Quantum-Espresso/outputs/field_0/vdw-df2-c09/top/data/ldos.pp.dat385

     Calling punch_plot, plot_num =   3

     Energy = -10.00200 eV, broadening =   0.20000eV
     Writing data to file  /home/ubuntu/projects/Graphene-Band-Structure-Quantum-Espresso/outputs/field_0/vdw-df2-c09/top/data/ldos.pp.dat386

     Calling punch_plot, plot_num =   3

     Energy =  -9.98200 eV, broadening =   0.20000eV
     Writing data to file  /home/ubuntu/projects/Graphene-Band-Structure-Quantum-Espresso/outputs/field_0/vdw-df2-c09/top/data/ldos.pp.dat387

     Calling punch_plot, plot_num =   3

     Energy =  -9.96200 eV, broadening =   0.20000eV
     Writing data to file  /home/ubuntu/projects/Graphene-Band-Structure-Quantum-Espresso/outputs/field_0/vdw-df2-c09/top/data/ldos.pp.dat388

     Calling punch_plot, plot_num =   3

     Energy =  -9.94200 eV, broadening =   0.20000eV
     Writing data to file  /home/ubuntu/projects/Graphene-Band-Structure-Quantum-Espresso/outputs/field_0/vdw-df2-c09/top/data/ldos.pp.dat389

     Calling punch_plot, plot_num =   3

     Energy =  -9.92200 eV, broadening =   0.20000eV
     Writing data to file  /home/ubuntu/projects/Graphene-Band-Structure-Quantum-Espresso/outputs/field_0/vdw-df2-c09/top/data/ldos.pp.dat390

     Calling punch_plot, plot_num =   3

     Energy =  -9.90200 eV, broadening =   0.20000eV
     Writing data to file  /home/ubuntu/projects/Graphene-Band-Structure-Quantum-Espresso/outputs/field_0/vdw-df2-c09/top/data/ldos.pp.dat391

     Calling punch_plot, plot_num =   3

     Energy =  -9.88200 eV, broadening =   0.20000eV
     Writing data to file  /home/ubuntu/projects/Graphene-Band-Structure-Quantum-Espresso/outputs/field_0/vdw-df2-c09/top/data/ldos.pp.dat392

     Calling punch_plot, plot_num =   3

     Energy =  -9.86200 eV, broadening =   0.20000eV
     Writing data to file  /home/ubuntu/projects/Graphene-Band-Structure-Quantum-Espresso/outputs/field_0/vdw-df2-c09/top/data/ldos.pp.dat393

     Calling punch_plot, plot_num =   3

     Energy =  -9.84200 eV, broadening =   0.20000eV
     Writing data to file  /home/ubuntu/projects/Graphene-Band-Structure-Quantum-Espresso/outputs/field_0/vdw-df2-c09/top/data/ldos.pp.dat394

     Calling punch_plot, plot_num =   3

     Energy =  -9.82200 eV, broadening =   0.20000eV
     Writing data to file  /home/ubuntu/projects/Graphene-Band-Structure-Quantum-Espresso/outputs/field_0/vdw-df2-c09/top/data/ldos.pp.dat395

     Calling punch_plot, plot_num =   3

     Energy =  -9.80200 eV, broadening =   0.20000eV
     Writing data to file  /home/ubuntu/projects/Graphene-Band-Structure-Quantum-Espresso/outputs/field_0/vdw-df2-c09/top/data/ldos.pp.dat396

     Calling punch_plot, plot_num =   3

     Energy =  -9.78200 eV, broadening =   0.20000eV
     Writing data to file  /home/ubuntu/projects/Graphene-Band-Structure-Quantum-Espresso/outputs/field_0/vdw-df2-c09/top/data/ldos.pp.dat397

     Calling punch_plot, plot_num =   3

     Energy =  -9.76200 eV, broadening =   0.20000eV
     Writing data to file  /home/ubuntu/projects/Graphene-Band-Structure-Quantum-Espresso/outputs/field_0/vdw-df2-c09/top/data/ldos.pp.dat398

     Calling punch_plot, plot_num =   3

     Energy =  -9.74200 eV, broadening =   0.20000eV
     Writing data to file  /home/ubuntu/projects/Graphene-Band-Structure-Quantum-Espresso/outputs/field_0/vdw-df2-c09/top/data/ldos.pp.dat399

     Calling punch_plot, plot_num =   3

     Energy =  -9.72200 eV, broadening =   0.20000eV
     Writing data to file  /home/ubuntu/projects/Graphene-Band-Structure-Quantum-Espresso/outputs/field_0/vdw-df2-c09/top/data/ldos.pp.dat400

     Calling punch_plot, plot_num =   3

     Energy =  -9.70200 eV, broadening =   0.20000eV
     Writing data to file  /home/ubuntu/projects/Graphene-Band-Structure-Quantum-Espresso/outputs/field_0/vdw-df2-c09/top/data/ldos.pp.dat401

     Calling punch_plot, plot_num =   3

     Energy =  -9.68200 eV, broadening =   0.20000eV
     Writing data to file  /home/ubuntu/projects/Graphene-Band-Structure-Quantum-Espresso/outputs/field_0/vdw-df2-c09/top/data/ldos.pp.dat402

     Calling punch_plot, plot_num =   3

     Energy =  -9.66200 eV, broadening =   0.20000eV
     Writing data to file  /home/ubuntu/projects/Graphene-Band-Structure-Quantum-Espresso/outputs/field_0/vdw-df2-c09/top/data/ldos.pp.dat403

     Calling punch_plot, plot_num =   3

     Energy =  -9.64200 eV, broadening =   0.20000eV
     Writing data to file  /home/ubuntu/projects/Graphene-Band-Structure-Quantum-Espresso/outputs/field_0/vdw-df2-c09/top/data/ldos.pp.dat404

     Calling punch_plot, plot_num =   3

     Energy =  -9.62200 eV, broadening =   0.20000eV
     Writing data to file  /home/ubuntu/projects/Graphene-Band-Structure-Quantum-Espresso/outputs/field_0/vdw-df2-c09/top/data/ldos.pp.dat405

     Calling punch_plot, plot_num =   3

     Energy =  -9.60200 eV, broadening =   0.20000eV
     Writing data to file  /home/ubuntu/projects/Graphene-Band-Structure-Quantum-Espresso/outputs/field_0/vdw-df2-c09/top/data/ldos.pp.dat406

     Calling punch_plot, plot_num =   3

     Energy =  -9.58200 eV, broadening =   0.20000eV
     Writing data to file  /home/ubuntu/projects/Graphene-Band-Structure-Quantum-Espresso/outputs/field_0/vdw-df2-c09/top/data/ldos.pp.dat407

     Calling punch_plot, plot_num =   3

     Energy =  -9.56200 eV, broadening =   0.20000eV
     Writing data to file  /home/ubuntu/projects/Graphene-Band-Structure-Quantum-Espresso/outputs/field_0/vdw-df2-c09/top/data/ldos.pp.dat408

     Calling punch_plot, plot_num =   3

     Energy =  -9.54200 eV, broadening =   0.20000eV
     Writing data to file  /home/ubuntu/projects/Graphene-Band-Structure-Quantum-Espresso/outputs/field_0/vdw-df2-c09/top/data/ldos.pp.dat409

     Calling punch_plot, plot_num =   3

     Energy =  -9.52200 eV, broadening =   0.20000eV
     Writing data to file  /home/ubuntu/projects/Graphene-Band-Structure-Quantum-Espresso/outputs/field_0/vdw-df2-c09/top/data/ldos.pp.dat410

     Calling punch_plot, plot_num =   3

     Energy =  -9.50200 eV, broadening =   0.20000eV
     Writing data to file  /home/ubuntu/projects/Graphene-Band-Structure-Quantum-Espresso/outputs/field_0/vdw-df2-c09/top/data/ldos.pp.dat411

     Calling punch_plot, plot_num =   3

     Energy =  -9.48200 eV, broadening =   0.20000eV
     Writing data to file  /home/ubuntu/projects/Graphene-Band-Structure-Quantum-Espresso/outputs/field_0/vdw-df2-c09/top/data/ldos.pp.dat412

     Calling punch_plot, plot_num =   3

     Energy =  -9.46200 eV, broadening =   0.20000eV
     Writing data to file  /home/ubuntu/projects/Graphene-Band-Structure-Quantum-Espresso/outputs/field_0/vdw-df2-c09/top/data/ldos.pp.dat413

     Calling punch_plot, plot_num =   3

     Energy =  -9.44200 eV, broadening =   0.20000eV
     Writing data to file  /home/ubuntu/projects/Graphene-Band-Structure-Quantum-Espresso/outputs/field_0/vdw-df2-c09/top/data/ldos.pp.dat414

     Calling punch_plot, plot_num =   3

     Energy =  -9.42200 eV, broadening =   0.20000eV
     Writing data to file  /home/ubuntu/projects/Graphene-Band-Structure-Quantum-Espresso/outputs/field_0/vdw-df2-c09/top/data/ldos.pp.dat415

     Calling punch_plot, plot_num =   3

     Energy =  -9.40200 eV, broadening =   0.20000eV
     Writing data to file  /home/ubuntu/projects/Graphene-Band-Structure-Quantum-Espresso/outputs/field_0/vdw-df2-c09/top/data/ldos.pp.dat416

     Calling punch_plot, plot_num =   3

     Energy =  -9.38200 eV, broadening =   0.20000eV
     Writing data to file  /home/ubuntu/projects/Graphene-Band-Structure-Quantum-Espresso/outputs/field_0/vdw-df2-c09/top/data/ldos.pp.dat417

     Calling punch_plot, plot_num =   3

     Energy =  -9.36200 eV, broadening =   0.20000eV
     Writing data to file  /home/ubuntu/projects/Graphene-Band-Structure-Quantum-Espresso/outputs/field_0/vdw-df2-c09/top/data/ldos.pp.dat418

     Calling punch_plot, plot_num =   3

     Energy =  -9.34200 eV, broadening =   0.20000eV
     Writing data to file  /home/ubuntu/projects/Graphene-Band-Structure-Quantum-Espresso/outputs/field_0/vdw-df2-c09/top/data/ldos.pp.dat419

     Calling punch_plot, plot_num =   3

     Energy =  -9.32200 eV, broadening =   0.20000eV
     Writing data to file  /home/ubuntu/projects/Graphene-Band-Structure-Quantum-Espresso/outputs/field_0/vdw-df2-c09/top/data/ldos.pp.dat420

     Calling punch_plot, plot_num =   3

     Energy =  -9.30200 eV, broadening =   0.20000eV
     Writing data to file  /home/ubuntu/projects/Graphene-Band-Structure-Quantum-Espresso/outputs/field_0/vdw-df2-c09/top/data/ldos.pp.dat421

     Calling punch_plot, plot_num =   3

     Energy =  -9.28200 eV, broadening =   0.20000eV
     Writing data to file  /home/ubuntu/projects/Graphene-Band-Structure-Quantum-Espresso/outputs/field_0/vdw-df2-c09/top/data/ldos.pp.dat422

     Calling punch_plot, plot_num =   3

     Energy =  -9.26200 eV, broadening =   0.20000eV
     Writing data to file  /home/ubuntu/projects/Graphene-Band-Structure-Quantum-Espresso/outputs/field_0/vdw-df2-c09/top/data/ldos.pp.dat423

     Calling punch_plot, plot_num =   3

     Energy =  -9.24200 eV, broadening =   0.20000eV
     Writing data to file  /home/ubuntu/projects/Graphene-Band-Structure-Quantum-Espresso/outputs/field_0/vdw-df2-c09/top/data/ldos.pp.dat424

     Calling punch_plot, plot_num =   3

     Energy =  -9.22200 eV, broadening =   0.20000eV
     Writing data to file  /home/ubuntu/projects/Graphene-Band-Structure-Quantum-Espresso/outputs/field_0/vdw-df2-c09/top/data/ldos.pp.dat425

     Calling punch_plot, plot_num =   3

     Energy =  -9.20200 eV, broadening =   0.20000eV
     Writing data to file  /home/ubuntu/projects/Graphene-Band-Structure-Quantum-Espresso/outputs/field_0/vdw-df2-c09/top/data/ldos.pp.dat426

     Calling punch_plot, plot_num =   3

     Energy =  -9.18200 eV, broadening =   0.20000eV
     Writing data to file  /home/ubuntu/projects/Graphene-Band-Structure-Quantum-Espresso/outputs/field_0/vdw-df2-c09/top/data/ldos.pp.dat427

     Calling punch_plot, plot_num =   3

     Energy =  -9.16200 eV, broadening =   0.20000eV
     Writing data to file  /home/ubuntu/projects/Graphene-Band-Structure-Quantum-Espresso/outputs/field_0/vdw-df2-c09/top/data/ldos.pp.dat428

     Calling punch_plot, plot_num =   3

     Energy =  -9.14200 eV, broadening =   0.20000eV
     Writing data to file  /home/ubuntu/projects/Graphene-Band-Structure-Quantum-Espresso/outputs/field_0/vdw-df2-c09/top/data/ldos.pp.dat429

     Calling punch_plot, plot_num =   3

     Energy =  -9.12200 eV, broadening =   0.20000eV
     Writing data to file  /home/ubuntu/projects/Graphene-Band-Structure-Quantum-Espresso/outputs/field_0/vdw-df2-c09/top/data/ldos.pp.dat430

     Calling punch_plot, plot_num =   3

     Energy =  -9.10200 eV, broadening =   0.20000eV
     Writing data to file  /home/ubuntu/projects/Graphene-Band-Structure-Quantum-Espresso/outputs/field_0/vdw-df2-c09/top/data/ldos.pp.dat431

     Calling punch_plot, plot_num =   3

     Energy =  -9.08200 eV, broadening =   0.20000eV
     Writing data to file  /home/ubuntu/projects/Graphene-Band-Structure-Quantum-Espresso/outputs/field_0/vdw-df2-c09/top/data/ldos.pp.dat432

     Calling punch_plot, plot_num =   3

     Energy =  -9.06200 eV, broadening =   0.20000eV
     Writing data to file  /home/ubuntu/projects/Graphene-Band-Structure-Quantum-Espresso/outputs/field_0/vdw-df2-c09/top/data/ldos.pp.dat433

     Calling punch_plot, plot_num =   3

     Energy =  -9.04200 eV, broadening =   0.20000eV
     Writing data to file  /home/ubuntu/projects/Graphene-Band-Structure-Quantum-Espresso/outputs/field_0/vdw-df2-c09/top/data/ldos.pp.dat434

     Calling punch_plot, plot_num =   3

     Energy =  -9.02200 eV, broadening =   0.20000eV
     Writing data to file  /home/ubuntu/projects/Graphene-Band-Structure-Quantum-Espresso/outputs/field_0/vdw-df2-c09/top/data/ldos.pp.dat435

     Calling punch_plot, plot_num =   3

     Energy =  -9.00200 eV, broadening =   0.20000eV
     Writing data to file  /home/ubuntu/projects/Graphene-Band-Structure-Quantum-Espresso/outputs/field_0/vdw-df2-c09/top/data/ldos.pp.dat436

     Calling punch_plot, plot_num =   3

     Energy =  -8.98200 eV, broadening =   0.20000eV
     Writing data to file  /home/ubuntu/projects/Graphene-Band-Structure-Quantum-Espresso/outputs/field_0/vdw-df2-c09/top/data/ldos.pp.dat437

     Calling punch_plot, plot_num =   3

     Energy =  -8.96200 eV, broadening =   0.20000eV
     Writing data to file  /home/ubuntu/projects/Graphene-Band-Structure-Quantum-Espresso/outputs/field_0/vdw-df2-c09/top/data/ldos.pp.dat438

     Calling punch_plot, plot_num =   3

     Energy =  -8.94200 eV, broadening =   0.20000eV
     Writing data to file  /home/ubuntu/projects/Graphene-Band-Structure-Quantum-Espresso/outputs/field_0/vdw-df2-c09/top/data/ldos.pp.dat439

     Calling punch_plot, plot_num =   3

     Energy =  -8.92200 eV, broadening =   0.20000eV
     Writing data to file  /home/ubuntu/projects/Graphene-Band-Structure-Quantum-Espresso/outputs/field_0/vdw-df2-c09/top/data/ldos.pp.dat440

     Calling punch_plot, plot_num =   3

     Energy =  -8.90200 eV, broadening =   0.20000eV
     Writing data to file  /home/ubuntu/projects/Graphene-Band-Structure-Quantum-Espresso/outputs/field_0/vdw-df2-c09/top/data/ldos.pp.dat441

     Calling punch_plot, plot_num =   3

     Energy =  -8.88200 eV, broadening =   0.20000eV
     Writing data to file  /home/ubuntu/projects/Graphene-Band-Structure-Quantum-Espresso/outputs/field_0/vdw-df2-c09/top/data/ldos.pp.dat442

     Calling punch_plot, plot_num =   3

     Energy =  -8.86200 eV, broadening =   0.20000eV
     Writing data to file  /home/ubuntu/projects/Graphene-Band-Structure-Quantum-Espresso/outputs/field_0/vdw-df2-c09/top/data/ldos.pp.dat443

     Calling punch_plot, plot_num =   3

     Energy =  -8.84200 eV, broadening =   0.20000eV
     Writing data to file  /home/ubuntu/projects/Graphene-Band-Structure-Quantum-Espresso/outputs/field_0/vdw-df2-c09/top/data/ldos.pp.dat444

     Calling punch_plot, plot_num =   3

     Energy =  -8.82200 eV, broadening =   0.20000eV
     Writing data to file  /home/ubuntu/projects/Graphene-Band-Structure-Quantum-Espresso/outputs/field_0/vdw-df2-c09/top/data/ldos.pp.dat445

     Calling punch_plot, plot_num =   3

     Energy =  -8.80200 eV, broadening =   0.20000eV
     Writing data to file  /home/ubuntu/projects/Graphene-Band-Structure-Quantum-Espresso/outputs/field_0/vdw-df2-c09/top/data/ldos.pp.dat446

     Calling punch_plot, plot_num =   3

     Energy =  -8.78200 eV, broadening =   0.20000eV
     Writing data to file  /home/ubuntu/projects/Graphene-Band-Structure-Quantum-Espresso/outputs/field_0/vdw-df2-c09/top/data/ldos.pp.dat447

     Calling punch_plot, plot_num =   3

     Energy =  -8.76200 eV, broadening =   0.20000eV
     Writing data to file  /home/ubuntu/projects/Graphene-Band-Structure-Quantum-Espresso/outputs/field_0/vdw-df2-c09/top/data/ldos.pp.dat448

     Calling punch_plot, plot_num =   3

     Energy =  -8.74200 eV, broadening =   0.20000eV
     Writing data to file  /home/ubuntu/projects/Graphene-Band-Structure-Quantum-Espresso/outputs/field_0/vdw-df2-c09/top/data/ldos.pp.dat449

     Calling punch_plot, plot_num =   3

     Energy =  -8.72200 eV, broadening =   0.20000eV
     Writing data to file  /home/ubuntu/projects/Graphene-Band-Structure-Quantum-Espresso/outputs/field_0/vdw-df2-c09/top/data/ldos.pp.dat450

     Calling punch_plot, plot_num =   3

     Energy =  -8.70200 eV, broadening =   0.20000eV
     Writing data to file  /home/ubuntu/projects/Graphene-Band-Structure-Quantum-Espresso/outputs/field_0/vdw-df2-c09/top/data/ldos.pp.dat451

     Calling punch_plot, plot_num =   3

     Energy =  -8.68200 eV, broadening =   0.20000eV
     Writing data to file  /home/ubuntu/projects/Graphene-Band-Structure-Quantum-Espresso/outputs/field_0/vdw-df2-c09/top/data/ldos.pp.dat452

     Calling punch_plot, plot_num =   3

     Energy =  -8.66200 eV, broadening =   0.20000eV
     Writing data to file  /home/ubuntu/projects/Graphene-Band-Structure-Quantum-Espresso/outputs/field_0/vdw-df2-c09/top/data/ldos.pp.dat453

     Calling punch_plot, plot_num =   3

     Energy =  -8.64200 eV, broadening =   0.20000eV
     Writing data to file  /home/ubuntu/projects/Graphene-Band-Structure-Quantum-Espresso/outputs/field_0/vdw-df2-c09/top/data/ldos.pp.dat454

     Calling punch_plot, plot_num =   3

     Energy =  -8.62200 eV, broadening =   0.20000eV
     Writing data to file  /home/ubuntu/projects/Graphene-Band-Structure-Quantum-Espresso/outputs/field_0/vdw-df2-c09/top/data/ldos.pp.dat455

     Calling punch_plot, plot_num =   3

     Energy =  -8.60200 eV, broadening =   0.20000eV
     Writing data to file  /home/ubuntu/projects/Graphene-Band-Structure-Quantum-Espresso/outputs/field_0/vdw-df2-c09/top/data/ldos.pp.dat456

     Calling punch_plot, plot_num =   3

     Energy =  -8.58200 eV, broadening =   0.20000eV
     Writing data to file  /home/ubuntu/projects/Graphene-Band-Structure-Quantum-Espresso/outputs/field_0/vdw-df2-c09/top/data/ldos.pp.dat457

     Calling punch_plot, plot_num =   3

     Energy =  -8.56200 eV, broadening =   0.20000eV
     Writing data to file  /home/ubuntu/projects/Graphene-Band-Structure-Quantum-Espresso/outputs/field_0/vdw-df2-c09/top/data/ldos.pp.dat458

     Calling punch_plot, plot_num =   3

     Energy =  -8.54200 eV, broadening =   0.20000eV
     Writing data to file  /home/ubuntu/projects/Graphene-Band-Structure-Quantum-Espresso/outputs/field_0/vdw-df2-c09/top/data/ldos.pp.dat459

     Calling punch_plot, plot_num =   3

     Energy =  -8.52200 eV, broadening =   0.20000eV
     Writing data to file  /home/ubuntu/projects/Graphene-Band-Structure-Quantum-Espresso/outputs/field_0/vdw-df2-c09/top/data/ldos.pp.dat460

     Calling punch_plot, plot_num =   3

     Energy =  -8.50200 eV, broadening =   0.20000eV
     Writing data to file  /home/ubuntu/projects/Graphene-Band-Structure-Quantum-Espresso/outputs/field_0/vdw-df2-c09/top/data/ldos.pp.dat461

     Calling punch_plot, plot_num =   3

     Energy =  -8.48200 eV, broadening =   0.20000eV
     Writing data to file  /home/ubuntu/projects/Graphene-Band-Structure-Quantum-Espresso/outputs/field_0/vdw-df2-c09/top/data/ldos.pp.dat462

     Calling punch_plot, plot_num =   3

     Energy =  -8.46200 eV, broadening =   0.20000eV
     Writing data to file  /home/ubuntu/projects/Graphene-Band-Structure-Quantum-Espresso/outputs/field_0/vdw-df2-c09/top/data/ldos.pp.dat463

     Calling punch_plot, plot_num =   3

     Energy =  -8.44200 eV, broadening =   0.20000eV
     Writing data to file  /home/ubuntu/projects/Graphene-Band-Structure-Quantum-Espresso/outputs/field_0/vdw-df2-c09/top/data/ldos.pp.dat464

     Calling punch_plot, plot_num =   3

     Energy =  -8.42200 eV, broadening =   0.20000eV
     Writing data to file  /home/ubuntu/projects/Graphene-Band-Structure-Quantum-Espresso/outputs/field_0/vdw-df2-c09/top/data/ldos.pp.dat465

     Calling punch_plot, plot_num =   3

     Energy =  -8.40200 eV, broadening =   0.20000eV
     Writing data to file  /home/ubuntu/projects/Graphene-Band-Structure-Quantum-Espresso/outputs/field_0/vdw-df2-c09/top/data/ldos.pp.dat466

     Calling punch_plot, plot_num =   3

     Energy =  -8.38200 eV, broadening =   0.20000eV
     Writing data to file  /home/ubuntu/projects/Graphene-Band-Structure-Quantum-Espresso/outputs/field_0/vdw-df2-c09/top/data/ldos.pp.dat467

     Calling punch_plot, plot_num =   3

     Energy =  -8.36200 eV, broadening =   0.20000eV
     Writing data to file  /home/ubuntu/projects/Graphene-Band-Structure-Quantum-Espresso/outputs/field_0/vdw-df2-c09/top/data/ldos.pp.dat468

     Calling punch_plot, plot_num =   3

     Energy =  -8.34200 eV, broadening =   0.20000eV
     Writing data to file  /home/ubuntu/projects/Graphene-Band-Structure-Quantum-Espresso/outputs/field_0/vdw-df2-c09/top/data/ldos.pp.dat469

     Calling punch_plot, plot_num =   3

     Energy =  -8.32200 eV, broadening =   0.20000eV
     Writing data to file  /home/ubuntu/projects/Graphene-Band-Structure-Quantum-Espresso/outputs/field_0/vdw-df2-c09/top/data/ldos.pp.dat470

     Calling punch_plot, plot_num =   3

     Energy =  -8.30200 eV, broadening =   0.20000eV
     Writing data to file  /home/ubuntu/projects/Graphene-Band-Structure-Quantum-Espresso/outputs/field_0/vdw-df2-c09/top/data/ldos.pp.dat471

     Calling punch_plot, plot_num =   3

     Energy =  -8.28200 eV, broadening =   0.20000eV
     Writing data to file  /home/ubuntu/projects/Graphene-Band-Structure-Quantum-Espresso/outputs/field_0/vdw-df2-c09/top/data/ldos.pp.dat472

     Calling punch_plot, plot_num =   3

     Energy =  -8.26200 eV, broadening =   0.20000eV
     Writing data to file  /home/ubuntu/projects/Graphene-Band-Structure-Quantum-Espresso/outputs/field_0/vdw-df2-c09/top/data/ldos.pp.dat473

     Calling punch_plot, plot_num =   3

     Energy =  -8.24200 eV, broadening =   0.20000eV
     Writing data to file  /home/ubuntu/projects/Graphene-Band-Structure-Quantum-Espresso/outputs/field_0/vdw-df2-c09/top/data/ldos.pp.dat474

     Calling punch_plot, plot_num =   3

     Energy =  -8.22200 eV, broadening =   0.20000eV
     Writing data to file  /home/ubuntu/projects/Graphene-Band-Structure-Quantum-Espresso/outputs/field_0/vdw-df2-c09/top/data/ldos.pp.dat475

     Calling punch_plot, plot_num =   3

     Energy =  -8.20200 eV, broadening =   0.20000eV
     Writing data to file  /home/ubuntu/projects/Graphene-Band-Structure-Quantum-Espresso/outputs/field_0/vdw-df2-c09/top/data/ldos.pp.dat476

     Calling punch_plot, plot_num =   3

     Energy =  -8.18200 eV, broadening =   0.20000eV
     Writing data to file  /home/ubuntu/projects/Graphene-Band-Structure-Quantum-Espresso/outputs/field_0/vdw-df2-c09/top/data/ldos.pp.dat477

     Calling punch_plot, plot_num =   3

     Energy =  -8.16200 eV, broadening =   0.20000eV
     Writing data to file  /home/ubuntu/projects/Graphene-Band-Structure-Quantum-Espresso/outputs/field_0/vdw-df2-c09/top/data/ldos.pp.dat478

     Calling punch_plot, plot_num =   3

     Energy =  -8.14200 eV, broadening =   0.20000eV
     Writing data to file  /home/ubuntu/projects/Graphene-Band-Structure-Quantum-Espresso/outputs/field_0/vdw-df2-c09/top/data/ldos.pp.dat479

     Calling punch_plot, plot_num =   3

     Energy =  -8.12200 eV, broadening =   0.20000eV
     Writing data to file  /home/ubuntu/projects/Graphene-Band-Structure-Quantum-Espresso/outputs/field_0/vdw-df2-c09/top/data/ldos.pp.dat480

     Calling punch_plot, plot_num =   3

     Energy =  -8.10200 eV, broadening =   0.20000eV
     Writing data to file  /home/ubuntu/projects/Graphene-Band-Structure-Quantum-Espresso/outputs/field_0/vdw-df2-c09/top/data/ldos.pp.dat481

     Calling punch_plot, plot_num =   3

     Energy =  -8.08200 eV, broadening =   0.20000eV
     Writing data to file  /home/ubuntu/projects/Graphene-Band-Structure-Quantum-Espresso/outputs/field_0/vdw-df2-c09/top/data/ldos.pp.dat482

     Calling punch_plot, plot_num =   3

     Energy =  -8.06200 eV, broadening =   0.20000eV
     Writing data to file  /home/ubuntu/projects/Graphene-Band-Structure-Quantum-Espresso/outputs/field_0/vdw-df2-c09/top/data/ldos.pp.dat483

     Calling punch_plot, plot_num =   3

     Energy =  -8.04200 eV, broadening =   0.20000eV
     Writing data to file  /home/ubuntu/projects/Graphene-Band-Structure-Quantum-Espresso/outputs/field_0/vdw-df2-c09/top/data/ldos.pp.dat484

     Calling punch_plot, plot_num =   3

     Energy =  -8.02200 eV, broadening =   0.20000eV
     Writing data to file  /home/ubuntu/projects/Graphene-Band-Structure-Quantum-Espresso/outputs/field_0/vdw-df2-c09/top/data/ldos.pp.dat485

     Calling punch_plot, plot_num =   3

     Energy =  -8.00200 eV, broadening =   0.20000eV
     Writing data to file  /home/ubuntu/projects/Graphene-Band-Structure-Quantum-Espresso/outputs/field_0/vdw-df2-c09/top/data/ldos.pp.dat486

     Calling punch_plot, plot_num =   3

     Energy =  -7.98200 eV, broadening =   0.20000eV
     Writing data to file  /home/ubuntu/projects/Graphene-Band-Structure-Quantum-Espresso/outputs/field_0/vdw-df2-c09/top/data/ldos.pp.dat487

     Calling punch_plot, plot_num =   3

     Energy =  -7.96200 eV, broadening =   0.20000eV
     Writing data to file  /home/ubuntu/projects/Graphene-Band-Structure-Quantum-Espresso/outputs/field_0/vdw-df2-c09/top/data/ldos.pp.dat488

     Calling punch_plot, plot_num =   3

     Energy =  -7.94200 eV, broadening =   0.20000eV
     Writing data to file  /home/ubuntu/projects/Graphene-Band-Structure-Quantum-Espresso/outputs/field_0/vdw-df2-c09/top/data/ldos.pp.dat489

     Calling punch_plot, plot_num =   3

     Energy =  -7.92200 eV, broadening =   0.20000eV
     Writing data to file  /home/ubuntu/projects/Graphene-Band-Structure-Quantum-Espresso/outputs/field_0/vdw-df2-c09/top/data/ldos.pp.dat490

     Calling punch_plot, plot_num =   3

     Energy =  -7.90200 eV, broadening =   0.20000eV
     Writing data to file  /home/ubuntu/projects/Graphene-Band-Structure-Quantum-Espresso/outputs/field_0/vdw-df2-c09/top/data/ldos.pp.dat491

     Calling punch_plot, plot_num =   3

     Energy =  -7.88200 eV, broadening =   0.20000eV
     Writing data to file  /home/ubuntu/projects/Graphene-Band-Structure-Quantum-Espresso/outputs/field_0/vdw-df2-c09/top/data/ldos.pp.dat492

     Calling punch_plot, plot_num =   3

     Energy =  -7.86200 eV, broadening =   0.20000eV
     Writing data to file  /home/ubuntu/projects/Graphene-Band-Structure-Quantum-Espresso/outputs/field_0/vdw-df2-c09/top/data/ldos.pp.dat493

     Calling punch_plot, plot_num =   3

     Energy =  -7.84200 eV, broadening =   0.20000eV
     Writing data to file  /home/ubuntu/projects/Graphene-Band-Structure-Quantum-Espresso/outputs/field_0/vdw-df2-c09/top/data/ldos.pp.dat494

     Calling punch_plot, plot_num =   3

     Energy =  -7.82200 eV, broadening =   0.20000eV
     Writing data to file  /home/ubuntu/projects/Graphene-Band-Structure-Quantum-Espresso/outputs/field_0/vdw-df2-c09/top/data/ldos.pp.dat495

     Calling punch_plot, plot_num =   3

     Energy =  -7.80200 eV, broadening =   0.20000eV
     Writing data to file  /home/ubuntu/projects/Graphene-Band-Structure-Quantum-Espresso/outputs/field_0/vdw-df2-c09/top/data/ldos.pp.dat496

     Calling punch_plot, plot_num =   3

     Energy =  -7.78200 eV, broadening =   0.20000eV
     Writing data to file  /home/ubuntu/projects/Graphene-Band-Structure-Quantum-Espresso/outputs/field_0/vdw-df2-c09/top/data/ldos.pp.dat497

     Calling punch_plot, plot_num =   3

     Energy =  -7.76200 eV, broadening =   0.20000eV
     Writing data to file  /home/ubuntu/projects/Graphene-Band-Structure-Quantum-Espresso/outputs/field_0/vdw-df2-c09/top/data/ldos.pp.dat498

     Calling punch_plot, plot_num =   3

     Energy =  -7.74200 eV, broadening =   0.20000eV
     Writing data to file  /home/ubuntu/projects/Graphene-Band-Structure-Quantum-Espresso/outputs/field_0/vdw-df2-c09/top/data/ldos.pp.dat499

     Calling punch_plot, plot_num =   3

     Energy =  -7.72200 eV, broadening =   0.20000eV
     Writing data to file  /home/ubuntu/projects/Graphene-Band-Structure-Quantum-Espresso/outputs/field_0/vdw-df2-c09/top/data/ldos.pp.dat500

     Calling punch_plot, plot_num =   3

     Energy =  -7.70200 eV, broadening =   0.20000eV
     Writing data to file  /home/ubuntu/projects/Graphene-Band-Structure-Quantum-Espresso/outputs/field_0/vdw-df2-c09/top/data/ldos.pp.dat501

     Calling punch_plot, plot_num =   3

     Energy =  -7.68200 eV, broadening =   0.20000eV
     Writing data to file  /home/ubuntu/projects/Graphene-Band-Structure-Quantum-Espresso/outputs/field_0/vdw-df2-c09/top/data/ldos.pp.dat502

     Calling punch_plot, plot_num =   3

     Energy =  -7.66200 eV, broadening =   0.20000eV
     Writing data to file  /home/ubuntu/projects/Graphene-Band-Structure-Quantum-Espresso/outputs/field_0/vdw-df2-c09/top/data/ldos.pp.dat503

     Calling punch_plot, plot_num =   3

     Energy =  -7.64200 eV, broadening =   0.20000eV
     Writing data to file  /home/ubuntu/projects/Graphene-Band-Structure-Quantum-Espresso/outputs/field_0/vdw-df2-c09/top/data/ldos.pp.dat504

     Calling punch_plot, plot_num =   3

     Energy =  -7.62200 eV, broadening =   0.20000eV
     Writing data to file  /home/ubuntu/projects/Graphene-Band-Structure-Quantum-Espresso/outputs/field_0/vdw-df2-c09/top/data/ldos.pp.dat505

     Calling punch_plot, plot_num =   3

     Energy =  -7.60200 eV, broadening =   0.20000eV
     Writing data to file  /home/ubuntu/projects/Graphene-Band-Structure-Quantum-Espresso/outputs/field_0/vdw-df2-c09/top/data/ldos.pp.dat506

     Calling punch_plot, plot_num =   3

     Energy =  -7.58200 eV, broadening =   0.20000eV
     Writing data to file  /home/ubuntu/projects/Graphene-Band-Structure-Quantum-Espresso/outputs/field_0/vdw-df2-c09/top/data/ldos.pp.dat507

     Calling punch_plot, plot_num =   3

     Energy =  -7.56200 eV, broadening =   0.20000eV
     Writing data to file  /home/ubuntu/projects/Graphene-Band-Structure-Quantum-Espresso/outputs/field_0/vdw-df2-c09/top/data/ldos.pp.dat508

     Calling punch_plot, plot_num =   3

     Energy =  -7.54200 eV, broadening =   0.20000eV
     Writing data to file  /home/ubuntu/projects/Graphene-Band-Structure-Quantum-Espresso/outputs/field_0/vdw-df2-c09/top/data/ldos.pp.dat509

     Calling punch_plot, plot_num =   3

     Energy =  -7.52200 eV, broadening =   0.20000eV
     Writing data to file  /home/ubuntu/projects/Graphene-Band-Structure-Quantum-Espresso/outputs/field_0/vdw-df2-c09/top/data/ldos.pp.dat510

     Calling punch_plot, plot_num =   3

     Energy =  -7.50200 eV, broadening =   0.20000eV
     Writing data to file  /home/ubuntu/projects/Graphene-Band-Structure-Quantum-Espresso/outputs/field_0/vdw-df2-c09/top/data/ldos.pp.dat511

     Calling punch_plot, plot_num =   3

     Energy =  -7.48200 eV, broadening =   0.20000eV
     Writing data to file  /home/ubuntu/projects/Graphene-Band-Structure-Quantum-Espresso/outputs/field_0/vdw-df2-c09/top/data/ldos.pp.dat512

     Calling punch_plot, plot_num =   3

     Energy =  -7.46200 eV, broadening =   0.20000eV
     Writing data to file  /home/ubuntu/projects/Graphene-Band-Structure-Quantum-Espresso/outputs/field_0/vdw-df2-c09/top/data/ldos.pp.dat513

     Calling punch_plot, plot_num =   3

     Energy =  -7.44200 eV, broadening =   0.20000eV
     Writing data to file  /home/ubuntu/projects/Graphene-Band-Structure-Quantum-Espresso/outputs/field_0/vdw-df2-c09/top/data/ldos.pp.dat514

     Calling punch_plot, plot_num =   3

     Energy =  -7.42200 eV, broadening =   0.20000eV
     Writing data to file  /home/ubuntu/projects/Graphene-Band-Structure-Quantum-Espresso/outputs/field_0/vdw-df2-c09/top/data/ldos.pp.dat515

     Calling punch_plot, plot_num =   3

     Energy =  -7.40200 eV, broadening =   0.20000eV
     Writing data to file  /home/ubuntu/projects/Graphene-Band-Structure-Quantum-Espresso/outputs/field_0/vdw-df2-c09/top/data/ldos.pp.dat516

     Calling punch_plot, plot_num =   3

     Energy =  -7.38200 eV, broadening =   0.20000eV
     Writing data to file  /home/ubuntu/projects/Graphene-Band-Structure-Quantum-Espresso/outputs/field_0/vdw-df2-c09/top/data/ldos.pp.dat517

     Calling punch_plot, plot_num =   3

     Energy =  -7.36200 eV, broadening =   0.20000eV
     Writing data to file  /home/ubuntu/projects/Graphene-Band-Structure-Quantum-Espresso/outputs/field_0/vdw-df2-c09/top/data/ldos.pp.dat518

     Calling punch_plot, plot_num =   3

     Energy =  -7.34200 eV, broadening =   0.20000eV
     Writing data to file  /home/ubuntu/projects/Graphene-Band-Structure-Quantum-Espresso/outputs/field_0/vdw-df2-c09/top/data/ldos.pp.dat519

     Calling punch_plot, plot_num =   3

     Energy =  -7.32200 eV, broadening =   0.20000eV
     Writing data to file  /home/ubuntu/projects/Graphene-Band-Structure-Quantum-Espresso/outputs/field_0/vdw-df2-c09/top/data/ldos.pp.dat520

     Calling punch_plot, plot_num =   3

     Energy =  -7.30200 eV, broadening =   0.20000eV
     Writing data to file  /home/ubuntu/projects/Graphene-Band-Structure-Quantum-Espresso/outputs/field_0/vdw-df2-c09/top/data/ldos.pp.dat521

     Calling punch_plot, plot_num =   3

     Energy =  -7.28200 eV, broadening =   0.20000eV
     Writing data to file  /home/ubuntu/projects/Graphene-Band-Structure-Quantum-Espresso/outputs/field_0/vdw-df2-c09/top/data/ldos.pp.dat522

     Calling punch_plot, plot_num =   3

     Energy =  -7.26200 eV, broadening =   0.20000eV
     Writing data to file  /home/ubuntu/projects/Graphene-Band-Structure-Quantum-Espresso/outputs/field_0/vdw-df2-c09/top/data/ldos.pp.dat523

     Calling punch_plot, plot_num =   3

     Energy =  -7.24200 eV, broadening =   0.20000eV
     Writing data to file  /home/ubuntu/projects/Graphene-Band-Structure-Quantum-Espresso/outputs/field_0/vdw-df2-c09/top/data/ldos.pp.dat524

     Calling punch_plot, plot_num =   3

     Energy =  -7.22200 eV, broadening =   0.20000eV
     Writing data to file  /home/ubuntu/projects/Graphene-Band-Structure-Quantum-Espresso/outputs/field_0/vdw-df2-c09/top/data/ldos.pp.dat525

     Calling punch_plot, plot_num =   3

     Energy =  -7.20200 eV, broadening =   0.20000eV
     Writing data to file  /home/ubuntu/projects/Graphene-Band-Structure-Quantum-Espresso/outputs/field_0/vdw-df2-c09/top/data/ldos.pp.dat526

     Calling punch_plot, plot_num =   3

     Energy =  -7.18200 eV, broadening =   0.20000eV
     Writing data to file  /home/ubuntu/projects/Graphene-Band-Structure-Quantum-Espresso/outputs/field_0/vdw-df2-c09/top/data/ldos.pp.dat527

     Calling punch_plot, plot_num =   3

     Energy =  -7.16200 eV, broadening =   0.20000eV
     Writing data to file  /home/ubuntu/projects/Graphene-Band-Structure-Quantum-Espresso/outputs/field_0/vdw-df2-c09/top/data/ldos.pp.dat528

     Calling punch_plot, plot_num =   3

     Energy =  -7.14200 eV, broadening =   0.20000eV
     Writing data to file  /home/ubuntu/projects/Graphene-Band-Structure-Quantum-Espresso/outputs/field_0/vdw-df2-c09/top/data/ldos.pp.dat529

     Calling punch_plot, plot_num =   3

     Energy =  -7.12200 eV, broadening =   0.20000eV
     Writing data to file  /home/ubuntu/projects/Graphene-Band-Structure-Quantum-Espresso/outputs/field_0/vdw-df2-c09/top/data/ldos.pp.dat530

     Calling punch_plot, plot_num =   3

     Energy =  -7.10200 eV, broadening =   0.20000eV
     Writing data to file  /home/ubuntu/projects/Graphene-Band-Structure-Quantum-Espresso/outputs/field_0/vdw-df2-c09/top/data/ldos.pp.dat531

     Calling punch_plot, plot_num =   3

     Energy =  -7.08200 eV, broadening =   0.20000eV
     Writing data to file  /home/ubuntu/projects/Graphene-Band-Structure-Quantum-Espresso/outputs/field_0/vdw-df2-c09/top/data/ldos.pp.dat532

     Calling punch_plot, plot_num =   3

     Energy =  -7.06200 eV, broadening =   0.20000eV
     Writing data to file  /home/ubuntu/projects/Graphene-Band-Structure-Quantum-Espresso/outputs/field_0/vdw-df2-c09/top/data/ldos.pp.dat533

     Calling punch_plot, plot_num =   3

     Energy =  -7.04200 eV, broadening =   0.20000eV
     Writing data to file  /home/ubuntu/projects/Graphene-Band-Structure-Quantum-Espresso/outputs/field_0/vdw-df2-c09/top/data/ldos.pp.dat534

     Calling punch_plot, plot_num =   3

     Energy =  -7.02200 eV, broadening =   0.20000eV
     Writing data to file  /home/ubuntu/projects/Graphene-Band-Structure-Quantum-Espresso/outputs/field_0/vdw-df2-c09/top/data/ldos.pp.dat535

     Calling punch_plot, plot_num =   3

     Energy =  -7.00200 eV, broadening =   0.20000eV
     Writing data to file  /home/ubuntu/projects/Graphene-Band-Structure-Quantum-Espresso/outputs/field_0/vdw-df2-c09/top/data/ldos.pp.dat536

     Calling punch_plot, plot_num =   3

     Energy =  -6.98200 eV, broadening =   0.20000eV
     Writing data to file  /home/ubuntu/projects/Graphene-Band-Structure-Quantum-Espresso/outputs/field_0/vdw-df2-c09/top/data/ldos.pp.dat537

     Calling punch_plot, plot_num =   3

     Energy =  -6.96200 eV, broadening =   0.20000eV
     Writing data to file  /home/ubuntu/projects/Graphene-Band-Structure-Quantum-Espresso/outputs/field_0/vdw-df2-c09/top/data/ldos.pp.dat538

     Calling punch_plot, plot_num =   3

     Energy =  -6.94200 eV, broadening =   0.20000eV
     Writing data to file  /home/ubuntu/projects/Graphene-Band-Structure-Quantum-Espresso/outputs/field_0/vdw-df2-c09/top/data/ldos.pp.dat539

     Calling punch_plot, plot_num =   3

     Energy =  -6.92200 eV, broadening =   0.20000eV
     Writing data to file  /home/ubuntu/projects/Graphene-Band-Structure-Quantum-Espresso/outputs/field_0/vdw-df2-c09/top/data/ldos.pp.dat540

     Calling punch_plot, plot_num =   3

     Energy =  -6.90200 eV, broadening =   0.20000eV
     Writing data to file  /home/ubuntu/projects/Graphene-Band-Structure-Quantum-Espresso/outputs/field_0/vdw-df2-c09/top/data/ldos.pp.dat541

     Calling punch_plot, plot_num =   3

     Energy =  -6.88200 eV, broadening =   0.20000eV
     Writing data to file  /home/ubuntu/projects/Graphene-Band-Structure-Quantum-Espresso/outputs/field_0/vdw-df2-c09/top/data/ldos.pp.dat542

     Calling punch_plot, plot_num =   3

     Energy =  -6.86200 eV, broadening =   0.20000eV
     Writing data to file  /home/ubuntu/projects/Graphene-Band-Structure-Quantum-Espresso/outputs/field_0/vdw-df2-c09/top/data/ldos.pp.dat543

     Calling punch_plot, plot_num =   3

     Energy =  -6.84200 eV, broadening =   0.20000eV
     Writing data to file  /home/ubuntu/projects/Graphene-Band-Structure-Quantum-Espresso/outputs/field_0/vdw-df2-c09/top/data/ldos.pp.dat544

     Calling punch_plot, plot_num =   3

     Energy =  -6.82200 eV, broadening =   0.20000eV
     Writing data to file  /home/ubuntu/projects/Graphene-Band-Structure-Quantum-Espresso/outputs/field_0/vdw-df2-c09/top/data/ldos.pp.dat545

     Calling punch_plot, plot_num =   3

     Energy =  -6.80200 eV, broadening =   0.20000eV
     Writing data to file  /home/ubuntu/projects/Graphene-Band-Structure-Quantum-Espresso/outputs/field_0/vdw-df2-c09/top/data/ldos.pp.dat546

     Calling punch_plot, plot_num =   3

     Energy =  -6.78200 eV, broadening =   0.20000eV
     Writing data to file  /home/ubuntu/projects/Graphene-Band-Structure-Quantum-Espresso/outputs/field_0/vdw-df2-c09/top/data/ldos.pp.dat547

     Calling punch_plot, plot_num =   3

     Energy =  -6.76200 eV, broadening =   0.20000eV
     Writing data to file  /home/ubuntu/projects/Graphene-Band-Structure-Quantum-Espresso/outputs/field_0/vdw-df2-c09/top/data/ldos.pp.dat548

     Calling punch_plot, plot_num =   3

     Energy =  -6.74200 eV, broadening =   0.20000eV
     Writing data to file  /home/ubuntu/projects/Graphene-Band-Structure-Quantum-Espresso/outputs/field_0/vdw-df2-c09/top/data/ldos.pp.dat549

     Calling punch_plot, plot_num =   3

     Energy =  -6.72200 eV, broadening =   0.20000eV
     Writing data to file  /home/ubuntu/projects/Graphene-Band-Structure-Quantum-Espresso/outputs/field_0/vdw-df2-c09/top/data/ldos.pp.dat550

     Calling punch_plot, plot_num =   3

     Energy =  -6.70200 eV, broadening =   0.20000eV
     Writing data to file  /home/ubuntu/projects/Graphene-Band-Structure-Quantum-Espresso/outputs/field_0/vdw-df2-c09/top/data/ldos.pp.dat551

     Calling punch_plot, plot_num =   3

     Energy =  -6.68200 eV, broadening =   0.20000eV
     Writing data to file  /home/ubuntu/projects/Graphene-Band-Structure-Quantum-Espresso/outputs/field_0/vdw-df2-c09/top/data/ldos.pp.dat552

     Calling punch_plot, plot_num =   3

     Energy =  -6.66200 eV, broadening =   0.20000eV
     Writing data to file  /home/ubuntu/projects/Graphene-Band-Structure-Quantum-Espresso/outputs/field_0/vdw-df2-c09/top/data/ldos.pp.dat553

     Calling punch_plot, plot_num =   3

     Energy =  -6.64200 eV, broadening =   0.20000eV
     Writing data to file  /home/ubuntu/projects/Graphene-Band-Structure-Quantum-Espresso/outputs/field_0/vdw-df2-c09/top/data/ldos.pp.dat554

     Calling punch_plot, plot_num =   3

     Energy =  -6.62200 eV, broadening =   0.20000eV
     Writing data to file  /home/ubuntu/projects/Graphene-Band-Structure-Quantum-Espresso/outputs/field_0/vdw-df2-c09/top/data/ldos.pp.dat555

     Calling punch_plot, plot_num =   3

     Energy =  -6.60200 eV, broadening =   0.20000eV
     Writing data to file  /home/ubuntu/projects/Graphene-Band-Structure-Quantum-Espresso/outputs/field_0/vdw-df2-c09/top/data/ldos.pp.dat556

     Calling punch_plot, plot_num =   3

     Energy =  -6.58200 eV, broadening =   0.20000eV
     Writing data to file  /home/ubuntu/projects/Graphene-Band-Structure-Quantum-Espresso/outputs/field_0/vdw-df2-c09/top/data/ldos.pp.dat557

     Calling punch_plot, plot_num =   3

     Energy =  -6.56200 eV, broadening =   0.20000eV
     Writing data to file  /home/ubuntu/projects/Graphene-Band-Structure-Quantum-Espresso/outputs/field_0/vdw-df2-c09/top/data/ldos.pp.dat558

     Calling punch_plot, plot_num =   3

     Energy =  -6.54200 eV, broadening =   0.20000eV
     Writing data to file  /home/ubuntu/projects/Graphene-Band-Structure-Quantum-Espresso/outputs/field_0/vdw-df2-c09/top/data/ldos.pp.dat559

     Calling punch_plot, plot_num =   3

     Energy =  -6.52200 eV, broadening =   0.20000eV
     Writing data to file  /home/ubuntu/projects/Graphene-Band-Structure-Quantum-Espresso/outputs/field_0/vdw-df2-c09/top/data/ldos.pp.dat560

     Calling punch_plot, plot_num =   3

     Energy =  -6.50200 eV, broadening =   0.20000eV
     Writing data to file  /home/ubuntu/projects/Graphene-Band-Structure-Quantum-Espresso/outputs/field_0/vdw-df2-c09/top/data/ldos.pp.dat561

     Calling punch_plot, plot_num =   3

     Energy =  -6.48200 eV, broadening =   0.20000eV
     Writing data to file  /home/ubuntu/projects/Graphene-Band-Structure-Quantum-Espresso/outputs/field_0/vdw-df2-c09/top/data/ldos.pp.dat562

     Calling punch_plot, plot_num =   3

     Energy =  -6.46200 eV, broadening =   0.20000eV
     Writing data to file  /home/ubuntu/projects/Graphene-Band-Structure-Quantum-Espresso/outputs/field_0/vdw-df2-c09/top/data/ldos.pp.dat563

     Calling punch_plot, plot_num =   3

     Energy =  -6.44200 eV, broadening =   0.20000eV
     Writing data to file  /home/ubuntu/projects/Graphene-Band-Structure-Quantum-Espresso/outputs/field_0/vdw-df2-c09/top/data/ldos.pp.dat564

     Calling punch_plot, plot_num =   3

     Energy =  -6.42200 eV, broadening =   0.20000eV
     Writing data to file  /home/ubuntu/projects/Graphene-Band-Structure-Quantum-Espresso/outputs/field_0/vdw-df2-c09/top/data/ldos.pp.dat565

     Calling punch_plot, plot_num =   3

     Energy =  -6.40200 eV, broadening =   0.20000eV
     Writing data to file  /home/ubuntu/projects/Graphene-Band-Structure-Quantum-Espresso/outputs/field_0/vdw-df2-c09/top/data/ldos.pp.dat566

     Calling punch_plot, plot_num =   3

     Energy =  -6.38200 eV, broadening =   0.20000eV
     Writing data to file  /home/ubuntu/projects/Graphene-Band-Structure-Quantum-Espresso/outputs/field_0/vdw-df2-c09/top/data/ldos.pp.dat567

     Calling punch_plot, plot_num =   3

     Energy =  -6.36200 eV, broadening =   0.20000eV
     Writing data to file  /home/ubuntu/projects/Graphene-Band-Structure-Quantum-Espresso/outputs/field_0/vdw-df2-c09/top/data/ldos.pp.dat568

     Calling punch_plot, plot_num =   3

     Energy =  -6.34200 eV, broadening =   0.20000eV
     Writing data to file  /home/ubuntu/projects/Graphene-Band-Structure-Quantum-Espresso/outputs/field_0/vdw-df2-c09/top/data/ldos.pp.dat569

     Calling punch_plot, plot_num =   3

     Energy =  -6.32200 eV, broadening =   0.20000eV
     Writing data to file  /home/ubuntu/projects/Graphene-Band-Structure-Quantum-Espresso/outputs/field_0/vdw-df2-c09/top/data/ldos.pp.dat570

     Calling punch_plot, plot_num =   3

     Energy =  -6.30200 eV, broadening =   0.20000eV
     Writing data to file  /home/ubuntu/projects/Graphene-Band-Structure-Quantum-Espresso/outputs/field_0/vdw-df2-c09/top/data/ldos.pp.dat571

     Calling punch_plot, plot_num =   3

     Energy =  -6.28200 eV, broadening =   0.20000eV
     Writing data to file  /home/ubuntu/projects/Graphene-Band-Structure-Quantum-Espresso/outputs/field_0/vdw-df2-c09/top/data/ldos.pp.dat572

     Calling punch_plot, plot_num =   3

     Energy =  -6.26200 eV, broadening =   0.20000eV
     Writing data to file  /home/ubuntu/projects/Graphene-Band-Structure-Quantum-Espresso/outputs/field_0/vdw-df2-c09/top/data/ldos.pp.dat573

     Calling punch_plot, plot_num =   3

     Energy =  -6.24200 eV, broadening =   0.20000eV
     Writing data to file  /home/ubuntu/projects/Graphene-Band-Structure-Quantum-Espresso/outputs/field_0/vdw-df2-c09/top/data/ldos.pp.dat574

     Calling punch_plot, plot_num =   3

     Energy =  -6.22200 eV, broadening =   0.20000eV
     Writing data to file  /home/ubuntu/projects/Graphene-Band-Structure-Quantum-Espresso/outputs/field_0/vdw-df2-c09/top/data/ldos.pp.dat575

     Calling punch_plot, plot_num =   3

     Energy =  -6.20200 eV, broadening =   0.20000eV
     Writing data to file  /home/ubuntu/projects/Graphene-Band-Structure-Quantum-Espresso/outputs/field_0/vdw-df2-c09/top/data/ldos.pp.dat576

     Calling punch_plot, plot_num =   3

     Energy =  -6.18200 eV, broadening =   0.20000eV
     Writing data to file  /home/ubuntu/projects/Graphene-Band-Structure-Quantum-Espresso/outputs/field_0/vdw-df2-c09/top/data/ldos.pp.dat577

     Calling punch_plot, plot_num =   3

     Energy =  -6.16200 eV, broadening =   0.20000eV
     Writing data to file  /home/ubuntu/projects/Graphene-Band-Structure-Quantum-Espresso/outputs/field_0/vdw-df2-c09/top/data/ldos.pp.dat578

     Calling punch_plot, plot_num =   3

     Energy =  -6.14200 eV, broadening =   0.20000eV
     Writing data to file  /home/ubuntu/projects/Graphene-Band-Structure-Quantum-Espresso/outputs/field_0/vdw-df2-c09/top/data/ldos.pp.dat579

     Calling punch_plot, plot_num =   3

     Energy =  -6.12200 eV, broadening =   0.20000eV
     Writing data to file  /home/ubuntu/projects/Graphene-Band-Structure-Quantum-Espresso/outputs/field_0/vdw-df2-c09/top/data/ldos.pp.dat580

     Calling punch_plot, plot_num =   3

     Energy =  -6.10200 eV, broadening =   0.20000eV
     Writing data to file  /home/ubuntu/projects/Graphene-Band-Structure-Quantum-Espresso/outputs/field_0/vdw-df2-c09/top/data/ldos.pp.dat581

     Calling punch_plot, plot_num =   3

     Energy =  -6.08200 eV, broadening =   0.20000eV
     Writing data to file  /home/ubuntu/projects/Graphene-Band-Structure-Quantum-Espresso/outputs/field_0/vdw-df2-c09/top/data/ldos.pp.dat582

     Calling punch_plot, plot_num =   3

     Energy =  -6.06200 eV, broadening =   0.20000eV
     Writing data to file  /home/ubuntu/projects/Graphene-Band-Structure-Quantum-Espresso/outputs/field_0/vdw-df2-c09/top/data/ldos.pp.dat583

     Calling punch_plot, plot_num =   3

     Energy =  -6.04200 eV, broadening =   0.20000eV
     Writing data to file  /home/ubuntu/projects/Graphene-Band-Structure-Quantum-Espresso/outputs/field_0/vdw-df2-c09/top/data/ldos.pp.dat584

     Calling punch_plot, plot_num =   3

     Energy =  -6.02200 eV, broadening =   0.20000eV
     Writing data to file  /home/ubuntu/projects/Graphene-Band-Structure-Quantum-Espresso/outputs/field_0/vdw-df2-c09/top/data/ldos.pp.dat585

     Calling punch_plot, plot_num =   3

     Energy =  -6.00200 eV, broadening =   0.20000eV
     Writing data to file  /home/ubuntu/projects/Graphene-Band-Structure-Quantum-Espresso/outputs/field_0/vdw-df2-c09/top/data/ldos.pp.dat586

     Calling punch_plot, plot_num =   3

     Energy =  -5.98200 eV, broadening =   0.20000eV
     Writing data to file  /home/ubuntu/projects/Graphene-Band-Structure-Quantum-Espresso/outputs/field_0/vdw-df2-c09/top/data/ldos.pp.dat587

     Calling punch_plot, plot_num =   3

     Energy =  -5.96200 eV, broadening =   0.20000eV
     Writing data to file  /home/ubuntu/projects/Graphene-Band-Structure-Quantum-Espresso/outputs/field_0/vdw-df2-c09/top/data/ldos.pp.dat588

     Calling punch_plot, plot_num =   3

     Energy =  -5.94200 eV, broadening =   0.20000eV
     Writing data to file  /home/ubuntu/projects/Graphene-Band-Structure-Quantum-Espresso/outputs/field_0/vdw-df2-c09/top/data/ldos.pp.dat589

     Calling punch_plot, plot_num =   3

     Energy =  -5.92200 eV, broadening =   0.20000eV
     Writing data to file  /home/ubuntu/projects/Graphene-Band-Structure-Quantum-Espresso/outputs/field_0/vdw-df2-c09/top/data/ldos.pp.dat590

     Calling punch_plot, plot_num =   3

     Energy =  -5.90200 eV, broadening =   0.20000eV
     Writing data to file  /home/ubuntu/projects/Graphene-Band-Structure-Quantum-Espresso/outputs/field_0/vdw-df2-c09/top/data/ldos.pp.dat591

     Calling punch_plot, plot_num =   3

     Energy =  -5.88200 eV, broadening =   0.20000eV
     Writing data to file  /home/ubuntu/projects/Graphene-Band-Structure-Quantum-Espresso/outputs/field_0/vdw-df2-c09/top/data/ldos.pp.dat592

     Calling punch_plot, plot_num =   3

     Energy =  -5.86200 eV, broadening =   0.20000eV
     Writing data to file  /home/ubuntu/projects/Graphene-Band-Structure-Quantum-Espresso/outputs/field_0/vdw-df2-c09/top/data/ldos.pp.dat593

     Calling punch_plot, plot_num =   3

     Energy =  -5.84200 eV, broadening =   0.20000eV
     Writing data to file  /home/ubuntu/projects/Graphene-Band-Structure-Quantum-Espresso/outputs/field_0/vdw-df2-c09/top/data/ldos.pp.dat594

     Calling punch_plot, plot_num =   3

     Energy =  -5.82200 eV, broadening =   0.20000eV
     Writing data to file  /home/ubuntu/projects/Graphene-Band-Structure-Quantum-Espresso/outputs/field_0/vdw-df2-c09/top/data/ldos.pp.dat595

     Calling punch_plot, plot_num =   3

     Energy =  -5.80200 eV, broadening =   0.20000eV
     Writing data to file  /home/ubuntu/projects/Graphene-Band-Structure-Quantum-Espresso/outputs/field_0/vdw-df2-c09/top/data/ldos.pp.dat596

     Calling punch_plot, plot_num =   3

     Energy =  -5.78200 eV, broadening =   0.20000eV
     Writing data to file  /home/ubuntu/projects/Graphene-Band-Structure-Quantum-Espresso/outputs/field_0/vdw-df2-c09/top/data/ldos.pp.dat597

     Calling punch_plot, plot_num =   3

     Energy =  -5.76200 eV, broadening =   0.20000eV
     Writing data to file  /home/ubuntu/projects/Graphene-Band-Structure-Quantum-Espresso/outputs/field_0/vdw-df2-c09/top/data/ldos.pp.dat598

     Calling punch_plot, plot_num =   3

     Energy =  -5.74200 eV, broadening =   0.20000eV
     Writing data to file  /home/ubuntu/projects/Graphene-Band-Structure-Quantum-Espresso/outputs/field_0/vdw-df2-c09/top/data/ldos.pp.dat599

     Calling punch_plot, plot_num =   3

     Energy =  -5.72200 eV, broadening =   0.20000eV
     Writing data to file  /home/ubuntu/projects/Graphene-Band-Structure-Quantum-Espresso/outputs/field_0/vdw-df2-c09/top/data/ldos.pp.dat600

     Calling punch_plot, plot_num =   3

     Energy =  -5.70200 eV, broadening =   0.20000eV
     Writing data to file  /home/ubuntu/projects/Graphene-Band-Structure-Quantum-Espresso/outputs/field_0/vdw-df2-c09/top/data/ldos.pp.dat601

     Calling punch_plot, plot_num =   3

     Energy =  -5.68200 eV, broadening =   0.20000eV
     Writing data to file  /home/ubuntu/projects/Graphene-Band-Structure-Quantum-Espresso/outputs/field_0/vdw-df2-c09/top/data/ldos.pp.dat602

     Calling punch_plot, plot_num =   3

     Energy =  -5.66200 eV, broadening =   0.20000eV
     Writing data to file  /home/ubuntu/projects/Graphene-Band-Structure-Quantum-Espresso/outputs/field_0/vdw-df2-c09/top/data/ldos.pp.dat603

     Calling punch_plot, plot_num =   3

     Energy =  -5.64200 eV, broadening =   0.20000eV
     Writing data to file  /home/ubuntu/projects/Graphene-Band-Structure-Quantum-Espresso/outputs/field_0/vdw-df2-c09/top/data/ldos.pp.dat604

     Calling punch_plot, plot_num =   3

     Energy =  -5.62200 eV, broadening =   0.20000eV
     Writing data to file  /home/ubuntu/projects/Graphene-Band-Structure-Quantum-Espresso/outputs/field_0/vdw-df2-c09/top/data/ldos.pp.dat605

     Calling punch_plot, plot_num =   3

     Energy =  -5.60200 eV, broadening =   0.20000eV
     Writing data to file  /home/ubuntu/projects/Graphene-Band-Structure-Quantum-Espresso/outputs/field_0/vdw-df2-c09/top/data/ldos.pp.dat606

     Calling punch_plot, plot_num =   3

     Energy =  -5.58200 eV, broadening =   0.20000eV
     Writing data to file  /home/ubuntu/projects/Graphene-Band-Structure-Quantum-Espresso/outputs/field_0/vdw-df2-c09/top/data/ldos.pp.dat607

     Calling punch_plot, plot_num =   3

     Energy =  -5.56200 eV, broadening =   0.20000eV
     Writing data to file  /home/ubuntu/projects/Graphene-Band-Structure-Quantum-Espresso/outputs/field_0/vdw-df2-c09/top/data/ldos.pp.dat608

     Calling punch_plot, plot_num =   3

     Energy =  -5.54200 eV, broadening =   0.20000eV
     Writing data to file  /home/ubuntu/projects/Graphene-Band-Structure-Quantum-Espresso/outputs/field_0/vdw-df2-c09/top/data/ldos.pp.dat609

     Calling punch_plot, plot_num =   3

     Energy =  -5.52200 eV, broadening =   0.20000eV
     Writing data to file  /home/ubuntu/projects/Graphene-Band-Structure-Quantum-Espresso/outputs/field_0/vdw-df2-c09/top/data/ldos.pp.dat610

     Calling punch_plot, plot_num =   3

     Energy =  -5.50200 eV, broadening =   0.20000eV
     Writing data to file  /home/ubuntu/projects/Graphene-Band-Structure-Quantum-Espresso/outputs/field_0/vdw-df2-c09/top/data/ldos.pp.dat611

     Calling punch_plot, plot_num =   3

     Energy =  -5.48200 eV, broadening =   0.20000eV
     Writing data to file  /home/ubuntu/projects/Graphene-Band-Structure-Quantum-Espresso/outputs/field_0/vdw-df2-c09/top/data/ldos.pp.dat612

     Calling punch_plot, plot_num =   3

     Energy =  -5.46200 eV, broadening =   0.20000eV
     Writing data to file  /home/ubuntu/projects/Graphene-Band-Structure-Quantum-Espresso/outputs/field_0/vdw-df2-c09/top/data/ldos.pp.dat613

     Calling punch_plot, plot_num =   3

     Energy =  -5.44200 eV, broadening =   0.20000eV
     Writing data to file  /home/ubuntu/projects/Graphene-Band-Structure-Quantum-Espresso/outputs/field_0/vdw-df2-c09/top/data/ldos.pp.dat614

     Calling punch_plot, plot_num =   3

     Energy =  -5.42200 eV, broadening =   0.20000eV
     Writing data to file  /home/ubuntu/projects/Graphene-Band-Structure-Quantum-Espresso/outputs/field_0/vdw-df2-c09/top/data/ldos.pp.dat615

     Calling punch_plot, plot_num =   3

     Energy =  -5.40200 eV, broadening =   0.20000eV
     Writing data to file  /home/ubuntu/projects/Graphene-Band-Structure-Quantum-Espresso/outputs/field_0/vdw-df2-c09/top/data/ldos.pp.dat616

     Calling punch_plot, plot_num =   3

     Energy =  -5.38200 eV, broadening =   0.20000eV
     Writing data to file  /home/ubuntu/projects/Graphene-Band-Structure-Quantum-Espresso/outputs/field_0/vdw-df2-c09/top/data/ldos.pp.dat617

     Calling punch_plot, plot_num =   3

     Energy =  -5.36200 eV, broadening =   0.20000eV
     Writing data to file  /home/ubuntu/projects/Graphene-Band-Structure-Quantum-Espresso/outputs/field_0/vdw-df2-c09/top/data/ldos.pp.dat618

     Calling punch_plot, plot_num =   3

     Energy =  -5.34200 eV, broadening =   0.20000eV
     Writing data to file  /home/ubuntu/projects/Graphene-Band-Structure-Quantum-Espresso/outputs/field_0/vdw-df2-c09/top/data/ldos.pp.dat619

     Calling punch_plot, plot_num =   3

     Energy =  -5.32200 eV, broadening =   0.20000eV
     Writing data to file  /home/ubuntu/projects/Graphene-Band-Structure-Quantum-Espresso/outputs/field_0/vdw-df2-c09/top/data/ldos.pp.dat620

     Calling punch_plot, plot_num =   3

     Energy =  -5.30200 eV, broadening =   0.20000eV
     Writing data to file  /home/ubuntu/projects/Graphene-Band-Structure-Quantum-Espresso/outputs/field_0/vdw-df2-c09/top/data/ldos.pp.dat621

     Calling punch_plot, plot_num =   3

     Energy =  -5.28200 eV, broadening =   0.20000eV
     Writing data to file  /home/ubuntu/projects/Graphene-Band-Structure-Quantum-Espresso/outputs/field_0/vdw-df2-c09/top/data/ldos.pp.dat622

     Calling punch_plot, plot_num =   3

     Energy =  -5.26200 eV, broadening =   0.20000eV
     Writing data to file  /home/ubuntu/projects/Graphene-Band-Structure-Quantum-Espresso/outputs/field_0/vdw-df2-c09/top/data/ldos.pp.dat623

     Calling punch_plot, plot_num =   3

     Energy =  -5.24200 eV, broadening =   0.20000eV
     Writing data to file  /home/ubuntu/projects/Graphene-Band-Structure-Quantum-Espresso/outputs/field_0/vdw-df2-c09/top/data/ldos.pp.dat624

     Calling punch_plot, plot_num =   3

     Energy =  -5.22200 eV, broadening =   0.20000eV
     Writing data to file  /home/ubuntu/projects/Graphene-Band-Structure-Quantum-Espresso/outputs/field_0/vdw-df2-c09/top/data/ldos.pp.dat625

     Calling punch_plot, plot_num =   3

     Energy =  -5.20200 eV, broadening =   0.20000eV
     Writing data to file  /home/ubuntu/projects/Graphene-Band-Structure-Quantum-Espresso/outputs/field_0/vdw-df2-c09/top/data/ldos.pp.dat626

     Calling punch_plot, plot_num =   3

     Energy =  -5.18200 eV, broadening =   0.20000eV
     Writing data to file  /home/ubuntu/projects/Graphene-Band-Structure-Quantum-Espresso/outputs/field_0/vdw-df2-c09/top/data/ldos.pp.dat627

     Calling punch_plot, plot_num =   3

     Energy =  -5.16200 eV, broadening =   0.20000eV
     Writing data to file  /home/ubuntu/projects/Graphene-Band-Structure-Quantum-Espresso/outputs/field_0/vdw-df2-c09/top/data/ldos.pp.dat628

     Calling punch_plot, plot_num =   3

     Energy =  -5.14200 eV, broadening =   0.20000eV
     Writing data to file  /home/ubuntu/projects/Graphene-Band-Structure-Quantum-Espresso/outputs/field_0/vdw-df2-c09/top/data/ldos.pp.dat629

     Calling punch_plot, plot_num =   3

     Energy =  -5.12200 eV, broadening =   0.20000eV
     Writing data to file  /home/ubuntu/projects/Graphene-Band-Structure-Quantum-Espresso/outputs/field_0/vdw-df2-c09/top/data/ldos.pp.dat630

     Calling punch_plot, plot_num =   3

     Energy =  -5.10200 eV, broadening =   0.20000eV
     Writing data to file  /home/ubuntu/projects/Graphene-Band-Structure-Quantum-Espresso/outputs/field_0/vdw-df2-c09/top/data/ldos.pp.dat631

     Calling punch_plot, plot_num =   3

     Energy =  -5.08200 eV, broadening =   0.20000eV
     Writing data to file  /home/ubuntu/projects/Graphene-Band-Structure-Quantum-Espresso/outputs/field_0/vdw-df2-c09/top/data/ldos.pp.dat632

     Calling punch_plot, plot_num =   3

     Energy =  -5.06200 eV, broadening =   0.20000eV
     Writing data to file  /home/ubuntu/projects/Graphene-Band-Structure-Quantum-Espresso/outputs/field_0/vdw-df2-c09/top/data/ldos.pp.dat633

     Calling punch_plot, plot_num =   3

     Energy =  -5.04200 eV, broadening =   0.20000eV
     Writing data to file  /home/ubuntu/projects/Graphene-Band-Structure-Quantum-Espresso/outputs/field_0/vdw-df2-c09/top/data/ldos.pp.dat634

     Calling punch_plot, plot_num =   3

     Energy =  -5.02200 eV, broadening =   0.20000eV
     Writing data to file  /home/ubuntu/projects/Graphene-Band-Structure-Quantum-Espresso/outputs/field_0/vdw-df2-c09/top/data/ldos.pp.dat635

     Calling punch_plot, plot_num =   3

     Energy =  -5.00200 eV, broadening =   0.20000eV
     Writing data to file  /home/ubuntu/projects/Graphene-Band-Structure-Quantum-Espresso/outputs/field_0/vdw-df2-c09/top/data/ldos.pp.dat636

     Calling punch_plot, plot_num =   3

     Energy =  -4.98200 eV, broadening =   0.20000eV
     Writing data to file  /home/ubuntu/projects/Graphene-Band-Structure-Quantum-Espresso/outputs/field_0/vdw-df2-c09/top/data/ldos.pp.dat637

     Calling punch_plot, plot_num =   3

     Energy =  -4.96200 eV, broadening =   0.20000eV
     Writing data to file  /home/ubuntu/projects/Graphene-Band-Structure-Quantum-Espresso/outputs/field_0/vdw-df2-c09/top/data/ldos.pp.dat638

     Calling punch_plot, plot_num =   3

     Energy =  -4.94200 eV, broadening =   0.20000eV
     Writing data to file  /home/ubuntu/projects/Graphene-Band-Structure-Quantum-Espresso/outputs/field_0/vdw-df2-c09/top/data/ldos.pp.dat639

     Calling punch_plot, plot_num =   3

     Energy =  -4.92200 eV, broadening =   0.20000eV
     Writing data to file  /home/ubuntu/projects/Graphene-Band-Structure-Quantum-Espresso/outputs/field_0/vdw-df2-c09/top/data/ldos.pp.dat640

     Calling punch_plot, plot_num =   3

     Energy =  -4.90200 eV, broadening =   0.20000eV
     Writing data to file  /home/ubuntu/projects/Graphene-Band-Structure-Quantum-Espresso/outputs/field_0/vdw-df2-c09/top/data/ldos.pp.dat641

     Calling punch_plot, plot_num =   3

     Energy =  -4.88200 eV, broadening =   0.20000eV
     Writing data to file  /home/ubuntu/projects/Graphene-Band-Structure-Quantum-Espresso/outputs/field_0/vdw-df2-c09/top/data/ldos.pp.dat642

     Calling punch_plot, plot_num =   3

     Energy =  -4.86200 eV, broadening =   0.20000eV
     Writing data to file  /home/ubuntu/projects/Graphene-Band-Structure-Quantum-Espresso/outputs/field_0/vdw-df2-c09/top/data/ldos.pp.dat643

     Calling punch_plot, plot_num =   3

     Energy =  -4.84200 eV, broadening =   0.20000eV
     Writing data to file  /home/ubuntu/projects/Graphene-Band-Structure-Quantum-Espresso/outputs/field_0/vdw-df2-c09/top/data/ldos.pp.dat644

     Calling punch_plot, plot_num =   3

     Energy =  -4.82200 eV, broadening =   0.20000eV
     Writing data to file  /home/ubuntu/projects/Graphene-Band-Structure-Quantum-Espresso/outputs/field_0/vdw-df2-c09/top/data/ldos.pp.dat645

     Calling punch_plot, plot_num =   3

     Energy =  -4.80200 eV, broadening =   0.20000eV
     Writing data to file  /home/ubuntu/projects/Graphene-Band-Structure-Quantum-Espresso/outputs/field_0/vdw-df2-c09/top/data/ldos.pp.dat646

     Calling punch_plot, plot_num =   3

     Energy =  -4.78200 eV, broadening =   0.20000eV
     Writing data to file  /home/ubuntu/projects/Graphene-Band-Structure-Quantum-Espresso/outputs/field_0/vdw-df2-c09/top/data/ldos.pp.dat647

     Calling punch_plot, plot_num =   3

     Energy =  -4.76200 eV, broadening =   0.20000eV
     Writing data to file  /home/ubuntu/projects/Graphene-Band-Structure-Quantum-Espresso/outputs/field_0/vdw-df2-c09/top/data/ldos.pp.dat648

     Calling punch_plot, plot_num =   3

     Energy =  -4.74200 eV, broadening =   0.20000eV
     Writing data to file  /home/ubuntu/projects/Graphene-Band-Structure-Quantum-Espresso/outputs/field_0/vdw-df2-c09/top/data/ldos.pp.dat649

     Calling punch_plot, plot_num =   3

     Energy =  -4.72200 eV, broadening =   0.20000eV
     Writing data to file  /home/ubuntu/projects/Graphene-Band-Structure-Quantum-Espresso/outputs/field_0/vdw-df2-c09/top/data/ldos.pp.dat650

     Calling punch_plot, plot_num =   3

     Energy =  -4.70200 eV, broadening =   0.20000eV
     Writing data to file  /home/ubuntu/projects/Graphene-Band-Structure-Quantum-Espresso/outputs/field_0/vdw-df2-c09/top/data/ldos.pp.dat651

     Calling punch_plot, plot_num =   3

     Energy =  -4.68200 eV, broadening =   0.20000eV
     Writing data to file  /home/ubuntu/projects/Graphene-Band-Structure-Quantum-Espresso/outputs/field_0/vdw-df2-c09/top/data/ldos.pp.dat652

     Calling punch_plot, plot_num =   3

     Energy =  -4.66200 eV, broadening =   0.20000eV
     Writing data to file  /home/ubuntu/projects/Graphene-Band-Structure-Quantum-Espresso/outputs/field_0/vdw-df2-c09/top/data/ldos.pp.dat653

     Calling punch_plot, plot_num =   3

     Energy =  -4.64200 eV, broadening =   0.20000eV
     Writing data to file  /home/ubuntu/projects/Graphene-Band-Structure-Quantum-Espresso/outputs/field_0/vdw-df2-c09/top/data/ldos.pp.dat654

     Calling punch_plot, plot_num =   3

     Energy =  -4.62200 eV, broadening =   0.20000eV
     Writing data to file  /home/ubuntu/projects/Graphene-Band-Structure-Quantum-Espresso/outputs/field_0/vdw-df2-c09/top/data/ldos.pp.dat655

     Calling punch_plot, plot_num =   3

     Energy =  -4.60200 eV, broadening =   0.20000eV
     Writing data to file  /home/ubuntu/projects/Graphene-Band-Structure-Quantum-Espresso/outputs/field_0/vdw-df2-c09/top/data/ldos.pp.dat656

     Calling punch_plot, plot_num =   3

     Energy =  -4.58200 eV, broadening =   0.20000eV
     Writing data to file  /home/ubuntu/projects/Graphene-Band-Structure-Quantum-Espresso/outputs/field_0/vdw-df2-c09/top/data/ldos.pp.dat657

     Calling punch_plot, plot_num =   3

     Energy =  -4.56200 eV, broadening =   0.20000eV
     Writing data to file  /home/ubuntu/projects/Graphene-Band-Structure-Quantum-Espresso/outputs/field_0/vdw-df2-c09/top/data/ldos.pp.dat658

     Calling punch_plot, plot_num =   3

     Energy =  -4.54200 eV, broadening =   0.20000eV
     Writing data to file  /home/ubuntu/projects/Graphene-Band-Structure-Quantum-Espresso/outputs/field_0/vdw-df2-c09/top/data/ldos.pp.dat659

     Calling punch_plot, plot_num =   3

     Energy =  -4.52200 eV, broadening =   0.20000eV
     Writing data to file  /home/ubuntu/projects/Graphene-Band-Structure-Quantum-Espresso/outputs/field_0/vdw-df2-c09/top/data/ldos.pp.dat660

     Calling punch_plot, plot_num =   3

     Energy =  -4.50200 eV, broadening =   0.20000eV
     Writing data to file  /home/ubuntu/projects/Graphene-Band-Structure-Quantum-Espresso/outputs/field_0/vdw-df2-c09/top/data/ldos.pp.dat661

     Calling punch_plot, plot_num =   3

     Energy =  -4.48200 eV, broadening =   0.20000eV
     Writing data to file  /home/ubuntu/projects/Graphene-Band-Structure-Quantum-Espresso/outputs/field_0/vdw-df2-c09/top/data/ldos.pp.dat662

     Calling punch_plot, plot_num =   3

     Energy =  -4.46200 eV, broadening =   0.20000eV
     Writing data to file  /home/ubuntu/projects/Graphene-Band-Structure-Quantum-Espresso/outputs/field_0/vdw-df2-c09/top/data/ldos.pp.dat663

     Calling punch_plot, plot_num =   3

     Energy =  -4.44200 eV, broadening =   0.20000eV
     Writing data to file  /home/ubuntu/projects/Graphene-Band-Structure-Quantum-Espresso/outputs/field_0/vdw-df2-c09/top/data/ldos.pp.dat664

     Calling punch_plot, plot_num =   3

     Energy =  -4.42200 eV, broadening =   0.20000eV
     Writing data to file  /home/ubuntu/projects/Graphene-Band-Structure-Quantum-Espresso/outputs/field_0/vdw-df2-c09/top/data/ldos.pp.dat665

     Calling punch_plot, plot_num =   3

     Energy =  -4.40200 eV, broadening =   0.20000eV
     Writing data to file  /home/ubuntu/projects/Graphene-Band-Structure-Quantum-Espresso/outputs/field_0/vdw-df2-c09/top/data/ldos.pp.dat666

     Calling punch_plot, plot_num =   3

     Energy =  -4.38200 eV, broadening =   0.20000eV
     Writing data to file  /home/ubuntu/projects/Graphene-Band-Structure-Quantum-Espresso/outputs/field_0/vdw-df2-c09/top/data/ldos.pp.dat667

     Calling punch_plot, plot_num =   3

     Energy =  -4.36200 eV, broadening =   0.20000eV
     Writing data to file  /home/ubuntu/projects/Graphene-Band-Structure-Quantum-Espresso/outputs/field_0/vdw-df2-c09/top/data/ldos.pp.dat668

     Calling punch_plot, plot_num =   3

     Energy =  -4.34200 eV, broadening =   0.20000eV
     Writing data to file  /home/ubuntu/projects/Graphene-Band-Structure-Quantum-Espresso/outputs/field_0/vdw-df2-c09/top/data/ldos.pp.dat669

     Calling punch_plot, plot_num =   3

     Energy =  -4.32200 eV, broadening =   0.20000eV
     Writing data to file  /home/ubuntu/projects/Graphene-Band-Structure-Quantum-Espresso/outputs/field_0/vdw-df2-c09/top/data/ldos.pp.dat670

     Calling punch_plot, plot_num =   3

     Energy =  -4.30200 eV, broadening =   0.20000eV
     Writing data to file  /home/ubuntu/projects/Graphene-Band-Structure-Quantum-Espresso/outputs/field_0/vdw-df2-c09/top/data/ldos.pp.dat671

     Calling punch_plot, plot_num =   3

     Energy =  -4.28200 eV, broadening =   0.20000eV
     Writing data to file  /home/ubuntu/projects/Graphene-Band-Structure-Quantum-Espresso/outputs/field_0/vdw-df2-c09/top/data/ldos.pp.dat672

     Calling punch_plot, plot_num =   3

     Energy =  -4.26200 eV, broadening =   0.20000eV
     Writing data to file  /home/ubuntu/projects/Graphene-Band-Structure-Quantum-Espresso/outputs/field_0/vdw-df2-c09/top/data/ldos.pp.dat673

     Calling punch_plot, plot_num =   3

     Energy =  -4.24200 eV, broadening =   0.20000eV
     Writing data to file  /home/ubuntu/projects/Graphene-Band-Structure-Quantum-Espresso/outputs/field_0/vdw-df2-c09/top/data/ldos.pp.dat674

     Calling punch_plot, plot_num =   3

     Energy =  -4.22200 eV, broadening =   0.20000eV
     Writing data to file  /home/ubuntu/projects/Graphene-Band-Structure-Quantum-Espresso/outputs/field_0/vdw-df2-c09/top/data/ldos.pp.dat675

     Calling punch_plot, plot_num =   3

     Energy =  -4.20200 eV, broadening =   0.20000eV
     Writing data to file  /home/ubuntu/projects/Graphene-Band-Structure-Quantum-Espresso/outputs/field_0/vdw-df2-c09/top/data/ldos.pp.dat676

     Calling punch_plot, plot_num =   3

     Energy =  -4.18200 eV, broadening =   0.20000eV
     Writing data to file  /home/ubuntu/projects/Graphene-Band-Structure-Quantum-Espresso/outputs/field_0/vdw-df2-c09/top/data/ldos.pp.dat677

     Calling punch_plot, plot_num =   3

     Energy =  -4.16200 eV, broadening =   0.20000eV
     Writing data to file  /home/ubuntu/projects/Graphene-Band-Structure-Quantum-Espresso/outputs/field_0/vdw-df2-c09/top/data/ldos.pp.dat678

     Calling punch_plot, plot_num =   3

     Energy =  -4.14200 eV, broadening =   0.20000eV
     Writing data to file  /home/ubuntu/projects/Graphene-Band-Structure-Quantum-Espresso/outputs/field_0/vdw-df2-c09/top/data/ldos.pp.dat679

     Calling punch_plot, plot_num =   3

     Energy =  -4.12200 eV, broadening =   0.20000eV
     Writing data to file  /home/ubuntu/projects/Graphene-Band-Structure-Quantum-Espresso/outputs/field_0/vdw-df2-c09/top/data/ldos.pp.dat680

     Calling punch_plot, plot_num =   3

     Energy =  -4.10200 eV, broadening =   0.20000eV
     Writing data to file  /home/ubuntu/projects/Graphene-Band-Structure-Quantum-Espresso/outputs/field_0/vdw-df2-c09/top/data/ldos.pp.dat681

     Calling punch_plot, plot_num =   3

     Energy =  -4.08200 eV, broadening =   0.20000eV
     Writing data to file  /home/ubuntu/projects/Graphene-Band-Structure-Quantum-Espresso/outputs/field_0/vdw-df2-c09/top/data/ldos.pp.dat682

     Calling punch_plot, plot_num =   3

     Energy =  -4.06200 eV, broadening =   0.20000eV
     Writing data to file  /home/ubuntu/projects/Graphene-Band-Structure-Quantum-Espresso/outputs/field_0/vdw-df2-c09/top/data/ldos.pp.dat683

     Calling punch_plot, plot_num =   3

     Energy =  -4.04200 eV, broadening =   0.20000eV
     Writing data to file  /home/ubuntu/projects/Graphene-Band-Structure-Quantum-Espresso/outputs/field_0/vdw-df2-c09/top/data/ldos.pp.dat684

     Calling punch_plot, plot_num =   3

     Energy =  -4.02200 eV, broadening =   0.20000eV
     Writing data to file  /home/ubuntu/projects/Graphene-Band-Structure-Quantum-Espresso/outputs/field_0/vdw-df2-c09/top/data/ldos.pp.dat685

     Calling punch_plot, plot_num =   3

     Energy =  -4.00200 eV, broadening =   0.20000eV
     Writing data to file  /home/ubuntu/projects/Graphene-Band-Structure-Quantum-Espresso/outputs/field_0/vdw-df2-c09/top/data/ldos.pp.dat686

     Calling punch_plot, plot_num =   3

     Energy =  -3.98200 eV, broadening =   0.20000eV
     Writing data to file  /home/ubuntu/projects/Graphene-Band-Structure-Quantum-Espresso/outputs/field_0/vdw-df2-c09/top/data/ldos.pp.dat687

     Calling punch_plot, plot_num =   3

     Energy =  -3.96200 eV, broadening =   0.20000eV
     Writing data to file  /home/ubuntu/projects/Graphene-Band-Structure-Quantum-Espresso/outputs/field_0/vdw-df2-c09/top/data/ldos.pp.dat688

     Calling punch_plot, plot_num =   3

     Energy =  -3.94200 eV, broadening =   0.20000eV
     Writing data to file  /home/ubuntu/projects/Graphene-Band-Structure-Quantum-Espresso/outputs/field_0/vdw-df2-c09/top/data/ldos.pp.dat689

     Calling punch_plot, plot_num =   3

     Energy =  -3.92200 eV, broadening =   0.20000eV
     Writing data to file  /home/ubuntu/projects/Graphene-Band-Structure-Quantum-Espresso/outputs/field_0/vdw-df2-c09/top/data/ldos.pp.dat690

     Calling punch_plot, plot_num =   3

     Energy =  -3.90200 eV, broadening =   0.20000eV
     Writing data to file  /home/ubuntu/projects/Graphene-Band-Structure-Quantum-Espresso/outputs/field_0/vdw-df2-c09/top/data/ldos.pp.dat691

     Calling punch_plot, plot_num =   3

     Energy =  -3.88200 eV, broadening =   0.20000eV
     Writing data to file  /home/ubuntu/projects/Graphene-Band-Structure-Quantum-Espresso/outputs/field_0/vdw-df2-c09/top/data/ldos.pp.dat692

     Calling punch_plot, plot_num =   3

     Energy =  -3.86200 eV, broadening =   0.20000eV
     Writing data to file  /home/ubuntu/projects/Graphene-Band-Structure-Quantum-Espresso/outputs/field_0/vdw-df2-c09/top/data/ldos.pp.dat693

     Calling punch_plot, plot_num =   3

     Energy =  -3.84200 eV, broadening =   0.20000eV
     Writing data to file  /home/ubuntu/projects/Graphene-Band-Structure-Quantum-Espresso/outputs/field_0/vdw-df2-c09/top/data/ldos.pp.dat694

     Calling punch_plot, plot_num =   3

     Energy =  -3.82200 eV, broadening =   0.20000eV
     Writing data to file  /home/ubuntu/projects/Graphene-Band-Structure-Quantum-Espresso/outputs/field_0/vdw-df2-c09/top/data/ldos.pp.dat695

     Calling punch_plot, plot_num =   3

     Energy =  -3.80200 eV, broadening =   0.20000eV
     Writing data to file  /home/ubuntu/projects/Graphene-Band-Structure-Quantum-Espresso/outputs/field_0/vdw-df2-c09/top/data/ldos.pp.dat696

     Calling punch_plot, plot_num =   3

     Energy =  -3.78200 eV, broadening =   0.20000eV
     Writing data to file  /home/ubuntu/projects/Graphene-Band-Structure-Quantum-Espresso/outputs/field_0/vdw-df2-c09/top/data/ldos.pp.dat697

     Calling punch_plot, plot_num =   3

     Energy =  -3.76200 eV, broadening =   0.20000eV
     Writing data to file  /home/ubuntu/projects/Graphene-Band-Structure-Quantum-Espresso/outputs/field_0/vdw-df2-c09/top/data/ldos.pp.dat698

     Calling punch_plot, plot_num =   3

     Energy =  -3.74200 eV, broadening =   0.20000eV
     Writing data to file  /home/ubuntu/projects/Graphene-Band-Structure-Quantum-Espresso/outputs/field_0/vdw-df2-c09/top/data/ldos.pp.dat699

     Calling punch_plot, plot_num =   3

     Energy =  -3.72200 eV, broadening =   0.20000eV
     Writing data to file  /home/ubuntu/projects/Graphene-Band-Structure-Quantum-Espresso/outputs/field_0/vdw-df2-c09/top/data/ldos.pp.dat700

     Calling punch_plot, plot_num =   3

     Energy =  -3.70200 eV, broadening =   0.20000eV
     Writing data to file  /home/ubuntu/projects/Graphene-Band-Structure-Quantum-Espresso/outputs/field_0/vdw-df2-c09/top/data/ldos.pp.dat701

     Calling punch_plot, plot_num =   3

     Energy =  -3.68200 eV, broadening =   0.20000eV
     Writing data to file  /home/ubuntu/projects/Graphene-Band-Structure-Quantum-Espresso/outputs/field_0/vdw-df2-c09/top/data/ldos.pp.dat702

     Calling punch_plot, plot_num =   3

     Energy =  -3.66200 eV, broadening =   0.20000eV
     Writing data to file  /home/ubuntu/projects/Graphene-Band-Structure-Quantum-Espresso/outputs/field_0/vdw-df2-c09/top/data/ldos.pp.dat703

     Calling punch_plot, plot_num =   3

     Energy =  -3.64200 eV, broadening =   0.20000eV
     Writing data to file  /home/ubuntu/projects/Graphene-Band-Structure-Quantum-Espresso/outputs/field_0/vdw-df2-c09/top/data/ldos.pp.dat704

     Calling punch_plot, plot_num =   3

     Energy =  -3.62200 eV, broadening =   0.20000eV
     Writing data to file  /home/ubuntu/projects/Graphene-Band-Structure-Quantum-Espresso/outputs/field_0/vdw-df2-c09/top/data/ldos.pp.dat705

     Calling punch_plot, plot_num =   3

     Energy =  -3.60200 eV, broadening =   0.20000eV
     Writing data to file  /home/ubuntu/projects/Graphene-Band-Structure-Quantum-Espresso/outputs/field_0/vdw-df2-c09/top/data/ldos.pp.dat706

     Calling punch_plot, plot_num =   3

     Energy =  -3.58200 eV, broadening =   0.20000eV
     Writing data to file  /home/ubuntu/projects/Graphene-Band-Structure-Quantum-Espresso/outputs/field_0/vdw-df2-c09/top/data/ldos.pp.dat707

     Calling punch_plot, plot_num =   3

     Energy =  -3.56200 eV, broadening =   0.20000eV
     Writing data to file  /home/ubuntu/projects/Graphene-Band-Structure-Quantum-Espresso/outputs/field_0/vdw-df2-c09/top/data/ldos.pp.dat708

     Calling punch_plot, plot_num =   3

     Energy =  -3.54200 eV, broadening =   0.20000eV
     Writing data to file  /home/ubuntu/projects/Graphene-Band-Structure-Quantum-Espresso/outputs/field_0/vdw-df2-c09/top/data/ldos.pp.dat709

     Calling punch_plot, plot_num =   3

     Energy =  -3.52200 eV, broadening =   0.20000eV
     Writing data to file  /home/ubuntu/projects/Graphene-Band-Structure-Quantum-Espresso/outputs/field_0/vdw-df2-c09/top/data/ldos.pp.dat710

     Calling punch_plot, plot_num =   3

     Energy =  -3.50200 eV, broadening =   0.20000eV
     Writing data to file  /home/ubuntu/projects/Graphene-Band-Structure-Quantum-Espresso/outputs/field_0/vdw-df2-c09/top/data/ldos.pp.dat711

     Calling punch_plot, plot_num =   3

     Energy =  -3.48200 eV, broadening =   0.20000eV
     Writing data to file  /home/ubuntu/projects/Graphene-Band-Structure-Quantum-Espresso/outputs/field_0/vdw-df2-c09/top/data/ldos.pp.dat712

     Calling punch_plot, plot_num =   3

     Energy =  -3.46200 eV, broadening =   0.20000eV
     Writing data to file  /home/ubuntu/projects/Graphene-Band-Structure-Quantum-Espresso/outputs/field_0/vdw-df2-c09/top/data/ldos.pp.dat713

     Calling punch_plot, plot_num =   3

     Energy =  -3.44200 eV, broadening =   0.20000eV
     Writing data to file  /home/ubuntu/projects/Graphene-Band-Structure-Quantum-Espresso/outputs/field_0/vdw-df2-c09/top/data/ldos.pp.dat714

     Calling punch_plot, plot_num =   3

     Energy =  -3.42200 eV, broadening =   0.20000eV
     Writing data to file  /home/ubuntu/projects/Graphene-Band-Structure-Quantum-Espresso/outputs/field_0/vdw-df2-c09/top/data/ldos.pp.dat715

     Calling punch_plot, plot_num =   3

     Energy =  -3.40200 eV, broadening =   0.20000eV
     Writing data to file  /home/ubuntu/projects/Graphene-Band-Structure-Quantum-Espresso/outputs/field_0/vdw-df2-c09/top/data/ldos.pp.dat716

     Calling punch_plot, plot_num =   3

     Energy =  -3.38200 eV, broadening =   0.20000eV
     Writing data to file  /home/ubuntu/projects/Graphene-Band-Structure-Quantum-Espresso/outputs/field_0/vdw-df2-c09/top/data/ldos.pp.dat717

     Calling punch_plot, plot_num =   3

     Energy =  -3.36200 eV, broadening =   0.20000eV
     Writing data to file  /home/ubuntu/projects/Graphene-Band-Structure-Quantum-Espresso/outputs/field_0/vdw-df2-c09/top/data/ldos.pp.dat718

     Calling punch_plot, plot_num =   3

     Energy =  -3.34200 eV, broadening =   0.20000eV
     Writing data to file  /home/ubuntu/projects/Graphene-Band-Structure-Quantum-Espresso/outputs/field_0/vdw-df2-c09/top/data/ldos.pp.dat719

     Calling punch_plot, plot_num =   3

     Energy =  -3.32200 eV, broadening =   0.20000eV
     Writing data to file  /home/ubuntu/projects/Graphene-Band-Structure-Quantum-Espresso/outputs/field_0/vdw-df2-c09/top/data/ldos.pp.dat720

     Calling punch_plot, plot_num =   3

     Energy =  -3.30200 eV, broadening =   0.20000eV
     Writing data to file  /home/ubuntu/projects/Graphene-Band-Structure-Quantum-Espresso/outputs/field_0/vdw-df2-c09/top/data/ldos.pp.dat721

     Calling punch_plot, plot_num =   3

     Energy =  -3.28200 eV, broadening =   0.20000eV
     Writing data to file  /home/ubuntu/projects/Graphene-Band-Structure-Quantum-Espresso/outputs/field_0/vdw-df2-c09/top/data/ldos.pp.dat722

     Calling punch_plot, plot_num =   3

     Energy =  -3.26200 eV, broadening =   0.20000eV
     Writing data to file  /home/ubuntu/projects/Graphene-Band-Structure-Quantum-Espresso/outputs/field_0/vdw-df2-c09/top/data/ldos.pp.dat723

     Calling punch_plot, plot_num =   3

     Energy =  -3.24200 eV, broadening =   0.20000eV
     Writing data to file  /home/ubuntu/projects/Graphene-Band-Structure-Quantum-Espresso/outputs/field_0/vdw-df2-c09/top/data/ldos.pp.dat724

     Calling punch_plot, plot_num =   3

     Energy =  -3.22200 eV, broadening =   0.20000eV
     Writing data to file  /home/ubuntu/projects/Graphene-Band-Structure-Quantum-Espresso/outputs/field_0/vdw-df2-c09/top/data/ldos.pp.dat725

     Calling punch_plot, plot_num =   3

     Energy =  -3.20200 eV, broadening =   0.20000eV
     Writing data to file  /home/ubuntu/projects/Graphene-Band-Structure-Quantum-Espresso/outputs/field_0/vdw-df2-c09/top/data/ldos.pp.dat726

     Calling punch_plot, plot_num =   3

     Energy =  -3.18200 eV, broadening =   0.20000eV
     Writing data to file  /home/ubuntu/projects/Graphene-Band-Structure-Quantum-Espresso/outputs/field_0/vdw-df2-c09/top/data/ldos.pp.dat727

     Calling punch_plot, plot_num =   3

     Energy =  -3.16200 eV, broadening =   0.20000eV
     Writing data to file  /home/ubuntu/projects/Graphene-Band-Structure-Quantum-Espresso/outputs/field_0/vdw-df2-c09/top/data/ldos.pp.dat728

     Calling punch_plot, plot_num =   3

     Energy =  -3.14200 eV, broadening =   0.20000eV
     Writing data to file  /home/ubuntu/projects/Graphene-Band-Structure-Quantum-Espresso/outputs/field_0/vdw-df2-c09/top/data/ldos.pp.dat729

     Calling punch_plot, plot_num =   3

     Energy =  -3.12200 eV, broadening =   0.20000eV
     Writing data to file  /home/ubuntu/projects/Graphene-Band-Structure-Quantum-Espresso/outputs/field_0/vdw-df2-c09/top/data/ldos.pp.dat730

     Calling punch_plot, plot_num =   3

     Energy =  -3.10200 eV, broadening =   0.20000eV
     Writing data to file  /home/ubuntu/projects/Graphene-Band-Structure-Quantum-Espresso/outputs/field_0/vdw-df2-c09/top/data/ldos.pp.dat731

     Calling punch_plot, plot_num =   3

     Energy =  -3.08200 eV, broadening =   0.20000eV
     Writing data to file  /home/ubuntu/projects/Graphene-Band-Structure-Quantum-Espresso/outputs/field_0/vdw-df2-c09/top/data/ldos.pp.dat732

     Calling punch_plot, plot_num =   3

     Energy =  -3.06200 eV, broadening =   0.20000eV
     Writing data to file  /home/ubuntu/projects/Graphene-Band-Structure-Quantum-Espresso/outputs/field_0/vdw-df2-c09/top/data/ldos.pp.dat733

     Calling punch_plot, plot_num =   3

     Energy =  -3.04200 eV, broadening =   0.20000eV
     Writing data to file  /home/ubuntu/projects/Graphene-Band-Structure-Quantum-Espresso/outputs/field_0/vdw-df2-c09/top/data/ldos.pp.dat734

     Calling punch_plot, plot_num =   3

     Energy =  -3.02200 eV, broadening =   0.20000eV
     Writing data to file  /home/ubuntu/projects/Graphene-Band-Structure-Quantum-Espresso/outputs/field_0/vdw-df2-c09/top/data/ldos.pp.dat735

     Calling punch_plot, plot_num =   3

     Energy =  -3.00200 eV, broadening =   0.20000eV
     Writing data to file  /home/ubuntu/projects/Graphene-Band-Structure-Quantum-Espresso/outputs/field_0/vdw-df2-c09/top/data/ldos.pp.dat736

     Calling punch_plot, plot_num =   3

     Energy =  -2.98200 eV, broadening =   0.20000eV
     Writing data to file  /home/ubuntu/projects/Graphene-Band-Structure-Quantum-Espresso/outputs/field_0/vdw-df2-c09/top/data/ldos.pp.dat737

     Calling punch_plot, plot_num =   3

     Energy =  -2.96200 eV, broadening =   0.20000eV
     Writing data to file  /home/ubuntu/projects/Graphene-Band-Structure-Quantum-Espresso/outputs/field_0/vdw-df2-c09/top/data/ldos.pp.dat738

     Calling punch_plot, plot_num =   3

     Energy =  -2.94200 eV, broadening =   0.20000eV
     Writing data to file  /home/ubuntu/projects/Graphene-Band-Structure-Quantum-Espresso/outputs/field_0/vdw-df2-c09/top/data/ldos.pp.dat739

     Calling punch_plot, plot_num =   3

     Energy =  -2.92200 eV, broadening =   0.20000eV
     Writing data to file  /home/ubuntu/projects/Graphene-Band-Structure-Quantum-Espresso/outputs/field_0/vdw-df2-c09/top/data/ldos.pp.dat740

     Calling punch_plot, plot_num =   3

     Energy =  -2.90200 eV, broadening =   0.20000eV
     Writing data to file  /home/ubuntu/projects/Graphene-Band-Structure-Quantum-Espresso/outputs/field_0/vdw-df2-c09/top/data/ldos.pp.dat741

     Calling punch_plot, plot_num =   3

     Energy =  -2.88200 eV, broadening =   0.20000eV
     Writing data to file  /home/ubuntu/projects/Graphene-Band-Structure-Quantum-Espresso/outputs/field_0/vdw-df2-c09/top/data/ldos.pp.dat742

     Calling punch_plot, plot_num =   3

     Energy =  -2.86200 eV, broadening =   0.20000eV
     Writing data to file  /home/ubuntu/projects/Graphene-Band-Structure-Quantum-Espresso/outputs/field_0/vdw-df2-c09/top/data/ldos.pp.dat743

     Calling punch_plot, plot_num =   3

     Energy =  -2.84200 eV, broadening =   0.20000eV
     Writing data to file  /home/ubuntu/projects/Graphene-Band-Structure-Quantum-Espresso/outputs/field_0/vdw-df2-c09/top/data/ldos.pp.dat744

     Calling punch_plot, plot_num =   3

     Energy =  -2.82200 eV, broadening =   0.20000eV
     Writing data to file  /home/ubuntu/projects/Graphene-Band-Structure-Quantum-Espresso/outputs/field_0/vdw-df2-c09/top/data/ldos.pp.dat745

     Calling punch_plot, plot_num =   3

     Energy =  -2.80200 eV, broadening =   0.20000eV
     Writing data to file  /home/ubuntu/projects/Graphene-Band-Structure-Quantum-Espresso/outputs/field_0/vdw-df2-c09/top/data/ldos.pp.dat746

     Calling punch_plot, plot_num =   3

     Energy =  -2.78200 eV, broadening =   0.20000eV
     Writing data to file  /home/ubuntu/projects/Graphene-Band-Structure-Quantum-Espresso/outputs/field_0/vdw-df2-c09/top/data/ldos.pp.dat747

     Calling punch_plot, plot_num =   3

     Energy =  -2.76200 eV, broadening =   0.20000eV
     Writing data to file  /home/ubuntu/projects/Graphene-Band-Structure-Quantum-Espresso/outputs/field_0/vdw-df2-c09/top/data/ldos.pp.dat748

     Calling punch_plot, plot_num =   3

     Energy =  -2.74200 eV, broadening =   0.20000eV
     Writing data to file  /home/ubuntu/projects/Graphene-Band-Structure-Quantum-Espresso/outputs/field_0/vdw-df2-c09/top/data/ldos.pp.dat749

     Calling punch_plot, plot_num =   3

     Energy =  -2.72200 eV, broadening =   0.20000eV
     Writing data to file  /home/ubuntu/projects/Graphene-Band-Structure-Quantum-Espresso/outputs/field_0/vdw-df2-c09/top/data/ldos.pp.dat750

     Calling punch_plot, plot_num =   3

     Energy =  -2.70200 eV, broadening =   0.20000eV
     Writing data to file  /home/ubuntu/projects/Graphene-Band-Structure-Quantum-Espresso/outputs/field_0/vdw-df2-c09/top/data/ldos.pp.dat751

     Calling punch_plot, plot_num =   3

     Energy =  -2.68200 eV, broadening =   0.20000eV
     Writing data to file  /home/ubuntu/projects/Graphene-Band-Structure-Quantum-Espresso/outputs/field_0/vdw-df2-c09/top/data/ldos.pp.dat752

     Calling punch_plot, plot_num =   3

     Energy =  -2.66200 eV, broadening =   0.20000eV
     Writing data to file  /home/ubuntu/projects/Graphene-Band-Structure-Quantum-Espresso/outputs/field_0/vdw-df2-c09/top/data/ldos.pp.dat753

     Calling punch_plot, plot_num =   3

     Energy =  -2.64200 eV, broadening =   0.20000eV
     Writing data to file  /home/ubuntu/projects/Graphene-Band-Structure-Quantum-Espresso/outputs/field_0/vdw-df2-c09/top/data/ldos.pp.dat754

     Calling punch_plot, plot_num =   3

     Energy =  -2.62200 eV, broadening =   0.20000eV
     Writing data to file  /home/ubuntu/projects/Graphene-Band-Structure-Quantum-Espresso/outputs/field_0/vdw-df2-c09/top/data/ldos.pp.dat755

     Calling punch_plot, plot_num =   3

     Energy =  -2.60200 eV, broadening =   0.20000eV
     Writing data to file  /home/ubuntu/projects/Graphene-Band-Structure-Quantum-Espresso/outputs/field_0/vdw-df2-c09/top/data/ldos.pp.dat756

     Calling punch_plot, plot_num =   3

     Energy =  -2.58200 eV, broadening =   0.20000eV
     Writing data to file  /home/ubuntu/projects/Graphene-Band-Structure-Quantum-Espresso/outputs/field_0/vdw-df2-c09/top/data/ldos.pp.dat757

     Calling punch_plot, plot_num =   3

     Energy =  -2.56200 eV, broadening =   0.20000eV
     Writing data to file  /home/ubuntu/projects/Graphene-Band-Structure-Quantum-Espresso/outputs/field_0/vdw-df2-c09/top/data/ldos.pp.dat758

     Calling punch_plot, plot_num =   3

     Energy =  -2.54200 eV, broadening =   0.20000eV
     Writing data to file  /home/ubuntu/projects/Graphene-Band-Structure-Quantum-Espresso/outputs/field_0/vdw-df2-c09/top/data/ldos.pp.dat759

     Calling punch_plot, plot_num =   3

     Energy =  -2.52200 eV, broadening =   0.20000eV
     Writing data to file  /home/ubuntu/projects/Graphene-Band-Structure-Quantum-Espresso/outputs/field_0/vdw-df2-c09/top/data/ldos.pp.dat760

     Calling punch_plot, plot_num =   3

     Energy =  -2.50200 eV, broadening =   0.20000eV
     Writing data to file  /home/ubuntu/projects/Graphene-Band-Structure-Quantum-Espresso/outputs/field_0/vdw-df2-c09/top/data/ldos.pp.dat761

     Calling punch_plot, plot_num =   3

     Energy =  -2.48200 eV, broadening =   0.20000eV
     Writing data to file  /home/ubuntu/projects/Graphene-Band-Structure-Quantum-Espresso/outputs/field_0/vdw-df2-c09/top/data/ldos.pp.dat762

     Calling punch_plot, plot_num =   3

     Energy =  -2.46200 eV, broadening =   0.20000eV
     Writing data to file  /home/ubuntu/projects/Graphene-Band-Structure-Quantum-Espresso/outputs/field_0/vdw-df2-c09/top/data/ldos.pp.dat763

     Calling punch_plot, plot_num =   3

     Energy =  -2.44200 eV, broadening =   0.20000eV
     Writing data to file  /home/ubuntu/projects/Graphene-Band-Structure-Quantum-Espresso/outputs/field_0/vdw-df2-c09/top/data/ldos.pp.dat764

     Calling punch_plot, plot_num =   3

     Energy =  -2.42200 eV, broadening =   0.20000eV
     Writing data to file  /home/ubuntu/projects/Graphene-Band-Structure-Quantum-Espresso/outputs/field_0/vdw-df2-c09/top/data/ldos.pp.dat765

     Calling punch_plot, plot_num =   3

     Energy =  -2.40200 eV, broadening =   0.20000eV
     Writing data to file  /home/ubuntu/projects/Graphene-Band-Structure-Quantum-Espresso/outputs/field_0/vdw-df2-c09/top/data/ldos.pp.dat766

     Calling punch_plot, plot_num =   3

     Energy =  -2.38200 eV, broadening =   0.20000eV
     Writing data to file  /home/ubuntu/projects/Graphene-Band-Structure-Quantum-Espresso/outputs/field_0/vdw-df2-c09/top/data/ldos.pp.dat767

     Calling punch_plot, plot_num =   3

     Energy =  -2.36200 eV, broadening =   0.20000eV
     Writing data to file  /home/ubuntu/projects/Graphene-Band-Structure-Quantum-Espresso/outputs/field_0/vdw-df2-c09/top/data/ldos.pp.dat768

     Calling punch_plot, plot_num =   3

     Energy =  -2.34200 eV, broadening =   0.20000eV
     Writing data to file  /home/ubuntu/projects/Graphene-Band-Structure-Quantum-Espresso/outputs/field_0/vdw-df2-c09/top/data/ldos.pp.dat769

     Calling punch_plot, plot_num =   3

     Energy =  -2.32200 eV, broadening =   0.20000eV
     Writing data to file  /home/ubuntu/projects/Graphene-Band-Structure-Quantum-Espresso/outputs/field_0/vdw-df2-c09/top/data/ldos.pp.dat770

     Calling punch_plot, plot_num =   3

     Energy =  -2.30200 eV, broadening =   0.20000eV
     Writing data to file  /home/ubuntu/projects/Graphene-Band-Structure-Quantum-Espresso/outputs/field_0/vdw-df2-c09/top/data/ldos.pp.dat771

     Calling punch_plot, plot_num =   3

     Energy =  -2.28200 eV, broadening =   0.20000eV
     Writing data to file  /home/ubuntu/projects/Graphene-Band-Structure-Quantum-Espresso/outputs/field_0/vdw-df2-c09/top/data/ldos.pp.dat772

     Calling punch_plot, plot_num =   3

     Energy =  -2.26200 eV, broadening =   0.20000eV
     Writing data to file  /home/ubuntu/projects/Graphene-Band-Structure-Quantum-Espresso/outputs/field_0/vdw-df2-c09/top/data/ldos.pp.dat773

     Calling punch_plot, plot_num =   3

     Energy =  -2.24200 eV, broadening =   0.20000eV
     Writing data to file  /home/ubuntu/projects/Graphene-Band-Structure-Quantum-Espresso/outputs/field_0/vdw-df2-c09/top/data/ldos.pp.dat774

     Calling punch_plot, plot_num =   3

     Energy =  -2.22200 eV, broadening =   0.20000eV
     Writing data to file  /home/ubuntu/projects/Graphene-Band-Structure-Quantum-Espresso/outputs/field_0/vdw-df2-c09/top/data/ldos.pp.dat775

     Calling punch_plot, plot_num =   3

     Energy =  -2.20200 eV, broadening =   0.20000eV
     Writing data to file  /home/ubuntu/projects/Graphene-Band-Structure-Quantum-Espresso/outputs/field_0/vdw-df2-c09/top/data/ldos.pp.dat776

     Calling punch_plot, plot_num =   3

     Energy =  -2.18200 eV, broadening =   0.20000eV
     Writing data to file  /home/ubuntu/projects/Graphene-Band-Structure-Quantum-Espresso/outputs/field_0/vdw-df2-c09/top/data/ldos.pp.dat777

     Calling punch_plot, plot_num =   3

     Energy =  -2.16200 eV, broadening =   0.20000eV
     Writing data to file  /home/ubuntu/projects/Graphene-Band-Structure-Quantum-Espresso/outputs/field_0/vdw-df2-c09/top/data/ldos.pp.dat778

     Calling punch_plot, plot_num =   3

     Energy =  -2.14200 eV, broadening =   0.20000eV
     Writing data to file  /home/ubuntu/projects/Graphene-Band-Structure-Quantum-Espresso/outputs/field_0/vdw-df2-c09/top/data/ldos.pp.dat779

     Calling punch_plot, plot_num =   3

     Energy =  -2.12200 eV, broadening =   0.20000eV
     Writing data to file  /home/ubuntu/projects/Graphene-Band-Structure-Quantum-Espresso/outputs/field_0/vdw-df2-c09/top/data/ldos.pp.dat780

     Calling punch_plot, plot_num =   3

     Energy =  -2.10200 eV, broadening =   0.20000eV
     Writing data to file  /home/ubuntu/projects/Graphene-Band-Structure-Quantum-Espresso/outputs/field_0/vdw-df2-c09/top/data/ldos.pp.dat781

     Calling punch_plot, plot_num =   3

     Energy =  -2.08200 eV, broadening =   0.20000eV
     Writing data to file  /home/ubuntu/projects/Graphene-Band-Structure-Quantum-Espresso/outputs/field_0/vdw-df2-c09/top/data/ldos.pp.dat782

     Calling punch_plot, plot_num =   3

     Energy =  -2.06200 eV, broadening =   0.20000eV
     Writing data to file  /home/ubuntu/projects/Graphene-Band-Structure-Quantum-Espresso/outputs/field_0/vdw-df2-c09/top/data/ldos.pp.dat783

     Calling punch_plot, plot_num =   3

     Energy =  -2.04200 eV, broadening =   0.20000eV
     Writing data to file  /home/ubuntu/projects/Graphene-Band-Structure-Quantum-Espresso/outputs/field_0/vdw-df2-c09/top/data/ldos.pp.dat784

     Calling punch_plot, plot_num =   3

     Energy =  -2.02200 eV, broadening =   0.20000eV
     Writing data to file  /home/ubuntu/projects/Graphene-Band-Structure-Quantum-Espresso/outputs/field_0/vdw-df2-c09/top/data/ldos.pp.dat785

     Calling punch_plot, plot_num =   3

     Energy =  -2.00200 eV, broadening =   0.20000eV
     Writing data to file  /home/ubuntu/projects/Graphene-Band-Structure-Quantum-Espresso/outputs/field_0/vdw-df2-c09/top/data/ldos.pp.dat786

     Calling punch_plot, plot_num =   3

     Energy =  -1.98200 eV, broadening =   0.20000eV
     Writing data to file  /home/ubuntu/projects/Graphene-Band-Structure-Quantum-Espresso/outputs/field_0/vdw-df2-c09/top/data/ldos.pp.dat787

     Calling punch_plot, plot_num =   3

     Energy =  -1.96200 eV, broadening =   0.20000eV
     Writing data to file  /home/ubuntu/projects/Graphene-Band-Structure-Quantum-Espresso/outputs/field_0/vdw-df2-c09/top/data/ldos.pp.dat788

     Calling punch_plot, plot_num =   3

     Energy =  -1.94200 eV, broadening =   0.20000eV
     Writing data to file  /home/ubuntu/projects/Graphene-Band-Structure-Quantum-Espresso/outputs/field_0/vdw-df2-c09/top/data/ldos.pp.dat789

     Calling punch_plot, plot_num =   3

     Energy =  -1.92200 eV, broadening =   0.20000eV
     Writing data to file  /home/ubuntu/projects/Graphene-Band-Structure-Quantum-Espresso/outputs/field_0/vdw-df2-c09/top/data/ldos.pp.dat790

     Calling punch_plot, plot_num =   3

     Energy =  -1.90200 eV, broadening =   0.20000eV
     Writing data to file  /home/ubuntu/projects/Graphene-Band-Structure-Quantum-Espresso/outputs/field_0/vdw-df2-c09/top/data/ldos.pp.dat791

     Calling punch_plot, plot_num =   3

     Energy =  -1.88200 eV, broadening =   0.20000eV
     Writing data to file  /home/ubuntu/projects/Graphene-Band-Structure-Quantum-Espresso/outputs/field_0/vdw-df2-c09/top/data/ldos.pp.dat792

     Calling punch_plot, plot_num =   3

     Energy =  -1.86200 eV, broadening =   0.20000eV
     Writing data to file  /home/ubuntu/projects/Graphene-Band-Structure-Quantum-Espresso/outputs/field_0/vdw-df2-c09/top/data/ldos.pp.dat793

     Calling punch_plot, plot_num =   3

     Energy =  -1.84200 eV, broadening =   0.20000eV
     Writing data to file  /home/ubuntu/projects/Graphene-Band-Structure-Quantum-Espresso/outputs/field_0/vdw-df2-c09/top/data/ldos.pp.dat794

     Calling punch_plot, plot_num =   3

     Energy =  -1.82200 eV, broadening =   0.20000eV
     Writing data to file  /home/ubuntu/projects/Graphene-Band-Structure-Quantum-Espresso/outputs/field_0/vdw-df2-c09/top/data/ldos.pp.dat795

     Calling punch_plot, plot_num =   3

     Energy =  -1.80200 eV, broadening =   0.20000eV
     Writing data to file  /home/ubuntu/projects/Graphene-Band-Structure-Quantum-Espresso/outputs/field_0/vdw-df2-c09/top/data/ldos.pp.dat796

     Calling punch_plot, plot_num =   3

     Energy =  -1.78200 eV, broadening =   0.20000eV
     Writing data to file  /home/ubuntu/projects/Graphene-Band-Structure-Quantum-Espresso/outputs/field_0/vdw-df2-c09/top/data/ldos.pp.dat797

     Calling punch_plot, plot_num =   3

     Energy =  -1.76200 eV, broadening =   0.20000eV
     Writing data to file  /home/ubuntu/projects/Graphene-Band-Structure-Quantum-Espresso/outputs/field_0/vdw-df2-c09/top/data/ldos.pp.dat798

     Calling punch_plot, plot_num =   3

     Energy =  -1.74200 eV, broadening =   0.20000eV
     Writing data to file  /home/ubuntu/projects/Graphene-Band-Structure-Quantum-Espresso/outputs/field_0/vdw-df2-c09/top/data/ldos.pp.dat799

     Calling punch_plot, plot_num =   3

     Energy =  -1.72200 eV, broadening =   0.20000eV
     Writing data to file  /home/ubuntu/projects/Graphene-Band-Structure-Quantum-Espresso/outputs/field_0/vdw-df2-c09/top/data/ldos.pp.dat800

     Calling punch_plot, plot_num =   3

     Energy =  -1.70200 eV, broadening =   0.20000eV
     Writing data to file  /home/ubuntu/projects/Graphene-Band-Structure-Quantum-Espresso/outputs/field_0/vdw-df2-c09/top/data/ldos.pp.dat801

     Calling punch_plot, plot_num =   3

     Energy =  -1.68200 eV, broadening =   0.20000eV
     Writing data to file  /home/ubuntu/projects/Graphene-Band-Structure-Quantum-Espresso/outputs/field_0/vdw-df2-c09/top/data/ldos.pp.dat802

     Calling punch_plot, plot_num =   3

     Energy =  -1.66200 eV, broadening =   0.20000eV
     Writing data to file  /home/ubuntu/projects/Graphene-Band-Structure-Quantum-Espresso/outputs/field_0/vdw-df2-c09/top/data/ldos.pp.dat803

     Calling punch_plot, plot_num =   3

     Energy =  -1.64200 eV, broadening =   0.20000eV
     Writing data to file  /home/ubuntu/projects/Graphene-Band-Structure-Quantum-Espresso/outputs/field_0/vdw-df2-c09/top/data/ldos.pp.dat804

     Calling punch_plot, plot_num =   3

     Energy =  -1.62200 eV, broadening =   0.20000eV
     Writing data to file  /home/ubuntu/projects/Graphene-Band-Structure-Quantum-Espresso/outputs/field_0/vdw-df2-c09/top/data/ldos.pp.dat805

     Calling punch_plot, plot_num =   3

     Energy =  -1.60200 eV, broadening =   0.20000eV
     Writing data to file  /home/ubuntu/projects/Graphene-Band-Structure-Quantum-Espresso/outputs/field_0/vdw-df2-c09/top/data/ldos.pp.dat806

     Calling punch_plot, plot_num =   3

     Energy =  -1.58200 eV, broadening =   0.20000eV
     Writing data to file  /home/ubuntu/projects/Graphene-Band-Structure-Quantum-Espresso/outputs/field_0/vdw-df2-c09/top/data/ldos.pp.dat807

     Calling punch_plot, plot_num =   3

     Energy =  -1.56200 eV, broadening =   0.20000eV
     Writing data to file  /home/ubuntu/projects/Graphene-Band-Structure-Quantum-Espresso/outputs/field_0/vdw-df2-c09/top/data/ldos.pp.dat808

     Calling punch_plot, plot_num =   3

     Energy =  -1.54200 eV, broadening =   0.20000eV
     Writing data to file  /home/ubuntu/projects/Graphene-Band-Structure-Quantum-Espresso/outputs/field_0/vdw-df2-c09/top/data/ldos.pp.dat809

     Calling punch_plot, plot_num =   3

     Energy =  -1.52200 eV, broadening =   0.20000eV
     Writing data to file  /home/ubuntu/projects/Graphene-Band-Structure-Quantum-Espresso/outputs/field_0/vdw-df2-c09/top/data/ldos.pp.dat810

     Calling punch_plot, plot_num =   3

     Energy =  -1.50200 eV, broadening =   0.20000eV
     Writing data to file  /home/ubuntu/projects/Graphene-Band-Structure-Quantum-Espresso/outputs/field_0/vdw-df2-c09/top/data/ldos.pp.dat811

     Calling punch_plot, plot_num =   3

     Energy =  -1.48200 eV, broadening =   0.20000eV
     Writing data to file  /home/ubuntu/projects/Graphene-Band-Structure-Quantum-Espresso/outputs/field_0/vdw-df2-c09/top/data/ldos.pp.dat812

     Calling punch_plot, plot_num =   3

     Energy =  -1.46200 eV, broadening =   0.20000eV
     Writing data to file  /home/ubuntu/projects/Graphene-Band-Structure-Quantum-Espresso/outputs/field_0/vdw-df2-c09/top/data/ldos.pp.dat813

     Calling punch_plot, plot_num =   3

     Energy =  -1.44200 eV, broadening =   0.20000eV
     Writing data to file  /home/ubuntu/projects/Graphene-Band-Structure-Quantum-Espresso/outputs/field_0/vdw-df2-c09/top/data/ldos.pp.dat814

     Calling punch_plot, plot_num =   3

     Energy =  -1.42200 eV, broadening =   0.20000eV
     Writing data to file  /home/ubuntu/projects/Graphene-Band-Structure-Quantum-Espresso/outputs/field_0/vdw-df2-c09/top/data/ldos.pp.dat815

     Calling punch_plot, plot_num =   3

     Energy =  -1.40200 eV, broadening =   0.20000eV
     Writing data to file  /home/ubuntu/projects/Graphene-Band-Structure-Quantum-Espresso/outputs/field_0/vdw-df2-c09/top/data/ldos.pp.dat816

     Calling punch_plot, plot_num =   3

     Energy =  -1.38200 eV, broadening =   0.20000eV
     Writing data to file  /home/ubuntu/projects/Graphene-Band-Structure-Quantum-Espresso/outputs/field_0/vdw-df2-c09/top/data/ldos.pp.dat817

     Calling punch_plot, plot_num =   3

     Energy =  -1.36200 eV, broadening =   0.20000eV
     Writing data to file  /home/ubuntu/projects/Graphene-Band-Structure-Quantum-Espresso/outputs/field_0/vdw-df2-c09/top/data/ldos.pp.dat818

     Calling punch_plot, plot_num =   3

     Energy =  -1.34200 eV, broadening =   0.20000eV
     Writing data to file  /home/ubuntu/projects/Graphene-Band-Structure-Quantum-Espresso/outputs/field_0/vdw-df2-c09/top/data/ldos.pp.dat819

     Calling punch_plot, plot_num =   3

     Energy =  -1.32200 eV, broadening =   0.20000eV
     Writing data to file  /home/ubuntu/projects/Graphene-Band-Structure-Quantum-Espresso/outputs/field_0/vdw-df2-c09/top/data/ldos.pp.dat820

     Calling punch_plot, plot_num =   3

     Energy =  -1.30200 eV, broadening =   0.20000eV
     Writing data to file  /home/ubuntu/projects/Graphene-Band-Structure-Quantum-Espresso/outputs/field_0/vdw-df2-c09/top/data/ldos.pp.dat821

     Calling punch_plot, plot_num =   3

     Energy =  -1.28200 eV, broadening =   0.20000eV
     Writing data to file  /home/ubuntu/projects/Graphene-Band-Structure-Quantum-Espresso/outputs/field_0/vdw-df2-c09/top/data/ldos.pp.dat822

     Calling punch_plot, plot_num =   3

     Energy =  -1.26200 eV, broadening =   0.20000eV
     Writing data to file  /home/ubuntu/projects/Graphene-Band-Structure-Quantum-Espresso/outputs/field_0/vdw-df2-c09/top/data/ldos.pp.dat823

     Calling punch_plot, plot_num =   3

     Energy =  -1.24200 eV, broadening =   0.20000eV
     Writing data to file  /home/ubuntu/projects/Graphene-Band-Structure-Quantum-Espresso/outputs/field_0/vdw-df2-c09/top/data/ldos.pp.dat824

     Calling punch_plot, plot_num =   3

     Energy =  -1.22200 eV, broadening =   0.20000eV
     Writing data to file  /home/ubuntu/projects/Graphene-Band-Structure-Quantum-Espresso/outputs/field_0/vdw-df2-c09/top/data/ldos.pp.dat825

     Calling punch_plot, plot_num =   3

     Energy =  -1.20200 eV, broadening =   0.20000eV
     Writing data to file  /home/ubuntu/projects/Graphene-Band-Structure-Quantum-Espresso/outputs/field_0/vdw-df2-c09/top/data/ldos.pp.dat826

     Calling punch_plot, plot_num =   3

     Energy =  -1.18200 eV, broadening =   0.20000eV
     Writing data to file  /home/ubuntu/projects/Graphene-Band-Structure-Quantum-Espresso/outputs/field_0/vdw-df2-c09/top/data/ldos.pp.dat827

     Calling punch_plot, plot_num =   3

     Energy =  -1.16200 eV, broadening =   0.20000eV
     Writing data to file  /home/ubuntu/projects/Graphene-Band-Structure-Quantum-Espresso/outputs/field_0/vdw-df2-c09/top/data/ldos.pp.dat828

     Calling punch_plot, plot_num =   3

     Energy =  -1.14200 eV, broadening =   0.20000eV
     Writing data to file  /home/ubuntu/projects/Graphene-Band-Structure-Quantum-Espresso/outputs/field_0/vdw-df2-c09/top/data/ldos.pp.dat829

     Calling punch_plot, plot_num =   3

     Energy =  -1.12200 eV, broadening =   0.20000eV
     Writing data to file  /home/ubuntu/projects/Graphene-Band-Structure-Quantum-Espresso/outputs/field_0/vdw-df2-c09/top/data/ldos.pp.dat830

     Calling punch_plot, plot_num =   3

     Energy =  -1.10200 eV, broadening =   0.20000eV
     Writing data to file  /home/ubuntu/projects/Graphene-Band-Structure-Quantum-Espresso/outputs/field_0/vdw-df2-c09/top/data/ldos.pp.dat831

     Calling punch_plot, plot_num =   3

     Energy =  -1.08200 eV, broadening =   0.20000eV
     Writing data to file  /home/ubuntu/projects/Graphene-Band-Structure-Quantum-Espresso/outputs/field_0/vdw-df2-c09/top/data/ldos.pp.dat832

     Calling punch_plot, plot_num =   3

     Energy =  -1.06200 eV, broadening =   0.20000eV
     Writing data to file  /home/ubuntu/projects/Graphene-Band-Structure-Quantum-Espresso/outputs/field_0/vdw-df2-c09/top/data/ldos.pp.dat833

     Calling punch_plot, plot_num =   3

     Energy =  -1.04200 eV, broadening =   0.20000eV
     Writing data to file  /home/ubuntu/projects/Graphene-Band-Structure-Quantum-Espresso/outputs/field_0/vdw-df2-c09/top/data/ldos.pp.dat834

     Calling punch_plot, plot_num =   3

     Energy =  -1.02200 eV, broadening =   0.20000eV
     Writing data to file  /home/ubuntu/projects/Graphene-Band-Structure-Quantum-Espresso/outputs/field_0/vdw-df2-c09/top/data/ldos.pp.dat835

     Calling punch_plot, plot_num =   3

     Energy =  -1.00200 eV, broadening =   0.20000eV
     Writing data to file  /home/ubuntu/projects/Graphene-Band-Structure-Quantum-Espresso/outputs/field_0/vdw-df2-c09/top/data/ldos.pp.dat836

     Calling punch_plot, plot_num =   3

     Energy =  -0.98200 eV, broadening =   0.20000eV
     Writing data to file  /home/ubuntu/projects/Graphene-Band-Structure-Quantum-Espresso/outputs/field_0/vdw-df2-c09/top/data/ldos.pp.dat837

     Calling punch_plot, plot_num =   3

     Energy =  -0.96200 eV, broadening =   0.20000eV
     Writing data to file  /home/ubuntu/projects/Graphene-Band-Structure-Quantum-Espresso/outputs/field_0/vdw-df2-c09/top/data/ldos.pp.dat838

     Calling punch_plot, plot_num =   3

     Energy =  -0.94200 eV, broadening =   0.20000eV
     Writing data to file  /home/ubuntu/projects/Graphene-Band-Structure-Quantum-Espresso/outputs/field_0/vdw-df2-c09/top/data/ldos.pp.dat839

     Calling punch_plot, plot_num =   3

     Energy =  -0.92200 eV, broadening =   0.20000eV
     Writing data to file  /home/ubuntu/projects/Graphene-Band-Structure-Quantum-Espresso/outputs/field_0/vdw-df2-c09/top/data/ldos.pp.dat840

     Calling punch_plot, plot_num =   3

     Energy =  -0.90200 eV, broadening =   0.20000eV
     Writing data to file  /home/ubuntu/projects/Graphene-Band-Structure-Quantum-Espresso/outputs/field_0/vdw-df2-c09/top/data/ldos.pp.dat841

     Calling punch_plot, plot_num =   3

     Energy =  -0.88200 eV, broadening =   0.20000eV
     Writing data to file  /home/ubuntu/projects/Graphene-Band-Structure-Quantum-Espresso/outputs/field_0/vdw-df2-c09/top/data/ldos.pp.dat842

     Calling punch_plot, plot_num =   3

     Energy =  -0.86200 eV, broadening =   0.20000eV
     Writing data to file  /home/ubuntu/projects/Graphene-Band-Structure-Quantum-Espresso/outputs/field_0/vdw-df2-c09/top/data/ldos.pp.dat843

     Calling punch_plot, plot_num =   3

     Energy =  -0.84200 eV, broadening =   0.20000eV
     Writing data to file  /home/ubuntu/projects/Graphene-Band-Structure-Quantum-Espresso/outputs/field_0/vdw-df2-c09/top/data/ldos.pp.dat844

     Calling punch_plot, plot_num =   3

     Energy =  -0.82200 eV, broadening =   0.20000eV
     Writing data to file  /home/ubuntu/projects/Graphene-Band-Structure-Quantum-Espresso/outputs/field_0/vdw-df2-c09/top/data/ldos.pp.dat845

     Calling punch_plot, plot_num =   3

     Energy =  -0.80200 eV, broadening =   0.20000eV
     Writing data to file  /home/ubuntu/projects/Graphene-Band-Structure-Quantum-Espresso/outputs/field_0/vdw-df2-c09/top/data/ldos.pp.dat846

     Calling punch_plot, plot_num =   3

     Energy =  -0.78200 eV, broadening =   0.20000eV
     Writing data to file  /home/ubuntu/projects/Graphene-Band-Structure-Quantum-Espresso/outputs/field_0/vdw-df2-c09/top/data/ldos.pp.dat847

     Calling punch_plot, plot_num =   3

     Energy =  -0.76200 eV, broadening =   0.20000eV
     Writing data to file  /home/ubuntu/projects/Graphene-Band-Structure-Quantum-Espresso/outputs/field_0/vdw-df2-c09/top/data/ldos.pp.dat848

     Calling punch_plot, plot_num =   3

     Energy =  -0.74200 eV, broadening =   0.20000eV
     Writing data to file  /home/ubuntu/projects/Graphene-Band-Structure-Quantum-Espresso/outputs/field_0/vdw-df2-c09/top/data/ldos.pp.dat849

     Calling punch_plot, plot_num =   3

     Energy =  -0.72200 eV, broadening =   0.20000eV
     Writing data to file  /home/ubuntu/projects/Graphene-Band-Structure-Quantum-Espresso/outputs/field_0/vdw-df2-c09/top/data/ldos.pp.dat850

     Calling punch_plot, plot_num =   3

     Energy =  -0.70200 eV, broadening =   0.20000eV
     Writing data to file  /home/ubuntu/projects/Graphene-Band-Structure-Quantum-Espresso/outputs/field_0/vdw-df2-c09/top/data/ldos.pp.dat851

     Calling punch_plot, plot_num =   3

     Energy =  -0.68200 eV, broadening =   0.20000eV
     Writing data to file  /home/ubuntu/projects/Graphene-Band-Structure-Quantum-Espresso/outputs/field_0/vdw-df2-c09/top/data/ldos.pp.dat852

     Calling punch_plot, plot_num =   3

     Energy =  -0.66200 eV, broadening =   0.20000eV
     Writing data to file  /home/ubuntu/projects/Graphene-Band-Structure-Quantum-Espresso/outputs/field_0/vdw-df2-c09/top/data/ldos.pp.dat853

     Calling punch_plot, plot_num =   3

     Energy =  -0.64200 eV, broadening =   0.20000eV
     Writing data to file  /home/ubuntu/projects/Graphene-Band-Structure-Quantum-Espresso/outputs/field_0/vdw-df2-c09/top/data/ldos.pp.dat854

     Calling punch_plot, plot_num =   3

     Energy =  -0.62200 eV, broadening =   0.20000eV
     Writing data to file  /home/ubuntu/projects/Graphene-Band-Structure-Quantum-Espresso/outputs/field_0/vdw-df2-c09/top/data/ldos.pp.dat855

     Calling punch_plot, plot_num =   3

     Energy =  -0.60200 eV, broadening =   0.20000eV
     Writing data to file  /home/ubuntu/projects/Graphene-Band-Structure-Quantum-Espresso/outputs/field_0/vdw-df2-c09/top/data/ldos.pp.dat856

     Calling punch_plot, plot_num =   3

     Energy =  -0.58200 eV, broadening =   0.20000eV
     Writing data to file  /home/ubuntu/projects/Graphene-Band-Structure-Quantum-Espresso/outputs/field_0/vdw-df2-c09/top/data/ldos.pp.dat857

     Calling punch_plot, plot_num =   3

     Energy =  -0.56200 eV, broadening =   0.20000eV
     Writing data to file  /home/ubuntu/projects/Graphene-Band-Structure-Quantum-Espresso/outputs/field_0/vdw-df2-c09/top/data/ldos.pp.dat858

     Calling punch_plot, plot_num =   3

     Energy =  -0.54200 eV, broadening =   0.20000eV
     Writing data to file  /home/ubuntu/projects/Graphene-Band-Structure-Quantum-Espresso/outputs/field_0/vdw-df2-c09/top/data/ldos.pp.dat859

     Calling punch_plot, plot_num =   3

     Energy =  -0.52200 eV, broadening =   0.20000eV
     Writing data to file  /home/ubuntu/projects/Graphene-Band-Structure-Quantum-Espresso/outputs/field_0/vdw-df2-c09/top/data/ldos.pp.dat860

     Calling punch_plot, plot_num =   3

     Energy =  -0.50200 eV, broadening =   0.20000eV
     Writing data to file  /home/ubuntu/projects/Graphene-Band-Structure-Quantum-Espresso/outputs/field_0/vdw-df2-c09/top/data/ldos.pp.dat861

     Calling punch_plot, plot_num =   3

     Energy =  -0.48200 eV, broadening =   0.20000eV
     Writing data to file  /home/ubuntu/projects/Graphene-Band-Structure-Quantum-Espresso/outputs/field_0/vdw-df2-c09/top/data/ldos.pp.dat862

     Calling punch_plot, plot_num =   3

     Energy =  -0.46200 eV, broadening =   0.20000eV
     Writing data to file  /home/ubuntu/projects/Graphene-Band-Structure-Quantum-Espresso/outputs/field_0/vdw-df2-c09/top/data/ldos.pp.dat863

     Calling punch_plot, plot_num =   3

     Energy =  -0.44200 eV, broadening =   0.20000eV
     Writing data to file  /home/ubuntu/projects/Graphene-Band-Structure-Quantum-Espresso/outputs/field_0/vdw-df2-c09/top/data/ldos.pp.dat864

     Calling punch_plot, plot_num =   3

     Energy =  -0.42200 eV, broadening =   0.20000eV
     Writing data to file  /home/ubuntu/projects/Graphene-Band-Structure-Quantum-Espresso/outputs/field_0/vdw-df2-c09/top/data/ldos.pp.dat865

     Calling punch_plot, plot_num =   3

     Energy =  -0.40200 eV, broadening =   0.20000eV
     Writing data to file  /home/ubuntu/projects/Graphene-Band-Structure-Quantum-Espresso/outputs/field_0/vdw-df2-c09/top/data/ldos.pp.dat866

     Calling punch_plot, plot_num =   3

     Energy =  -0.38200 eV, broadening =   0.20000eV
     Writing data to file  /home/ubuntu/projects/Graphene-Band-Structure-Quantum-Espresso/outputs/field_0/vdw-df2-c09/top/data/ldos.pp.dat867

     Calling punch_plot, plot_num =   3

     Energy =  -0.36200 eV, broadening =   0.20000eV
     Writing data to file  /home/ubuntu/projects/Graphene-Band-Structure-Quantum-Espresso/outputs/field_0/vdw-df2-c09/top/data/ldos.pp.dat868

     Calling punch_plot, plot_num =   3

     Energy =  -0.34200 eV, broadening =   0.20000eV
     Writing data to file  /home/ubuntu/projects/Graphene-Band-Structure-Quantum-Espresso/outputs/field_0/vdw-df2-c09/top/data/ldos.pp.dat869

     Calling punch_plot, plot_num =   3

     Energy =  -0.32200 eV, broadening =   0.20000eV
     Writing data to file  /home/ubuntu/projects/Graphene-Band-Structure-Quantum-Espresso/outputs/field_0/vdw-df2-c09/top/data/ldos.pp.dat870

     Calling punch_plot, plot_num =   3

     Energy =  -0.30200 eV, broadening =   0.20000eV
     Writing data to file  /home/ubuntu/projects/Graphene-Band-Structure-Quantum-Espresso/outputs/field_0/vdw-df2-c09/top/data/ldos.pp.dat871

     Calling punch_plot, plot_num =   3

     Energy =  -0.28200 eV, broadening =   0.20000eV
     Writing data to file  /home/ubuntu/projects/Graphene-Band-Structure-Quantum-Espresso/outputs/field_0/vdw-df2-c09/top/data/ldos.pp.dat872

     Calling punch_plot, plot_num =   3

     Energy =  -0.26200 eV, broadening =   0.20000eV
     Writing data to file  /home/ubuntu/projects/Graphene-Band-Structure-Quantum-Espresso/outputs/field_0/vdw-df2-c09/top/data/ldos.pp.dat873

     Calling punch_plot, plot_num =   3

     Energy =  -0.24200 eV, broadening =   0.20000eV
     Writing data to file  /home/ubuntu/projects/Graphene-Band-Structure-Quantum-Espresso/outputs/field_0/vdw-df2-c09/top/data/ldos.pp.dat874

     Calling punch_plot, plot_num =   3

     Energy =  -0.22200 eV, broadening =   0.20000eV
     Writing data to file  /home/ubuntu/projects/Graphene-Band-Structure-Quantum-Espresso/outputs/field_0/vdw-df2-c09/top/data/ldos.pp.dat875

     Calling punch_plot, plot_num =   3

     Energy =  -0.20200 eV, broadening =   0.20000eV
     Writing data to file  /home/ubuntu/projects/Graphene-Band-Structure-Quantum-Espresso/outputs/field_0/vdw-df2-c09/top/data/ldos.pp.dat876

     Calling punch_plot, plot_num =   3

     Energy =  -0.18200 eV, broadening =   0.20000eV
     Writing data to file  /home/ubuntu/projects/Graphene-Band-Structure-Quantum-Espresso/outputs/field_0/vdw-df2-c09/top/data/ldos.pp.dat877

     Calling punch_plot, plot_num =   3

     Energy =  -0.16200 eV, broadening =   0.20000eV
     Writing data to file  /home/ubuntu/projects/Graphene-Band-Structure-Quantum-Espresso/outputs/field_0/vdw-df2-c09/top/data/ldos.pp.dat878

     Calling punch_plot, plot_num =   3

     Energy =  -0.14200 eV, broadening =   0.20000eV
     Writing data to file  /home/ubuntu/projects/Graphene-Band-Structure-Quantum-Espresso/outputs/field_0/vdw-df2-c09/top/data/ldos.pp.dat879

     Calling punch_plot, plot_num =   3

     Energy =  -0.12200 eV, broadening =   0.20000eV
     Writing data to file  /home/ubuntu/projects/Graphene-Band-Structure-Quantum-Espresso/outputs/field_0/vdw-df2-c09/top/data/ldos.pp.dat880

     Calling punch_plot, plot_num =   3

     Energy =  -0.10200 eV, broadening =   0.20000eV
     Writing data to file  /home/ubuntu/projects/Graphene-Band-Structure-Quantum-Espresso/outputs/field_0/vdw-df2-c09/top/data/ldos.pp.dat881

     Calling punch_plot, plot_num =   3

     Energy =  -0.08200 eV, broadening =   0.20000eV
     Writing data to file  /home/ubuntu/projects/Graphene-Band-Structure-Quantum-Espresso/outputs/field_0/vdw-df2-c09/top/data/ldos.pp.dat882

     Calling punch_plot, plot_num =   3

     Energy =  -0.06200 eV, broadening =   0.20000eV
     Writing data to file  /home/ubuntu/projects/Graphene-Band-Structure-Quantum-Espresso/outputs/field_0/vdw-df2-c09/top/data/ldos.pp.dat883

     Calling punch_plot, plot_num =   3

     Energy =  -0.04200 eV, broadening =   0.20000eV
     Writing data to file  /home/ubuntu/projects/Graphene-Band-Structure-Quantum-Espresso/outputs/field_0/vdw-df2-c09/top/data/ldos.pp.dat884

     Calling punch_plot, plot_num =   3

     Energy =  -0.02200 eV, broadening =   0.20000eV
     Writing data to file  /home/ubuntu/projects/Graphene-Band-Structure-Quantum-Espresso/outputs/field_0/vdw-df2-c09/top/data/ldos.pp.dat885

     Calling punch_plot, plot_num =   3

     Energy =  -0.00200 eV, broadening =   0.20000eV
     Writing data to file  /home/ubuntu/projects/Graphene-Band-Structure-Quantum-Espresso/outputs/field_0/vdw-df2-c09/top/data/ldos.pp.dat886

     Calling punch_plot, plot_num =   3

     Energy =   0.01800 eV, broadening =   0.20000eV
     Writing data to file  /home/ubuntu/projects/Graphene-Band-Structure-Quantum-Espresso/outputs/field_0/vdw-df2-c09/top/data/ldos.pp.dat887

     Calling punch_plot, plot_num =   3

     Energy =   0.03800 eV, broadening =   0.20000eV
     Writing data to file  /home/ubuntu/projects/Graphene-Band-Structure-Quantum-Espresso/outputs/field_0/vdw-df2-c09/top/data/ldos.pp.dat888

     Calling punch_plot, plot_num =   3

     Energy =   0.05800 eV, broadening =   0.20000eV
     Writing data to file  /home/ubuntu/projects/Graphene-Band-Structure-Quantum-Espresso/outputs/field_0/vdw-df2-c09/top/data/ldos.pp.dat889

     Calling punch_plot, plot_num =   3

     Energy =   0.07800 eV, broadening =   0.20000eV
     Writing data to file  /home/ubuntu/projects/Graphene-Band-Structure-Quantum-Espresso/outputs/field_0/vdw-df2-c09/top/data/ldos.pp.dat890

     Calling punch_plot, plot_num =   3

     Energy =   0.09800 eV, broadening =   0.20000eV
     Writing data to file  /home/ubuntu/projects/Graphene-Band-Structure-Quantum-Espresso/outputs/field_0/vdw-df2-c09/top/data/ldos.pp.dat891

     Calling punch_plot, plot_num =   3

     Energy =   0.11800 eV, broadening =   0.20000eV
     Writing data to file  /home/ubuntu/projects/Graphene-Band-Structure-Quantum-Espresso/outputs/field_0/vdw-df2-c09/top/data/ldos.pp.dat892

     Calling punch_plot, plot_num =   3

     Energy =   0.13800 eV, broadening =   0.20000eV
     Writing data to file  /home/ubuntu/projects/Graphene-Band-Structure-Quantum-Espresso/outputs/field_0/vdw-df2-c09/top/data/ldos.pp.dat893

     Calling punch_plot, plot_num =   3

     Energy =   0.15800 eV, broadening =   0.20000eV
     Writing data to file  /home/ubuntu/projects/Graphene-Band-Structure-Quantum-Espresso/outputs/field_0/vdw-df2-c09/top/data/ldos.pp.dat894

     Calling punch_plot, plot_num =   3

     Energy =   0.17800 eV, broadening =   0.20000eV
     Writing data to file  /home/ubuntu/projects/Graphene-Band-Structure-Quantum-Espresso/outputs/field_0/vdw-df2-c09/top/data/ldos.pp.dat895

     Calling punch_plot, plot_num =   3

     Energy =   0.19800 eV, broadening =   0.20000eV
     Writing data to file  /home/ubuntu/projects/Graphene-Band-Structure-Quantum-Espresso/outputs/field_0/vdw-df2-c09/top/data/ldos.pp.dat896

     Calling punch_plot, plot_num =   3

     Energy =   0.21800 eV, broadening =   0.20000eV
     Writing data to file  /home/ubuntu/projects/Graphene-Band-Structure-Quantum-Espresso/outputs/field_0/vdw-df2-c09/top/data/ldos.pp.dat897

     Calling punch_plot, plot_num =   3

     Energy =   0.23800 eV, broadening =   0.20000eV
     Writing data to file  /home/ubuntu/projects/Graphene-Band-Structure-Quantum-Espresso/outputs/field_0/vdw-df2-c09/top/data/ldos.pp.dat898

     Calling punch_plot, plot_num =   3

     Energy =   0.25800 eV, broadening =   0.20000eV
     Writing data to file  /home/ubuntu/projects/Graphene-Band-Structure-Quantum-Espresso/outputs/field_0/vdw-df2-c09/top/data/ldos.pp.dat899

     Calling punch_plot, plot_num =   3

     Energy =   0.27800 eV, broadening =   0.20000eV
     Writing data to file  /home/ubuntu/projects/Graphene-Band-Structure-Quantum-Espresso/outputs/field_0/vdw-df2-c09/top/data/ldos.pp.dat900

     Calling punch_plot, plot_num =   3

     Energy =   0.29800 eV, broadening =   0.20000eV
     Writing data to file  /home/ubuntu/projects/Graphene-Band-Structure-Quantum-Espresso/outputs/field_0/vdw-df2-c09/top/data/ldos.pp.dat901

     Calling punch_plot, plot_num =   3

     Energy =   0.31800 eV, broadening =   0.20000eV
     Writing data to file  /home/ubuntu/projects/Graphene-Band-Structure-Quantum-Espresso/outputs/field_0/vdw-df2-c09/top/data/ldos.pp.dat902

     Calling punch_plot, plot_num =   3

     Energy =   0.33800 eV, broadening =   0.20000eV
     Writing data to file  /home/ubuntu/projects/Graphene-Band-Structure-Quantum-Espresso/outputs/field_0/vdw-df2-c09/top/data/ldos.pp.dat903

     Calling punch_plot, plot_num =   3

     Energy =   0.35800 eV, broadening =   0.20000eV
     Writing data to file  /home/ubuntu/projects/Graphene-Band-Structure-Quantum-Espresso/outputs/field_0/vdw-df2-c09/top/data/ldos.pp.dat904

     Calling punch_plot, plot_num =   3

     Energy =   0.37800 eV, broadening =   0.20000eV
     Writing data to file  /home/ubuntu/projects/Graphene-Band-Structure-Quantum-Espresso/outputs/field_0/vdw-df2-c09/top/data/ldos.pp.dat905

     Calling punch_plot, plot_num =   3

     Energy =   0.39800 eV, broadening =   0.20000eV
     Writing data to file  /home/ubuntu/projects/Graphene-Band-Structure-Quantum-Espresso/outputs/field_0/vdw-df2-c09/top/data/ldos.pp.dat906

     Calling punch_plot, plot_num =   3

     Energy =   0.41800 eV, broadening =   0.20000eV
     Writing data to file  /home/ubuntu/projects/Graphene-Band-Structure-Quantum-Espresso/outputs/field_0/vdw-df2-c09/top/data/ldos.pp.dat907

     Calling punch_plot, plot_num =   3

     Energy =   0.43800 eV, broadening =   0.20000eV
     Writing data to file  /home/ubuntu/projects/Graphene-Band-Structure-Quantum-Espresso/outputs/field_0/vdw-df2-c09/top/data/ldos.pp.dat908

     Calling punch_plot, plot_num =   3

     Energy =   0.45800 eV, broadening =   0.20000eV
     Writing data to file  /home/ubuntu/projects/Graphene-Band-Structure-Quantum-Espresso/outputs/field_0/vdw-df2-c09/top/data/ldos.pp.dat909

     Calling punch_plot, plot_num =   3

     Energy =   0.47800 eV, broadening =   0.20000eV
     Writing data to file  /home/ubuntu/projects/Graphene-Band-Structure-Quantum-Espresso/outputs/field_0/vdw-df2-c09/top/data/ldos.pp.dat910

     Calling punch_plot, plot_num =   3

     Energy =   0.49800 eV, broadening =   0.20000eV
     Writing data to file  /home/ubuntu/projects/Graphene-Band-Structure-Quantum-Espresso/outputs/field_0/vdw-df2-c09/top/data/ldos.pp.dat911

     Calling punch_plot, plot_num =   3

     Energy =   0.51800 eV, broadening =   0.20000eV
     Writing data to file  /home/ubuntu/projects/Graphene-Band-Structure-Quantum-Espresso/outputs/field_0/vdw-df2-c09/top/data/ldos.pp.dat912

     Calling punch_plot, plot_num =   3

     Energy =   0.53800 eV, broadening =   0.20000eV
     Writing data to file  /home/ubuntu/projects/Graphene-Band-Structure-Quantum-Espresso/outputs/field_0/vdw-df2-c09/top/data/ldos.pp.dat913

     Calling punch_plot, plot_num =   3

     Energy =   0.55800 eV, broadening =   0.20000eV
     Writing data to file  /home/ubuntu/projects/Graphene-Band-Structure-Quantum-Espresso/outputs/field_0/vdw-df2-c09/top/data/ldos.pp.dat914

     Calling punch_plot, plot_num =   3

     Energy =   0.57800 eV, broadening =   0.20000eV
     Writing data to file  /home/ubuntu/projects/Graphene-Band-Structure-Quantum-Espresso/outputs/field_0/vdw-df2-c09/top/data/ldos.pp.dat915

     Calling punch_plot, plot_num =   3

     Energy =   0.59800 eV, broadening =   0.20000eV
     Writing data to file  /home/ubuntu/projects/Graphene-Band-Structure-Quantum-Espresso/outputs/field_0/vdw-df2-c09/top/data/ldos.pp.dat916

     Calling punch_plot, plot_num =   3

     Energy =   0.61800 eV, broadening =   0.20000eV
     Writing data to file  /home/ubuntu/projects/Graphene-Band-Structure-Quantum-Espresso/outputs/field_0/vdw-df2-c09/top/data/ldos.pp.dat917

     Calling punch_plot, plot_num =   3

     Energy =   0.63800 eV, broadening =   0.20000eV
     Writing data to file  /home/ubuntu/projects/Graphene-Band-Structure-Quantum-Espresso/outputs/field_0/vdw-df2-c09/top/data/ldos.pp.dat918

     Calling punch_plot, plot_num =   3

     Energy =   0.65800 eV, broadening =   0.20000eV
     Writing data to file  /home/ubuntu/projects/Graphene-Band-Structure-Quantum-Espresso/outputs/field_0/vdw-df2-c09/top/data/ldos.pp.dat919

     Calling punch_plot, plot_num =   3

     Energy =   0.67800 eV, broadening =   0.20000eV
     Writing data to file  /home/ubuntu/projects/Graphene-Band-Structure-Quantum-Espresso/outputs/field_0/vdw-df2-c09/top/data/ldos.pp.dat920

     Calling punch_plot, plot_num =   3

     Energy =   0.69800 eV, broadening =   0.20000eV
     Writing data to file  /home/ubuntu/projects/Graphene-Band-Structure-Quantum-Espresso/outputs/field_0/vdw-df2-c09/top/data/ldos.pp.dat921

     Calling punch_plot, plot_num =   3

     Energy =   0.71800 eV, broadening =   0.20000eV
     Writing data to file  /home/ubuntu/projects/Graphene-Band-Structure-Quantum-Espresso/outputs/field_0/vdw-df2-c09/top/data/ldos.pp.dat922

     Calling punch_plot, plot_num =   3

     Energy =   0.73800 eV, broadening =   0.20000eV
     Writing data to file  /home/ubuntu/projects/Graphene-Band-Structure-Quantum-Espresso/outputs/field_0/vdw-df2-c09/top/data/ldos.pp.dat923

     Calling punch_plot, plot_num =   3

     Energy =   0.75800 eV, broadening =   0.20000eV
     Writing data to file  /home/ubuntu/projects/Graphene-Band-Structure-Quantum-Espresso/outputs/field_0/vdw-df2-c09/top/data/ldos.pp.dat924

     Calling punch_plot, plot_num =   3

     Energy =   0.77800 eV, broadening =   0.20000eV
     Writing data to file  /home/ubuntu/projects/Graphene-Band-Structure-Quantum-Espresso/outputs/field_0/vdw-df2-c09/top/data/ldos.pp.dat925

     Calling punch_plot, plot_num =   3

     Energy =   0.79800 eV, broadening =   0.20000eV
     Writing data to file  /home/ubuntu/projects/Graphene-Band-Structure-Quantum-Espresso/outputs/field_0/vdw-df2-c09/top/data/ldos.pp.dat926

     Calling punch_plot, plot_num =   3

     Energy =   0.81800 eV, broadening =   0.20000eV
     Writing data to file  /home/ubuntu/projects/Graphene-Band-Structure-Quantum-Espresso/outputs/field_0/vdw-df2-c09/top/data/ldos.pp.dat927

     Calling punch_plot, plot_num =   3

     Energy =   0.83800 eV, broadening =   0.20000eV
     Writing data to file  /home/ubuntu/projects/Graphene-Band-Structure-Quantum-Espresso/outputs/field_0/vdw-df2-c09/top/data/ldos.pp.dat928

     Calling punch_plot, plot_num =   3

     Energy =   0.85800 eV, broadening =   0.20000eV
     Writing data to file  /home/ubuntu/projects/Graphene-Band-Structure-Quantum-Espresso/outputs/field_0/vdw-df2-c09/top/data/ldos.pp.dat929

     Calling punch_plot, plot_num =   3

     Energy =   0.87800 eV, broadening =   0.20000eV
     Writing data to file  /home/ubuntu/projects/Graphene-Band-Structure-Quantum-Espresso/outputs/field_0/vdw-df2-c09/top/data/ldos.pp.dat930

     Calling punch_plot, plot_num =   3

     Energy =   0.89800 eV, broadening =   0.20000eV
     Writing data to file  /home/ubuntu/projects/Graphene-Band-Structure-Quantum-Espresso/outputs/field_0/vdw-df2-c09/top/data/ldos.pp.dat931

     Calling punch_plot, plot_num =   3

     Energy =   0.91800 eV, broadening =   0.20000eV
     Writing data to file  /home/ubuntu/projects/Graphene-Band-Structure-Quantum-Espresso/outputs/field_0/vdw-df2-c09/top/data/ldos.pp.dat932

     Calling punch_plot, plot_num =   3

     Energy =   0.93800 eV, broadening =   0.20000eV
     Writing data to file  /home/ubuntu/projects/Graphene-Band-Structure-Quantum-Espresso/outputs/field_0/vdw-df2-c09/top/data/ldos.pp.dat933

     Calling punch_plot, plot_num =   3

     Energy =   0.95800 eV, broadening =   0.20000eV
     Writing data to file  /home/ubuntu/projects/Graphene-Band-Structure-Quantum-Espresso/outputs/field_0/vdw-df2-c09/top/data/ldos.pp.dat934

     Calling punch_plot, plot_num =   3

     Energy =   0.97800 eV, broadening =   0.20000eV
     Writing data to file  /home/ubuntu/projects/Graphene-Band-Structure-Quantum-Espresso/outputs/field_0/vdw-df2-c09/top/data/ldos.pp.dat935

     Calling punch_plot, plot_num =   3

     Energy =   0.99800 eV, broadening =   0.20000eV
     Writing data to file  /home/ubuntu/projects/Graphene-Band-Structure-Quantum-Espresso/outputs/field_0/vdw-df2-c09/top/data/ldos.pp.dat936

     Calling punch_plot, plot_num =   3

     Energy =   1.01800 eV, broadening =   0.20000eV
     Writing data to file  /home/ubuntu/projects/Graphene-Band-Structure-Quantum-Espresso/outputs/field_0/vdw-df2-c09/top/data/ldos.pp.dat937

     Calling punch_plot, plot_num =   3

     Energy =   1.03800 eV, broadening =   0.20000eV
     Writing data to file  /home/ubuntu/projects/Graphene-Band-Structure-Quantum-Espresso/outputs/field_0/vdw-df2-c09/top/data/ldos.pp.dat938

     Calling punch_plot, plot_num =   3

     Energy =   1.05800 eV, broadening =   0.20000eV
     Writing data to file  /home/ubuntu/projects/Graphene-Band-Structure-Quantum-Espresso/outputs/field_0/vdw-df2-c09/top/data/ldos.pp.dat939

     Calling punch_plot, plot_num =   3

     Energy =   1.07800 eV, broadening =   0.20000eV
     Writing data to file  /home/ubuntu/projects/Graphene-Band-Structure-Quantum-Espresso/outputs/field_0/vdw-df2-c09/top/data/ldos.pp.dat940

     Calling punch_plot, plot_num =   3

     Energy =   1.09800 eV, broadening =   0.20000eV
     Writing data to file  /home/ubuntu/projects/Graphene-Band-Structure-Quantum-Espresso/outputs/field_0/vdw-df2-c09/top/data/ldos.pp.dat941

     Calling punch_plot, plot_num =   3

     Energy =   1.11800 eV, broadening =   0.20000eV
     Writing data to file  /home/ubuntu/projects/Graphene-Band-Structure-Quantum-Espresso/outputs/field_0/vdw-df2-c09/top/data/ldos.pp.dat942

     Calling punch_plot, plot_num =   3

     Energy =   1.13800 eV, broadening =   0.20000eV
     Writing data to file  /home/ubuntu/projects/Graphene-Band-Structure-Quantum-Espresso/outputs/field_0/vdw-df2-c09/top/data/ldos.pp.dat943

     Calling punch_plot, plot_num =   3

     Energy =   1.15800 eV, broadening =   0.20000eV
     Writing data to file  /home/ubuntu/projects/Graphene-Band-Structure-Quantum-Espresso/outputs/field_0/vdw-df2-c09/top/data/ldos.pp.dat944

     Calling punch_plot, plot_num =   3

     Energy =   1.17800 eV, broadening =   0.20000eV
     Writing data to file  /home/ubuntu/projects/Graphene-Band-Structure-Quantum-Espresso/outputs/field_0/vdw-df2-c09/top/data/ldos.pp.dat945

     Calling punch_plot, plot_num =   3

     Energy =   1.19800 eV, broadening =   0.20000eV
     Writing data to file  /home/ubuntu/projects/Graphene-Band-Structure-Quantum-Espresso/outputs/field_0/vdw-df2-c09/top/data/ldos.pp.dat946

     Calling punch_plot, plot_num =   3

     Energy =   1.21800 eV, broadening =   0.20000eV
     Writing data to file  /home/ubuntu/projects/Graphene-Band-Structure-Quantum-Espresso/outputs/field_0/vdw-df2-c09/top/data/ldos.pp.dat947

     Calling punch_plot, plot_num =   3

     Energy =   1.23800 eV, broadening =   0.20000eV
     Writing data to file  /home/ubuntu/projects/Graphene-Band-Structure-Quantum-Espresso/outputs/field_0/vdw-df2-c09/top/data/ldos.pp.dat948

     Calling punch_plot, plot_num =   3

     Energy =   1.25800 eV, broadening =   0.20000eV
     Writing data to file  /home/ubuntu/projects/Graphene-Band-Structure-Quantum-Espresso/outputs/field_0/vdw-df2-c09/top/data/ldos.pp.dat949

     Calling punch_plot, plot_num =   3

     Energy =   1.27800 eV, broadening =   0.20000eV
     Writing data to file  /home/ubuntu/projects/Graphene-Band-Structure-Quantum-Espresso/outputs/field_0/vdw-df2-c09/top/data/ldos.pp.dat950

     Calling punch_plot, plot_num =   3

     Energy =   1.29800 eV, broadening =   0.20000eV
     Writing data to file  /home/ubuntu/projects/Graphene-Band-Structure-Quantum-Espresso/outputs/field_0/vdw-df2-c09/top/data/ldos.pp.dat951

     Calling punch_plot, plot_num =   3

     Energy =   1.31800 eV, broadening =   0.20000eV
     Writing data to file  /home/ubuntu/projects/Graphene-Band-Structure-Quantum-Espresso/outputs/field_0/vdw-df2-c09/top/data/ldos.pp.dat952

     Calling punch_plot, plot_num =   3

     Energy =   1.33800 eV, broadening =   0.20000eV
     Writing data to file  /home/ubuntu/projects/Graphene-Band-Structure-Quantum-Espresso/outputs/field_0/vdw-df2-c09/top/data/ldos.pp.dat953

     Calling punch_plot, plot_num =   3

     Energy =   1.35800 eV, broadening =   0.20000eV
     Writing data to file  /home/ubuntu/projects/Graphene-Band-Structure-Quantum-Espresso/outputs/field_0/vdw-df2-c09/top/data/ldos.pp.dat954

     Calling punch_plot, plot_num =   3

     Energy =   1.37800 eV, broadening =   0.20000eV
     Writing data to file  /home/ubuntu/projects/Graphene-Band-Structure-Quantum-Espresso/outputs/field_0/vdw-df2-c09/top/data/ldos.pp.dat955

     Calling punch_plot, plot_num =   3

     Energy =   1.39800 eV, broadening =   0.20000eV
     Writing data to file  /home/ubuntu/projects/Graphene-Band-Structure-Quantum-Espresso/outputs/field_0/vdw-df2-c09/top/data/ldos.pp.dat956

     Calling punch_plot, plot_num =   3

     Energy =   1.41800 eV, broadening =   0.20000eV
     Writing data to file  /home/ubuntu/projects/Graphene-Band-Structure-Quantum-Espresso/outputs/field_0/vdw-df2-c09/top/data/ldos.pp.dat957

     Calling punch_plot, plot_num =   3

     Energy =   1.43800 eV, broadening =   0.20000eV
     Writing data to file  /home/ubuntu/projects/Graphene-Band-Structure-Quantum-Espresso/outputs/field_0/vdw-df2-c09/top/data/ldos.pp.dat958

     Calling punch_plot, plot_num =   3

     Energy =   1.45800 eV, broadening =   0.20000eV
     Writing data to file  /home/ubuntu/projects/Graphene-Band-Structure-Quantum-Espresso/outputs/field_0/vdw-df2-c09/top/data/ldos.pp.dat959

     Calling punch_plot, plot_num =   3

     Energy =   1.47800 eV, broadening =   0.20000eV
     Writing data to file  /home/ubuntu/projects/Graphene-Band-Structure-Quantum-Espresso/outputs/field_0/vdw-df2-c09/top/data/ldos.pp.dat960

     Calling punch_plot, plot_num =   3

     Energy =   1.49800 eV, broadening =   0.20000eV
     Writing data to file  /home/ubuntu/projects/Graphene-Band-Structure-Quantum-Espresso/outputs/field_0/vdw-df2-c09/top/data/ldos.pp.dat961

     Calling punch_plot, plot_num =   3

     Energy =   1.51800 eV, broadening =   0.20000eV
     Writing data to file  /home/ubuntu/projects/Graphene-Band-Structure-Quantum-Espresso/outputs/field_0/vdw-df2-c09/top/data/ldos.pp.dat962

     Calling punch_plot, plot_num =   3

     Energy =   1.53800 eV, broadening =   0.20000eV
     Writing data to file  /home/ubuntu/projects/Graphene-Band-Structure-Quantum-Espresso/outputs/field_0/vdw-df2-c09/top/data/ldos.pp.dat963

     Calling punch_plot, plot_num =   3

     Energy =   1.55800 eV, broadening =   0.20000eV
     Writing data to file  /home/ubuntu/projects/Graphene-Band-Structure-Quantum-Espresso/outputs/field_0/vdw-df2-c09/top/data/ldos.pp.dat964

     Calling punch_plot, plot_num =   3

     Energy =   1.57800 eV, broadening =   0.20000eV
     Writing data to file  /home/ubuntu/projects/Graphene-Band-Structure-Quantum-Espresso/outputs/field_0/vdw-df2-c09/top/data/ldos.pp.dat965

     Calling punch_plot, plot_num =   3

     Energy =   1.59800 eV, broadening =   0.20000eV
     Writing data to file  /home/ubuntu/projects/Graphene-Band-Structure-Quantum-Espresso/outputs/field_0/vdw-df2-c09/top/data/ldos.pp.dat966

     Calling punch_plot, plot_num =   3

     Energy =   1.61800 eV, broadening =   0.20000eV
     Writing data to file  /home/ubuntu/projects/Graphene-Band-Structure-Quantum-Espresso/outputs/field_0/vdw-df2-c09/top/data/ldos.pp.dat967

     Calling punch_plot, plot_num =   3

     Energy =   1.63800 eV, broadening =   0.20000eV
     Writing data to file  /home/ubuntu/projects/Graphene-Band-Structure-Quantum-Espresso/outputs/field_0/vdw-df2-c09/top/data/ldos.pp.dat968

     Calling punch_plot, plot_num =   3

     Energy =   1.65800 eV, broadening =   0.20000eV
     Writing data to file  /home/ubuntu/projects/Graphene-Band-Structure-Quantum-Espresso/outputs/field_0/vdw-df2-c09/top/data/ldos.pp.dat969

     Calling punch_plot, plot_num =   3

     Energy =   1.67800 eV, broadening =   0.20000eV
     Writing data to file  /home/ubuntu/projects/Graphene-Band-Structure-Quantum-Espresso/outputs/field_0/vdw-df2-c09/top/data/ldos.pp.dat970

     Calling punch_plot, plot_num =   3

     Energy =   1.69800 eV, broadening =   0.20000eV
     Writing data to file  /home/ubuntu/projects/Graphene-Band-Structure-Quantum-Espresso/outputs/field_0/vdw-df2-c09/top/data/ldos.pp.dat971

     Calling punch_plot, plot_num =   3

     Energy =   1.71800 eV, broadening =   0.20000eV
     Writing data to file  /home/ubuntu/projects/Graphene-Band-Structure-Quantum-Espresso/outputs/field_0/vdw-df2-c09/top/data/ldos.pp.dat972

     Calling punch_plot, plot_num =   3

     Energy =   1.73800 eV, broadening =   0.20000eV
     Writing data to file  /home/ubuntu/projects/Graphene-Band-Structure-Quantum-Espresso/outputs/field_0/vdw-df2-c09/top/data/ldos.pp.dat973

     Calling punch_plot, plot_num =   3

     Energy =   1.75800 eV, broadening =   0.20000eV
     Writing data to file  /home/ubuntu/projects/Graphene-Band-Structure-Quantum-Espresso/outputs/field_0/vdw-df2-c09/top/data/ldos.pp.dat974

     Calling punch_plot, plot_num =   3

     Energy =   1.77800 eV, broadening =   0.20000eV
     Writing data to file  /home/ubuntu/projects/Graphene-Band-Structure-Quantum-Espresso/outputs/field_0/vdw-df2-c09/top/data/ldos.pp.dat975

     Calling punch_plot, plot_num =   3

     Energy =   1.79800 eV, broadening =   0.20000eV
     Writing data to file  /home/ubuntu/projects/Graphene-Band-Structure-Quantum-Espresso/outputs/field_0/vdw-df2-c09/top/data/ldos.pp.dat976

     Calling punch_plot, plot_num =   3

     Energy =   1.81800 eV, broadening =   0.20000eV
     Writing data to file  /home/ubuntu/projects/Graphene-Band-Structure-Quantum-Espresso/outputs/field_0/vdw-df2-c09/top/data/ldos.pp.dat977

     Calling punch_plot, plot_num =   3

     Energy =   1.83800 eV, broadening =   0.20000eV
     Writing data to file  /home/ubuntu/projects/Graphene-Band-Structure-Quantum-Espresso/outputs/field_0/vdw-df2-c09/top/data/ldos.pp.dat978

     Calling punch_plot, plot_num =   3

     Energy =   1.85800 eV, broadening =   0.20000eV
     Writing data to file  /home/ubuntu/projects/Graphene-Band-Structure-Quantum-Espresso/outputs/field_0/vdw-df2-c09/top/data/ldos.pp.dat979

     Calling punch_plot, plot_num =   3

     Energy =   1.87800 eV, broadening =   0.20000eV
     Writing data to file  /home/ubuntu/projects/Graphene-Band-Structure-Quantum-Espresso/outputs/field_0/vdw-df2-c09/top/data/ldos.pp.dat980

     Calling punch_plot, plot_num =   3

     Energy =   1.89800 eV, broadening =   0.20000eV
     Writing data to file  /home/ubuntu/projects/Graphene-Band-Structure-Quantum-Espresso/outputs/field_0/vdw-df2-c09/top/data/ldos.pp.dat981

     Calling punch_plot, plot_num =   3

     Energy =   1.91800 eV, broadening =   0.20000eV
     Writing data to file  /home/ubuntu/projects/Graphene-Band-Structure-Quantum-Espresso/outputs/field_0/vdw-df2-c09/top/data/ldos.pp.dat982

     Calling punch_plot, plot_num =   3

     Energy =   1.93800 eV, broadening =   0.20000eV
     Writing data to file  /home/ubuntu/projects/Graphene-Band-Structure-Quantum-Espresso/outputs/field_0/vdw-df2-c09/top/data/ldos.pp.dat983

     Calling punch_plot, plot_num =   3

     Energy =   1.95800 eV, broadening =   0.20000eV
     Writing data to file  /home/ubuntu/projects/Graphene-Band-Structure-Quantum-Espresso/outputs/field_0/vdw-df2-c09/top/data/ldos.pp.dat984

     Calling punch_plot, plot_num =   3

     Energy =   1.97800 eV, broadening =   0.20000eV
     Writing data to file  /home/ubuntu/projects/Graphene-Band-Structure-Quantum-Espresso/outputs/field_0/vdw-df2-c09/top/data/ldos.pp.dat985

     Calling punch_plot, plot_num =   3

     Energy =   1.99800 eV, broadening =   0.20000eV
     Writing data to file  /home/ubuntu/projects/Graphene-Band-Structure-Quantum-Espresso/outputs/field_0/vdw-df2-c09/top/data/ldos.pp.dat986

     Calling punch_plot, plot_num =   3

     Energy =   2.01800 eV, broadening =   0.20000eV
     Writing data to file  /home/ubuntu/projects/Graphene-Band-Structure-Quantum-Espresso/outputs/field_0/vdw-df2-c09/top/data/ldos.pp.dat987

     Calling punch_plot, plot_num =   3

     Energy =   2.03800 eV, broadening =   0.20000eV
     Writing data to file  /home/ubuntu/projects/Graphene-Band-Structure-Quantum-Espresso/outputs/field_0/vdw-df2-c09/top/data/ldos.pp.dat988

     Calling punch_plot, plot_num =   3

     Energy =   2.05800 eV, broadening =   0.20000eV
     Writing data to file  /home/ubuntu/projects/Graphene-Band-Structure-Quantum-Espresso/outputs/field_0/vdw-df2-c09/top/data/ldos.pp.dat989

     Calling punch_plot, plot_num =   3

     Energy =   2.07800 eV, broadening =   0.20000eV
     Writing data to file  /home/ubuntu/projects/Graphene-Band-Structure-Quantum-Espresso/outputs/field_0/vdw-df2-c09/top/data/ldos.pp.dat990

     Calling punch_plot, plot_num =   3

     Energy =   2.09800 eV, broadening =   0.20000eV
     Writing data to file  /home/ubuntu/projects/Graphene-Band-Structure-Quantum-Espresso/outputs/field_0/vdw-df2-c09/top/data/ldos.pp.dat991

     Calling punch_plot, plot_num =   3

     Energy =   2.11800 eV, broadening =   0.20000eV
     Writing data to file  /home/ubuntu/projects/Graphene-Band-Structure-Quantum-Espresso/outputs/field_0/vdw-df2-c09/top/data/ldos.pp.dat992

     Calling punch_plot, plot_num =   3

     Energy =   2.13800 eV, broadening =   0.20000eV
     Writing data to file  /home/ubuntu/projects/Graphene-Band-Structure-Quantum-Espresso/outputs/field_0/vdw-df2-c09/top/data/ldos.pp.dat993

     Calling punch_plot, plot_num =   3

     Energy =   2.15800 eV, broadening =   0.20000eV
     Writing data to file  /home/ubuntu/projects/Graphene-Band-Structure-Quantum-Espresso/outputs/field_0/vdw-df2-c09/top/data/ldos.pp.dat994

     Calling punch_plot, plot_num =   3

     Energy =   2.17800 eV, broadening =   0.20000eV
     Writing data to file  /home/ubuntu/projects/Graphene-Band-Structure-Quantum-Espresso/outputs/field_0/vdw-df2-c09/top/data/ldos.pp.dat995

     Calling punch_plot, plot_num =   3

     Energy =   2.19800 eV, broadening =   0.20000eV
     Writing data to file  /home/ubuntu/projects/Graphene-Band-Structure-Quantum-Espresso/outputs/field_0/vdw-df2-c09/top/data/ldos.pp.dat996

     Calling punch_plot, plot_num =   3

     Energy =   2.21800 eV, broadening =   0.20000eV
     Writing data to file  /home/ubuntu/projects/Graphene-Band-Structure-Quantum-Espresso/outputs/field_0/vdw-df2-c09/top/data/ldos.pp.dat997

     Calling punch_plot, plot_num =   3

     Energy =   2.23800 eV, broadening =   0.20000eV
     Writing data to file  /home/ubuntu/projects/Graphene-Band-Structure-Quantum-Espresso/outputs/field_0/vdw-df2-c09/top/data/ldos.pp.dat998

     Calling punch_plot, plot_num =   3

     Energy =   2.25800 eV, broadening =   0.20000eV
     Writing data to file  /home/ubuntu/projects/Graphene-Band-Structure-Quantum-Espresso/outputs/field_0/vdw-df2-c09/top/data/ldos.pp.dat999

     Calling punch_plot, plot_num =   3

     Energy =   2.27800 eV, broadening =   0.20000eV
     Writing data to file  /home/ubuntu/projects/Graphene-Band-Structure-Quantum-Espresso/outputs/field_0/vdw-df2-c09/top/data/ldos.pp.dat1000

     Calling punch_plot, plot_num =   3

     Energy =   2.29800 eV, broadening =   0.20000eV
     Writing data to file  /home/ubuntu/projects/Graphene-Band-Structure-Quantum-Espresso/outputs/field_0/vdw-df2-c09/top/data/ldos.pp.dat1001

     Calling punch_plot, plot_num =   3

     Energy =   2.31800 eV, broadening =   0.20000eV
     Writing data to file  /home/ubuntu/projects/Graphene-Band-Structure-Quantum-Espresso/outputs/field_0/vdw-df2-c09/top/data/ldos.pp.dat1002

     Calling punch_plot, plot_num =   3

     Energy =   2.33800 eV, broadening =   0.20000eV
     Writing data to file  /home/ubuntu/projects/Graphene-Band-Structure-Quantum-Espresso/outputs/field_0/vdw-df2-c09/top/data/ldos.pp.dat1003

     Calling punch_plot, plot_num =   3

     Energy =   2.35800 eV, broadening =   0.20000eV
     Writing data to file  /home/ubuntu/projects/Graphene-Band-Structure-Quantum-Espresso/outputs/field_0/vdw-df2-c09/top/data/ldos.pp.dat1004

     Calling punch_plot, plot_num =   3

     Energy =   2.37800 eV, broadening =   0.20000eV
     Writing data to file  /home/ubuntu/projects/Graphene-Band-Structure-Quantum-Espresso/outputs/field_0/vdw-df2-c09/top/data/ldos.pp.dat1005

     Calling punch_plot, plot_num =   3

     Energy =   2.39800 eV, broadening =   0.20000eV
     Writing data to file  /home/ubuntu/projects/Graphene-Band-Structure-Quantum-Espresso/outputs/field_0/vdw-df2-c09/top/data/ldos.pp.dat1006

     Calling punch_plot, plot_num =   3

     Energy =   2.41800 eV, broadening =   0.20000eV
     Writing data to file  /home/ubuntu/projects/Graphene-Band-Structure-Quantum-Espresso/outputs/field_0/vdw-df2-c09/top/data/ldos.pp.dat1007

     Calling punch_plot, plot_num =   3

     Energy =   2.43800 eV, broadening =   0.20000eV
     Writing data to file  /home/ubuntu/projects/Graphene-Band-Structure-Quantum-Espresso/outputs/field_0/vdw-df2-c09/top/data/ldos.pp.dat1008

     Calling punch_plot, plot_num =   3

     Energy =   2.45800 eV, broadening =   0.20000eV
     Writing data to file  /home/ubuntu/projects/Graphene-Band-Structure-Quantum-Espresso/outputs/field_0/vdw-df2-c09/top/data/ldos.pp.dat1009

     Calling punch_plot, plot_num =   3

     Energy =   2.47800 eV, broadening =   0.20000eV
     Writing data to file  /home/ubuntu/projects/Graphene-Band-Structure-Quantum-Espresso/outputs/field_0/vdw-df2-c09/top/data/ldos.pp.dat1010

     Calling punch_plot, plot_num =   3

     Energy =   2.49800 eV, broadening =   0.20000eV
     Writing data to file  /home/ubuntu/projects/Graphene-Band-Structure-Quantum-Espresso/outputs/field_0/vdw-df2-c09/top/data/ldos.pp.dat1011

     Calling punch_plot, plot_num =   3

     Energy =   2.51800 eV, broadening =   0.20000eV
     Writing data to file  /home/ubuntu/projects/Graphene-Band-Structure-Quantum-Espresso/outputs/field_0/vdw-df2-c09/top/data/ldos.pp.dat1012

     Calling punch_plot, plot_num =   3

     Energy =   2.53800 eV, broadening =   0.20000eV
     Writing data to file  /home/ubuntu/projects/Graphene-Band-Structure-Quantum-Espresso/outputs/field_0/vdw-df2-c09/top/data/ldos.pp.dat1013

     Calling punch_plot, plot_num =   3

     Energy =   2.55800 eV, broadening =   0.20000eV
     Writing data to file  /home/ubuntu/projects/Graphene-Band-Structure-Quantum-Espresso/outputs/field_0/vdw-df2-c09/top/data/ldos.pp.dat1014

     Calling punch_plot, plot_num =   3

     Energy =   2.57800 eV, broadening =   0.20000eV
     Writing data to file  /home/ubuntu/projects/Graphene-Band-Structure-Quantum-Espresso/outputs/field_0/vdw-df2-c09/top/data/ldos.pp.dat1015

     Calling punch_plot, plot_num =   3

     Energy =   2.59800 eV, broadening =   0.20000eV
     Writing data to file  /home/ubuntu/projects/Graphene-Band-Structure-Quantum-Espresso/outputs/field_0/vdw-df2-c09/top/data/ldos.pp.dat1016

     Calling punch_plot, plot_num =   3

     Energy =   2.61800 eV, broadening =   0.20000eV
     Writing data to file  /home/ubuntu/projects/Graphene-Band-Structure-Quantum-Espresso/outputs/field_0/vdw-df2-c09/top/data/ldos.pp.dat1017

     Calling punch_plot, plot_num =   3

     Energy =   2.63800 eV, broadening =   0.20000eV
     Writing data to file  /home/ubuntu/projects/Graphene-Band-Structure-Quantum-Espresso/outputs/field_0/vdw-df2-c09/top/data/ldos.pp.dat1018

     Calling punch_plot, plot_num =   3

     Energy =   2.65800 eV, broadening =   0.20000eV
     Writing data to file  /home/ubuntu/projects/Graphene-Band-Structure-Quantum-Espresso/outputs/field_0/vdw-df2-c09/top/data/ldos.pp.dat1019

     Calling punch_plot, plot_num =   3

     Energy =   2.67800 eV, broadening =   0.20000eV
     Writing data to file  /home/ubuntu/projects/Graphene-Band-Structure-Quantum-Espresso/outputs/field_0/vdw-df2-c09/top/data/ldos.pp.dat1020

     Calling punch_plot, plot_num =   3

     Energy =   2.69800 eV, broadening =   0.20000eV
     Writing data to file  /home/ubuntu/projects/Graphene-Band-Structure-Quantum-Espresso/outputs/field_0/vdw-df2-c09/top/data/ldos.pp.dat1021

     Calling punch_plot, plot_num =   3

     Energy =   2.71800 eV, broadening =   0.20000eV
     Writing data to file  /home/ubuntu/projects/Graphene-Band-Structure-Quantum-Espresso/outputs/field_0/vdw-df2-c09/top/data/ldos.pp.dat1022

     Calling punch_plot, plot_num =   3

     Energy =   2.73800 eV, broadening =   0.20000eV
     Writing data to file  /home/ubuntu/projects/Graphene-Band-Structure-Quantum-Espresso/outputs/field_0/vdw-df2-c09/top/data/ldos.pp.dat1023

     Calling punch_plot, plot_num =   3

     Energy =   2.75800 eV, broadening =   0.20000eV
     Writing data to file  /home/ubuntu/projects/Graphene-Band-Structure-Quantum-Espresso/outputs/field_0/vdw-df2-c09/top/data/ldos.pp.dat1024

     Calling punch_plot, plot_num =   3

     Energy =   2.77800 eV, broadening =   0.20000eV
     Writing data to file  /home/ubuntu/projects/Graphene-Band-Structure-Quantum-Espresso/outputs/field_0/vdw-df2-c09/top/data/ldos.pp.dat1025

     Calling punch_plot, plot_num =   3

     Energy =   2.79800 eV, broadening =   0.20000eV
     Writing data to file  /home/ubuntu/projects/Graphene-Band-Structure-Quantum-Espresso/outputs/field_0/vdw-df2-c09/top/data/ldos.pp.dat1026

     Calling punch_plot, plot_num =   3

     Energy =   2.81800 eV, broadening =   0.20000eV
     Writing data to file  /home/ubuntu/projects/Graphene-Band-Structure-Quantum-Espresso/outputs/field_0/vdw-df2-c09/top/data/ldos.pp.dat1027

     Calling punch_plot, plot_num =   3

     Energy =   2.83800 eV, broadening =   0.20000eV
     Writing data to file  /home/ubuntu/projects/Graphene-Band-Structure-Quantum-Espresso/outputs/field_0/vdw-df2-c09/top/data/ldos.pp.dat1028

     Calling punch_plot, plot_num =   3

     Energy =   2.85800 eV, broadening =   0.20000eV
     Writing data to file  /home/ubuntu/projects/Graphene-Band-Structure-Quantum-Espresso/outputs/field_0/vdw-df2-c09/top/data/ldos.pp.dat1029

     Calling punch_plot, plot_num =   3

     Energy =   2.87800 eV, broadening =   0.20000eV
     Writing data to file  /home/ubuntu/projects/Graphene-Band-Structure-Quantum-Espresso/outputs/field_0/vdw-df2-c09/top/data/ldos.pp.dat1030

     Calling punch_plot, plot_num =   3

     Energy =   2.89800 eV, broadening =   0.20000eV
     Writing data to file  /home/ubuntu/projects/Graphene-Band-Structure-Quantum-Espresso/outputs/field_0/vdw-df2-c09/top/data/ldos.pp.dat1031

     Calling punch_plot, plot_num =   3

     Energy =   2.91800 eV, broadening =   0.20000eV
     Writing data to file  /home/ubuntu/projects/Graphene-Band-Structure-Quantum-Espresso/outputs/field_0/vdw-df2-c09/top/data/ldos.pp.dat1032

     Calling punch_plot, plot_num =   3

     Energy =   2.93800 eV, broadening =   0.20000eV
     Writing data to file  /home/ubuntu/projects/Graphene-Band-Structure-Quantum-Espresso/outputs/field_0/vdw-df2-c09/top/data/ldos.pp.dat1033

     Calling punch_plot, plot_num =   3

     Energy =   2.95800 eV, broadening =   0.20000eV
     Writing data to file  /home/ubuntu/projects/Graphene-Band-Structure-Quantum-Espresso/outputs/field_0/vdw-df2-c09/top/data/ldos.pp.dat1034

     Calling punch_plot, plot_num =   3

     Energy =   2.97800 eV, broadening =   0.20000eV
     Writing data to file  /home/ubuntu/projects/Graphene-Band-Structure-Quantum-Espresso/outputs/field_0/vdw-df2-c09/top/data/ldos.pp.dat1035

     Calling punch_plot, plot_num =   3

     Energy =   2.99800 eV, broadening =   0.20000eV
     Writing data to file  /home/ubuntu/projects/Graphene-Band-Structure-Quantum-Espresso/outputs/field_0/vdw-df2-c09/top/data/ldos.pp.dat1036

     Calling punch_plot, plot_num =   3

     Energy =   3.01800 eV, broadening =   0.20000eV
     Writing data to file  /home/ubuntu/projects/Graphene-Band-Structure-Quantum-Espresso/outputs/field_0/vdw-df2-c09/top/data/ldos.pp.dat1037

     Calling punch_plot, plot_num =   3

     Energy =   3.03800 eV, broadening =   0.20000eV
     Writing data to file  /home/ubuntu/projects/Graphene-Band-Structure-Quantum-Espresso/outputs/field_0/vdw-df2-c09/top/data/ldos.pp.dat1038

     Calling punch_plot, plot_num =   3

     Energy =   3.05800 eV, broadening =   0.20000eV
     Writing data to file  /home/ubuntu/projects/Graphene-Band-Structure-Quantum-Espresso/outputs/field_0/vdw-df2-c09/top/data/ldos.pp.dat1039

     Calling punch_plot, plot_num =   3

     Energy =   3.07800 eV, broadening =   0.20000eV
     Writing data to file  /home/ubuntu/projects/Graphene-Band-Structure-Quantum-Espresso/outputs/field_0/vdw-df2-c09/top/data/ldos.pp.dat1040

     Calling punch_plot, plot_num =   3

     Energy =   3.09800 eV, broadening =   0.20000eV
     Writing data to file  /home/ubuntu/projects/Graphene-Band-Structure-Quantum-Espresso/outputs/field_0/vdw-df2-c09/top/data/ldos.pp.dat1041

     Calling punch_plot, plot_num =   3

     Energy =   3.11800 eV, broadening =   0.20000eV
     Writing data to file  /home/ubuntu/projects/Graphene-Band-Structure-Quantum-Espresso/outputs/field_0/vdw-df2-c09/top/data/ldos.pp.dat1042

     Calling punch_plot, plot_num =   3

     Energy =   3.13800 eV, broadening =   0.20000eV
     Writing data to file  /home/ubuntu/projects/Graphene-Band-Structure-Quantum-Espresso/outputs/field_0/vdw-df2-c09/top/data/ldos.pp.dat1043

     Calling punch_plot, plot_num =   3

     Energy =   3.15800 eV, broadening =   0.20000eV
     Writing data to file  /home/ubuntu/projects/Graphene-Band-Structure-Quantum-Espresso/outputs/field_0/vdw-df2-c09/top/data/ldos.pp.dat1044

     Calling punch_plot, plot_num =   3

     Energy =   3.17800 eV, broadening =   0.20000eV
     Writing data to file  /home/ubuntu/projects/Graphene-Band-Structure-Quantum-Espresso/outputs/field_0/vdw-df2-c09/top/data/ldos.pp.dat1045

     Calling punch_plot, plot_num =   3

     Energy =   3.19800 eV, broadening =   0.20000eV
     Writing data to file  /home/ubuntu/projects/Graphene-Band-Structure-Quantum-Espresso/outputs/field_0/vdw-df2-c09/top/data/ldos.pp.dat1046

     Calling punch_plot, plot_num =   3

     Energy =   3.21800 eV, broadening =   0.20000eV
     Writing data to file  /home/ubuntu/projects/Graphene-Band-Structure-Quantum-Espresso/outputs/field_0/vdw-df2-c09/top/data/ldos.pp.dat1047

     Calling punch_plot, plot_num =   3

     Energy =   3.23800 eV, broadening =   0.20000eV
     Writing data to file  /home/ubuntu/projects/Graphene-Band-Structure-Quantum-Espresso/outputs/field_0/vdw-df2-c09/top/data/ldos.pp.dat1048

     Calling punch_plot, plot_num =   3

     Energy =   3.25800 eV, broadening =   0.20000eV
     Writing data to file  /home/ubuntu/projects/Graphene-Band-Structure-Quantum-Espresso/outputs/field_0/vdw-df2-c09/top/data/ldos.pp.dat1049

     Calling punch_plot, plot_num =   3

     Energy =   3.27800 eV, broadening =   0.20000eV
     Writing data to file  /home/ubuntu/projects/Graphene-Band-Structure-Quantum-Espresso/outputs/field_0/vdw-df2-c09/top/data/ldos.pp.dat1050

     Calling punch_plot, plot_num =   3

     Energy =   3.29800 eV, broadening =   0.20000eV
     Writing data to file  /home/ubuntu/projects/Graphene-Band-Structure-Quantum-Espresso/outputs/field_0/vdw-df2-c09/top/data/ldos.pp.dat1051

     Calling punch_plot, plot_num =   3

     Energy =   3.31800 eV, broadening =   0.20000eV
     Writing data to file  /home/ubuntu/projects/Graphene-Band-Structure-Quantum-Espresso/outputs/field_0/vdw-df2-c09/top/data/ldos.pp.dat1052

     Calling punch_plot, plot_num =   3

     Energy =   3.33800 eV, broadening =   0.20000eV
     Writing data to file  /home/ubuntu/projects/Graphene-Band-Structure-Quantum-Espresso/outputs/field_0/vdw-df2-c09/top/data/ldos.pp.dat1053

     Calling punch_plot, plot_num =   3

     Energy =   3.35800 eV, broadening =   0.20000eV
     Writing data to file  /home/ubuntu/projects/Graphene-Band-Structure-Quantum-Espresso/outputs/field_0/vdw-df2-c09/top/data/ldos.pp.dat1054

     Calling punch_plot, plot_num =   3

     Energy =   3.37800 eV, broadening =   0.20000eV
     Writing data to file  /home/ubuntu/projects/Graphene-Band-Structure-Quantum-Espresso/outputs/field_0/vdw-df2-c09/top/data/ldos.pp.dat1055

     Calling punch_plot, plot_num =   3

     Energy =   3.39800 eV, broadening =   0.20000eV
     Writing data to file  /home/ubuntu/projects/Graphene-Band-Structure-Quantum-Espresso/outputs/field_0/vdw-df2-c09/top/data/ldos.pp.dat1056

     Calling punch_plot, plot_num =   3

     Energy =   3.41800 eV, broadening =   0.20000eV
     Writing data to file  /home/ubuntu/projects/Graphene-Band-Structure-Quantum-Espresso/outputs/field_0/vdw-df2-c09/top/data/ldos.pp.dat1057

     Calling punch_plot, plot_num =   3

     Energy =   3.43800 eV, broadening =   0.20000eV
     Writing data to file  /home/ubuntu/projects/Graphene-Band-Structure-Quantum-Espresso/outputs/field_0/vdw-df2-c09/top/data/ldos.pp.dat1058

     Calling punch_plot, plot_num =   3

     Energy =   3.45800 eV, broadening =   0.20000eV
     Writing data to file  /home/ubuntu/projects/Graphene-Band-Structure-Quantum-Espresso/outputs/field_0/vdw-df2-c09/top/data/ldos.pp.dat1059

     Calling punch_plot, plot_num =   3

     Energy =   3.47800 eV, broadening =   0.20000eV
     Writing data to file  /home/ubuntu/projects/Graphene-Band-Structure-Quantum-Espresso/outputs/field_0/vdw-df2-c09/top/data/ldos.pp.dat1060

     Calling punch_plot, plot_num =   3

     Energy =   3.49800 eV, broadening =   0.20000eV
     Writing data to file  /home/ubuntu/projects/Graphene-Band-Structure-Quantum-Espresso/outputs/field_0/vdw-df2-c09/top/data/ldos.pp.dat1061

     Calling punch_plot, plot_num =   3

     Energy =   3.51800 eV, broadening =   0.20000eV
     Writing data to file  /home/ubuntu/projects/Graphene-Band-Structure-Quantum-Espresso/outputs/field_0/vdw-df2-c09/top/data/ldos.pp.dat1062

     Calling punch_plot, plot_num =   3

     Energy =   3.53800 eV, broadening =   0.20000eV
     Writing data to file  /home/ubuntu/projects/Graphene-Band-Structure-Quantum-Espresso/outputs/field_0/vdw-df2-c09/top/data/ldos.pp.dat1063

     Calling punch_plot, plot_num =   3

     Energy =   3.55800 eV, broadening =   0.20000eV
     Writing data to file  /home/ubuntu/projects/Graphene-Band-Structure-Quantum-Espresso/outputs/field_0/vdw-df2-c09/top/data/ldos.pp.dat1064

     Calling punch_plot, plot_num =   3

     Energy =   3.57800 eV, broadening =   0.20000eV
     Writing data to file  /home/ubuntu/projects/Graphene-Band-Structure-Quantum-Espresso/outputs/field_0/vdw-df2-c09/top/data/ldos.pp.dat1065

     Calling punch_plot, plot_num =   3

     Energy =   3.59800 eV, broadening =   0.20000eV
     Writing data to file  /home/ubuntu/projects/Graphene-Band-Structure-Quantum-Espresso/outputs/field_0/vdw-df2-c09/top/data/ldos.pp.dat1066

     Calling punch_plot, plot_num =   3

     Energy =   3.61800 eV, broadening =   0.20000eV
     Writing data to file  /home/ubuntu/projects/Graphene-Band-Structure-Quantum-Espresso/outputs/field_0/vdw-df2-c09/top/data/ldos.pp.dat1067

     Calling punch_plot, plot_num =   3

     Energy =   3.63800 eV, broadening =   0.20000eV
     Writing data to file  /home/ubuntu/projects/Graphene-Band-Structure-Quantum-Espresso/outputs/field_0/vdw-df2-c09/top/data/ldos.pp.dat1068

     Calling punch_plot, plot_num =   3

     Energy =   3.65800 eV, broadening =   0.20000eV
     Writing data to file  /home/ubuntu/projects/Graphene-Band-Structure-Quantum-Espresso/outputs/field_0/vdw-df2-c09/top/data/ldos.pp.dat1069

     Calling punch_plot, plot_num =   3

     Energy =   3.67800 eV, broadening =   0.20000eV
     Writing data to file  /home/ubuntu/projects/Graphene-Band-Structure-Quantum-Espresso/outputs/field_0/vdw-df2-c09/top/data/ldos.pp.dat1070

     Calling punch_plot, plot_num =   3

     Energy =   3.69800 eV, broadening =   0.20000eV
     Writing data to file  /home/ubuntu/projects/Graphene-Band-Structure-Quantum-Espresso/outputs/field_0/vdw-df2-c09/top/data/ldos.pp.dat1071

     Calling punch_plot, plot_num =   3

     Energy =   3.71800 eV, broadening =   0.20000eV
     Writing data to file  /home/ubuntu/projects/Graphene-Band-Structure-Quantum-Espresso/outputs/field_0/vdw-df2-c09/top/data/ldos.pp.dat1072

     Calling punch_plot, plot_num =   3

     Energy =   3.73800 eV, broadening =   0.20000eV
     Writing data to file  /home/ubuntu/projects/Graphene-Band-Structure-Quantum-Espresso/outputs/field_0/vdw-df2-c09/top/data/ldos.pp.dat1073

     Calling punch_plot, plot_num =   3

     Energy =   3.75800 eV, broadening =   0.20000eV
     Writing data to file  /home/ubuntu/projects/Graphene-Band-Structure-Quantum-Espresso/outputs/field_0/vdw-df2-c09/top/data/ldos.pp.dat1074

     Calling punch_plot, plot_num =   3

     Energy =   3.77800 eV, broadening =   0.20000eV
     Writing data to file  /home/ubuntu/projects/Graphene-Band-Structure-Quantum-Espresso/outputs/field_0/vdw-df2-c09/top/data/ldos.pp.dat1075

     Calling punch_plot, plot_num =   3

     Energy =   3.79800 eV, broadening =   0.20000eV
     Writing data to file  /home/ubuntu/projects/Graphene-Band-Structure-Quantum-Espresso/outputs/field_0/vdw-df2-c09/top/data/ldos.pp.dat1076

     Calling punch_plot, plot_num =   3

     Energy =   3.81800 eV, broadening =   0.20000eV
     Writing data to file  /home/ubuntu/projects/Graphene-Band-Structure-Quantum-Espresso/outputs/field_0/vdw-df2-c09/top/data/ldos.pp.dat1077

     Calling punch_plot, plot_num =   3

     Energy =   3.83800 eV, broadening =   0.20000eV
     Writing data to file  /home/ubuntu/projects/Graphene-Band-Structure-Quantum-Espresso/outputs/field_0/vdw-df2-c09/top/data/ldos.pp.dat1078

     Calling punch_plot, plot_num =   3

     Energy =   3.85800 eV, broadening =   0.20000eV
     Writing data to file  /home/ubuntu/projects/Graphene-Band-Structure-Quantum-Espresso/outputs/field_0/vdw-df2-c09/top/data/ldos.pp.dat1079

     Calling punch_plot, plot_num =   3

     Energy =   3.87800 eV, broadening =   0.20000eV
     Writing data to file  /home/ubuntu/projects/Graphene-Band-Structure-Quantum-Espresso/outputs/field_0/vdw-df2-c09/top/data/ldos.pp.dat1080

     Calling punch_plot, plot_num =   3

     Energy =   3.89800 eV, broadening =   0.20000eV
     Writing data to file  /home/ubuntu/projects/Graphene-Band-Structure-Quantum-Espresso/outputs/field_0/vdw-df2-c09/top/data/ldos.pp.dat1081

     Calling punch_plot, plot_num =   3

     Energy =   3.91800 eV, broadening =   0.20000eV
     Writing data to file  /home/ubuntu/projects/Graphene-Band-Structure-Quantum-Espresso/outputs/field_0/vdw-df2-c09/top/data/ldos.pp.dat1082

     Calling punch_plot, plot_num =   3

     Energy =   3.93800 eV, broadening =   0.20000eV
     Writing data to file  /home/ubuntu/projects/Graphene-Band-Structure-Quantum-Espresso/outputs/field_0/vdw-df2-c09/top/data/ldos.pp.dat1083

     Calling punch_plot, plot_num =   3

     Energy =   3.95800 eV, broadening =   0.20000eV
     Writing data to file  /home/ubuntu/projects/Graphene-Band-Structure-Quantum-Espresso/outputs/field_0/vdw-df2-c09/top/data/ldos.pp.dat1084

     Calling punch_plot, plot_num =   3

     Energy =   3.97800 eV, broadening =   0.20000eV
     Writing data to file  /home/ubuntu/projects/Graphene-Band-Structure-Quantum-Espresso/outputs/field_0/vdw-df2-c09/top/data/ldos.pp.dat1085

     Calling punch_plot, plot_num =   3

     Energy =   3.99800 eV, broadening =   0.20000eV
     Writing data to file  /home/ubuntu/projects/Graphene-Band-Structure-Quantum-Espresso/outputs/field_0/vdw-df2-c09/top/data/ldos.pp.dat1086

     Calling punch_plot, plot_num =   3

     Energy =   4.01800 eV, broadening =   0.20000eV
     Writing data to file  /home/ubuntu/projects/Graphene-Band-Structure-Quantum-Espresso/outputs/field_0/vdw-df2-c09/top/data/ldos.pp.dat1087

     Calling punch_plot, plot_num =   3

     Energy =   4.03800 eV, broadening =   0.20000eV
     Writing data to file  /home/ubuntu/projects/Graphene-Band-Structure-Quantum-Espresso/outputs/field_0/vdw-df2-c09/top/data/ldos.pp.dat1088

     Calling punch_plot, plot_num =   3

     Energy =   4.05800 eV, broadening =   0.20000eV
     Writing data to file  /home/ubuntu/projects/Graphene-Band-Structure-Quantum-Espresso/outputs/field_0/vdw-df2-c09/top/data/ldos.pp.dat1089

     Calling punch_plot, plot_num =   3

     Energy =   4.07800 eV, broadening =   0.20000eV
     Writing data to file  /home/ubuntu/projects/Graphene-Band-Structure-Quantum-Espresso/outputs/field_0/vdw-df2-c09/top/data/ldos.pp.dat1090

     Calling punch_plot, plot_num =   3

     Energy =   4.09800 eV, broadening =   0.20000eV
     Writing data to file  /home/ubuntu/projects/Graphene-Band-Structure-Quantum-Espresso/outputs/field_0/vdw-df2-c09/top/data/ldos.pp.dat1091

     Calling punch_plot, plot_num =   3

     Energy =   4.11800 eV, broadening =   0.20000eV
     Writing data to file  /home/ubuntu/projects/Graphene-Band-Structure-Quantum-Espresso/outputs/field_0/vdw-df2-c09/top/data/ldos.pp.dat1092

     Calling punch_plot, plot_num =   3

     Energy =   4.13800 eV, broadening =   0.20000eV
     Writing data to file  /home/ubuntu/projects/Graphene-Band-Structure-Quantum-Espresso/outputs/field_0/vdw-df2-c09/top/data/ldos.pp.dat1093

     Calling punch_plot, plot_num =   3

     Energy =   4.15800 eV, broadening =   0.20000eV
     Writing data to file  /home/ubuntu/projects/Graphene-Band-Structure-Quantum-Espresso/outputs/field_0/vdw-df2-c09/top/data/ldos.pp.dat1094

     Calling punch_plot, plot_num =   3

     Energy =   4.17800 eV, broadening =   0.20000eV
     Writing data to file  /home/ubuntu/projects/Graphene-Band-Structure-Quantum-Espresso/outputs/field_0/vdw-df2-c09/top/data/ldos.pp.dat1095

     Calling punch_plot, plot_num =   3

     Energy =   4.19800 eV, broadening =   0.20000eV
     Writing data to file  /home/ubuntu/projects/Graphene-Band-Structure-Quantum-Espresso/outputs/field_0/vdw-df2-c09/top/data/ldos.pp.dat1096

     Calling punch_plot, plot_num =   3

     Energy =   4.21800 eV, broadening =   0.20000eV
     Writing data to file  /home/ubuntu/projects/Graphene-Band-Structure-Quantum-Espresso/outputs/field_0/vdw-df2-c09/top/data/ldos.pp.dat1097

     Calling punch_plot, plot_num =   3

     Energy =   4.23800 eV, broadening =   0.20000eV
     Writing data to file  /home/ubuntu/projects/Graphene-Band-Structure-Quantum-Espresso/outputs/field_0/vdw-df2-c09/top/data/ldos.pp.dat1098

     Calling punch_plot, plot_num =   3

     Energy =   4.25800 eV, broadening =   0.20000eV
     Writing data to file  /home/ubuntu/projects/Graphene-Band-Structure-Quantum-Espresso/outputs/field_0/vdw-df2-c09/top/data/ldos.pp.dat1099

     Calling punch_plot, plot_num =   3

     Energy =   4.27800 eV, broadening =   0.20000eV
     Writing data to file  /home/ubuntu/projects/Graphene-Band-Structure-Quantum-Espresso/outputs/field_0/vdw-df2-c09/top/data/ldos.pp.dat1100

     Calling punch_plot, plot_num =   3

     Energy =   4.29800 eV, broadening =   0.20000eV
     Writing data to file  /home/ubuntu/projects/Graphene-Band-Structure-Quantum-Espresso/outputs/field_0/vdw-df2-c09/top/data/ldos.pp.dat1101

     Calling punch_plot, plot_num =   3

     Energy =   4.31800 eV, broadening =   0.20000eV
     Writing data to file  /home/ubuntu/projects/Graphene-Band-Structure-Quantum-Espresso/outputs/field_0/vdw-df2-c09/top/data/ldos.pp.dat1102

     Calling punch_plot, plot_num =   3

     Energy =   4.33800 eV, broadening =   0.20000eV
     Writing data to file  /home/ubuntu/projects/Graphene-Band-Structure-Quantum-Espresso/outputs/field_0/vdw-df2-c09/top/data/ldos.pp.dat1103

     Calling punch_plot, plot_num =   3

     Energy =   4.35800 eV, broadening =   0.20000eV
     Writing data to file  /home/ubuntu/projects/Graphene-Band-Structure-Quantum-Espresso/outputs/field_0/vdw-df2-c09/top/data/ldos.pp.dat1104

     Calling punch_plot, plot_num =   3

     Energy =   4.37800 eV, broadening =   0.20000eV
     Writing data to file  /home/ubuntu/projects/Graphene-Band-Structure-Quantum-Espresso/outputs/field_0/vdw-df2-c09/top/data/ldos.pp.dat1105

     Calling punch_plot, plot_num =   3

     Energy =   4.39800 eV, broadening =   0.20000eV
     Writing data to file  /home/ubuntu/projects/Graphene-Band-Structure-Quantum-Espresso/outputs/field_0/vdw-df2-c09/top/data/ldos.pp.dat1106

     Calling punch_plot, plot_num =   3

     Energy =   4.41800 eV, broadening =   0.20000eV
     Writing data to file  /home/ubuntu/projects/Graphene-Band-Structure-Quantum-Espresso/outputs/field_0/vdw-df2-c09/top/data/ldos.pp.dat1107

     Calling punch_plot, plot_num =   3

     Energy =   4.43800 eV, broadening =   0.20000eV
     Writing data to file  /home/ubuntu/projects/Graphene-Band-Structure-Quantum-Espresso/outputs/field_0/vdw-df2-c09/top/data/ldos.pp.dat1108

     Calling punch_plot, plot_num =   3

     Energy =   4.45800 eV, broadening =   0.20000eV
     Writing data to file  /home/ubuntu/projects/Graphene-Band-Structure-Quantum-Espresso/outputs/field_0/vdw-df2-c09/top/data/ldos.pp.dat1109

     Calling punch_plot, plot_num =   3

     Energy =   4.47800 eV, broadening =   0.20000eV
     Writing data to file  /home/ubuntu/projects/Graphene-Band-Structure-Quantum-Espresso/outputs/field_0/vdw-df2-c09/top/data/ldos.pp.dat1110

     Calling punch_plot, plot_num =   3

     Energy =   4.49800 eV, broadening =   0.20000eV
     Writing data to file  /home/ubuntu/projects/Graphene-Band-Structure-Quantum-Espresso/outputs/field_0/vdw-df2-c09/top/data/ldos.pp.dat1111

     Calling punch_plot, plot_num =   3

     Energy =   4.51800 eV, broadening =   0.20000eV
     Writing data to file  /home/ubuntu/projects/Graphene-Band-Structure-Quantum-Espresso/outputs/field_0/vdw-df2-c09/top/data/ldos.pp.dat1112

     Calling punch_plot, plot_num =   3

     Energy =   4.53800 eV, broadening =   0.20000eV
     Writing data to file  /home/ubuntu/projects/Graphene-Band-Structure-Quantum-Espresso/outputs/field_0/vdw-df2-c09/top/data/ldos.pp.dat1113

     Calling punch_plot, plot_num =   3

     Energy =   4.55800 eV, broadening =   0.20000eV
     Writing data to file  /home/ubuntu/projects/Graphene-Band-Structure-Quantum-Espresso/outputs/field_0/vdw-df2-c09/top/data/ldos.pp.dat1114

     Calling punch_plot, plot_num =   3

     Energy =   4.57800 eV, broadening =   0.20000eV
     Writing data to file  /home/ubuntu/projects/Graphene-Band-Structure-Quantum-Espresso/outputs/field_0/vdw-df2-c09/top/data/ldos.pp.dat1115

     Calling punch_plot, plot_num =   3

     Energy =   4.59800 eV, broadening =   0.20000eV
     Writing data to file  /home/ubuntu/projects/Graphene-Band-Structure-Quantum-Espresso/outputs/field_0/vdw-df2-c09/top/data/ldos.pp.dat1116

     Calling punch_plot, plot_num =   3

     Energy =   4.61800 eV, broadening =   0.20000eV
     Writing data to file  /home/ubuntu/projects/Graphene-Band-Structure-Quantum-Espresso/outputs/field_0/vdw-df2-c09/top/data/ldos.pp.dat1117

     Calling punch_plot, plot_num =   3

     Energy =   4.63800 eV, broadening =   0.20000eV
     Writing data to file  /home/ubuntu/projects/Graphene-Band-Structure-Quantum-Espresso/outputs/field_0/vdw-df2-c09/top/data/ldos.pp.dat1118

     Calling punch_plot, plot_num =   3

     Energy =   4.65800 eV, broadening =   0.20000eV
     Writing data to file  /home/ubuntu/projects/Graphene-Band-Structure-Quantum-Espresso/outputs/field_0/vdw-df2-c09/top/data/ldos.pp.dat1119

     Calling punch_plot, plot_num =   3

     Energy =   4.67800 eV, broadening =   0.20000eV
     Writing data to file  /home/ubuntu/projects/Graphene-Band-Structure-Quantum-Espresso/outputs/field_0/vdw-df2-c09/top/data/ldos.pp.dat1120

     Calling punch_plot, plot_num =   3

     Energy =   4.69800 eV, broadening =   0.20000eV
     Writing data to file  /home/ubuntu/projects/Graphene-Band-Structure-Quantum-Espresso/outputs/field_0/vdw-df2-c09/top/data/ldos.pp.dat1121

     Calling punch_plot, plot_num =   3

     Energy =   4.71800 eV, broadening =   0.20000eV
     Writing data to file  /home/ubuntu/projects/Graphene-Band-Structure-Quantum-Espresso/outputs/field_0/vdw-df2-c09/top/data/ldos.pp.dat1122

     Calling punch_plot, plot_num =   3

     Energy =   4.73800 eV, broadening =   0.20000eV
     Writing data to file  /home/ubuntu/projects/Graphene-Band-Structure-Quantum-Espresso/outputs/field_0/vdw-df2-c09/top/data/ldos.pp.dat1123

     Calling punch_plot, plot_num =   3

     Energy =   4.75800 eV, broadening =   0.20000eV
     Writing data to file  /home/ubuntu/projects/Graphene-Band-Structure-Quantum-Espresso/outputs/field_0/vdw-df2-c09/top/data/ldos.pp.dat1124

     Calling punch_plot, plot_num =   3

     Energy =   4.77800 eV, broadening =   0.20000eV
     Writing data to file  /home/ubuntu/projects/Graphene-Band-Structure-Quantum-Espresso/outputs/field_0/vdw-df2-c09/top/data/ldos.pp.dat1125

     Calling punch_plot, plot_num =   3

     Energy =   4.79800 eV, broadening =   0.20000eV
     Writing data to file  /home/ubuntu/projects/Graphene-Band-Structure-Quantum-Espresso/outputs/field_0/vdw-df2-c09/top/data/ldos.pp.dat1126

     Calling punch_plot, plot_num =   3

     Energy =   4.81800 eV, broadening =   0.20000eV
     Writing data to file  /home/ubuntu/projects/Graphene-Band-Structure-Quantum-Espresso/outputs/field_0/vdw-df2-c09/top/data/ldos.pp.dat1127

     Calling punch_plot, plot_num =   3

     Energy =   4.83800 eV, broadening =   0.20000eV
     Writing data to file  /home/ubuntu/projects/Graphene-Band-Structure-Quantum-Espresso/outputs/field_0/vdw-df2-c09/top/data/ldos.pp.dat1128

     Calling punch_plot, plot_num =   3

     Energy =   4.85800 eV, broadening =   0.20000eV
     Writing data to file  /home/ubuntu/projects/Graphene-Band-Structure-Quantum-Espresso/outputs/field_0/vdw-df2-c09/top/data/ldos.pp.dat1129

     Calling punch_plot, plot_num =   3

     Energy =   4.87800 eV, broadening =   0.20000eV
     Writing data to file  /home/ubuntu/projects/Graphene-Band-Structure-Quantum-Espresso/outputs/field_0/vdw-df2-c09/top/data/ldos.pp.dat1130

     Calling punch_plot, plot_num =   3

     Energy =   4.89800 eV, broadening =   0.20000eV
     Writing data to file  /home/ubuntu/projects/Graphene-Band-Structure-Quantum-Espresso/outputs/field_0/vdw-df2-c09/top/data/ldos.pp.dat1131

     Calling punch_plot, plot_num =   3

     Energy =   4.91800 eV, broadening =   0.20000eV
     Writing data to file  /home/ubuntu/projects/Graphene-Band-Structure-Quantum-Espresso/outputs/field_0/vdw-df2-c09/top/data/ldos.pp.dat1132

     Calling punch_plot, plot_num =   3

     Energy =   4.93800 eV, broadening =   0.20000eV
     Writing data to file  /home/ubuntu/projects/Graphene-Band-Structure-Quantum-Espresso/outputs/field_0/vdw-df2-c09/top/data/ldos.pp.dat1133

     Calling punch_plot, plot_num =   3

     Energy =   4.95800 eV, broadening =   0.20000eV
     Writing data to file  /home/ubuntu/projects/Graphene-Band-Structure-Quantum-Espresso/outputs/field_0/vdw-df2-c09/top/data/ldos.pp.dat1134

     Calling punch_plot, plot_num =   3

     Energy =   4.97800 eV, broadening =   0.20000eV
     Writing data to file  /home/ubuntu/projects/Graphene-Band-Structure-Quantum-Espresso/outputs/field_0/vdw-df2-c09/top/data/ldos.pp.dat1135

     Calling punch_plot, plot_num =   3

     Energy =   4.99800 eV, broadening =   0.20000eV
     Writing data to file  /home/ubuntu/projects/Graphene-Band-Structure-Quantum-Espresso/outputs/field_0/vdw-df2-c09/top/data/ldos.pp.dat1136

     Calling punch_plot, plot_num =   3

     Energy =   5.01800 eV, broadening =   0.20000eV
     Writing data to file  /home/ubuntu/projects/Graphene-Band-Structure-Quantum-Espresso/outputs/field_0/vdw-df2-c09/top/data/ldos.pp.dat1137

     Calling punch_plot, plot_num =   3

     Energy =   5.03800 eV, broadening =   0.20000eV
     Writing data to file  /home/ubuntu/projects/Graphene-Band-Structure-Quantum-Espresso/outputs/field_0/vdw-df2-c09/top/data/ldos.pp.dat1138

     Calling punch_plot, plot_num =   3

     Energy =   5.05800 eV, broadening =   0.20000eV
     Writing data to file  /home/ubuntu/projects/Graphene-Band-Structure-Quantum-Espresso/outputs/field_0/vdw-df2-c09/top/data/ldos.pp.dat1139

     Calling punch_plot, plot_num =   3

     Energy =   5.07800 eV, broadening =   0.20000eV
     Writing data to file  /home/ubuntu/projects/Graphene-Band-Structure-Quantum-Espresso/outputs/field_0/vdw-df2-c09/top/data/ldos.pp.dat1140

     Calling punch_plot, plot_num =   3

     Energy =   5.09800 eV, broadening =   0.20000eV
     Writing data to file  /home/ubuntu/projects/Graphene-Band-Structure-Quantum-Espresso/outputs/field_0/vdw-df2-c09/top/data/ldos.pp.dat1141

     Calling punch_plot, plot_num =   3

     Energy =   5.11800 eV, broadening =   0.20000eV
     Writing data to file  /home/ubuntu/projects/Graphene-Band-Structure-Quantum-Espresso/outputs/field_0/vdw-df2-c09/top/data/ldos.pp.dat1142

     Calling punch_plot, plot_num =   3

     Energy =   5.13800 eV, broadening =   0.20000eV
     Writing data to file  /home/ubuntu/projects/Graphene-Band-Structure-Quantum-Espresso/outputs/field_0/vdw-df2-c09/top/data/ldos.pp.dat1143

     Calling punch_plot, plot_num =   3

     Energy =   5.15800 eV, broadening =   0.20000eV
     Writing data to file  /home/ubuntu/projects/Graphene-Band-Structure-Quantum-Espresso/outputs/field_0/vdw-df2-c09/top/data/ldos.pp.dat1144

     Calling punch_plot, plot_num =   3

     Energy =   5.17800 eV, broadening =   0.20000eV
     Writing data to file  /home/ubuntu/projects/Graphene-Band-Structure-Quantum-Espresso/outputs/field_0/vdw-df2-c09/top/data/ldos.pp.dat1145

     Calling punch_plot, plot_num =   3

     Energy =   5.19800 eV, broadening =   0.20000eV
     Writing data to file  /home/ubuntu/projects/Graphene-Band-Structure-Quantum-Espresso/outputs/field_0/vdw-df2-c09/top/data/ldos.pp.dat1146

     Calling punch_plot, plot_num =   3

     Energy =   5.21800 eV, broadening =   0.20000eV
     Writing data to file  /home/ubuntu/projects/Graphene-Band-Structure-Quantum-Espresso/outputs/field_0/vdw-df2-c09/top/data/ldos.pp.dat1147

     Calling punch_plot, plot_num =   3

     Energy =   5.23800 eV, broadening =   0.20000eV
     Writing data to file  /home/ubuntu/projects/Graphene-Band-Structure-Quantum-Espresso/outputs/field_0/vdw-df2-c09/top/data/ldos.pp.dat1148

     Calling punch_plot, plot_num =   3

     Energy =   5.25800 eV, broadening =   0.20000eV
     Writing data to file  /home/ubuntu/projects/Graphene-Band-Structure-Quantum-Espresso/outputs/field_0/vdw-df2-c09/top/data/ldos.pp.dat1149

     Calling punch_plot, plot_num =   3

     Energy =   5.27800 eV, broadening =   0.20000eV
     Writing data to file  /home/ubuntu/projects/Graphene-Band-Structure-Quantum-Espresso/outputs/field_0/vdw-df2-c09/top/data/ldos.pp.dat1150

     Calling punch_plot, plot_num =   3

     Energy =   5.29800 eV, broadening =   0.20000eV
     Writing data to file  /home/ubuntu/projects/Graphene-Band-Structure-Quantum-Espresso/outputs/field_0/vdw-df2-c09/top/data/ldos.pp.dat1151

     Calling punch_plot, plot_num =   3

     Energy =   5.31800 eV, broadening =   0.20000eV
     Writing data to file  /home/ubuntu/projects/Graphene-Band-Structure-Quantum-Espresso/outputs/field_0/vdw-df2-c09/top/data/ldos.pp.dat1152

     Calling punch_plot, plot_num =   3

     Energy =   5.33800 eV, broadening =   0.20000eV
     Writing data to file  /home/ubuntu/projects/Graphene-Band-Structure-Quantum-Espresso/outputs/field_0/vdw-df2-c09/top/data/ldos.pp.dat1153

     Calling punch_plot, plot_num =   3

     Energy =   5.35800 eV, broadening =   0.20000eV
     Writing data to file  /home/ubuntu/projects/Graphene-Band-Structure-Quantum-Espresso/outputs/field_0/vdw-df2-c09/top/data/ldos.pp.dat1154

     Calling punch_plot, plot_num =   3

     Energy =   5.37800 eV, broadening =   0.20000eV
     Writing data to file  /home/ubuntu/projects/Graphene-Band-Structure-Quantum-Espresso/outputs/field_0/vdw-df2-c09/top/data/ldos.pp.dat1155

     Calling punch_plot, plot_num =   3

     Energy =   5.39800 eV, broadening =   0.20000eV
     Writing data to file  /home/ubuntu/projects/Graphene-Band-Structure-Quantum-Espresso/outputs/field_0/vdw-df2-c09/top/data/ldos.pp.dat1156

     Calling punch_plot, plot_num =   3

     Energy =   5.41800 eV, broadening =   0.20000eV
     Writing data to file  /home/ubuntu/projects/Graphene-Band-Structure-Quantum-Espresso/outputs/field_0/vdw-df2-c09/top/data/ldos.pp.dat1157

     Calling punch_plot, plot_num =   3

     Energy =   5.43800 eV, broadening =   0.20000eV
     Writing data to file  /home/ubuntu/projects/Graphene-Band-Structure-Quantum-Espresso/outputs/field_0/vdw-df2-c09/top/data/ldos.pp.dat1158

     Calling punch_plot, plot_num =   3

     Energy =   5.45800 eV, broadening =   0.20000eV
     Writing data to file  /home/ubuntu/projects/Graphene-Band-Structure-Quantum-Espresso/outputs/field_0/vdw-df2-c09/top/data/ldos.pp.dat1159

     Calling punch_plot, plot_num =   3

     Energy =   5.47800 eV, broadening =   0.20000eV
     Writing data to file  /home/ubuntu/projects/Graphene-Band-Structure-Quantum-Espresso/outputs/field_0/vdw-df2-c09/top/data/ldos.pp.dat1160

     Calling punch_plot, plot_num =   3

     Energy =   5.49800 eV, broadening =   0.20000eV
     Writing data to file  /home/ubuntu/projects/Graphene-Band-Structure-Quantum-Espresso/outputs/field_0/vdw-df2-c09/top/data/ldos.pp.dat1161

     Calling punch_plot, plot_num =   3

     Energy =   5.51800 eV, broadening =   0.20000eV
     Writing data to file  /home/ubuntu/projects/Graphene-Band-Structure-Quantum-Espresso/outputs/field_0/vdw-df2-c09/top/data/ldos.pp.dat1162

     Calling punch_plot, plot_num =   3

     Energy =   5.53800 eV, broadening =   0.20000eV
     Writing data to file  /home/ubuntu/projects/Graphene-Band-Structure-Quantum-Espresso/outputs/field_0/vdw-df2-c09/top/data/ldos.pp.dat1163

     Calling punch_plot, plot_num =   3

     Energy =   5.55800 eV, broadening =   0.20000eV
     Writing data to file  /home/ubuntu/projects/Graphene-Band-Structure-Quantum-Espresso/outputs/field_0/vdw-df2-c09/top/data/ldos.pp.dat1164

     Calling punch_plot, plot_num =   3

     Energy =   5.57800 eV, broadening =   0.20000eV
     Writing data to file  /home/ubuntu/projects/Graphene-Band-Structure-Quantum-Espresso/outputs/field_0/vdw-df2-c09/top/data/ldos.pp.dat1165

     Calling punch_plot, plot_num =   3

     Energy =   5.59800 eV, broadening =   0.20000eV
     Writing data to file  /home/ubuntu/projects/Graphene-Band-Structure-Quantum-Espresso/outputs/field_0/vdw-df2-c09/top/data/ldos.pp.dat1166

     Calling punch_plot, plot_num =   3

     Energy =   5.61800 eV, broadening =   0.20000eV
     Writing data to file  /home/ubuntu/projects/Graphene-Band-Structure-Quantum-Espresso/outputs/field_0/vdw-df2-c09/top/data/ldos.pp.dat1167

     Calling punch_plot, plot_num =   3

     Energy =   5.63800 eV, broadening =   0.20000eV
     Writing data to file  /home/ubuntu/projects/Graphene-Band-Structure-Quantum-Espresso/outputs/field_0/vdw-df2-c09/top/data/ldos.pp.dat1168

     Calling punch_plot, plot_num =   3

     Energy =   5.65800 eV, broadening =   0.20000eV
     Writing data to file  /home/ubuntu/projects/Graphene-Band-Structure-Quantum-Espresso/outputs/field_0/vdw-df2-c09/top/data/ldos.pp.dat1169

     Calling punch_plot, plot_num =   3

     Energy =   5.67800 eV, broadening =   0.20000eV
     Writing data to file  /home/ubuntu/projects/Graphene-Band-Structure-Quantum-Espresso/outputs/field_0/vdw-df2-c09/top/data/ldos.pp.dat1170

     Calling punch_plot, plot_num =   3

     Energy =   5.69800 eV, broadening =   0.20000eV
     Writing data to file  /home/ubuntu/projects/Graphene-Band-Structure-Quantum-Espresso/outputs/field_0/vdw-df2-c09/top/data/ldos.pp.dat1171

     Calling punch_plot, plot_num =   3

     Energy =   5.71800 eV, broadening =   0.20000eV
     Writing data to file  /home/ubuntu/projects/Graphene-Band-Structure-Quantum-Espresso/outputs/field_0/vdw-df2-c09/top/data/ldos.pp.dat1172

     Calling punch_plot, plot_num =   3

     Energy =   5.73800 eV, broadening =   0.20000eV
     Writing data to file  /home/ubuntu/projects/Graphene-Band-Structure-Quantum-Espresso/outputs/field_0/vdw-df2-c09/top/data/ldos.pp.dat1173

     Calling punch_plot, plot_num =   3

     Energy =   5.75800 eV, broadening =   0.20000eV
     Writing data to file  /home/ubuntu/projects/Graphene-Band-Structure-Quantum-Espresso/outputs/field_0/vdw-df2-c09/top/data/ldos.pp.dat1174

     Calling punch_plot, plot_num =   3

     Energy =   5.77800 eV, broadening =   0.20000eV
     Writing data to file  /home/ubuntu/projects/Graphene-Band-Structure-Quantum-Espresso/outputs/field_0/vdw-df2-c09/top/data/ldos.pp.dat1175

     Calling punch_plot, plot_num =   3

     Energy =   5.79800 eV, broadening =   0.20000eV
     Writing data to file  /home/ubuntu/projects/Graphene-Band-Structure-Quantum-Espresso/outputs/field_0/vdw-df2-c09/top/data/ldos.pp.dat1176

     Calling punch_plot, plot_num =   3

     Energy =   5.81800 eV, broadening =   0.20000eV
     Writing data to file  /home/ubuntu/projects/Graphene-Band-Structure-Quantum-Espresso/outputs/field_0/vdw-df2-c09/top/data/ldos.pp.dat1177

     Calling punch_plot, plot_num =   3

     Energy =   5.83800 eV, broadening =   0.20000eV
     Writing data to file  /home/ubuntu/projects/Graphene-Band-Structure-Quantum-Espresso/outputs/field_0/vdw-df2-c09/top/data/ldos.pp.dat1178

     Calling punch_plot, plot_num =   3

     Energy =   5.85800 eV, broadening =   0.20000eV
     Writing data to file  /home/ubuntu/projects/Graphene-Band-Structure-Quantum-Espresso/outputs/field_0/vdw-df2-c09/top/data/ldos.pp.dat1179

     Calling punch_plot, plot_num =   3

     Energy =   5.87800 eV, broadening =   0.20000eV
     Writing data to file  /home/ubuntu/projects/Graphene-Band-Structure-Quantum-Espresso/outputs/field_0/vdw-df2-c09/top/data/ldos.pp.dat1180

     Calling punch_plot, plot_num =   3

     Energy =   5.89800 eV, broadening =   0.20000eV
     Writing data to file  /home/ubuntu/projects/Graphene-Band-Structure-Quantum-Espresso/outputs/field_0/vdw-df2-c09/top/data/ldos.pp.dat1181

     Calling punch_plot, plot_num =   3

     Energy =   5.91800 eV, broadening =   0.20000eV
     Writing data to file  /home/ubuntu/projects/Graphene-Band-Structure-Quantum-Espresso/outputs/field_0/vdw-df2-c09/top/data/ldos.pp.dat1182

     Calling punch_plot, plot_num =   3

     Energy =   5.93800 eV, broadening =   0.20000eV
     Writing data to file  /home/ubuntu/projects/Graphene-Band-Structure-Quantum-Espresso/outputs/field_0/vdw-df2-c09/top/data/ldos.pp.dat1183

     Calling punch_plot, plot_num =   3

     Energy =   5.95800 eV, broadening =   0.20000eV
     Writing data to file  /home/ubuntu/projects/Graphene-Band-Structure-Quantum-Espresso/outputs/field_0/vdw-df2-c09/top/data/ldos.pp.dat1184

     Calling punch_plot, plot_num =   3

     Energy =   5.97800 eV, broadening =   0.20000eV
     Writing data to file  /home/ubuntu/projects/Graphene-Band-Structure-Quantum-Espresso/outputs/field_0/vdw-df2-c09/top/data/ldos.pp.dat1185

     Calling punch_plot, plot_num =   3

     Energy =   5.99800 eV, broadening =   0.20000eV
     Writing data to file  /home/ubuntu/projects/Graphene-Band-Structure-Quantum-Espresso/outputs/field_0/vdw-df2-c09/top/data/ldos.pp.dat1186

     Calling punch_plot, plot_num =   3

     Energy =   6.01800 eV, broadening =   0.20000eV
     Writing data to file  /home/ubuntu/projects/Graphene-Band-Structure-Quantum-Espresso/outputs/field_0/vdw-df2-c09/top/data/ldos.pp.dat1187

     Calling punch_plot, plot_num =   3

     Energy =   6.03800 eV, broadening =   0.20000eV
     Writing data to file  /home/ubuntu/projects/Graphene-Band-Structure-Quantum-Espresso/outputs/field_0/vdw-df2-c09/top/data/ldos.pp.dat1188

     Calling punch_plot, plot_num =   3

     Energy =   6.05800 eV, broadening =   0.20000eV
     Writing data to file  /home/ubuntu/projects/Graphene-Band-Structure-Quantum-Espresso/outputs/field_0/vdw-df2-c09/top/data/ldos.pp.dat1189

     Calling punch_plot, plot_num =   3

     Energy =   6.07800 eV, broadening =   0.20000eV
     Writing data to file  /home/ubuntu/projects/Graphene-Band-Structure-Quantum-Espresso/outputs/field_0/vdw-df2-c09/top/data/ldos.pp.dat1190

     Calling punch_plot, plot_num =   3

     Energy =   6.09800 eV, broadening =   0.20000eV
     Writing data to file  /home/ubuntu/projects/Graphene-Band-Structure-Quantum-Espresso/outputs/field_0/vdw-df2-c09/top/data/ldos.pp.dat1191

     Calling punch_plot, plot_num =   3

     Energy =   6.11800 eV, broadening =   0.20000eV
     Writing data to file  /home/ubuntu/projects/Graphene-Band-Structure-Quantum-Espresso/outputs/field_0/vdw-df2-c09/top/data/ldos.pp.dat1192

     Calling punch_plot, plot_num =   3

     Energy =   6.13800 eV, broadening =   0.20000eV
     Writing data to file  /home/ubuntu/projects/Graphene-Band-Structure-Quantum-Espresso/outputs/field_0/vdw-df2-c09/top/data/ldos.pp.dat1193

     Calling punch_plot, plot_num =   3

     Energy =   6.15800 eV, broadening =   0.20000eV
     Writing data to file  /home/ubuntu/projects/Graphene-Band-Structure-Quantum-Espresso/outputs/field_0/vdw-df2-c09/top/data/ldos.pp.dat1194

     Calling punch_plot, plot_num =   3

     Energy =   6.17800 eV, broadening =   0.20000eV
     Writing data to file  /home/ubuntu/projects/Graphene-Band-Structure-Quantum-Espresso/outputs/field_0/vdw-df2-c09/top/data/ldos.pp.dat1195

     Calling punch_plot, plot_num =   3

     Energy =   6.19800 eV, broadening =   0.20000eV
     Writing data to file  /home/ubuntu/projects/Graphene-Band-Structure-Quantum-Espresso/outputs/field_0/vdw-df2-c09/top/data/ldos.pp.dat1196

     Calling punch_plot, plot_num =   3

     Energy =   6.21800 eV, broadening =   0.20000eV
     Writing data to file  /home/ubuntu/projects/Graphene-Band-Structure-Quantum-Espresso/outputs/field_0/vdw-df2-c09/top/data/ldos.pp.dat1197

     Calling punch_plot, plot_num =   3

     Energy =   6.23800 eV, broadening =   0.20000eV
     Writing data to file  /home/ubuntu/projects/Graphene-Band-Structure-Quantum-Espresso/outputs/field_0/vdw-df2-c09/top/data/ldos.pp.dat1198

     Calling punch_plot, plot_num =   3

     Energy =   6.25800 eV, broadening =   0.20000eV
     Writing data to file  /home/ubuntu/projects/Graphene-Band-Structure-Quantum-Espresso/outputs/field_0/vdw-df2-c09/top/data/ldos.pp.dat1199

     Calling punch_plot, plot_num =   3

     Energy =   6.27800 eV, broadening =   0.20000eV
     Writing data to file  /home/ubuntu/projects/Graphene-Band-Structure-Quantum-Espresso/outputs/field_0/vdw-df2-c09/top/data/ldos.pp.dat1200

     Calling punch_plot, plot_num =   3

     Energy =   6.29800 eV, broadening =   0.20000eV
     Writing data to file  /home/ubuntu/projects/Graphene-Band-Structure-Quantum-Espresso/outputs/field_0/vdw-df2-c09/top/data/ldos.pp.dat1201

     Calling punch_plot, plot_num =   3

     Energy =   6.31800 eV, broadening =   0.20000eV
     Writing data to file  /home/ubuntu/projects/Graphene-Band-Structure-Quantum-Espresso/outputs/field_0/vdw-df2-c09/top/data/ldos.pp.dat1202

     Calling punch_plot, plot_num =   3

     Energy =   6.33800 eV, broadening =   0.20000eV
     Writing data to file  /home/ubuntu/projects/Graphene-Band-Structure-Quantum-Espresso/outputs/field_0/vdw-df2-c09/top/data/ldos.pp.dat1203

     Calling punch_plot, plot_num =   3

     Energy =   6.35800 eV, broadening =   0.20000eV
     Writing data to file  /home/ubuntu/projects/Graphene-Band-Structure-Quantum-Espresso/outputs/field_0/vdw-df2-c09/top/data/ldos.pp.dat1204

     Calling punch_plot, plot_num =   3

     Energy =   6.37800 eV, broadening =   0.20000eV
     Writing data to file  /home/ubuntu/projects/Graphene-Band-Structure-Quantum-Espresso/outputs/field_0/vdw-df2-c09/top/data/ldos.pp.dat1205

     Calling punch_plot, plot_num =   3

     Energy =   6.39800 eV, broadening =   0.20000eV
     Writing data to file  /home/ubuntu/projects/Graphene-Band-Structure-Quantum-Espresso/outputs/field_0/vdw-df2-c09/top/data/ldos.pp.dat1206

     Calling punch_plot, plot_num =   3

     Energy =   6.41800 eV, broadening =   0.20000eV
     Writing data to file  /home/ubuntu/projects/Graphene-Band-Structure-Quantum-Espresso/outputs/field_0/vdw-df2-c09/top/data/ldos.pp.dat1207

     Calling punch_plot, plot_num =   3

     Energy =   6.43800 eV, broadening =   0.20000eV
     Writing data to file  /home/ubuntu/projects/Graphene-Band-Structure-Quantum-Espresso/outputs/field_0/vdw-df2-c09/top/data/ldos.pp.dat1208

     Calling punch_plot, plot_num =   3

     Energy =   6.45800 eV, broadening =   0.20000eV
     Writing data to file  /home/ubuntu/projects/Graphene-Band-Structure-Quantum-Espresso/outputs/field_0/vdw-df2-c09/top/data/ldos.pp.dat1209

     Calling punch_plot, plot_num =   3

     Energy =   6.47800 eV, broadening =   0.20000eV
     Writing data to file  /home/ubuntu/projects/Graphene-Band-Structure-Quantum-Espresso/outputs/field_0/vdw-df2-c09/top/data/ldos.pp.dat1210

     Calling punch_plot, plot_num =   3

     Energy =   6.49800 eV, broadening =   0.20000eV
     Writing data to file  /home/ubuntu/projects/Graphene-Band-Structure-Quantum-Espresso/outputs/field_0/vdw-df2-c09/top/data/ldos.pp.dat1211

     Calling punch_plot, plot_num =   3

     Energy =   6.51800 eV, broadening =   0.20000eV
     Writing data to file  /home/ubuntu/projects/Graphene-Band-Structure-Quantum-Espresso/outputs/field_0/vdw-df2-c09/top/data/ldos.pp.dat1212

     Calling punch_plot, plot_num =   3

     Energy =   6.53800 eV, broadening =   0.20000eV
     Writing data to file  /home/ubuntu/projects/Graphene-Band-Structure-Quantum-Espresso/outputs/field_0/vdw-df2-c09/top/data/ldos.pp.dat1213

     Calling punch_plot, plot_num =   3

     Energy =   6.55800 eV, broadening =   0.20000eV
     Writing data to file  /home/ubuntu/projects/Graphene-Band-Structure-Quantum-Espresso/outputs/field_0/vdw-df2-c09/top/data/ldos.pp.dat1214

     Calling punch_plot, plot_num =   3

     Energy =   6.57800 eV, broadening =   0.20000eV
     Writing data to file  /home/ubuntu/projects/Graphene-Band-Structure-Quantum-Espresso/outputs/field_0/vdw-df2-c09/top/data/ldos.pp.dat1215

     Calling punch_plot, plot_num =   3

     Energy =   6.59800 eV, broadening =   0.20000eV
     Writing data to file  /home/ubuntu/projects/Graphene-Band-Structure-Quantum-Espresso/outputs/field_0/vdw-df2-c09/top/data/ldos.pp.dat1216

     Calling punch_plot, plot_num =   3

     Energy =   6.61800 eV, broadening =   0.20000eV
     Writing data to file  /home/ubuntu/projects/Graphene-Band-Structure-Quantum-Espresso/outputs/field_0/vdw-df2-c09/top/data/ldos.pp.dat1217

     Calling punch_plot, plot_num =   3

     Energy =   6.63800 eV, broadening =   0.20000eV
     Writing data to file  /home/ubuntu/projects/Graphene-Band-Structure-Quantum-Espresso/outputs/field_0/vdw-df2-c09/top/data/ldos.pp.dat1218

     Calling punch_plot, plot_num =   3

     Energy =   6.65800 eV, broadening =   0.20000eV
     Writing data to file  /home/ubuntu/projects/Graphene-Band-Structure-Quantum-Espresso/outputs/field_0/vdw-df2-c09/top/data/ldos.pp.dat1219

     Calling punch_plot, plot_num =   3

     Energy =   6.67800 eV, broadening =   0.20000eV
     Writing data to file  /home/ubuntu/projects/Graphene-Band-Structure-Quantum-Espresso/outputs/field_0/vdw-df2-c09/top/data/ldos.pp.dat1220

     Calling punch_plot, plot_num =   3

     Energy =   6.69800 eV, broadening =   0.20000eV
     Writing data to file  /home/ubuntu/projects/Graphene-Band-Structure-Quantum-Espresso/outputs/field_0/vdw-df2-c09/top/data/ldos.pp.dat1221

     Calling punch_plot, plot_num =   3

     Energy =   6.71800 eV, broadening =   0.20000eV
     Writing data to file  /home/ubuntu/projects/Graphene-Band-Structure-Quantum-Espresso/outputs/field_0/vdw-df2-c09/top/data/ldos.pp.dat1222

     Calling punch_plot, plot_num =   3

     Energy =   6.73800 eV, broadening =   0.20000eV
     Writing data to file  /home/ubuntu/projects/Graphene-Band-Structure-Quantum-Espresso/outputs/field_0/vdw-df2-c09/top/data/ldos.pp.dat1223

     Calling punch_plot, plot_num =   3

     Energy =   6.75800 eV, broadening =   0.20000eV
     Writing data to file  /home/ubuntu/projects/Graphene-Band-Structure-Quantum-Espresso/outputs/field_0/vdw-df2-c09/top/data/ldos.pp.dat1224

     Calling punch_plot, plot_num =   3

     Energy =   6.77800 eV, broadening =   0.20000eV
     Writing data to file  /home/ubuntu/projects/Graphene-Band-Structure-Quantum-Espresso/outputs/field_0/vdw-df2-c09/top/data/ldos.pp.dat1225

     Calling punch_plot, plot_num =   3

     Energy =   6.79800 eV, broadening =   0.20000eV
     Writing data to file  /home/ubuntu/projects/Graphene-Band-Structure-Quantum-Espresso/outputs/field_0/vdw-df2-c09/top/data/ldos.pp.dat1226

     Calling punch_plot, plot_num =   3

     Energy =   6.81800 eV, broadening =   0.20000eV
     Writing data to file  /home/ubuntu/projects/Graphene-Band-Structure-Quantum-Espresso/outputs/field_0/vdw-df2-c09/top/data/ldos.pp.dat1227

     Calling punch_plot, plot_num =   3

     Energy =   6.83800 eV, broadening =   0.20000eV
     Writing data to file  /home/ubuntu/projects/Graphene-Band-Structure-Quantum-Espresso/outputs/field_0/vdw-df2-c09/top/data/ldos.pp.dat1228

     Calling punch_plot, plot_num =   3

     Energy =   6.85800 eV, broadening =   0.20000eV
     Writing data to file  /home/ubuntu/projects/Graphene-Band-Structure-Quantum-Espresso/outputs/field_0/vdw-df2-c09/top/data/ldos.pp.dat1229

     Calling punch_plot, plot_num =   3

     Energy =   6.87800 eV, broadening =   0.20000eV
     Writing data to file  /home/ubuntu/projects/Graphene-Band-Structure-Quantum-Espresso/outputs/field_0/vdw-df2-c09/top/data/ldos.pp.dat1230

     Calling punch_plot, plot_num =   3

     Energy =   6.89800 eV, broadening =   0.20000eV
     Writing data to file  /home/ubuntu/projects/Graphene-Band-Structure-Quantum-Espresso/outputs/field_0/vdw-df2-c09/top/data/ldos.pp.dat1231

     Calling punch_plot, plot_num =   3

     Energy =   6.91800 eV, broadening =   0.20000eV
     Writing data to file  /home/ubuntu/projects/Graphene-Band-Structure-Quantum-Espresso/outputs/field_0/vdw-df2-c09/top/data/ldos.pp.dat1232

     Calling punch_plot, plot_num =   3

     Energy =   6.93800 eV, broadening =   0.20000eV
     Writing data to file  /home/ubuntu/projects/Graphene-Band-Structure-Quantum-Espresso/outputs/field_0/vdw-df2-c09/top/data/ldos.pp.dat1233

     Calling punch_plot, plot_num =   3

     Energy =   6.95800 eV, broadening =   0.20000eV
     Writing data to file  /home/ubuntu/projects/Graphene-Band-Structure-Quantum-Espresso/outputs/field_0/vdw-df2-c09/top/data/ldos.pp.dat1234

     Calling punch_plot, plot_num =   3

     Energy =   6.97800 eV, broadening =   0.20000eV
     Writing data to file  /home/ubuntu/projects/Graphene-Band-Structure-Quantum-Espresso/outputs/field_0/vdw-df2-c09/top/data/ldos.pp.dat1235

     Calling punch_plot, plot_num =   3

     Energy =   6.99800 eV, broadening =   0.20000eV
     Writing data to file  /home/ubuntu/projects/Graphene-Band-Structure-Quantum-Espresso/outputs/field_0/vdw-df2-c09/top/data/ldos.pp.dat1236

     Calling punch_plot, plot_num =   3

     Energy =   7.01800 eV, broadening =   0.20000eV
     Writing data to file  /home/ubuntu/projects/Graphene-Band-Structure-Quantum-Espresso/outputs/field_0/vdw-df2-c09/top/data/ldos.pp.dat1237

     Calling punch_plot, plot_num =   3

     Energy =   7.03800 eV, broadening =   0.20000eV
     Writing data to file  /home/ubuntu/projects/Graphene-Band-Structure-Quantum-Espresso/outputs/field_0/vdw-df2-c09/top/data/ldos.pp.dat1238

     Calling punch_plot, plot_num =   3

     Energy =   7.05800 eV, broadening =   0.20000eV
     Writing data to file  /home/ubuntu/projects/Graphene-Band-Structure-Quantum-Espresso/outputs/field_0/vdw-df2-c09/top/data/ldos.pp.dat1239

     Calling punch_plot, plot_num =   3

     Energy =   7.07800 eV, broadening =   0.20000eV
     Writing data to file  /home/ubuntu/projects/Graphene-Band-Structure-Quantum-Espresso/outputs/field_0/vdw-df2-c09/top/data/ldos.pp.dat1240

     Calling punch_plot, plot_num =   3

     Energy =   7.09800 eV, broadening =   0.20000eV
     Writing data to file  /home/ubuntu/projects/Graphene-Band-Structure-Quantum-Espresso/outputs/field_0/vdw-df2-c09/top/data/ldos.pp.dat1241

     Calling punch_plot, plot_num =   3

     Energy =   7.11800 eV, broadening =   0.20000eV
     Writing data to file  /home/ubuntu/projects/Graphene-Band-Structure-Quantum-Espresso/outputs/field_0/vdw-df2-c09/top/data/ldos.pp.dat1242

     Calling punch_plot, plot_num =   3

     Energy =   7.13800 eV, broadening =   0.20000eV
     Writing data to file  /home/ubuntu/projects/Graphene-Band-Structure-Quantum-Espresso/outputs/field_0/vdw-df2-c09/top/data/ldos.pp.dat1243

     Calling punch_plot, plot_num =   3

     Energy =   7.15800 eV, broadening =   0.20000eV
     Writing data to file  /home/ubuntu/projects/Graphene-Band-Structure-Quantum-Espresso/outputs/field_0/vdw-df2-c09/top/data/ldos.pp.dat1244

     Calling punch_plot, plot_num =   3

     Energy =   7.17800 eV, broadening =   0.20000eV
     Writing data to file  /home/ubuntu/projects/Graphene-Band-Structure-Quantum-Espresso/outputs/field_0/vdw-df2-c09/top/data/ldos.pp.dat1245

     Calling punch_plot, plot_num =   3

     Energy =   7.19800 eV, broadening =   0.20000eV
     Writing data to file  /home/ubuntu/projects/Graphene-Band-Structure-Quantum-Espresso/outputs/field_0/vdw-df2-c09/top/data/ldos.pp.dat1246

     Calling punch_plot, plot_num =   3

     Energy =   7.21800 eV, broadening =   0.20000eV
     Writing data to file  /home/ubuntu/projects/Graphene-Band-Structure-Quantum-Espresso/outputs/field_0/vdw-df2-c09/top/data/ldos.pp.dat1247

     Calling punch_plot, plot_num =   3

     Energy =   7.23800 eV, broadening =   0.20000eV
     Writing data to file  /home/ubuntu/projects/Graphene-Band-Structure-Quantum-Espresso/outputs/field_0/vdw-df2-c09/top/data/ldos.pp.dat1248

     Calling punch_plot, plot_num =   3

     Energy =   7.25800 eV, broadening =   0.20000eV
     Writing data to file  /home/ubuntu/projects/Graphene-Band-Structure-Quantum-Espresso/outputs/field_0/vdw-df2-c09/top/data/ldos.pp.dat1249

     Calling punch_plot, plot_num =   3

     Energy =   7.27800 eV, broadening =   0.20000eV
     Writing data to file  /home/ubuntu/projects/Graphene-Band-Structure-Quantum-Espresso/outputs/field_0/vdw-df2-c09/top/data/ldos.pp.dat1250

     Calling punch_plot, plot_num =   3

     Energy =   7.29800 eV, broadening =   0.20000eV
     Writing data to file  /home/ubuntu/projects/Graphene-Band-Structure-Quantum-Espresso/outputs/field_0/vdw-df2-c09/top/data/ldos.pp.dat1251

     Calling punch_plot, plot_num =   3

     Energy =   7.31800 eV, broadening =   0.20000eV
     Writing data to file  /home/ubuntu/projects/Graphene-Band-Structure-Quantum-Espresso/outputs/field_0/vdw-df2-c09/top/data/ldos.pp.dat1252

     Calling punch_plot, plot_num =   3

     Energy =   7.33800 eV, broadening =   0.20000eV
     Writing data to file  /home/ubuntu/projects/Graphene-Band-Structure-Quantum-Espresso/outputs/field_0/vdw-df2-c09/top/data/ldos.pp.dat1253

     Calling punch_plot, plot_num =   3

     Energy =   7.35800 eV, broadening =   0.20000eV
     Writing data to file  /home/ubuntu/projects/Graphene-Band-Structure-Quantum-Espresso/outputs/field_0/vdw-df2-c09/top/data/ldos.pp.dat1254

     Calling punch_plot, plot_num =   3

     Energy =   7.37800 eV, broadening =   0.20000eV
     Writing data to file  /home/ubuntu/projects/Graphene-Band-Structure-Quantum-Espresso/outputs/field_0/vdw-df2-c09/top/data/ldos.pp.dat1255

     Calling punch_plot, plot_num =   3

     Energy =   7.39800 eV, broadening =   0.20000eV
     Writing data to file  /home/ubuntu/projects/Graphene-Band-Structure-Quantum-Espresso/outputs/field_0/vdw-df2-c09/top/data/ldos.pp.dat1256

     Calling punch_plot, plot_num =   3

     Energy =   7.41800 eV, broadening =   0.20000eV
     Writing data to file  /home/ubuntu/projects/Graphene-Band-Structure-Quantum-Espresso/outputs/field_0/vdw-df2-c09/top/data/ldos.pp.dat1257

     Calling punch_plot, plot_num =   3

     Energy =   7.43800 eV, broadening =   0.20000eV
     Writing data to file  /home/ubuntu/projects/Graphene-Band-Structure-Quantum-Espresso/outputs/field_0/vdw-df2-c09/top/data/ldos.pp.dat1258

     Calling punch_plot, plot_num =   3

     Energy =   7.45800 eV, broadening =   0.20000eV
     Writing data to file  /home/ubuntu/projects/Graphene-Band-Structure-Quantum-Espresso/outputs/field_0/vdw-df2-c09/top/data/ldos.pp.dat1259

     Calling punch_plot, plot_num =   3

     Energy =   7.47800 eV, broadening =   0.20000eV
     Writing data to file  /home/ubuntu/projects/Graphene-Band-Structure-Quantum-Espresso/outputs/field_0/vdw-df2-c09/top/data/ldos.pp.dat1260

     Calling punch_plot, plot_num =   3

     Energy =   7.49800 eV, broadening =   0.20000eV
     Writing data to file  /home/ubuntu/projects/Graphene-Band-Structure-Quantum-Espresso/outputs/field_0/vdw-df2-c09/top/data/ldos.pp.dat1261

     Calling punch_plot, plot_num =   3

     Energy =   7.51800 eV, broadening =   0.20000eV
     Writing data to file  /home/ubuntu/projects/Graphene-Band-Structure-Quantum-Espresso/outputs/field_0/vdw-df2-c09/top/data/ldos.pp.dat1262

     Calling punch_plot, plot_num =   3

     Energy =   7.53800 eV, broadening =   0.20000eV
     Writing data to file  /home/ubuntu/projects/Graphene-Band-Structure-Quantum-Espresso/outputs/field_0/vdw-df2-c09/top/data/ldos.pp.dat1263

     Calling punch_plot, plot_num =   3

     Energy =   7.55800 eV, broadening =   0.20000eV
     Writing data to file  /home/ubuntu/projects/Graphene-Band-Structure-Quantum-Espresso/outputs/field_0/vdw-df2-c09/top/data/ldos.pp.dat1264

     Calling punch_plot, plot_num =   3

     Energy =   7.57800 eV, broadening =   0.20000eV
     Writing data to file  /home/ubuntu/projects/Graphene-Band-Structure-Quantum-Espresso/outputs/field_0/vdw-df2-c09/top/data/ldos.pp.dat1265

     Calling punch_plot, plot_num =   3

     Energy =   7.59800 eV, broadening =   0.20000eV
     Writing data to file  /home/ubuntu/projects/Graphene-Band-Structure-Quantum-Espresso/outputs/field_0/vdw-df2-c09/top/data/ldos.pp.dat1266

     Calling punch_plot, plot_num =   3

     Energy =   7.61800 eV, broadening =   0.20000eV
     Writing data to file  /home/ubuntu/projects/Graphene-Band-Structure-Quantum-Espresso/outputs/field_0/vdw-df2-c09/top/data/ldos.pp.dat1267

     Calling punch_plot, plot_num =   3

     Energy =   7.63800 eV, broadening =   0.20000eV
     Writing data to file  /home/ubuntu/projects/Graphene-Band-Structure-Quantum-Espresso/outputs/field_0/vdw-df2-c09/top/data/ldos.pp.dat1268

     Calling punch_plot, plot_num =   3

     Energy =   7.65800 eV, broadening =   0.20000eV
     Writing data to file  /home/ubuntu/projects/Graphene-Band-Structure-Quantum-Espresso/outputs/field_0/vdw-df2-c09/top/data/ldos.pp.dat1269

     Calling punch_plot, plot_num =   3

     Energy =   7.67800 eV, broadening =   0.20000eV
     Writing data to file  /home/ubuntu/projects/Graphene-Band-Structure-Quantum-Espresso/outputs/field_0/vdw-df2-c09/top/data/ldos.pp.dat1270

     Calling punch_plot, plot_num =   3

     Energy =   7.69800 eV, broadening =   0.20000eV
     Writing data to file  /home/ubuntu/projects/Graphene-Band-Structure-Quantum-Espresso/outputs/field_0/vdw-df2-c09/top/data/ldos.pp.dat1271

     Calling punch_plot, plot_num =   3

     Energy =   7.71800 eV, broadening =   0.20000eV
     Writing data to file  /home/ubuntu/projects/Graphene-Band-Structure-Quantum-Espresso/outputs/field_0/vdw-df2-c09/top/data/ldos.pp.dat1272

     Calling punch_plot, plot_num =   3

     Energy =   7.73800 eV, broadening =   0.20000eV
     Writing data to file  /home/ubuntu/projects/Graphene-Band-Structure-Quantum-Espresso/outputs/field_0/vdw-df2-c09/top/data/ldos.pp.dat1273

     Calling punch_plot, plot_num =   3

     Energy =   7.75800 eV, broadening =   0.20000eV
     Writing data to file  /home/ubuntu/projects/Graphene-Band-Structure-Quantum-Espresso/outputs/field_0/vdw-df2-c09/top/data/ldos.pp.dat1274

     Calling punch_plot, plot_num =   3

     Energy =   7.77800 eV, broadening =   0.20000eV
     Writing data to file  /home/ubuntu/projects/Graphene-Band-Structure-Quantum-Espresso/outputs/field_0/vdw-df2-c09/top/data/ldos.pp.dat1275

     Calling punch_plot, plot_num =   3

     Energy =   7.79800 eV, broadening =   0.20000eV
     Writing data to file  /home/ubuntu/projects/Graphene-Band-Structure-Quantum-Espresso/outputs/field_0/vdw-df2-c09/top/data/ldos.pp.dat1276

     Calling punch_plot, plot_num =   3

     Energy =   7.81800 eV, broadening =   0.20000eV
     Writing data to file  /home/ubuntu/projects/Graphene-Band-Structure-Quantum-Espresso/outputs/field_0/vdw-df2-c09/top/data/ldos.pp.dat1277

     Calling punch_plot, plot_num =   3

     Energy =   7.83800 eV, broadening =   0.20000eV
     Writing data to file  /home/ubuntu/projects/Graphene-Band-Structure-Quantum-Espresso/outputs/field_0/vdw-df2-c09/top/data/ldos.pp.dat1278

     Calling punch_plot, plot_num =   3

     Energy =   7.85800 eV, broadening =   0.20000eV
     Writing data to file  /home/ubuntu/projects/Graphene-Band-Structure-Quantum-Espresso/outputs/field_0/vdw-df2-c09/top/data/ldos.pp.dat1279

     Calling punch_plot, plot_num =   3

     Energy =   7.87800 eV, broadening =   0.20000eV
     Writing data to file  /home/ubuntu/projects/Graphene-Band-Structure-Quantum-Espresso/outputs/field_0/vdw-df2-c09/top/data/ldos.pp.dat1280

     Calling punch_plot, plot_num =   3

     Energy =   7.89800 eV, broadening =   0.20000eV
     Writing data to file  /home/ubuntu/projects/Graphene-Band-Structure-Quantum-Espresso/outputs/field_0/vdw-df2-c09/top/data/ldos.pp.dat1281

     Calling punch_plot, plot_num =   3

     Energy =   7.91800 eV, broadening =   0.20000eV
     Writing data to file  /home/ubuntu/projects/Graphene-Band-Structure-Quantum-Espresso/outputs/field_0/vdw-df2-c09/top/data/ldos.pp.dat1282

     Calling punch_plot, plot_num =   3

     Energy =   7.93800 eV, broadening =   0.20000eV
     Writing data to file  /home/ubuntu/projects/Graphene-Band-Structure-Quantum-Espresso/outputs/field_0/vdw-df2-c09/top/data/ldos.pp.dat1283

     Calling punch_plot, plot_num =   3

     Energy =   7.95800 eV, broadening =   0.20000eV
     Writing data to file  /home/ubuntu/projects/Graphene-Band-Structure-Quantum-Espresso/outputs/field_0/vdw-df2-c09/top/data/ldos.pp.dat1284

     Calling punch_plot, plot_num =   3

     Energy =   7.97800 eV, broadening =   0.20000eV
     Writing data to file  /home/ubuntu/projects/Graphene-Band-Structure-Quantum-Espresso/outputs/field_0/vdw-df2-c09/top/data/ldos.pp.dat1285

     Calling punch_plot, plot_num =   3

     Energy =   7.99800 eV, broadening =   0.20000eV
     Writing data to file  /home/ubuntu/projects/Graphene-Band-Structure-Quantum-Espresso/outputs/field_0/vdw-df2-c09/top/data/ldos.pp.dat1286

     Calling punch_plot, plot_num =   3

     Energy =   8.01800 eV, broadening =   0.20000eV
     Writing data to file  /home/ubuntu/projects/Graphene-Band-Structure-Quantum-Espresso/outputs/field_0/vdw-df2-c09/top/data/ldos.pp.dat1287

     Calling punch_plot, plot_num =   3

     Energy =   8.03800 eV, broadening =   0.20000eV
     Writing data to file  /home/ubuntu/projects/Graphene-Band-Structure-Quantum-Espresso/outputs/field_0/vdw-df2-c09/top/data/ldos.pp.dat1288

     Calling punch_plot, plot_num =   3

     Energy =   8.05800 eV, broadening =   0.20000eV
     Writing data to file  /home/ubuntu/projects/Graphene-Band-Structure-Quantum-Espresso/outputs/field_0/vdw-df2-c09/top/data/ldos.pp.dat1289

     Calling punch_plot, plot_num =   3

     Energy =   8.07800 eV, broadening =   0.20000eV
     Writing data to file  /home/ubuntu/projects/Graphene-Band-Structure-Quantum-Espresso/outputs/field_0/vdw-df2-c09/top/data/ldos.pp.dat1290

     Calling punch_plot, plot_num =   3

     Energy =   8.09800 eV, broadening =   0.20000eV
     Writing data to file  /home/ubuntu/projects/Graphene-Band-Structure-Quantum-Espresso/outputs/field_0/vdw-df2-c09/top/data/ldos.pp.dat1291

     Calling punch_plot, plot_num =   3

     Energy =   8.11800 eV, broadening =   0.20000eV
     Writing data to file  /home/ubuntu/projects/Graphene-Band-Structure-Quantum-Espresso/outputs/field_0/vdw-df2-c09/top/data/ldos.pp.dat1292

     Calling punch_plot, plot_num =   3

     Energy =   8.13800 eV, broadening =   0.20000eV
     Writing data to file  /home/ubuntu/projects/Graphene-Band-Structure-Quantum-Espresso/outputs/field_0/vdw-df2-c09/top/data/ldos.pp.dat1293

     Calling punch_plot, plot_num =   3

     Energy =   8.15800 eV, broadening =   0.20000eV
     Writing data to file  /home/ubuntu/projects/Graphene-Band-Structure-Quantum-Espresso/outputs/field_0/vdw-df2-c09/top/data/ldos.pp.dat1294

     Calling punch_plot, plot_num =   3

     Energy =   8.17800 eV, broadening =   0.20000eV
     Writing data to file  /home/ubuntu/projects/Graphene-Band-Structure-Quantum-Espresso/outputs/field_0/vdw-df2-c09/top/data/ldos.pp.dat1295

     Calling punch_plot, plot_num =   3

     Energy =   8.19800 eV, broadening =   0.20000eV
     Writing data to file  /home/ubuntu/projects/Graphene-Band-Structure-Quantum-Espresso/outputs/field_0/vdw-df2-c09/top/data/ldos.pp.dat1296

     Calling punch_plot, plot_num =   3

     Energy =   8.21800 eV, broadening =   0.20000eV
     Writing data to file  /home/ubuntu/projects/Graphene-Band-Structure-Quantum-Espresso/outputs/field_0/vdw-df2-c09/top/data/ldos.pp.dat1297

     Calling punch_plot, plot_num =   3

     Energy =   8.23800 eV, broadening =   0.20000eV
     Writing data to file  /home/ubuntu/projects/Graphene-Band-Structure-Quantum-Espresso/outputs/field_0/vdw-df2-c09/top/data/ldos.pp.dat1298

     Calling punch_plot, plot_num =   3

     Energy =   8.25800 eV, broadening =   0.20000eV
     Writing data to file  /home/ubuntu/projects/Graphene-Band-Structure-Quantum-Espresso/outputs/field_0/vdw-df2-c09/top/data/ldos.pp.dat1299

     Calling punch_plot, plot_num =   3

     Energy =   8.27800 eV, broadening =   0.20000eV
     Writing data to file  /home/ubuntu/projects/Graphene-Band-Structure-Quantum-Espresso/outputs/field_0/vdw-df2-c09/top/data/ldos.pp.dat1300

     Calling punch_plot, plot_num =   3

     Energy =   8.29800 eV, broadening =   0.20000eV
     Writing data to file  /home/ubuntu/projects/Graphene-Band-Structure-Quantum-Espresso/outputs/field_0/vdw-df2-c09/top/data/ldos.pp.dat1301

     Calling punch_plot, plot_num =   3

     Energy =   8.31800 eV, broadening =   0.20000eV
     Writing data to file  /home/ubuntu/projects/Graphene-Band-Structure-Quantum-Espresso/outputs/field_0/vdw-df2-c09/top/data/ldos.pp.dat1302

     Calling punch_plot, plot_num =   3

     Energy =   8.33800 eV, broadening =   0.20000eV
     Writing data to file  /home/ubuntu/projects/Graphene-Band-Structure-Quantum-Espresso/outputs/field_0/vdw-df2-c09/top/data/ldos.pp.dat1303

     Calling punch_plot, plot_num =   3

     Energy =   8.35800 eV, broadening =   0.20000eV
     Writing data to file  /home/ubuntu/projects/Graphene-Band-Structure-Quantum-Espresso/outputs/field_0/vdw-df2-c09/top/data/ldos.pp.dat1304

     Calling punch_plot, plot_num =   3

     Energy =   8.37800 eV, broadening =   0.20000eV
     Writing data to file  /home/ubuntu/projects/Graphene-Band-Structure-Quantum-Espresso/outputs/field_0/vdw-df2-c09/top/data/ldos.pp.dat1305

     Calling punch_plot, plot_num =   3

     Energy =   8.39800 eV, broadening =   0.20000eV
     Writing data to file  /home/ubuntu/projects/Graphene-Band-Structure-Quantum-Espresso/outputs/field_0/vdw-df2-c09/top/data/ldos.pp.dat1306

     Calling punch_plot, plot_num =   3

     Energy =   8.41800 eV, broadening =   0.20000eV
     Writing data to file  /home/ubuntu/projects/Graphene-Band-Structure-Quantum-Espresso/outputs/field_0/vdw-df2-c09/top/data/ldos.pp.dat1307

     Calling punch_plot, plot_num =   3

     Energy =   8.43800 eV, broadening =   0.20000eV
     Writing data to file  /home/ubuntu/projects/Graphene-Band-Structure-Quantum-Espresso/outputs/field_0/vdw-df2-c09/top/data/ldos.pp.dat1308

     Calling punch_plot, plot_num =   3

     Energy =   8.45800 eV, broadening =   0.20000eV
     Writing data to file  /home/ubuntu/projects/Graphene-Band-Structure-Quantum-Espresso/outputs/field_0/vdw-df2-c09/top/data/ldos.pp.dat1309

     Calling punch_plot, plot_num =   3

     Energy =   8.47800 eV, broadening =   0.20000eV
     Writing data to file  /home/ubuntu/projects/Graphene-Band-Structure-Quantum-Espresso/outputs/field_0/vdw-df2-c09/top/data/ldos.pp.dat1310

     Calling punch_plot, plot_num =   3

     Energy =   8.49800 eV, broadening =   0.20000eV
     Writing data to file  /home/ubuntu/projects/Graphene-Band-Structure-Quantum-Espresso/outputs/field_0/vdw-df2-c09/top/data/ldos.pp.dat1311

     Calling punch_plot, plot_num =   3

     Energy =   8.51800 eV, broadening =   0.20000eV
     Writing data to file  /home/ubuntu/projects/Graphene-Band-Structure-Quantum-Espresso/outputs/field_0/vdw-df2-c09/top/data/ldos.pp.dat1312

     Calling punch_plot, plot_num =   3

     Energy =   8.53800 eV, broadening =   0.20000eV
     Writing data to file  /home/ubuntu/projects/Graphene-Band-Structure-Quantum-Espresso/outputs/field_0/vdw-df2-c09/top/data/ldos.pp.dat1313

     Calling punch_plot, plot_num =   3

     Energy =   8.55800 eV, broadening =   0.20000eV
     Writing data to file  /home/ubuntu/projects/Graphene-Band-Structure-Quantum-Espresso/outputs/field_0/vdw-df2-c09/top/data/ldos.pp.dat1314

     Calling punch_plot, plot_num =   3

     Energy =   8.57800 eV, broadening =   0.20000eV
     Writing data to file  /home/ubuntu/projects/Graphene-Band-Structure-Quantum-Espresso/outputs/field_0/vdw-df2-c09/top/data/ldos.pp.dat1315

     Calling punch_plot, plot_num =   3

     Energy =   8.59800 eV, broadening =   0.20000eV
     Writing data to file  /home/ubuntu/projects/Graphene-Band-Structure-Quantum-Espresso/outputs/field_0/vdw-df2-c09/top/data/ldos.pp.dat1316

     Calling punch_plot, plot_num =   3

     Energy =   8.61800 eV, broadening =   0.20000eV
     Writing data to file  /home/ubuntu/projects/Graphene-Band-Structure-Quantum-Espresso/outputs/field_0/vdw-df2-c09/top/data/ldos.pp.dat1317

     Calling punch_plot, plot_num =   3

     Energy =   8.63800 eV, broadening =   0.20000eV
     Writing data to file  /home/ubuntu/projects/Graphene-Band-Structure-Quantum-Espresso/outputs/field_0/vdw-df2-c09/top/data/ldos.pp.dat1318

     Calling punch_plot, plot_num =   3

     Energy =   8.65800 eV, broadening =   0.20000eV
     Writing data to file  /home/ubuntu/projects/Graphene-Band-Structure-Quantum-Espresso/outputs/field_0/vdw-df2-c09/top/data/ldos.pp.dat1319

     Calling punch_plot, plot_num =   3

     Energy =   8.67800 eV, broadening =   0.20000eV
     Writing data to file  /home/ubuntu/projects/Graphene-Band-Structure-Quantum-Espresso/outputs/field_0/vdw-df2-c09/top/data/ldos.pp.dat1320

     Calling punch_plot, plot_num =   3

     Energy =   8.69800 eV, broadening =   0.20000eV
     Writing data to file  /home/ubuntu/projects/Graphene-Band-Structure-Quantum-Espresso/outputs/field_0/vdw-df2-c09/top/data/ldos.pp.dat1321

     Calling punch_plot, plot_num =   3

     Energy =   8.71800 eV, broadening =   0.20000eV
     Writing data to file  /home/ubuntu/projects/Graphene-Band-Structure-Quantum-Espresso/outputs/field_0/vdw-df2-c09/top/data/ldos.pp.dat1322

     Calling punch_plot, plot_num =   3

     Energy =   8.73800 eV, broadening =   0.20000eV
     Writing data to file  /home/ubuntu/projects/Graphene-Band-Structure-Quantum-Espresso/outputs/field_0/vdw-df2-c09/top/data/ldos.pp.dat1323

     Calling punch_plot, plot_num =   3

     Energy =   8.75800 eV, broadening =   0.20000eV
     Writing data to file  /home/ubuntu/projects/Graphene-Band-Structure-Quantum-Espresso/outputs/field_0/vdw-df2-c09/top/data/ldos.pp.dat1324

     Calling punch_plot, plot_num =   3

     Energy =   8.77800 eV, broadening =   0.20000eV
     Writing data to file  /home/ubuntu/projects/Graphene-Band-Structure-Quantum-Espresso/outputs/field_0/vdw-df2-c09/top/data/ldos.pp.dat1325

     Calling punch_plot, plot_num =   3

     Energy =   8.79800 eV, broadening =   0.20000eV
     Writing data to file  /home/ubuntu/projects/Graphene-Band-Structure-Quantum-Espresso/outputs/field_0/vdw-df2-c09/top/data/ldos.pp.dat1326

     Calling punch_plot, plot_num =   3

     Energy =   8.81800 eV, broadening =   0.20000eV
     Writing data to file  /home/ubuntu/projects/Graphene-Band-Structure-Quantum-Espresso/outputs/field_0/vdw-df2-c09/top/data/ldos.pp.dat1327

     Calling punch_plot, plot_num =   3

     Energy =   8.83800 eV, broadening =   0.20000eV
     Writing data to file  /home/ubuntu/projects/Graphene-Band-Structure-Quantum-Espresso/outputs/field_0/vdw-df2-c09/top/data/ldos.pp.dat1328

     Calling punch_plot, plot_num =   3

     Energy =   8.85800 eV, broadening =   0.20000eV
     Writing data to file  /home/ubuntu/projects/Graphene-Band-Structure-Quantum-Espresso/outputs/field_0/vdw-df2-c09/top/data/ldos.pp.dat1329

     Calling punch_plot, plot_num =   3

     Energy =   8.87800 eV, broadening =   0.20000eV
     Writing data to file  /home/ubuntu/projects/Graphene-Band-Structure-Quantum-Espresso/outputs/field_0/vdw-df2-c09/top/data/ldos.pp.dat1330

     Calling punch_plot, plot_num =   3

     Energy =   8.89800 eV, broadening =   0.20000eV
     Writing data to file  /home/ubuntu/projects/Graphene-Band-Structure-Quantum-Espresso/outputs/field_0/vdw-df2-c09/top/data/ldos.pp.dat1331

     Calling punch_plot, plot_num =   3

     Energy =   8.91800 eV, broadening =   0.20000eV
     Writing data to file  /home/ubuntu/projects/Graphene-Band-Structure-Quantum-Espresso/outputs/field_0/vdw-df2-c09/top/data/ldos.pp.dat1332

     Calling punch_plot, plot_num =   3

     Energy =   8.93800 eV, broadening =   0.20000eV
     Writing data to file  /home/ubuntu/projects/Graphene-Band-Structure-Quantum-Espresso/outputs/field_0/vdw-df2-c09/top/data/ldos.pp.dat1333

     Calling punch_plot, plot_num =   3

     Energy =   8.95800 eV, broadening =   0.20000eV
     Writing data to file  /home/ubuntu/projects/Graphene-Band-Structure-Quantum-Espresso/outputs/field_0/vdw-df2-c09/top/data/ldos.pp.dat1334

     Calling punch_plot, plot_num =   3

     Energy =   8.97800 eV, broadening =   0.20000eV
     Writing data to file  /home/ubuntu/projects/Graphene-Band-Structure-Quantum-Espresso/outputs/field_0/vdw-df2-c09/top/data/ldos.pp.dat1335

     Calling punch_plot, plot_num =   3

     Energy =   8.99800 eV, broadening =   0.20000eV
     Writing data to file  /home/ubuntu/projects/Graphene-Band-Structure-Quantum-Espresso/outputs/field_0/vdw-df2-c09/top/data/ldos.pp.dat1336

     Calling punch_plot, plot_num =   3

     Energy =   9.01800 eV, broadening =   0.20000eV
     Writing data to file  /home/ubuntu/projects/Graphene-Band-Structure-Quantum-Espresso/outputs/field_0/vdw-df2-c09/top/data/ldos.pp.dat1337

     Calling punch_plot, plot_num =   3

     Energy =   9.03800 eV, broadening =   0.20000eV
     Writing data to file  /home/ubuntu/projects/Graphene-Band-Structure-Quantum-Espresso/outputs/field_0/vdw-df2-c09/top/data/ldos.pp.dat1338

     Calling punch_plot, plot_num =   3

     Energy =   9.05800 eV, broadening =   0.20000eV
     Writing data to file  /home/ubuntu/projects/Graphene-Band-Structure-Quantum-Espresso/outputs/field_0/vdw-df2-c09/top/data/ldos.pp.dat1339

     Calling punch_plot, plot_num =   3

     Energy =   9.07800 eV, broadening =   0.20000eV
     Writing data to file  /home/ubuntu/projects/Graphene-Band-Structure-Quantum-Espresso/outputs/field_0/vdw-df2-c09/top/data/ldos.pp.dat1340

     Calling punch_plot, plot_num =   3

     Energy =   9.09800 eV, broadening =   0.20000eV
     Writing data to file  /home/ubuntu/projects/Graphene-Band-Structure-Quantum-Espresso/outputs/field_0/vdw-df2-c09/top/data/ldos.pp.dat1341

     Calling punch_plot, plot_num =   3

     Energy =   9.11800 eV, broadening =   0.20000eV
     Writing data to file  /home/ubuntu/projects/Graphene-Band-Structure-Quantum-Espresso/outputs/field_0/vdw-df2-c09/top/data/ldos.pp.dat1342

     Calling punch_plot, plot_num =   3

     Energy =   9.13800 eV, broadening =   0.20000eV
     Writing data to file  /home/ubuntu/projects/Graphene-Band-Structure-Quantum-Espresso/outputs/field_0/vdw-df2-c09/top/data/ldos.pp.dat1343

     Calling punch_plot, plot_num =   3

     Energy =   9.15800 eV, broadening =   0.20000eV
     Writing data to file  /home/ubuntu/projects/Graphene-Band-Structure-Quantum-Espresso/outputs/field_0/vdw-df2-c09/top/data/ldos.pp.dat1344

     Calling punch_plot, plot_num =   3

     Energy =   9.17800 eV, broadening =   0.20000eV
     Writing data to file  /home/ubuntu/projects/Graphene-Band-Structure-Quantum-Espresso/outputs/field_0/vdw-df2-c09/top/data/ldos.pp.dat1345

     Calling punch_plot, plot_num =   3

     Energy =   9.19800 eV, broadening =   0.20000eV
     Writing data to file  /home/ubuntu/projects/Graphene-Band-Structure-Quantum-Espresso/outputs/field_0/vdw-df2-c09/top/data/ldos.pp.dat1346

     Calling punch_plot, plot_num =   3

     Energy =   9.21800 eV, broadening =   0.20000eV
     Writing data to file  /home/ubuntu/projects/Graphene-Band-Structure-Quantum-Espresso/outputs/field_0/vdw-df2-c09/top/data/ldos.pp.dat1347

     Calling punch_plot, plot_num =   3

     Energy =   9.23800 eV, broadening =   0.20000eV
     Writing data to file  /home/ubuntu/projects/Graphene-Band-Structure-Quantum-Espresso/outputs/field_0/vdw-df2-c09/top/data/ldos.pp.dat1348

     Calling punch_plot, plot_num =   3

     Energy =   9.25800 eV, broadening =   0.20000eV
     Writing data to file  /home/ubuntu/projects/Graphene-Band-Structure-Quantum-Espresso/outputs/field_0/vdw-df2-c09/top/data/ldos.pp.dat1349

     Calling punch_plot, plot_num =   3

     Energy =   9.27800 eV, broadening =   0.20000eV
     Writing data to file  /home/ubuntu/projects/Graphene-Band-Structure-Quantum-Espresso/outputs/field_0/vdw-df2-c09/top/data/ldos.pp.dat1350

     Calling punch_plot, plot_num =   3

     Energy =   9.29800 eV, broadening =   0.20000eV
     Writing data to file  /home/ubuntu/projects/Graphene-Band-Structure-Quantum-Espresso/outputs/field_0/vdw-df2-c09/top/data/ldos.pp.dat1351

     Calling punch_plot, plot_num =   3

     Energy =   9.31800 eV, broadening =   0.20000eV
     Writing data to file  /home/ubuntu/projects/Graphene-Band-Structure-Quantum-Espresso/outputs/field_0/vdw-df2-c09/top/data/ldos.pp.dat1352

     Calling punch_plot, plot_num =   3

     Energy =   9.33800 eV, broadening =   0.20000eV
     Writing data to file  /home/ubuntu/projects/Graphene-Band-Structure-Quantum-Espresso/outputs/field_0/vdw-df2-c09/top/data/ldos.pp.dat1353

     Calling punch_plot, plot_num =   3

     Energy =   9.35800 eV, broadening =   0.20000eV
     Writing data to file  /home/ubuntu/projects/Graphene-Band-Structure-Quantum-Espresso/outputs/field_0/vdw-df2-c09/top/data/ldos.pp.dat1354

     Calling punch_plot, plot_num =   3

     Energy =   9.37800 eV, broadening =   0.20000eV
     Writing data to file  /home/ubuntu/projects/Graphene-Band-Structure-Quantum-Espresso/outputs/field_0/vdw-df2-c09/top/data/ldos.pp.dat1355

     Calling punch_plot, plot_num =   3

     Energy =   9.39800 eV, broadening =   0.20000eV
     Writing data to file  /home/ubuntu/projects/Graphene-Band-Structure-Quantum-Espresso/outputs/field_0/vdw-df2-c09/top/data/ldos.pp.dat1356

     Calling punch_plot, plot_num =   3

     Energy =   9.41800 eV, broadening =   0.20000eV
     Writing data to file  /home/ubuntu/projects/Graphene-Band-Structure-Quantum-Espresso/outputs/field_0/vdw-df2-c09/top/data/ldos.pp.dat1357

     Calling punch_plot, plot_num =   3

     Energy =   9.43800 eV, broadening =   0.20000eV
     Writing data to file  /home/ubuntu/projects/Graphene-Band-Structure-Quantum-Espresso/outputs/field_0/vdw-df2-c09/top/data/ldos.pp.dat1358

     Calling punch_plot, plot_num =   3

     Energy =   9.45800 eV, broadening =   0.20000eV
     Writing data to file  /home/ubuntu/projects/Graphene-Band-Structure-Quantum-Espresso/outputs/field_0/vdw-df2-c09/top/data/ldos.pp.dat1359

     Calling punch_plot, plot_num =   3

     Energy =   9.47800 eV, broadening =   0.20000eV
     Writing data to file  /home/ubuntu/projects/Graphene-Band-Structure-Quantum-Espresso/outputs/field_0/vdw-df2-c09/top/data/ldos.pp.dat1360

     Calling punch_plot, plot_num =   3

     Energy =   9.49800 eV, broadening =   0.20000eV
     Writing data to file  /home/ubuntu/projects/Graphene-Band-Structure-Quantum-Espresso/outputs/field_0/vdw-df2-c09/top/data/ldos.pp.dat1361

     Calling punch_plot, plot_num =   3

     Energy =   9.51800 eV, broadening =   0.20000eV
     Writing data to file  /home/ubuntu/projects/Graphene-Band-Structure-Quantum-Espresso/outputs/field_0/vdw-df2-c09/top/data/ldos.pp.dat1362

     Calling punch_plot, plot_num =   3

     Energy =   9.53800 eV, broadening =   0.20000eV
     Writing data to file  /home/ubuntu/projects/Graphene-Band-Structure-Quantum-Espresso/outputs/field_0/vdw-df2-c09/top/data/ldos.pp.dat1363

     Calling punch_plot, plot_num =   3

     Energy =   9.55800 eV, broadening =   0.20000eV
     Writing data to file  /home/ubuntu/projects/Graphene-Band-Structure-Quantum-Espresso/outputs/field_0/vdw-df2-c09/top/data/ldos.pp.dat1364

     Calling punch_plot, plot_num =   3

     Energy =   9.57800 eV, broadening =   0.20000eV
     Writing data to file  /home/ubuntu/projects/Graphene-Band-Structure-Quantum-Espresso/outputs/field_0/vdw-df2-c09/top/data/ldos.pp.dat1365

     Calling punch_plot, plot_num =   3

     Energy =   9.59800 eV, broadening =   0.20000eV
     Writing data to file  /home/ubuntu/projects/Graphene-Band-Structure-Quantum-Espresso/outputs/field_0/vdw-df2-c09/top/data/ldos.pp.dat1366

     Calling punch_plot, plot_num =   3

     Energy =   9.61800 eV, broadening =   0.20000eV
     Writing data to file  /home/ubuntu/projects/Graphene-Band-Structure-Quantum-Espresso/outputs/field_0/vdw-df2-c09/top/data/ldos.pp.dat1367

     Calling punch_plot, plot_num =   3

     Energy =   9.63800 eV, broadening =   0.20000eV
     Writing data to file  /home/ubuntu/projects/Graphene-Band-Structure-Quantum-Espresso/outputs/field_0/vdw-df2-c09/top/data/ldos.pp.dat1368

     Calling punch_plot, plot_num =   3

     Energy =   9.65800 eV, broadening =   0.20000eV
     Writing data to file  /home/ubuntu/projects/Graphene-Band-Structure-Quantum-Espresso/outputs/field_0/vdw-df2-c09/top/data/ldos.pp.dat1369

     Calling punch_plot, plot_num =   3

     Energy =   9.67800 eV, broadening =   0.20000eV
     Writing data to file  /home/ubuntu/projects/Graphene-Band-Structure-Quantum-Espresso/outputs/field_0/vdw-df2-c09/top/data/ldos.pp.dat1370

     Calling punch_plot, plot_num =   3

     Energy =   9.69800 eV, broadening =   0.20000eV
     Writing data to file  /home/ubuntu/projects/Graphene-Band-Structure-Quantum-Espresso/outputs/field_0/vdw-df2-c09/top/data/ldos.pp.dat1371

     Calling punch_plot, plot_num =   3

     Energy =   9.71800 eV, broadening =   0.20000eV
     Writing data to file  /home/ubuntu/projects/Graphene-Band-Structure-Quantum-Espresso/outputs/field_0/vdw-df2-c09/top/data/ldos.pp.dat1372

     Calling punch_plot, plot_num =   3

     Energy =   9.73800 eV, broadening =   0.20000eV
     Writing data to file  /home/ubuntu/projects/Graphene-Band-Structure-Quantum-Espresso/outputs/field_0/vdw-df2-c09/top/data/ldos.pp.dat1373

     Calling punch_plot, plot_num =   3

     Energy =   9.75800 eV, broadening =   0.20000eV
     Writing data to file  /home/ubuntu/projects/Graphene-Band-Structure-Quantum-Espresso/outputs/field_0/vdw-df2-c09/top/data/ldos.pp.dat1374

     Calling punch_plot, plot_num =   3

     Energy =   9.77800 eV, broadening =   0.20000eV
     Writing data to file  /home/ubuntu/projects/Graphene-Band-Structure-Quantum-Espresso/outputs/field_0/vdw-df2-c09/top/data/ldos.pp.dat1375

     Calling punch_plot, plot_num =   3

     Energy =   9.79800 eV, broadening =   0.20000eV
     Writing data to file  /home/ubuntu/projects/Graphene-Band-Structure-Quantum-Espresso/outputs/field_0/vdw-df2-c09/top/data/ldos.pp.dat1376

     Calling punch_plot, plot_num =   3

     Energy =   9.81800 eV, broadening =   0.20000eV
     Writing data to file  /home/ubuntu/projects/Graphene-Band-Structure-Quantum-Espresso/outputs/field_0/vdw-df2-c09/top/data/ldos.pp.dat1377

     Calling punch_plot, plot_num =   3

     Energy =   9.83800 eV, broadening =   0.20000eV
     Writing data to file  /home/ubuntu/projects/Graphene-Band-Structure-Quantum-Espresso/outputs/field_0/vdw-df2-c09/top/data/ldos.pp.dat1378

     Calling punch_plot, plot_num =   3

     Energy =   9.85800 eV, broadening =   0.20000eV
     Writing data to file  /home/ubuntu/projects/Graphene-Band-Structure-Quantum-Espresso/outputs/field_0/vdw-df2-c09/top/data/ldos.pp.dat1379

     Calling punch_plot, plot_num =   3

     Energy =   9.87800 eV, broadening =   0.20000eV
     Writing data to file  /home/ubuntu/projects/Graphene-Band-Structure-Quantum-Espresso/outputs/field_0/vdw-df2-c09/top/data/ldos.pp.dat1380

     Calling punch_plot, plot_num =   3

     Energy =   9.89800 eV, broadening =   0.20000eV
     Writing data to file  /home/ubuntu/projects/Graphene-Band-Structure-Quantum-Espresso/outputs/field_0/vdw-df2-c09/top/data/ldos.pp.dat1381

     Calling punch_plot, plot_num =   3

     Energy =   9.91800 eV, broadening =   0.20000eV
     Writing data to file  /home/ubuntu/projects/Graphene-Band-Structure-Quantum-Espresso/outputs/field_0/vdw-df2-c09/top/data/ldos.pp.dat1382

     Calling punch_plot, plot_num =   3

     Energy =   9.93800 eV, broadening =   0.20000eV
     Writing data to file  /home/ubuntu/projects/Graphene-Band-Structure-Quantum-Espresso/outputs/field_0/vdw-df2-c09/top/data/ldos.pp.dat1383

     Calling punch_plot, plot_num =   3

     Energy =   9.95800 eV, broadening =   0.20000eV
     Writing data to file  /home/ubuntu/projects/Graphene-Band-Structure-Quantum-Espresso/outputs/field_0/vdw-df2-c09/top/data/ldos.pp.dat1384

     Calling punch_plot, plot_num =   3

     Energy =   9.97800 eV, broadening =   0.20000eV
     Writing data to file  /home/ubuntu/projects/Graphene-Band-Structure-Quantum-Espresso/outputs/field_0/vdw-df2-c09/top/data/ldos.pp.dat1385

     Calling punch_plot, plot_num =   3

     Energy =   9.99800 eV, broadening =   0.20000eV
     Writing data to file  /home/ubuntu/projects/Graphene-Band-Structure-Quantum-Espresso/outputs/field_0/vdw-df2-c09/top/data/ldos.pp.dat1386

     Calling punch_plot, plot_num =   3

     Energy =  10.01800 eV, broadening =   0.20000eV
     Writing data to file  /home/ubuntu/projects/Graphene-Band-Structure-Quantum-Espresso/outputs/field_0/vdw-df2-c09/top/data/ldos.pp.dat1387

     Calling punch_plot, plot_num =   3

     Energy =  10.03800 eV, broadening =   0.20000eV
     Writing data to file  /home/ubuntu/projects/Graphene-Band-Structure-Quantum-Espresso/outputs/field_0/vdw-df2-c09/top/data/ldos.pp.dat1388

     Calling punch_plot, plot_num =   3

     Energy =  10.05800 eV, broadening =   0.20000eV
     Writing data to file  /home/ubuntu/projects/Graphene-Band-Structure-Quantum-Espresso/outputs/field_0/vdw-df2-c09/top/data/ldos.pp.dat1389

     Calling punch_plot, plot_num =   3

     Energy =  10.07800 eV, broadening =   0.20000eV
     Writing data to file  /home/ubuntu/projects/Graphene-Band-Structure-Quantum-Espresso/outputs/field_0/vdw-df2-c09/top/data/ldos.pp.dat1390

     Calling punch_plot, plot_num =   3

     Energy =  10.09800 eV, broadening =   0.20000eV
     Writing data to file  /home/ubuntu/projects/Graphene-Band-Structure-Quantum-Espresso/outputs/field_0/vdw-df2-c09/top/data/ldos.pp.dat1391

     Calling punch_plot, plot_num =   3

     Energy =  10.11800 eV, broadening =   0.20000eV
     Writing data to file  /home/ubuntu/projects/Graphene-Band-Structure-Quantum-Espresso/outputs/field_0/vdw-df2-c09/top/data/ldos.pp.dat1392

     Calling punch_plot, plot_num =   3

     Energy =  10.13800 eV, broadening =   0.20000eV
     Writing data to file  /home/ubuntu/projects/Graphene-Band-Structure-Quantum-Espresso/outputs/field_0/vdw-df2-c09/top/data/ldos.pp.dat1393

     Calling punch_plot, plot_num =   3

     Energy =  10.15800 eV, broadening =   0.20000eV
     Writing data to file  /home/ubuntu/projects/Graphene-Band-Structure-Quantum-Espresso/outputs/field_0/vdw-df2-c09/top/data/ldos.pp.dat1394

     Calling punch_plot, plot_num =   3

     Energy =  10.17800 eV, broadening =   0.20000eV
     Writing data to file  /home/ubuntu/projects/Graphene-Band-Structure-Quantum-Espresso/outputs/field_0/vdw-df2-c09/top/data/ldos.pp.dat1395

     Calling punch_plot, plot_num =   3

     Energy =  10.19800 eV, broadening =   0.20000eV
     Writing data to file  /home/ubuntu/projects/Graphene-Band-Structure-Quantum-Espresso/outputs/field_0/vdw-df2-c09/top/data/ldos.pp.dat1396

     Calling punch_plot, plot_num =   3

     Energy =  10.21800 eV, broadening =   0.20000eV
     Writing data to file  /home/ubuntu/projects/Graphene-Band-Structure-Quantum-Espresso/outputs/field_0/vdw-df2-c09/top/data/ldos.pp.dat1397

     Calling punch_plot, plot_num =   3

     Energy =  10.23800 eV, broadening =   0.20000eV
     Writing data to file  /home/ubuntu/projects/Graphene-Band-Structure-Quantum-Espresso/outputs/field_0/vdw-df2-c09/top/data/ldos.pp.dat1398

     Calling punch_plot, plot_num =   3

     Energy =  10.25800 eV, broadening =   0.20000eV
     Writing data to file  /home/ubuntu/projects/Graphene-Band-Structure-Quantum-Espresso/outputs/field_0/vdw-df2-c09/top/data/ldos.pp.dat1399

     Calling punch_plot, plot_num =   3

     Energy =  10.27800 eV, broadening =   0.20000eV
     Writing data to file  /home/ubuntu/projects/Graphene-Band-Structure-Quantum-Espresso/outputs/field_0/vdw-df2-c09/top/data/ldos.pp.dat1400

     Calling punch_plot, plot_num =   3

     Energy =  10.29800 eV, broadening =   0.20000eV
     Writing data to file  /home/ubuntu/projects/Graphene-Band-Structure-Quantum-Espresso/outputs/field_0/vdw-df2-c09/top/data/ldos.pp.dat1401

     Calling punch_plot, plot_num =   3

     Energy =  10.31800 eV, broadening =   0.20000eV
     Writing data to file  /home/ubuntu/projects/Graphene-Band-Structure-Quantum-Espresso/outputs/field_0/vdw-df2-c09/top/data/ldos.pp.dat1402

     Calling punch_plot, plot_num =   3

     Energy =  10.33800 eV, broadening =   0.20000eV
     Writing data to file  /home/ubuntu/projects/Graphene-Band-Structure-Quantum-Espresso/outputs/field_0/vdw-df2-c09/top/data/ldos.pp.dat1403

     Calling punch_plot, plot_num =   3

     Energy =  10.35800 eV, broadening =   0.20000eV
     Writing data to file  /home/ubuntu/projects/Graphene-Band-Structure-Quantum-Espresso/outputs/field_0/vdw-df2-c09/top/data/ldos.pp.dat1404

     Calling punch_plot, plot_num =   3

     Energy =  10.37800 eV, broadening =   0.20000eV
     Writing data to file  /home/ubuntu/projects/Graphene-Band-Structure-Quantum-Espresso/outputs/field_0/vdw-df2-c09/top/data/ldos.pp.dat1405

     Calling punch_plot, plot_num =   3

     Energy =  10.39800 eV, broadening =   0.20000eV
     Writing data to file  /home/ubuntu/projects/Graphene-Band-Structure-Quantum-Espresso/outputs/field_0/vdw-df2-c09/top/data/ldos.pp.dat1406

     Calling punch_plot, plot_num =   3

     Energy =  10.41800 eV, broadening =   0.20000eV
     Writing data to file  /home/ubuntu/projects/Graphene-Band-Structure-Quantum-Espresso/outputs/field_0/vdw-df2-c09/top/data/ldos.pp.dat1407

     Calling punch_plot, plot_num =   3

     Energy =  10.43800 eV, broadening =   0.20000eV
     Writing data to file  /home/ubuntu/projects/Graphene-Band-Structure-Quantum-Espresso/outputs/field_0/vdw-df2-c09/top/data/ldos.pp.dat1408

     Calling punch_plot, plot_num =   3

     Energy =  10.45800 eV, broadening =   0.20000eV
     Writing data to file  /home/ubuntu/projects/Graphene-Band-Structure-Quantum-Espresso/outputs/field_0/vdw-df2-c09/top/data/ldos.pp.dat1409

     Calling punch_plot, plot_num =   3

     Energy =  10.47800 eV, broadening =   0.20000eV
     Writing data to file  /home/ubuntu/projects/Graphene-Band-Structure-Quantum-Espresso/outputs/field_0/vdw-df2-c09/top/data/ldos.pp.dat1410

     Calling punch_plot, plot_num =   3

     Energy =  10.49800 eV, broadening =   0.20000eV
     Writing data to file  /home/ubuntu/projects/Graphene-Band-Structure-Quantum-Espresso/outputs/field_0/vdw-df2-c09/top/data/ldos.pp.dat1411

     Calling punch_plot, plot_num =   3

     Energy =  10.51800 eV, broadening =   0.20000eV
     Writing data to file  /home/ubuntu/projects/Graphene-Band-Structure-Quantum-Espresso/outputs/field_0/vdw-df2-c09/top/data/ldos.pp.dat1412

     Calling punch_plot, plot_num =   3

     Energy =  10.53800 eV, broadening =   0.20000eV
     Writing data to file  /home/ubuntu/projects/Graphene-Band-Structure-Quantum-Espresso/outputs/field_0/vdw-df2-c09/top/data/ldos.pp.dat1413

     Calling punch_plot, plot_num =   3

     Energy =  10.55800 eV, broadening =   0.20000eV
     Writing data to file  /home/ubuntu/projects/Graphene-Band-Structure-Quantum-Espresso/outputs/field_0/vdw-df2-c09/top/data/ldos.pp.dat1414

     Calling punch_plot, plot_num =   3

     Energy =  10.57800 eV, broadening =   0.20000eV
     Writing data to file  /home/ubuntu/projects/Graphene-Band-Structure-Quantum-Espresso/outputs/field_0/vdw-df2-c09/top/data/ldos.pp.dat1415

     Calling punch_plot, plot_num =   3

     Energy =  10.59800 eV, broadening =   0.20000eV
     Writing data to file  /home/ubuntu/projects/Graphene-Band-Structure-Quantum-Espresso/outputs/field_0/vdw-df2-c09/top/data/ldos.pp.dat1416

     Calling punch_plot, plot_num =   3

     Energy =  10.61800 eV, broadening =   0.20000eV
     Writing data to file  /home/ubuntu/projects/Graphene-Band-Structure-Quantum-Espresso/outputs/field_0/vdw-df2-c09/top/data/ldos.pp.dat1417

     Calling punch_plot, plot_num =   3

     Energy =  10.63800 eV, broadening =   0.20000eV
     Writing data to file  /home/ubuntu/projects/Graphene-Band-Structure-Quantum-Espresso/outputs/field_0/vdw-df2-c09/top/data/ldos.pp.dat1418

     Calling punch_plot, plot_num =   3

     Energy =  10.65800 eV, broadening =   0.20000eV
     Writing data to file  /home/ubuntu/projects/Graphene-Band-Structure-Quantum-Espresso/outputs/field_0/vdw-df2-c09/top/data/ldos.pp.dat1419

     Calling punch_plot, plot_num =   3

     Energy =  10.67800 eV, broadening =   0.20000eV
     Writing data to file  /home/ubuntu/projects/Graphene-Band-Structure-Quantum-Espresso/outputs/field_0/vdw-df2-c09/top/data/ldos.pp.dat1420

     Calling punch_plot, plot_num =   3

     Energy =  10.69800 eV, broadening =   0.20000eV
     Writing data to file  /home/ubuntu/projects/Graphene-Band-Structure-Quantum-Espresso/outputs/field_0/vdw-df2-c09/top/data/ldos.pp.dat1421

     Calling punch_plot, plot_num =   3

     Energy =  10.71800 eV, broadening =   0.20000eV
     Writing data to file  /home/ubuntu/projects/Graphene-Band-Structure-Quantum-Espresso/outputs/field_0/vdw-df2-c09/top/data/ldos.pp.dat1422

     Calling punch_plot, plot_num =   3

     Energy =  10.73800 eV, broadening =   0.20000eV
     Writing data to file  /home/ubuntu/projects/Graphene-Band-Structure-Quantum-Espresso/outputs/field_0/vdw-df2-c09/top/data/ldos.pp.dat1423

     Calling punch_plot, plot_num =   3

     Energy =  10.75800 eV, broadening =   0.20000eV
     Writing data to file  /home/ubuntu/projects/Graphene-Band-Structure-Quantum-Espresso/outputs/field_0/vdw-df2-c09/top/data/ldos.pp.dat1424

     Calling punch_plot, plot_num =   3

     Energy =  10.77800 eV, broadening =   0.20000eV
     Writing data to file  /home/ubuntu/projects/Graphene-Band-Structure-Quantum-Espresso/outputs/field_0/vdw-df2-c09/top/data/ldos.pp.dat1425

     Calling punch_plot, plot_num =   3

     Energy =  10.79800 eV, broadening =   0.20000eV
     Writing data to file  /home/ubuntu/projects/Graphene-Band-Structure-Quantum-Espresso/outputs/field_0/vdw-df2-c09/top/data/ldos.pp.dat1426

     Calling punch_plot, plot_num =   3

     Energy =  10.81800 eV, broadening =   0.20000eV
     Writing data to file  /home/ubuntu/projects/Graphene-Band-Structure-Quantum-Espresso/outputs/field_0/vdw-df2-c09/top/data/ldos.pp.dat1427

     Calling punch_plot, plot_num =   3

     Energy =  10.83800 eV, broadening =   0.20000eV
     Writing data to file  /home/ubuntu/projects/Graphene-Band-Structure-Quantum-Espresso/outputs/field_0/vdw-df2-c09/top/data/ldos.pp.dat1428

     Calling punch_plot, plot_num =   3

     Energy =  10.85800 eV, broadening =   0.20000eV
     Writing data to file  /home/ubuntu/projects/Graphene-Band-Structure-Quantum-Espresso/outputs/field_0/vdw-df2-c09/top/data/ldos.pp.dat1429

     Calling punch_plot, plot_num =   3

     Energy =  10.87800 eV, broadening =   0.20000eV
     Writing data to file  /home/ubuntu/projects/Graphene-Band-Structure-Quantum-Espresso/outputs/field_0/vdw-df2-c09/top/data/ldos.pp.dat1430

     Calling punch_plot, plot_num =   3

     Energy =  10.89800 eV, broadening =   0.20000eV
     Writing data to file  /home/ubuntu/projects/Graphene-Band-Structure-Quantum-Espresso/outputs/field_0/vdw-df2-c09/top/data/ldos.pp.dat1431

     Calling punch_plot, plot_num =   3

     Energy =  10.91800 eV, broadening =   0.20000eV
     Writing data to file  /home/ubuntu/projects/Graphene-Band-Structure-Quantum-Espresso/outputs/field_0/vdw-df2-c09/top/data/ldos.pp.dat1432

     Calling punch_plot, plot_num =   3

     Energy =  10.93800 eV, broadening =   0.20000eV
     Writing data to file  /home/ubuntu/projects/Graphene-Band-Structure-Quantum-Espresso/outputs/field_0/vdw-df2-c09/top/data/ldos.pp.dat1433

     Calling punch_plot, plot_num =   3

     Energy =  10.95800 eV, broadening =   0.20000eV
     Writing data to file  /home/ubuntu/projects/Graphene-Band-Structure-Quantum-Espresso/outputs/field_0/vdw-df2-c09/top/data/ldos.pp.dat1434

     Calling punch_plot, plot_num =   3

     Energy =  10.97800 eV, broadening =   0.20000eV
     Writing data to file  /home/ubuntu/projects/Graphene-Band-Structure-Quantum-Espresso/outputs/field_0/vdw-df2-c09/top/data/ldos.pp.dat1435

     Calling punch_plot, plot_num =   3

     Energy =  10.99800 eV, broadening =   0.20000eV
     Writing data to file  /home/ubuntu/projects/Graphene-Band-Structure-Quantum-Espresso/outputs/field_0/vdw-df2-c09/top/data/ldos.pp.dat1436

     Calling punch_plot, plot_num =   3

     Energy =  11.01800 eV, broadening =   0.20000eV
     Writing data to file  /home/ubuntu/projects/Graphene-Band-Structure-Quantum-Espresso/outputs/field_0/vdw-df2-c09/top/data/ldos.pp.dat1437

     Calling punch_plot, plot_num =   3

     Energy =  11.03800 eV, broadening =   0.20000eV
     Writing data to file  /home/ubuntu/projects/Graphene-Band-Structure-Quantum-Espresso/outputs/field_0/vdw-df2-c09/top/data/ldos.pp.dat1438

     Calling punch_plot, plot_num =   3

     Energy =  11.05800 eV, broadening =   0.20000eV
     Writing data to file  /home/ubuntu/projects/Graphene-Band-Structure-Quantum-Espresso/outputs/field_0/vdw-df2-c09/top/data/ldos.pp.dat1439

     Calling punch_plot, plot_num =   3

     Energy =  11.07800 eV, broadening =   0.20000eV
     Writing data to file  /home/ubuntu/projects/Graphene-Band-Structure-Quantum-Espresso/outputs/field_0/vdw-df2-c09/top/data/ldos.pp.dat1440

     Calling punch_plot, plot_num =   3

     Energy =  11.09800 eV, broadening =   0.20000eV
     Writing data to file  /home/ubuntu/projects/Graphene-Band-Structure-Quantum-Espresso/outputs/field_0/vdw-df2-c09/top/data/ldos.pp.dat1441

     Calling punch_plot, plot_num =   3

     Energy =  11.11800 eV, broadening =   0.20000eV
     Writing data to file  /home/ubuntu/projects/Graphene-Band-Structure-Quantum-Espresso/outputs/field_0/vdw-df2-c09/top/data/ldos.pp.dat1442

     Calling punch_plot, plot_num =   3

     Energy =  11.13800 eV, broadening =   0.20000eV
     Writing data to file  /home/ubuntu/projects/Graphene-Band-Structure-Quantum-Espresso/outputs/field_0/vdw-df2-c09/top/data/ldos.pp.dat1443

     Calling punch_plot, plot_num =   3

     Energy =  11.15800 eV, broadening =   0.20000eV
     Writing data to file  /home/ubuntu/projects/Graphene-Band-Structure-Quantum-Espresso/outputs/field_0/vdw-df2-c09/top/data/ldos.pp.dat1444

     Calling punch_plot, plot_num =   3

     Energy =  11.17800 eV, broadening =   0.20000eV
     Writing data to file  /home/ubuntu/projects/Graphene-Band-Structure-Quantum-Espresso/outputs/field_0/vdw-df2-c09/top/data/ldos.pp.dat1445

     Calling punch_plot, plot_num =   3

     Energy =  11.19800 eV, broadening =   0.20000eV
     Writing data to file  /home/ubuntu/projects/Graphene-Band-Structure-Quantum-Espresso/outputs/field_0/vdw-df2-c09/top/data/ldos.pp.dat1446

     Calling punch_plot, plot_num =   3

     Energy =  11.21800 eV, broadening =   0.20000eV
     Writing data to file  /home/ubuntu/projects/Graphene-Band-Structure-Quantum-Espresso/outputs/field_0/vdw-df2-c09/top/data/ldos.pp.dat1447

     Calling punch_plot, plot_num =   3

     Energy =  11.23800 eV, broadening =   0.20000eV
     Writing data to file  /home/ubuntu/projects/Graphene-Band-Structure-Quantum-Espresso/outputs/field_0/vdw-df2-c09/top/data/ldos.pp.dat1448

     Calling punch_plot, plot_num =   3

     Energy =  11.25800 eV, broadening =   0.20000eV
     Writing data to file  /home/ubuntu/projects/Graphene-Band-Structure-Quantum-Espresso/outputs/field_0/vdw-df2-c09/top/data/ldos.pp.dat1449

     Calling punch_plot, plot_num =   3

     Energy =  11.27800 eV, broadening =   0.20000eV
     Writing data to file  /home/ubuntu/projects/Graphene-Band-Structure-Quantum-Espresso/outputs/field_0/vdw-df2-c09/top/data/ldos.pp.dat1450

     Calling punch_plot, plot_num =   3

     Energy =  11.29800 eV, broadening =   0.20000eV
     Writing data to file  /home/ubuntu/projects/Graphene-Band-Structure-Quantum-Espresso/outputs/field_0/vdw-df2-c09/top/data/ldos.pp.dat1451

     Calling punch_plot, plot_num =   3

     Energy =  11.31800 eV, broadening =   0.20000eV
     Writing data to file  /home/ubuntu/projects/Graphene-Band-Structure-Quantum-Espresso/outputs/field_0/vdw-df2-c09/top/data/ldos.pp.dat1452

     Calling punch_plot, plot_num =   3

     Energy =  11.33800 eV, broadening =   0.20000eV
     Writing data to file  /home/ubuntu/projects/Graphene-Band-Structure-Quantum-Espresso/outputs/field_0/vdw-df2-c09/top/data/ldos.pp.dat1453

     Calling punch_plot, plot_num =   3

     Energy =  11.35800 eV, broadening =   0.20000eV
     Writing data to file  /home/ubuntu/projects/Graphene-Band-Structure-Quantum-Espresso/outputs/field_0/vdw-df2-c09/top/data/ldos.pp.dat1454

     Calling punch_plot, plot_num =   3

     Energy =  11.37800 eV, broadening =   0.20000eV
     Writing data to file  /home/ubuntu/projects/Graphene-Band-Structure-Quantum-Espresso/outputs/field_0/vdw-df2-c09/top/data/ldos.pp.dat1455

     Calling punch_plot, plot_num =   3

     Energy =  11.39800 eV, broadening =   0.20000eV
     Writing data to file  /home/ubuntu/projects/Graphene-Band-Structure-Quantum-Espresso/outputs/field_0/vdw-df2-c09/top/data/ldos.pp.dat1456

     Calling punch_plot, plot_num =   3

     Energy =  11.41800 eV, broadening =   0.20000eV
     Writing data to file  /home/ubuntu/projects/Graphene-Band-Structure-Quantum-Espresso/outputs/field_0/vdw-df2-c09/top/data/ldos.pp.dat1457

     Calling punch_plot, plot_num =   3

     Energy =  11.43800 eV, broadening =   0.20000eV
     Writing data to file  /home/ubuntu/projects/Graphene-Band-Structure-Quantum-Espresso/outputs/field_0/vdw-df2-c09/top/data/ldos.pp.dat1458

     Calling punch_plot, plot_num =   3

     Energy =  11.45800 eV, broadening =   0.20000eV
     Writing data to file  /home/ubuntu/projects/Graphene-Band-Structure-Quantum-Espresso/outputs/field_0/vdw-df2-c09/top/data/ldos.pp.dat1459

     Calling punch_plot, plot_num =   3

     Energy =  11.47800 eV, broadening =   0.20000eV
     Writing data to file  /home/ubuntu/projects/Graphene-Band-Structure-Quantum-Espresso/outputs/field_0/vdw-df2-c09/top/data/ldos.pp.dat1460

     Calling punch_plot, plot_num =   3

     Energy =  11.49800 eV, broadening =   0.20000eV
     Writing data to file  /home/ubuntu/projects/Graphene-Band-Structure-Quantum-Espresso/outputs/field_0/vdw-df2-c09/top/data/ldos.pp.dat1461

     Calling punch_plot, plot_num =   3

     Energy =  11.51800 eV, broadening =   0.20000eV
     Writing data to file  /home/ubuntu/projects/Graphene-Band-Structure-Quantum-Espresso/outputs/field_0/vdw-df2-c09/top/data/ldos.pp.dat1462

     Calling punch_plot, plot_num =   3

     Energy =  11.53800 eV, broadening =   0.20000eV
     Writing data to file  /home/ubuntu/projects/Graphene-Band-Structure-Quantum-Espresso/outputs/field_0/vdw-df2-c09/top/data/ldos.pp.dat1463

     Calling punch_plot, plot_num =   3

     Energy =  11.55800 eV, broadening =   0.20000eV
     Writing data to file  /home/ubuntu/projects/Graphene-Band-Structure-Quantum-Espresso/outputs/field_0/vdw-df2-c09/top/data/ldos.pp.dat1464

     Calling punch_plot, plot_num =   3

     Energy =  11.57800 eV, broadening =   0.20000eV
     Writing data to file  /home/ubuntu/projects/Graphene-Band-Structure-Quantum-Espresso/outputs/field_0/vdw-df2-c09/top/data/ldos.pp.dat1465

     Calling punch_plot, plot_num =   3

     Energy =  11.59800 eV, broadening =   0.20000eV
     Writing data to file  /home/ubuntu/projects/Graphene-Band-Structure-Quantum-Espresso/outputs/field_0/vdw-df2-c09/top/data/ldos.pp.dat1466

     Calling punch_plot, plot_num =   3

     Energy =  11.61800 eV, broadening =   0.20000eV
     Writing data to file  /home/ubuntu/projects/Graphene-Band-Structure-Quantum-Espresso/outputs/field_0/vdw-df2-c09/top/data/ldos.pp.dat1467

     Calling punch_plot, plot_num =   3

     Energy =  11.63800 eV, broadening =   0.20000eV
     Writing data to file  /home/ubuntu/projects/Graphene-Band-Structure-Quantum-Espresso/outputs/field_0/vdw-df2-c09/top/data/ldos.pp.dat1468

     Calling punch_plot, plot_num =   3

     Energy =  11.65800 eV, broadening =   0.20000eV
     Writing data to file  /home/ubuntu/projects/Graphene-Band-Structure-Quantum-Espresso/outputs/field_0/vdw-df2-c09/top/data/ldos.pp.dat1469

     Calling punch_plot, plot_num =   3

     Energy =  11.67800 eV, broadening =   0.20000eV
     Writing data to file  /home/ubuntu/projects/Graphene-Band-Structure-Quantum-Espresso/outputs/field_0/vdw-df2-c09/top/data/ldos.pp.dat1470

     Calling punch_plot, plot_num =   3

     Energy =  11.69800 eV, broadening =   0.20000eV
     Writing data to file  /home/ubuntu/projects/Graphene-Band-Structure-Quantum-Espresso/outputs/field_0/vdw-df2-c09/top/data/ldos.pp.dat1471

     Calling punch_plot, plot_num =   3

     Energy =  11.71800 eV, broadening =   0.20000eV
     Writing data to file  /home/ubuntu/projects/Graphene-Band-Structure-Quantum-Espresso/outputs/field_0/vdw-df2-c09/top/data/ldos.pp.dat1472

     Calling punch_plot, plot_num =   3

     Energy =  11.73800 eV, broadening =   0.20000eV
     Writing data to file  /home/ubuntu/projects/Graphene-Band-Structure-Quantum-Espresso/outputs/field_0/vdw-df2-c09/top/data/ldos.pp.dat1473

     Calling punch_plot, plot_num =   3

     Energy =  11.75800 eV, broadening =   0.20000eV
     Writing data to file  /home/ubuntu/projects/Graphene-Band-Structure-Quantum-Espresso/outputs/field_0/vdw-df2-c09/top/data/ldos.pp.dat1474

     Calling punch_plot, plot_num =   3

     Energy =  11.77800 eV, broadening =   0.20000eV
     Writing data to file  /home/ubuntu/projects/Graphene-Band-Structure-Quantum-Espresso/outputs/field_0/vdw-df2-c09/top/data/ldos.pp.dat1475

     Calling punch_plot, plot_num =   3

     Energy =  11.79800 eV, broadening =   0.20000eV
     Writing data to file  /home/ubuntu/projects/Graphene-Band-Structure-Quantum-Espresso/outputs/field_0/vdw-df2-c09/top/data/ldos.pp.dat1476

     Calling punch_plot, plot_num =   3

     Energy =  11.81800 eV, broadening =   0.20000eV
     Writing data to file  /home/ubuntu/projects/Graphene-Band-Structure-Quantum-Espresso/outputs/field_0/vdw-df2-c09/top/data/ldos.pp.dat1477

     Calling punch_plot, plot_num =   3

     Energy =  11.83800 eV, broadening =   0.20000eV
     Writing data to file  /home/ubuntu/projects/Graphene-Band-Structure-Quantum-Espresso/outputs/field_0/vdw-df2-c09/top/data/ldos.pp.dat1478

     Calling punch_plot, plot_num =   3

     Energy =  11.85800 eV, broadening =   0.20000eV
     Writing data to file  /home/ubuntu/projects/Graphene-Band-Structure-Quantum-Espresso/outputs/field_0/vdw-df2-c09/top/data/ldos.pp.dat1479

     Calling punch_plot, plot_num =   3

     Energy =  11.87800 eV, broadening =   0.20000eV
     Writing data to file  /home/ubuntu/projects/Graphene-Band-Structure-Quantum-Espresso/outputs/field_0/vdw-df2-c09/top/data/ldos.pp.dat1480

     Calling punch_plot, plot_num =   3

     Energy =  11.89800 eV, broadening =   0.20000eV
     Writing data to file  /home/ubuntu/projects/Graphene-Band-Structure-Quantum-Espresso/outputs/field_0/vdw-df2-c09/top/data/ldos.pp.dat1481

     Calling punch_plot, plot_num =   3

     Energy =  11.91800 eV, broadening =   0.20000eV
     Writing data to file  /home/ubuntu/projects/Graphene-Band-Structure-Quantum-Espresso/outputs/field_0/vdw-df2-c09/top/data/ldos.pp.dat1482

     Calling punch_plot, plot_num =   3

     Energy =  11.93800 eV, broadening =   0.20000eV
     Writing data to file  /home/ubuntu/projects/Graphene-Band-Structure-Quantum-Espresso/outputs/field_0/vdw-df2-c09/top/data/ldos.pp.dat1483

     Calling punch_plot, plot_num =   3

     Energy =  11.95800 eV, broadening =   0.20000eV
     Writing data to file  /home/ubuntu/projects/Graphene-Band-Structure-Quantum-Espresso/outputs/field_0/vdw-df2-c09/top/data/ldos.pp.dat1484

     Calling punch_plot, plot_num =   3

     Energy =  11.97800 eV, broadening =   0.20000eV
     Writing data to file  /home/ubuntu/projects/Graphene-Band-Structure-Quantum-Espresso/outputs/field_0/vdw-df2-c09/top/data/ldos.pp.dat1485

     Calling punch_plot, plot_num =   3

     Energy =  11.99800 eV, broadening =   0.20000eV
     Writing data to file  /home/ubuntu/projects/Graphene-Band-Structure-Quantum-Espresso/outputs/field_0/vdw-df2-c09/top/data/ldos.pp.dat1486

     Calling punch_plot, plot_num =   3

     Energy =  12.01800 eV, broadening =   0.20000eV
     Writing data to file  /home/ubuntu/projects/Graphene-Band-Structure-Quantum-Espresso/outputs/field_0/vdw-df2-c09/top/data/ldos.pp.dat1487

     Calling punch_plot, plot_num =   3

     Energy =  12.03800 eV, broadening =   0.20000eV
     Writing data to file  /home/ubuntu/projects/Graphene-Band-Structure-Quantum-Espresso/outputs/field_0/vdw-df2-c09/top/data/ldos.pp.dat1488

     Calling punch_plot, plot_num =   3

     Energy =  12.05800 eV, broadening =   0.20000eV
     Writing data to file  /home/ubuntu/projects/Graphene-Band-Structure-Quantum-Espresso/outputs/field_0/vdw-df2-c09/top/data/ldos.pp.dat1489

     Calling punch_plot, plot_num =   3

     Energy =  12.07800 eV, broadening =   0.20000eV
     Writing data to file  /home/ubuntu/projects/Graphene-Band-Structure-Quantum-Espresso/outputs/field_0/vdw-df2-c09/top/data/ldos.pp.dat1490

     Calling punch_plot, plot_num =   3

     Energy =  12.09800 eV, broadening =   0.20000eV
     Writing data to file  /home/ubuntu/projects/Graphene-Band-Structure-Quantum-Espresso/outputs/field_0/vdw-df2-c09/top/data/ldos.pp.dat1491

     Calling punch_plot, plot_num =   3

     Energy =  12.11800 eV, broadening =   0.20000eV
     Writing data to file  /home/ubuntu/projects/Graphene-Band-Structure-Quantum-Espresso/outputs/field_0/vdw-df2-c09/top/data/ldos.pp.dat1492

     Calling punch_plot, plot_num =   3

     Energy =  12.13800 eV, broadening =   0.20000eV
     Writing data to file  /home/ubuntu/projects/Graphene-Band-Structure-Quantum-Espresso/outputs/field_0/vdw-df2-c09/top/data/ldos.pp.dat1493

     Calling punch_plot, plot_num =   3

     Energy =  12.15800 eV, broadening =   0.20000eV
     Writing data to file  /home/ubuntu/projects/Graphene-Band-Structure-Quantum-Espresso/outputs/field_0/vdw-df2-c09/top/data/ldos.pp.dat1494

     Calling punch_plot, plot_num =   3

     Energy =  12.17800 eV, broadening =   0.20000eV
     Writing data to file  /home/ubuntu/projects/Graphene-Band-Structure-Quantum-Espresso/outputs/field_0/vdw-df2-c09/top/data/ldos.pp.dat1495

     Calling punch_plot, plot_num =   3

     Energy =  12.19800 eV, broadening =   0.20000eV
     Writing data to file  /home/ubuntu/projects/Graphene-Band-Structure-Quantum-Espresso/outputs/field_0/vdw-df2-c09/top/data/ldos.pp.dat1496

     Calling punch_plot, plot_num =   3

     Energy =  12.21800 eV, broadening =   0.20000eV
     Writing data to file  /home/ubuntu/projects/Graphene-Band-Structure-Quantum-Espresso/outputs/field_0/vdw-df2-c09/top/data/ldos.pp.dat1497

     Calling punch_plot, plot_num =   3

     Energy =  12.23800 eV, broadening =   0.20000eV
     Writing data to file  /home/ubuntu/projects/Graphene-Band-Structure-Quantum-Espresso/outputs/field_0/vdw-df2-c09/top/data/ldos.pp.dat1498

     Calling punch_plot, plot_num =   3

     Energy =  12.25800 eV, broadening =   0.20000eV
     Writing data to file  /home/ubuntu/projects/Graphene-Band-Structure-Quantum-Espresso/outputs/field_0/vdw-df2-c09/top/data/ldos.pp.dat1499

     Calling punch_plot, plot_num =   3

     Energy =  12.27800 eV, broadening =   0.20000eV
     Writing data to file  /home/ubuntu/projects/Graphene-Band-Structure-Quantum-Espresso/outputs/field_0/vdw-df2-c09/top/data/ldos.pp.dat1500

     Calling punch_plot, plot_num =   3

     Energy =  12.29800 eV, broadening =   0.20000eV
     Writing data to file  /home/ubuntu/projects/Graphene-Band-Structure-Quantum-Espresso/outputs/field_0/vdw-df2-c09/top/data/ldos.pp.dat1501
     Reading data from file  /home/ubuntu/projects/Graphene-Band-Structure-Quantum-Espresso/outputs/field_0/vdw-df2-c09/top/data/ldos.pp.dat001

     Writing data to be plotted to file /home/ubuntu/projects/Graphene-Band-Structure-Quantum-Espresso/outputs/field_0/vdw-df2-c09/top/data/ldos.pp.dat001.xsf
     Plot Type: 3D                     Output format: XCrySDen     
     Reading data from file  /home/ubuntu/projects/Graphene-Band-Structure-Quantum-Espresso/outputs/field_0/vdw-df2-c09/top/data/ldos.pp.dat002

     Writing data to be plotted to file /home/ubuntu/projects/Graphene-Band-Structure-Quantum-Espresso/outputs/field_0/vdw-df2-c09/top/data/ldos.pp.dat002.xsf
     Plot Type: 3D                     Output format: XCrySDen     
     Reading data from file  /home/ubuntu/projects/Graphene-Band-Structure-Quantum-Espresso/outputs/field_0/vdw-df2-c09/top/data/ldos.pp.dat003

     Writing data to be plotted to file /home/ubuntu/projects/Graphene-Band-Structure-Quantum-Espresso/outputs/field_0/vdw-df2-c09/top/data/ldos.pp.dat003.xsf
     Plot Type: 3D                     Output format: XCrySDen     
     Reading data from file  /home/ubuntu/projects/Graphene-Band-Structure-Quantum-Espresso/outputs/field_0/vdw-df2-c09/top/data/ldos.pp.dat004

     Writing data to be plotted to file /home/ubuntu/projects/Graphene-Band-Structure-Quantum-Espresso/outputs/field_0/vdw-df2-c09/top/data/ldos.pp.dat004.xsf
     Plot Type: 3D                     Output format: XCrySDen     
     Reading data from file  /home/ubuntu/projects/Graphene-Band-Structure-Quantum-Espresso/outputs/field_0/vdw-df2-c09/top/data/ldos.pp.dat005

     Writing data to be plotted to file /home/ubuntu/projects/Graphene-Band-Structure-Quantum-Espresso/outputs/field_0/vdw-df2-c09/top/data/ldos.pp.dat005.xsf
     Plot Type: 3D                     Output format: XCrySDen     
     Reading data from file  /home/ubuntu/projects/Graphene-Band-Structure-Quantum-Espresso/outputs/field_0/vdw-df2-c09/top/data/ldos.pp.dat006

     Writing data to be plotted to file /home/ubuntu/projects/Graphene-Band-Structure-Quantum-Espresso/outputs/field_0/vdw-df2-c09/top/data/ldos.pp.dat006.xsf
     Plot Type: 3D                     Output format: XCrySDen     
     Reading data from file  /home/ubuntu/projects/Graphene-Band-Structure-Quantum-Espresso/outputs/field_0/vdw-df2-c09/top/data/ldos.pp.dat007

     Writing data to be plotted to file /home/ubuntu/projects/Graphene-Band-Structure-Quantum-Espresso/outputs/field_0/vdw-df2-c09/top/data/ldos.pp.dat007.xsf
     Plot Type: 3D                     Output format: XCrySDen     
     Reading data from file  /home/ubuntu/projects/Graphene-Band-Structure-Quantum-Espresso/outputs/field_0/vdw-df2-c09/top/data/ldos.pp.dat008

     Writing data to be plotted to file /home/ubuntu/projects/Graphene-Band-Structure-Quantum-Espresso/outputs/field_0/vdw-df2-c09/top/data/ldos.pp.dat008.xsf
     Plot Type: 3D                     Output format: XCrySDen     
     Reading data from file  /home/ubuntu/projects/Graphene-Band-Structure-Quantum-Espresso/outputs/field_0/vdw-df2-c09/top/data/ldos.pp.dat009

     Writing data to be plotted to file /home/ubuntu/projects/Graphene-Band-Structure-Quantum-Espresso/outputs/field_0/vdw-df2-c09/top/data/ldos.pp.dat009.xsf
     Plot Type: 3D                     Output format: XCrySDen     
     Reading data from file  /home/ubuntu/projects/Graphene-Band-Structure-Quantum-Espresso/outputs/field_0/vdw-df2-c09/top/data/ldos.pp.dat010

     Writing data to be plotted to file /home/ubuntu/projects/Graphene-Band-Structure-Quantum-Espresso/outputs/field_0/vdw-df2-c09/top/data/ldos.pp.dat010.xsf
     Plot Type: 3D                     Output format: XCrySDen     
     Reading data from file  /home/ubuntu/projects/Graphene-Band-Structure-Quantum-Espresso/outputs/field_0/vdw-df2-c09/top/data/ldos.pp.dat011

     Writing data to be plotted to file /home/ubuntu/projects/Graphene-Band-Structure-Quantum-Espresso/outputs/field_0/vdw-df2-c09/top/data/ldos.pp.dat011.xsf
     Plot Type: 3D                     Output format: XCrySDen     
     Reading data from file  /home/ubuntu/projects/Graphene-Band-Structure-Quantum-Espresso/outputs/field_0/vdw-df2-c09/top/data/ldos.pp.dat012

     Writing data to be plotted to file /home/ubuntu/projects/Graphene-Band-Structure-Quantum-Espresso/outputs/field_0/vdw-df2-c09/top/data/ldos.pp.dat012.xsf
     Plot Type: 3D                     Output format: XCrySDen     
     Reading data from file  /home/ubuntu/projects/Graphene-Band-Structure-Quantum-Espresso/outputs/field_0/vdw-df2-c09/top/data/ldos.pp.dat013

     Writing data to be plotted to file /home/ubuntu/projects/Graphene-Band-Structure-Quantum-Espresso/outputs/field_0/vdw-df2-c09/top/data/ldos.pp.dat013.xsf
     Plot Type: 3D                     Output format: XCrySDen     
     Reading data from file  /home/ubuntu/projects/Graphene-Band-Structure-Quantum-Espresso/outputs/field_0/vdw-df2-c09/top/data/ldos.pp.dat014

     Writing data to be plotted to file /home/ubuntu/projects/Graphene-Band-Structure-Quantum-Espresso/outputs/field_0/vdw-df2-c09/top/data/ldos.pp.dat014.xsf
     Plot Type: 3D                     Output format: XCrySDen     
     Reading data from file  /home/ubuntu/projects/Graphene-Band-Structure-Quantum-Espresso/outputs/field_0/vdw-df2-c09/top/data/ldos.pp.dat015

     Writing data to be plotted to file /home/ubuntu/projects/Graphene-Band-Structure-Quantum-Espresso/outputs/field_0/vdw-df2-c09/top/data/ldos.pp.dat015.xsf
     Plot Type: 3D                     Output format: XCrySDen     
     Reading data from file  /home/ubuntu/projects/Graphene-Band-Structure-Quantum-Espresso/outputs/field_0/vdw-df2-c09/top/data/ldos.pp.dat016

     Writing data to be plotted to file /home/ubuntu/projects/Graphene-Band-Structure-Quantum-Espresso/outputs/field_0/vdw-df2-c09/top/data/ldos.pp.dat016.xsf
     Plot Type: 3D                     Output format: XCrySDen     
     Reading data from file  /home/ubuntu/projects/Graphene-Band-Structure-Quantum-Espresso/outputs/field_0/vdw-df2-c09/top/data/ldos.pp.dat017

     Writing data to be plotted to file /home/ubuntu/projects/Graphene-Band-Structure-Quantum-Espresso/outputs/field_0/vdw-df2-c09/top/data/ldos.pp.dat017.xsf
     Plot Type: 3D                     Output format: XCrySDen     
     Reading data from file  /home/ubuntu/projects/Graphene-Band-Structure-Quantum-Espresso/outputs/field_0/vdw-df2-c09/top/data/ldos.pp.dat018

     Writing data to be plotted to file /home/ubuntu/projects/Graphene-Band-Structure-Quantum-Espresso/outputs/field_0/vdw-df2-c09/top/data/ldos.pp.dat018.xsf
     Plot Type: 3D                     Output format: XCrySDen     
     Reading data from file  /home/ubuntu/projects/Graphene-Band-Structure-Quantum-Espresso/outputs/field_0/vdw-df2-c09/top/data/ldos.pp.dat019

     Writing data to be plotted to file /home/ubuntu/projects/Graphene-Band-Structure-Quantum-Espresso/outputs/field_0/vdw-df2-c09/top/data/ldos.pp.dat019.xsf
     Plot Type: 3D                     Output format: XCrySDen     
     Reading data from file  /home/ubuntu/projects/Graphene-Band-Structure-Quantum-Espresso/outputs/field_0/vdw-df2-c09/top/data/ldos.pp.dat020

     Writing data to be plotted to file /home/ubuntu/projects/Graphene-Band-Structure-Quantum-Espresso/outputs/field_0/vdw-df2-c09/top/data/ldos.pp.dat020.xsf
     Plot Type: 3D                     Output format: XCrySDen     
     Reading data from file  /home/ubuntu/projects/Graphene-Band-Structure-Quantum-Espresso/outputs/field_0/vdw-df2-c09/top/data/ldos.pp.dat021

     Writing data to be plotted to file /home/ubuntu/projects/Graphene-Band-Structure-Quantum-Espresso/outputs/field_0/vdw-df2-c09/top/data/ldos.pp.dat021.xsf
     Plot Type: 3D                     Output format: XCrySDen     
     Reading data from file  /home/ubuntu/projects/Graphene-Band-Structure-Quantum-Espresso/outputs/field_0/vdw-df2-c09/top/data/ldos.pp.dat022

     Writing data to be plotted to file /home/ubuntu/projects/Graphene-Band-Structure-Quantum-Espresso/outputs/field_0/vdw-df2-c09/top/data/ldos.pp.dat022.xsf
     Plot Type: 3D                     Output format: XCrySDen     
     Reading data from file  /home/ubuntu/projects/Graphene-Band-Structure-Quantum-Espresso/outputs/field_0/vdw-df2-c09/top/data/ldos.pp.dat023

     Writing data to be plotted to file /home/ubuntu/projects/Graphene-Band-Structure-Quantum-Espresso/outputs/field_0/vdw-df2-c09/top/data/ldos.pp.dat023.xsf
     Plot Type: 3D                     Output format: XCrySDen     
     Reading data from file  /home/ubuntu/projects/Graphene-Band-Structure-Quantum-Espresso/outputs/field_0/vdw-df2-c09/top/data/ldos.pp.dat024

     Writing data to be plotted to file /home/ubuntu/projects/Graphene-Band-Structure-Quantum-Espresso/outputs/field_0/vdw-df2-c09/top/data/ldos.pp.dat024.xsf
     Plot Type: 3D                     Output format: XCrySDen     
     Reading data from file  /home/ubuntu/projects/Graphene-Band-Structure-Quantum-Espresso/outputs/field_0/vdw-df2-c09/top/data/ldos.pp.dat025

     Writing data to be plotted to file /home/ubuntu/projects/Graphene-Band-Structure-Quantum-Espresso/outputs/field_0/vdw-df2-c09/top/data/ldos.pp.dat025.xsf
     Plot Type: 3D                     Output format: XCrySDen     
     Reading data from file  /home/ubuntu/projects/Graphene-Band-Structure-Quantum-Espresso/outputs/field_0/vdw-df2-c09/top/data/ldos.pp.dat026

     Writing data to be plotted to file /home/ubuntu/projects/Graphene-Band-Structure-Quantum-Espresso/outputs/field_0/vdw-df2-c09/top/data/ldos.pp.dat026.xsf
     Plot Type: 3D                     Output format: XCrySDen     
     Reading data from file  /home/ubuntu/projects/Graphene-Band-Structure-Quantum-Espresso/outputs/field_0/vdw-df2-c09/top/data/ldos.pp.dat027

     Writing data to be plotted to file /home/ubuntu/projects/Graphene-Band-Structure-Quantum-Espresso/outputs/field_0/vdw-df2-c09/top/data/ldos.pp.dat027.xsf
     Plot Type: 3D                     Output format: XCrySDen     
     Reading data from file  /home/ubuntu/projects/Graphene-Band-Structure-Quantum-Espresso/outputs/field_0/vdw-df2-c09/top/data/ldos.pp.dat028

     Writing data to be plotted to file /home/ubuntu/projects/Graphene-Band-Structure-Quantum-Espresso/outputs/field_0/vdw-df2-c09/top/data/ldos.pp.dat028.xsf
     Plot Type: 3D                     Output format: XCrySDen     
     Reading data from file  /home/ubuntu/projects/Graphene-Band-Structure-Quantum-Espresso/outputs/field_0/vdw-df2-c09/top/data/ldos.pp.dat029

     Writing data to be plotted to file /home/ubuntu/projects/Graphene-Band-Structure-Quantum-Espresso/outputs/field_0/vdw-df2-c09/top/data/ldos.pp.dat029.xsf
     Plot Type: 3D                     Output format: XCrySDen     
     Reading data from file  /home/ubuntu/projects/Graphene-Band-Structure-Quantum-Espresso/outputs/field_0/vdw-df2-c09/top/data/ldos.pp.dat030

     Writing data to be plotted to file /home/ubuntu/projects/Graphene-Band-Structure-Quantum-Espresso/outputs/field_0/vdw-df2-c09/top/data/ldos.pp.dat030.xsf
     Plot Type: 3D                     Output format: XCrySDen     
     Reading data from file  /home/ubuntu/projects/Graphene-Band-Structure-Quantum-Espresso/outputs/field_0/vdw-df2-c09/top/data/ldos.pp.dat031

     Writing data to be plotted to file /home/ubuntu/projects/Graphene-Band-Structure-Quantum-Espresso/outputs/field_0/vdw-df2-c09/top/data/ldos.pp.dat031.xsf
     Plot Type: 3D                     Output format: XCrySDen     
     Reading data from file  /home/ubuntu/projects/Graphene-Band-Structure-Quantum-Espresso/outputs/field_0/vdw-df2-c09/top/data/ldos.pp.dat032

     Writing data to be plotted to file /home/ubuntu/projects/Graphene-Band-Structure-Quantum-Espresso/outputs/field_0/vdw-df2-c09/top/data/ldos.pp.dat032.xsf
     Plot Type: 3D                     Output format: XCrySDen     
     Reading data from file  /home/ubuntu/projects/Graphene-Band-Structure-Quantum-Espresso/outputs/field_0/vdw-df2-c09/top/data/ldos.pp.dat033

     Writing data to be plotted to file /home/ubuntu/projects/Graphene-Band-Structure-Quantum-Espresso/outputs/field_0/vdw-df2-c09/top/data/ldos.pp.dat033.xsf
     Plot Type: 3D                     Output format: XCrySDen     
     Reading data from file  /home/ubuntu/projects/Graphene-Band-Structure-Quantum-Espresso/outputs/field_0/vdw-df2-c09/top/data/ldos.pp.dat034

     Writing data to be plotted to file /home/ubuntu/projects/Graphene-Band-Structure-Quantum-Espresso/outputs/field_0/vdw-df2-c09/top/data/ldos.pp.dat034.xsf
     Plot Type: 3D                     Output format: XCrySDen     
     Reading data from file  /home/ubuntu/projects/Graphene-Band-Structure-Quantum-Espresso/outputs/field_0/vdw-df2-c09/top/data/ldos.pp.dat035

     Writing data to be plotted to file /home/ubuntu/projects/Graphene-Band-Structure-Quantum-Espresso/outputs/field_0/vdw-df2-c09/top/data/ldos.pp.dat035.xsf
     Plot Type: 3D                     Output format: XCrySDen     
     Reading data from file  /home/ubuntu/projects/Graphene-Band-Structure-Quantum-Espresso/outputs/field_0/vdw-df2-c09/top/data/ldos.pp.dat036

     Writing data to be plotted to file /home/ubuntu/projects/Graphene-Band-Structure-Quantum-Espresso/outputs/field_0/vdw-df2-c09/top/data/ldos.pp.dat036.xsf
     Plot Type: 3D                     Output format: XCrySDen     
     Reading data from file  /home/ubuntu/projects/Graphene-Band-Structure-Quantum-Espresso/outputs/field_0/vdw-df2-c09/top/data/ldos.pp.dat037

     Writing data to be plotted to file /home/ubuntu/projects/Graphene-Band-Structure-Quantum-Espresso/outputs/field_0/vdw-df2-c09/top/data/ldos.pp.dat037.xsf
     Plot Type: 3D                     Output format: XCrySDen     
     Reading data from file  /home/ubuntu/projects/Graphene-Band-Structure-Quantum-Espresso/outputs/field_0/vdw-df2-c09/top/data/ldos.pp.dat038

     Writing data to be plotted to file /home/ubuntu/projects/Graphene-Band-Structure-Quantum-Espresso/outputs/field_0/vdw-df2-c09/top/data/ldos.pp.dat038.xsf
     Plot Type: 3D                     Output format: XCrySDen     
     Reading data from file  /home/ubuntu/projects/Graphene-Band-Structure-Quantum-Espresso/outputs/field_0/vdw-df2-c09/top/data/ldos.pp.dat039

     Writing data to be plotted to file /home/ubuntu/projects/Graphene-Band-Structure-Quantum-Espresso/outputs/field_0/vdw-df2-c09/top/data/ldos.pp.dat039.xsf
     Plot Type: 3D                     Output format: XCrySDen     
     Reading data from file  /home/ubuntu/projects/Graphene-Band-Structure-Quantum-Espresso/outputs/field_0/vdw-df2-c09/top/data/ldos.pp.dat040

     Writing data to be plotted to file /home/ubuntu/projects/Graphene-Band-Structure-Quantum-Espresso/outputs/field_0/vdw-df2-c09/top/data/ldos.pp.dat040.xsf
     Plot Type: 3D                     Output format: XCrySDen     
     Reading data from file  /home/ubuntu/projects/Graphene-Band-Structure-Quantum-Espresso/outputs/field_0/vdw-df2-c09/top/data/ldos.pp.dat041

     Writing data to be plotted to file /home/ubuntu/projects/Graphene-Band-Structure-Quantum-Espresso/outputs/field_0/vdw-df2-c09/top/data/ldos.pp.dat041.xsf
     Plot Type: 3D                     Output format: XCrySDen     
     Reading data from file  /home/ubuntu/projects/Graphene-Band-Structure-Quantum-Espresso/outputs/field_0/vdw-df2-c09/top/data/ldos.pp.dat042

     Writing data to be plotted to file /home/ubuntu/projects/Graphene-Band-Structure-Quantum-Espresso/outputs/field_0/vdw-df2-c09/top/data/ldos.pp.dat042.xsf
     Plot Type: 3D                     Output format: XCrySDen     
     Reading data from file  /home/ubuntu/projects/Graphene-Band-Structure-Quantum-Espresso/outputs/field_0/vdw-df2-c09/top/data/ldos.pp.dat043

     Writing data to be plotted to file /home/ubuntu/projects/Graphene-Band-Structure-Quantum-Espresso/outputs/field_0/vdw-df2-c09/top/data/ldos.pp.dat043.xsf
     Plot Type: 3D                     Output format: XCrySDen     
     Reading data from file  /home/ubuntu/projects/Graphene-Band-Structure-Quantum-Espresso/outputs/field_0/vdw-df2-c09/top/data/ldos.pp.dat044

     Writing data to be plotted to file /home/ubuntu/projects/Graphene-Band-Structure-Quantum-Espresso/outputs/field_0/vdw-df2-c09/top/data/ldos.pp.dat044.xsf
     Plot Type: 3D                     Output format: XCrySDen     
     Reading data from file  /home/ubuntu/projects/Graphene-Band-Structure-Quantum-Espresso/outputs/field_0/vdw-df2-c09/top/data/ldos.pp.dat045

     Writing data to be plotted to file /home/ubuntu/projects/Graphene-Band-Structure-Quantum-Espresso/outputs/field_0/vdw-df2-c09/top/data/ldos.pp.dat045.xsf
     Plot Type: 3D                     Output format: XCrySDen     
     Reading data from file  /home/ubuntu/projects/Graphene-Band-Structure-Quantum-Espresso/outputs/field_0/vdw-df2-c09/top/data/ldos.pp.dat046

     Writing data to be plotted to file /home/ubuntu/projects/Graphene-Band-Structure-Quantum-Espresso/outputs/field_0/vdw-df2-c09/top/data/ldos.pp.dat046.xsf
     Plot Type: 3D                     Output format: XCrySDen     
     Reading data from file  /home/ubuntu/projects/Graphene-Band-Structure-Quantum-Espresso/outputs/field_0/vdw-df2-c09/top/data/ldos.pp.dat047

     Writing data to be plotted to file /home/ubuntu/projects/Graphene-Band-Structure-Quantum-Espresso/outputs/field_0/vdw-df2-c09/top/data/ldos.pp.dat047.xsf
     Plot Type: 3D                     Output format: XCrySDen     
     Reading data from file  /home/ubuntu/projects/Graphene-Band-Structure-Quantum-Espresso/outputs/field_0/vdw-df2-c09/top/data/ldos.pp.dat048

     Writing data to be plotted to file /home/ubuntu/projects/Graphene-Band-Structure-Quantum-Espresso/outputs/field_0/vdw-df2-c09/top/data/ldos.pp.dat048.xsf
     Plot Type: 3D                     Output format: XCrySDen     
     Reading data from file  /home/ubuntu/projects/Graphene-Band-Structure-Quantum-Espresso/outputs/field_0/vdw-df2-c09/top/data/ldos.pp.dat049

     Writing data to be plotted to file /home/ubuntu/projects/Graphene-Band-Structure-Quantum-Espresso/outputs/field_0/vdw-df2-c09/top/data/ldos.pp.dat049.xsf
     Plot Type: 3D                     Output format: XCrySDen     
     Reading data from file  /home/ubuntu/projects/Graphene-Band-Structure-Quantum-Espresso/outputs/field_0/vdw-df2-c09/top/data/ldos.pp.dat050

     Writing data to be plotted to file /home/ubuntu/projects/Graphene-Band-Structure-Quantum-Espresso/outputs/field_0/vdw-df2-c09/top/data/ldos.pp.dat050.xsf
     Plot Type: 3D                     Output format: XCrySDen     
     Reading data from file  /home/ubuntu/projects/Graphene-Band-Structure-Quantum-Espresso/outputs/field_0/vdw-df2-c09/top/data/ldos.pp.dat051

     Writing data to be plotted to file /home/ubuntu/projects/Graphene-Band-Structure-Quantum-Espresso/outputs/field_0/vdw-df2-c09/top/data/ldos.pp.dat051.xsf
     Plot Type: 3D                     Output format: XCrySDen     
     Reading data from file  /home/ubuntu/projects/Graphene-Band-Structure-Quantum-Espresso/outputs/field_0/vdw-df2-c09/top/data/ldos.pp.dat052

     Writing data to be plotted to file /home/ubuntu/projects/Graphene-Band-Structure-Quantum-Espresso/outputs/field_0/vdw-df2-c09/top/data/ldos.pp.dat052.xsf
     Plot Type: 3D                     Output format: XCrySDen     
     Reading data from file  /home/ubuntu/projects/Graphene-Band-Structure-Quantum-Espresso/outputs/field_0/vdw-df2-c09/top/data/ldos.pp.dat053

     Writing data to be plotted to file /home/ubuntu/projects/Graphene-Band-Structure-Quantum-Espresso/outputs/field_0/vdw-df2-c09/top/data/ldos.pp.dat053.xsf
     Plot Type: 3D                     Output format: XCrySDen     
     Reading data from file  /home/ubuntu/projects/Graphene-Band-Structure-Quantum-Espresso/outputs/field_0/vdw-df2-c09/top/data/ldos.pp.dat054

     Writing data to be plotted to file /home/ubuntu/projects/Graphene-Band-Structure-Quantum-Espresso/outputs/field_0/vdw-df2-c09/top/data/ldos.pp.dat054.xsf
     Plot Type: 3D                     Output format: XCrySDen     
     Reading data from file  /home/ubuntu/projects/Graphene-Band-Structure-Quantum-Espresso/outputs/field_0/vdw-df2-c09/top/data/ldos.pp.dat055

     Writing data to be plotted to file /home/ubuntu/projects/Graphene-Band-Structure-Quantum-Espresso/outputs/field_0/vdw-df2-c09/top/data/ldos.pp.dat055.xsf
     Plot Type: 3D                     Output format: XCrySDen     
     Reading data from file  /home/ubuntu/projects/Graphene-Band-Structure-Quantum-Espresso/outputs/field_0/vdw-df2-c09/top/data/ldos.pp.dat056

     Writing data to be plotted to file /home/ubuntu/projects/Graphene-Band-Structure-Quantum-Espresso/outputs/field_0/vdw-df2-c09/top/data/ldos.pp.dat056.xsf
     Plot Type: 3D                     Output format: XCrySDen     
     Reading data from file  /home/ubuntu/projects/Graphene-Band-Structure-Quantum-Espresso/outputs/field_0/vdw-df2-c09/top/data/ldos.pp.dat057

     Writing data to be plotted to file /home/ubuntu/projects/Graphene-Band-Structure-Quantum-Espresso/outputs/field_0/vdw-df2-c09/top/data/ldos.pp.dat057.xsf
     Plot Type: 3D                     Output format: XCrySDen     
     Reading data from file  /home/ubuntu/projects/Graphene-Band-Structure-Quantum-Espresso/outputs/field_0/vdw-df2-c09/top/data/ldos.pp.dat058

     Writing data to be plotted to file /home/ubuntu/projects/Graphene-Band-Structure-Quantum-Espresso/outputs/field_0/vdw-df2-c09/top/data/ldos.pp.dat058.xsf
     Plot Type: 3D                     Output format: XCrySDen     
     Reading data from file  /home/ubuntu/projects/Graphene-Band-Structure-Quantum-Espresso/outputs/field_0/vdw-df2-c09/top/data/ldos.pp.dat059

     Writing data to be plotted to file /home/ubuntu/projects/Graphene-Band-Structure-Quantum-Espresso/outputs/field_0/vdw-df2-c09/top/data/ldos.pp.dat059.xsf
     Plot Type: 3D                     Output format: XCrySDen     
     Reading data from file  /home/ubuntu/projects/Graphene-Band-Structure-Quantum-Espresso/outputs/field_0/vdw-df2-c09/top/data/ldos.pp.dat060

     Writing data to be plotted to file /home/ubuntu/projects/Graphene-Band-Structure-Quantum-Espresso/outputs/field_0/vdw-df2-c09/top/data/ldos.pp.dat060.xsf
     Plot Type: 3D                     Output format: XCrySDen     
     Reading data from file  /home/ubuntu/projects/Graphene-Band-Structure-Quantum-Espresso/outputs/field_0/vdw-df2-c09/top/data/ldos.pp.dat061

     Writing data to be plotted to file /home/ubuntu/projects/Graphene-Band-Structure-Quantum-Espresso/outputs/field_0/vdw-df2-c09/top/data/ldos.pp.dat061.xsf
     Plot Type: 3D                     Output format: XCrySDen     
     Reading data from file  /home/ubuntu/projects/Graphene-Band-Structure-Quantum-Espresso/outputs/field_0/vdw-df2-c09/top/data/ldos.pp.dat062

     Writing data to be plotted to file /home/ubuntu/projects/Graphene-Band-Structure-Quantum-Espresso/outputs/field_0/vdw-df2-c09/top/data/ldos.pp.dat062.xsf
     Plot Type: 3D                     Output format: XCrySDen     
     Reading data from file  /home/ubuntu/projects/Graphene-Band-Structure-Quantum-Espresso/outputs/field_0/vdw-df2-c09/top/data/ldos.pp.dat063

     Writing data to be plotted to file /home/ubuntu/projects/Graphene-Band-Structure-Quantum-Espresso/outputs/field_0/vdw-df2-c09/top/data/ldos.pp.dat063.xsf
     Plot Type: 3D                     Output format: XCrySDen     
     Reading data from file  /home/ubuntu/projects/Graphene-Band-Structure-Quantum-Espresso/outputs/field_0/vdw-df2-c09/top/data/ldos.pp.dat064

     Writing data to be plotted to file /home/ubuntu/projects/Graphene-Band-Structure-Quantum-Espresso/outputs/field_0/vdw-df2-c09/top/data/ldos.pp.dat064.xsf
     Plot Type: 3D                     Output format: XCrySDen     
     Reading data from file  /home/ubuntu/projects/Graphene-Band-Structure-Quantum-Espresso/outputs/field_0/vdw-df2-c09/top/data/ldos.pp.dat065

     Writing data to be plotted to file /home/ubuntu/projects/Graphene-Band-Structure-Quantum-Espresso/outputs/field_0/vdw-df2-c09/top/data/ldos.pp.dat065.xsf
     Plot Type: 3D                     Output format: XCrySDen     
     Reading data from file  /home/ubuntu/projects/Graphene-Band-Structure-Quantum-Espresso/outputs/field_0/vdw-df2-c09/top/data/ldos.pp.dat066

     Writing data to be plotted to file /home/ubuntu/projects/Graphene-Band-Structure-Quantum-Espresso/outputs/field_0/vdw-df2-c09/top/data/ldos.pp.dat066.xsf
     Plot Type: 3D                     Output format: XCrySDen     
     Reading data from file  /home/ubuntu/projects/Graphene-Band-Structure-Quantum-Espresso/outputs/field_0/vdw-df2-c09/top/data/ldos.pp.dat067

     Writing data to be plotted to file /home/ubuntu/projects/Graphene-Band-Structure-Quantum-Espresso/outputs/field_0/vdw-df2-c09/top/data/ldos.pp.dat067.xsf
     Plot Type: 3D                     Output format: XCrySDen     
     Reading data from file  /home/ubuntu/projects/Graphene-Band-Structure-Quantum-Espresso/outputs/field_0/vdw-df2-c09/top/data/ldos.pp.dat068

     Writing data to be plotted to file /home/ubuntu/projects/Graphene-Band-Structure-Quantum-Espresso/outputs/field_0/vdw-df2-c09/top/data/ldos.pp.dat068.xsf
     Plot Type: 3D                     Output format: XCrySDen     
     Reading data from file  /home/ubuntu/projects/Graphene-Band-Structure-Quantum-Espresso/outputs/field_0/vdw-df2-c09/top/data/ldos.pp.dat069

     Writing data to be plotted to file /home/ubuntu/projects/Graphene-Band-Structure-Quantum-Espresso/outputs/field_0/vdw-df2-c09/top/data/ldos.pp.dat069.xsf
     Plot Type: 3D                     Output format: XCrySDen     
     Reading data from file  /home/ubuntu/projects/Graphene-Band-Structure-Quantum-Espresso/outputs/field_0/vdw-df2-c09/top/data/ldos.pp.dat070

     Writing data to be plotted to file /home/ubuntu/projects/Graphene-Band-Structure-Quantum-Espresso/outputs/field_0/vdw-df2-c09/top/data/ldos.pp.dat070.xsf
     Plot Type: 3D                     Output format: XCrySDen     
     Reading data from file  /home/ubuntu/projects/Graphene-Band-Structure-Quantum-Espresso/outputs/field_0/vdw-df2-c09/top/data/ldos.pp.dat071

     Writing data to be plotted to file /home/ubuntu/projects/Graphene-Band-Structure-Quantum-Espresso/outputs/field_0/vdw-df2-c09/top/data/ldos.pp.dat071.xsf
     Plot Type: 3D                     Output format: XCrySDen     
     Reading data from file  /home/ubuntu/projects/Graphene-Band-Structure-Quantum-Espresso/outputs/field_0/vdw-df2-c09/top/data/ldos.pp.dat072

     Writing data to be plotted to file /home/ubuntu/projects/Graphene-Band-Structure-Quantum-Espresso/outputs/field_0/vdw-df2-c09/top/data/ldos.pp.dat072.xsf
     Plot Type: 3D                     Output format: XCrySDen     
     Reading data from file  /home/ubuntu/projects/Graphene-Band-Structure-Quantum-Espresso/outputs/field_0/vdw-df2-c09/top/data/ldos.pp.dat073

     Writing data to be plotted to file /home/ubuntu/projects/Graphene-Band-Structure-Quantum-Espresso/outputs/field_0/vdw-df2-c09/top/data/ldos.pp.dat073.xsf
     Plot Type: 3D                     Output format: XCrySDen     
     Reading data from file  /home/ubuntu/projects/Graphene-Band-Structure-Quantum-Espresso/outputs/field_0/vdw-df2-c09/top/data/ldos.pp.dat074

     Writing data to be plotted to file /home/ubuntu/projects/Graphene-Band-Structure-Quantum-Espresso/outputs/field_0/vdw-df2-c09/top/data/ldos.pp.dat074.xsf
     Plot Type: 3D                     Output format: XCrySDen     
     Reading data from file  /home/ubuntu/projects/Graphene-Band-Structure-Quantum-Espresso/outputs/field_0/vdw-df2-c09/top/data/ldos.pp.dat075

     Writing data to be plotted to file /home/ubuntu/projects/Graphene-Band-Structure-Quantum-Espresso/outputs/field_0/vdw-df2-c09/top/data/ldos.pp.dat075.xsf
     Plot Type: 3D                     Output format: XCrySDen     
     Reading data from file  /home/ubuntu/projects/Graphene-Band-Structure-Quantum-Espresso/outputs/field_0/vdw-df2-c09/top/data/ldos.pp.dat076

     Writing data to be plotted to file /home/ubuntu/projects/Graphene-Band-Structure-Quantum-Espresso/outputs/field_0/vdw-df2-c09/top/data/ldos.pp.dat076.xsf
     Plot Type: 3D                     Output format: XCrySDen     
     Reading data from file  /home/ubuntu/projects/Graphene-Band-Structure-Quantum-Espresso/outputs/field_0/vdw-df2-c09/top/data/ldos.pp.dat077

     Writing data to be plotted to file /home/ubuntu/projects/Graphene-Band-Structure-Quantum-Espresso/outputs/field_0/vdw-df2-c09/top/data/ldos.pp.dat077.xsf
     Plot Type: 3D                     Output format: XCrySDen     
     Reading data from file  /home/ubuntu/projects/Graphene-Band-Structure-Quantum-Espresso/outputs/field_0/vdw-df2-c09/top/data/ldos.pp.dat078

     Writing data to be plotted to file /home/ubuntu/projects/Graphene-Band-Structure-Quantum-Espresso/outputs/field_0/vdw-df2-c09/top/data/ldos.pp.dat078.xsf
     Plot Type: 3D                     Output format: XCrySDen     
     Reading data from file  /home/ubuntu/projects/Graphene-Band-Structure-Quantum-Espresso/outputs/field_0/vdw-df2-c09/top/data/ldos.pp.dat079

     Writing data to be plotted to file /home/ubuntu/projects/Graphene-Band-Structure-Quantum-Espresso/outputs/field_0/vdw-df2-c09/top/data/ldos.pp.dat079.xsf
     Plot Type: 3D                     Output format: XCrySDen     
     Reading data from file  /home/ubuntu/projects/Graphene-Band-Structure-Quantum-Espresso/outputs/field_0/vdw-df2-c09/top/data/ldos.pp.dat080

     Writing data to be plotted to file /home/ubuntu/projects/Graphene-Band-Structure-Quantum-Espresso/outputs/field_0/vdw-df2-c09/top/data/ldos.pp.dat080.xsf
     Plot Type: 3D                     Output format: XCrySDen     
     Reading data from file  /home/ubuntu/projects/Graphene-Band-Structure-Quantum-Espresso/outputs/field_0/vdw-df2-c09/top/data/ldos.pp.dat081

     Writing data to be plotted to file /home/ubuntu/projects/Graphene-Band-Structure-Quantum-Espresso/outputs/field_0/vdw-df2-c09/top/data/ldos.pp.dat081.xsf
     Plot Type: 3D                     Output format: XCrySDen     
     Reading data from file  /home/ubuntu/projects/Graphene-Band-Structure-Quantum-Espresso/outputs/field_0/vdw-df2-c09/top/data/ldos.pp.dat082

     Writing data to be plotted to file /home/ubuntu/projects/Graphene-Band-Structure-Quantum-Espresso/outputs/field_0/vdw-df2-c09/top/data/ldos.pp.dat082.xsf
     Plot Type: 3D                     Output format: XCrySDen     
     Reading data from file  /home/ubuntu/projects/Graphene-Band-Structure-Quantum-Espresso/outputs/field_0/vdw-df2-c09/top/data/ldos.pp.dat083

     Writing data to be plotted to file /home/ubuntu/projects/Graphene-Band-Structure-Quantum-Espresso/outputs/field_0/vdw-df2-c09/top/data/ldos.pp.dat083.xsf
     Plot Type: 3D                     Output format: XCrySDen     
     Reading data from file  /home/ubuntu/projects/Graphene-Band-Structure-Quantum-Espresso/outputs/field_0/vdw-df2-c09/top/data/ldos.pp.dat084

     Writing data to be plotted to file /home/ubuntu/projects/Graphene-Band-Structure-Quantum-Espresso/outputs/field_0/vdw-df2-c09/top/data/ldos.pp.dat084.xsf
     Plot Type: 3D                     Output format: XCrySDen     
     Reading data from file  /home/ubuntu/projects/Graphene-Band-Structure-Quantum-Espresso/outputs/field_0/vdw-df2-c09/top/data/ldos.pp.dat085

     Writing data to be plotted to file /home/ubuntu/projects/Graphene-Band-Structure-Quantum-Espresso/outputs/field_0/vdw-df2-c09/top/data/ldos.pp.dat085.xsf
     Plot Type: 3D                     Output format: XCrySDen     
     Reading data from file  /home/ubuntu/projects/Graphene-Band-Structure-Quantum-Espresso/outputs/field_0/vdw-df2-c09/top/data/ldos.pp.dat086

     Writing data to be plotted to file /home/ubuntu/projects/Graphene-Band-Structure-Quantum-Espresso/outputs/field_0/vdw-df2-c09/top/data/ldos.pp.dat086.xsf
     Plot Type: 3D                     Output format: XCrySDen     
     Reading data from file  /home/ubuntu/projects/Graphene-Band-Structure-Quantum-Espresso/outputs/field_0/vdw-df2-c09/top/data/ldos.pp.dat087

     Writing data to be plotted to file /home/ubuntu/projects/Graphene-Band-Structure-Quantum-Espresso/outputs/field_0/vdw-df2-c09/top/data/ldos.pp.dat087.xsf
     Plot Type: 3D                     Output format: XCrySDen     
     Reading data from file  /home/ubuntu/projects/Graphene-Band-Structure-Quantum-Espresso/outputs/field_0/vdw-df2-c09/top/data/ldos.pp.dat088

     Writing data to be plotted to file /home/ubuntu/projects/Graphene-Band-Structure-Quantum-Espresso/outputs/field_0/vdw-df2-c09/top/data/ldos.pp.dat088.xsf
     Plot Type: 3D                     Output format: XCrySDen     
     Reading data from file  /home/ubuntu/projects/Graphene-Band-Structure-Quantum-Espresso/outputs/field_0/vdw-df2-c09/top/data/ldos.pp.dat089

     Writing data to be plotted to file /home/ubuntu/projects/Graphene-Band-Structure-Quantum-Espresso/outputs/field_0/vdw-df2-c09/top/data/ldos.pp.dat089.xsf
     Plot Type: 3D                     Output format: XCrySDen     
     Reading data from file  /home/ubuntu/projects/Graphene-Band-Structure-Quantum-Espresso/outputs/field_0/vdw-df2-c09/top/data/ldos.pp.dat090

     Writing data to be plotted to file /home/ubuntu/projects/Graphene-Band-Structure-Quantum-Espresso/outputs/field_0/vdw-df2-c09/top/data/ldos.pp.dat090.xsf
     Plot Type: 3D                     Output format: XCrySDen     
     Reading data from file  /home/ubuntu/projects/Graphene-Band-Structure-Quantum-Espresso/outputs/field_0/vdw-df2-c09/top/data/ldos.pp.dat091

     Writing data to be plotted to file /home/ubuntu/projects/Graphene-Band-Structure-Quantum-Espresso/outputs/field_0/vdw-df2-c09/top/data/ldos.pp.dat091.xsf
     Plot Type: 3D                     Output format: XCrySDen     
     Reading data from file  /home/ubuntu/projects/Graphene-Band-Structure-Quantum-Espresso/outputs/field_0/vdw-df2-c09/top/data/ldos.pp.dat092

     Writing data to be plotted to file /home/ubuntu/projects/Graphene-Band-Structure-Quantum-Espresso/outputs/field_0/vdw-df2-c09/top/data/ldos.pp.dat092.xsf
     Plot Type: 3D                     Output format: XCrySDen     
     Reading data from file  /home/ubuntu/projects/Graphene-Band-Structure-Quantum-Espresso/outputs/field_0/vdw-df2-c09/top/data/ldos.pp.dat093

     Writing data to be plotted to file /home/ubuntu/projects/Graphene-Band-Structure-Quantum-Espresso/outputs/field_0/vdw-df2-c09/top/data/ldos.pp.dat093.xsf
     Plot Type: 3D                     Output format: XCrySDen     
     Reading data from file  /home/ubuntu/projects/Graphene-Band-Structure-Quantum-Espresso/outputs/field_0/vdw-df2-c09/top/data/ldos.pp.dat094

     Writing data to be plotted to file /home/ubuntu/projects/Graphene-Band-Structure-Quantum-Espresso/outputs/field_0/vdw-df2-c09/top/data/ldos.pp.dat094.xsf
     Plot Type: 3D                     Output format: XCrySDen     
     Reading data from file  /home/ubuntu/projects/Graphene-Band-Structure-Quantum-Espresso/outputs/field_0/vdw-df2-c09/top/data/ldos.pp.dat095

     Writing data to be plotted to file /home/ubuntu/projects/Graphene-Band-Structure-Quantum-Espresso/outputs/field_0/vdw-df2-c09/top/data/ldos.pp.dat095.xsf
     Plot Type: 3D                     Output format: XCrySDen     
     Reading data from file  /home/ubuntu/projects/Graphene-Band-Structure-Quantum-Espresso/outputs/field_0/vdw-df2-c09/top/data/ldos.pp.dat096

     Writing data to be plotted to file /home/ubuntu/projects/Graphene-Band-Structure-Quantum-Espresso/outputs/field_0/vdw-df2-c09/top/data/ldos.pp.dat096.xsf
     Plot Type: 3D                     Output format: XCrySDen     
     Reading data from file  /home/ubuntu/projects/Graphene-Band-Structure-Quantum-Espresso/outputs/field_0/vdw-df2-c09/top/data/ldos.pp.dat097

     Writing data to be plotted to file /home/ubuntu/projects/Graphene-Band-Structure-Quantum-Espresso/outputs/field_0/vdw-df2-c09/top/data/ldos.pp.dat097.xsf
     Plot Type: 3D                     Output format: XCrySDen     
     Reading data from file  /home/ubuntu/projects/Graphene-Band-Structure-Quantum-Espresso/outputs/field_0/vdw-df2-c09/top/data/ldos.pp.dat098

     Writing data to be plotted to file /home/ubuntu/projects/Graphene-Band-Structure-Quantum-Espresso/outputs/field_0/vdw-df2-c09/top/data/ldos.pp.dat098.xsf
     Plot Type: 3D                     Output format: XCrySDen     
     Reading data from file  /home/ubuntu/projects/Graphene-Band-Structure-Quantum-Espresso/outputs/field_0/vdw-df2-c09/top/data/ldos.pp.dat099

     Writing data to be plotted to file /home/ubuntu/projects/Graphene-Band-Structure-Quantum-Espresso/outputs/field_0/vdw-df2-c09/top/data/ldos.pp.dat099.xsf
     Plot Type: 3D                     Output format: XCrySDen     
     Reading data from file  /home/ubuntu/projects/Graphene-Band-Structure-Quantum-Espresso/outputs/field_0/vdw-df2-c09/top/data/ldos.pp.dat100

     Writing data to be plotted to file /home/ubuntu/projects/Graphene-Band-Structure-Quantum-Espresso/outputs/field_0/vdw-df2-c09/top/data/ldos.pp.dat100.xsf
     Plot Type: 3D                     Output format: XCrySDen     
     Reading data from file  /home/ubuntu/projects/Graphene-Band-Structure-Quantum-Espresso/outputs/field_0/vdw-df2-c09/top/data/ldos.pp.dat101

     Writing data to be plotted to file /home/ubuntu/projects/Graphene-Band-Structure-Quantum-Espresso/outputs/field_0/vdw-df2-c09/top/data/ldos.pp.dat101.xsf
     Plot Type: 3D                     Output format: XCrySDen     
     Reading data from file  /home/ubuntu/projects/Graphene-Band-Structure-Quantum-Espresso/outputs/field_0/vdw-df2-c09/top/data/ldos.pp.dat102

     Writing data to be plotted to file /home/ubuntu/projects/Graphene-Band-Structure-Quantum-Espresso/outputs/field_0/vdw-df2-c09/top/data/ldos.pp.dat102.xsf
     Plot Type: 3D                     Output format: XCrySDen     
     Reading data from file  /home/ubuntu/projects/Graphene-Band-Structure-Quantum-Espresso/outputs/field_0/vdw-df2-c09/top/data/ldos.pp.dat103

     Writing data to be plotted to file /home/ubuntu/projects/Graphene-Band-Structure-Quantum-Espresso/outputs/field_0/vdw-df2-c09/top/data/ldos.pp.dat103.xsf
     Plot Type: 3D                     Output format: XCrySDen     
     Reading data from file  /home/ubuntu/projects/Graphene-Band-Structure-Quantum-Espresso/outputs/field_0/vdw-df2-c09/top/data/ldos.pp.dat104

     Writing data to be plotted to file /home/ubuntu/projects/Graphene-Band-Structure-Quantum-Espresso/outputs/field_0/vdw-df2-c09/top/data/ldos.pp.dat104.xsf
     Plot Type: 3D                     Output format: XCrySDen     
     Reading data from file  /home/ubuntu/projects/Graphene-Band-Structure-Quantum-Espresso/outputs/field_0/vdw-df2-c09/top/data/ldos.pp.dat105

     Writing data to be plotted to file /home/ubuntu/projects/Graphene-Band-Structure-Quantum-Espresso/outputs/field_0/vdw-df2-c09/top/data/ldos.pp.dat105.xsf
     Plot Type: 3D                     Output format: XCrySDen     
     Reading data from file  /home/ubuntu/projects/Graphene-Band-Structure-Quantum-Espresso/outputs/field_0/vdw-df2-c09/top/data/ldos.pp.dat106

     Writing data to be plotted to file /home/ubuntu/projects/Graphene-Band-Structure-Quantum-Espresso/outputs/field_0/vdw-df2-c09/top/data/ldos.pp.dat106.xsf
     Plot Type: 3D                     Output format: XCrySDen     
     Reading data from file  /home/ubuntu/projects/Graphene-Band-Structure-Quantum-Espresso/outputs/field_0/vdw-df2-c09/top/data/ldos.pp.dat107

     Writing data to be plotted to file /home/ubuntu/projects/Graphene-Band-Structure-Quantum-Espresso/outputs/field_0/vdw-df2-c09/top/data/ldos.pp.dat107.xsf
     Plot Type: 3D                     Output format: XCrySDen     
     Reading data from file  /home/ubuntu/projects/Graphene-Band-Structure-Quantum-Espresso/outputs/field_0/vdw-df2-c09/top/data/ldos.pp.dat108

     Writing data to be plotted to file /home/ubuntu/projects/Graphene-Band-Structure-Quantum-Espresso/outputs/field_0/vdw-df2-c09/top/data/ldos.pp.dat108.xsf
     Plot Type: 3D                     Output format: XCrySDen     
     Reading data from file  /home/ubuntu/projects/Graphene-Band-Structure-Quantum-Espresso/outputs/field_0/vdw-df2-c09/top/data/ldos.pp.dat109

     Writing data to be plotted to file /home/ubuntu/projects/Graphene-Band-Structure-Quantum-Espresso/outputs/field_0/vdw-df2-c09/top/data/ldos.pp.dat109.xsf
     Plot Type: 3D                     Output format: XCrySDen     
     Reading data from file  /home/ubuntu/projects/Graphene-Band-Structure-Quantum-Espresso/outputs/field_0/vdw-df2-c09/top/data/ldos.pp.dat110

     Writing data to be plotted to file /home/ubuntu/projects/Graphene-Band-Structure-Quantum-Espresso/outputs/field_0/vdw-df2-c09/top/data/ldos.pp.dat110.xsf
     Plot Type: 3D                     Output format: XCrySDen     
     Reading data from file  /home/ubuntu/projects/Graphene-Band-Structure-Quantum-Espresso/outputs/field_0/vdw-df2-c09/top/data/ldos.pp.dat111

     Writing data to be plotted to file /home/ubuntu/projects/Graphene-Band-Structure-Quantum-Espresso/outputs/field_0/vdw-df2-c09/top/data/ldos.pp.dat111.xsf
     Plot Type: 3D                     Output format: XCrySDen     
     Reading data from file  /home/ubuntu/projects/Graphene-Band-Structure-Quantum-Espresso/outputs/field_0/vdw-df2-c09/top/data/ldos.pp.dat112

     Writing data to be plotted to file /home/ubuntu/projects/Graphene-Band-Structure-Quantum-Espresso/outputs/field_0/vdw-df2-c09/top/data/ldos.pp.dat112.xsf
     Plot Type: 3D                     Output format: XCrySDen     
     Reading data from file  /home/ubuntu/projects/Graphene-Band-Structure-Quantum-Espresso/outputs/field_0/vdw-df2-c09/top/data/ldos.pp.dat113

     Writing data to be plotted to file /home/ubuntu/projects/Graphene-Band-Structure-Quantum-Espresso/outputs/field_0/vdw-df2-c09/top/data/ldos.pp.dat113.xsf
     Plot Type: 3D                     Output format: XCrySDen     
     Reading data from file  /home/ubuntu/projects/Graphene-Band-Structure-Quantum-Espresso/outputs/field_0/vdw-df2-c09/top/data/ldos.pp.dat114

     Writing data to be plotted to file /home/ubuntu/projects/Graphene-Band-Structure-Quantum-Espresso/outputs/field_0/vdw-df2-c09/top/data/ldos.pp.dat114.xsf
     Plot Type: 3D                     Output format: XCrySDen     
     Reading data from file  /home/ubuntu/projects/Graphene-Band-Structure-Quantum-Espresso/outputs/field_0/vdw-df2-c09/top/data/ldos.pp.dat115

     Writing data to be plotted to file /home/ubuntu/projects/Graphene-Band-Structure-Quantum-Espresso/outputs/field_0/vdw-df2-c09/top/data/ldos.pp.dat115.xsf
     Plot Type: 3D                     Output format: XCrySDen     
     Reading data from file  /home/ubuntu/projects/Graphene-Band-Structure-Quantum-Espresso/outputs/field_0/vdw-df2-c09/top/data/ldos.pp.dat116

     Writing data to be plotted to file /home/ubuntu/projects/Graphene-Band-Structure-Quantum-Espresso/outputs/field_0/vdw-df2-c09/top/data/ldos.pp.dat116.xsf
     Plot Type: 3D                     Output format: XCrySDen     
     Reading data from file  /home/ubuntu/projects/Graphene-Band-Structure-Quantum-Espresso/outputs/field_0/vdw-df2-c09/top/data/ldos.pp.dat117

     Writing data to be plotted to file /home/ubuntu/projects/Graphene-Band-Structure-Quantum-Espresso/outputs/field_0/vdw-df2-c09/top/data/ldos.pp.dat117.xsf
     Plot Type: 3D                     Output format: XCrySDen     
     Reading data from file  /home/ubuntu/projects/Graphene-Band-Structure-Quantum-Espresso/outputs/field_0/vdw-df2-c09/top/data/ldos.pp.dat118

     Writing data to be plotted to file /home/ubuntu/projects/Graphene-Band-Structure-Quantum-Espresso/outputs/field_0/vdw-df2-c09/top/data/ldos.pp.dat118.xsf
     Plot Type: 3D                     Output format: XCrySDen     
     Reading data from file  /home/ubuntu/projects/Graphene-Band-Structure-Quantum-Espresso/outputs/field_0/vdw-df2-c09/top/data/ldos.pp.dat119

     Writing data to be plotted to file /home/ubuntu/projects/Graphene-Band-Structure-Quantum-Espresso/outputs/field_0/vdw-df2-c09/top/data/ldos.pp.dat119.xsf
     Plot Type: 3D                     Output format: XCrySDen     
     Reading data from file  /home/ubuntu/projects/Graphene-Band-Structure-Quantum-Espresso/outputs/field_0/vdw-df2-c09/top/data/ldos.pp.dat120

     Writing data to be plotted to file /home/ubuntu/projects/Graphene-Band-Structure-Quantum-Espresso/outputs/field_0/vdw-df2-c09/top/data/ldos.pp.dat120.xsf
     Plot Type: 3D                     Output format: XCrySDen     
     Reading data from file  /home/ubuntu/projects/Graphene-Band-Structure-Quantum-Espresso/outputs/field_0/vdw-df2-c09/top/data/ldos.pp.dat121

     Writing data to be plotted to file /home/ubuntu/projects/Graphene-Band-Structure-Quantum-Espresso/outputs/field_0/vdw-df2-c09/top/data/ldos.pp.dat121.xsf
     Plot Type: 3D                     Output format: XCrySDen     
     Reading data from file  /home/ubuntu/projects/Graphene-Band-Structure-Quantum-Espresso/outputs/field_0/vdw-df2-c09/top/data/ldos.pp.dat122

     Writing data to be plotted to file /home/ubuntu/projects/Graphene-Band-Structure-Quantum-Espresso/outputs/field_0/vdw-df2-c09/top/data/ldos.pp.dat122.xsf
     Plot Type: 3D                     Output format: XCrySDen     
     Reading data from file  /home/ubuntu/projects/Graphene-Band-Structure-Quantum-Espresso/outputs/field_0/vdw-df2-c09/top/data/ldos.pp.dat123

     Writing data to be plotted to file /home/ubuntu/projects/Graphene-Band-Structure-Quantum-Espresso/outputs/field_0/vdw-df2-c09/top/data/ldos.pp.dat123.xsf
     Plot Type: 3D                     Output format: XCrySDen     
     Reading data from file  /home/ubuntu/projects/Graphene-Band-Structure-Quantum-Espresso/outputs/field_0/vdw-df2-c09/top/data/ldos.pp.dat124

     Writing data to be plotted to file /home/ubuntu/projects/Graphene-Band-Structure-Quantum-Espresso/outputs/field_0/vdw-df2-c09/top/data/ldos.pp.dat124.xsf
     Plot Type: 3D                     Output format: XCrySDen     
     Reading data from file  /home/ubuntu/projects/Graphene-Band-Structure-Quantum-Espresso/outputs/field_0/vdw-df2-c09/top/data/ldos.pp.dat125

     Writing data to be plotted to file /home/ubuntu/projects/Graphene-Band-Structure-Quantum-Espresso/outputs/field_0/vdw-df2-c09/top/data/ldos.pp.dat125.xsf
     Plot Type: 3D                     Output format: XCrySDen     
     Reading data from file  /home/ubuntu/projects/Graphene-Band-Structure-Quantum-Espresso/outputs/field_0/vdw-df2-c09/top/data/ldos.pp.dat126

     Writing data to be plotted to file /home/ubuntu/projects/Graphene-Band-Structure-Quantum-Espresso/outputs/field_0/vdw-df2-c09/top/data/ldos.pp.dat126.xsf
     Plot Type: 3D                     Output format: XCrySDen     
     Reading data from file  /home/ubuntu/projects/Graphene-Band-Structure-Quantum-Espresso/outputs/field_0/vdw-df2-c09/top/data/ldos.pp.dat127

     Writing data to be plotted to file /home/ubuntu/projects/Graphene-Band-Structure-Quantum-Espresso/outputs/field_0/vdw-df2-c09/top/data/ldos.pp.dat127.xsf
     Plot Type: 3D                     Output format: XCrySDen     
     Reading data from file  /home/ubuntu/projects/Graphene-Band-Structure-Quantum-Espresso/outputs/field_0/vdw-df2-c09/top/data/ldos.pp.dat128

     Writing data to be plotted to file /home/ubuntu/projects/Graphene-Band-Structure-Quantum-Espresso/outputs/field_0/vdw-df2-c09/top/data/ldos.pp.dat128.xsf
     Plot Type: 3D                     Output format: XCrySDen     
     Reading data from file  /home/ubuntu/projects/Graphene-Band-Structure-Quantum-Espresso/outputs/field_0/vdw-df2-c09/top/data/ldos.pp.dat129

     Writing data to be plotted to file /home/ubuntu/projects/Graphene-Band-Structure-Quantum-Espresso/outputs/field_0/vdw-df2-c09/top/data/ldos.pp.dat129.xsf
     Plot Type: 3D                     Output format: XCrySDen     
     Reading data from file  /home/ubuntu/projects/Graphene-Band-Structure-Quantum-Espresso/outputs/field_0/vdw-df2-c09/top/data/ldos.pp.dat130

     Writing data to be plotted to file /home/ubuntu/projects/Graphene-Band-Structure-Quantum-Espresso/outputs/field_0/vdw-df2-c09/top/data/ldos.pp.dat130.xsf
     Plot Type: 3D                     Output format: XCrySDen     
     Reading data from file  /home/ubuntu/projects/Graphene-Band-Structure-Quantum-Espresso/outputs/field_0/vdw-df2-c09/top/data/ldos.pp.dat131

     Writing data to be plotted to file /home/ubuntu/projects/Graphene-Band-Structure-Quantum-Espresso/outputs/field_0/vdw-df2-c09/top/data/ldos.pp.dat131.xsf
     Plot Type: 3D                     Output format: XCrySDen     
     Reading data from file  /home/ubuntu/projects/Graphene-Band-Structure-Quantum-Espresso/outputs/field_0/vdw-df2-c09/top/data/ldos.pp.dat132

     Writing data to be plotted to file /home/ubuntu/projects/Graphene-Band-Structure-Quantum-Espresso/outputs/field_0/vdw-df2-c09/top/data/ldos.pp.dat132.xsf
     Plot Type: 3D                     Output format: XCrySDen     
     Reading data from file  /home/ubuntu/projects/Graphene-Band-Structure-Quantum-Espresso/outputs/field_0/vdw-df2-c09/top/data/ldos.pp.dat133

     Writing data to be plotted to file /home/ubuntu/projects/Graphene-Band-Structure-Quantum-Espresso/outputs/field_0/vdw-df2-c09/top/data/ldos.pp.dat133.xsf
     Plot Type: 3D                     Output format: XCrySDen     
     Reading data from file  /home/ubuntu/projects/Graphene-Band-Structure-Quantum-Espresso/outputs/field_0/vdw-df2-c09/top/data/ldos.pp.dat134

     Writing data to be plotted to file /home/ubuntu/projects/Graphene-Band-Structure-Quantum-Espresso/outputs/field_0/vdw-df2-c09/top/data/ldos.pp.dat134.xsf
     Plot Type: 3D                     Output format: XCrySDen     
     Reading data from file  /home/ubuntu/projects/Graphene-Band-Structure-Quantum-Espresso/outputs/field_0/vdw-df2-c09/top/data/ldos.pp.dat135

     Writing data to be plotted to file /home/ubuntu/projects/Graphene-Band-Structure-Quantum-Espresso/outputs/field_0/vdw-df2-c09/top/data/ldos.pp.dat135.xsf
     Plot Type: 3D                     Output format: XCrySDen     
     Reading data from file  /home/ubuntu/projects/Graphene-Band-Structure-Quantum-Espresso/outputs/field_0/vdw-df2-c09/top/data/ldos.pp.dat136

     Writing data to be plotted to file /home/ubuntu/projects/Graphene-Band-Structure-Quantum-Espresso/outputs/field_0/vdw-df2-c09/top/data/ldos.pp.dat136.xsf
     Plot Type: 3D                     Output format: XCrySDen     
     Reading data from file  /home/ubuntu/projects/Graphene-Band-Structure-Quantum-Espresso/outputs/field_0/vdw-df2-c09/top/data/ldos.pp.dat137

     Writing data to be plotted to file /home/ubuntu/projects/Graphene-Band-Structure-Quantum-Espresso/outputs/field_0/vdw-df2-c09/top/data/ldos.pp.dat137.xsf
     Plot Type: 3D                     Output format: XCrySDen     
     Reading data from file  /home/ubuntu/projects/Graphene-Band-Structure-Quantum-Espresso/outputs/field_0/vdw-df2-c09/top/data/ldos.pp.dat138

     Writing data to be plotted to file /home/ubuntu/projects/Graphene-Band-Structure-Quantum-Espresso/outputs/field_0/vdw-df2-c09/top/data/ldos.pp.dat138.xsf
     Plot Type: 3D                     Output format: XCrySDen     
     Reading data from file  /home/ubuntu/projects/Graphene-Band-Structure-Quantum-Espresso/outputs/field_0/vdw-df2-c09/top/data/ldos.pp.dat139

     Writing data to be plotted to file /home/ubuntu/projects/Graphene-Band-Structure-Quantum-Espresso/outputs/field_0/vdw-df2-c09/top/data/ldos.pp.dat139.xsf
     Plot Type: 3D                     Output format: XCrySDen     
     Reading data from file  /home/ubuntu/projects/Graphene-Band-Structure-Quantum-Espresso/outputs/field_0/vdw-df2-c09/top/data/ldos.pp.dat140

     Writing data to be plotted to file /home/ubuntu/projects/Graphene-Band-Structure-Quantum-Espresso/outputs/field_0/vdw-df2-c09/top/data/ldos.pp.dat140.xsf
     Plot Type: 3D                     Output format: XCrySDen     
     Reading data from file  /home/ubuntu/projects/Graphene-Band-Structure-Quantum-Espresso/outputs/field_0/vdw-df2-c09/top/data/ldos.pp.dat141

     Writing data to be plotted to file /home/ubuntu/projects/Graphene-Band-Structure-Quantum-Espresso/outputs/field_0/vdw-df2-c09/top/data/ldos.pp.dat141.xsf
     Plot Type: 3D                     Output format: XCrySDen     
     Reading data from file  /home/ubuntu/projects/Graphene-Band-Structure-Quantum-Espresso/outputs/field_0/vdw-df2-c09/top/data/ldos.pp.dat142

     Writing data to be plotted to file /home/ubuntu/projects/Graphene-Band-Structure-Quantum-Espresso/outputs/field_0/vdw-df2-c09/top/data/ldos.pp.dat142.xsf
     Plot Type: 3D                     Output format: XCrySDen     
     Reading data from file  /home/ubuntu/projects/Graphene-Band-Structure-Quantum-Espresso/outputs/field_0/vdw-df2-c09/top/data/ldos.pp.dat143

     Writing data to be plotted to file /home/ubuntu/projects/Graphene-Band-Structure-Quantum-Espresso/outputs/field_0/vdw-df2-c09/top/data/ldos.pp.dat143.xsf
     Plot Type: 3D                     Output format: XCrySDen     
     Reading data from file  /home/ubuntu/projects/Graphene-Band-Structure-Quantum-Espresso/outputs/field_0/vdw-df2-c09/top/data/ldos.pp.dat144

     Writing data to be plotted to file /home/ubuntu/projects/Graphene-Band-Structure-Quantum-Espresso/outputs/field_0/vdw-df2-c09/top/data/ldos.pp.dat144.xsf
     Plot Type: 3D                     Output format: XCrySDen     
     Reading data from file  /home/ubuntu/projects/Graphene-Band-Structure-Quantum-Espresso/outputs/field_0/vdw-df2-c09/top/data/ldos.pp.dat145

     Writing data to be plotted to file /home/ubuntu/projects/Graphene-Band-Structure-Quantum-Espresso/outputs/field_0/vdw-df2-c09/top/data/ldos.pp.dat145.xsf
     Plot Type: 3D                     Output format: XCrySDen     
     Reading data from file  /home/ubuntu/projects/Graphene-Band-Structure-Quantum-Espresso/outputs/field_0/vdw-df2-c09/top/data/ldos.pp.dat146

     Writing data to be plotted to file /home/ubuntu/projects/Graphene-Band-Structure-Quantum-Espresso/outputs/field_0/vdw-df2-c09/top/data/ldos.pp.dat146.xsf
     Plot Type: 3D                     Output format: XCrySDen     
     Reading data from file  /home/ubuntu/projects/Graphene-Band-Structure-Quantum-Espresso/outputs/field_0/vdw-df2-c09/top/data/ldos.pp.dat147

     Writing data to be plotted to file /home/ubuntu/projects/Graphene-Band-Structure-Quantum-Espresso/outputs/field_0/vdw-df2-c09/top/data/ldos.pp.dat147.xsf
     Plot Type: 3D                     Output format: XCrySDen     
     Reading data from file  /home/ubuntu/projects/Graphene-Band-Structure-Quantum-Espresso/outputs/field_0/vdw-df2-c09/top/data/ldos.pp.dat148

     Writing data to be plotted to file /home/ubuntu/projects/Graphene-Band-Structure-Quantum-Espresso/outputs/field_0/vdw-df2-c09/top/data/ldos.pp.dat148.xsf
     Plot Type: 3D                     Output format: XCrySDen     
     Reading data from file  /home/ubuntu/projects/Graphene-Band-Structure-Quantum-Espresso/outputs/field_0/vdw-df2-c09/top/data/ldos.pp.dat149

     Writing data to be plotted to file /home/ubuntu/projects/Graphene-Band-Structure-Quantum-Espresso/outputs/field_0/vdw-df2-c09/top/data/ldos.pp.dat149.xsf
     Plot Type: 3D                     Output format: XCrySDen     
     Reading data from file  /home/ubuntu/projects/Graphene-Band-Structure-Quantum-Espresso/outputs/field_0/vdw-df2-c09/top/data/ldos.pp.dat150

     Writing data to be plotted to file /home/ubuntu/projects/Graphene-Band-Structure-Quantum-Espresso/outputs/field_0/vdw-df2-c09/top/data/ldos.pp.dat150.xsf
     Plot Type: 3D                     Output format: XCrySDen     
     Reading data from file  /home/ubuntu/projects/Graphene-Band-Structure-Quantum-Espresso/outputs/field_0/vdw-df2-c09/top/data/ldos.pp.dat151

     Writing data to be plotted to file /home/ubuntu/projects/Graphene-Band-Structure-Quantum-Espresso/outputs/field_0/vdw-df2-c09/top/data/ldos.pp.dat151.xsf
     Plot Type: 3D                     Output format: XCrySDen     
     Reading data from file  /home/ubuntu/projects/Graphene-Band-Structure-Quantum-Espresso/outputs/field_0/vdw-df2-c09/top/data/ldos.pp.dat152

     Writing data to be plotted to file /home/ubuntu/projects/Graphene-Band-Structure-Quantum-Espresso/outputs/field_0/vdw-df2-c09/top/data/ldos.pp.dat152.xsf
     Plot Type: 3D                     Output format: XCrySDen     
     Reading data from file  /home/ubuntu/projects/Graphene-Band-Structure-Quantum-Espresso/outputs/field_0/vdw-df2-c09/top/data/ldos.pp.dat153

     Writing data to be plotted to file /home/ubuntu/projects/Graphene-Band-Structure-Quantum-Espresso/outputs/field_0/vdw-df2-c09/top/data/ldos.pp.dat153.xsf
     Plot Type: 3D                     Output format: XCrySDen     
     Reading data from file  /home/ubuntu/projects/Graphene-Band-Structure-Quantum-Espresso/outputs/field_0/vdw-df2-c09/top/data/ldos.pp.dat154

     Writing data to be plotted to file /home/ubuntu/projects/Graphene-Band-Structure-Quantum-Espresso/outputs/field_0/vdw-df2-c09/top/data/ldos.pp.dat154.xsf
     Plot Type: 3D                     Output format: XCrySDen     
     Reading data from file  /home/ubuntu/projects/Graphene-Band-Structure-Quantum-Espresso/outputs/field_0/vdw-df2-c09/top/data/ldos.pp.dat155

     Writing data to be plotted to file /home/ubuntu/projects/Graphene-Band-Structure-Quantum-Espresso/outputs/field_0/vdw-df2-c09/top/data/ldos.pp.dat155.xsf
     Plot Type: 3D                     Output format: XCrySDen     
     Reading data from file  /home/ubuntu/projects/Graphene-Band-Structure-Quantum-Espresso/outputs/field_0/vdw-df2-c09/top/data/ldos.pp.dat156

     Writing data to be plotted to file /home/ubuntu/projects/Graphene-Band-Structure-Quantum-Espresso/outputs/field_0/vdw-df2-c09/top/data/ldos.pp.dat156.xsf
     Plot Type: 3D                     Output format: XCrySDen     
     Reading data from file  /home/ubuntu/projects/Graphene-Band-Structure-Quantum-Espresso/outputs/field_0/vdw-df2-c09/top/data/ldos.pp.dat157

     Writing data to be plotted to file /home/ubuntu/projects/Graphene-Band-Structure-Quantum-Espresso/outputs/field_0/vdw-df2-c09/top/data/ldos.pp.dat157.xsf
     Plot Type: 3D                     Output format: XCrySDen     
     Reading data from file  /home/ubuntu/projects/Graphene-Band-Structure-Quantum-Espresso/outputs/field_0/vdw-df2-c09/top/data/ldos.pp.dat158

     Writing data to be plotted to file /home/ubuntu/projects/Graphene-Band-Structure-Quantum-Espresso/outputs/field_0/vdw-df2-c09/top/data/ldos.pp.dat158.xsf
     Plot Type: 3D                     Output format: XCrySDen     
     Reading data from file  /home/ubuntu/projects/Graphene-Band-Structure-Quantum-Espresso/outputs/field_0/vdw-df2-c09/top/data/ldos.pp.dat159

     Writing data to be plotted to file /home/ubuntu/projects/Graphene-Band-Structure-Quantum-Espresso/outputs/field_0/vdw-df2-c09/top/data/ldos.pp.dat159.xsf
     Plot Type: 3D                     Output format: XCrySDen     
     Reading data from file  /home/ubuntu/projects/Graphene-Band-Structure-Quantum-Espresso/outputs/field_0/vdw-df2-c09/top/data/ldos.pp.dat160

     Writing data to be plotted to file /home/ubuntu/projects/Graphene-Band-Structure-Quantum-Espresso/outputs/field_0/vdw-df2-c09/top/data/ldos.pp.dat160.xsf
     Plot Type: 3D                     Output format: XCrySDen     
     Reading data from file  /home/ubuntu/projects/Graphene-Band-Structure-Quantum-Espresso/outputs/field_0/vdw-df2-c09/top/data/ldos.pp.dat161

     Writing data to be plotted to file /home/ubuntu/projects/Graphene-Band-Structure-Quantum-Espresso/outputs/field_0/vdw-df2-c09/top/data/ldos.pp.dat161.xsf
     Plot Type: 3D                     Output format: XCrySDen     
     Reading data from file  /home/ubuntu/projects/Graphene-Band-Structure-Quantum-Espresso/outputs/field_0/vdw-df2-c09/top/data/ldos.pp.dat162

     Writing data to be plotted to file /home/ubuntu/projects/Graphene-Band-Structure-Quantum-Espresso/outputs/field_0/vdw-df2-c09/top/data/ldos.pp.dat162.xsf
     Plot Type: 3D                     Output format: XCrySDen     
     Reading data from file  /home/ubuntu/projects/Graphene-Band-Structure-Quantum-Espresso/outputs/field_0/vdw-df2-c09/top/data/ldos.pp.dat163

     Writing data to be plotted to file /home/ubuntu/projects/Graphene-Band-Structure-Quantum-Espresso/outputs/field_0/vdw-df2-c09/top/data/ldos.pp.dat163.xsf
     Plot Type: 3D                     Output format: XCrySDen     
     Reading data from file  /home/ubuntu/projects/Graphene-Band-Structure-Quantum-Espresso/outputs/field_0/vdw-df2-c09/top/data/ldos.pp.dat164

     Writing data to be plotted to file /home/ubuntu/projects/Graphene-Band-Structure-Quantum-Espresso/outputs/field_0/vdw-df2-c09/top/data/ldos.pp.dat164.xsf
     Plot Type: 3D                     Output format: XCrySDen     
     Reading data from file  /home/ubuntu/projects/Graphene-Band-Structure-Quantum-Espresso/outputs/field_0/vdw-df2-c09/top/data/ldos.pp.dat165

     Writing data to be plotted to file /home/ubuntu/projects/Graphene-Band-Structure-Quantum-Espresso/outputs/field_0/vdw-df2-c09/top/data/ldos.pp.dat165.xsf
     Plot Type: 3D                     Output format: XCrySDen     
     Reading data from file  /home/ubuntu/projects/Graphene-Band-Structure-Quantum-Espresso/outputs/field_0/vdw-df2-c09/top/data/ldos.pp.dat166

     Writing data to be plotted to file /home/ubuntu/projects/Graphene-Band-Structure-Quantum-Espresso/outputs/field_0/vdw-df2-c09/top/data/ldos.pp.dat166.xsf
     Plot Type: 3D                     Output format: XCrySDen     
     Reading data from file  /home/ubuntu/projects/Graphene-Band-Structure-Quantum-Espresso/outputs/field_0/vdw-df2-c09/top/data/ldos.pp.dat167

     Writing data to be plotted to file /home/ubuntu/projects/Graphene-Band-Structure-Quantum-Espresso/outputs/field_0/vdw-df2-c09/top/data/ldos.pp.dat167.xsf
     Plot Type: 3D                     Output format: XCrySDen     
     Reading data from file  /home/ubuntu/projects/Graphene-Band-Structure-Quantum-Espresso/outputs/field_0/vdw-df2-c09/top/data/ldos.pp.dat168

     Writing data to be plotted to file /home/ubuntu/projects/Graphene-Band-Structure-Quantum-Espresso/outputs/field_0/vdw-df2-c09/top/data/ldos.pp.dat168.xsf
     Plot Type: 3D                     Output format: XCrySDen     
     Reading data from file  /home/ubuntu/projects/Graphene-Band-Structure-Quantum-Espresso/outputs/field_0/vdw-df2-c09/top/data/ldos.pp.dat169

     Writing data to be plotted to file /home/ubuntu/projects/Graphene-Band-Structure-Quantum-Espresso/outputs/field_0/vdw-df2-c09/top/data/ldos.pp.dat169.xsf
     Plot Type: 3D                     Output format: XCrySDen     
     Reading data from file  /home/ubuntu/projects/Graphene-Band-Structure-Quantum-Espresso/outputs/field_0/vdw-df2-c09/top/data/ldos.pp.dat170

     Writing data to be plotted to file /home/ubuntu/projects/Graphene-Band-Structure-Quantum-Espresso/outputs/field_0/vdw-df2-c09/top/data/ldos.pp.dat170.xsf
     Plot Type: 3D                     Output format: XCrySDen     
     Reading data from file  /home/ubuntu/projects/Graphene-Band-Structure-Quantum-Espresso/outputs/field_0/vdw-df2-c09/top/data/ldos.pp.dat171

     Writing data to be plotted to file /home/ubuntu/projects/Graphene-Band-Structure-Quantum-Espresso/outputs/field_0/vdw-df2-c09/top/data/ldos.pp.dat171.xsf
     Plot Type: 3D                     Output format: XCrySDen     
     Reading data from file  /home/ubuntu/projects/Graphene-Band-Structure-Quantum-Espresso/outputs/field_0/vdw-df2-c09/top/data/ldos.pp.dat172

     Writing data to be plotted to file /home/ubuntu/projects/Graphene-Band-Structure-Quantum-Espresso/outputs/field_0/vdw-df2-c09/top/data/ldos.pp.dat172.xsf
     Plot Type: 3D                     Output format: XCrySDen     
     Reading data from file  /home/ubuntu/projects/Graphene-Band-Structure-Quantum-Espresso/outputs/field_0/vdw-df2-c09/top/data/ldos.pp.dat173

     Writing data to be plotted to file /home/ubuntu/projects/Graphene-Band-Structure-Quantum-Espresso/outputs/field_0/vdw-df2-c09/top/data/ldos.pp.dat173.xsf
     Plot Type: 3D                     Output format: XCrySDen     
     Reading data from file  /home/ubuntu/projects/Graphene-Band-Structure-Quantum-Espresso/outputs/field_0/vdw-df2-c09/top/data/ldos.pp.dat174

     Writing data to be plotted to file /home/ubuntu/projects/Graphene-Band-Structure-Quantum-Espresso/outputs/field_0/vdw-df2-c09/top/data/ldos.pp.dat174.xsf
     Plot Type: 3D                     Output format: XCrySDen     
     Reading data from file  /home/ubuntu/projects/Graphene-Band-Structure-Quantum-Espresso/outputs/field_0/vdw-df2-c09/top/data/ldos.pp.dat175

     Writing data to be plotted to file /home/ubuntu/projects/Graphene-Band-Structure-Quantum-Espresso/outputs/field_0/vdw-df2-c09/top/data/ldos.pp.dat175.xsf
     Plot Type: 3D                     Output format: XCrySDen     
     Reading data from file  /home/ubuntu/projects/Graphene-Band-Structure-Quantum-Espresso/outputs/field_0/vdw-df2-c09/top/data/ldos.pp.dat176

     Writing data to be plotted to file /home/ubuntu/projects/Graphene-Band-Structure-Quantum-Espresso/outputs/field_0/vdw-df2-c09/top/data/ldos.pp.dat176.xsf
     Plot Type: 3D                     Output format: XCrySDen     
     Reading data from file  /home/ubuntu/projects/Graphene-Band-Structure-Quantum-Espresso/outputs/field_0/vdw-df2-c09/top/data/ldos.pp.dat177

     Writing data to be plotted to file /home/ubuntu/projects/Graphene-Band-Structure-Quantum-Espresso/outputs/field_0/vdw-df2-c09/top/data/ldos.pp.dat177.xsf
     Plot Type: 3D                     Output format: XCrySDen     
     Reading data from file  /home/ubuntu/projects/Graphene-Band-Structure-Quantum-Espresso/outputs/field_0/vdw-df2-c09/top/data/ldos.pp.dat178

     Writing data to be plotted to file /home/ubuntu/projects/Graphene-Band-Structure-Quantum-Espresso/outputs/field_0/vdw-df2-c09/top/data/ldos.pp.dat178.xsf
     Plot Type: 3D                     Output format: XCrySDen     
     Reading data from file  /home/ubuntu/projects/Graphene-Band-Structure-Quantum-Espresso/outputs/field_0/vdw-df2-c09/top/data/ldos.pp.dat179

     Writing data to be plotted to file /home/ubuntu/projects/Graphene-Band-Structure-Quantum-Espresso/outputs/field_0/vdw-df2-c09/top/data/ldos.pp.dat179.xsf
     Plot Type: 3D                     Output format: XCrySDen     
     Reading data from file  /home/ubuntu/projects/Graphene-Band-Structure-Quantum-Espresso/outputs/field_0/vdw-df2-c09/top/data/ldos.pp.dat180

     Writing data to be plotted to file /home/ubuntu/projects/Graphene-Band-Structure-Quantum-Espresso/outputs/field_0/vdw-df2-c09/top/data/ldos.pp.dat180.xsf
     Plot Type: 3D                     Output format: XCrySDen     
     Reading data from file  /home/ubuntu/projects/Graphene-Band-Structure-Quantum-Espresso/outputs/field_0/vdw-df2-c09/top/data/ldos.pp.dat181

     Writing data to be plotted to file /home/ubuntu/projects/Graphene-Band-Structure-Quantum-Espresso/outputs/field_0/vdw-df2-c09/top/data/ldos.pp.dat181.xsf
     Plot Type: 3D                     Output format: XCrySDen     
     Reading data from file  /home/ubuntu/projects/Graphene-Band-Structure-Quantum-Espresso/outputs/field_0/vdw-df2-c09/top/data/ldos.pp.dat182

     Writing data to be plotted to file /home/ubuntu/projects/Graphene-Band-Structure-Quantum-Espresso/outputs/field_0/vdw-df2-c09/top/data/ldos.pp.dat182.xsf
     Plot Type: 3D                     Output format: XCrySDen     
     Reading data from file  /home/ubuntu/projects/Graphene-Band-Structure-Quantum-Espresso/outputs/field_0/vdw-df2-c09/top/data/ldos.pp.dat183

     Writing data to be plotted to file /home/ubuntu/projects/Graphene-Band-Structure-Quantum-Espresso/outputs/field_0/vdw-df2-c09/top/data/ldos.pp.dat183.xsf
     Plot Type: 3D                     Output format: XCrySDen     
     Reading data from file  /home/ubuntu/projects/Graphene-Band-Structure-Quantum-Espresso/outputs/field_0/vdw-df2-c09/top/data/ldos.pp.dat184

     Writing data to be plotted to file /home/ubuntu/projects/Graphene-Band-Structure-Quantum-Espresso/outputs/field_0/vdw-df2-c09/top/data/ldos.pp.dat184.xsf
     Plot Type: 3D                     Output format: XCrySDen     
     Reading data from file  /home/ubuntu/projects/Graphene-Band-Structure-Quantum-Espresso/outputs/field_0/vdw-df2-c09/top/data/ldos.pp.dat185

     Writing data to be plotted to file /home/ubuntu/projects/Graphene-Band-Structure-Quantum-Espresso/outputs/field_0/vdw-df2-c09/top/data/ldos.pp.dat185.xsf
     Plot Type: 3D                     Output format: XCrySDen     
     Reading data from file  /home/ubuntu/projects/Graphene-Band-Structure-Quantum-Espresso/outputs/field_0/vdw-df2-c09/top/data/ldos.pp.dat186

     Writing data to be plotted to file /home/ubuntu/projects/Graphene-Band-Structure-Quantum-Espresso/outputs/field_0/vdw-df2-c09/top/data/ldos.pp.dat186.xsf
     Plot Type: 3D                     Output format: XCrySDen     
     Reading data from file  /home/ubuntu/projects/Graphene-Band-Structure-Quantum-Espresso/outputs/field_0/vdw-df2-c09/top/data/ldos.pp.dat187

     Writing data to be plotted to file /home/ubuntu/projects/Graphene-Band-Structure-Quantum-Espresso/outputs/field_0/vdw-df2-c09/top/data/ldos.pp.dat187.xsf
     Plot Type: 3D                     Output format: XCrySDen     
     Reading data from file  /home/ubuntu/projects/Graphene-Band-Structure-Quantum-Espresso/outputs/field_0/vdw-df2-c09/top/data/ldos.pp.dat188

     Writing data to be plotted to file /home/ubuntu/projects/Graphene-Band-Structure-Quantum-Espresso/outputs/field_0/vdw-df2-c09/top/data/ldos.pp.dat188.xsf
     Plot Type: 3D                     Output format: XCrySDen     
     Reading data from file  /home/ubuntu/projects/Graphene-Band-Structure-Quantum-Espresso/outputs/field_0/vdw-df2-c09/top/data/ldos.pp.dat189

     Writing data to be plotted to file /home/ubuntu/projects/Graphene-Band-Structure-Quantum-Espresso/outputs/field_0/vdw-df2-c09/top/data/ldos.pp.dat189.xsf
     Plot Type: 3D                     Output format: XCrySDen     
     Reading data from file  /home/ubuntu/projects/Graphene-Band-Structure-Quantum-Espresso/outputs/field_0/vdw-df2-c09/top/data/ldos.pp.dat190

     Writing data to be plotted to file /home/ubuntu/projects/Graphene-Band-Structure-Quantum-Espresso/outputs/field_0/vdw-df2-c09/top/data/ldos.pp.dat190.xsf
     Plot Type: 3D                     Output format: XCrySDen     
     Reading data from file  /home/ubuntu/projects/Graphene-Band-Structure-Quantum-Espresso/outputs/field_0/vdw-df2-c09/top/data/ldos.pp.dat191

     Writing data to be plotted to file /home/ubuntu/projects/Graphene-Band-Structure-Quantum-Espresso/outputs/field_0/vdw-df2-c09/top/data/ldos.pp.dat191.xsf
     Plot Type: 3D                     Output format: XCrySDen     
     Reading data from file  /home/ubuntu/projects/Graphene-Band-Structure-Quantum-Espresso/outputs/field_0/vdw-df2-c09/top/data/ldos.pp.dat192

     Writing data to be plotted to file /home/ubuntu/projects/Graphene-Band-Structure-Quantum-Espresso/outputs/field_0/vdw-df2-c09/top/data/ldos.pp.dat192.xsf
     Plot Type: 3D                     Output format: XCrySDen     
     Reading data from file  /home/ubuntu/projects/Graphene-Band-Structure-Quantum-Espresso/outputs/field_0/vdw-df2-c09/top/data/ldos.pp.dat193

     Writing data to be plotted to file /home/ubuntu/projects/Graphene-Band-Structure-Quantum-Espresso/outputs/field_0/vdw-df2-c09/top/data/ldos.pp.dat193.xsf
     Plot Type: 3D                     Output format: XCrySDen     
     Reading data from file  /home/ubuntu/projects/Graphene-Band-Structure-Quantum-Espresso/outputs/field_0/vdw-df2-c09/top/data/ldos.pp.dat194

     Writing data to be plotted to file /home/ubuntu/projects/Graphene-Band-Structure-Quantum-Espresso/outputs/field_0/vdw-df2-c09/top/data/ldos.pp.dat194.xsf
     Plot Type: 3D                     Output format: XCrySDen     
     Reading data from file  /home/ubuntu/projects/Graphene-Band-Structure-Quantum-Espresso/outputs/field_0/vdw-df2-c09/top/data/ldos.pp.dat195

     Writing data to be plotted to file /home/ubuntu/projects/Graphene-Band-Structure-Quantum-Espresso/outputs/field_0/vdw-df2-c09/top/data/ldos.pp.dat195.xsf
     Plot Type: 3D                     Output format: XCrySDen     
     Reading data from file  /home/ubuntu/projects/Graphene-Band-Structure-Quantum-Espresso/outputs/field_0/vdw-df2-c09/top/data/ldos.pp.dat196

     Writing data to be plotted to file /home/ubuntu/projects/Graphene-Band-Structure-Quantum-Espresso/outputs/field_0/vdw-df2-c09/top/data/ldos.pp.dat196.xsf
     Plot Type: 3D                     Output format: XCrySDen     
     Reading data from file  /home/ubuntu/projects/Graphene-Band-Structure-Quantum-Espresso/outputs/field_0/vdw-df2-c09/top/data/ldos.pp.dat197

     Writing data to be plotted to file /home/ubuntu/projects/Graphene-Band-Structure-Quantum-Espresso/outputs/field_0/vdw-df2-c09/top/data/ldos.pp.dat197.xsf
     Plot Type: 3D                     Output format: XCrySDen     
     Reading data from file  /home/ubuntu/projects/Graphene-Band-Structure-Quantum-Espresso/outputs/field_0/vdw-df2-c09/top/data/ldos.pp.dat198

     Writing data to be plotted to file /home/ubuntu/projects/Graphene-Band-Structure-Quantum-Espresso/outputs/field_0/vdw-df2-c09/top/data/ldos.pp.dat198.xsf
     Plot Type: 3D                     Output format: XCrySDen     
     Reading data from file  /home/ubuntu/projects/Graphene-Band-Structure-Quantum-Espresso/outputs/field_0/vdw-df2-c09/top/data/ldos.pp.dat199

     Writing data to be plotted to file /home/ubuntu/projects/Graphene-Band-Structure-Quantum-Espresso/outputs/field_0/vdw-df2-c09/top/data/ldos.pp.dat199.xsf
     Plot Type: 3D                     Output format: XCrySDen     
     Reading data from file  /home/ubuntu/projects/Graphene-Band-Structure-Quantum-Espresso/outputs/field_0/vdw-df2-c09/top/data/ldos.pp.dat200

     Writing data to be plotted to file /home/ubuntu/projects/Graphene-Band-Structure-Quantum-Espresso/outputs/field_0/vdw-df2-c09/top/data/ldos.pp.dat200.xsf
     Plot Type: 3D                     Output format: XCrySDen     
     Reading data from file  /home/ubuntu/projects/Graphene-Band-Structure-Quantum-Espresso/outputs/field_0/vdw-df2-c09/top/data/ldos.pp.dat201

     Writing data to be plotted to file /home/ubuntu/projects/Graphene-Band-Structure-Quantum-Espresso/outputs/field_0/vdw-df2-c09/top/data/ldos.pp.dat201.xsf
     Plot Type: 3D                     Output format: XCrySDen     
     Reading data from file  /home/ubuntu/projects/Graphene-Band-Structure-Quantum-Espresso/outputs/field_0/vdw-df2-c09/top/data/ldos.pp.dat202

     Writing data to be plotted to file /home/ubuntu/projects/Graphene-Band-Structure-Quantum-Espresso/outputs/field_0/vdw-df2-c09/top/data/ldos.pp.dat202.xsf
     Plot Type: 3D                     Output format: XCrySDen     
     Reading data from file  /home/ubuntu/projects/Graphene-Band-Structure-Quantum-Espresso/outputs/field_0/vdw-df2-c09/top/data/ldos.pp.dat203

     Writing data to be plotted to file /home/ubuntu/projects/Graphene-Band-Structure-Quantum-Espresso/outputs/field_0/vdw-df2-c09/top/data/ldos.pp.dat203.xsf
     Plot Type: 3D                     Output format: XCrySDen     
     Reading data from file  /home/ubuntu/projects/Graphene-Band-Structure-Quantum-Espresso/outputs/field_0/vdw-df2-c09/top/data/ldos.pp.dat204

     Writing data to be plotted to file /home/ubuntu/projects/Graphene-Band-Structure-Quantum-Espresso/outputs/field_0/vdw-df2-c09/top/data/ldos.pp.dat204.xsf
     Plot Type: 3D                     Output format: XCrySDen     
     Reading data from file  /home/ubuntu/projects/Graphene-Band-Structure-Quantum-Espresso/outputs/field_0/vdw-df2-c09/top/data/ldos.pp.dat205

     Writing data to be plotted to file /home/ubuntu/projects/Graphene-Band-Structure-Quantum-Espresso/outputs/field_0/vdw-df2-c09/top/data/ldos.pp.dat205.xsf
     Plot Type: 3D                     Output format: XCrySDen     
     Reading data from file  /home/ubuntu/projects/Graphene-Band-Structure-Quantum-Espresso/outputs/field_0/vdw-df2-c09/top/data/ldos.pp.dat206

     Writing data to be plotted to file /home/ubuntu/projects/Graphene-Band-Structure-Quantum-Espresso/outputs/field_0/vdw-df2-c09/top/data/ldos.pp.dat206.xsf
     Plot Type: 3D                     Output format: XCrySDen     
     Reading data from file  /home/ubuntu/projects/Graphene-Band-Structure-Quantum-Espresso/outputs/field_0/vdw-df2-c09/top/data/ldos.pp.dat207

     Writing data to be plotted to file /home/ubuntu/projects/Graphene-Band-Structure-Quantum-Espresso/outputs/field_0/vdw-df2-c09/top/data/ldos.pp.dat207.xsf
     Plot Type: 3D                     Output format: XCrySDen     
     Reading data from file  /home/ubuntu/projects/Graphene-Band-Structure-Quantum-Espresso/outputs/field_0/vdw-df2-c09/top/data/ldos.pp.dat208

     Writing data to be plotted to file /home/ubuntu/projects/Graphene-Band-Structure-Quantum-Espresso/outputs/field_0/vdw-df2-c09/top/data/ldos.pp.dat208.xsf
     Plot Type: 3D                     Output format: XCrySDen     
     Reading data from file  /home/ubuntu/projects/Graphene-Band-Structure-Quantum-Espresso/outputs/field_0/vdw-df2-c09/top/data/ldos.pp.dat209

     Writing data to be plotted to file /home/ubuntu/projects/Graphene-Band-Structure-Quantum-Espresso/outputs/field_0/vdw-df2-c09/top/data/ldos.pp.dat209.xsf
     Plot Type: 3D                     Output format: XCrySDen     
     Reading data from file  /home/ubuntu/projects/Graphene-Band-Structure-Quantum-Espresso/outputs/field_0/vdw-df2-c09/top/data/ldos.pp.dat210

     Writing data to be plotted to file /home/ubuntu/projects/Graphene-Band-Structure-Quantum-Espresso/outputs/field_0/vdw-df2-c09/top/data/ldos.pp.dat210.xsf
     Plot Type: 3D                     Output format: XCrySDen     
     Reading data from file  /home/ubuntu/projects/Graphene-Band-Structure-Quantum-Espresso/outputs/field_0/vdw-df2-c09/top/data/ldos.pp.dat211

     Writing data to be plotted to file /home/ubuntu/projects/Graphene-Band-Structure-Quantum-Espresso/outputs/field_0/vdw-df2-c09/top/data/ldos.pp.dat211.xsf
     Plot Type: 3D                     Output format: XCrySDen     
     Reading data from file  /home/ubuntu/projects/Graphene-Band-Structure-Quantum-Espresso/outputs/field_0/vdw-df2-c09/top/data/ldos.pp.dat212

     Writing data to be plotted to file /home/ubuntu/projects/Graphene-Band-Structure-Quantum-Espresso/outputs/field_0/vdw-df2-c09/top/data/ldos.pp.dat212.xsf
     Plot Type: 3D                     Output format: XCrySDen     
     Reading data from file  /home/ubuntu/projects/Graphene-Band-Structure-Quantum-Espresso/outputs/field_0/vdw-df2-c09/top/data/ldos.pp.dat213

     Writing data to be plotted to file /home/ubuntu/projects/Graphene-Band-Structure-Quantum-Espresso/outputs/field_0/vdw-df2-c09/top/data/ldos.pp.dat213.xsf
     Plot Type: 3D                     Output format: XCrySDen     
     Reading data from file  /home/ubuntu/projects/Graphene-Band-Structure-Quantum-Espresso/outputs/field_0/vdw-df2-c09/top/data/ldos.pp.dat214

     Writing data to be plotted to file /home/ubuntu/projects/Graphene-Band-Structure-Quantum-Espresso/outputs/field_0/vdw-df2-c09/top/data/ldos.pp.dat214.xsf
     Plot Type: 3D                     Output format: XCrySDen     
     Reading data from file  /home/ubuntu/projects/Graphene-Band-Structure-Quantum-Espresso/outputs/field_0/vdw-df2-c09/top/data/ldos.pp.dat215

     Writing data to be plotted to file /home/ubuntu/projects/Graphene-Band-Structure-Quantum-Espresso/outputs/field_0/vdw-df2-c09/top/data/ldos.pp.dat215.xsf
     Plot Type: 3D                     Output format: XCrySDen     
     Reading data from file  /home/ubuntu/projects/Graphene-Band-Structure-Quantum-Espresso/outputs/field_0/vdw-df2-c09/top/data/ldos.pp.dat216

     Writing data to be plotted to file /home/ubuntu/projects/Graphene-Band-Structure-Quantum-Espresso/outputs/field_0/vdw-df2-c09/top/data/ldos.pp.dat216.xsf
     Plot Type: 3D                     Output format: XCrySDen     
     Reading data from file  /home/ubuntu/projects/Graphene-Band-Structure-Quantum-Espresso/outputs/field_0/vdw-df2-c09/top/data/ldos.pp.dat217

     Writing data to be plotted to file /home/ubuntu/projects/Graphene-Band-Structure-Quantum-Espresso/outputs/field_0/vdw-df2-c09/top/data/ldos.pp.dat217.xsf
     Plot Type: 3D                     Output format: XCrySDen     
     Reading data from file  /home/ubuntu/projects/Graphene-Band-Structure-Quantum-Espresso/outputs/field_0/vdw-df2-c09/top/data/ldos.pp.dat218

     Writing data to be plotted to file /home/ubuntu/projects/Graphene-Band-Structure-Quantum-Espresso/outputs/field_0/vdw-df2-c09/top/data/ldos.pp.dat218.xsf
     Plot Type: 3D                     Output format: XCrySDen     
     Reading data from file  /home/ubuntu/projects/Graphene-Band-Structure-Quantum-Espresso/outputs/field_0/vdw-df2-c09/top/data/ldos.pp.dat219

     Writing data to be plotted to file /home/ubuntu/projects/Graphene-Band-Structure-Quantum-Espresso/outputs/field_0/vdw-df2-c09/top/data/ldos.pp.dat219.xsf
     Plot Type: 3D                     Output format: XCrySDen     
     Reading data from file  /home/ubuntu/projects/Graphene-Band-Structure-Quantum-Espresso/outputs/field_0/vdw-df2-c09/top/data/ldos.pp.dat220

     Writing data to be plotted to file /home/ubuntu/projects/Graphene-Band-Structure-Quantum-Espresso/outputs/field_0/vdw-df2-c09/top/data/ldos.pp.dat220.xsf
     Plot Type: 3D                     Output format: XCrySDen     
     Reading data from file  /home/ubuntu/projects/Graphene-Band-Structure-Quantum-Espresso/outputs/field_0/vdw-df2-c09/top/data/ldos.pp.dat221

     Writing data to be plotted to file /home/ubuntu/projects/Graphene-Band-Structure-Quantum-Espresso/outputs/field_0/vdw-df2-c09/top/data/ldos.pp.dat221.xsf
     Plot Type: 3D                     Output format: XCrySDen     
     Reading data from file  /home/ubuntu/projects/Graphene-Band-Structure-Quantum-Espresso/outputs/field_0/vdw-df2-c09/top/data/ldos.pp.dat222

     Writing data to be plotted to file /home/ubuntu/projects/Graphene-Band-Structure-Quantum-Espresso/outputs/field_0/vdw-df2-c09/top/data/ldos.pp.dat222.xsf
     Plot Type: 3D                     Output format: XCrySDen     
     Reading data from file  /home/ubuntu/projects/Graphene-Band-Structure-Quantum-Espresso/outputs/field_0/vdw-df2-c09/top/data/ldos.pp.dat223

     Writing data to be plotted to file /home/ubuntu/projects/Graphene-Band-Structure-Quantum-Espresso/outputs/field_0/vdw-df2-c09/top/data/ldos.pp.dat223.xsf
     Plot Type: 3D                     Output format: XCrySDen     
     Reading data from file  /home/ubuntu/projects/Graphene-Band-Structure-Quantum-Espresso/outputs/field_0/vdw-df2-c09/top/data/ldos.pp.dat224

     Writing data to be plotted to file /home/ubuntu/projects/Graphene-Band-Structure-Quantum-Espresso/outputs/field_0/vdw-df2-c09/top/data/ldos.pp.dat224.xsf
     Plot Type: 3D                     Output format: XCrySDen     
     Reading data from file  /home/ubuntu/projects/Graphene-Band-Structure-Quantum-Espresso/outputs/field_0/vdw-df2-c09/top/data/ldos.pp.dat225

     Writing data to be plotted to file /home/ubuntu/projects/Graphene-Band-Structure-Quantum-Espresso/outputs/field_0/vdw-df2-c09/top/data/ldos.pp.dat225.xsf
     Plot Type: 3D                     Output format: XCrySDen     
     Reading data from file  /home/ubuntu/projects/Graphene-Band-Structure-Quantum-Espresso/outputs/field_0/vdw-df2-c09/top/data/ldos.pp.dat226

     Writing data to be plotted to file /home/ubuntu/projects/Graphene-Band-Structure-Quantum-Espresso/outputs/field_0/vdw-df2-c09/top/data/ldos.pp.dat226.xsf
     Plot Type: 3D                     Output format: XCrySDen     
     Reading data from file  /home/ubuntu/projects/Graphene-Band-Structure-Quantum-Espresso/outputs/field_0/vdw-df2-c09/top/data/ldos.pp.dat227

     Writing data to be plotted to file /home/ubuntu/projects/Graphene-Band-Structure-Quantum-Espresso/outputs/field_0/vdw-df2-c09/top/data/ldos.pp.dat227.xsf
     Plot Type: 3D                     Output format: XCrySDen     
     Reading data from file  /home/ubuntu/projects/Graphene-Band-Structure-Quantum-Espresso/outputs/field_0/vdw-df2-c09/top/data/ldos.pp.dat228

     Writing data to be plotted to file /home/ubuntu/projects/Graphene-Band-Structure-Quantum-Espresso/outputs/field_0/vdw-df2-c09/top/data/ldos.pp.dat228.xsf
     Plot Type: 3D                     Output format: XCrySDen     
     Reading data from file  /home/ubuntu/projects/Graphene-Band-Structure-Quantum-Espresso/outputs/field_0/vdw-df2-c09/top/data/ldos.pp.dat229

     Writing data to be plotted to file /home/ubuntu/projects/Graphene-Band-Structure-Quantum-Espresso/outputs/field_0/vdw-df2-c09/top/data/ldos.pp.dat229.xsf
     Plot Type: 3D                     Output format: XCrySDen     
     Reading data from file  /home/ubuntu/projects/Graphene-Band-Structure-Quantum-Espresso/outputs/field_0/vdw-df2-c09/top/data/ldos.pp.dat230

     Writing data to be plotted to file /home/ubuntu/projects/Graphene-Band-Structure-Quantum-Espresso/outputs/field_0/vdw-df2-c09/top/data/ldos.pp.dat230.xsf
     Plot Type: 3D                     Output format: XCrySDen     
     Reading data from file  /home/ubuntu/projects/Graphene-Band-Structure-Quantum-Espresso/outputs/field_0/vdw-df2-c09/top/data/ldos.pp.dat231

     Writing data to be plotted to file /home/ubuntu/projects/Graphene-Band-Structure-Quantum-Espresso/outputs/field_0/vdw-df2-c09/top/data/ldos.pp.dat231.xsf
     Plot Type: 3D                     Output format: XCrySDen     
     Reading data from file  /home/ubuntu/projects/Graphene-Band-Structure-Quantum-Espresso/outputs/field_0/vdw-df2-c09/top/data/ldos.pp.dat232

     Writing data to be plotted to file /home/ubuntu/projects/Graphene-Band-Structure-Quantum-Espresso/outputs/field_0/vdw-df2-c09/top/data/ldos.pp.dat232.xsf
     Plot Type: 3D                     Output format: XCrySDen     
     Reading data from file  /home/ubuntu/projects/Graphene-Band-Structure-Quantum-Espresso/outputs/field_0/vdw-df2-c09/top/data/ldos.pp.dat233

     Writing data to be plotted to file /home/ubuntu/projects/Graphene-Band-Structure-Quantum-Espresso/outputs/field_0/vdw-df2-c09/top/data/ldos.pp.dat233.xsf
     Plot Type: 3D                     Output format: XCrySDen     
     Reading data from file  /home/ubuntu/projects/Graphene-Band-Structure-Quantum-Espresso/outputs/field_0/vdw-df2-c09/top/data/ldos.pp.dat234

     Writing data to be plotted to file /home/ubuntu/projects/Graphene-Band-Structure-Quantum-Espresso/outputs/field_0/vdw-df2-c09/top/data/ldos.pp.dat234.xsf
     Plot Type: 3D                     Output format: XCrySDen     
     Reading data from file  /home/ubuntu/projects/Graphene-Band-Structure-Quantum-Espresso/outputs/field_0/vdw-df2-c09/top/data/ldos.pp.dat235

     Writing data to be plotted to file /home/ubuntu/projects/Graphene-Band-Structure-Quantum-Espresso/outputs/field_0/vdw-df2-c09/top/data/ldos.pp.dat235.xsf
     Plot Type: 3D                     Output format: XCrySDen     
     Reading data from file  /home/ubuntu/projects/Graphene-Band-Structure-Quantum-Espresso/outputs/field_0/vdw-df2-c09/top/data/ldos.pp.dat236

     Writing data to be plotted to file /home/ubuntu/projects/Graphene-Band-Structure-Quantum-Espresso/outputs/field_0/vdw-df2-c09/top/data/ldos.pp.dat236.xsf
     Plot Type: 3D                     Output format: XCrySDen     
     Reading data from file  /home/ubuntu/projects/Graphene-Band-Structure-Quantum-Espresso/outputs/field_0/vdw-df2-c09/top/data/ldos.pp.dat237

     Writing data to be plotted to file /home/ubuntu/projects/Graphene-Band-Structure-Quantum-Espresso/outputs/field_0/vdw-df2-c09/top/data/ldos.pp.dat237.xsf
     Plot Type: 3D                     Output format: XCrySDen     
     Reading data from file  /home/ubuntu/projects/Graphene-Band-Structure-Quantum-Espresso/outputs/field_0/vdw-df2-c09/top/data/ldos.pp.dat238

     Writing data to be plotted to file /home/ubuntu/projects/Graphene-Band-Structure-Quantum-Espresso/outputs/field_0/vdw-df2-c09/top/data/ldos.pp.dat238.xsf
     Plot Type: 3D                     Output format: XCrySDen     
     Reading data from file  /home/ubuntu/projects/Graphene-Band-Structure-Quantum-Espresso/outputs/field_0/vdw-df2-c09/top/data/ldos.pp.dat239

     Writing data to be plotted to file /home/ubuntu/projects/Graphene-Band-Structure-Quantum-Espresso/outputs/field_0/vdw-df2-c09/top/data/ldos.pp.dat239.xsf
     Plot Type: 3D                     Output format: XCrySDen     
     Reading data from file  /home/ubuntu/projects/Graphene-Band-Structure-Quantum-Espresso/outputs/field_0/vdw-df2-c09/top/data/ldos.pp.dat240

     Writing data to be plotted to file /home/ubuntu/projects/Graphene-Band-Structure-Quantum-Espresso/outputs/field_0/vdw-df2-c09/top/data/ldos.pp.dat240.xsf
     Plot Type: 3D                     Output format: XCrySDen     
     Reading data from file  /home/ubuntu/projects/Graphene-Band-Structure-Quantum-Espresso/outputs/field_0/vdw-df2-c09/top/data/ldos.pp.dat241

     Writing data to be plotted to file /home/ubuntu/projects/Graphene-Band-Structure-Quantum-Espresso/outputs/field_0/vdw-df2-c09/top/data/ldos.pp.dat241.xsf
     Plot Type: 3D                     Output format: XCrySDen     
     Reading data from file  /home/ubuntu/projects/Graphene-Band-Structure-Quantum-Espresso/outputs/field_0/vdw-df2-c09/top/data/ldos.pp.dat242

     Writing data to be plotted to file /home/ubuntu/projects/Graphene-Band-Structure-Quantum-Espresso/outputs/field_0/vdw-df2-c09/top/data/ldos.pp.dat242.xsf
     Plot Type: 3D                     Output format: XCrySDen     
     Reading data from file  /home/ubuntu/projects/Graphene-Band-Structure-Quantum-Espresso/outputs/field_0/vdw-df2-c09/top/data/ldos.pp.dat243

     Writing data to be plotted to file /home/ubuntu/projects/Graphene-Band-Structure-Quantum-Espresso/outputs/field_0/vdw-df2-c09/top/data/ldos.pp.dat243.xsf
     Plot Type: 3D                     Output format: XCrySDen     
     Reading data from file  /home/ubuntu/projects/Graphene-Band-Structure-Quantum-Espresso/outputs/field_0/vdw-df2-c09/top/data/ldos.pp.dat244

     Writing data to be plotted to file /home/ubuntu/projects/Graphene-Band-Structure-Quantum-Espresso/outputs/field_0/vdw-df2-c09/top/data/ldos.pp.dat244.xsf
     Plot Type: 3D                     Output format: XCrySDen     
     Reading data from file  /home/ubuntu/projects/Graphene-Band-Structure-Quantum-Espresso/outputs/field_0/vdw-df2-c09/top/data/ldos.pp.dat245

     Writing data to be plotted to file /home/ubuntu/projects/Graphene-Band-Structure-Quantum-Espresso/outputs/field_0/vdw-df2-c09/top/data/ldos.pp.dat245.xsf
     Plot Type: 3D                     Output format: XCrySDen     
     Reading data from file  /home/ubuntu/projects/Graphene-Band-Structure-Quantum-Espresso/outputs/field_0/vdw-df2-c09/top/data/ldos.pp.dat246

     Writing data to be plotted to file /home/ubuntu/projects/Graphene-Band-Structure-Quantum-Espresso/outputs/field_0/vdw-df2-c09/top/data/ldos.pp.dat246.xsf
     Plot Type: 3D                     Output format: XCrySDen     
     Reading data from file  /home/ubuntu/projects/Graphene-Band-Structure-Quantum-Espresso/outputs/field_0/vdw-df2-c09/top/data/ldos.pp.dat247

     Writing data to be plotted to file /home/ubuntu/projects/Graphene-Band-Structure-Quantum-Espresso/outputs/field_0/vdw-df2-c09/top/data/ldos.pp.dat247.xsf
     Plot Type: 3D                     Output format: XCrySDen     
     Reading data from file  /home/ubuntu/projects/Graphene-Band-Structure-Quantum-Espresso/outputs/field_0/vdw-df2-c09/top/data/ldos.pp.dat248

     Writing data to be plotted to file /home/ubuntu/projects/Graphene-Band-Structure-Quantum-Espresso/outputs/field_0/vdw-df2-c09/top/data/ldos.pp.dat248.xsf
     Plot Type: 3D                     Output format: XCrySDen     
     Reading data from file  /home/ubuntu/projects/Graphene-Band-Structure-Quantum-Espresso/outputs/field_0/vdw-df2-c09/top/data/ldos.pp.dat249

     Writing data to be plotted to file /home/ubuntu/projects/Graphene-Band-Structure-Quantum-Espresso/outputs/field_0/vdw-df2-c09/top/data/ldos.pp.dat249.xsf
     Plot Type: 3D                     Output format: XCrySDen     
     Reading data from file  /home/ubuntu/projects/Graphene-Band-Structure-Quantum-Espresso/outputs/field_0/vdw-df2-c09/top/data/ldos.pp.dat250

     Writing data to be plotted to file /home/ubuntu/projects/Graphene-Band-Structure-Quantum-Espresso/outputs/field_0/vdw-df2-c09/top/data/ldos.pp.dat250.xsf
     Plot Type: 3D                     Output format: XCrySDen     
     Reading data from file  /home/ubuntu/projects/Graphene-Band-Structure-Quantum-Espresso/outputs/field_0/vdw-df2-c09/top/data/ldos.pp.dat251

     Writing data to be plotted to file /home/ubuntu/projects/Graphene-Band-Structure-Quantum-Espresso/outputs/field_0/vdw-df2-c09/top/data/ldos.pp.dat251.xsf
     Plot Type: 3D                     Output format: XCrySDen     
     Reading data from file  /home/ubuntu/projects/Graphene-Band-Structure-Quantum-Espresso/outputs/field_0/vdw-df2-c09/top/data/ldos.pp.dat252

     Writing data to be plotted to file /home/ubuntu/projects/Graphene-Band-Structure-Quantum-Espresso/outputs/field_0/vdw-df2-c09/top/data/ldos.pp.dat252.xsf
     Plot Type: 3D                     Output format: XCrySDen     
     Reading data from file  /home/ubuntu/projects/Graphene-Band-Structure-Quantum-Espresso/outputs/field_0/vdw-df2-c09/top/data/ldos.pp.dat253

     Writing data to be plotted to file /home/ubuntu/projects/Graphene-Band-Structure-Quantum-Espresso/outputs/field_0/vdw-df2-c09/top/data/ldos.pp.dat253.xsf
     Plot Type: 3D                     Output format: XCrySDen     
     Reading data from file  /home/ubuntu/projects/Graphene-Band-Structure-Quantum-Espresso/outputs/field_0/vdw-df2-c09/top/data/ldos.pp.dat254

     Writing data to be plotted to file /home/ubuntu/projects/Graphene-Band-Structure-Quantum-Espresso/outputs/field_0/vdw-df2-c09/top/data/ldos.pp.dat254.xsf
     Plot Type: 3D                     Output format: XCrySDen     
     Reading data from file  /home/ubuntu/projects/Graphene-Band-Structure-Quantum-Espresso/outputs/field_0/vdw-df2-c09/top/data/ldos.pp.dat255

     Writing data to be plotted to file /home/ubuntu/projects/Graphene-Band-Structure-Quantum-Espresso/outputs/field_0/vdw-df2-c09/top/data/ldos.pp.dat255.xsf
     Plot Type: 3D                     Output format: XCrySDen     
     Reading data from file  /home/ubuntu/projects/Graphene-Band-Structure-Quantum-Espresso/outputs/field_0/vdw-df2-c09/top/data/ldos.pp.dat256

     Writing data to be plotted to file /home/ubuntu/projects/Graphene-Band-Structure-Quantum-Espresso/outputs/field_0/vdw-df2-c09/top/data/ldos.pp.dat256.xsf
     Plot Type: 3D                     Output format: XCrySDen     
     Reading data from file  /home/ubuntu/projects/Graphene-Band-Structure-Quantum-Espresso/outputs/field_0/vdw-df2-c09/top/data/ldos.pp.dat257

     Writing data to be plotted to file /home/ubuntu/projects/Graphene-Band-Structure-Quantum-Espresso/outputs/field_0/vdw-df2-c09/top/data/ldos.pp.dat257.xsf
     Plot Type: 3D                     Output format: XCrySDen     
     Reading data from file  /home/ubuntu/projects/Graphene-Band-Structure-Quantum-Espresso/outputs/field_0/vdw-df2-c09/top/data/ldos.pp.dat258

     Writing data to be plotted to file /home/ubuntu/projects/Graphene-Band-Structure-Quantum-Espresso/outputs/field_0/vdw-df2-c09/top/data/ldos.pp.dat258.xsf
     Plot Type: 3D                     Output format: XCrySDen     
     Reading data from file  /home/ubuntu/projects/Graphene-Band-Structure-Quantum-Espresso/outputs/field_0/vdw-df2-c09/top/data/ldos.pp.dat259

     Writing data to be plotted to file /home/ubuntu/projects/Graphene-Band-Structure-Quantum-Espresso/outputs/field_0/vdw-df2-c09/top/data/ldos.pp.dat259.xsf
     Plot Type: 3D                     Output format: XCrySDen     
     Reading data from file  /home/ubuntu/projects/Graphene-Band-Structure-Quantum-Espresso/outputs/field_0/vdw-df2-c09/top/data/ldos.pp.dat260

     Writing data to be plotted to file /home/ubuntu/projects/Graphene-Band-Structure-Quantum-Espresso/outputs/field_0/vdw-df2-c09/top/data/ldos.pp.dat260.xsf
     Plot Type: 3D                     Output format: XCrySDen     
     Reading data from file  /home/ubuntu/projects/Graphene-Band-Structure-Quantum-Espresso/outputs/field_0/vdw-df2-c09/top/data/ldos.pp.dat261

     Writing data to be plotted to file /home/ubuntu/projects/Graphene-Band-Structure-Quantum-Espresso/outputs/field_0/vdw-df2-c09/top/data/ldos.pp.dat261.xsf
     Plot Type: 3D                     Output format: XCrySDen     
     Reading data from file  /home/ubuntu/projects/Graphene-Band-Structure-Quantum-Espresso/outputs/field_0/vdw-df2-c09/top/data/ldos.pp.dat262

     Writing data to be plotted to file /home/ubuntu/projects/Graphene-Band-Structure-Quantum-Espresso/outputs/field_0/vdw-df2-c09/top/data/ldos.pp.dat262.xsf
     Plot Type: 3D                     Output format: XCrySDen     
     Reading data from file  /home/ubuntu/projects/Graphene-Band-Structure-Quantum-Espresso/outputs/field_0/vdw-df2-c09/top/data/ldos.pp.dat263

     Writing data to be plotted to file /home/ubuntu/projects/Graphene-Band-Structure-Quantum-Espresso/outputs/field_0/vdw-df2-c09/top/data/ldos.pp.dat263.xsf
     Plot Type: 3D                     Output format: XCrySDen     
     Reading data from file  /home/ubuntu/projects/Graphene-Band-Structure-Quantum-Espresso/outputs/field_0/vdw-df2-c09/top/data/ldos.pp.dat264

     Writing data to be plotted to file /home/ubuntu/projects/Graphene-Band-Structure-Quantum-Espresso/outputs/field_0/vdw-df2-c09/top/data/ldos.pp.dat264.xsf
     Plot Type: 3D                     Output format: XCrySDen     
     Reading data from file  /home/ubuntu/projects/Graphene-Band-Structure-Quantum-Espresso/outputs/field_0/vdw-df2-c09/top/data/ldos.pp.dat265

     Writing data to be plotted to file /home/ubuntu/projects/Graphene-Band-Structure-Quantum-Espresso/outputs/field_0/vdw-df2-c09/top/data/ldos.pp.dat265.xsf
     Plot Type: 3D                     Output format: XCrySDen     
     Reading data from file  /home/ubuntu/projects/Graphene-Band-Structure-Quantum-Espresso/outputs/field_0/vdw-df2-c09/top/data/ldos.pp.dat266

     Writing data to be plotted to file /home/ubuntu/projects/Graphene-Band-Structure-Quantum-Espresso/outputs/field_0/vdw-df2-c09/top/data/ldos.pp.dat266.xsf
     Plot Type: 3D                     Output format: XCrySDen     
     Reading data from file  /home/ubuntu/projects/Graphene-Band-Structure-Quantum-Espresso/outputs/field_0/vdw-df2-c09/top/data/ldos.pp.dat267

     Writing data to be plotted to file /home/ubuntu/projects/Graphene-Band-Structure-Quantum-Espresso/outputs/field_0/vdw-df2-c09/top/data/ldos.pp.dat267.xsf
     Plot Type: 3D                     Output format: XCrySDen     
     Reading data from file  /home/ubuntu/projects/Graphene-Band-Structure-Quantum-Espresso/outputs/field_0/vdw-df2-c09/top/data/ldos.pp.dat268

     Writing data to be plotted to file /home/ubuntu/projects/Graphene-Band-Structure-Quantum-Espresso/outputs/field_0/vdw-df2-c09/top/data/ldos.pp.dat268.xsf
     Plot Type: 3D                     Output format: XCrySDen     
     Reading data from file  /home/ubuntu/projects/Graphene-Band-Structure-Quantum-Espresso/outputs/field_0/vdw-df2-c09/top/data/ldos.pp.dat269

     Writing data to be plotted to file /home/ubuntu/projects/Graphene-Band-Structure-Quantum-Espresso/outputs/field_0/vdw-df2-c09/top/data/ldos.pp.dat269.xsf
     Plot Type: 3D                     Output format: XCrySDen     
     Reading data from file  /home/ubuntu/projects/Graphene-Band-Structure-Quantum-Espresso/outputs/field_0/vdw-df2-c09/top/data/ldos.pp.dat270

     Writing data to be plotted to file /home/ubuntu/projects/Graphene-Band-Structure-Quantum-Espresso/outputs/field_0/vdw-df2-c09/top/data/ldos.pp.dat270.xsf
     Plot Type: 3D                     Output format: XCrySDen     
     Reading data from file  /home/ubuntu/projects/Graphene-Band-Structure-Quantum-Espresso/outputs/field_0/vdw-df2-c09/top/data/ldos.pp.dat271

     Writing data to be plotted to file /home/ubuntu/projects/Graphene-Band-Structure-Quantum-Espresso/outputs/field_0/vdw-df2-c09/top/data/ldos.pp.dat271.xsf
     Plot Type: 3D                     Output format: XCrySDen     
     Reading data from file  /home/ubuntu/projects/Graphene-Band-Structure-Quantum-Espresso/outputs/field_0/vdw-df2-c09/top/data/ldos.pp.dat272

     Writing data to be plotted to file /home/ubuntu/projects/Graphene-Band-Structure-Quantum-Espresso/outputs/field_0/vdw-df2-c09/top/data/ldos.pp.dat272.xsf
     Plot Type: 3D                     Output format: XCrySDen     
     Reading data from file  /home/ubuntu/projects/Graphene-Band-Structure-Quantum-Espresso/outputs/field_0/vdw-df2-c09/top/data/ldos.pp.dat273

     Writing data to be plotted to file /home/ubuntu/projects/Graphene-Band-Structure-Quantum-Espresso/outputs/field_0/vdw-df2-c09/top/data/ldos.pp.dat273.xsf
     Plot Type: 3D                     Output format: XCrySDen     
     Reading data from file  /home/ubuntu/projects/Graphene-Band-Structure-Quantum-Espresso/outputs/field_0/vdw-df2-c09/top/data/ldos.pp.dat274

     Writing data to be plotted to file /home/ubuntu/projects/Graphene-Band-Structure-Quantum-Espresso/outputs/field_0/vdw-df2-c09/top/data/ldos.pp.dat274.xsf
     Plot Type: 3D                     Output format: XCrySDen     
     Reading data from file  /home/ubuntu/projects/Graphene-Band-Structure-Quantum-Espresso/outputs/field_0/vdw-df2-c09/top/data/ldos.pp.dat275

     Writing data to be plotted to file /home/ubuntu/projects/Graphene-Band-Structure-Quantum-Espresso/outputs/field_0/vdw-df2-c09/top/data/ldos.pp.dat275.xsf
     Plot Type: 3D                     Output format: XCrySDen     
     Reading data from file  /home/ubuntu/projects/Graphene-Band-Structure-Quantum-Espresso/outputs/field_0/vdw-df2-c09/top/data/ldos.pp.dat276

     Writing data to be plotted to file /home/ubuntu/projects/Graphene-Band-Structure-Quantum-Espresso/outputs/field_0/vdw-df2-c09/top/data/ldos.pp.dat276.xsf
     Plot Type: 3D                     Output format: XCrySDen     
     Reading data from file  /home/ubuntu/projects/Graphene-Band-Structure-Quantum-Espresso/outputs/field_0/vdw-df2-c09/top/data/ldos.pp.dat277

     Writing data to be plotted to file /home/ubuntu/projects/Graphene-Band-Structure-Quantum-Espresso/outputs/field_0/vdw-df2-c09/top/data/ldos.pp.dat277.xsf
     Plot Type: 3D                     Output format: XCrySDen     
     Reading data from file  /home/ubuntu/projects/Graphene-Band-Structure-Quantum-Espresso/outputs/field_0/vdw-df2-c09/top/data/ldos.pp.dat278

     Writing data to be plotted to file /home/ubuntu/projects/Graphene-Band-Structure-Quantum-Espresso/outputs/field_0/vdw-df2-c09/top/data/ldos.pp.dat278.xsf
     Plot Type: 3D                     Output format: XCrySDen     
     Reading data from file  /home/ubuntu/projects/Graphene-Band-Structure-Quantum-Espresso/outputs/field_0/vdw-df2-c09/top/data/ldos.pp.dat279

     Writing data to be plotted to file /home/ubuntu/projects/Graphene-Band-Structure-Quantum-Espresso/outputs/field_0/vdw-df2-c09/top/data/ldos.pp.dat279.xsf
     Plot Type: 3D                     Output format: XCrySDen     
     Reading data from file  /home/ubuntu/projects/Graphene-Band-Structure-Quantum-Espresso/outputs/field_0/vdw-df2-c09/top/data/ldos.pp.dat280

     Writing data to be plotted to file /home/ubuntu/projects/Graphene-Band-Structure-Quantum-Espresso/outputs/field_0/vdw-df2-c09/top/data/ldos.pp.dat280.xsf
     Plot Type: 3D                     Output format: XCrySDen     
     Reading data from file  /home/ubuntu/projects/Graphene-Band-Structure-Quantum-Espresso/outputs/field_0/vdw-df2-c09/top/data/ldos.pp.dat281

     Writing data to be plotted to file /home/ubuntu/projects/Graphene-Band-Structure-Quantum-Espresso/outputs/field_0/vdw-df2-c09/top/data/ldos.pp.dat281.xsf
     Plot Type: 3D                     Output format: XCrySDen     
     Reading data from file  /home/ubuntu/projects/Graphene-Band-Structure-Quantum-Espresso/outputs/field_0/vdw-df2-c09/top/data/ldos.pp.dat282

     Writing data to be plotted to file /home/ubuntu/projects/Graphene-Band-Structure-Quantum-Espresso/outputs/field_0/vdw-df2-c09/top/data/ldos.pp.dat282.xsf
     Plot Type: 3D                     Output format: XCrySDen     
     Reading data from file  /home/ubuntu/projects/Graphene-Band-Structure-Quantum-Espresso/outputs/field_0/vdw-df2-c09/top/data/ldos.pp.dat283

     Writing data to be plotted to file /home/ubuntu/projects/Graphene-Band-Structure-Quantum-Espresso/outputs/field_0/vdw-df2-c09/top/data/ldos.pp.dat283.xsf
     Plot Type: 3D                     Output format: XCrySDen     
     Reading data from file  /home/ubuntu/projects/Graphene-Band-Structure-Quantum-Espresso/outputs/field_0/vdw-df2-c09/top/data/ldos.pp.dat284

     Writing data to be plotted to file /home/ubuntu/projects/Graphene-Band-Structure-Quantum-Espresso/outputs/field_0/vdw-df2-c09/top/data/ldos.pp.dat284.xsf
     Plot Type: 3D                     Output format: XCrySDen     
     Reading data from file  /home/ubuntu/projects/Graphene-Band-Structure-Quantum-Espresso/outputs/field_0/vdw-df2-c09/top/data/ldos.pp.dat285

     Writing data to be plotted to file /home/ubuntu/projects/Graphene-Band-Structure-Quantum-Espresso/outputs/field_0/vdw-df2-c09/top/data/ldos.pp.dat285.xsf
     Plot Type: 3D                     Output format: XCrySDen     
     Reading data from file  /home/ubuntu/projects/Graphene-Band-Structure-Quantum-Espresso/outputs/field_0/vdw-df2-c09/top/data/ldos.pp.dat286

     Writing data to be plotted to file /home/ubuntu/projects/Graphene-Band-Structure-Quantum-Espresso/outputs/field_0/vdw-df2-c09/top/data/ldos.pp.dat286.xsf
     Plot Type: 3D                     Output format: XCrySDen     
     Reading data from file  /home/ubuntu/projects/Graphene-Band-Structure-Quantum-Espresso/outputs/field_0/vdw-df2-c09/top/data/ldos.pp.dat287

     Writing data to be plotted to file /home/ubuntu/projects/Graphene-Band-Structure-Quantum-Espresso/outputs/field_0/vdw-df2-c09/top/data/ldos.pp.dat287.xsf
     Plot Type: 3D                     Output format: XCrySDen     
     Reading data from file  /home/ubuntu/projects/Graphene-Band-Structure-Quantum-Espresso/outputs/field_0/vdw-df2-c09/top/data/ldos.pp.dat288

     Writing data to be plotted to file /home/ubuntu/projects/Graphene-Band-Structure-Quantum-Espresso/outputs/field_0/vdw-df2-c09/top/data/ldos.pp.dat288.xsf
     Plot Type: 3D                     Output format: XCrySDen     
     Reading data from file  /home/ubuntu/projects/Graphene-Band-Structure-Quantum-Espresso/outputs/field_0/vdw-df2-c09/top/data/ldos.pp.dat289

     Writing data to be plotted to file /home/ubuntu/projects/Graphene-Band-Structure-Quantum-Espresso/outputs/field_0/vdw-df2-c09/top/data/ldos.pp.dat289.xsf
     Plot Type: 3D                     Output format: XCrySDen     
     Reading data from file  /home/ubuntu/projects/Graphene-Band-Structure-Quantum-Espresso/outputs/field_0/vdw-df2-c09/top/data/ldos.pp.dat290

     Writing data to be plotted to file /home/ubuntu/projects/Graphene-Band-Structure-Quantum-Espresso/outputs/field_0/vdw-df2-c09/top/data/ldos.pp.dat290.xsf
     Plot Type: 3D                     Output format: XCrySDen     
     Reading data from file  /home/ubuntu/projects/Graphene-Band-Structure-Quantum-Espresso/outputs/field_0/vdw-df2-c09/top/data/ldos.pp.dat291

     Writing data to be plotted to file /home/ubuntu/projects/Graphene-Band-Structure-Quantum-Espresso/outputs/field_0/vdw-df2-c09/top/data/ldos.pp.dat291.xsf
     Plot Type: 3D                     Output format: XCrySDen     
     Reading data from file  /home/ubuntu/projects/Graphene-Band-Structure-Quantum-Espresso/outputs/field_0/vdw-df2-c09/top/data/ldos.pp.dat292

     Writing data to be plotted to file /home/ubuntu/projects/Graphene-Band-Structure-Quantum-Espresso/outputs/field_0/vdw-df2-c09/top/data/ldos.pp.dat292.xsf
     Plot Type: 3D                     Output format: XCrySDen     
     Reading data from file  /home/ubuntu/projects/Graphene-Band-Structure-Quantum-Espresso/outputs/field_0/vdw-df2-c09/top/data/ldos.pp.dat293

     Writing data to be plotted to file /home/ubuntu/projects/Graphene-Band-Structure-Quantum-Espresso/outputs/field_0/vdw-df2-c09/top/data/ldos.pp.dat293.xsf
     Plot Type: 3D                     Output format: XCrySDen     
     Reading data from file  /home/ubuntu/projects/Graphene-Band-Structure-Quantum-Espresso/outputs/field_0/vdw-df2-c09/top/data/ldos.pp.dat294

     Writing data to be plotted to file /home/ubuntu/projects/Graphene-Band-Structure-Quantum-Espresso/outputs/field_0/vdw-df2-c09/top/data/ldos.pp.dat294.xsf
     Plot Type: 3D                     Output format: XCrySDen     
     Reading data from file  /home/ubuntu/projects/Graphene-Band-Structure-Quantum-Espresso/outputs/field_0/vdw-df2-c09/top/data/ldos.pp.dat295

     Writing data to be plotted to file /home/ubuntu/projects/Graphene-Band-Structure-Quantum-Espresso/outputs/field_0/vdw-df2-c09/top/data/ldos.pp.dat295.xsf
     Plot Type: 3D                     Output format: XCrySDen     
     Reading data from file  /home/ubuntu/projects/Graphene-Band-Structure-Quantum-Espresso/outputs/field_0/vdw-df2-c09/top/data/ldos.pp.dat296

     Writing data to be plotted to file /home/ubuntu/projects/Graphene-Band-Structure-Quantum-Espresso/outputs/field_0/vdw-df2-c09/top/data/ldos.pp.dat296.xsf
     Plot Type: 3D                     Output format: XCrySDen     
     Reading data from file  /home/ubuntu/projects/Graphene-Band-Structure-Quantum-Espresso/outputs/field_0/vdw-df2-c09/top/data/ldos.pp.dat297

     Writing data to be plotted to file /home/ubuntu/projects/Graphene-Band-Structure-Quantum-Espresso/outputs/field_0/vdw-df2-c09/top/data/ldos.pp.dat297.xsf
     Plot Type: 3D                     Output format: XCrySDen     
     Reading data from file  /home/ubuntu/projects/Graphene-Band-Structure-Quantum-Espresso/outputs/field_0/vdw-df2-c09/top/data/ldos.pp.dat298

     Writing data to be plotted to file /home/ubuntu/projects/Graphene-Band-Structure-Quantum-Espresso/outputs/field_0/vdw-df2-c09/top/data/ldos.pp.dat298.xsf
     Plot Type: 3D                     Output format: XCrySDen     
     Reading data from file  /home/ubuntu/projects/Graphene-Band-Structure-Quantum-Espresso/outputs/field_0/vdw-df2-c09/top/data/ldos.pp.dat299

     Writing data to be plotted to file /home/ubuntu/projects/Graphene-Band-Structure-Quantum-Espresso/outputs/field_0/vdw-df2-c09/top/data/ldos.pp.dat299.xsf
     Plot Type: 3D                     Output format: XCrySDen     
     Reading data from file  /home/ubuntu/projects/Graphene-Band-Structure-Quantum-Espresso/outputs/field_0/vdw-df2-c09/top/data/ldos.pp.dat300

     Writing data to be plotted to file /home/ubuntu/projects/Graphene-Band-Structure-Quantum-Espresso/outputs/field_0/vdw-df2-c09/top/data/ldos.pp.dat300.xsf
     Plot Type: 3D                     Output format: XCrySDen     
     Reading data from file  /home/ubuntu/projects/Graphene-Band-Structure-Quantum-Espresso/outputs/field_0/vdw-df2-c09/top/data/ldos.pp.dat301

     Writing data to be plotted to file /home/ubuntu/projects/Graphene-Band-Structure-Quantum-Espresso/outputs/field_0/vdw-df2-c09/top/data/ldos.pp.dat301.xsf
     Plot Type: 3D                     Output format: XCrySDen     
     Reading data from file  /home/ubuntu/projects/Graphene-Band-Structure-Quantum-Espresso/outputs/field_0/vdw-df2-c09/top/data/ldos.pp.dat302

     Writing data to be plotted to file /home/ubuntu/projects/Graphene-Band-Structure-Quantum-Espresso/outputs/field_0/vdw-df2-c09/top/data/ldos.pp.dat302.xsf
     Plot Type: 3D                     Output format: XCrySDen     
     Reading data from file  /home/ubuntu/projects/Graphene-Band-Structure-Quantum-Espresso/outputs/field_0/vdw-df2-c09/top/data/ldos.pp.dat303

     Writing data to be plotted to file /home/ubuntu/projects/Graphene-Band-Structure-Quantum-Espresso/outputs/field_0/vdw-df2-c09/top/data/ldos.pp.dat303.xsf
     Plot Type: 3D                     Output format: XCrySDen     
     Reading data from file  /home/ubuntu/projects/Graphene-Band-Structure-Quantum-Espresso/outputs/field_0/vdw-df2-c09/top/data/ldos.pp.dat304

     Writing data to be plotted to file /home/ubuntu/projects/Graphene-Band-Structure-Quantum-Espresso/outputs/field_0/vdw-df2-c09/top/data/ldos.pp.dat304.xsf
     Plot Type: 3D                     Output format: XCrySDen     
     Reading data from file  /home/ubuntu/projects/Graphene-Band-Structure-Quantum-Espresso/outputs/field_0/vdw-df2-c09/top/data/ldos.pp.dat305

     Writing data to be plotted to file /home/ubuntu/projects/Graphene-Band-Structure-Quantum-Espresso/outputs/field_0/vdw-df2-c09/top/data/ldos.pp.dat305.xsf
     Plot Type: 3D                     Output format: XCrySDen     
     Reading data from file  /home/ubuntu/projects/Graphene-Band-Structure-Quantum-Espresso/outputs/field_0/vdw-df2-c09/top/data/ldos.pp.dat306

     Writing data to be plotted to file /home/ubuntu/projects/Graphene-Band-Structure-Quantum-Espresso/outputs/field_0/vdw-df2-c09/top/data/ldos.pp.dat306.xsf
     Plot Type: 3D                     Output format: XCrySDen     
     Reading data from file  /home/ubuntu/projects/Graphene-Band-Structure-Quantum-Espresso/outputs/field_0/vdw-df2-c09/top/data/ldos.pp.dat307

     Writing data to be plotted to file /home/ubuntu/projects/Graphene-Band-Structure-Quantum-Espresso/outputs/field_0/vdw-df2-c09/top/data/ldos.pp.dat307.xsf
     Plot Type: 3D                     Output format: XCrySDen     
     Reading data from file  /home/ubuntu/projects/Graphene-Band-Structure-Quantum-Espresso/outputs/field_0/vdw-df2-c09/top/data/ldos.pp.dat308

     Writing data to be plotted to file /home/ubuntu/projects/Graphene-Band-Structure-Quantum-Espresso/outputs/field_0/vdw-df2-c09/top/data/ldos.pp.dat308.xsf
     Plot Type: 3D                     Output format: XCrySDen     
     Reading data from file  /home/ubuntu/projects/Graphene-Band-Structure-Quantum-Espresso/outputs/field_0/vdw-df2-c09/top/data/ldos.pp.dat309

     Writing data to be plotted to file /home/ubuntu/projects/Graphene-Band-Structure-Quantum-Espresso/outputs/field_0/vdw-df2-c09/top/data/ldos.pp.dat309.xsf
     Plot Type: 3D                     Output format: XCrySDen     
     Reading data from file  /home/ubuntu/projects/Graphene-Band-Structure-Quantum-Espresso/outputs/field_0/vdw-df2-c09/top/data/ldos.pp.dat310

     Writing data to be plotted to file /home/ubuntu/projects/Graphene-Band-Structure-Quantum-Espresso/outputs/field_0/vdw-df2-c09/top/data/ldos.pp.dat310.xsf
     Plot Type: 3D                     Output format: XCrySDen     
     Reading data from file  /home/ubuntu/projects/Graphene-Band-Structure-Quantum-Espresso/outputs/field_0/vdw-df2-c09/top/data/ldos.pp.dat311

     Writing data to be plotted to file /home/ubuntu/projects/Graphene-Band-Structure-Quantum-Espresso/outputs/field_0/vdw-df2-c09/top/data/ldos.pp.dat311.xsf
     Plot Type: 3D                     Output format: XCrySDen     
     Reading data from file  /home/ubuntu/projects/Graphene-Band-Structure-Quantum-Espresso/outputs/field_0/vdw-df2-c09/top/data/ldos.pp.dat312

     Writing data to be plotted to file /home/ubuntu/projects/Graphene-Band-Structure-Quantum-Espresso/outputs/field_0/vdw-df2-c09/top/data/ldos.pp.dat312.xsf
     Plot Type: 3D                     Output format: XCrySDen     
     Reading data from file  /home/ubuntu/projects/Graphene-Band-Structure-Quantum-Espresso/outputs/field_0/vdw-df2-c09/top/data/ldos.pp.dat313

     Writing data to be plotted to file /home/ubuntu/projects/Graphene-Band-Structure-Quantum-Espresso/outputs/field_0/vdw-df2-c09/top/data/ldos.pp.dat313.xsf
     Plot Type: 3D                     Output format: XCrySDen     
     Reading data from file  /home/ubuntu/projects/Graphene-Band-Structure-Quantum-Espresso/outputs/field_0/vdw-df2-c09/top/data/ldos.pp.dat314

     Writing data to be plotted to file /home/ubuntu/projects/Graphene-Band-Structure-Quantum-Espresso/outputs/field_0/vdw-df2-c09/top/data/ldos.pp.dat314.xsf
     Plot Type: 3D                     Output format: XCrySDen     
     Reading data from file  /home/ubuntu/projects/Graphene-Band-Structure-Quantum-Espresso/outputs/field_0/vdw-df2-c09/top/data/ldos.pp.dat315

     Writing data to be plotted to file /home/ubuntu/projects/Graphene-Band-Structure-Quantum-Espresso/outputs/field_0/vdw-df2-c09/top/data/ldos.pp.dat315.xsf
     Plot Type: 3D                     Output format: XCrySDen     
     Reading data from file  /home/ubuntu/projects/Graphene-Band-Structure-Quantum-Espresso/outputs/field_0/vdw-df2-c09/top/data/ldos.pp.dat316

     Writing data to be plotted to file /home/ubuntu/projects/Graphene-Band-Structure-Quantum-Espresso/outputs/field_0/vdw-df2-c09/top/data/ldos.pp.dat316.xsf
     Plot Type: 3D                     Output format: XCrySDen     
     Reading data from file  /home/ubuntu/projects/Graphene-Band-Structure-Quantum-Espresso/outputs/field_0/vdw-df2-c09/top/data/ldos.pp.dat317

     Writing data to be plotted to file /home/ubuntu/projects/Graphene-Band-Structure-Quantum-Espresso/outputs/field_0/vdw-df2-c09/top/data/ldos.pp.dat317.xsf
     Plot Type: 3D                     Output format: XCrySDen     
     Reading data from file  /home/ubuntu/projects/Graphene-Band-Structure-Quantum-Espresso/outputs/field_0/vdw-df2-c09/top/data/ldos.pp.dat318

     Writing data to be plotted to file /home/ubuntu/projects/Graphene-Band-Structure-Quantum-Espresso/outputs/field_0/vdw-df2-c09/top/data/ldos.pp.dat318.xsf
     Plot Type: 3D                     Output format: XCrySDen     
     Reading data from file  /home/ubuntu/projects/Graphene-Band-Structure-Quantum-Espresso/outputs/field_0/vdw-df2-c09/top/data/ldos.pp.dat319

     Writing data to be plotted to file /home/ubuntu/projects/Graphene-Band-Structure-Quantum-Espresso/outputs/field_0/vdw-df2-c09/top/data/ldos.pp.dat319.xsf
     Plot Type: 3D                     Output format: XCrySDen     
     Reading data from file  /home/ubuntu/projects/Graphene-Band-Structure-Quantum-Espresso/outputs/field_0/vdw-df2-c09/top/data/ldos.pp.dat320

     Writing data to be plotted to file /home/ubuntu/projects/Graphene-Band-Structure-Quantum-Espresso/outputs/field_0/vdw-df2-c09/top/data/ldos.pp.dat320.xsf
     Plot Type: 3D                     Output format: XCrySDen     
     Reading data from file  /home/ubuntu/projects/Graphene-Band-Structure-Quantum-Espresso/outputs/field_0/vdw-df2-c09/top/data/ldos.pp.dat321

     Writing data to be plotted to file /home/ubuntu/projects/Graphene-Band-Structure-Quantum-Espresso/outputs/field_0/vdw-df2-c09/top/data/ldos.pp.dat321.xsf
     Plot Type: 3D                     Output format: XCrySDen     
     Reading data from file  /home/ubuntu/projects/Graphene-Band-Structure-Quantum-Espresso/outputs/field_0/vdw-df2-c09/top/data/ldos.pp.dat322

     Writing data to be plotted to file /home/ubuntu/projects/Graphene-Band-Structure-Quantum-Espresso/outputs/field_0/vdw-df2-c09/top/data/ldos.pp.dat322.xsf
     Plot Type: 3D                     Output format: XCrySDen     
     Reading data from file  /home/ubuntu/projects/Graphene-Band-Structure-Quantum-Espresso/outputs/field_0/vdw-df2-c09/top/data/ldos.pp.dat323

     Writing data to be plotted to file /home/ubuntu/projects/Graphene-Band-Structure-Quantum-Espresso/outputs/field_0/vdw-df2-c09/top/data/ldos.pp.dat323.xsf
     Plot Type: 3D                     Output format: XCrySDen     
     Reading data from file  /home/ubuntu/projects/Graphene-Band-Structure-Quantum-Espresso/outputs/field_0/vdw-df2-c09/top/data/ldos.pp.dat324

     Writing data to be plotted to file /home/ubuntu/projects/Graphene-Band-Structure-Quantum-Espresso/outputs/field_0/vdw-df2-c09/top/data/ldos.pp.dat324.xsf
     Plot Type: 3D                     Output format: XCrySDen     
     Reading data from file  /home/ubuntu/projects/Graphene-Band-Structure-Quantum-Espresso/outputs/field_0/vdw-df2-c09/top/data/ldos.pp.dat325

     Writing data to be plotted to file /home/ubuntu/projects/Graphene-Band-Structure-Quantum-Espresso/outputs/field_0/vdw-df2-c09/top/data/ldos.pp.dat325.xsf
     Plot Type: 3D                     Output format: XCrySDen     
     Reading data from file  /home/ubuntu/projects/Graphene-Band-Structure-Quantum-Espresso/outputs/field_0/vdw-df2-c09/top/data/ldos.pp.dat326

     Writing data to be plotted to file /home/ubuntu/projects/Graphene-Band-Structure-Quantum-Espresso/outputs/field_0/vdw-df2-c09/top/data/ldos.pp.dat326.xsf
     Plot Type: 3D                     Output format: XCrySDen     
     Reading data from file  /home/ubuntu/projects/Graphene-Band-Structure-Quantum-Espresso/outputs/field_0/vdw-df2-c09/top/data/ldos.pp.dat327

     Writing data to be plotted to file /home/ubuntu/projects/Graphene-Band-Structure-Quantum-Espresso/outputs/field_0/vdw-df2-c09/top/data/ldos.pp.dat327.xsf
     Plot Type: 3D                     Output format: XCrySDen     
     Reading data from file  /home/ubuntu/projects/Graphene-Band-Structure-Quantum-Espresso/outputs/field_0/vdw-df2-c09/top/data/ldos.pp.dat328

     Writing data to be plotted to file /home/ubuntu/projects/Graphene-Band-Structure-Quantum-Espresso/outputs/field_0/vdw-df2-c09/top/data/ldos.pp.dat328.xsf
     Plot Type: 3D                     Output format: XCrySDen     
     Reading data from file  /home/ubuntu/projects/Graphene-Band-Structure-Quantum-Espresso/outputs/field_0/vdw-df2-c09/top/data/ldos.pp.dat329

     Writing data to be plotted to file /home/ubuntu/projects/Graphene-Band-Structure-Quantum-Espresso/outputs/field_0/vdw-df2-c09/top/data/ldos.pp.dat329.xsf
     Plot Type: 3D                     Output format: XCrySDen     
     Reading data from file  /home/ubuntu/projects/Graphene-Band-Structure-Quantum-Espresso/outputs/field_0/vdw-df2-c09/top/data/ldos.pp.dat330

     Writing data to be plotted to file /home/ubuntu/projects/Graphene-Band-Structure-Quantum-Espresso/outputs/field_0/vdw-df2-c09/top/data/ldos.pp.dat330.xsf
     Plot Type: 3D                     Output format: XCrySDen     
     Reading data from file  /home/ubuntu/projects/Graphene-Band-Structure-Quantum-Espresso/outputs/field_0/vdw-df2-c09/top/data/ldos.pp.dat331

     Writing data to be plotted to file /home/ubuntu/projects/Graphene-Band-Structure-Quantum-Espresso/outputs/field_0/vdw-df2-c09/top/data/ldos.pp.dat331.xsf
     Plot Type: 3D                     Output format: XCrySDen     
     Reading data from file  /home/ubuntu/projects/Graphene-Band-Structure-Quantum-Espresso/outputs/field_0/vdw-df2-c09/top/data/ldos.pp.dat332

     Writing data to be plotted to file /home/ubuntu/projects/Graphene-Band-Structure-Quantum-Espresso/outputs/field_0/vdw-df2-c09/top/data/ldos.pp.dat332.xsf
     Plot Type: 3D                     Output format: XCrySDen     
     Reading data from file  /home/ubuntu/projects/Graphene-Band-Structure-Quantum-Espresso/outputs/field_0/vdw-df2-c09/top/data/ldos.pp.dat333

     Writing data to be plotted to file /home/ubuntu/projects/Graphene-Band-Structure-Quantum-Espresso/outputs/field_0/vdw-df2-c09/top/data/ldos.pp.dat333.xsf
     Plot Type: 3D                     Output format: XCrySDen     
     Reading data from file  /home/ubuntu/projects/Graphene-Band-Structure-Quantum-Espresso/outputs/field_0/vdw-df2-c09/top/data/ldos.pp.dat334

     Writing data to be plotted to file /home/ubuntu/projects/Graphene-Band-Structure-Quantum-Espresso/outputs/field_0/vdw-df2-c09/top/data/ldos.pp.dat334.xsf
     Plot Type: 3D                     Output format: XCrySDen     
     Reading data from file  /home/ubuntu/projects/Graphene-Band-Structure-Quantum-Espresso/outputs/field_0/vdw-df2-c09/top/data/ldos.pp.dat335

     Writing data to be plotted to file /home/ubuntu/projects/Graphene-Band-Structure-Quantum-Espresso/outputs/field_0/vdw-df2-c09/top/data/ldos.pp.dat335.xsf
     Plot Type: 3D                     Output format: XCrySDen     
     Reading data from file  /home/ubuntu/projects/Graphene-Band-Structure-Quantum-Espresso/outputs/field_0/vdw-df2-c09/top/data/ldos.pp.dat336

     Writing data to be plotted to file /home/ubuntu/projects/Graphene-Band-Structure-Quantum-Espresso/outputs/field_0/vdw-df2-c09/top/data/ldos.pp.dat336.xsf
     Plot Type: 3D                     Output format: XCrySDen     
     Reading data from file  /home/ubuntu/projects/Graphene-Band-Structure-Quantum-Espresso/outputs/field_0/vdw-df2-c09/top/data/ldos.pp.dat337

     Writing data to be plotted to file /home/ubuntu/projects/Graphene-Band-Structure-Quantum-Espresso/outputs/field_0/vdw-df2-c09/top/data/ldos.pp.dat337.xsf
     Plot Type: 3D                     Output format: XCrySDen     
     Reading data from file  /home/ubuntu/projects/Graphene-Band-Structure-Quantum-Espresso/outputs/field_0/vdw-df2-c09/top/data/ldos.pp.dat338

     Writing data to be plotted to file /home/ubuntu/projects/Graphene-Band-Structure-Quantum-Espresso/outputs/field_0/vdw-df2-c09/top/data/ldos.pp.dat338.xsf
     Plot Type: 3D                     Output format: XCrySDen     
     Reading data from file  /home/ubuntu/projects/Graphene-Band-Structure-Quantum-Espresso/outputs/field_0/vdw-df2-c09/top/data/ldos.pp.dat339

     Writing data to be plotted to file /home/ubuntu/projects/Graphene-Band-Structure-Quantum-Espresso/outputs/field_0/vdw-df2-c09/top/data/ldos.pp.dat339.xsf
     Plot Type: 3D                     Output format: XCrySDen     
     Reading data from file  /home/ubuntu/projects/Graphene-Band-Structure-Quantum-Espresso/outputs/field_0/vdw-df2-c09/top/data/ldos.pp.dat340

     Writing data to be plotted to file /home/ubuntu/projects/Graphene-Band-Structure-Quantum-Espresso/outputs/field_0/vdw-df2-c09/top/data/ldos.pp.dat340.xsf
     Plot Type: 3D                     Output format: XCrySDen     
     Reading data from file  /home/ubuntu/projects/Graphene-Band-Structure-Quantum-Espresso/outputs/field_0/vdw-df2-c09/top/data/ldos.pp.dat341

     Writing data to be plotted to file /home/ubuntu/projects/Graphene-Band-Structure-Quantum-Espresso/outputs/field_0/vdw-df2-c09/top/data/ldos.pp.dat341.xsf
     Plot Type: 3D                     Output format: XCrySDen     
     Reading data from file  /home/ubuntu/projects/Graphene-Band-Structure-Quantum-Espresso/outputs/field_0/vdw-df2-c09/top/data/ldos.pp.dat342

     Writing data to be plotted to file /home/ubuntu/projects/Graphene-Band-Structure-Quantum-Espresso/outputs/field_0/vdw-df2-c09/top/data/ldos.pp.dat342.xsf
     Plot Type: 3D                     Output format: XCrySDen     
     Reading data from file  /home/ubuntu/projects/Graphene-Band-Structure-Quantum-Espresso/outputs/field_0/vdw-df2-c09/top/data/ldos.pp.dat343

     Writing data to be plotted to file /home/ubuntu/projects/Graphene-Band-Structure-Quantum-Espresso/outputs/field_0/vdw-df2-c09/top/data/ldos.pp.dat343.xsf
     Plot Type: 3D                     Output format: XCrySDen     
     Reading data from file  /home/ubuntu/projects/Graphene-Band-Structure-Quantum-Espresso/outputs/field_0/vdw-df2-c09/top/data/ldos.pp.dat344

     Writing data to be plotted to file /home/ubuntu/projects/Graphene-Band-Structure-Quantum-Espresso/outputs/field_0/vdw-df2-c09/top/data/ldos.pp.dat344.xsf
     Plot Type: 3D                     Output format: XCrySDen     
     Reading data from file  /home/ubuntu/projects/Graphene-Band-Structure-Quantum-Espresso/outputs/field_0/vdw-df2-c09/top/data/ldos.pp.dat345

     Writing data to be plotted to file /home/ubuntu/projects/Graphene-Band-Structure-Quantum-Espresso/outputs/field_0/vdw-df2-c09/top/data/ldos.pp.dat345.xsf
     Plot Type: 3D                     Output format: XCrySDen     
     Reading data from file  /home/ubuntu/projects/Graphene-Band-Structure-Quantum-Espresso/outputs/field_0/vdw-df2-c09/top/data/ldos.pp.dat346

     Writing data to be plotted to file /home/ubuntu/projects/Graphene-Band-Structure-Quantum-Espresso/outputs/field_0/vdw-df2-c09/top/data/ldos.pp.dat346.xsf
     Plot Type: 3D                     Output format: XCrySDen     
     Reading data from file  /home/ubuntu/projects/Graphene-Band-Structure-Quantum-Espresso/outputs/field_0/vdw-df2-c09/top/data/ldos.pp.dat347

     Writing data to be plotted to file /home/ubuntu/projects/Graphene-Band-Structure-Quantum-Espresso/outputs/field_0/vdw-df2-c09/top/data/ldos.pp.dat347.xsf
     Plot Type: 3D                     Output format: XCrySDen     
     Reading data from file  /home/ubuntu/projects/Graphene-Band-Structure-Quantum-Espresso/outputs/field_0/vdw-df2-c09/top/data/ldos.pp.dat348

     Writing data to be plotted to file /home/ubuntu/projects/Graphene-Band-Structure-Quantum-Espresso/outputs/field_0/vdw-df2-c09/top/data/ldos.pp.dat348.xsf
     Plot Type: 3D                     Output format: XCrySDen     
     Reading data from file  /home/ubuntu/projects/Graphene-Band-Structure-Quantum-Espresso/outputs/field_0/vdw-df2-c09/top/data/ldos.pp.dat349

     Writing data to be plotted to file /home/ubuntu/projects/Graphene-Band-Structure-Quantum-Espresso/outputs/field_0/vdw-df2-c09/top/data/ldos.pp.dat349.xsf
     Plot Type: 3D                     Output format: XCrySDen     
     Reading data from file  /home/ubuntu/projects/Graphene-Band-Structure-Quantum-Espresso/outputs/field_0/vdw-df2-c09/top/data/ldos.pp.dat350

     Writing data to be plotted to file /home/ubuntu/projects/Graphene-Band-Structure-Quantum-Espresso/outputs/field_0/vdw-df2-c09/top/data/ldos.pp.dat350.xsf
     Plot Type: 3D                     Output format: XCrySDen     
     Reading data from file  /home/ubuntu/projects/Graphene-Band-Structure-Quantum-Espresso/outputs/field_0/vdw-df2-c09/top/data/ldos.pp.dat351

     Writing data to be plotted to file /home/ubuntu/projects/Graphene-Band-Structure-Quantum-Espresso/outputs/field_0/vdw-df2-c09/top/data/ldos.pp.dat351.xsf
     Plot Type: 3D                     Output format: XCrySDen     
     Reading data from file  /home/ubuntu/projects/Graphene-Band-Structure-Quantum-Espresso/outputs/field_0/vdw-df2-c09/top/data/ldos.pp.dat352

     Writing data to be plotted to file /home/ubuntu/projects/Graphene-Band-Structure-Quantum-Espresso/outputs/field_0/vdw-df2-c09/top/data/ldos.pp.dat352.xsf
     Plot Type: 3D                     Output format: XCrySDen     
     Reading data from file  /home/ubuntu/projects/Graphene-Band-Structure-Quantum-Espresso/outputs/field_0/vdw-df2-c09/top/data/ldos.pp.dat353

     Writing data to be plotted to file /home/ubuntu/projects/Graphene-Band-Structure-Quantum-Espresso/outputs/field_0/vdw-df2-c09/top/data/ldos.pp.dat353.xsf
     Plot Type: 3D                     Output format: XCrySDen     
     Reading data from file  /home/ubuntu/projects/Graphene-Band-Structure-Quantum-Espresso/outputs/field_0/vdw-df2-c09/top/data/ldos.pp.dat354

     Writing data to be plotted to file /home/ubuntu/projects/Graphene-Band-Structure-Quantum-Espresso/outputs/field_0/vdw-df2-c09/top/data/ldos.pp.dat354.xsf
     Plot Type: 3D                     Output format: XCrySDen     
     Reading data from file  /home/ubuntu/projects/Graphene-Band-Structure-Quantum-Espresso/outputs/field_0/vdw-df2-c09/top/data/ldos.pp.dat355

     Writing data to be plotted to file /home/ubuntu/projects/Graphene-Band-Structure-Quantum-Espresso/outputs/field_0/vdw-df2-c09/top/data/ldos.pp.dat355.xsf
     Plot Type: 3D                     Output format: XCrySDen     
     Reading data from file  /home/ubuntu/projects/Graphene-Band-Structure-Quantum-Espresso/outputs/field_0/vdw-df2-c09/top/data/ldos.pp.dat356

     Writing data to be plotted to file /home/ubuntu/projects/Graphene-Band-Structure-Quantum-Espresso/outputs/field_0/vdw-df2-c09/top/data/ldos.pp.dat356.xsf
     Plot Type: 3D                     Output format: XCrySDen     
     Reading data from file  /home/ubuntu/projects/Graphene-Band-Structure-Quantum-Espresso/outputs/field_0/vdw-df2-c09/top/data/ldos.pp.dat357

     Writing data to be plotted to file /home/ubuntu/projects/Graphene-Band-Structure-Quantum-Espresso/outputs/field_0/vdw-df2-c09/top/data/ldos.pp.dat357.xsf
     Plot Type: 3D                     Output format: XCrySDen     
     Reading data from file  /home/ubuntu/projects/Graphene-Band-Structure-Quantum-Espresso/outputs/field_0/vdw-df2-c09/top/data/ldos.pp.dat358

     Writing data to be plotted to file /home/ubuntu/projects/Graphene-Band-Structure-Quantum-Espresso/outputs/field_0/vdw-df2-c09/top/data/ldos.pp.dat358.xsf
     Plot Type: 3D                     Output format: XCrySDen     
     Reading data from file  /home/ubuntu/projects/Graphene-Band-Structure-Quantum-Espresso/outputs/field_0/vdw-df2-c09/top/data/ldos.pp.dat359

     Writing data to be plotted to file /home/ubuntu/projects/Graphene-Band-Structure-Quantum-Espresso/outputs/field_0/vdw-df2-c09/top/data/ldos.pp.dat359.xsf
     Plot Type: 3D                     Output format: XCrySDen     
     Reading data from file  /home/ubuntu/projects/Graphene-Band-Structure-Quantum-Espresso/outputs/field_0/vdw-df2-c09/top/data/ldos.pp.dat360

     Writing data to be plotted to file /home/ubuntu/projects/Graphene-Band-Structure-Quantum-Espresso/outputs/field_0/vdw-df2-c09/top/data/ldos.pp.dat360.xsf
     Plot Type: 3D                     Output format: XCrySDen     
     Reading data from file  /home/ubuntu/projects/Graphene-Band-Structure-Quantum-Espresso/outputs/field_0/vdw-df2-c09/top/data/ldos.pp.dat361

     Writing data to be plotted to file /home/ubuntu/projects/Graphene-Band-Structure-Quantum-Espresso/outputs/field_0/vdw-df2-c09/top/data/ldos.pp.dat361.xsf
     Plot Type: 3D                     Output format: XCrySDen     
     Reading data from file  /home/ubuntu/projects/Graphene-Band-Structure-Quantum-Espresso/outputs/field_0/vdw-df2-c09/top/data/ldos.pp.dat362

     Writing data to be plotted to file /home/ubuntu/projects/Graphene-Band-Structure-Quantum-Espresso/outputs/field_0/vdw-df2-c09/top/data/ldos.pp.dat362.xsf
     Plot Type: 3D                     Output format: XCrySDen     
     Reading data from file  /home/ubuntu/projects/Graphene-Band-Structure-Quantum-Espresso/outputs/field_0/vdw-df2-c09/top/data/ldos.pp.dat363

     Writing data to be plotted to file /home/ubuntu/projects/Graphene-Band-Structure-Quantum-Espresso/outputs/field_0/vdw-df2-c09/top/data/ldos.pp.dat363.xsf
     Plot Type: 3D                     Output format: XCrySDen     
     Reading data from file  /home/ubuntu/projects/Graphene-Band-Structure-Quantum-Espresso/outputs/field_0/vdw-df2-c09/top/data/ldos.pp.dat364

     Writing data to be plotted to file /home/ubuntu/projects/Graphene-Band-Structure-Quantum-Espresso/outputs/field_0/vdw-df2-c09/top/data/ldos.pp.dat364.xsf
     Plot Type: 3D                     Output format: XCrySDen     
     Reading data from file  /home/ubuntu/projects/Graphene-Band-Structure-Quantum-Espresso/outputs/field_0/vdw-df2-c09/top/data/ldos.pp.dat365

     Writing data to be plotted to file /home/ubuntu/projects/Graphene-Band-Structure-Quantum-Espresso/outputs/field_0/vdw-df2-c09/top/data/ldos.pp.dat365.xsf
     Plot Type: 3D                     Output format: XCrySDen     
     Reading data from file  /home/ubuntu/projects/Graphene-Band-Structure-Quantum-Espresso/outputs/field_0/vdw-df2-c09/top/data/ldos.pp.dat366

     Writing data to be plotted to file /home/ubuntu/projects/Graphene-Band-Structure-Quantum-Espresso/outputs/field_0/vdw-df2-c09/top/data/ldos.pp.dat366.xsf
     Plot Type: 3D                     Output format: XCrySDen     
     Reading data from file  /home/ubuntu/projects/Graphene-Band-Structure-Quantum-Espresso/outputs/field_0/vdw-df2-c09/top/data/ldos.pp.dat367

     Writing data to be plotted to file /home/ubuntu/projects/Graphene-Band-Structure-Quantum-Espresso/outputs/field_0/vdw-df2-c09/top/data/ldos.pp.dat367.xsf
     Plot Type: 3D                     Output format: XCrySDen     
     Reading data from file  /home/ubuntu/projects/Graphene-Band-Structure-Quantum-Espresso/outputs/field_0/vdw-df2-c09/top/data/ldos.pp.dat368

     Writing data to be plotted to file /home/ubuntu/projects/Graphene-Band-Structure-Quantum-Espresso/outputs/field_0/vdw-df2-c09/top/data/ldos.pp.dat368.xsf
     Plot Type: 3D                     Output format: XCrySDen     
     Reading data from file  /home/ubuntu/projects/Graphene-Band-Structure-Quantum-Espresso/outputs/field_0/vdw-df2-c09/top/data/ldos.pp.dat369

     Writing data to be plotted to file /home/ubuntu/projects/Graphene-Band-Structure-Quantum-Espresso/outputs/field_0/vdw-df2-c09/top/data/ldos.pp.dat369.xsf
     Plot Type: 3D                     Output format: XCrySDen     
     Reading data from file  /home/ubuntu/projects/Graphene-Band-Structure-Quantum-Espresso/outputs/field_0/vdw-df2-c09/top/data/ldos.pp.dat370

     Writing data to be plotted to file /home/ubuntu/projects/Graphene-Band-Structure-Quantum-Espresso/outputs/field_0/vdw-df2-c09/top/data/ldos.pp.dat370.xsf
     Plot Type: 3D                     Output format: XCrySDen     
     Reading data from file  /home/ubuntu/projects/Graphene-Band-Structure-Quantum-Espresso/outputs/field_0/vdw-df2-c09/top/data/ldos.pp.dat371

     Writing data to be plotted to file /home/ubuntu/projects/Graphene-Band-Structure-Quantum-Espresso/outputs/field_0/vdw-df2-c09/top/data/ldos.pp.dat371.xsf
     Plot Type: 3D                     Output format: XCrySDen     
     Reading data from file  /home/ubuntu/projects/Graphene-Band-Structure-Quantum-Espresso/outputs/field_0/vdw-df2-c09/top/data/ldos.pp.dat372

     Writing data to be plotted to file /home/ubuntu/projects/Graphene-Band-Structure-Quantum-Espresso/outputs/field_0/vdw-df2-c09/top/data/ldos.pp.dat372.xsf
     Plot Type: 3D                     Output format: XCrySDen     
     Reading data from file  /home/ubuntu/projects/Graphene-Band-Structure-Quantum-Espresso/outputs/field_0/vdw-df2-c09/top/data/ldos.pp.dat373

     Writing data to be plotted to file /home/ubuntu/projects/Graphene-Band-Structure-Quantum-Espresso/outputs/field_0/vdw-df2-c09/top/data/ldos.pp.dat373.xsf
     Plot Type: 3D                     Output format: XCrySDen     
     Reading data from file  /home/ubuntu/projects/Graphene-Band-Structure-Quantum-Espresso/outputs/field_0/vdw-df2-c09/top/data/ldos.pp.dat374

     Writing data to be plotted to file /home/ubuntu/projects/Graphene-Band-Structure-Quantum-Espresso/outputs/field_0/vdw-df2-c09/top/data/ldos.pp.dat374.xsf
     Plot Type: 3D                     Output format: XCrySDen     
     Reading data from file  /home/ubuntu/projects/Graphene-Band-Structure-Quantum-Espresso/outputs/field_0/vdw-df2-c09/top/data/ldos.pp.dat375

     Writing data to be plotted to file /home/ubuntu/projects/Graphene-Band-Structure-Quantum-Espresso/outputs/field_0/vdw-df2-c09/top/data/ldos.pp.dat375.xsf
     Plot Type: 3D                     Output format: XCrySDen     
     Reading data from file  /home/ubuntu/projects/Graphene-Band-Structure-Quantum-Espresso/outputs/field_0/vdw-df2-c09/top/data/ldos.pp.dat376

     Writing data to be plotted to file /home/ubuntu/projects/Graphene-Band-Structure-Quantum-Espresso/outputs/field_0/vdw-df2-c09/top/data/ldos.pp.dat376.xsf
     Plot Type: 3D                     Output format: XCrySDen     
     Reading data from file  /home/ubuntu/projects/Graphene-Band-Structure-Quantum-Espresso/outputs/field_0/vdw-df2-c09/top/data/ldos.pp.dat377

     Writing data to be plotted to file /home/ubuntu/projects/Graphene-Band-Structure-Quantum-Espresso/outputs/field_0/vdw-df2-c09/top/data/ldos.pp.dat377.xsf
     Plot Type: 3D                     Output format: XCrySDen     
     Reading data from file  /home/ubuntu/projects/Graphene-Band-Structure-Quantum-Espresso/outputs/field_0/vdw-df2-c09/top/data/ldos.pp.dat378

     Writing data to be plotted to file /home/ubuntu/projects/Graphene-Band-Structure-Quantum-Espresso/outputs/field_0/vdw-df2-c09/top/data/ldos.pp.dat378.xsf
     Plot Type: 3D                     Output format: XCrySDen     
     Reading data from file  /home/ubuntu/projects/Graphene-Band-Structure-Quantum-Espresso/outputs/field_0/vdw-df2-c09/top/data/ldos.pp.dat379

     Writing data to be plotted to file /home/ubuntu/projects/Graphene-Band-Structure-Quantum-Espresso/outputs/field_0/vdw-df2-c09/top/data/ldos.pp.dat379.xsf
     Plot Type: 3D                     Output format: XCrySDen     
     Reading data from file  /home/ubuntu/projects/Graphene-Band-Structure-Quantum-Espresso/outputs/field_0/vdw-df2-c09/top/data/ldos.pp.dat380

     Writing data to be plotted to file /home/ubuntu/projects/Graphene-Band-Structure-Quantum-Espresso/outputs/field_0/vdw-df2-c09/top/data/ldos.pp.dat380.xsf
     Plot Type: 3D                     Output format: XCrySDen     
     Reading data from file  /home/ubuntu/projects/Graphene-Band-Structure-Quantum-Espresso/outputs/field_0/vdw-df2-c09/top/data/ldos.pp.dat381

     Writing data to be plotted to file /home/ubuntu/projects/Graphene-Band-Structure-Quantum-Espresso/outputs/field_0/vdw-df2-c09/top/data/ldos.pp.dat381.xsf
     Plot Type: 3D                     Output format: XCrySDen     
     Reading data from file  /home/ubuntu/projects/Graphene-Band-Structure-Quantum-Espresso/outputs/field_0/vdw-df2-c09/top/data/ldos.pp.dat382

     Writing data to be plotted to file /home/ubuntu/projects/Graphene-Band-Structure-Quantum-Espresso/outputs/field_0/vdw-df2-c09/top/data/ldos.pp.dat382.xsf
     Plot Type: 3D                     Output format: XCrySDen     
     Reading data from file  /home/ubuntu/projects/Graphene-Band-Structure-Quantum-Espresso/outputs/field_0/vdw-df2-c09/top/data/ldos.pp.dat383

     Writing data to be plotted to file /home/ubuntu/projects/Graphene-Band-Structure-Quantum-Espresso/outputs/field_0/vdw-df2-c09/top/data/ldos.pp.dat383.xsf
     Plot Type: 3D                     Output format: XCrySDen     
     Reading data from file  /home/ubuntu/projects/Graphene-Band-Structure-Quantum-Espresso/outputs/field_0/vdw-df2-c09/top/data/ldos.pp.dat384

     Writing data to be plotted to file /home/ubuntu/projects/Graphene-Band-Structure-Quantum-Espresso/outputs/field_0/vdw-df2-c09/top/data/ldos.pp.dat384.xsf
     Plot Type: 3D                     Output format: XCrySDen     
     Reading data from file  /home/ubuntu/projects/Graphene-Band-Structure-Quantum-Espresso/outputs/field_0/vdw-df2-c09/top/data/ldos.pp.dat385

     Writing data to be plotted to file /home/ubuntu/projects/Graphene-Band-Structure-Quantum-Espresso/outputs/field_0/vdw-df2-c09/top/data/ldos.pp.dat385.xsf
     Plot Type: 3D                     Output format: XCrySDen     
     Reading data from file  /home/ubuntu/projects/Graphene-Band-Structure-Quantum-Espresso/outputs/field_0/vdw-df2-c09/top/data/ldos.pp.dat386

     Writing data to be plotted to file /home/ubuntu/projects/Graphene-Band-Structure-Quantum-Espresso/outputs/field_0/vdw-df2-c09/top/data/ldos.pp.dat386.xsf
     Plot Type: 3D                     Output format: XCrySDen     
     Reading data from file  /home/ubuntu/projects/Graphene-Band-Structure-Quantum-Espresso/outputs/field_0/vdw-df2-c09/top/data/ldos.pp.dat387

     Writing data to be plotted to file /home/ubuntu/projects/Graphene-Band-Structure-Quantum-Espresso/outputs/field_0/vdw-df2-c09/top/data/ldos.pp.dat387.xsf
     Plot Type: 3D                     Output format: XCrySDen     
     Reading data from file  /home/ubuntu/projects/Graphene-Band-Structure-Quantum-Espresso/outputs/field_0/vdw-df2-c09/top/data/ldos.pp.dat388

     Writing data to be plotted to file /home/ubuntu/projects/Graphene-Band-Structure-Quantum-Espresso/outputs/field_0/vdw-df2-c09/top/data/ldos.pp.dat388.xsf
     Plot Type: 3D                     Output format: XCrySDen     
     Reading data from file  /home/ubuntu/projects/Graphene-Band-Structure-Quantum-Espresso/outputs/field_0/vdw-df2-c09/top/data/ldos.pp.dat389

     Writing data to be plotted to file /home/ubuntu/projects/Graphene-Band-Structure-Quantum-Espresso/outputs/field_0/vdw-df2-c09/top/data/ldos.pp.dat389.xsf
     Plot Type: 3D                     Output format: XCrySDen     
     Reading data from file  /home/ubuntu/projects/Graphene-Band-Structure-Quantum-Espresso/outputs/field_0/vdw-df2-c09/top/data/ldos.pp.dat390

     Writing data to be plotted to file /home/ubuntu/projects/Graphene-Band-Structure-Quantum-Espresso/outputs/field_0/vdw-df2-c09/top/data/ldos.pp.dat390.xsf
     Plot Type: 3D                     Output format: XCrySDen     
     Reading data from file  /home/ubuntu/projects/Graphene-Band-Structure-Quantum-Espresso/outputs/field_0/vdw-df2-c09/top/data/ldos.pp.dat391

     Writing data to be plotted to file /home/ubuntu/projects/Graphene-Band-Structure-Quantum-Espresso/outputs/field_0/vdw-df2-c09/top/data/ldos.pp.dat391.xsf
     Plot Type: 3D                     Output format: XCrySDen     
     Reading data from file  /home/ubuntu/projects/Graphene-Band-Structure-Quantum-Espresso/outputs/field_0/vdw-df2-c09/top/data/ldos.pp.dat392

     Writing data to be plotted to file /home/ubuntu/projects/Graphene-Band-Structure-Quantum-Espresso/outputs/field_0/vdw-df2-c09/top/data/ldos.pp.dat392.xsf
     Plot Type: 3D                     Output format: XCrySDen     
     Reading data from file  /home/ubuntu/projects/Graphene-Band-Structure-Quantum-Espresso/outputs/field_0/vdw-df2-c09/top/data/ldos.pp.dat393

     Writing data to be plotted to file /home/ubuntu/projects/Graphene-Band-Structure-Quantum-Espresso/outputs/field_0/vdw-df2-c09/top/data/ldos.pp.dat393.xsf
     Plot Type: 3D                     Output format: XCrySDen     
     Reading data from file  /home/ubuntu/projects/Graphene-Band-Structure-Quantum-Espresso/outputs/field_0/vdw-df2-c09/top/data/ldos.pp.dat394

     Writing data to be plotted to file /home/ubuntu/projects/Graphene-Band-Structure-Quantum-Espresso/outputs/field_0/vdw-df2-c09/top/data/ldos.pp.dat394.xsf
     Plot Type: 3D                     Output format: XCrySDen     
     Reading data from file  /home/ubuntu/projects/Graphene-Band-Structure-Quantum-Espresso/outputs/field_0/vdw-df2-c09/top/data/ldos.pp.dat395

     Writing data to be plotted to file /home/ubuntu/projects/Graphene-Band-Structure-Quantum-Espresso/outputs/field_0/vdw-df2-c09/top/data/ldos.pp.dat395.xsf
     Plot Type: 3D                     Output format: XCrySDen     
     Reading data from file  /home/ubuntu/projects/Graphene-Band-Structure-Quantum-Espresso/outputs/field_0/vdw-df2-c09/top/data/ldos.pp.dat396

     Writing data to be plotted to file /home/ubuntu/projects/Graphene-Band-Structure-Quantum-Espresso/outputs/field_0/vdw-df2-c09/top/data/ldos.pp.dat396.xsf
     Plot Type: 3D                     Output format: XCrySDen     
     Reading data from file  /home/ubuntu/projects/Graphene-Band-Structure-Quantum-Espresso/outputs/field_0/vdw-df2-c09/top/data/ldos.pp.dat397

     Writing data to be plotted to file /home/ubuntu/projects/Graphene-Band-Structure-Quantum-Espresso/outputs/field_0/vdw-df2-c09/top/data/ldos.pp.dat397.xsf
     Plot Type: 3D                     Output format: XCrySDen     
     Reading data from file  /home/ubuntu/projects/Graphene-Band-Structure-Quantum-Espresso/outputs/field_0/vdw-df2-c09/top/data/ldos.pp.dat398

     Writing data to be plotted to file /home/ubuntu/projects/Graphene-Band-Structure-Quantum-Espresso/outputs/field_0/vdw-df2-c09/top/data/ldos.pp.dat398.xsf
     Plot Type: 3D                     Output format: XCrySDen     
     Reading data from file  /home/ubuntu/projects/Graphene-Band-Structure-Quantum-Espresso/outputs/field_0/vdw-df2-c09/top/data/ldos.pp.dat399

     Writing data to be plotted to file /home/ubuntu/projects/Graphene-Band-Structure-Quantum-Espresso/outputs/field_0/vdw-df2-c09/top/data/ldos.pp.dat399.xsf
     Plot Type: 3D                     Output format: XCrySDen     
     Reading data from file  /home/ubuntu/projects/Graphene-Band-Structure-Quantum-Espresso/outputs/field_0/vdw-df2-c09/top/data/ldos.pp.dat400

     Writing data to be plotted to file /home/ubuntu/projects/Graphene-Band-Structure-Quantum-Espresso/outputs/field_0/vdw-df2-c09/top/data/ldos.pp.dat400.xsf
     Plot Type: 3D                     Output format: XCrySDen     
     Reading data from file  /home/ubuntu/projects/Graphene-Band-Structure-Quantum-Espresso/outputs/field_0/vdw-df2-c09/top/data/ldos.pp.dat401

     Writing data to be plotted to file /home/ubuntu/projects/Graphene-Band-Structure-Quantum-Espresso/outputs/field_0/vdw-df2-c09/top/data/ldos.pp.dat401.xsf
     Plot Type: 3D                     Output format: XCrySDen     
     Reading data from file  /home/ubuntu/projects/Graphene-Band-Structure-Quantum-Espresso/outputs/field_0/vdw-df2-c09/top/data/ldos.pp.dat402

     Writing data to be plotted to file /home/ubuntu/projects/Graphene-Band-Structure-Quantum-Espresso/outputs/field_0/vdw-df2-c09/top/data/ldos.pp.dat402.xsf
     Plot Type: 3D                     Output format: XCrySDen     
     Reading data from file  /home/ubuntu/projects/Graphene-Band-Structure-Quantum-Espresso/outputs/field_0/vdw-df2-c09/top/data/ldos.pp.dat403

     Writing data to be plotted to file /home/ubuntu/projects/Graphene-Band-Structure-Quantum-Espresso/outputs/field_0/vdw-df2-c09/top/data/ldos.pp.dat403.xsf
     Plot Type: 3D                     Output format: XCrySDen     
     Reading data from file  /home/ubuntu/projects/Graphene-Band-Structure-Quantum-Espresso/outputs/field_0/vdw-df2-c09/top/data/ldos.pp.dat404

     Writing data to be plotted to file /home/ubuntu/projects/Graphene-Band-Structure-Quantum-Espresso/outputs/field_0/vdw-df2-c09/top/data/ldos.pp.dat404.xsf
     Plot Type: 3D                     Output format: XCrySDen     
     Reading data from file  /home/ubuntu/projects/Graphene-Band-Structure-Quantum-Espresso/outputs/field_0/vdw-df2-c09/top/data/ldos.pp.dat405

     Writing data to be plotted to file /home/ubuntu/projects/Graphene-Band-Structure-Quantum-Espresso/outputs/field_0/vdw-df2-c09/top/data/ldos.pp.dat405.xsf
     Plot Type: 3D                     Output format: XCrySDen     
     Reading data from file  /home/ubuntu/projects/Graphene-Band-Structure-Quantum-Espresso/outputs/field_0/vdw-df2-c09/top/data/ldos.pp.dat406

     Writing data to be plotted to file /home/ubuntu/projects/Graphene-Band-Structure-Quantum-Espresso/outputs/field_0/vdw-df2-c09/top/data/ldos.pp.dat406.xsf
     Plot Type: 3D                     Output format: XCrySDen     
     Reading data from file  /home/ubuntu/projects/Graphene-Band-Structure-Quantum-Espresso/outputs/field_0/vdw-df2-c09/top/data/ldos.pp.dat407

     Writing data to be plotted to file /home/ubuntu/projects/Graphene-Band-Structure-Quantum-Espresso/outputs/field_0/vdw-df2-c09/top/data/ldos.pp.dat407.xsf
     Plot Type: 3D                     Output format: XCrySDen     
     Reading data from file  /home/ubuntu/projects/Graphene-Band-Structure-Quantum-Espresso/outputs/field_0/vdw-df2-c09/top/data/ldos.pp.dat408

     Writing data to be plotted to file /home/ubuntu/projects/Graphene-Band-Structure-Quantum-Espresso/outputs/field_0/vdw-df2-c09/top/data/ldos.pp.dat408.xsf
     Plot Type: 3D                     Output format: XCrySDen     
     Reading data from file  /home/ubuntu/projects/Graphene-Band-Structure-Quantum-Espresso/outputs/field_0/vdw-df2-c09/top/data/ldos.pp.dat409

     Writing data to be plotted to file /home/ubuntu/projects/Graphene-Band-Structure-Quantum-Espresso/outputs/field_0/vdw-df2-c09/top/data/ldos.pp.dat409.xsf
     Plot Type: 3D                     Output format: XCrySDen     
     Reading data from file  /home/ubuntu/projects/Graphene-Band-Structure-Quantum-Espresso/outputs/field_0/vdw-df2-c09/top/data/ldos.pp.dat410

     Writing data to be plotted to file /home/ubuntu/projects/Graphene-Band-Structure-Quantum-Espresso/outputs/field_0/vdw-df2-c09/top/data/ldos.pp.dat410.xsf
     Plot Type: 3D                     Output format: XCrySDen     
     Reading data from file  /home/ubuntu/projects/Graphene-Band-Structure-Quantum-Espresso/outputs/field_0/vdw-df2-c09/top/data/ldos.pp.dat411

     Writing data to be plotted to file /home/ubuntu/projects/Graphene-Band-Structure-Quantum-Espresso/outputs/field_0/vdw-df2-c09/top/data/ldos.pp.dat411.xsf
     Plot Type: 3D                     Output format: XCrySDen     
     Reading data from file  /home/ubuntu/projects/Graphene-Band-Structure-Quantum-Espresso/outputs/field_0/vdw-df2-c09/top/data/ldos.pp.dat412

     Writing data to be plotted to file /home/ubuntu/projects/Graphene-Band-Structure-Quantum-Espresso/outputs/field_0/vdw-df2-c09/top/data/ldos.pp.dat412.xsf
     Plot Type: 3D                     Output format: XCrySDen     
     Reading data from file  /home/ubuntu/projects/Graphene-Band-Structure-Quantum-Espresso/outputs/field_0/vdw-df2-c09/top/data/ldos.pp.dat413

     Writing data to be plotted to file /home/ubuntu/projects/Graphene-Band-Structure-Quantum-Espresso/outputs/field_0/vdw-df2-c09/top/data/ldos.pp.dat413.xsf
     Plot Type: 3D                     Output format: XCrySDen     
     Reading data from file  /home/ubuntu/projects/Graphene-Band-Structure-Quantum-Espresso/outputs/field_0/vdw-df2-c09/top/data/ldos.pp.dat414

     Writing data to be plotted to file /home/ubuntu/projects/Graphene-Band-Structure-Quantum-Espresso/outputs/field_0/vdw-df2-c09/top/data/ldos.pp.dat414.xsf
     Plot Type: 3D                     Output format: XCrySDen     
     Reading data from file  /home/ubuntu/projects/Graphene-Band-Structure-Quantum-Espresso/outputs/field_0/vdw-df2-c09/top/data/ldos.pp.dat415

     Writing data to be plotted to file /home/ubuntu/projects/Graphene-Band-Structure-Quantum-Espresso/outputs/field_0/vdw-df2-c09/top/data/ldos.pp.dat415.xsf
     Plot Type: 3D                     Output format: XCrySDen     
     Reading data from file  /home/ubuntu/projects/Graphene-Band-Structure-Quantum-Espresso/outputs/field_0/vdw-df2-c09/top/data/ldos.pp.dat416

     Writing data to be plotted to file /home/ubuntu/projects/Graphene-Band-Structure-Quantum-Espresso/outputs/field_0/vdw-df2-c09/top/data/ldos.pp.dat416.xsf
     Plot Type: 3D                     Output format: XCrySDen     
     Reading data from file  /home/ubuntu/projects/Graphene-Band-Structure-Quantum-Espresso/outputs/field_0/vdw-df2-c09/top/data/ldos.pp.dat417

     Writing data to be plotted to file /home/ubuntu/projects/Graphene-Band-Structure-Quantum-Espresso/outputs/field_0/vdw-df2-c09/top/data/ldos.pp.dat417.xsf
     Plot Type: 3D                     Output format: XCrySDen     
     Reading data from file  /home/ubuntu/projects/Graphene-Band-Structure-Quantum-Espresso/outputs/field_0/vdw-df2-c09/top/data/ldos.pp.dat418

     Writing data to be plotted to file /home/ubuntu/projects/Graphene-Band-Structure-Quantum-Espresso/outputs/field_0/vdw-df2-c09/top/data/ldos.pp.dat418.xsf
     Plot Type: 3D                     Output format: XCrySDen     
     Reading data from file  /home/ubuntu/projects/Graphene-Band-Structure-Quantum-Espresso/outputs/field_0/vdw-df2-c09/top/data/ldos.pp.dat419

     Writing data to be plotted to file /home/ubuntu/projects/Graphene-Band-Structure-Quantum-Espresso/outputs/field_0/vdw-df2-c09/top/data/ldos.pp.dat419.xsf
     Plot Type: 3D                     Output format: XCrySDen     
     Reading data from file  /home/ubuntu/projects/Graphene-Band-Structure-Quantum-Espresso/outputs/field_0/vdw-df2-c09/top/data/ldos.pp.dat420

     Writing data to be plotted to file /home/ubuntu/projects/Graphene-Band-Structure-Quantum-Espresso/outputs/field_0/vdw-df2-c09/top/data/ldos.pp.dat420.xsf
     Plot Type: 3D                     Output format: XCrySDen     
     Reading data from file  /home/ubuntu/projects/Graphene-Band-Structure-Quantum-Espresso/outputs/field_0/vdw-df2-c09/top/data/ldos.pp.dat421

     Writing data to be plotted to file /home/ubuntu/projects/Graphene-Band-Structure-Quantum-Espresso/outputs/field_0/vdw-df2-c09/top/data/ldos.pp.dat421.xsf
     Plot Type: 3D                     Output format: XCrySDen     
     Reading data from file  /home/ubuntu/projects/Graphene-Band-Structure-Quantum-Espresso/outputs/field_0/vdw-df2-c09/top/data/ldos.pp.dat422

     Writing data to be plotted to file /home/ubuntu/projects/Graphene-Band-Structure-Quantum-Espresso/outputs/field_0/vdw-df2-c09/top/data/ldos.pp.dat422.xsf
     Plot Type: 3D                     Output format: XCrySDen     
     Reading data from file  /home/ubuntu/projects/Graphene-Band-Structure-Quantum-Espresso/outputs/field_0/vdw-df2-c09/top/data/ldos.pp.dat423

     Writing data to be plotted to file /home/ubuntu/projects/Graphene-Band-Structure-Quantum-Espresso/outputs/field_0/vdw-df2-c09/top/data/ldos.pp.dat423.xsf
     Plot Type: 3D                     Output format: XCrySDen     
     Reading data from file  /home/ubuntu/projects/Graphene-Band-Structure-Quantum-Espresso/outputs/field_0/vdw-df2-c09/top/data/ldos.pp.dat424

     Writing data to be plotted to file /home/ubuntu/projects/Graphene-Band-Structure-Quantum-Espresso/outputs/field_0/vdw-df2-c09/top/data/ldos.pp.dat424.xsf
     Plot Type: 3D                     Output format: XCrySDen     
     Reading data from file  /home/ubuntu/projects/Graphene-Band-Structure-Quantum-Espresso/outputs/field_0/vdw-df2-c09/top/data/ldos.pp.dat425

     Writing data to be plotted to file /home/ubuntu/projects/Graphene-Band-Structure-Quantum-Espresso/outputs/field_0/vdw-df2-c09/top/data/ldos.pp.dat425.xsf
     Plot Type: 3D                     Output format: XCrySDen     
     Reading data from file  /home/ubuntu/projects/Graphene-Band-Structure-Quantum-Espresso/outputs/field_0/vdw-df2-c09/top/data/ldos.pp.dat426

     Writing data to be plotted to file /home/ubuntu/projects/Graphene-Band-Structure-Quantum-Espresso/outputs/field_0/vdw-df2-c09/top/data/ldos.pp.dat426.xsf
     Plot Type: 3D                     Output format: XCrySDen     
     Reading data from file  /home/ubuntu/projects/Graphene-Band-Structure-Quantum-Espresso/outputs/field_0/vdw-df2-c09/top/data/ldos.pp.dat427

     Writing data to be plotted to file /home/ubuntu/projects/Graphene-Band-Structure-Quantum-Espresso/outputs/field_0/vdw-df2-c09/top/data/ldos.pp.dat427.xsf
     Plot Type: 3D                     Output format: XCrySDen     
     Reading data from file  /home/ubuntu/projects/Graphene-Band-Structure-Quantum-Espresso/outputs/field_0/vdw-df2-c09/top/data/ldos.pp.dat428

     Writing data to be plotted to file /home/ubuntu/projects/Graphene-Band-Structure-Quantum-Espresso/outputs/field_0/vdw-df2-c09/top/data/ldos.pp.dat428.xsf
     Plot Type: 3D                     Output format: XCrySDen     
     Reading data from file  /home/ubuntu/projects/Graphene-Band-Structure-Quantum-Espresso/outputs/field_0/vdw-df2-c09/top/data/ldos.pp.dat429

     Writing data to be plotted to file /home/ubuntu/projects/Graphene-Band-Structure-Quantum-Espresso/outputs/field_0/vdw-df2-c09/top/data/ldos.pp.dat429.xsf
     Plot Type: 3D                     Output format: XCrySDen     
     Reading data from file  /home/ubuntu/projects/Graphene-Band-Structure-Quantum-Espresso/outputs/field_0/vdw-df2-c09/top/data/ldos.pp.dat430

     Writing data to be plotted to file /home/ubuntu/projects/Graphene-Band-Structure-Quantum-Espresso/outputs/field_0/vdw-df2-c09/top/data/ldos.pp.dat430.xsf
     Plot Type: 3D                     Output format: XCrySDen     
     Reading data from file  /home/ubuntu/projects/Graphene-Band-Structure-Quantum-Espresso/outputs/field_0/vdw-df2-c09/top/data/ldos.pp.dat431

     Writing data to be plotted to file /home/ubuntu/projects/Graphene-Band-Structure-Quantum-Espresso/outputs/field_0/vdw-df2-c09/top/data/ldos.pp.dat431.xsf
     Plot Type: 3D                     Output format: XCrySDen     
     Reading data from file  /home/ubuntu/projects/Graphene-Band-Structure-Quantum-Espresso/outputs/field_0/vdw-df2-c09/top/data/ldos.pp.dat432

     Writing data to be plotted to file /home/ubuntu/projects/Graphene-Band-Structure-Quantum-Espresso/outputs/field_0/vdw-df2-c09/top/data/ldos.pp.dat432.xsf
     Plot Type: 3D                     Output format: XCrySDen     
     Reading data from file  /home/ubuntu/projects/Graphene-Band-Structure-Quantum-Espresso/outputs/field_0/vdw-df2-c09/top/data/ldos.pp.dat433

     Writing data to be plotted to file /home/ubuntu/projects/Graphene-Band-Structure-Quantum-Espresso/outputs/field_0/vdw-df2-c09/top/data/ldos.pp.dat433.xsf
     Plot Type: 3D                     Output format: XCrySDen     
     Reading data from file  /home/ubuntu/projects/Graphene-Band-Structure-Quantum-Espresso/outputs/field_0/vdw-df2-c09/top/data/ldos.pp.dat434

     Writing data to be plotted to file /home/ubuntu/projects/Graphene-Band-Structure-Quantum-Espresso/outputs/field_0/vdw-df2-c09/top/data/ldos.pp.dat434.xsf
     Plot Type: 3D                     Output format: XCrySDen     
     Reading data from file  /home/ubuntu/projects/Graphene-Band-Structure-Quantum-Espresso/outputs/field_0/vdw-df2-c09/top/data/ldos.pp.dat435

     Writing data to be plotted to file /home/ubuntu/projects/Graphene-Band-Structure-Quantum-Espresso/outputs/field_0/vdw-df2-c09/top/data/ldos.pp.dat435.xsf
     Plot Type: 3D                     Output format: XCrySDen     
     Reading data from file  /home/ubuntu/projects/Graphene-Band-Structure-Quantum-Espresso/outputs/field_0/vdw-df2-c09/top/data/ldos.pp.dat436

     Writing data to be plotted to file /home/ubuntu/projects/Graphene-Band-Structure-Quantum-Espresso/outputs/field_0/vdw-df2-c09/top/data/ldos.pp.dat436.xsf
     Plot Type: 3D                     Output format: XCrySDen     
     Reading data from file  /home/ubuntu/projects/Graphene-Band-Structure-Quantum-Espresso/outputs/field_0/vdw-df2-c09/top/data/ldos.pp.dat437

     Writing data to be plotted to file /home/ubuntu/projects/Graphene-Band-Structure-Quantum-Espresso/outputs/field_0/vdw-df2-c09/top/data/ldos.pp.dat437.xsf
     Plot Type: 3D                     Output format: XCrySDen     
     Reading data from file  /home/ubuntu/projects/Graphene-Band-Structure-Quantum-Espresso/outputs/field_0/vdw-df2-c09/top/data/ldos.pp.dat438

     Writing data to be plotted to file /home/ubuntu/projects/Graphene-Band-Structure-Quantum-Espresso/outputs/field_0/vdw-df2-c09/top/data/ldos.pp.dat438.xsf
     Plot Type: 3D                     Output format: XCrySDen     
     Reading data from file  /home/ubuntu/projects/Graphene-Band-Structure-Quantum-Espresso/outputs/field_0/vdw-df2-c09/top/data/ldos.pp.dat439

     Writing data to be plotted to file /home/ubuntu/projects/Graphene-Band-Structure-Quantum-Espresso/outputs/field_0/vdw-df2-c09/top/data/ldos.pp.dat439.xsf
     Plot Type: 3D                     Output format: XCrySDen     
     Reading data from file  /home/ubuntu/projects/Graphene-Band-Structure-Quantum-Espresso/outputs/field_0/vdw-df2-c09/top/data/ldos.pp.dat440

     Writing data to be plotted to file /home/ubuntu/projects/Graphene-Band-Structure-Quantum-Espresso/outputs/field_0/vdw-df2-c09/top/data/ldos.pp.dat440.xsf
     Plot Type: 3D                     Output format: XCrySDen     
     Reading data from file  /home/ubuntu/projects/Graphene-Band-Structure-Quantum-Espresso/outputs/field_0/vdw-df2-c09/top/data/ldos.pp.dat441

     Writing data to be plotted to file /home/ubuntu/projects/Graphene-Band-Structure-Quantum-Espresso/outputs/field_0/vdw-df2-c09/top/data/ldos.pp.dat441.xsf
     Plot Type: 3D                     Output format: XCrySDen     
     Reading data from file  /home/ubuntu/projects/Graphene-Band-Structure-Quantum-Espresso/outputs/field_0/vdw-df2-c09/top/data/ldos.pp.dat442

     Writing data to be plotted to file /home/ubuntu/projects/Graphene-Band-Structure-Quantum-Espresso/outputs/field_0/vdw-df2-c09/top/data/ldos.pp.dat442.xsf
     Plot Type: 3D                     Output format: XCrySDen     
     Reading data from file  /home/ubuntu/projects/Graphene-Band-Structure-Quantum-Espresso/outputs/field_0/vdw-df2-c09/top/data/ldos.pp.dat443

     Writing data to be plotted to file /home/ubuntu/projects/Graphene-Band-Structure-Quantum-Espresso/outputs/field_0/vdw-df2-c09/top/data/ldos.pp.dat443.xsf
     Plot Type: 3D                     Output format: XCrySDen     
     Reading data from file  /home/ubuntu/projects/Graphene-Band-Structure-Quantum-Espresso/outputs/field_0/vdw-df2-c09/top/data/ldos.pp.dat444

     Writing data to be plotted to file /home/ubuntu/projects/Graphene-Band-Structure-Quantum-Espresso/outputs/field_0/vdw-df2-c09/top/data/ldos.pp.dat444.xsf
     Plot Type: 3D                     Output format: XCrySDen     
     Reading data from file  /home/ubuntu/projects/Graphene-Band-Structure-Quantum-Espresso/outputs/field_0/vdw-df2-c09/top/data/ldos.pp.dat445

     Writing data to be plotted to file /home/ubuntu/projects/Graphene-Band-Structure-Quantum-Espresso/outputs/field_0/vdw-df2-c09/top/data/ldos.pp.dat445.xsf
     Plot Type: 3D                     Output format: XCrySDen     
     Reading data from file  /home/ubuntu/projects/Graphene-Band-Structure-Quantum-Espresso/outputs/field_0/vdw-df2-c09/top/data/ldos.pp.dat446

     Writing data to be plotted to file /home/ubuntu/projects/Graphene-Band-Structure-Quantum-Espresso/outputs/field_0/vdw-df2-c09/top/data/ldos.pp.dat446.xsf
     Plot Type: 3D                     Output format: XCrySDen     
     Reading data from file  /home/ubuntu/projects/Graphene-Band-Structure-Quantum-Espresso/outputs/field_0/vdw-df2-c09/top/data/ldos.pp.dat447

     Writing data to be plotted to file /home/ubuntu/projects/Graphene-Band-Structure-Quantum-Espresso/outputs/field_0/vdw-df2-c09/top/data/ldos.pp.dat447.xsf
     Plot Type: 3D                     Output format: XCrySDen     
     Reading data from file  /home/ubuntu/projects/Graphene-Band-Structure-Quantum-Espresso/outputs/field_0/vdw-df2-c09/top/data/ldos.pp.dat448

     Writing data to be plotted to file /home/ubuntu/projects/Graphene-Band-Structure-Quantum-Espresso/outputs/field_0/vdw-df2-c09/top/data/ldos.pp.dat448.xsf
     Plot Type: 3D                     Output format: XCrySDen     
     Reading data from file  /home/ubuntu/projects/Graphene-Band-Structure-Quantum-Espresso/outputs/field_0/vdw-df2-c09/top/data/ldos.pp.dat449

     Writing data to be plotted to file /home/ubuntu/projects/Graphene-Band-Structure-Quantum-Espresso/outputs/field_0/vdw-df2-c09/top/data/ldos.pp.dat449.xsf
     Plot Type: 3D                     Output format: XCrySDen     
     Reading data from file  /home/ubuntu/projects/Graphene-Band-Structure-Quantum-Espresso/outputs/field_0/vdw-df2-c09/top/data/ldos.pp.dat450

     Writing data to be plotted to file /home/ubuntu/projects/Graphene-Band-Structure-Quantum-Espresso/outputs/field_0/vdw-df2-c09/top/data/ldos.pp.dat450.xsf
     Plot Type: 3D                     Output format: XCrySDen     
     Reading data from file  /home/ubuntu/projects/Graphene-Band-Structure-Quantum-Espresso/outputs/field_0/vdw-df2-c09/top/data/ldos.pp.dat451

     Writing data to be plotted to file /home/ubuntu/projects/Graphene-Band-Structure-Quantum-Espresso/outputs/field_0/vdw-df2-c09/top/data/ldos.pp.dat451.xsf
     Plot Type: 3D                     Output format: XCrySDen     
     Reading data from file  /home/ubuntu/projects/Graphene-Band-Structure-Quantum-Espresso/outputs/field_0/vdw-df2-c09/top/data/ldos.pp.dat452

     Writing data to be plotted to file /home/ubuntu/projects/Graphene-Band-Structure-Quantum-Espresso/outputs/field_0/vdw-df2-c09/top/data/ldos.pp.dat452.xsf
     Plot Type: 3D                     Output format: XCrySDen     
     Reading data from file  /home/ubuntu/projects/Graphene-Band-Structure-Quantum-Espresso/outputs/field_0/vdw-df2-c09/top/data/ldos.pp.dat453

     Writing data to be plotted to file /home/ubuntu/projects/Graphene-Band-Structure-Quantum-Espresso/outputs/field_0/vdw-df2-c09/top/data/ldos.pp.dat453.xsf
     Plot Type: 3D                     Output format: XCrySDen     
     Reading data from file  /home/ubuntu/projects/Graphene-Band-Structure-Quantum-Espresso/outputs/field_0/vdw-df2-c09/top/data/ldos.pp.dat454

     Writing data to be plotted to file /home/ubuntu/projects/Graphene-Band-Structure-Quantum-Espresso/outputs/field_0/vdw-df2-c09/top/data/ldos.pp.dat454.xsf
     Plot Type: 3D                     Output format: XCrySDen     
     Reading data from file  /home/ubuntu/projects/Graphene-Band-Structure-Quantum-Espresso/outputs/field_0/vdw-df2-c09/top/data/ldos.pp.dat455

     Writing data to be plotted to file /home/ubuntu/projects/Graphene-Band-Structure-Quantum-Espresso/outputs/field_0/vdw-df2-c09/top/data/ldos.pp.dat455.xsf
     Plot Type: 3D                     Output format: XCrySDen     
     Reading data from file  /home/ubuntu/projects/Graphene-Band-Structure-Quantum-Espresso/outputs/field_0/vdw-df2-c09/top/data/ldos.pp.dat456

     Writing data to be plotted to file /home/ubuntu/projects/Graphene-Band-Structure-Quantum-Espresso/outputs/field_0/vdw-df2-c09/top/data/ldos.pp.dat456.xsf
     Plot Type: 3D                     Output format: XCrySDen     
     Reading data from file  /home/ubuntu/projects/Graphene-Band-Structure-Quantum-Espresso/outputs/field_0/vdw-df2-c09/top/data/ldos.pp.dat457

     Writing data to be plotted to file /home/ubuntu/projects/Graphene-Band-Structure-Quantum-Espresso/outputs/field_0/vdw-df2-c09/top/data/ldos.pp.dat457.xsf
     Plot Type: 3D                     Output format: XCrySDen     
     Reading data from file  /home/ubuntu/projects/Graphene-Band-Structure-Quantum-Espresso/outputs/field_0/vdw-df2-c09/top/data/ldos.pp.dat458

     Writing data to be plotted to file /home/ubuntu/projects/Graphene-Band-Structure-Quantum-Espresso/outputs/field_0/vdw-df2-c09/top/data/ldos.pp.dat458.xsf
     Plot Type: 3D                     Output format: XCrySDen     
     Reading data from file  /home/ubuntu/projects/Graphene-Band-Structure-Quantum-Espresso/outputs/field_0/vdw-df2-c09/top/data/ldos.pp.dat459

     Writing data to be plotted to file /home/ubuntu/projects/Graphene-Band-Structure-Quantum-Espresso/outputs/field_0/vdw-df2-c09/top/data/ldos.pp.dat459.xsf
     Plot Type: 3D                     Output format: XCrySDen     
     Reading data from file  /home/ubuntu/projects/Graphene-Band-Structure-Quantum-Espresso/outputs/field_0/vdw-df2-c09/top/data/ldos.pp.dat460

     Writing data to be plotted to file /home/ubuntu/projects/Graphene-Band-Structure-Quantum-Espresso/outputs/field_0/vdw-df2-c09/top/data/ldos.pp.dat460.xsf
     Plot Type: 3D                     Output format: XCrySDen     
     Reading data from file  /home/ubuntu/projects/Graphene-Band-Structure-Quantum-Espresso/outputs/field_0/vdw-df2-c09/top/data/ldos.pp.dat461

     Writing data to be plotted to file /home/ubuntu/projects/Graphene-Band-Structure-Quantum-Espresso/outputs/field_0/vdw-df2-c09/top/data/ldos.pp.dat461.xsf
     Plot Type: 3D                     Output format: XCrySDen     
     Reading data from file  /home/ubuntu/projects/Graphene-Band-Structure-Quantum-Espresso/outputs/field_0/vdw-df2-c09/top/data/ldos.pp.dat462

     Writing data to be plotted to file /home/ubuntu/projects/Graphene-Band-Structure-Quantum-Espresso/outputs/field_0/vdw-df2-c09/top/data/ldos.pp.dat462.xsf
     Plot Type: 3D                     Output format: XCrySDen     
     Reading data from file  /home/ubuntu/projects/Graphene-Band-Structure-Quantum-Espresso/outputs/field_0/vdw-df2-c09/top/data/ldos.pp.dat463

     Writing data to be plotted to file /home/ubuntu/projects/Graphene-Band-Structure-Quantum-Espresso/outputs/field_0/vdw-df2-c09/top/data/ldos.pp.dat463.xsf
     Plot Type: 3D                     Output format: XCrySDen     
     Reading data from file  /home/ubuntu/projects/Graphene-Band-Structure-Quantum-Espresso/outputs/field_0/vdw-df2-c09/top/data/ldos.pp.dat464

     Writing data to be plotted to file /home/ubuntu/projects/Graphene-Band-Structure-Quantum-Espresso/outputs/field_0/vdw-df2-c09/top/data/ldos.pp.dat464.xsf
     Plot Type: 3D                     Output format: XCrySDen     
     Reading data from file  /home/ubuntu/projects/Graphene-Band-Structure-Quantum-Espresso/outputs/field_0/vdw-df2-c09/top/data/ldos.pp.dat465

     Writing data to be plotted to file /home/ubuntu/projects/Graphene-Band-Structure-Quantum-Espresso/outputs/field_0/vdw-df2-c09/top/data/ldos.pp.dat465.xsf
     Plot Type: 3D                     Output format: XCrySDen     
     Reading data from file  /home/ubuntu/projects/Graphene-Band-Structure-Quantum-Espresso/outputs/field_0/vdw-df2-c09/top/data/ldos.pp.dat466

     Writing data to be plotted to file /home/ubuntu/projects/Graphene-Band-Structure-Quantum-Espresso/outputs/field_0/vdw-df2-c09/top/data/ldos.pp.dat466.xsf
     Plot Type: 3D                     Output format: XCrySDen     
     Reading data from file  /home/ubuntu/projects/Graphene-Band-Structure-Quantum-Espresso/outputs/field_0/vdw-df2-c09/top/data/ldos.pp.dat467

     Writing data to be plotted to file /home/ubuntu/projects/Graphene-Band-Structure-Quantum-Espresso/outputs/field_0/vdw-df2-c09/top/data/ldos.pp.dat467.xsf
     Plot Type: 3D                     Output format: XCrySDen     
     Reading data from file  /home/ubuntu/projects/Graphene-Band-Structure-Quantum-Espresso/outputs/field_0/vdw-df2-c09/top/data/ldos.pp.dat468

     Writing data to be plotted to file /home/ubuntu/projects/Graphene-Band-Structure-Quantum-Espresso/outputs/field_0/vdw-df2-c09/top/data/ldos.pp.dat468.xsf
     Plot Type: 3D                     Output format: XCrySDen     
     Reading data from file  /home/ubuntu/projects/Graphene-Band-Structure-Quantum-Espresso/outputs/field_0/vdw-df2-c09/top/data/ldos.pp.dat469

     Writing data to be plotted to file /home/ubuntu/projects/Graphene-Band-Structure-Quantum-Espresso/outputs/field_0/vdw-df2-c09/top/data/ldos.pp.dat469.xsf
     Plot Type: 3D                     Output format: XCrySDen     
     Reading data from file  /home/ubuntu/projects/Graphene-Band-Structure-Quantum-Espresso/outputs/field_0/vdw-df2-c09/top/data/ldos.pp.dat470

     Writing data to be plotted to file /home/ubuntu/projects/Graphene-Band-Structure-Quantum-Espresso/outputs/field_0/vdw-df2-c09/top/data/ldos.pp.dat470.xsf
     Plot Type: 3D                     Output format: XCrySDen     
     Reading data from file  /home/ubuntu/projects/Graphene-Band-Structure-Quantum-Espresso/outputs/field_0/vdw-df2-c09/top/data/ldos.pp.dat471

     Writing data to be plotted to file /home/ubuntu/projects/Graphene-Band-Structure-Quantum-Espresso/outputs/field_0/vdw-df2-c09/top/data/ldos.pp.dat471.xsf
     Plot Type: 3D                     Output format: XCrySDen     
     Reading data from file  /home/ubuntu/projects/Graphene-Band-Structure-Quantum-Espresso/outputs/field_0/vdw-df2-c09/top/data/ldos.pp.dat472

     Writing data to be plotted to file /home/ubuntu/projects/Graphene-Band-Structure-Quantum-Espresso/outputs/field_0/vdw-df2-c09/top/data/ldos.pp.dat472.xsf
     Plot Type: 3D                     Output format: XCrySDen     
     Reading data from file  /home/ubuntu/projects/Graphene-Band-Structure-Quantum-Espresso/outputs/field_0/vdw-df2-c09/top/data/ldos.pp.dat473

     Writing data to be plotted to file /home/ubuntu/projects/Graphene-Band-Structure-Quantum-Espresso/outputs/field_0/vdw-df2-c09/top/data/ldos.pp.dat473.xsf
     Plot Type: 3D                     Output format: XCrySDen     
     Reading data from file  /home/ubuntu/projects/Graphene-Band-Structure-Quantum-Espresso/outputs/field_0/vdw-df2-c09/top/data/ldos.pp.dat474

     Writing data to be plotted to file /home/ubuntu/projects/Graphene-Band-Structure-Quantum-Espresso/outputs/field_0/vdw-df2-c09/top/data/ldos.pp.dat474.xsf
     Plot Type: 3D                     Output format: XCrySDen     
     Reading data from file  /home/ubuntu/projects/Graphene-Band-Structure-Quantum-Espresso/outputs/field_0/vdw-df2-c09/top/data/ldos.pp.dat475

     Writing data to be plotted to file /home/ubuntu/projects/Graphene-Band-Structure-Quantum-Espresso/outputs/field_0/vdw-df2-c09/top/data/ldos.pp.dat475.xsf
     Plot Type: 3D                     Output format: XCrySDen     
     Reading data from file  /home/ubuntu/projects/Graphene-Band-Structure-Quantum-Espresso/outputs/field_0/vdw-df2-c09/top/data/ldos.pp.dat476

     Writing data to be plotted to file /home/ubuntu/projects/Graphene-Band-Structure-Quantum-Espresso/outputs/field_0/vdw-df2-c09/top/data/ldos.pp.dat476.xsf
     Plot Type: 3D                     Output format: XCrySDen     
     Reading data from file  /home/ubuntu/projects/Graphene-Band-Structure-Quantum-Espresso/outputs/field_0/vdw-df2-c09/top/data/ldos.pp.dat477

     Writing data to be plotted to file /home/ubuntu/projects/Graphene-Band-Structure-Quantum-Espresso/outputs/field_0/vdw-df2-c09/top/data/ldos.pp.dat477.xsf
     Plot Type: 3D                     Output format: XCrySDen     
     Reading data from file  /home/ubuntu/projects/Graphene-Band-Structure-Quantum-Espresso/outputs/field_0/vdw-df2-c09/top/data/ldos.pp.dat478

     Writing data to be plotted to file /home/ubuntu/projects/Graphene-Band-Structure-Quantum-Espresso/outputs/field_0/vdw-df2-c09/top/data/ldos.pp.dat478.xsf
     Plot Type: 3D                     Output format: XCrySDen     
     Reading data from file  /home/ubuntu/projects/Graphene-Band-Structure-Quantum-Espresso/outputs/field_0/vdw-df2-c09/top/data/ldos.pp.dat479

     Writing data to be plotted to file /home/ubuntu/projects/Graphene-Band-Structure-Quantum-Espresso/outputs/field_0/vdw-df2-c09/top/data/ldos.pp.dat479.xsf
     Plot Type: 3D                     Output format: XCrySDen     
     Reading data from file  /home/ubuntu/projects/Graphene-Band-Structure-Quantum-Espresso/outputs/field_0/vdw-df2-c09/top/data/ldos.pp.dat480

     Writing data to be plotted to file /home/ubuntu/projects/Graphene-Band-Structure-Quantum-Espresso/outputs/field_0/vdw-df2-c09/top/data/ldos.pp.dat480.xsf
     Plot Type: 3D                     Output format: XCrySDen     
     Reading data from file  /home/ubuntu/projects/Graphene-Band-Structure-Quantum-Espresso/outputs/field_0/vdw-df2-c09/top/data/ldos.pp.dat481

     Writing data to be plotted to file /home/ubuntu/projects/Graphene-Band-Structure-Quantum-Espresso/outputs/field_0/vdw-df2-c09/top/data/ldos.pp.dat481.xsf
     Plot Type: 3D                     Output format: XCrySDen     
     Reading data from file  /home/ubuntu/projects/Graphene-Band-Structure-Quantum-Espresso/outputs/field_0/vdw-df2-c09/top/data/ldos.pp.dat482

     Writing data to be plotted to file /home/ubuntu/projects/Graphene-Band-Structure-Quantum-Espresso/outputs/field_0/vdw-df2-c09/top/data/ldos.pp.dat482.xsf
     Plot Type: 3D                     Output format: XCrySDen     
     Reading data from file  /home/ubuntu/projects/Graphene-Band-Structure-Quantum-Espresso/outputs/field_0/vdw-df2-c09/top/data/ldos.pp.dat483

     Writing data to be plotted to file /home/ubuntu/projects/Graphene-Band-Structure-Quantum-Espresso/outputs/field_0/vdw-df2-c09/top/data/ldos.pp.dat483.xsf
     Plot Type: 3D                     Output format: XCrySDen     
     Reading data from file  /home/ubuntu/projects/Graphene-Band-Structure-Quantum-Espresso/outputs/field_0/vdw-df2-c09/top/data/ldos.pp.dat484

     Writing data to be plotted to file /home/ubuntu/projects/Graphene-Band-Structure-Quantum-Espresso/outputs/field_0/vdw-df2-c09/top/data/ldos.pp.dat484.xsf
     Plot Type: 3D                     Output format: XCrySDen     
     Reading data from file  /home/ubuntu/projects/Graphene-Band-Structure-Quantum-Espresso/outputs/field_0/vdw-df2-c09/top/data/ldos.pp.dat485

     Writing data to be plotted to file /home/ubuntu/projects/Graphene-Band-Structure-Quantum-Espresso/outputs/field_0/vdw-df2-c09/top/data/ldos.pp.dat485.xsf
     Plot Type: 3D                     Output format: XCrySDen     
     Reading data from file  /home/ubuntu/projects/Graphene-Band-Structure-Quantum-Espresso/outputs/field_0/vdw-df2-c09/top/data/ldos.pp.dat486

     Writing data to be plotted to file /home/ubuntu/projects/Graphene-Band-Structure-Quantum-Espresso/outputs/field_0/vdw-df2-c09/top/data/ldos.pp.dat486.xsf
     Plot Type: 3D                     Output format: XCrySDen     
     Reading data from file  /home/ubuntu/projects/Graphene-Band-Structure-Quantum-Espresso/outputs/field_0/vdw-df2-c09/top/data/ldos.pp.dat487

     Writing data to be plotted to file /home/ubuntu/projects/Graphene-Band-Structure-Quantum-Espresso/outputs/field_0/vdw-df2-c09/top/data/ldos.pp.dat487.xsf
     Plot Type: 3D                     Output format: XCrySDen     
     Reading data from file  /home/ubuntu/projects/Graphene-Band-Structure-Quantum-Espresso/outputs/field_0/vdw-df2-c09/top/data/ldos.pp.dat488

     Writing data to be plotted to file /home/ubuntu/projects/Graphene-Band-Structure-Quantum-Espresso/outputs/field_0/vdw-df2-c09/top/data/ldos.pp.dat488.xsf
     Plot Type: 3D                     Output format: XCrySDen     
     Reading data from file  /home/ubuntu/projects/Graphene-Band-Structure-Quantum-Espresso/outputs/field_0/vdw-df2-c09/top/data/ldos.pp.dat489

     Writing data to be plotted to file /home/ubuntu/projects/Graphene-Band-Structure-Quantum-Espresso/outputs/field_0/vdw-df2-c09/top/data/ldos.pp.dat489.xsf
     Plot Type: 3D                     Output format: XCrySDen     
     Reading data from file  /home/ubuntu/projects/Graphene-Band-Structure-Quantum-Espresso/outputs/field_0/vdw-df2-c09/top/data/ldos.pp.dat490

     Writing data to be plotted to file /home/ubuntu/projects/Graphene-Band-Structure-Quantum-Espresso/outputs/field_0/vdw-df2-c09/top/data/ldos.pp.dat490.xsf
     Plot Type: 3D                     Output format: XCrySDen     
     Reading data from file  /home/ubuntu/projects/Graphene-Band-Structure-Quantum-Espresso/outputs/field_0/vdw-df2-c09/top/data/ldos.pp.dat491

     Writing data to be plotted to file /home/ubuntu/projects/Graphene-Band-Structure-Quantum-Espresso/outputs/field_0/vdw-df2-c09/top/data/ldos.pp.dat491.xsf
     Plot Type: 3D                     Output format: XCrySDen     
     Reading data from file  /home/ubuntu/projects/Graphene-Band-Structure-Quantum-Espresso/outputs/field_0/vdw-df2-c09/top/data/ldos.pp.dat492

     Writing data to be plotted to file /home/ubuntu/projects/Graphene-Band-Structure-Quantum-Espresso/outputs/field_0/vdw-df2-c09/top/data/ldos.pp.dat492.xsf
     Plot Type: 3D                     Output format: XCrySDen     
     Reading data from file  /home/ubuntu/projects/Graphene-Band-Structure-Quantum-Espresso/outputs/field_0/vdw-df2-c09/top/data/ldos.pp.dat493

     Writing data to be plotted to file /home/ubuntu/projects/Graphene-Band-Structure-Quantum-Espresso/outputs/field_0/vdw-df2-c09/top/data/ldos.pp.dat493.xsf
     Plot Type: 3D                     Output format: XCrySDen     
     Reading data from file  /home/ubuntu/projects/Graphene-Band-Structure-Quantum-Espresso/outputs/field_0/vdw-df2-c09/top/data/ldos.pp.dat494

     Writing data to be plotted to file /home/ubuntu/projects/Graphene-Band-Structure-Quantum-Espresso/outputs/field_0/vdw-df2-c09/top/data/ldos.pp.dat494.xsf
     Plot Type: 3D                     Output format: XCrySDen     
     Reading data from file  /home/ubuntu/projects/Graphene-Band-Structure-Quantum-Espresso/outputs/field_0/vdw-df2-c09/top/data/ldos.pp.dat495

     Writing data to be plotted to file /home/ubuntu/projects/Graphene-Band-Structure-Quantum-Espresso/outputs/field_0/vdw-df2-c09/top/data/ldos.pp.dat495.xsf
     Plot Type: 3D                     Output format: XCrySDen     
     Reading data from file  /home/ubuntu/projects/Graphene-Band-Structure-Quantum-Espresso/outputs/field_0/vdw-df2-c09/top/data/ldos.pp.dat496

     Writing data to be plotted to file /home/ubuntu/projects/Graphene-Band-Structure-Quantum-Espresso/outputs/field_0/vdw-df2-c09/top/data/ldos.pp.dat496.xsf
     Plot Type: 3D                     Output format: XCrySDen     
     Reading data from file  /home/ubuntu/projects/Graphene-Band-Structure-Quantum-Espresso/outputs/field_0/vdw-df2-c09/top/data/ldos.pp.dat497

     Writing data to be plotted to file /home/ubuntu/projects/Graphene-Band-Structure-Quantum-Espresso/outputs/field_0/vdw-df2-c09/top/data/ldos.pp.dat497.xsf
     Plot Type: 3D                     Output format: XCrySDen     
     Reading data from file  /home/ubuntu/projects/Graphene-Band-Structure-Quantum-Espresso/outputs/field_0/vdw-df2-c09/top/data/ldos.pp.dat498

     Writing data to be plotted to file /home/ubuntu/projects/Graphene-Band-Structure-Quantum-Espresso/outputs/field_0/vdw-df2-c09/top/data/ldos.pp.dat498.xsf
     Plot Type: 3D                     Output format: XCrySDen     
     Reading data from file  /home/ubuntu/projects/Graphene-Band-Structure-Quantum-Espresso/outputs/field_0/vdw-df2-c09/top/data/ldos.pp.dat499

     Writing data to be plotted to file /home/ubuntu/projects/Graphene-Band-Structure-Quantum-Espresso/outputs/field_0/vdw-df2-c09/top/data/ldos.pp.dat499.xsf
     Plot Type: 3D                     Output format: XCrySDen     
     Reading data from file  /home/ubuntu/projects/Graphene-Band-Structure-Quantum-Espresso/outputs/field_0/vdw-df2-c09/top/data/ldos.pp.dat500

     Writing data to be plotted to file /home/ubuntu/projects/Graphene-Band-Structure-Quantum-Espresso/outputs/field_0/vdw-df2-c09/top/data/ldos.pp.dat500.xsf
     Plot Type: 3D                     Output format: XCrySDen     
     Reading data from file  /home/ubuntu/projects/Graphene-Band-Structure-Quantum-Espresso/outputs/field_0/vdw-df2-c09/top/data/ldos.pp.dat501

     Writing data to be plotted to file /home/ubuntu/projects/Graphene-Band-Structure-Quantum-Espresso/outputs/field_0/vdw-df2-c09/top/data/ldos.pp.dat501.xsf
     Plot Type: 3D                     Output format: XCrySDen     
     Reading data from file  /home/ubuntu/projects/Graphene-Band-Structure-Quantum-Espresso/outputs/field_0/vdw-df2-c09/top/data/ldos.pp.dat502

     Writing data to be plotted to file /home/ubuntu/projects/Graphene-Band-Structure-Quantum-Espresso/outputs/field_0/vdw-df2-c09/top/data/ldos.pp.dat502.xsf
     Plot Type: 3D                     Output format: XCrySDen     
     Reading data from file  /home/ubuntu/projects/Graphene-Band-Structure-Quantum-Espresso/outputs/field_0/vdw-df2-c09/top/data/ldos.pp.dat503

     Writing data to be plotted to file /home/ubuntu/projects/Graphene-Band-Structure-Quantum-Espresso/outputs/field_0/vdw-df2-c09/top/data/ldos.pp.dat503.xsf
     Plot Type: 3D                     Output format: XCrySDen     
     Reading data from file  /home/ubuntu/projects/Graphene-Band-Structure-Quantum-Espresso/outputs/field_0/vdw-df2-c09/top/data/ldos.pp.dat504

     Writing data to be plotted to file /home/ubuntu/projects/Graphene-Band-Structure-Quantum-Espresso/outputs/field_0/vdw-df2-c09/top/data/ldos.pp.dat504.xsf
     Plot Type: 3D                     Output format: XCrySDen     
     Reading data from file  /home/ubuntu/projects/Graphene-Band-Structure-Quantum-Espresso/outputs/field_0/vdw-df2-c09/top/data/ldos.pp.dat505

     Writing data to be plotted to file /home/ubuntu/projects/Graphene-Band-Structure-Quantum-Espresso/outputs/field_0/vdw-df2-c09/top/data/ldos.pp.dat505.xsf
     Plot Type: 3D                     Output format: XCrySDen     
     Reading data from file  /home/ubuntu/projects/Graphene-Band-Structure-Quantum-Espresso/outputs/field_0/vdw-df2-c09/top/data/ldos.pp.dat506

     Writing data to be plotted to file /home/ubuntu/projects/Graphene-Band-Structure-Quantum-Espresso/outputs/field_0/vdw-df2-c09/top/data/ldos.pp.dat506.xsf
     Plot Type: 3D                     Output format: XCrySDen     
     Reading data from file  /home/ubuntu/projects/Graphene-Band-Structure-Quantum-Espresso/outputs/field_0/vdw-df2-c09/top/data/ldos.pp.dat507

     Writing data to be plotted to file /home/ubuntu/projects/Graphene-Band-Structure-Quantum-Espresso/outputs/field_0/vdw-df2-c09/top/data/ldos.pp.dat507.xsf
     Plot Type: 3D                     Output format: XCrySDen     
     Reading data from file  /home/ubuntu/projects/Graphene-Band-Structure-Quantum-Espresso/outputs/field_0/vdw-df2-c09/top/data/ldos.pp.dat508

     Writing data to be plotted to file /home/ubuntu/projects/Graphene-Band-Structure-Quantum-Espresso/outputs/field_0/vdw-df2-c09/top/data/ldos.pp.dat508.xsf
     Plot Type: 3D                     Output format: XCrySDen     
     Reading data from file  /home/ubuntu/projects/Graphene-Band-Structure-Quantum-Espresso/outputs/field_0/vdw-df2-c09/top/data/ldos.pp.dat509

     Writing data to be plotted to file /home/ubuntu/projects/Graphene-Band-Structure-Quantum-Espresso/outputs/field_0/vdw-df2-c09/top/data/ldos.pp.dat509.xsf
     Plot Type: 3D                     Output format: XCrySDen     
     Reading data from file  /home/ubuntu/projects/Graphene-Band-Structure-Quantum-Espresso/outputs/field_0/vdw-df2-c09/top/data/ldos.pp.dat510

     Writing data to be plotted to file /home/ubuntu/projects/Graphene-Band-Structure-Quantum-Espresso/outputs/field_0/vdw-df2-c09/top/data/ldos.pp.dat510.xsf
     Plot Type: 3D                     Output format: XCrySDen     
     Reading data from file  /home/ubuntu/projects/Graphene-Band-Structure-Quantum-Espresso/outputs/field_0/vdw-df2-c09/top/data/ldos.pp.dat511

     Writing data to be plotted to file /home/ubuntu/projects/Graphene-Band-Structure-Quantum-Espresso/outputs/field_0/vdw-df2-c09/top/data/ldos.pp.dat511.xsf
     Plot Type: 3D                     Output format: XCrySDen     
     Reading data from file  /home/ubuntu/projects/Graphene-Band-Structure-Quantum-Espresso/outputs/field_0/vdw-df2-c09/top/data/ldos.pp.dat512

     Writing data to be plotted to file /home/ubuntu/projects/Graphene-Band-Structure-Quantum-Espresso/outputs/field_0/vdw-df2-c09/top/data/ldos.pp.dat512.xsf
     Plot Type: 3D                     Output format: XCrySDen     
     Reading data from file  /home/ubuntu/projects/Graphene-Band-Structure-Quantum-Espresso/outputs/field_0/vdw-df2-c09/top/data/ldos.pp.dat513

     Writing data to be plotted to file /home/ubuntu/projects/Graphene-Band-Structure-Quantum-Espresso/outputs/field_0/vdw-df2-c09/top/data/ldos.pp.dat513.xsf
     Plot Type: 3D                     Output format: XCrySDen     
     Reading data from file  /home/ubuntu/projects/Graphene-Band-Structure-Quantum-Espresso/outputs/field_0/vdw-df2-c09/top/data/ldos.pp.dat514

     Writing data to be plotted to file /home/ubuntu/projects/Graphene-Band-Structure-Quantum-Espresso/outputs/field_0/vdw-df2-c09/top/data/ldos.pp.dat514.xsf
     Plot Type: 3D                     Output format: XCrySDen     
     Reading data from file  /home/ubuntu/projects/Graphene-Band-Structure-Quantum-Espresso/outputs/field_0/vdw-df2-c09/top/data/ldos.pp.dat515

     Writing data to be plotted to file /home/ubuntu/projects/Graphene-Band-Structure-Quantum-Espresso/outputs/field_0/vdw-df2-c09/top/data/ldos.pp.dat515.xsf
     Plot Type: 3D                     Output format: XCrySDen     
     Reading data from file  /home/ubuntu/projects/Graphene-Band-Structure-Quantum-Espresso/outputs/field_0/vdw-df2-c09/top/data/ldos.pp.dat516

     Writing data to be plotted to file /home/ubuntu/projects/Graphene-Band-Structure-Quantum-Espresso/outputs/field_0/vdw-df2-c09/top/data/ldos.pp.dat516.xsf
     Plot Type: 3D                     Output format: XCrySDen     
     Reading data from file  /home/ubuntu/projects/Graphene-Band-Structure-Quantum-Espresso/outputs/field_0/vdw-df2-c09/top/data/ldos.pp.dat517

     Writing data to be plotted to file /home/ubuntu/projects/Graphene-Band-Structure-Quantum-Espresso/outputs/field_0/vdw-df2-c09/top/data/ldos.pp.dat517.xsf
     Plot Type: 3D                     Output format: XCrySDen     
     Reading data from file  /home/ubuntu/projects/Graphene-Band-Structure-Quantum-Espresso/outputs/field_0/vdw-df2-c09/top/data/ldos.pp.dat518

     Writing data to be plotted to file /home/ubuntu/projects/Graphene-Band-Structure-Quantum-Espresso/outputs/field_0/vdw-df2-c09/top/data/ldos.pp.dat518.xsf
     Plot Type: 3D                     Output format: XCrySDen     
     Reading data from file  /home/ubuntu/projects/Graphene-Band-Structure-Quantum-Espresso/outputs/field_0/vdw-df2-c09/top/data/ldos.pp.dat519

     Writing data to be plotted to file /home/ubuntu/projects/Graphene-Band-Structure-Quantum-Espresso/outputs/field_0/vdw-df2-c09/top/data/ldos.pp.dat519.xsf
     Plot Type: 3D                     Output format: XCrySDen     
     Reading data from file  /home/ubuntu/projects/Graphene-Band-Structure-Quantum-Espresso/outputs/field_0/vdw-df2-c09/top/data/ldos.pp.dat520

     Writing data to be plotted to file /home/ubuntu/projects/Graphene-Band-Structure-Quantum-Espresso/outputs/field_0/vdw-df2-c09/top/data/ldos.pp.dat520.xsf
     Plot Type: 3D                     Output format: XCrySDen     
     Reading data from file  /home/ubuntu/projects/Graphene-Band-Structure-Quantum-Espresso/outputs/field_0/vdw-df2-c09/top/data/ldos.pp.dat521

     Writing data to be plotted to file /home/ubuntu/projects/Graphene-Band-Structure-Quantum-Espresso/outputs/field_0/vdw-df2-c09/top/data/ldos.pp.dat521.xsf
     Plot Type: 3D                     Output format: XCrySDen     
     Reading data from file  /home/ubuntu/projects/Graphene-Band-Structure-Quantum-Espresso/outputs/field_0/vdw-df2-c09/top/data/ldos.pp.dat522

     Writing data to be plotted to file /home/ubuntu/projects/Graphene-Band-Structure-Quantum-Espresso/outputs/field_0/vdw-df2-c09/top/data/ldos.pp.dat522.xsf
     Plot Type: 3D                     Output format: XCrySDen     
     Reading data from file  /home/ubuntu/projects/Graphene-Band-Structure-Quantum-Espresso/outputs/field_0/vdw-df2-c09/top/data/ldos.pp.dat523

     Writing data to be plotted to file /home/ubuntu/projects/Graphene-Band-Structure-Quantum-Espresso/outputs/field_0/vdw-df2-c09/top/data/ldos.pp.dat523.xsf
     Plot Type: 3D                     Output format: XCrySDen     
     Reading data from file  /home/ubuntu/projects/Graphene-Band-Structure-Quantum-Espresso/outputs/field_0/vdw-df2-c09/top/data/ldos.pp.dat524

     Writing data to be plotted to file /home/ubuntu/projects/Graphene-Band-Structure-Quantum-Espresso/outputs/field_0/vdw-df2-c09/top/data/ldos.pp.dat524.xsf
     Plot Type: 3D                     Output format: XCrySDen     
     Reading data from file  /home/ubuntu/projects/Graphene-Band-Structure-Quantum-Espresso/outputs/field_0/vdw-df2-c09/top/data/ldos.pp.dat525

     Writing data to be plotted to file /home/ubuntu/projects/Graphene-Band-Structure-Quantum-Espresso/outputs/field_0/vdw-df2-c09/top/data/ldos.pp.dat525.xsf
     Plot Type: 3D                     Output format: XCrySDen     
     Reading data from file  /home/ubuntu/projects/Graphene-Band-Structure-Quantum-Espresso/outputs/field_0/vdw-df2-c09/top/data/ldos.pp.dat526

     Writing data to be plotted to file /home/ubuntu/projects/Graphene-Band-Structure-Quantum-Espresso/outputs/field_0/vdw-df2-c09/top/data/ldos.pp.dat526.xsf
     Plot Type: 3D                     Output format: XCrySDen     
     Reading data from file  /home/ubuntu/projects/Graphene-Band-Structure-Quantum-Espresso/outputs/field_0/vdw-df2-c09/top/data/ldos.pp.dat527

     Writing data to be plotted to file /home/ubuntu/projects/Graphene-Band-Structure-Quantum-Espresso/outputs/field_0/vdw-df2-c09/top/data/ldos.pp.dat527.xsf
     Plot Type: 3D                     Output format: XCrySDen     
     Reading data from file  /home/ubuntu/projects/Graphene-Band-Structure-Quantum-Espresso/outputs/field_0/vdw-df2-c09/top/data/ldos.pp.dat528

     Writing data to be plotted to file /home/ubuntu/projects/Graphene-Band-Structure-Quantum-Espresso/outputs/field_0/vdw-df2-c09/top/data/ldos.pp.dat528.xsf
     Plot Type: 3D                     Output format: XCrySDen     
     Reading data from file  /home/ubuntu/projects/Graphene-Band-Structure-Quantum-Espresso/outputs/field_0/vdw-df2-c09/top/data/ldos.pp.dat529

     Writing data to be plotted to file /home/ubuntu/projects/Graphene-Band-Structure-Quantum-Espresso/outputs/field_0/vdw-df2-c09/top/data/ldos.pp.dat529.xsf
     Plot Type: 3D                     Output format: XCrySDen     
     Reading data from file  /home/ubuntu/projects/Graphene-Band-Structure-Quantum-Espresso/outputs/field_0/vdw-df2-c09/top/data/ldos.pp.dat530

     Writing data to be plotted to file /home/ubuntu/projects/Graphene-Band-Structure-Quantum-Espresso/outputs/field_0/vdw-df2-c09/top/data/ldos.pp.dat530.xsf
     Plot Type: 3D                     Output format: XCrySDen     
     Reading data from file  /home/ubuntu/projects/Graphene-Band-Structure-Quantum-Espresso/outputs/field_0/vdw-df2-c09/top/data/ldos.pp.dat531

     Writing data to be plotted to file /home/ubuntu/projects/Graphene-Band-Structure-Quantum-Espresso/outputs/field_0/vdw-df2-c09/top/data/ldos.pp.dat531.xsf
     Plot Type: 3D                     Output format: XCrySDen     
     Reading data from file  /home/ubuntu/projects/Graphene-Band-Structure-Quantum-Espresso/outputs/field_0/vdw-df2-c09/top/data/ldos.pp.dat532

     Writing data to be plotted to file /home/ubuntu/projects/Graphene-Band-Structure-Quantum-Espresso/outputs/field_0/vdw-df2-c09/top/data/ldos.pp.dat532.xsf
     Plot Type: 3D                     Output format: XCrySDen     
     Reading data from file  /home/ubuntu/projects/Graphene-Band-Structure-Quantum-Espresso/outputs/field_0/vdw-df2-c09/top/data/ldos.pp.dat533

     Writing data to be plotted to file /home/ubuntu/projects/Graphene-Band-Structure-Quantum-Espresso/outputs/field_0/vdw-df2-c09/top/data/ldos.pp.dat533.xsf
     Plot Type: 3D                     Output format: XCrySDen     
     Reading data from file  /home/ubuntu/projects/Graphene-Band-Structure-Quantum-Espresso/outputs/field_0/vdw-df2-c09/top/data/ldos.pp.dat534

     Writing data to be plotted to file /home/ubuntu/projects/Graphene-Band-Structure-Quantum-Espresso/outputs/field_0/vdw-df2-c09/top/data/ldos.pp.dat534.xsf
     Plot Type: 3D                     Output format: XCrySDen     
     Reading data from file  /home/ubuntu/projects/Graphene-Band-Structure-Quantum-Espresso/outputs/field_0/vdw-df2-c09/top/data/ldos.pp.dat535

     Writing data to be plotted to file /home/ubuntu/projects/Graphene-Band-Structure-Quantum-Espresso/outputs/field_0/vdw-df2-c09/top/data/ldos.pp.dat535.xsf
     Plot Type: 3D                     Output format: XCrySDen     
     Reading data from file  /home/ubuntu/projects/Graphene-Band-Structure-Quantum-Espresso/outputs/field_0/vdw-df2-c09/top/data/ldos.pp.dat536

     Writing data to be plotted to file /home/ubuntu/projects/Graphene-Band-Structure-Quantum-Espresso/outputs/field_0/vdw-df2-c09/top/data/ldos.pp.dat536.xsf
     Plot Type: 3D                     Output format: XCrySDen     
     Reading data from file  /home/ubuntu/projects/Graphene-Band-Structure-Quantum-Espresso/outputs/field_0/vdw-df2-c09/top/data/ldos.pp.dat537

     Writing data to be plotted to file /home/ubuntu/projects/Graphene-Band-Structure-Quantum-Espresso/outputs/field_0/vdw-df2-c09/top/data/ldos.pp.dat537.xsf
     Plot Type: 3D                     Output format: XCrySDen     
     Reading data from file  /home/ubuntu/projects/Graphene-Band-Structure-Quantum-Espresso/outputs/field_0/vdw-df2-c09/top/data/ldos.pp.dat538

     Writing data to be plotted to file /home/ubuntu/projects/Graphene-Band-Structure-Quantum-Espresso/outputs/field_0/vdw-df2-c09/top/data/ldos.pp.dat538.xsf
     Plot Type: 3D                     Output format: XCrySDen     
     Reading data from file  /home/ubuntu/projects/Graphene-Band-Structure-Quantum-Espresso/outputs/field_0/vdw-df2-c09/top/data/ldos.pp.dat539

     Writing data to be plotted to file /home/ubuntu/projects/Graphene-Band-Structure-Quantum-Espresso/outputs/field_0/vdw-df2-c09/top/data/ldos.pp.dat539.xsf
     Plot Type: 3D                     Output format: XCrySDen     
     Reading data from file  /home/ubuntu/projects/Graphene-Band-Structure-Quantum-Espresso/outputs/field_0/vdw-df2-c09/top/data/ldos.pp.dat540

     Writing data to be plotted to file /home/ubuntu/projects/Graphene-Band-Structure-Quantum-Espresso/outputs/field_0/vdw-df2-c09/top/data/ldos.pp.dat540.xsf
     Plot Type: 3D                     Output format: XCrySDen     
     Reading data from file  /home/ubuntu/projects/Graphene-Band-Structure-Quantum-Espresso/outputs/field_0/vdw-df2-c09/top/data/ldos.pp.dat541

     Writing data to be plotted to file /home/ubuntu/projects/Graphene-Band-Structure-Quantum-Espresso/outputs/field_0/vdw-df2-c09/top/data/ldos.pp.dat541.xsf
     Plot Type: 3D                     Output format: XCrySDen     
     Reading data from file  /home/ubuntu/projects/Graphene-Band-Structure-Quantum-Espresso/outputs/field_0/vdw-df2-c09/top/data/ldos.pp.dat542

     Writing data to be plotted to file /home/ubuntu/projects/Graphene-Band-Structure-Quantum-Espresso/outputs/field_0/vdw-df2-c09/top/data/ldos.pp.dat542.xsf
     Plot Type: 3D                     Output format: XCrySDen     
     Reading data from file  /home/ubuntu/projects/Graphene-Band-Structure-Quantum-Espresso/outputs/field_0/vdw-df2-c09/top/data/ldos.pp.dat543

     Writing data to be plotted to file /home/ubuntu/projects/Graphene-Band-Structure-Quantum-Espresso/outputs/field_0/vdw-df2-c09/top/data/ldos.pp.dat543.xsf
     Plot Type: 3D                     Output format: XCrySDen     
     Reading data from file  /home/ubuntu/projects/Graphene-Band-Structure-Quantum-Espresso/outputs/field_0/vdw-df2-c09/top/data/ldos.pp.dat544

     Writing data to be plotted to file /home/ubuntu/projects/Graphene-Band-Structure-Quantum-Espresso/outputs/field_0/vdw-df2-c09/top/data/ldos.pp.dat544.xsf
     Plot Type: 3D                     Output format: XCrySDen     
     Reading data from file  /home/ubuntu/projects/Graphene-Band-Structure-Quantum-Espresso/outputs/field_0/vdw-df2-c09/top/data/ldos.pp.dat545

     Writing data to be plotted to file /home/ubuntu/projects/Graphene-Band-Structure-Quantum-Espresso/outputs/field_0/vdw-df2-c09/top/data/ldos.pp.dat545.xsf
     Plot Type: 3D                     Output format: XCrySDen     
     Reading data from file  /home/ubuntu/projects/Graphene-Band-Structure-Quantum-Espresso/outputs/field_0/vdw-df2-c09/top/data/ldos.pp.dat546

     Writing data to be plotted to file /home/ubuntu/projects/Graphene-Band-Structure-Quantum-Espresso/outputs/field_0/vdw-df2-c09/top/data/ldos.pp.dat546.xsf
     Plot Type: 3D                     Output format: XCrySDen     
     Reading data from file  /home/ubuntu/projects/Graphene-Band-Structure-Quantum-Espresso/outputs/field_0/vdw-df2-c09/top/data/ldos.pp.dat547

     Writing data to be plotted to file /home/ubuntu/projects/Graphene-Band-Structure-Quantum-Espresso/outputs/field_0/vdw-df2-c09/top/data/ldos.pp.dat547.xsf
     Plot Type: 3D                     Output format: XCrySDen     
     Reading data from file  /home/ubuntu/projects/Graphene-Band-Structure-Quantum-Espresso/outputs/field_0/vdw-df2-c09/top/data/ldos.pp.dat548

     Writing data to be plotted to file /home/ubuntu/projects/Graphene-Band-Structure-Quantum-Espresso/outputs/field_0/vdw-df2-c09/top/data/ldos.pp.dat548.xsf
     Plot Type: 3D                     Output format: XCrySDen     
     Reading data from file  /home/ubuntu/projects/Graphene-Band-Structure-Quantum-Espresso/outputs/field_0/vdw-df2-c09/top/data/ldos.pp.dat549

     Writing data to be plotted to file /home/ubuntu/projects/Graphene-Band-Structure-Quantum-Espresso/outputs/field_0/vdw-df2-c09/top/data/ldos.pp.dat549.xsf
     Plot Type: 3D                     Output format: XCrySDen     
     Reading data from file  /home/ubuntu/projects/Graphene-Band-Structure-Quantum-Espresso/outputs/field_0/vdw-df2-c09/top/data/ldos.pp.dat550

     Writing data to be plotted to file /home/ubuntu/projects/Graphene-Band-Structure-Quantum-Espresso/outputs/field_0/vdw-df2-c09/top/data/ldos.pp.dat550.xsf
     Plot Type: 3D                     Output format: XCrySDen     
     Reading data from file  /home/ubuntu/projects/Graphene-Band-Structure-Quantum-Espresso/outputs/field_0/vdw-df2-c09/top/data/ldos.pp.dat551

     Writing data to be plotted to file /home/ubuntu/projects/Graphene-Band-Structure-Quantum-Espresso/outputs/field_0/vdw-df2-c09/top/data/ldos.pp.dat551.xsf
     Plot Type: 3D                     Output format: XCrySDen     
     Reading data from file  /home/ubuntu/projects/Graphene-Band-Structure-Quantum-Espresso/outputs/field_0/vdw-df2-c09/top/data/ldos.pp.dat552

     Writing data to be plotted to file /home/ubuntu/projects/Graphene-Band-Structure-Quantum-Espresso/outputs/field_0/vdw-df2-c09/top/data/ldos.pp.dat552.xsf
     Plot Type: 3D                     Output format: XCrySDen     
     Reading data from file  /home/ubuntu/projects/Graphene-Band-Structure-Quantum-Espresso/outputs/field_0/vdw-df2-c09/top/data/ldos.pp.dat553

     Writing data to be plotted to file /home/ubuntu/projects/Graphene-Band-Structure-Quantum-Espresso/outputs/field_0/vdw-df2-c09/top/data/ldos.pp.dat553.xsf
     Plot Type: 3D                     Output format: XCrySDen     
     Reading data from file  /home/ubuntu/projects/Graphene-Band-Structure-Quantum-Espresso/outputs/field_0/vdw-df2-c09/top/data/ldos.pp.dat554

     Writing data to be plotted to file /home/ubuntu/projects/Graphene-Band-Structure-Quantum-Espresso/outputs/field_0/vdw-df2-c09/top/data/ldos.pp.dat554.xsf
     Plot Type: 3D                     Output format: XCrySDen     
     Reading data from file  /home/ubuntu/projects/Graphene-Band-Structure-Quantum-Espresso/outputs/field_0/vdw-df2-c09/top/data/ldos.pp.dat555

     Writing data to be plotted to file /home/ubuntu/projects/Graphene-Band-Structure-Quantum-Espresso/outputs/field_0/vdw-df2-c09/top/data/ldos.pp.dat555.xsf
     Plot Type: 3D                     Output format: XCrySDen     
     Reading data from file  /home/ubuntu/projects/Graphene-Band-Structure-Quantum-Espresso/outputs/field_0/vdw-df2-c09/top/data/ldos.pp.dat556

     Writing data to be plotted to file /home/ubuntu/projects/Graphene-Band-Structure-Quantum-Espresso/outputs/field_0/vdw-df2-c09/top/data/ldos.pp.dat556.xsf
     Plot Type: 3D                     Output format: XCrySDen     
     Reading data from file  /home/ubuntu/projects/Graphene-Band-Structure-Quantum-Espresso/outputs/field_0/vdw-df2-c09/top/data/ldos.pp.dat557

     Writing data to be plotted to file /home/ubuntu/projects/Graphene-Band-Structure-Quantum-Espresso/outputs/field_0/vdw-df2-c09/top/data/ldos.pp.dat557.xsf
     Plot Type: 3D                     Output format: XCrySDen     
     Reading data from file  /home/ubuntu/projects/Graphene-Band-Structure-Quantum-Espresso/outputs/field_0/vdw-df2-c09/top/data/ldos.pp.dat558

     Writing data to be plotted to file /home/ubuntu/projects/Graphene-Band-Structure-Quantum-Espresso/outputs/field_0/vdw-df2-c09/top/data/ldos.pp.dat558.xsf
     Plot Type: 3D                     Output format: XCrySDen     
     Reading data from file  /home/ubuntu/projects/Graphene-Band-Structure-Quantum-Espresso/outputs/field_0/vdw-df2-c09/top/data/ldos.pp.dat559

     Writing data to be plotted to file /home/ubuntu/projects/Graphene-Band-Structure-Quantum-Espresso/outputs/field_0/vdw-df2-c09/top/data/ldos.pp.dat559.xsf
     Plot Type: 3D                     Output format: XCrySDen     
     Reading data from file  /home/ubuntu/projects/Graphene-Band-Structure-Quantum-Espresso/outputs/field_0/vdw-df2-c09/top/data/ldos.pp.dat560

     Writing data to be plotted to file /home/ubuntu/projects/Graphene-Band-Structure-Quantum-Espresso/outputs/field_0/vdw-df2-c09/top/data/ldos.pp.dat560.xsf
     Plot Type: 3D                     Output format: XCrySDen     
     Reading data from file  /home/ubuntu/projects/Graphene-Band-Structure-Quantum-Espresso/outputs/field_0/vdw-df2-c09/top/data/ldos.pp.dat561

     Writing data to be plotted to file /home/ubuntu/projects/Graphene-Band-Structure-Quantum-Espresso/outputs/field_0/vdw-df2-c09/top/data/ldos.pp.dat561.xsf
     Plot Type: 3D                     Output format: XCrySDen     
     Reading data from file  /home/ubuntu/projects/Graphene-Band-Structure-Quantum-Espresso/outputs/field_0/vdw-df2-c09/top/data/ldos.pp.dat562

     Writing data to be plotted to file /home/ubuntu/projects/Graphene-Band-Structure-Quantum-Espresso/outputs/field_0/vdw-df2-c09/top/data/ldos.pp.dat562.xsf
     Plot Type: 3D                     Output format: XCrySDen     
     Reading data from file  /home/ubuntu/projects/Graphene-Band-Structure-Quantum-Espresso/outputs/field_0/vdw-df2-c09/top/data/ldos.pp.dat563

     Writing data to be plotted to file /home/ubuntu/projects/Graphene-Band-Structure-Quantum-Espresso/outputs/field_0/vdw-df2-c09/top/data/ldos.pp.dat563.xsf
     Plot Type: 3D                     Output format: XCrySDen     
     Reading data from file  /home/ubuntu/projects/Graphene-Band-Structure-Quantum-Espresso/outputs/field_0/vdw-df2-c09/top/data/ldos.pp.dat564

     Writing data to be plotted to file /home/ubuntu/projects/Graphene-Band-Structure-Quantum-Espresso/outputs/field_0/vdw-df2-c09/top/data/ldos.pp.dat564.xsf
     Plot Type: 3D                     Output format: XCrySDen     
     Reading data from file  /home/ubuntu/projects/Graphene-Band-Structure-Quantum-Espresso/outputs/field_0/vdw-df2-c09/top/data/ldos.pp.dat565

     Writing data to be plotted to file /home/ubuntu/projects/Graphene-Band-Structure-Quantum-Espresso/outputs/field_0/vdw-df2-c09/top/data/ldos.pp.dat565.xsf
     Plot Type: 3D                     Output format: XCrySDen     
     Reading data from file  /home/ubuntu/projects/Graphene-Band-Structure-Quantum-Espresso/outputs/field_0/vdw-df2-c09/top/data/ldos.pp.dat566

     Writing data to be plotted to file /home/ubuntu/projects/Graphene-Band-Structure-Quantum-Espresso/outputs/field_0/vdw-df2-c09/top/data/ldos.pp.dat566.xsf
     Plot Type: 3D                     Output format: XCrySDen     
     Reading data from file  /home/ubuntu/projects/Graphene-Band-Structure-Quantum-Espresso/outputs/field_0/vdw-df2-c09/top/data/ldos.pp.dat567

     Writing data to be plotted to file /home/ubuntu/projects/Graphene-Band-Structure-Quantum-Espresso/outputs/field_0/vdw-df2-c09/top/data/ldos.pp.dat567.xsf
     Plot Type: 3D                     Output format: XCrySDen     
     Reading data from file  /home/ubuntu/projects/Graphene-Band-Structure-Quantum-Espresso/outputs/field_0/vdw-df2-c09/top/data/ldos.pp.dat568

     Writing data to be plotted to file /home/ubuntu/projects/Graphene-Band-Structure-Quantum-Espresso/outputs/field_0/vdw-df2-c09/top/data/ldos.pp.dat568.xsf
     Plot Type: 3D                     Output format: XCrySDen     
     Reading data from file  /home/ubuntu/projects/Graphene-Band-Structure-Quantum-Espresso/outputs/field_0/vdw-df2-c09/top/data/ldos.pp.dat569

     Writing data to be plotted to file /home/ubuntu/projects/Graphene-Band-Structure-Quantum-Espresso/outputs/field_0/vdw-df2-c09/top/data/ldos.pp.dat569.xsf
     Plot Type: 3D                     Output format: XCrySDen     
     Reading data from file  /home/ubuntu/projects/Graphene-Band-Structure-Quantum-Espresso/outputs/field_0/vdw-df2-c09/top/data/ldos.pp.dat570

     Writing data to be plotted to file /home/ubuntu/projects/Graphene-Band-Structure-Quantum-Espresso/outputs/field_0/vdw-df2-c09/top/data/ldos.pp.dat570.xsf
     Plot Type: 3D                     Output format: XCrySDen     
     Reading data from file  /home/ubuntu/projects/Graphene-Band-Structure-Quantum-Espresso/outputs/field_0/vdw-df2-c09/top/data/ldos.pp.dat571

     Writing data to be plotted to file /home/ubuntu/projects/Graphene-Band-Structure-Quantum-Espresso/outputs/field_0/vdw-df2-c09/top/data/ldos.pp.dat571.xsf
     Plot Type: 3D                     Output format: XCrySDen     
     Reading data from file  /home/ubuntu/projects/Graphene-Band-Structure-Quantum-Espresso/outputs/field_0/vdw-df2-c09/top/data/ldos.pp.dat572

     Writing data to be plotted to file /home/ubuntu/projects/Graphene-Band-Structure-Quantum-Espresso/outputs/field_0/vdw-df2-c09/top/data/ldos.pp.dat572.xsf
     Plot Type: 3D                     Output format: XCrySDen     
     Reading data from file  /home/ubuntu/projects/Graphene-Band-Structure-Quantum-Espresso/outputs/field_0/vdw-df2-c09/top/data/ldos.pp.dat573

     Writing data to be plotted to file /home/ubuntu/projects/Graphene-Band-Structure-Quantum-Espresso/outputs/field_0/vdw-df2-c09/top/data/ldos.pp.dat573.xsf
     Plot Type: 3D                     Output format: XCrySDen     
     Reading data from file  /home/ubuntu/projects/Graphene-Band-Structure-Quantum-Espresso/outputs/field_0/vdw-df2-c09/top/data/ldos.pp.dat574

     Writing data to be plotted to file /home/ubuntu/projects/Graphene-Band-Structure-Quantum-Espresso/outputs/field_0/vdw-df2-c09/top/data/ldos.pp.dat574.xsf
     Plot Type: 3D                     Output format: XCrySDen     
     Reading data from file  /home/ubuntu/projects/Graphene-Band-Structure-Quantum-Espresso/outputs/field_0/vdw-df2-c09/top/data/ldos.pp.dat575

     Writing data to be plotted to file /home/ubuntu/projects/Graphene-Band-Structure-Quantum-Espresso/outputs/field_0/vdw-df2-c09/top/data/ldos.pp.dat575.xsf
     Plot Type: 3D                     Output format: XCrySDen     
     Reading data from file  /home/ubuntu/projects/Graphene-Band-Structure-Quantum-Espresso/outputs/field_0/vdw-df2-c09/top/data/ldos.pp.dat576

     Writing data to be plotted to file /home/ubuntu/projects/Graphene-Band-Structure-Quantum-Espresso/outputs/field_0/vdw-df2-c09/top/data/ldos.pp.dat576.xsf
     Plot Type: 3D                     Output format: XCrySDen     
     Reading data from file  /home/ubuntu/projects/Graphene-Band-Structure-Quantum-Espresso/outputs/field_0/vdw-df2-c09/top/data/ldos.pp.dat577

     Writing data to be plotted to file /home/ubuntu/projects/Graphene-Band-Structure-Quantum-Espresso/outputs/field_0/vdw-df2-c09/top/data/ldos.pp.dat577.xsf
     Plot Type: 3D                     Output format: XCrySDen     
     Reading data from file  /home/ubuntu/projects/Graphene-Band-Structure-Quantum-Espresso/outputs/field_0/vdw-df2-c09/top/data/ldos.pp.dat578

     Writing data to be plotted to file /home/ubuntu/projects/Graphene-Band-Structure-Quantum-Espresso/outputs/field_0/vdw-df2-c09/top/data/ldos.pp.dat578.xsf
     Plot Type: 3D                     Output format: XCrySDen     
     Reading data from file  /home/ubuntu/projects/Graphene-Band-Structure-Quantum-Espresso/outputs/field_0/vdw-df2-c09/top/data/ldos.pp.dat579

     Writing data to be plotted to file /home/ubuntu/projects/Graphene-Band-Structure-Quantum-Espresso/outputs/field_0/vdw-df2-c09/top/data/ldos.pp.dat579.xsf
     Plot Type: 3D                     Output format: XCrySDen     
     Reading data from file  /home/ubuntu/projects/Graphene-Band-Structure-Quantum-Espresso/outputs/field_0/vdw-df2-c09/top/data/ldos.pp.dat580

     Writing data to be plotted to file /home/ubuntu/projects/Graphene-Band-Structure-Quantum-Espresso/outputs/field_0/vdw-df2-c09/top/data/ldos.pp.dat580.xsf
     Plot Type: 3D                     Output format: XCrySDen     
     Reading data from file  /home/ubuntu/projects/Graphene-Band-Structure-Quantum-Espresso/outputs/field_0/vdw-df2-c09/top/data/ldos.pp.dat581

     Writing data to be plotted to file /home/ubuntu/projects/Graphene-Band-Structure-Quantum-Espresso/outputs/field_0/vdw-df2-c09/top/data/ldos.pp.dat581.xsf
     Plot Type: 3D                     Output format: XCrySDen     
     Reading data from file  /home/ubuntu/projects/Graphene-Band-Structure-Quantum-Espresso/outputs/field_0/vdw-df2-c09/top/data/ldos.pp.dat582

     Writing data to be plotted to file /home/ubuntu/projects/Graphene-Band-Structure-Quantum-Espresso/outputs/field_0/vdw-df2-c09/top/data/ldos.pp.dat582.xsf
     Plot Type: 3D                     Output format: XCrySDen     
     Reading data from file  /home/ubuntu/projects/Graphene-Band-Structure-Quantum-Espresso/outputs/field_0/vdw-df2-c09/top/data/ldos.pp.dat583

     Writing data to be plotted to file /home/ubuntu/projects/Graphene-Band-Structure-Quantum-Espresso/outputs/field_0/vdw-df2-c09/top/data/ldos.pp.dat583.xsf
     Plot Type: 3D                     Output format: XCrySDen     
     Reading data from file  /home/ubuntu/projects/Graphene-Band-Structure-Quantum-Espresso/outputs/field_0/vdw-df2-c09/top/data/ldos.pp.dat584

     Writing data to be plotted to file /home/ubuntu/projects/Graphene-Band-Structure-Quantum-Espresso/outputs/field_0/vdw-df2-c09/top/data/ldos.pp.dat584.xsf
     Plot Type: 3D                     Output format: XCrySDen     
     Reading data from file  /home/ubuntu/projects/Graphene-Band-Structure-Quantum-Espresso/outputs/field_0/vdw-df2-c09/top/data/ldos.pp.dat585

     Writing data to be plotted to file /home/ubuntu/projects/Graphene-Band-Structure-Quantum-Espresso/outputs/field_0/vdw-df2-c09/top/data/ldos.pp.dat585.xsf
     Plot Type: 3D                     Output format: XCrySDen     
     Reading data from file  /home/ubuntu/projects/Graphene-Band-Structure-Quantum-Espresso/outputs/field_0/vdw-df2-c09/top/data/ldos.pp.dat586

     Writing data to be plotted to file /home/ubuntu/projects/Graphene-Band-Structure-Quantum-Espresso/outputs/field_0/vdw-df2-c09/top/data/ldos.pp.dat586.xsf
     Plot Type: 3D                     Output format: XCrySDen     
     Reading data from file  /home/ubuntu/projects/Graphene-Band-Structure-Quantum-Espresso/outputs/field_0/vdw-df2-c09/top/data/ldos.pp.dat587

     Writing data to be plotted to file /home/ubuntu/projects/Graphene-Band-Structure-Quantum-Espresso/outputs/field_0/vdw-df2-c09/top/data/ldos.pp.dat587.xsf
     Plot Type: 3D                     Output format: XCrySDen     
     Reading data from file  /home/ubuntu/projects/Graphene-Band-Structure-Quantum-Espresso/outputs/field_0/vdw-df2-c09/top/data/ldos.pp.dat588

     Writing data to be plotted to file /home/ubuntu/projects/Graphene-Band-Structure-Quantum-Espresso/outputs/field_0/vdw-df2-c09/top/data/ldos.pp.dat588.xsf
     Plot Type: 3D                     Output format: XCrySDen     
     Reading data from file  /home/ubuntu/projects/Graphene-Band-Structure-Quantum-Espresso/outputs/field_0/vdw-df2-c09/top/data/ldos.pp.dat589

     Writing data to be plotted to file /home/ubuntu/projects/Graphene-Band-Structure-Quantum-Espresso/outputs/field_0/vdw-df2-c09/top/data/ldos.pp.dat589.xsf
     Plot Type: 3D                     Output format: XCrySDen     
     Reading data from file  /home/ubuntu/projects/Graphene-Band-Structure-Quantum-Espresso/outputs/field_0/vdw-df2-c09/top/data/ldos.pp.dat590

     Writing data to be plotted to file /home/ubuntu/projects/Graphene-Band-Structure-Quantum-Espresso/outputs/field_0/vdw-df2-c09/top/data/ldos.pp.dat590.xsf
     Plot Type: 3D                     Output format: XCrySDen     
     Reading data from file  /home/ubuntu/projects/Graphene-Band-Structure-Quantum-Espresso/outputs/field_0/vdw-df2-c09/top/data/ldos.pp.dat591

     Writing data to be plotted to file /home/ubuntu/projects/Graphene-Band-Structure-Quantum-Espresso/outputs/field_0/vdw-df2-c09/top/data/ldos.pp.dat591.xsf
     Plot Type: 3D                     Output format: XCrySDen     
     Reading data from file  /home/ubuntu/projects/Graphene-Band-Structure-Quantum-Espresso/outputs/field_0/vdw-df2-c09/top/data/ldos.pp.dat592

     Writing data to be plotted to file /home/ubuntu/projects/Graphene-Band-Structure-Quantum-Espresso/outputs/field_0/vdw-df2-c09/top/data/ldos.pp.dat592.xsf
     Plot Type: 3D                     Output format: XCrySDen     
     Reading data from file  /home/ubuntu/projects/Graphene-Band-Structure-Quantum-Espresso/outputs/field_0/vdw-df2-c09/top/data/ldos.pp.dat593

     Writing data to be plotted to file /home/ubuntu/projects/Graphene-Band-Structure-Quantum-Espresso/outputs/field_0/vdw-df2-c09/top/data/ldos.pp.dat593.xsf
     Plot Type: 3D                     Output format: XCrySDen     
     Reading data from file  /home/ubuntu/projects/Graphene-Band-Structure-Quantum-Espresso/outputs/field_0/vdw-df2-c09/top/data/ldos.pp.dat594

     Writing data to be plotted to file /home/ubuntu/projects/Graphene-Band-Structure-Quantum-Espresso/outputs/field_0/vdw-df2-c09/top/data/ldos.pp.dat594.xsf
     Plot Type: 3D                     Output format: XCrySDen     
     Reading data from file  /home/ubuntu/projects/Graphene-Band-Structure-Quantum-Espresso/outputs/field_0/vdw-df2-c09/top/data/ldos.pp.dat595

     Writing data to be plotted to file /home/ubuntu/projects/Graphene-Band-Structure-Quantum-Espresso/outputs/field_0/vdw-df2-c09/top/data/ldos.pp.dat595.xsf
     Plot Type: 3D                     Output format: XCrySDen     
     Reading data from file  /home/ubuntu/projects/Graphene-Band-Structure-Quantum-Espresso/outputs/field_0/vdw-df2-c09/top/data/ldos.pp.dat596

     Writing data to be plotted to file /home/ubuntu/projects/Graphene-Band-Structure-Quantum-Espresso/outputs/field_0/vdw-df2-c09/top/data/ldos.pp.dat596.xsf
     Plot Type: 3D                     Output format: XCrySDen     
     Reading data from file  /home/ubuntu/projects/Graphene-Band-Structure-Quantum-Espresso/outputs/field_0/vdw-df2-c09/top/data/ldos.pp.dat597

     Writing data to be plotted to file /home/ubuntu/projects/Graphene-Band-Structure-Quantum-Espresso/outputs/field_0/vdw-df2-c09/top/data/ldos.pp.dat597.xsf
     Plot Type: 3D                     Output format: XCrySDen     
     Reading data from file  /home/ubuntu/projects/Graphene-Band-Structure-Quantum-Espresso/outputs/field_0/vdw-df2-c09/top/data/ldos.pp.dat598

     Writing data to be plotted to file /home/ubuntu/projects/Graphene-Band-Structure-Quantum-Espresso/outputs/field_0/vdw-df2-c09/top/data/ldos.pp.dat598.xsf
     Plot Type: 3D                     Output format: XCrySDen     
     Reading data from file  /home/ubuntu/projects/Graphene-Band-Structure-Quantum-Espresso/outputs/field_0/vdw-df2-c09/top/data/ldos.pp.dat599

     Writing data to be plotted to file /home/ubuntu/projects/Graphene-Band-Structure-Quantum-Espresso/outputs/field_0/vdw-df2-c09/top/data/ldos.pp.dat599.xsf
     Plot Type: 3D                     Output format: XCrySDen     
     Reading data from file  /home/ubuntu/projects/Graphene-Band-Structure-Quantum-Espresso/outputs/field_0/vdw-df2-c09/top/data/ldos.pp.dat600

     Writing data to be plotted to file /home/ubuntu/projects/Graphene-Band-Structure-Quantum-Espresso/outputs/field_0/vdw-df2-c09/top/data/ldos.pp.dat600.xsf
     Plot Type: 3D                     Output format: XCrySDen     
     Reading data from file  /home/ubuntu/projects/Graphene-Band-Structure-Quantum-Espresso/outputs/field_0/vdw-df2-c09/top/data/ldos.pp.dat601

     Writing data to be plotted to file /home/ubuntu/projects/Graphene-Band-Structure-Quantum-Espresso/outputs/field_0/vdw-df2-c09/top/data/ldos.pp.dat601.xsf
     Plot Type: 3D                     Output format: XCrySDen     
     Reading data from file  /home/ubuntu/projects/Graphene-Band-Structure-Quantum-Espresso/outputs/field_0/vdw-df2-c09/top/data/ldos.pp.dat602

     Writing data to be plotted to file /home/ubuntu/projects/Graphene-Band-Structure-Quantum-Espresso/outputs/field_0/vdw-df2-c09/top/data/ldos.pp.dat602.xsf
     Plot Type: 3D                     Output format: XCrySDen     
     Reading data from file  /home/ubuntu/projects/Graphene-Band-Structure-Quantum-Espresso/outputs/field_0/vdw-df2-c09/top/data/ldos.pp.dat603

     Writing data to be plotted to file /home/ubuntu/projects/Graphene-Band-Structure-Quantum-Espresso/outputs/field_0/vdw-df2-c09/top/data/ldos.pp.dat603.xsf
     Plot Type: 3D                     Output format: XCrySDen     
     Reading data from file  /home/ubuntu/projects/Graphene-Band-Structure-Quantum-Espresso/outputs/field_0/vdw-df2-c09/top/data/ldos.pp.dat604

     Writing data to be plotted to file /home/ubuntu/projects/Graphene-Band-Structure-Quantum-Espresso/outputs/field_0/vdw-df2-c09/top/data/ldos.pp.dat604.xsf
     Plot Type: 3D                     Output format: XCrySDen     
     Reading data from file  /home/ubuntu/projects/Graphene-Band-Structure-Quantum-Espresso/outputs/field_0/vdw-df2-c09/top/data/ldos.pp.dat605

     Writing data to be plotted to file /home/ubuntu/projects/Graphene-Band-Structure-Quantum-Espresso/outputs/field_0/vdw-df2-c09/top/data/ldos.pp.dat605.xsf
     Plot Type: 3D                     Output format: XCrySDen     
     Reading data from file  /home/ubuntu/projects/Graphene-Band-Structure-Quantum-Espresso/outputs/field_0/vdw-df2-c09/top/data/ldos.pp.dat606

     Writing data to be plotted to file /home/ubuntu/projects/Graphene-Band-Structure-Quantum-Espresso/outputs/field_0/vdw-df2-c09/top/data/ldos.pp.dat606.xsf
     Plot Type: 3D                     Output format: XCrySDen     
     Reading data from file  /home/ubuntu/projects/Graphene-Band-Structure-Quantum-Espresso/outputs/field_0/vdw-df2-c09/top/data/ldos.pp.dat607

     Writing data to be plotted to file /home/ubuntu/projects/Graphene-Band-Structure-Quantum-Espresso/outputs/field_0/vdw-df2-c09/top/data/ldos.pp.dat607.xsf
     Plot Type: 3D                     Output format: XCrySDen     
     Reading data from file  /home/ubuntu/projects/Graphene-Band-Structure-Quantum-Espresso/outputs/field_0/vdw-df2-c09/top/data/ldos.pp.dat608

     Writing data to be plotted to file /home/ubuntu/projects/Graphene-Band-Structure-Quantum-Espresso/outputs/field_0/vdw-df2-c09/top/data/ldos.pp.dat608.xsf
     Plot Type: 3D                     Output format: XCrySDen     
     Reading data from file  /home/ubuntu/projects/Graphene-Band-Structure-Quantum-Espresso/outputs/field_0/vdw-df2-c09/top/data/ldos.pp.dat609

     Writing data to be plotted to file /home/ubuntu/projects/Graphene-Band-Structure-Quantum-Espresso/outputs/field_0/vdw-df2-c09/top/data/ldos.pp.dat609.xsf
     Plot Type: 3D                     Output format: XCrySDen     
     Reading data from file  /home/ubuntu/projects/Graphene-Band-Structure-Quantum-Espresso/outputs/field_0/vdw-df2-c09/top/data/ldos.pp.dat610

     Writing data to be plotted to file /home/ubuntu/projects/Graphene-Band-Structure-Quantum-Espresso/outputs/field_0/vdw-df2-c09/top/data/ldos.pp.dat610.xsf
     Plot Type: 3D                     Output format: XCrySDen     
     Reading data from file  /home/ubuntu/projects/Graphene-Band-Structure-Quantum-Espresso/outputs/field_0/vdw-df2-c09/top/data/ldos.pp.dat611

     Writing data to be plotted to file /home/ubuntu/projects/Graphene-Band-Structure-Quantum-Espresso/outputs/field_0/vdw-df2-c09/top/data/ldos.pp.dat611.xsf
     Plot Type: 3D                     Output format: XCrySDen     
     Reading data from file  /home/ubuntu/projects/Graphene-Band-Structure-Quantum-Espresso/outputs/field_0/vdw-df2-c09/top/data/ldos.pp.dat612

     Writing data to be plotted to file /home/ubuntu/projects/Graphene-Band-Structure-Quantum-Espresso/outputs/field_0/vdw-df2-c09/top/data/ldos.pp.dat612.xsf
     Plot Type: 3D                     Output format: XCrySDen     
     Reading data from file  /home/ubuntu/projects/Graphene-Band-Structure-Quantum-Espresso/outputs/field_0/vdw-df2-c09/top/data/ldos.pp.dat613

     Writing data to be plotted to file /home/ubuntu/projects/Graphene-Band-Structure-Quantum-Espresso/outputs/field_0/vdw-df2-c09/top/data/ldos.pp.dat613.xsf
     Plot Type: 3D                     Output format: XCrySDen     
     Reading data from file  /home/ubuntu/projects/Graphene-Band-Structure-Quantum-Espresso/outputs/field_0/vdw-df2-c09/top/data/ldos.pp.dat614

     Writing data to be plotted to file /home/ubuntu/projects/Graphene-Band-Structure-Quantum-Espresso/outputs/field_0/vdw-df2-c09/top/data/ldos.pp.dat614.xsf
     Plot Type: 3D                     Output format: XCrySDen     
     Reading data from file  /home/ubuntu/projects/Graphene-Band-Structure-Quantum-Espresso/outputs/field_0/vdw-df2-c09/top/data/ldos.pp.dat615

     Writing data to be plotted to file /home/ubuntu/projects/Graphene-Band-Structure-Quantum-Espresso/outputs/field_0/vdw-df2-c09/top/data/ldos.pp.dat615.xsf
     Plot Type: 3D                     Output format: XCrySDen     
     Reading data from file  /home/ubuntu/projects/Graphene-Band-Structure-Quantum-Espresso/outputs/field_0/vdw-df2-c09/top/data/ldos.pp.dat616

     Writing data to be plotted to file /home/ubuntu/projects/Graphene-Band-Structure-Quantum-Espresso/outputs/field_0/vdw-df2-c09/top/data/ldos.pp.dat616.xsf
     Plot Type: 3D                     Output format: XCrySDen     
     Reading data from file  /home/ubuntu/projects/Graphene-Band-Structure-Quantum-Espresso/outputs/field_0/vdw-df2-c09/top/data/ldos.pp.dat617

     Writing data to be plotted to file /home/ubuntu/projects/Graphene-Band-Structure-Quantum-Espresso/outputs/field_0/vdw-df2-c09/top/data/ldos.pp.dat617.xsf
     Plot Type: 3D                     Output format: XCrySDen     
     Reading data from file  /home/ubuntu/projects/Graphene-Band-Structure-Quantum-Espresso/outputs/field_0/vdw-df2-c09/top/data/ldos.pp.dat618

     Writing data to be plotted to file /home/ubuntu/projects/Graphene-Band-Structure-Quantum-Espresso/outputs/field_0/vdw-df2-c09/top/data/ldos.pp.dat618.xsf
     Plot Type: 3D                     Output format: XCrySDen     
     Reading data from file  /home/ubuntu/projects/Graphene-Band-Structure-Quantum-Espresso/outputs/field_0/vdw-df2-c09/top/data/ldos.pp.dat619

     Writing data to be plotted to file /home/ubuntu/projects/Graphene-Band-Structure-Quantum-Espresso/outputs/field_0/vdw-df2-c09/top/data/ldos.pp.dat619.xsf
     Plot Type: 3D                     Output format: XCrySDen     
     Reading data from file  /home/ubuntu/projects/Graphene-Band-Structure-Quantum-Espresso/outputs/field_0/vdw-df2-c09/top/data/ldos.pp.dat620

     Writing data to be plotted to file /home/ubuntu/projects/Graphene-Band-Structure-Quantum-Espresso/outputs/field_0/vdw-df2-c09/top/data/ldos.pp.dat620.xsf
     Plot Type: 3D                     Output format: XCrySDen     
     Reading data from file  /home/ubuntu/projects/Graphene-Band-Structure-Quantum-Espresso/outputs/field_0/vdw-df2-c09/top/data/ldos.pp.dat621

     Writing data to be plotted to file /home/ubuntu/projects/Graphene-Band-Structure-Quantum-Espresso/outputs/field_0/vdw-df2-c09/top/data/ldos.pp.dat621.xsf
     Plot Type: 3D                     Output format: XCrySDen     
     Reading data from file  /home/ubuntu/projects/Graphene-Band-Structure-Quantum-Espresso/outputs/field_0/vdw-df2-c09/top/data/ldos.pp.dat622

     Writing data to be plotted to file /home/ubuntu/projects/Graphene-Band-Structure-Quantum-Espresso/outputs/field_0/vdw-df2-c09/top/data/ldos.pp.dat622.xsf
     Plot Type: 3D                     Output format: XCrySDen     
     Reading data from file  /home/ubuntu/projects/Graphene-Band-Structure-Quantum-Espresso/outputs/field_0/vdw-df2-c09/top/data/ldos.pp.dat623

     Writing data to be plotted to file /home/ubuntu/projects/Graphene-Band-Structure-Quantum-Espresso/outputs/field_0/vdw-df2-c09/top/data/ldos.pp.dat623.xsf
     Plot Type: 3D                     Output format: XCrySDen     
     Reading data from file  /home/ubuntu/projects/Graphene-Band-Structure-Quantum-Espresso/outputs/field_0/vdw-df2-c09/top/data/ldos.pp.dat624

     Writing data to be plotted to file /home/ubuntu/projects/Graphene-Band-Structure-Quantum-Espresso/outputs/field_0/vdw-df2-c09/top/data/ldos.pp.dat624.xsf
     Plot Type: 3D                     Output format: XCrySDen     
     Reading data from file  /home/ubuntu/projects/Graphene-Band-Structure-Quantum-Espresso/outputs/field_0/vdw-df2-c09/top/data/ldos.pp.dat625

     Writing data to be plotted to file /home/ubuntu/projects/Graphene-Band-Structure-Quantum-Espresso/outputs/field_0/vdw-df2-c09/top/data/ldos.pp.dat625.xsf
     Plot Type: 3D                     Output format: XCrySDen     
     Reading data from file  /home/ubuntu/projects/Graphene-Band-Structure-Quantum-Espresso/outputs/field_0/vdw-df2-c09/top/data/ldos.pp.dat626

     Writing data to be plotted to file /home/ubuntu/projects/Graphene-Band-Structure-Quantum-Espresso/outputs/field_0/vdw-df2-c09/top/data/ldos.pp.dat626.xsf
     Plot Type: 3D                     Output format: XCrySDen     
     Reading data from file  /home/ubuntu/projects/Graphene-Band-Structure-Quantum-Espresso/outputs/field_0/vdw-df2-c09/top/data/ldos.pp.dat627

     Writing data to be plotted to file /home/ubuntu/projects/Graphene-Band-Structure-Quantum-Espresso/outputs/field_0/vdw-df2-c09/top/data/ldos.pp.dat627.xsf
     Plot Type: 3D                     Output format: XCrySDen     
     Reading data from file  /home/ubuntu/projects/Graphene-Band-Structure-Quantum-Espresso/outputs/field_0/vdw-df2-c09/top/data/ldos.pp.dat628

     Writing data to be plotted to file /home/ubuntu/projects/Graphene-Band-Structure-Quantum-Espresso/outputs/field_0/vdw-df2-c09/top/data/ldos.pp.dat628.xsf
     Plot Type: 3D                     Output format: XCrySDen     
     Reading data from file  /home/ubuntu/projects/Graphene-Band-Structure-Quantum-Espresso/outputs/field_0/vdw-df2-c09/top/data/ldos.pp.dat629

     Writing data to be plotted to file /home/ubuntu/projects/Graphene-Band-Structure-Quantum-Espresso/outputs/field_0/vdw-df2-c09/top/data/ldos.pp.dat629.xsf
     Plot Type: 3D                     Output format: XCrySDen     
     Reading data from file  /home/ubuntu/projects/Graphene-Band-Structure-Quantum-Espresso/outputs/field_0/vdw-df2-c09/top/data/ldos.pp.dat630

     Writing data to be plotted to file /home/ubuntu/projects/Graphene-Band-Structure-Quantum-Espresso/outputs/field_0/vdw-df2-c09/top/data/ldos.pp.dat630.xsf
     Plot Type: 3D                     Output format: XCrySDen     
     Reading data from file  /home/ubuntu/projects/Graphene-Band-Structure-Quantum-Espresso/outputs/field_0/vdw-df2-c09/top/data/ldos.pp.dat631

     Writing data to be plotted to file /home/ubuntu/projects/Graphene-Band-Structure-Quantum-Espresso/outputs/field_0/vdw-df2-c09/top/data/ldos.pp.dat631.xsf
     Plot Type: 3D                     Output format: XCrySDen     
     Reading data from file  /home/ubuntu/projects/Graphene-Band-Structure-Quantum-Espresso/outputs/field_0/vdw-df2-c09/top/data/ldos.pp.dat632

     Writing data to be plotted to file /home/ubuntu/projects/Graphene-Band-Structure-Quantum-Espresso/outputs/field_0/vdw-df2-c09/top/data/ldos.pp.dat632.xsf
     Plot Type: 3D                     Output format: XCrySDen     
     Reading data from file  /home/ubuntu/projects/Graphene-Band-Structure-Quantum-Espresso/outputs/field_0/vdw-df2-c09/top/data/ldos.pp.dat633

     Writing data to be plotted to file /home/ubuntu/projects/Graphene-Band-Structure-Quantum-Espresso/outputs/field_0/vdw-df2-c09/top/data/ldos.pp.dat633.xsf
     Plot Type: 3D                     Output format: XCrySDen     
     Reading data from file  /home/ubuntu/projects/Graphene-Band-Structure-Quantum-Espresso/outputs/field_0/vdw-df2-c09/top/data/ldos.pp.dat634

     Writing data to be plotted to file /home/ubuntu/projects/Graphene-Band-Structure-Quantum-Espresso/outputs/field_0/vdw-df2-c09/top/data/ldos.pp.dat634.xsf
     Plot Type: 3D                     Output format: XCrySDen     
     Reading data from file  /home/ubuntu/projects/Graphene-Band-Structure-Quantum-Espresso/outputs/field_0/vdw-df2-c09/top/data/ldos.pp.dat635

     Writing data to be plotted to file /home/ubuntu/projects/Graphene-Band-Structure-Quantum-Espresso/outputs/field_0/vdw-df2-c09/top/data/ldos.pp.dat635.xsf
     Plot Type: 3D                     Output format: XCrySDen     
     Reading data from file  /home/ubuntu/projects/Graphene-Band-Structure-Quantum-Espresso/outputs/field_0/vdw-df2-c09/top/data/ldos.pp.dat636

     Writing data to be plotted to file /home/ubuntu/projects/Graphene-Band-Structure-Quantum-Espresso/outputs/field_0/vdw-df2-c09/top/data/ldos.pp.dat636.xsf
     Plot Type: 3D                     Output format: XCrySDen     
     Reading data from file  /home/ubuntu/projects/Graphene-Band-Structure-Quantum-Espresso/outputs/field_0/vdw-df2-c09/top/data/ldos.pp.dat637

     Writing data to be plotted to file /home/ubuntu/projects/Graphene-Band-Structure-Quantum-Espresso/outputs/field_0/vdw-df2-c09/top/data/ldos.pp.dat637.xsf
     Plot Type: 3D                     Output format: XCrySDen     
     Reading data from file  /home/ubuntu/projects/Graphene-Band-Structure-Quantum-Espresso/outputs/field_0/vdw-df2-c09/top/data/ldos.pp.dat638

     Writing data to be plotted to file /home/ubuntu/projects/Graphene-Band-Structure-Quantum-Espresso/outputs/field_0/vdw-df2-c09/top/data/ldos.pp.dat638.xsf
     Plot Type: 3D                     Output format: XCrySDen     
     Reading data from file  /home/ubuntu/projects/Graphene-Band-Structure-Quantum-Espresso/outputs/field_0/vdw-df2-c09/top/data/ldos.pp.dat639

     Writing data to be plotted to file /home/ubuntu/projects/Graphene-Band-Structure-Quantum-Espresso/outputs/field_0/vdw-df2-c09/top/data/ldos.pp.dat639.xsf
     Plot Type: 3D                     Output format: XCrySDen     
     Reading data from file  /home/ubuntu/projects/Graphene-Band-Structure-Quantum-Espresso/outputs/field_0/vdw-df2-c09/top/data/ldos.pp.dat640

     Writing data to be plotted to file /home/ubuntu/projects/Graphene-Band-Structure-Quantum-Espresso/outputs/field_0/vdw-df2-c09/top/data/ldos.pp.dat640.xsf
     Plot Type: 3D                     Output format: XCrySDen     
     Reading data from file  /home/ubuntu/projects/Graphene-Band-Structure-Quantum-Espresso/outputs/field_0/vdw-df2-c09/top/data/ldos.pp.dat641

     Writing data to be plotted to file /home/ubuntu/projects/Graphene-Band-Structure-Quantum-Espresso/outputs/field_0/vdw-df2-c09/top/data/ldos.pp.dat641.xsf
     Plot Type: 3D                     Output format: XCrySDen     
     Reading data from file  /home/ubuntu/projects/Graphene-Band-Structure-Quantum-Espresso/outputs/field_0/vdw-df2-c09/top/data/ldos.pp.dat642

     Writing data to be plotted to file /home/ubuntu/projects/Graphene-Band-Structure-Quantum-Espresso/outputs/field_0/vdw-df2-c09/top/data/ldos.pp.dat642.xsf
     Plot Type: 3D                     Output format: XCrySDen     
     Reading data from file  /home/ubuntu/projects/Graphene-Band-Structure-Quantum-Espresso/outputs/field_0/vdw-df2-c09/top/data/ldos.pp.dat643

     Writing data to be plotted to file /home/ubuntu/projects/Graphene-Band-Structure-Quantum-Espresso/outputs/field_0/vdw-df2-c09/top/data/ldos.pp.dat643.xsf
     Plot Type: 3D                     Output format: XCrySDen     
     Reading data from file  /home/ubuntu/projects/Graphene-Band-Structure-Quantum-Espresso/outputs/field_0/vdw-df2-c09/top/data/ldos.pp.dat644

     Writing data to be plotted to file /home/ubuntu/projects/Graphene-Band-Structure-Quantum-Espresso/outputs/field_0/vdw-df2-c09/top/data/ldos.pp.dat644.xsf
     Plot Type: 3D                     Output format: XCrySDen     
     Reading data from file  /home/ubuntu/projects/Graphene-Band-Structure-Quantum-Espresso/outputs/field_0/vdw-df2-c09/top/data/ldos.pp.dat645

     Writing data to be plotted to file /home/ubuntu/projects/Graphene-Band-Structure-Quantum-Espresso/outputs/field_0/vdw-df2-c09/top/data/ldos.pp.dat645.xsf
     Plot Type: 3D                     Output format: XCrySDen     
     Reading data from file  /home/ubuntu/projects/Graphene-Band-Structure-Quantum-Espresso/outputs/field_0/vdw-df2-c09/top/data/ldos.pp.dat646

     Writing data to be plotted to file /home/ubuntu/projects/Graphene-Band-Structure-Quantum-Espresso/outputs/field_0/vdw-df2-c09/top/data/ldos.pp.dat646.xsf
     Plot Type: 3D                     Output format: XCrySDen     
     Reading data from file  /home/ubuntu/projects/Graphene-Band-Structure-Quantum-Espresso/outputs/field_0/vdw-df2-c09/top/data/ldos.pp.dat647

     Writing data to be plotted to file /home/ubuntu/projects/Graphene-Band-Structure-Quantum-Espresso/outputs/field_0/vdw-df2-c09/top/data/ldos.pp.dat647.xsf
     Plot Type: 3D                     Output format: XCrySDen     
     Reading data from file  /home/ubuntu/projects/Graphene-Band-Structure-Quantum-Espresso/outputs/field_0/vdw-df2-c09/top/data/ldos.pp.dat648

     Writing data to be plotted to file /home/ubuntu/projects/Graphene-Band-Structure-Quantum-Espresso/outputs/field_0/vdw-df2-c09/top/data/ldos.pp.dat648.xsf
     Plot Type: 3D                     Output format: XCrySDen     
     Reading data from file  /home/ubuntu/projects/Graphene-Band-Structure-Quantum-Espresso/outputs/field_0/vdw-df2-c09/top/data/ldos.pp.dat649

     Writing data to be plotted to file /home/ubuntu/projects/Graphene-Band-Structure-Quantum-Espresso/outputs/field_0/vdw-df2-c09/top/data/ldos.pp.dat649.xsf
     Plot Type: 3D                     Output format: XCrySDen     
     Reading data from file  /home/ubuntu/projects/Graphene-Band-Structure-Quantum-Espresso/outputs/field_0/vdw-df2-c09/top/data/ldos.pp.dat650

     Writing data to be plotted to file /home/ubuntu/projects/Graphene-Band-Structure-Quantum-Espresso/outputs/field_0/vdw-df2-c09/top/data/ldos.pp.dat650.xsf
     Plot Type: 3D                     Output format: XCrySDen     
     Reading data from file  /home/ubuntu/projects/Graphene-Band-Structure-Quantum-Espresso/outputs/field_0/vdw-df2-c09/top/data/ldos.pp.dat651

     Writing data to be plotted to file /home/ubuntu/projects/Graphene-Band-Structure-Quantum-Espresso/outputs/field_0/vdw-df2-c09/top/data/ldos.pp.dat651.xsf
     Plot Type: 3D                     Output format: XCrySDen     
     Reading data from file  /home/ubuntu/projects/Graphene-Band-Structure-Quantum-Espresso/outputs/field_0/vdw-df2-c09/top/data/ldos.pp.dat652

     Writing data to be plotted to file /home/ubuntu/projects/Graphene-Band-Structure-Quantum-Espresso/outputs/field_0/vdw-df2-c09/top/data/ldos.pp.dat652.xsf
     Plot Type: 3D                     Output format: XCrySDen     
     Reading data from file  /home/ubuntu/projects/Graphene-Band-Structure-Quantum-Espresso/outputs/field_0/vdw-df2-c09/top/data/ldos.pp.dat653

     Writing data to be plotted to file /home/ubuntu/projects/Graphene-Band-Structure-Quantum-Espresso/outputs/field_0/vdw-df2-c09/top/data/ldos.pp.dat653.xsf
     Plot Type: 3D                     Output format: XCrySDen     
     Reading data from file  /home/ubuntu/projects/Graphene-Band-Structure-Quantum-Espresso/outputs/field_0/vdw-df2-c09/top/data/ldos.pp.dat654

     Writing data to be plotted to file /home/ubuntu/projects/Graphene-Band-Structure-Quantum-Espresso/outputs/field_0/vdw-df2-c09/top/data/ldos.pp.dat654.xsf
     Plot Type: 3D                     Output format: XCrySDen     
     Reading data from file  /home/ubuntu/projects/Graphene-Band-Structure-Quantum-Espresso/outputs/field_0/vdw-df2-c09/top/data/ldos.pp.dat655

     Writing data to be plotted to file /home/ubuntu/projects/Graphene-Band-Structure-Quantum-Espresso/outputs/field_0/vdw-df2-c09/top/data/ldos.pp.dat655.xsf
     Plot Type: 3D                     Output format: XCrySDen     
     Reading data from file  /home/ubuntu/projects/Graphene-Band-Structure-Quantum-Espresso/outputs/field_0/vdw-df2-c09/top/data/ldos.pp.dat656

     Writing data to be plotted to file /home/ubuntu/projects/Graphene-Band-Structure-Quantum-Espresso/outputs/field_0/vdw-df2-c09/top/data/ldos.pp.dat656.xsf
     Plot Type: 3D                     Output format: XCrySDen     
     Reading data from file  /home/ubuntu/projects/Graphene-Band-Structure-Quantum-Espresso/outputs/field_0/vdw-df2-c09/top/data/ldos.pp.dat657

     Writing data to be plotted to file /home/ubuntu/projects/Graphene-Band-Structure-Quantum-Espresso/outputs/field_0/vdw-df2-c09/top/data/ldos.pp.dat657.xsf
     Plot Type: 3D                     Output format: XCrySDen     
     Reading data from file  /home/ubuntu/projects/Graphene-Band-Structure-Quantum-Espresso/outputs/field_0/vdw-df2-c09/top/data/ldos.pp.dat658

     Writing data to be plotted to file /home/ubuntu/projects/Graphene-Band-Structure-Quantum-Espresso/outputs/field_0/vdw-df2-c09/top/data/ldos.pp.dat658.xsf
     Plot Type: 3D                     Output format: XCrySDen     
     Reading data from file  /home/ubuntu/projects/Graphene-Band-Structure-Quantum-Espresso/outputs/field_0/vdw-df2-c09/top/data/ldos.pp.dat659

     Writing data to be plotted to file /home/ubuntu/projects/Graphene-Band-Structure-Quantum-Espresso/outputs/field_0/vdw-df2-c09/top/data/ldos.pp.dat659.xsf
     Plot Type: 3D                     Output format: XCrySDen     
     Reading data from file  /home/ubuntu/projects/Graphene-Band-Structure-Quantum-Espresso/outputs/field_0/vdw-df2-c09/top/data/ldos.pp.dat660

     Writing data to be plotted to file /home/ubuntu/projects/Graphene-Band-Structure-Quantum-Espresso/outputs/field_0/vdw-df2-c09/top/data/ldos.pp.dat660.xsf
     Plot Type: 3D                     Output format: XCrySDen     
     Reading data from file  /home/ubuntu/projects/Graphene-Band-Structure-Quantum-Espresso/outputs/field_0/vdw-df2-c09/top/data/ldos.pp.dat661

     Writing data to be plotted to file /home/ubuntu/projects/Graphene-Band-Structure-Quantum-Espresso/outputs/field_0/vdw-df2-c09/top/data/ldos.pp.dat661.xsf
     Plot Type: 3D                     Output format: XCrySDen     
     Reading data from file  /home/ubuntu/projects/Graphene-Band-Structure-Quantum-Espresso/outputs/field_0/vdw-df2-c09/top/data/ldos.pp.dat662

     Writing data to be plotted to file /home/ubuntu/projects/Graphene-Band-Structure-Quantum-Espresso/outputs/field_0/vdw-df2-c09/top/data/ldos.pp.dat662.xsf
     Plot Type: 3D                     Output format: XCrySDen     
     Reading data from file  /home/ubuntu/projects/Graphene-Band-Structure-Quantum-Espresso/outputs/field_0/vdw-df2-c09/top/data/ldos.pp.dat663

     Writing data to be plotted to file /home/ubuntu/projects/Graphene-Band-Structure-Quantum-Espresso/outputs/field_0/vdw-df2-c09/top/data/ldos.pp.dat663.xsf
     Plot Type: 3D                     Output format: XCrySDen     
     Reading data from file  /home/ubuntu/projects/Graphene-Band-Structure-Quantum-Espresso/outputs/field_0/vdw-df2-c09/top/data/ldos.pp.dat664

     Writing data to be plotted to file /home/ubuntu/projects/Graphene-Band-Structure-Quantum-Espresso/outputs/field_0/vdw-df2-c09/top/data/ldos.pp.dat664.xsf
     Plot Type: 3D                     Output format: XCrySDen     
     Reading data from file  /home/ubuntu/projects/Graphene-Band-Structure-Quantum-Espresso/outputs/field_0/vdw-df2-c09/top/data/ldos.pp.dat665

     Writing data to be plotted to file /home/ubuntu/projects/Graphene-Band-Structure-Quantum-Espresso/outputs/field_0/vdw-df2-c09/top/data/ldos.pp.dat665.xsf
     Plot Type: 3D                     Output format: XCrySDen     
     Reading data from file  /home/ubuntu/projects/Graphene-Band-Structure-Quantum-Espresso/outputs/field_0/vdw-df2-c09/top/data/ldos.pp.dat666

     Writing data to be plotted to file /home/ubuntu/projects/Graphene-Band-Structure-Quantum-Espresso/outputs/field_0/vdw-df2-c09/top/data/ldos.pp.dat666.xsf
     Plot Type: 3D                     Output format: XCrySDen     
     Reading data from file  /home/ubuntu/projects/Graphene-Band-Structure-Quantum-Espresso/outputs/field_0/vdw-df2-c09/top/data/ldos.pp.dat667

     Writing data to be plotted to file /home/ubuntu/projects/Graphene-Band-Structure-Quantum-Espresso/outputs/field_0/vdw-df2-c09/top/data/ldos.pp.dat667.xsf
     Plot Type: 3D                     Output format: XCrySDen     
     Reading data from file  /home/ubuntu/projects/Graphene-Band-Structure-Quantum-Espresso/outputs/field_0/vdw-df2-c09/top/data/ldos.pp.dat668

     Writing data to be plotted to file /home/ubuntu/projects/Graphene-Band-Structure-Quantum-Espresso/outputs/field_0/vdw-df2-c09/top/data/ldos.pp.dat668.xsf
     Plot Type: 3D                     Output format: XCrySDen     
     Reading data from file  /home/ubuntu/projects/Graphene-Band-Structure-Quantum-Espresso/outputs/field_0/vdw-df2-c09/top/data/ldos.pp.dat669

     Writing data to be plotted to file /home/ubuntu/projects/Graphene-Band-Structure-Quantum-Espresso/outputs/field_0/vdw-df2-c09/top/data/ldos.pp.dat669.xsf
     Plot Type: 3D                     Output format: XCrySDen     
     Reading data from file  /home/ubuntu/projects/Graphene-Band-Structure-Quantum-Espresso/outputs/field_0/vdw-df2-c09/top/data/ldos.pp.dat670

     Writing data to be plotted to file /home/ubuntu/projects/Graphene-Band-Structure-Quantum-Espresso/outputs/field_0/vdw-df2-c09/top/data/ldos.pp.dat670.xsf
     Plot Type: 3D                     Output format: XCrySDen     
     Reading data from file  /home/ubuntu/projects/Graphene-Band-Structure-Quantum-Espresso/outputs/field_0/vdw-df2-c09/top/data/ldos.pp.dat671

     Writing data to be plotted to file /home/ubuntu/projects/Graphene-Band-Structure-Quantum-Espresso/outputs/field_0/vdw-df2-c09/top/data/ldos.pp.dat671.xsf
     Plot Type: 3D                     Output format: XCrySDen     
     Reading data from file  /home/ubuntu/projects/Graphene-Band-Structure-Quantum-Espresso/outputs/field_0/vdw-df2-c09/top/data/ldos.pp.dat672

     Writing data to be plotted to file /home/ubuntu/projects/Graphene-Band-Structure-Quantum-Espresso/outputs/field_0/vdw-df2-c09/top/data/ldos.pp.dat672.xsf
     Plot Type: 3D                     Output format: XCrySDen     
     Reading data from file  /home/ubuntu/projects/Graphene-Band-Structure-Quantum-Espresso/outputs/field_0/vdw-df2-c09/top/data/ldos.pp.dat673

     Writing data to be plotted to file /home/ubuntu/projects/Graphene-Band-Structure-Quantum-Espresso/outputs/field_0/vdw-df2-c09/top/data/ldos.pp.dat673.xsf
     Plot Type: 3D                     Output format: XCrySDen     
     Reading data from file  /home/ubuntu/projects/Graphene-Band-Structure-Quantum-Espresso/outputs/field_0/vdw-df2-c09/top/data/ldos.pp.dat674

     Writing data to be plotted to file /home/ubuntu/projects/Graphene-Band-Structure-Quantum-Espresso/outputs/field_0/vdw-df2-c09/top/data/ldos.pp.dat674.xsf
     Plot Type: 3D                     Output format: XCrySDen     
     Reading data from file  /home/ubuntu/projects/Graphene-Band-Structure-Quantum-Espresso/outputs/field_0/vdw-df2-c09/top/data/ldos.pp.dat675

     Writing data to be plotted to file /home/ubuntu/projects/Graphene-Band-Structure-Quantum-Espresso/outputs/field_0/vdw-df2-c09/top/data/ldos.pp.dat675.xsf
     Plot Type: 3D                     Output format: XCrySDen     
     Reading data from file  /home/ubuntu/projects/Graphene-Band-Structure-Quantum-Espresso/outputs/field_0/vdw-df2-c09/top/data/ldos.pp.dat676

     Writing data to be plotted to file /home/ubuntu/projects/Graphene-Band-Structure-Quantum-Espresso/outputs/field_0/vdw-df2-c09/top/data/ldos.pp.dat676.xsf
     Plot Type: 3D                     Output format: XCrySDen     
     Reading data from file  /home/ubuntu/projects/Graphene-Band-Structure-Quantum-Espresso/outputs/field_0/vdw-df2-c09/top/data/ldos.pp.dat677

     Writing data to be plotted to file /home/ubuntu/projects/Graphene-Band-Structure-Quantum-Espresso/outputs/field_0/vdw-df2-c09/top/data/ldos.pp.dat677.xsf
     Plot Type: 3D                     Output format: XCrySDen     
     Reading data from file  /home/ubuntu/projects/Graphene-Band-Structure-Quantum-Espresso/outputs/field_0/vdw-df2-c09/top/data/ldos.pp.dat678

     Writing data to be plotted to file /home/ubuntu/projects/Graphene-Band-Structure-Quantum-Espresso/outputs/field_0/vdw-df2-c09/top/data/ldos.pp.dat678.xsf
     Plot Type: 3D                     Output format: XCrySDen     
     Reading data from file  /home/ubuntu/projects/Graphene-Band-Structure-Quantum-Espresso/outputs/field_0/vdw-df2-c09/top/data/ldos.pp.dat679

     Writing data to be plotted to file /home/ubuntu/projects/Graphene-Band-Structure-Quantum-Espresso/outputs/field_0/vdw-df2-c09/top/data/ldos.pp.dat679.xsf
     Plot Type: 3D                     Output format: XCrySDen     
     Reading data from file  /home/ubuntu/projects/Graphene-Band-Structure-Quantum-Espresso/outputs/field_0/vdw-df2-c09/top/data/ldos.pp.dat680

     Writing data to be plotted to file /home/ubuntu/projects/Graphene-Band-Structure-Quantum-Espresso/outputs/field_0/vdw-df2-c09/top/data/ldos.pp.dat680.xsf
     Plot Type: 3D                     Output format: XCrySDen     
     Reading data from file  /home/ubuntu/projects/Graphene-Band-Structure-Quantum-Espresso/outputs/field_0/vdw-df2-c09/top/data/ldos.pp.dat681

     Writing data to be plotted to file /home/ubuntu/projects/Graphene-Band-Structure-Quantum-Espresso/outputs/field_0/vdw-df2-c09/top/data/ldos.pp.dat681.xsf
     Plot Type: 3D                     Output format: XCrySDen     
     Reading data from file  /home/ubuntu/projects/Graphene-Band-Structure-Quantum-Espresso/outputs/field_0/vdw-df2-c09/top/data/ldos.pp.dat682

     Writing data to be plotted to file /home/ubuntu/projects/Graphene-Band-Structure-Quantum-Espresso/outputs/field_0/vdw-df2-c09/top/data/ldos.pp.dat682.xsf
     Plot Type: 3D                     Output format: XCrySDen     
     Reading data from file  /home/ubuntu/projects/Graphene-Band-Structure-Quantum-Espresso/outputs/field_0/vdw-df2-c09/top/data/ldos.pp.dat683

     Writing data to be plotted to file /home/ubuntu/projects/Graphene-Band-Structure-Quantum-Espresso/outputs/field_0/vdw-df2-c09/top/data/ldos.pp.dat683.xsf
     Plot Type: 3D                     Output format: XCrySDen     
     Reading data from file  /home/ubuntu/projects/Graphene-Band-Structure-Quantum-Espresso/outputs/field_0/vdw-df2-c09/top/data/ldos.pp.dat684

     Writing data to be plotted to file /home/ubuntu/projects/Graphene-Band-Structure-Quantum-Espresso/outputs/field_0/vdw-df2-c09/top/data/ldos.pp.dat684.xsf
     Plot Type: 3D                     Output format: XCrySDen     
     Reading data from file  /home/ubuntu/projects/Graphene-Band-Structure-Quantum-Espresso/outputs/field_0/vdw-df2-c09/top/data/ldos.pp.dat685

     Writing data to be plotted to file /home/ubuntu/projects/Graphene-Band-Structure-Quantum-Espresso/outputs/field_0/vdw-df2-c09/top/data/ldos.pp.dat685.xsf
     Plot Type: 3D                     Output format: XCrySDen     
     Reading data from file  /home/ubuntu/projects/Graphene-Band-Structure-Quantum-Espresso/outputs/field_0/vdw-df2-c09/top/data/ldos.pp.dat686

     Writing data to be plotted to file /home/ubuntu/projects/Graphene-Band-Structure-Quantum-Espresso/outputs/field_0/vdw-df2-c09/top/data/ldos.pp.dat686.xsf
     Plot Type: 3D                     Output format: XCrySDen     
     Reading data from file  /home/ubuntu/projects/Graphene-Band-Structure-Quantum-Espresso/outputs/field_0/vdw-df2-c09/top/data/ldos.pp.dat687

     Writing data to be plotted to file /home/ubuntu/projects/Graphene-Band-Structure-Quantum-Espresso/outputs/field_0/vdw-df2-c09/top/data/ldos.pp.dat687.xsf
     Plot Type: 3D                     Output format: XCrySDen     
     Reading data from file  /home/ubuntu/projects/Graphene-Band-Structure-Quantum-Espresso/outputs/field_0/vdw-df2-c09/top/data/ldos.pp.dat688

     Writing data to be plotted to file /home/ubuntu/projects/Graphene-Band-Structure-Quantum-Espresso/outputs/field_0/vdw-df2-c09/top/data/ldos.pp.dat688.xsf
     Plot Type: 3D                     Output format: XCrySDen     
     Reading data from file  /home/ubuntu/projects/Graphene-Band-Structure-Quantum-Espresso/outputs/field_0/vdw-df2-c09/top/data/ldos.pp.dat689

     Writing data to be plotted to file /home/ubuntu/projects/Graphene-Band-Structure-Quantum-Espresso/outputs/field_0/vdw-df2-c09/top/data/ldos.pp.dat689.xsf
     Plot Type: 3D                     Output format: XCrySDen     
     Reading data from file  /home/ubuntu/projects/Graphene-Band-Structure-Quantum-Espresso/outputs/field_0/vdw-df2-c09/top/data/ldos.pp.dat690

     Writing data to be plotted to file /home/ubuntu/projects/Graphene-Band-Structure-Quantum-Espresso/outputs/field_0/vdw-df2-c09/top/data/ldos.pp.dat690.xsf
     Plot Type: 3D                     Output format: XCrySDen     
     Reading data from file  /home/ubuntu/projects/Graphene-Band-Structure-Quantum-Espresso/outputs/field_0/vdw-df2-c09/top/data/ldos.pp.dat691

     Writing data to be plotted to file /home/ubuntu/projects/Graphene-Band-Structure-Quantum-Espresso/outputs/field_0/vdw-df2-c09/top/data/ldos.pp.dat691.xsf
     Plot Type: 3D                     Output format: XCrySDen     
     Reading data from file  /home/ubuntu/projects/Graphene-Band-Structure-Quantum-Espresso/outputs/field_0/vdw-df2-c09/top/data/ldos.pp.dat692

     Writing data to be plotted to file /home/ubuntu/projects/Graphene-Band-Structure-Quantum-Espresso/outputs/field_0/vdw-df2-c09/top/data/ldos.pp.dat692.xsf
     Plot Type: 3D                     Output format: XCrySDen     
     Reading data from file  /home/ubuntu/projects/Graphene-Band-Structure-Quantum-Espresso/outputs/field_0/vdw-df2-c09/top/data/ldos.pp.dat693

     Writing data to be plotted to file /home/ubuntu/projects/Graphene-Band-Structure-Quantum-Espresso/outputs/field_0/vdw-df2-c09/top/data/ldos.pp.dat693.xsf
     Plot Type: 3D                     Output format: XCrySDen     
     Reading data from file  /home/ubuntu/projects/Graphene-Band-Structure-Quantum-Espresso/outputs/field_0/vdw-df2-c09/top/data/ldos.pp.dat694

     Writing data to be plotted to file /home/ubuntu/projects/Graphene-Band-Structure-Quantum-Espresso/outputs/field_0/vdw-df2-c09/top/data/ldos.pp.dat694.xsf
     Plot Type: 3D                     Output format: XCrySDen     
     Reading data from file  /home/ubuntu/projects/Graphene-Band-Structure-Quantum-Espresso/outputs/field_0/vdw-df2-c09/top/data/ldos.pp.dat695

     Writing data to be plotted to file /home/ubuntu/projects/Graphene-Band-Structure-Quantum-Espresso/outputs/field_0/vdw-df2-c09/top/data/ldos.pp.dat695.xsf
     Plot Type: 3D                     Output format: XCrySDen     
     Reading data from file  /home/ubuntu/projects/Graphene-Band-Structure-Quantum-Espresso/outputs/field_0/vdw-df2-c09/top/data/ldos.pp.dat696

     Writing data to be plotted to file /home/ubuntu/projects/Graphene-Band-Structure-Quantum-Espresso/outputs/field_0/vdw-df2-c09/top/data/ldos.pp.dat696.xsf
     Plot Type: 3D                     Output format: XCrySDen     
     Reading data from file  /home/ubuntu/projects/Graphene-Band-Structure-Quantum-Espresso/outputs/field_0/vdw-df2-c09/top/data/ldos.pp.dat697

     Writing data to be plotted to file /home/ubuntu/projects/Graphene-Band-Structure-Quantum-Espresso/outputs/field_0/vdw-df2-c09/top/data/ldos.pp.dat697.xsf
     Plot Type: 3D                     Output format: XCrySDen     
     Reading data from file  /home/ubuntu/projects/Graphene-Band-Structure-Quantum-Espresso/outputs/field_0/vdw-df2-c09/top/data/ldos.pp.dat698

     Writing data to be plotted to file /home/ubuntu/projects/Graphene-Band-Structure-Quantum-Espresso/outputs/field_0/vdw-df2-c09/top/data/ldos.pp.dat698.xsf
     Plot Type: 3D                     Output format: XCrySDen     
     Reading data from file  /home/ubuntu/projects/Graphene-Band-Structure-Quantum-Espresso/outputs/field_0/vdw-df2-c09/top/data/ldos.pp.dat699

     Writing data to be plotted to file /home/ubuntu/projects/Graphene-Band-Structure-Quantum-Espresso/outputs/field_0/vdw-df2-c09/top/data/ldos.pp.dat699.xsf
     Plot Type: 3D                     Output format: XCrySDen     
     Reading data from file  /home/ubuntu/projects/Graphene-Band-Structure-Quantum-Espresso/outputs/field_0/vdw-df2-c09/top/data/ldos.pp.dat700

     Writing data to be plotted to file /home/ubuntu/projects/Graphene-Band-Structure-Quantum-Espresso/outputs/field_0/vdw-df2-c09/top/data/ldos.pp.dat700.xsf
     Plot Type: 3D                     Output format: XCrySDen     
     Reading data from file  /home/ubuntu/projects/Graphene-Band-Structure-Quantum-Espresso/outputs/field_0/vdw-df2-c09/top/data/ldos.pp.dat701

     Writing data to be plotted to file /home/ubuntu/projects/Graphene-Band-Structure-Quantum-Espresso/outputs/field_0/vdw-df2-c09/top/data/ldos.pp.dat701.xsf
     Plot Type: 3D                     Output format: XCrySDen     
     Reading data from file  /home/ubuntu/projects/Graphene-Band-Structure-Quantum-Espresso/outputs/field_0/vdw-df2-c09/top/data/ldos.pp.dat702

     Writing data to be plotted to file /home/ubuntu/projects/Graphene-Band-Structure-Quantum-Espresso/outputs/field_0/vdw-df2-c09/top/data/ldos.pp.dat702.xsf
     Plot Type: 3D                     Output format: XCrySDen     
     Reading data from file  /home/ubuntu/projects/Graphene-Band-Structure-Quantum-Espresso/outputs/field_0/vdw-df2-c09/top/data/ldos.pp.dat703

     Writing data to be plotted to file /home/ubuntu/projects/Graphene-Band-Structure-Quantum-Espresso/outputs/field_0/vdw-df2-c09/top/data/ldos.pp.dat703.xsf
     Plot Type: 3D                     Output format: XCrySDen     
     Reading data from file  /home/ubuntu/projects/Graphene-Band-Structure-Quantum-Espresso/outputs/field_0/vdw-df2-c09/top/data/ldos.pp.dat704

     Writing data to be plotted to file /home/ubuntu/projects/Graphene-Band-Structure-Quantum-Espresso/outputs/field_0/vdw-df2-c09/top/data/ldos.pp.dat704.xsf
     Plot Type: 3D                     Output format: XCrySDen     
     Reading data from file  /home/ubuntu/projects/Graphene-Band-Structure-Quantum-Espresso/outputs/field_0/vdw-df2-c09/top/data/ldos.pp.dat705

     Writing data to be plotted to file /home/ubuntu/projects/Graphene-Band-Structure-Quantum-Espresso/outputs/field_0/vdw-df2-c09/top/data/ldos.pp.dat705.xsf
     Plot Type: 3D                     Output format: XCrySDen     
     Reading data from file  /home/ubuntu/projects/Graphene-Band-Structure-Quantum-Espresso/outputs/field_0/vdw-df2-c09/top/data/ldos.pp.dat706

     Writing data to be plotted to file /home/ubuntu/projects/Graphene-Band-Structure-Quantum-Espresso/outputs/field_0/vdw-df2-c09/top/data/ldos.pp.dat706.xsf
     Plot Type: 3D                     Output format: XCrySDen     
     Reading data from file  /home/ubuntu/projects/Graphene-Band-Structure-Quantum-Espresso/outputs/field_0/vdw-df2-c09/top/data/ldos.pp.dat707

     Writing data to be plotted to file /home/ubuntu/projects/Graphene-Band-Structure-Quantum-Espresso/outputs/field_0/vdw-df2-c09/top/data/ldos.pp.dat707.xsf
     Plot Type: 3D                     Output format: XCrySDen     
     Reading data from file  /home/ubuntu/projects/Graphene-Band-Structure-Quantum-Espresso/outputs/field_0/vdw-df2-c09/top/data/ldos.pp.dat708

     Writing data to be plotted to file /home/ubuntu/projects/Graphene-Band-Structure-Quantum-Espresso/outputs/field_0/vdw-df2-c09/top/data/ldos.pp.dat708.xsf
     Plot Type: 3D                     Output format: XCrySDen     
     Reading data from file  /home/ubuntu/projects/Graphene-Band-Structure-Quantum-Espresso/outputs/field_0/vdw-df2-c09/top/data/ldos.pp.dat709

     Writing data to be plotted to file /home/ubuntu/projects/Graphene-Band-Structure-Quantum-Espresso/outputs/field_0/vdw-df2-c09/top/data/ldos.pp.dat709.xsf
     Plot Type: 3D                     Output format: XCrySDen     
     Reading data from file  /home/ubuntu/projects/Graphene-Band-Structure-Quantum-Espresso/outputs/field_0/vdw-df2-c09/top/data/ldos.pp.dat710

     Writing data to be plotted to file /home/ubuntu/projects/Graphene-Band-Structure-Quantum-Espresso/outputs/field_0/vdw-df2-c09/top/data/ldos.pp.dat710.xsf
     Plot Type: 3D                     Output format: XCrySDen     
     Reading data from file  /home/ubuntu/projects/Graphene-Band-Structure-Quantum-Espresso/outputs/field_0/vdw-df2-c09/top/data/ldos.pp.dat711

     Writing data to be plotted to file /home/ubuntu/projects/Graphene-Band-Structure-Quantum-Espresso/outputs/field_0/vdw-df2-c09/top/data/ldos.pp.dat711.xsf
     Plot Type: 3D                     Output format: XCrySDen     
     Reading data from file  /home/ubuntu/projects/Graphene-Band-Structure-Quantum-Espresso/outputs/field_0/vdw-df2-c09/top/data/ldos.pp.dat712

     Writing data to be plotted to file /home/ubuntu/projects/Graphene-Band-Structure-Quantum-Espresso/outputs/field_0/vdw-df2-c09/top/data/ldos.pp.dat712.xsf
     Plot Type: 3D                     Output format: XCrySDen     
     Reading data from file  /home/ubuntu/projects/Graphene-Band-Structure-Quantum-Espresso/outputs/field_0/vdw-df2-c09/top/data/ldos.pp.dat713

     Writing data to be plotted to file /home/ubuntu/projects/Graphene-Band-Structure-Quantum-Espresso/outputs/field_0/vdw-df2-c09/top/data/ldos.pp.dat713.xsf
     Plot Type: 3D                     Output format: XCrySDen     
     Reading data from file  /home/ubuntu/projects/Graphene-Band-Structure-Quantum-Espresso/outputs/field_0/vdw-df2-c09/top/data/ldos.pp.dat714

     Writing data to be plotted to file /home/ubuntu/projects/Graphene-Band-Structure-Quantum-Espresso/outputs/field_0/vdw-df2-c09/top/data/ldos.pp.dat714.xsf
     Plot Type: 3D                     Output format: XCrySDen     
     Reading data from file  /home/ubuntu/projects/Graphene-Band-Structure-Quantum-Espresso/outputs/field_0/vdw-df2-c09/top/data/ldos.pp.dat715

     Writing data to be plotted to file /home/ubuntu/projects/Graphene-Band-Structure-Quantum-Espresso/outputs/field_0/vdw-df2-c09/top/data/ldos.pp.dat715.xsf
     Plot Type: 3D                     Output format: XCrySDen     
     Reading data from file  /home/ubuntu/projects/Graphene-Band-Structure-Quantum-Espresso/outputs/field_0/vdw-df2-c09/top/data/ldos.pp.dat716

     Writing data to be plotted to file /home/ubuntu/projects/Graphene-Band-Structure-Quantum-Espresso/outputs/field_0/vdw-df2-c09/top/data/ldos.pp.dat716.xsf
     Plot Type: 3D                     Output format: XCrySDen     
     Reading data from file  /home/ubuntu/projects/Graphene-Band-Structure-Quantum-Espresso/outputs/field_0/vdw-df2-c09/top/data/ldos.pp.dat717

     Writing data to be plotted to file /home/ubuntu/projects/Graphene-Band-Structure-Quantum-Espresso/outputs/field_0/vdw-df2-c09/top/data/ldos.pp.dat717.xsf
     Plot Type: 3D                     Output format: XCrySDen     
     Reading data from file  /home/ubuntu/projects/Graphene-Band-Structure-Quantum-Espresso/outputs/field_0/vdw-df2-c09/top/data/ldos.pp.dat718

     Writing data to be plotted to file /home/ubuntu/projects/Graphene-Band-Structure-Quantum-Espresso/outputs/field_0/vdw-df2-c09/top/data/ldos.pp.dat718.xsf
     Plot Type: 3D                     Output format: XCrySDen     
     Reading data from file  /home/ubuntu/projects/Graphene-Band-Structure-Quantum-Espresso/outputs/field_0/vdw-df2-c09/top/data/ldos.pp.dat719

     Writing data to be plotted to file /home/ubuntu/projects/Graphene-Band-Structure-Quantum-Espresso/outputs/field_0/vdw-df2-c09/top/data/ldos.pp.dat719.xsf
     Plot Type: 3D                     Output format: XCrySDen     
     Reading data from file  /home/ubuntu/projects/Graphene-Band-Structure-Quantum-Espresso/outputs/field_0/vdw-df2-c09/top/data/ldos.pp.dat720

     Writing data to be plotted to file /home/ubuntu/projects/Graphene-Band-Structure-Quantum-Espresso/outputs/field_0/vdw-df2-c09/top/data/ldos.pp.dat720.xsf
     Plot Type: 3D                     Output format: XCrySDen     
     Reading data from file  /home/ubuntu/projects/Graphene-Band-Structure-Quantum-Espresso/outputs/field_0/vdw-df2-c09/top/data/ldos.pp.dat721

     Writing data to be plotted to file /home/ubuntu/projects/Graphene-Band-Structure-Quantum-Espresso/outputs/field_0/vdw-df2-c09/top/data/ldos.pp.dat721.xsf
     Plot Type: 3D                     Output format: XCrySDen     
     Reading data from file  /home/ubuntu/projects/Graphene-Band-Structure-Quantum-Espresso/outputs/field_0/vdw-df2-c09/top/data/ldos.pp.dat722

     Writing data to be plotted to file /home/ubuntu/projects/Graphene-Band-Structure-Quantum-Espresso/outputs/field_0/vdw-df2-c09/top/data/ldos.pp.dat722.xsf
     Plot Type: 3D                     Output format: XCrySDen     
     Reading data from file  /home/ubuntu/projects/Graphene-Band-Structure-Quantum-Espresso/outputs/field_0/vdw-df2-c09/top/data/ldos.pp.dat723

     Writing data to be plotted to file /home/ubuntu/projects/Graphene-Band-Structure-Quantum-Espresso/outputs/field_0/vdw-df2-c09/top/data/ldos.pp.dat723.xsf
     Plot Type: 3D                     Output format: XCrySDen     
     Reading data from file  /home/ubuntu/projects/Graphene-Band-Structure-Quantum-Espresso/outputs/field_0/vdw-df2-c09/top/data/ldos.pp.dat724

     Writing data to be plotted to file /home/ubuntu/projects/Graphene-Band-Structure-Quantum-Espresso/outputs/field_0/vdw-df2-c09/top/data/ldos.pp.dat724.xsf
     Plot Type: 3D                     Output format: XCrySDen     
     Reading data from file  /home/ubuntu/projects/Graphene-Band-Structure-Quantum-Espresso/outputs/field_0/vdw-df2-c09/top/data/ldos.pp.dat725

     Writing data to be plotted to file /home/ubuntu/projects/Graphene-Band-Structure-Quantum-Espresso/outputs/field_0/vdw-df2-c09/top/data/ldos.pp.dat725.xsf
     Plot Type: 3D                     Output format: XCrySDen     
     Reading data from file  /home/ubuntu/projects/Graphene-Band-Structure-Quantum-Espresso/outputs/field_0/vdw-df2-c09/top/data/ldos.pp.dat726

     Writing data to be plotted to file /home/ubuntu/projects/Graphene-Band-Structure-Quantum-Espresso/outputs/field_0/vdw-df2-c09/top/data/ldos.pp.dat726.xsf
     Plot Type: 3D                     Output format: XCrySDen     
     Reading data from file  /home/ubuntu/projects/Graphene-Band-Structure-Quantum-Espresso/outputs/field_0/vdw-df2-c09/top/data/ldos.pp.dat727

     Writing data to be plotted to file /home/ubuntu/projects/Graphene-Band-Structure-Quantum-Espresso/outputs/field_0/vdw-df2-c09/top/data/ldos.pp.dat727.xsf
     Plot Type: 3D                     Output format: XCrySDen     
     Reading data from file  /home/ubuntu/projects/Graphene-Band-Structure-Quantum-Espresso/outputs/field_0/vdw-df2-c09/top/data/ldos.pp.dat728

     Writing data to be plotted to file /home/ubuntu/projects/Graphene-Band-Structure-Quantum-Espresso/outputs/field_0/vdw-df2-c09/top/data/ldos.pp.dat728.xsf
     Plot Type: 3D                     Output format: XCrySDen     
     Reading data from file  /home/ubuntu/projects/Graphene-Band-Structure-Quantum-Espresso/outputs/field_0/vdw-df2-c09/top/data/ldos.pp.dat729

     Writing data to be plotted to file /home/ubuntu/projects/Graphene-Band-Structure-Quantum-Espresso/outputs/field_0/vdw-df2-c09/top/data/ldos.pp.dat729.xsf
     Plot Type: 3D                     Output format: XCrySDen     
     Reading data from file  /home/ubuntu/projects/Graphene-Band-Structure-Quantum-Espresso/outputs/field_0/vdw-df2-c09/top/data/ldos.pp.dat730

     Writing data to be plotted to file /home/ubuntu/projects/Graphene-Band-Structure-Quantum-Espresso/outputs/field_0/vdw-df2-c09/top/data/ldos.pp.dat730.xsf
     Plot Type: 3D                     Output format: XCrySDen     
     Reading data from file  /home/ubuntu/projects/Graphene-Band-Structure-Quantum-Espresso/outputs/field_0/vdw-df2-c09/top/data/ldos.pp.dat731

     Writing data to be plotted to file /home/ubuntu/projects/Graphene-Band-Structure-Quantum-Espresso/outputs/field_0/vdw-df2-c09/top/data/ldos.pp.dat731.xsf
     Plot Type: 3D                     Output format: XCrySDen     
     Reading data from file  /home/ubuntu/projects/Graphene-Band-Structure-Quantum-Espresso/outputs/field_0/vdw-df2-c09/top/data/ldos.pp.dat732

     Writing data to be plotted to file /home/ubuntu/projects/Graphene-Band-Structure-Quantum-Espresso/outputs/field_0/vdw-df2-c09/top/data/ldos.pp.dat732.xsf
     Plot Type: 3D                     Output format: XCrySDen     
     Reading data from file  /home/ubuntu/projects/Graphene-Band-Structure-Quantum-Espresso/outputs/field_0/vdw-df2-c09/top/data/ldos.pp.dat733

     Writing data to be plotted to file /home/ubuntu/projects/Graphene-Band-Structure-Quantum-Espresso/outputs/field_0/vdw-df2-c09/top/data/ldos.pp.dat733.xsf
     Plot Type: 3D                     Output format: XCrySDen     
     Reading data from file  /home/ubuntu/projects/Graphene-Band-Structure-Quantum-Espresso/outputs/field_0/vdw-df2-c09/top/data/ldos.pp.dat734

     Writing data to be plotted to file /home/ubuntu/projects/Graphene-Band-Structure-Quantum-Espresso/outputs/field_0/vdw-df2-c09/top/data/ldos.pp.dat734.xsf
     Plot Type: 3D                     Output format: XCrySDen     
     Reading data from file  /home/ubuntu/projects/Graphene-Band-Structure-Quantum-Espresso/outputs/field_0/vdw-df2-c09/top/data/ldos.pp.dat735

     Writing data to be plotted to file /home/ubuntu/projects/Graphene-Band-Structure-Quantum-Espresso/outputs/field_0/vdw-df2-c09/top/data/ldos.pp.dat735.xsf
     Plot Type: 3D                     Output format: XCrySDen     
     Reading data from file  /home/ubuntu/projects/Graphene-Band-Structure-Quantum-Espresso/outputs/field_0/vdw-df2-c09/top/data/ldos.pp.dat736

     Writing data to be plotted to file /home/ubuntu/projects/Graphene-Band-Structure-Quantum-Espresso/outputs/field_0/vdw-df2-c09/top/data/ldos.pp.dat736.xsf
     Plot Type: 3D                     Output format: XCrySDen     
     Reading data from file  /home/ubuntu/projects/Graphene-Band-Structure-Quantum-Espresso/outputs/field_0/vdw-df2-c09/top/data/ldos.pp.dat737

     Writing data to be plotted to file /home/ubuntu/projects/Graphene-Band-Structure-Quantum-Espresso/outputs/field_0/vdw-df2-c09/top/data/ldos.pp.dat737.xsf
     Plot Type: 3D                     Output format: XCrySDen     
     Reading data from file  /home/ubuntu/projects/Graphene-Band-Structure-Quantum-Espresso/outputs/field_0/vdw-df2-c09/top/data/ldos.pp.dat738

     Writing data to be plotted to file /home/ubuntu/projects/Graphene-Band-Structure-Quantum-Espresso/outputs/field_0/vdw-df2-c09/top/data/ldos.pp.dat738.xsf
     Plot Type: 3D                     Output format: XCrySDen     
     Reading data from file  /home/ubuntu/projects/Graphene-Band-Structure-Quantum-Espresso/outputs/field_0/vdw-df2-c09/top/data/ldos.pp.dat739

     Writing data to be plotted to file /home/ubuntu/projects/Graphene-Band-Structure-Quantum-Espresso/outputs/field_0/vdw-df2-c09/top/data/ldos.pp.dat739.xsf
     Plot Type: 3D                     Output format: XCrySDen     
     Reading data from file  /home/ubuntu/projects/Graphene-Band-Structure-Quantum-Espresso/outputs/field_0/vdw-df2-c09/top/data/ldos.pp.dat740

     Writing data to be plotted to file /home/ubuntu/projects/Graphene-Band-Structure-Quantum-Espresso/outputs/field_0/vdw-df2-c09/top/data/ldos.pp.dat740.xsf
     Plot Type: 3D                     Output format: XCrySDen     
     Reading data from file  /home/ubuntu/projects/Graphene-Band-Structure-Quantum-Espresso/outputs/field_0/vdw-df2-c09/top/data/ldos.pp.dat741

     Writing data to be plotted to file /home/ubuntu/projects/Graphene-Band-Structure-Quantum-Espresso/outputs/field_0/vdw-df2-c09/top/data/ldos.pp.dat741.xsf
     Plot Type: 3D                     Output format: XCrySDen     
     Reading data from file  /home/ubuntu/projects/Graphene-Band-Structure-Quantum-Espresso/outputs/field_0/vdw-df2-c09/top/data/ldos.pp.dat742

     Writing data to be plotted to file /home/ubuntu/projects/Graphene-Band-Structure-Quantum-Espresso/outputs/field_0/vdw-df2-c09/top/data/ldos.pp.dat742.xsf
     Plot Type: 3D                     Output format: XCrySDen     
     Reading data from file  /home/ubuntu/projects/Graphene-Band-Structure-Quantum-Espresso/outputs/field_0/vdw-df2-c09/top/data/ldos.pp.dat743

     Writing data to be plotted to file /home/ubuntu/projects/Graphene-Band-Structure-Quantum-Espresso/outputs/field_0/vdw-df2-c09/top/data/ldos.pp.dat743.xsf
     Plot Type: 3D                     Output format: XCrySDen     
     Reading data from file  /home/ubuntu/projects/Graphene-Band-Structure-Quantum-Espresso/outputs/field_0/vdw-df2-c09/top/data/ldos.pp.dat744

     Writing data to be plotted to file /home/ubuntu/projects/Graphene-Band-Structure-Quantum-Espresso/outputs/field_0/vdw-df2-c09/top/data/ldos.pp.dat744.xsf
     Plot Type: 3D                     Output format: XCrySDen     
     Reading data from file  /home/ubuntu/projects/Graphene-Band-Structure-Quantum-Espresso/outputs/field_0/vdw-df2-c09/top/data/ldos.pp.dat745

     Writing data to be plotted to file /home/ubuntu/projects/Graphene-Band-Structure-Quantum-Espresso/outputs/field_0/vdw-df2-c09/top/data/ldos.pp.dat745.xsf
     Plot Type: 3D                     Output format: XCrySDen     
     Reading data from file  /home/ubuntu/projects/Graphene-Band-Structure-Quantum-Espresso/outputs/field_0/vdw-df2-c09/top/data/ldos.pp.dat746

     Writing data to be plotted to file /home/ubuntu/projects/Graphene-Band-Structure-Quantum-Espresso/outputs/field_0/vdw-df2-c09/top/data/ldos.pp.dat746.xsf
     Plot Type: 3D                     Output format: XCrySDen     
     Reading data from file  /home/ubuntu/projects/Graphene-Band-Structure-Quantum-Espresso/outputs/field_0/vdw-df2-c09/top/data/ldos.pp.dat747

     Writing data to be plotted to file /home/ubuntu/projects/Graphene-Band-Structure-Quantum-Espresso/outputs/field_0/vdw-df2-c09/top/data/ldos.pp.dat747.xsf
     Plot Type: 3D                     Output format: XCrySDen     
     Reading data from file  /home/ubuntu/projects/Graphene-Band-Structure-Quantum-Espresso/outputs/field_0/vdw-df2-c09/top/data/ldos.pp.dat748

     Writing data to be plotted to file /home/ubuntu/projects/Graphene-Band-Structure-Quantum-Espresso/outputs/field_0/vdw-df2-c09/top/data/ldos.pp.dat748.xsf
     Plot Type: 3D                     Output format: XCrySDen     
     Reading data from file  /home/ubuntu/projects/Graphene-Band-Structure-Quantum-Espresso/outputs/field_0/vdw-df2-c09/top/data/ldos.pp.dat749

     Writing data to be plotted to file /home/ubuntu/projects/Graphene-Band-Structure-Quantum-Espresso/outputs/field_0/vdw-df2-c09/top/data/ldos.pp.dat749.xsf
     Plot Type: 3D                     Output format: XCrySDen     
     Reading data from file  /home/ubuntu/projects/Graphene-Band-Structure-Quantum-Espresso/outputs/field_0/vdw-df2-c09/top/data/ldos.pp.dat750

     Writing data to be plotted to file /home/ubuntu/projects/Graphene-Band-Structure-Quantum-Espresso/outputs/field_0/vdw-df2-c09/top/data/ldos.pp.dat750.xsf
     Plot Type: 3D                     Output format: XCrySDen     
     Reading data from file  /home/ubuntu/projects/Graphene-Band-Structure-Quantum-Espresso/outputs/field_0/vdw-df2-c09/top/data/ldos.pp.dat751

     Writing data to be plotted to file /home/ubuntu/projects/Graphene-Band-Structure-Quantum-Espresso/outputs/field_0/vdw-df2-c09/top/data/ldos.pp.dat751.xsf
     Plot Type: 3D                     Output format: XCrySDen     
     Reading data from file  /home/ubuntu/projects/Graphene-Band-Structure-Quantum-Espresso/outputs/field_0/vdw-df2-c09/top/data/ldos.pp.dat752

     Writing data to be plotted to file /home/ubuntu/projects/Graphene-Band-Structure-Quantum-Espresso/outputs/field_0/vdw-df2-c09/top/data/ldos.pp.dat752.xsf
     Plot Type: 3D                     Output format: XCrySDen     
     Reading data from file  /home/ubuntu/projects/Graphene-Band-Structure-Quantum-Espresso/outputs/field_0/vdw-df2-c09/top/data/ldos.pp.dat753

     Writing data to be plotted to file /home/ubuntu/projects/Graphene-Band-Structure-Quantum-Espresso/outputs/field_0/vdw-df2-c09/top/data/ldos.pp.dat753.xsf
     Plot Type: 3D                     Output format: XCrySDen     
     Reading data from file  /home/ubuntu/projects/Graphene-Band-Structure-Quantum-Espresso/outputs/field_0/vdw-df2-c09/top/data/ldos.pp.dat754

     Writing data to be plotted to file /home/ubuntu/projects/Graphene-Band-Structure-Quantum-Espresso/outputs/field_0/vdw-df2-c09/top/data/ldos.pp.dat754.xsf
     Plot Type: 3D                     Output format: XCrySDen     
     Reading data from file  /home/ubuntu/projects/Graphene-Band-Structure-Quantum-Espresso/outputs/field_0/vdw-df2-c09/top/data/ldos.pp.dat755

     Writing data to be plotted to file /home/ubuntu/projects/Graphene-Band-Structure-Quantum-Espresso/outputs/field_0/vdw-df2-c09/top/data/ldos.pp.dat755.xsf
     Plot Type: 3D                     Output format: XCrySDen     
     Reading data from file  /home/ubuntu/projects/Graphene-Band-Structure-Quantum-Espresso/outputs/field_0/vdw-df2-c09/top/data/ldos.pp.dat756

     Writing data to be plotted to file /home/ubuntu/projects/Graphene-Band-Structure-Quantum-Espresso/outputs/field_0/vdw-df2-c09/top/data/ldos.pp.dat756.xsf
     Plot Type: 3D                     Output format: XCrySDen     
     Reading data from file  /home/ubuntu/projects/Graphene-Band-Structure-Quantum-Espresso/outputs/field_0/vdw-df2-c09/top/data/ldos.pp.dat757

     Writing data to be plotted to file /home/ubuntu/projects/Graphene-Band-Structure-Quantum-Espresso/outputs/field_0/vdw-df2-c09/top/data/ldos.pp.dat757.xsf
     Plot Type: 3D                     Output format: XCrySDen     
     Reading data from file  /home/ubuntu/projects/Graphene-Band-Structure-Quantum-Espresso/outputs/field_0/vdw-df2-c09/top/data/ldos.pp.dat758

     Writing data to be plotted to file /home/ubuntu/projects/Graphene-Band-Structure-Quantum-Espresso/outputs/field_0/vdw-df2-c09/top/data/ldos.pp.dat758.xsf
     Plot Type: 3D                     Output format: XCrySDen     
     Reading data from file  /home/ubuntu/projects/Graphene-Band-Structure-Quantum-Espresso/outputs/field_0/vdw-df2-c09/top/data/ldos.pp.dat759

     Writing data to be plotted to file /home/ubuntu/projects/Graphene-Band-Structure-Quantum-Espresso/outputs/field_0/vdw-df2-c09/top/data/ldos.pp.dat759.xsf
     Plot Type: 3D                     Output format: XCrySDen     
     Reading data from file  /home/ubuntu/projects/Graphene-Band-Structure-Quantum-Espresso/outputs/field_0/vdw-df2-c09/top/data/ldos.pp.dat760

     Writing data to be plotted to file /home/ubuntu/projects/Graphene-Band-Structure-Quantum-Espresso/outputs/field_0/vdw-df2-c09/top/data/ldos.pp.dat760.xsf
     Plot Type: 3D                     Output format: XCrySDen     
     Reading data from file  /home/ubuntu/projects/Graphene-Band-Structure-Quantum-Espresso/outputs/field_0/vdw-df2-c09/top/data/ldos.pp.dat761

     Writing data to be plotted to file /home/ubuntu/projects/Graphene-Band-Structure-Quantum-Espresso/outputs/field_0/vdw-df2-c09/top/data/ldos.pp.dat761.xsf
     Plot Type: 3D                     Output format: XCrySDen     
     Reading data from file  /home/ubuntu/projects/Graphene-Band-Structure-Quantum-Espresso/outputs/field_0/vdw-df2-c09/top/data/ldos.pp.dat762

     Writing data to be plotted to file /home/ubuntu/projects/Graphene-Band-Structure-Quantum-Espresso/outputs/field_0/vdw-df2-c09/top/data/ldos.pp.dat762.xsf
     Plot Type: 3D                     Output format: XCrySDen     
     Reading data from file  /home/ubuntu/projects/Graphene-Band-Structure-Quantum-Espresso/outputs/field_0/vdw-df2-c09/top/data/ldos.pp.dat763

     Writing data to be plotted to file /home/ubuntu/projects/Graphene-Band-Structure-Quantum-Espresso/outputs/field_0/vdw-df2-c09/top/data/ldos.pp.dat763.xsf
     Plot Type: 3D                     Output format: XCrySDen     
     Reading data from file  /home/ubuntu/projects/Graphene-Band-Structure-Quantum-Espresso/outputs/field_0/vdw-df2-c09/top/data/ldos.pp.dat764

     Writing data to be plotted to file /home/ubuntu/projects/Graphene-Band-Structure-Quantum-Espresso/outputs/field_0/vdw-df2-c09/top/data/ldos.pp.dat764.xsf
     Plot Type: 3D                     Output format: XCrySDen     
     Reading data from file  /home/ubuntu/projects/Graphene-Band-Structure-Quantum-Espresso/outputs/field_0/vdw-df2-c09/top/data/ldos.pp.dat765

     Writing data to be plotted to file /home/ubuntu/projects/Graphene-Band-Structure-Quantum-Espresso/outputs/field_0/vdw-df2-c09/top/data/ldos.pp.dat765.xsf
     Plot Type: 3D                     Output format: XCrySDen     
     Reading data from file  /home/ubuntu/projects/Graphene-Band-Structure-Quantum-Espresso/outputs/field_0/vdw-df2-c09/top/data/ldos.pp.dat766

     Writing data to be plotted to file /home/ubuntu/projects/Graphene-Band-Structure-Quantum-Espresso/outputs/field_0/vdw-df2-c09/top/data/ldos.pp.dat766.xsf
     Plot Type: 3D                     Output format: XCrySDen     
     Reading data from file  /home/ubuntu/projects/Graphene-Band-Structure-Quantum-Espresso/outputs/field_0/vdw-df2-c09/top/data/ldos.pp.dat767

     Writing data to be plotted to file /home/ubuntu/projects/Graphene-Band-Structure-Quantum-Espresso/outputs/field_0/vdw-df2-c09/top/data/ldos.pp.dat767.xsf
     Plot Type: 3D                     Output format: XCrySDen     
     Reading data from file  /home/ubuntu/projects/Graphene-Band-Structure-Quantum-Espresso/outputs/field_0/vdw-df2-c09/top/data/ldos.pp.dat768

     Writing data to be plotted to file /home/ubuntu/projects/Graphene-Band-Structure-Quantum-Espresso/outputs/field_0/vdw-df2-c09/top/data/ldos.pp.dat768.xsf
     Plot Type: 3D                     Output format: XCrySDen     
     Reading data from file  /home/ubuntu/projects/Graphene-Band-Structure-Quantum-Espresso/outputs/field_0/vdw-df2-c09/top/data/ldos.pp.dat769

     Writing data to be plotted to file /home/ubuntu/projects/Graphene-Band-Structure-Quantum-Espresso/outputs/field_0/vdw-df2-c09/top/data/ldos.pp.dat769.xsf
     Plot Type: 3D                     Output format: XCrySDen     
     Reading data from file  /home/ubuntu/projects/Graphene-Band-Structure-Quantum-Espresso/outputs/field_0/vdw-df2-c09/top/data/ldos.pp.dat770

     Writing data to be plotted to file /home/ubuntu/projects/Graphene-Band-Structure-Quantum-Espresso/outputs/field_0/vdw-df2-c09/top/data/ldos.pp.dat770.xsf
     Plot Type: 3D                     Output format: XCrySDen     
     Reading data from file  /home/ubuntu/projects/Graphene-Band-Structure-Quantum-Espresso/outputs/field_0/vdw-df2-c09/top/data/ldos.pp.dat771

     Writing data to be plotted to file /home/ubuntu/projects/Graphene-Band-Structure-Quantum-Espresso/outputs/field_0/vdw-df2-c09/top/data/ldos.pp.dat771.xsf
     Plot Type: 3D                     Output format: XCrySDen     
     Reading data from file  /home/ubuntu/projects/Graphene-Band-Structure-Quantum-Espresso/outputs/field_0/vdw-df2-c09/top/data/ldos.pp.dat772

     Writing data to be plotted to file /home/ubuntu/projects/Graphene-Band-Structure-Quantum-Espresso/outputs/field_0/vdw-df2-c09/top/data/ldos.pp.dat772.xsf
     Plot Type: 3D                     Output format: XCrySDen     
     Reading data from file  /home/ubuntu/projects/Graphene-Band-Structure-Quantum-Espresso/outputs/field_0/vdw-df2-c09/top/data/ldos.pp.dat773

     Writing data to be plotted to file /home/ubuntu/projects/Graphene-Band-Structure-Quantum-Espresso/outputs/field_0/vdw-df2-c09/top/data/ldos.pp.dat773.xsf
     Plot Type: 3D                     Output format: XCrySDen     
     Reading data from file  /home/ubuntu/projects/Graphene-Band-Structure-Quantum-Espresso/outputs/field_0/vdw-df2-c09/top/data/ldos.pp.dat774

     Writing data to be plotted to file /home/ubuntu/projects/Graphene-Band-Structure-Quantum-Espresso/outputs/field_0/vdw-df2-c09/top/data/ldos.pp.dat774.xsf
     Plot Type: 3D                     Output format: XCrySDen     
     Reading data from file  /home/ubuntu/projects/Graphene-Band-Structure-Quantum-Espresso/outputs/field_0/vdw-df2-c09/top/data/ldos.pp.dat775

     Writing data to be plotted to file /home/ubuntu/projects/Graphene-Band-Structure-Quantum-Espresso/outputs/field_0/vdw-df2-c09/top/data/ldos.pp.dat775.xsf
     Plot Type: 3D                     Output format: XCrySDen     
     Reading data from file  /home/ubuntu/projects/Graphene-Band-Structure-Quantum-Espresso/outputs/field_0/vdw-df2-c09/top/data/ldos.pp.dat776

     Writing data to be plotted to file /home/ubuntu/projects/Graphene-Band-Structure-Quantum-Espresso/outputs/field_0/vdw-df2-c09/top/data/ldos.pp.dat776.xsf
     Plot Type: 3D                     Output format: XCrySDen     
     Reading data from file  /home/ubuntu/projects/Graphene-Band-Structure-Quantum-Espresso/outputs/field_0/vdw-df2-c09/top/data/ldos.pp.dat777

     Writing data to be plotted to file /home/ubuntu/projects/Graphene-Band-Structure-Quantum-Espresso/outputs/field_0/vdw-df2-c09/top/data/ldos.pp.dat777.xsf
     Plot Type: 3D                     Output format: XCrySDen     
     Reading data from file  /home/ubuntu/projects/Graphene-Band-Structure-Quantum-Espresso/outputs/field_0/vdw-df2-c09/top/data/ldos.pp.dat778

     Writing data to be plotted to file /home/ubuntu/projects/Graphene-Band-Structure-Quantum-Espresso/outputs/field_0/vdw-df2-c09/top/data/ldos.pp.dat778.xsf
     Plot Type: 3D                     Output format: XCrySDen     
     Reading data from file  /home/ubuntu/projects/Graphene-Band-Structure-Quantum-Espresso/outputs/field_0/vdw-df2-c09/top/data/ldos.pp.dat779

     Writing data to be plotted to file /home/ubuntu/projects/Graphene-Band-Structure-Quantum-Espresso/outputs/field_0/vdw-df2-c09/top/data/ldos.pp.dat779.xsf
     Plot Type: 3D                     Output format: XCrySDen     
     Reading data from file  /home/ubuntu/projects/Graphene-Band-Structure-Quantum-Espresso/outputs/field_0/vdw-df2-c09/top/data/ldos.pp.dat780

     Writing data to be plotted to file /home/ubuntu/projects/Graphene-Band-Structure-Quantum-Espresso/outputs/field_0/vdw-df2-c09/top/data/ldos.pp.dat780.xsf
     Plot Type: 3D                     Output format: XCrySDen     
     Reading data from file  /home/ubuntu/projects/Graphene-Band-Structure-Quantum-Espresso/outputs/field_0/vdw-df2-c09/top/data/ldos.pp.dat781

     Writing data to be plotted to file /home/ubuntu/projects/Graphene-Band-Structure-Quantum-Espresso/outputs/field_0/vdw-df2-c09/top/data/ldos.pp.dat781.xsf
     Plot Type: 3D                     Output format: XCrySDen     
     Reading data from file  /home/ubuntu/projects/Graphene-Band-Structure-Quantum-Espresso/outputs/field_0/vdw-df2-c09/top/data/ldos.pp.dat782

     Writing data to be plotted to file /home/ubuntu/projects/Graphene-Band-Structure-Quantum-Espresso/outputs/field_0/vdw-df2-c09/top/data/ldos.pp.dat782.xsf
     Plot Type: 3D                     Output format: XCrySDen     
     Reading data from file  /home/ubuntu/projects/Graphene-Band-Structure-Quantum-Espresso/outputs/field_0/vdw-df2-c09/top/data/ldos.pp.dat783

     Writing data to be plotted to file /home/ubuntu/projects/Graphene-Band-Structure-Quantum-Espresso/outputs/field_0/vdw-df2-c09/top/data/ldos.pp.dat783.xsf
     Plot Type: 3D                     Output format: XCrySDen     
     Reading data from file  /home/ubuntu/projects/Graphene-Band-Structure-Quantum-Espresso/outputs/field_0/vdw-df2-c09/top/data/ldos.pp.dat784

     Writing data to be plotted to file /home/ubuntu/projects/Graphene-Band-Structure-Quantum-Espresso/outputs/field_0/vdw-df2-c09/top/data/ldos.pp.dat784.xsf
     Plot Type: 3D                     Output format: XCrySDen     
     Reading data from file  /home/ubuntu/projects/Graphene-Band-Structure-Quantum-Espresso/outputs/field_0/vdw-df2-c09/top/data/ldos.pp.dat785

     Writing data to be plotted to file /home/ubuntu/projects/Graphene-Band-Structure-Quantum-Espresso/outputs/field_0/vdw-df2-c09/top/data/ldos.pp.dat785.xsf
     Plot Type: 3D                     Output format: XCrySDen     
     Reading data from file  /home/ubuntu/projects/Graphene-Band-Structure-Quantum-Espresso/outputs/field_0/vdw-df2-c09/top/data/ldos.pp.dat786

     Writing data to be plotted to file /home/ubuntu/projects/Graphene-Band-Structure-Quantum-Espresso/outputs/field_0/vdw-df2-c09/top/data/ldos.pp.dat786.xsf
     Plot Type: 3D                     Output format: XCrySDen     
     Reading data from file  /home/ubuntu/projects/Graphene-Band-Structure-Quantum-Espresso/outputs/field_0/vdw-df2-c09/top/data/ldos.pp.dat787

     Writing data to be plotted to file /home/ubuntu/projects/Graphene-Band-Structure-Quantum-Espresso/outputs/field_0/vdw-df2-c09/top/data/ldos.pp.dat787.xsf
     Plot Type: 3D                     Output format: XCrySDen     
     Reading data from file  /home/ubuntu/projects/Graphene-Band-Structure-Quantum-Espresso/outputs/field_0/vdw-df2-c09/top/data/ldos.pp.dat788

     Writing data to be plotted to file /home/ubuntu/projects/Graphene-Band-Structure-Quantum-Espresso/outputs/field_0/vdw-df2-c09/top/data/ldos.pp.dat788.xsf
     Plot Type: 3D                     Output format: XCrySDen     
     Reading data from file  /home/ubuntu/projects/Graphene-Band-Structure-Quantum-Espresso/outputs/field_0/vdw-df2-c09/top/data/ldos.pp.dat789

     Writing data to be plotted to file /home/ubuntu/projects/Graphene-Band-Structure-Quantum-Espresso/outputs/field_0/vdw-df2-c09/top/data/ldos.pp.dat789.xsf
     Plot Type: 3D                     Output format: XCrySDen     
     Reading data from file  /home/ubuntu/projects/Graphene-Band-Structure-Quantum-Espresso/outputs/field_0/vdw-df2-c09/top/data/ldos.pp.dat790

     Writing data to be plotted to file /home/ubuntu/projects/Graphene-Band-Structure-Quantum-Espresso/outputs/field_0/vdw-df2-c09/top/data/ldos.pp.dat790.xsf
     Plot Type: 3D                     Output format: XCrySDen     
     Reading data from file  /home/ubuntu/projects/Graphene-Band-Structure-Quantum-Espresso/outputs/field_0/vdw-df2-c09/top/data/ldos.pp.dat791

     Writing data to be plotted to file /home/ubuntu/projects/Graphene-Band-Structure-Quantum-Espresso/outputs/field_0/vdw-df2-c09/top/data/ldos.pp.dat791.xsf
     Plot Type: 3D                     Output format: XCrySDen     
     Reading data from file  /home/ubuntu/projects/Graphene-Band-Structure-Quantum-Espresso/outputs/field_0/vdw-df2-c09/top/data/ldos.pp.dat792

     Writing data to be plotted to file /home/ubuntu/projects/Graphene-Band-Structure-Quantum-Espresso/outputs/field_0/vdw-df2-c09/top/data/ldos.pp.dat792.xsf
     Plot Type: 3D                     Output format: XCrySDen     
     Reading data from file  /home/ubuntu/projects/Graphene-Band-Structure-Quantum-Espresso/outputs/field_0/vdw-df2-c09/top/data/ldos.pp.dat793

     Writing data to be plotted to file /home/ubuntu/projects/Graphene-Band-Structure-Quantum-Espresso/outputs/field_0/vdw-df2-c09/top/data/ldos.pp.dat793.xsf
     Plot Type: 3D                     Output format: XCrySDen     
     Reading data from file  /home/ubuntu/projects/Graphene-Band-Structure-Quantum-Espresso/outputs/field_0/vdw-df2-c09/top/data/ldos.pp.dat794

     Writing data to be plotted to file /home/ubuntu/projects/Graphene-Band-Structure-Quantum-Espresso/outputs/field_0/vdw-df2-c09/top/data/ldos.pp.dat794.xsf
     Plot Type: 3D                     Output format: XCrySDen     
     Reading data from file  /home/ubuntu/projects/Graphene-Band-Structure-Quantum-Espresso/outputs/field_0/vdw-df2-c09/top/data/ldos.pp.dat795

     Writing data to be plotted to file /home/ubuntu/projects/Graphene-Band-Structure-Quantum-Espresso/outputs/field_0/vdw-df2-c09/top/data/ldos.pp.dat795.xsf
     Plot Type: 3D                     Output format: XCrySDen     
     Reading data from file  /home/ubuntu/projects/Graphene-Band-Structure-Quantum-Espresso/outputs/field_0/vdw-df2-c09/top/data/ldos.pp.dat796

     Writing data to be plotted to file /home/ubuntu/projects/Graphene-Band-Structure-Quantum-Espresso/outputs/field_0/vdw-df2-c09/top/data/ldos.pp.dat796.xsf
     Plot Type: 3D                     Output format: XCrySDen     
     Reading data from file  /home/ubuntu/projects/Graphene-Band-Structure-Quantum-Espresso/outputs/field_0/vdw-df2-c09/top/data/ldos.pp.dat797

     Writing data to be plotted to file /home/ubuntu/projects/Graphene-Band-Structure-Quantum-Espresso/outputs/field_0/vdw-df2-c09/top/data/ldos.pp.dat797.xsf
     Plot Type: 3D                     Output format: XCrySDen     
     Reading data from file  /home/ubuntu/projects/Graphene-Band-Structure-Quantum-Espresso/outputs/field_0/vdw-df2-c09/top/data/ldos.pp.dat798

     Writing data to be plotted to file /home/ubuntu/projects/Graphene-Band-Structure-Quantum-Espresso/outputs/field_0/vdw-df2-c09/top/data/ldos.pp.dat798.xsf
     Plot Type: 3D                     Output format: XCrySDen     
     Reading data from file  /home/ubuntu/projects/Graphene-Band-Structure-Quantum-Espresso/outputs/field_0/vdw-df2-c09/top/data/ldos.pp.dat799

     Writing data to be plotted to file /home/ubuntu/projects/Graphene-Band-Structure-Quantum-Espresso/outputs/field_0/vdw-df2-c09/top/data/ldos.pp.dat799.xsf
     Plot Type: 3D                     Output format: XCrySDen     
     Reading data from file  /home/ubuntu/projects/Graphene-Band-Structure-Quantum-Espresso/outputs/field_0/vdw-df2-c09/top/data/ldos.pp.dat800

     Writing data to be plotted to file /home/ubuntu/projects/Graphene-Band-Structure-Quantum-Espresso/outputs/field_0/vdw-df2-c09/top/data/ldos.pp.dat800.xsf
     Plot Type: 3D                     Output format: XCrySDen     
     Reading data from file  /home/ubuntu/projects/Graphene-Band-Structure-Quantum-Espresso/outputs/field_0/vdw-df2-c09/top/data/ldos.pp.dat801

     Writing data to be plotted to file /home/ubuntu/projects/Graphene-Band-Structure-Quantum-Espresso/outputs/field_0/vdw-df2-c09/top/data/ldos.pp.dat801.xsf
     Plot Type: 3D                     Output format: XCrySDen     
     Reading data from file  /home/ubuntu/projects/Graphene-Band-Structure-Quantum-Espresso/outputs/field_0/vdw-df2-c09/top/data/ldos.pp.dat802

     Writing data to be plotted to file /home/ubuntu/projects/Graphene-Band-Structure-Quantum-Espresso/outputs/field_0/vdw-df2-c09/top/data/ldos.pp.dat802.xsf
     Plot Type: 3D                     Output format: XCrySDen     
     Reading data from file  /home/ubuntu/projects/Graphene-Band-Structure-Quantum-Espresso/outputs/field_0/vdw-df2-c09/top/data/ldos.pp.dat803

     Writing data to be plotted to file /home/ubuntu/projects/Graphene-Band-Structure-Quantum-Espresso/outputs/field_0/vdw-df2-c09/top/data/ldos.pp.dat803.xsf
     Plot Type: 3D                     Output format: XCrySDen     
     Reading data from file  /home/ubuntu/projects/Graphene-Band-Structure-Quantum-Espresso/outputs/field_0/vdw-df2-c09/top/data/ldos.pp.dat804

     Writing data to be plotted to file /home/ubuntu/projects/Graphene-Band-Structure-Quantum-Espresso/outputs/field_0/vdw-df2-c09/top/data/ldos.pp.dat804.xsf
     Plot Type: 3D                     Output format: XCrySDen     
     Reading data from file  /home/ubuntu/projects/Graphene-Band-Structure-Quantum-Espresso/outputs/field_0/vdw-df2-c09/top/data/ldos.pp.dat805

     Writing data to be plotted to file /home/ubuntu/projects/Graphene-Band-Structure-Quantum-Espresso/outputs/field_0/vdw-df2-c09/top/data/ldos.pp.dat805.xsf
     Plot Type: 3D                     Output format: XCrySDen     
     Reading data from file  /home/ubuntu/projects/Graphene-Band-Structure-Quantum-Espresso/outputs/field_0/vdw-df2-c09/top/data/ldos.pp.dat806

     Writing data to be plotted to file /home/ubuntu/projects/Graphene-Band-Structure-Quantum-Espresso/outputs/field_0/vdw-df2-c09/top/data/ldos.pp.dat806.xsf
     Plot Type: 3D                     Output format: XCrySDen     
     Reading data from file  /home/ubuntu/projects/Graphene-Band-Structure-Quantum-Espresso/outputs/field_0/vdw-df2-c09/top/data/ldos.pp.dat807

     Writing data to be plotted to file /home/ubuntu/projects/Graphene-Band-Structure-Quantum-Espresso/outputs/field_0/vdw-df2-c09/top/data/ldos.pp.dat807.xsf
     Plot Type: 3D                     Output format: XCrySDen     
     Reading data from file  /home/ubuntu/projects/Graphene-Band-Structure-Quantum-Espresso/outputs/field_0/vdw-df2-c09/top/data/ldos.pp.dat808

     Writing data to be plotted to file /home/ubuntu/projects/Graphene-Band-Structure-Quantum-Espresso/outputs/field_0/vdw-df2-c09/top/data/ldos.pp.dat808.xsf
     Plot Type: 3D                     Output format: XCrySDen     
     Reading data from file  /home/ubuntu/projects/Graphene-Band-Structure-Quantum-Espresso/outputs/field_0/vdw-df2-c09/top/data/ldos.pp.dat809

     Writing data to be plotted to file /home/ubuntu/projects/Graphene-Band-Structure-Quantum-Espresso/outputs/field_0/vdw-df2-c09/top/data/ldos.pp.dat809.xsf
     Plot Type: 3D                     Output format: XCrySDen     
     Reading data from file  /home/ubuntu/projects/Graphene-Band-Structure-Quantum-Espresso/outputs/field_0/vdw-df2-c09/top/data/ldos.pp.dat810

     Writing data to be plotted to file /home/ubuntu/projects/Graphene-Band-Structure-Quantum-Espresso/outputs/field_0/vdw-df2-c09/top/data/ldos.pp.dat810.xsf
     Plot Type: 3D                     Output format: XCrySDen     
     Reading data from file  /home/ubuntu/projects/Graphene-Band-Structure-Quantum-Espresso/outputs/field_0/vdw-df2-c09/top/data/ldos.pp.dat811

     Writing data to be plotted to file /home/ubuntu/projects/Graphene-Band-Structure-Quantum-Espresso/outputs/field_0/vdw-df2-c09/top/data/ldos.pp.dat811.xsf
     Plot Type: 3D                     Output format: XCrySDen     
     Reading data from file  /home/ubuntu/projects/Graphene-Band-Structure-Quantum-Espresso/outputs/field_0/vdw-df2-c09/top/data/ldos.pp.dat812

     Writing data to be plotted to file /home/ubuntu/projects/Graphene-Band-Structure-Quantum-Espresso/outputs/field_0/vdw-df2-c09/top/data/ldos.pp.dat812.xsf
     Plot Type: 3D                     Output format: XCrySDen     
     Reading data from file  /home/ubuntu/projects/Graphene-Band-Structure-Quantum-Espresso/outputs/field_0/vdw-df2-c09/top/data/ldos.pp.dat813

     Writing data to be plotted to file /home/ubuntu/projects/Graphene-Band-Structure-Quantum-Espresso/outputs/field_0/vdw-df2-c09/top/data/ldos.pp.dat813.xsf
     Plot Type: 3D                     Output format: XCrySDen     
     Reading data from file  /home/ubuntu/projects/Graphene-Band-Structure-Quantum-Espresso/outputs/field_0/vdw-df2-c09/top/data/ldos.pp.dat814

     Writing data to be plotted to file /home/ubuntu/projects/Graphene-Band-Structure-Quantum-Espresso/outputs/field_0/vdw-df2-c09/top/data/ldos.pp.dat814.xsf
     Plot Type: 3D                     Output format: XCrySDen     
     Reading data from file  /home/ubuntu/projects/Graphene-Band-Structure-Quantum-Espresso/outputs/field_0/vdw-df2-c09/top/data/ldos.pp.dat815

     Writing data to be plotted to file /home/ubuntu/projects/Graphene-Band-Structure-Quantum-Espresso/outputs/field_0/vdw-df2-c09/top/data/ldos.pp.dat815.xsf
     Plot Type: 3D                     Output format: XCrySDen     
     Reading data from file  /home/ubuntu/projects/Graphene-Band-Structure-Quantum-Espresso/outputs/field_0/vdw-df2-c09/top/data/ldos.pp.dat816

     Writing data to be plotted to file /home/ubuntu/projects/Graphene-Band-Structure-Quantum-Espresso/outputs/field_0/vdw-df2-c09/top/data/ldos.pp.dat816.xsf
     Plot Type: 3D                     Output format: XCrySDen     
     Reading data from file  /home/ubuntu/projects/Graphene-Band-Structure-Quantum-Espresso/outputs/field_0/vdw-df2-c09/top/data/ldos.pp.dat817

     Writing data to be plotted to file /home/ubuntu/projects/Graphene-Band-Structure-Quantum-Espresso/outputs/field_0/vdw-df2-c09/top/data/ldos.pp.dat817.xsf
     Plot Type: 3D                     Output format: XCrySDen     
     Reading data from file  /home/ubuntu/projects/Graphene-Band-Structure-Quantum-Espresso/outputs/field_0/vdw-df2-c09/top/data/ldos.pp.dat818

     Writing data to be plotted to file /home/ubuntu/projects/Graphene-Band-Structure-Quantum-Espresso/outputs/field_0/vdw-df2-c09/top/data/ldos.pp.dat818.xsf
     Plot Type: 3D                     Output format: XCrySDen     
     Reading data from file  /home/ubuntu/projects/Graphene-Band-Structure-Quantum-Espresso/outputs/field_0/vdw-df2-c09/top/data/ldos.pp.dat819

     Writing data to be plotted to file /home/ubuntu/projects/Graphene-Band-Structure-Quantum-Espresso/outputs/field_0/vdw-df2-c09/top/data/ldos.pp.dat819.xsf
     Plot Type: 3D                     Output format: XCrySDen     
     Reading data from file  /home/ubuntu/projects/Graphene-Band-Structure-Quantum-Espresso/outputs/field_0/vdw-df2-c09/top/data/ldos.pp.dat820

     Writing data to be plotted to file /home/ubuntu/projects/Graphene-Band-Structure-Quantum-Espresso/outputs/field_0/vdw-df2-c09/top/data/ldos.pp.dat820.xsf
     Plot Type: 3D                     Output format: XCrySDen     
     Reading data from file  /home/ubuntu/projects/Graphene-Band-Structure-Quantum-Espresso/outputs/field_0/vdw-df2-c09/top/data/ldos.pp.dat821

     Writing data to be plotted to file /home/ubuntu/projects/Graphene-Band-Structure-Quantum-Espresso/outputs/field_0/vdw-df2-c09/top/data/ldos.pp.dat821.xsf
     Plot Type: 3D                     Output format: XCrySDen     
     Reading data from file  /home/ubuntu/projects/Graphene-Band-Structure-Quantum-Espresso/outputs/field_0/vdw-df2-c09/top/data/ldos.pp.dat822

     Writing data to be plotted to file /home/ubuntu/projects/Graphene-Band-Structure-Quantum-Espresso/outputs/field_0/vdw-df2-c09/top/data/ldos.pp.dat822.xsf
     Plot Type: 3D                     Output format: XCrySDen     
     Reading data from file  /home/ubuntu/projects/Graphene-Band-Structure-Quantum-Espresso/outputs/field_0/vdw-df2-c09/top/data/ldos.pp.dat823

     Writing data to be plotted to file /home/ubuntu/projects/Graphene-Band-Structure-Quantum-Espresso/outputs/field_0/vdw-df2-c09/top/data/ldos.pp.dat823.xsf
     Plot Type: 3D                     Output format: XCrySDen     
     Reading data from file  /home/ubuntu/projects/Graphene-Band-Structure-Quantum-Espresso/outputs/field_0/vdw-df2-c09/top/data/ldos.pp.dat824

     Writing data to be plotted to file /home/ubuntu/projects/Graphene-Band-Structure-Quantum-Espresso/outputs/field_0/vdw-df2-c09/top/data/ldos.pp.dat824.xsf
     Plot Type: 3D                     Output format: XCrySDen     
     Reading data from file  /home/ubuntu/projects/Graphene-Band-Structure-Quantum-Espresso/outputs/field_0/vdw-df2-c09/top/data/ldos.pp.dat825

     Writing data to be plotted to file /home/ubuntu/projects/Graphene-Band-Structure-Quantum-Espresso/outputs/field_0/vdw-df2-c09/top/data/ldos.pp.dat825.xsf
     Plot Type: 3D                     Output format: XCrySDen     
     Reading data from file  /home/ubuntu/projects/Graphene-Band-Structure-Quantum-Espresso/outputs/field_0/vdw-df2-c09/top/data/ldos.pp.dat826

     Writing data to be plotted to file /home/ubuntu/projects/Graphene-Band-Structure-Quantum-Espresso/outputs/field_0/vdw-df2-c09/top/data/ldos.pp.dat826.xsf
     Plot Type: 3D                     Output format: XCrySDen     
     Reading data from file  /home/ubuntu/projects/Graphene-Band-Structure-Quantum-Espresso/outputs/field_0/vdw-df2-c09/top/data/ldos.pp.dat827

     Writing data to be plotted to file /home/ubuntu/projects/Graphene-Band-Structure-Quantum-Espresso/outputs/field_0/vdw-df2-c09/top/data/ldos.pp.dat827.xsf
     Plot Type: 3D                     Output format: XCrySDen     
     Reading data from file  /home/ubuntu/projects/Graphene-Band-Structure-Quantum-Espresso/outputs/field_0/vdw-df2-c09/top/data/ldos.pp.dat828

     Writing data to be plotted to file /home/ubuntu/projects/Graphene-Band-Structure-Quantum-Espresso/outputs/field_0/vdw-df2-c09/top/data/ldos.pp.dat828.xsf
     Plot Type: 3D                     Output format: XCrySDen     
     Reading data from file  /home/ubuntu/projects/Graphene-Band-Structure-Quantum-Espresso/outputs/field_0/vdw-df2-c09/top/data/ldos.pp.dat829

     Writing data to be plotted to file /home/ubuntu/projects/Graphene-Band-Structure-Quantum-Espresso/outputs/field_0/vdw-df2-c09/top/data/ldos.pp.dat829.xsf
     Plot Type: 3D                     Output format: XCrySDen     
     Reading data from file  /home/ubuntu/projects/Graphene-Band-Structure-Quantum-Espresso/outputs/field_0/vdw-df2-c09/top/data/ldos.pp.dat830

     Writing data to be plotted to file /home/ubuntu/projects/Graphene-Band-Structure-Quantum-Espresso/outputs/field_0/vdw-df2-c09/top/data/ldos.pp.dat830.xsf
     Plot Type: 3D                     Output format: XCrySDen     
     Reading data from file  /home/ubuntu/projects/Graphene-Band-Structure-Quantum-Espresso/outputs/field_0/vdw-df2-c09/top/data/ldos.pp.dat831

     Writing data to be plotted to file /home/ubuntu/projects/Graphene-Band-Structure-Quantum-Espresso/outputs/field_0/vdw-df2-c09/top/data/ldos.pp.dat831.xsf
     Plot Type: 3D                     Output format: XCrySDen     
     Reading data from file  /home/ubuntu/projects/Graphene-Band-Structure-Quantum-Espresso/outputs/field_0/vdw-df2-c09/top/data/ldos.pp.dat832

     Writing data to be plotted to file /home/ubuntu/projects/Graphene-Band-Structure-Quantum-Espresso/outputs/field_0/vdw-df2-c09/top/data/ldos.pp.dat832.xsf
     Plot Type: 3D                     Output format: XCrySDen     
     Reading data from file  /home/ubuntu/projects/Graphene-Band-Structure-Quantum-Espresso/outputs/field_0/vdw-df2-c09/top/data/ldos.pp.dat833

     Writing data to be plotted to file /home/ubuntu/projects/Graphene-Band-Structure-Quantum-Espresso/outputs/field_0/vdw-df2-c09/top/data/ldos.pp.dat833.xsf
     Plot Type: 3D                     Output format: XCrySDen     
     Reading data from file  /home/ubuntu/projects/Graphene-Band-Structure-Quantum-Espresso/outputs/field_0/vdw-df2-c09/top/data/ldos.pp.dat834

     Writing data to be plotted to file /home/ubuntu/projects/Graphene-Band-Structure-Quantum-Espresso/outputs/field_0/vdw-df2-c09/top/data/ldos.pp.dat834.xsf
     Plot Type: 3D                     Output format: XCrySDen     
     Reading data from file  /home/ubuntu/projects/Graphene-Band-Structure-Quantum-Espresso/outputs/field_0/vdw-df2-c09/top/data/ldos.pp.dat835

     Writing data to be plotted to file /home/ubuntu/projects/Graphene-Band-Structure-Quantum-Espresso/outputs/field_0/vdw-df2-c09/top/data/ldos.pp.dat835.xsf
     Plot Type: 3D                     Output format: XCrySDen     
     Reading data from file  /home/ubuntu/projects/Graphene-Band-Structure-Quantum-Espresso/outputs/field_0/vdw-df2-c09/top/data/ldos.pp.dat836

     Writing data to be plotted to file /home/ubuntu/projects/Graphene-Band-Structure-Quantum-Espresso/outputs/field_0/vdw-df2-c09/top/data/ldos.pp.dat836.xsf
     Plot Type: 3D                     Output format: XCrySDen     
     Reading data from file  /home/ubuntu/projects/Graphene-Band-Structure-Quantum-Espresso/outputs/field_0/vdw-df2-c09/top/data/ldos.pp.dat837

     Writing data to be plotted to file /home/ubuntu/projects/Graphene-Band-Structure-Quantum-Espresso/outputs/field_0/vdw-df2-c09/top/data/ldos.pp.dat837.xsf
     Plot Type: 3D                     Output format: XCrySDen     
     Reading data from file  /home/ubuntu/projects/Graphene-Band-Structure-Quantum-Espresso/outputs/field_0/vdw-df2-c09/top/data/ldos.pp.dat838

     Writing data to be plotted to file /home/ubuntu/projects/Graphene-Band-Structure-Quantum-Espresso/outputs/field_0/vdw-df2-c09/top/data/ldos.pp.dat838.xsf
     Plot Type: 3D                     Output format: XCrySDen     
     Reading data from file  /home/ubuntu/projects/Graphene-Band-Structure-Quantum-Espresso/outputs/field_0/vdw-df2-c09/top/data/ldos.pp.dat839

     Writing data to be plotted to file /home/ubuntu/projects/Graphene-Band-Structure-Quantum-Espresso/outputs/field_0/vdw-df2-c09/top/data/ldos.pp.dat839.xsf
     Plot Type: 3D                     Output format: XCrySDen     
     Reading data from file  /home/ubuntu/projects/Graphene-Band-Structure-Quantum-Espresso/outputs/field_0/vdw-df2-c09/top/data/ldos.pp.dat840

     Writing data to be plotted to file /home/ubuntu/projects/Graphene-Band-Structure-Quantum-Espresso/outputs/field_0/vdw-df2-c09/top/data/ldos.pp.dat840.xsf
     Plot Type: 3D                     Output format: XCrySDen     
     Reading data from file  /home/ubuntu/projects/Graphene-Band-Structure-Quantum-Espresso/outputs/field_0/vdw-df2-c09/top/data/ldos.pp.dat841

     Writing data to be plotted to file /home/ubuntu/projects/Graphene-Band-Structure-Quantum-Espresso/outputs/field_0/vdw-df2-c09/top/data/ldos.pp.dat841.xsf
     Plot Type: 3D                     Output format: XCrySDen     
     Reading data from file  /home/ubuntu/projects/Graphene-Band-Structure-Quantum-Espresso/outputs/field_0/vdw-df2-c09/top/data/ldos.pp.dat842

     Writing data to be plotted to file /home/ubuntu/projects/Graphene-Band-Structure-Quantum-Espresso/outputs/field_0/vdw-df2-c09/top/data/ldos.pp.dat842.xsf
     Plot Type: 3D                     Output format: XCrySDen     
     Reading data from file  /home/ubuntu/projects/Graphene-Band-Structure-Quantum-Espresso/outputs/field_0/vdw-df2-c09/top/data/ldos.pp.dat843

     Writing data to be plotted to file /home/ubuntu/projects/Graphene-Band-Structure-Quantum-Espresso/outputs/field_0/vdw-df2-c09/top/data/ldos.pp.dat843.xsf
     Plot Type: 3D                     Output format: XCrySDen     
     Reading data from file  /home/ubuntu/projects/Graphene-Band-Structure-Quantum-Espresso/outputs/field_0/vdw-df2-c09/top/data/ldos.pp.dat844

     Writing data to be plotted to file /home/ubuntu/projects/Graphene-Band-Structure-Quantum-Espresso/outputs/field_0/vdw-df2-c09/top/data/ldos.pp.dat844.xsf
     Plot Type: 3D                     Output format: XCrySDen     
     Reading data from file  /home/ubuntu/projects/Graphene-Band-Structure-Quantum-Espresso/outputs/field_0/vdw-df2-c09/top/data/ldos.pp.dat845

     Writing data to be plotted to file /home/ubuntu/projects/Graphene-Band-Structure-Quantum-Espresso/outputs/field_0/vdw-df2-c09/top/data/ldos.pp.dat845.xsf
     Plot Type: 3D                     Output format: XCrySDen     
     Reading data from file  /home/ubuntu/projects/Graphene-Band-Structure-Quantum-Espresso/outputs/field_0/vdw-df2-c09/top/data/ldos.pp.dat846

     Writing data to be plotted to file /home/ubuntu/projects/Graphene-Band-Structure-Quantum-Espresso/outputs/field_0/vdw-df2-c09/top/data/ldos.pp.dat846.xsf
     Plot Type: 3D                     Output format: XCrySDen     
     Reading data from file  /home/ubuntu/projects/Graphene-Band-Structure-Quantum-Espresso/outputs/field_0/vdw-df2-c09/top/data/ldos.pp.dat847

     Writing data to be plotted to file /home/ubuntu/projects/Graphene-Band-Structure-Quantum-Espresso/outputs/field_0/vdw-df2-c09/top/data/ldos.pp.dat847.xsf
     Plot Type: 3D                     Output format: XCrySDen     
     Reading data from file  /home/ubuntu/projects/Graphene-Band-Structure-Quantum-Espresso/outputs/field_0/vdw-df2-c09/top/data/ldos.pp.dat848

     Writing data to be plotted to file /home/ubuntu/projects/Graphene-Band-Structure-Quantum-Espresso/outputs/field_0/vdw-df2-c09/top/data/ldos.pp.dat848.xsf
     Plot Type: 3D                     Output format: XCrySDen     
     Reading data from file  /home/ubuntu/projects/Graphene-Band-Structure-Quantum-Espresso/outputs/field_0/vdw-df2-c09/top/data/ldos.pp.dat849

     Writing data to be plotted to file /home/ubuntu/projects/Graphene-Band-Structure-Quantum-Espresso/outputs/field_0/vdw-df2-c09/top/data/ldos.pp.dat849.xsf
     Plot Type: 3D                     Output format: XCrySDen     
     Reading data from file  /home/ubuntu/projects/Graphene-Band-Structure-Quantum-Espresso/outputs/field_0/vdw-df2-c09/top/data/ldos.pp.dat850

     Writing data to be plotted to file /home/ubuntu/projects/Graphene-Band-Structure-Quantum-Espresso/outputs/field_0/vdw-df2-c09/top/data/ldos.pp.dat850.xsf
     Plot Type: 3D                     Output format: XCrySDen     
     Reading data from file  /home/ubuntu/projects/Graphene-Band-Structure-Quantum-Espresso/outputs/field_0/vdw-df2-c09/top/data/ldos.pp.dat851

     Writing data to be plotted to file /home/ubuntu/projects/Graphene-Band-Structure-Quantum-Espresso/outputs/field_0/vdw-df2-c09/top/data/ldos.pp.dat851.xsf
     Plot Type: 3D                     Output format: XCrySDen     
     Reading data from file  /home/ubuntu/projects/Graphene-Band-Structure-Quantum-Espresso/outputs/field_0/vdw-df2-c09/top/data/ldos.pp.dat852

     Writing data to be plotted to file /home/ubuntu/projects/Graphene-Band-Structure-Quantum-Espresso/outputs/field_0/vdw-df2-c09/top/data/ldos.pp.dat852.xsf
     Plot Type: 3D                     Output format: XCrySDen     
     Reading data from file  /home/ubuntu/projects/Graphene-Band-Structure-Quantum-Espresso/outputs/field_0/vdw-df2-c09/top/data/ldos.pp.dat853

     Writing data to be plotted to file /home/ubuntu/projects/Graphene-Band-Structure-Quantum-Espresso/outputs/field_0/vdw-df2-c09/top/data/ldos.pp.dat853.xsf
     Plot Type: 3D                     Output format: XCrySDen     
     Reading data from file  /home/ubuntu/projects/Graphene-Band-Structure-Quantum-Espresso/outputs/field_0/vdw-df2-c09/top/data/ldos.pp.dat854

     Writing data to be plotted to file /home/ubuntu/projects/Graphene-Band-Structure-Quantum-Espresso/outputs/field_0/vdw-df2-c09/top/data/ldos.pp.dat854.xsf
     Plot Type: 3D                     Output format: XCrySDen     
     Reading data from file  /home/ubuntu/projects/Graphene-Band-Structure-Quantum-Espresso/outputs/field_0/vdw-df2-c09/top/data/ldos.pp.dat855

     Writing data to be plotted to file /home/ubuntu/projects/Graphene-Band-Structure-Quantum-Espresso/outputs/field_0/vdw-df2-c09/top/data/ldos.pp.dat855.xsf
     Plot Type: 3D                     Output format: XCrySDen     
     Reading data from file  /home/ubuntu/projects/Graphene-Band-Structure-Quantum-Espresso/outputs/field_0/vdw-df2-c09/top/data/ldos.pp.dat856

     Writing data to be plotted to file /home/ubuntu/projects/Graphene-Band-Structure-Quantum-Espresso/outputs/field_0/vdw-df2-c09/top/data/ldos.pp.dat856.xsf
     Plot Type: 3D                     Output format: XCrySDen     
     Reading data from file  /home/ubuntu/projects/Graphene-Band-Structure-Quantum-Espresso/outputs/field_0/vdw-df2-c09/top/data/ldos.pp.dat857

     Writing data to be plotted to file /home/ubuntu/projects/Graphene-Band-Structure-Quantum-Espresso/outputs/field_0/vdw-df2-c09/top/data/ldos.pp.dat857.xsf
     Plot Type: 3D                     Output format: XCrySDen     
     Reading data from file  /home/ubuntu/projects/Graphene-Band-Structure-Quantum-Espresso/outputs/field_0/vdw-df2-c09/top/data/ldos.pp.dat858

     Writing data to be plotted to file /home/ubuntu/projects/Graphene-Band-Structure-Quantum-Espresso/outputs/field_0/vdw-df2-c09/top/data/ldos.pp.dat858.xsf
     Plot Type: 3D                     Output format: XCrySDen     
     Reading data from file  /home/ubuntu/projects/Graphene-Band-Structure-Quantum-Espresso/outputs/field_0/vdw-df2-c09/top/data/ldos.pp.dat859

     Writing data to be plotted to file /home/ubuntu/projects/Graphene-Band-Structure-Quantum-Espresso/outputs/field_0/vdw-df2-c09/top/data/ldos.pp.dat859.xsf
     Plot Type: 3D                     Output format: XCrySDen     
     Reading data from file  /home/ubuntu/projects/Graphene-Band-Structure-Quantum-Espresso/outputs/field_0/vdw-df2-c09/top/data/ldos.pp.dat860

     Writing data to be plotted to file /home/ubuntu/projects/Graphene-Band-Structure-Quantum-Espresso/outputs/field_0/vdw-df2-c09/top/data/ldos.pp.dat860.xsf
     Plot Type: 3D                     Output format: XCrySDen     
     Reading data from file  /home/ubuntu/projects/Graphene-Band-Structure-Quantum-Espresso/outputs/field_0/vdw-df2-c09/top/data/ldos.pp.dat861

     Writing data to be plotted to file /home/ubuntu/projects/Graphene-Band-Structure-Quantum-Espresso/outputs/field_0/vdw-df2-c09/top/data/ldos.pp.dat861.xsf
     Plot Type: 3D                     Output format: XCrySDen     
     Reading data from file  /home/ubuntu/projects/Graphene-Band-Structure-Quantum-Espresso/outputs/field_0/vdw-df2-c09/top/data/ldos.pp.dat862

     Writing data to be plotted to file /home/ubuntu/projects/Graphene-Band-Structure-Quantum-Espresso/outputs/field_0/vdw-df2-c09/top/data/ldos.pp.dat862.xsf
     Plot Type: 3D                     Output format: XCrySDen     
     Reading data from file  /home/ubuntu/projects/Graphene-Band-Structure-Quantum-Espresso/outputs/field_0/vdw-df2-c09/top/data/ldos.pp.dat863

     Writing data to be plotted to file /home/ubuntu/projects/Graphene-Band-Structure-Quantum-Espresso/outputs/field_0/vdw-df2-c09/top/data/ldos.pp.dat863.xsf
     Plot Type: 3D                     Output format: XCrySDen     
     Reading data from file  /home/ubuntu/projects/Graphene-Band-Structure-Quantum-Espresso/outputs/field_0/vdw-df2-c09/top/data/ldos.pp.dat864

     Writing data to be plotted to file /home/ubuntu/projects/Graphene-Band-Structure-Quantum-Espresso/outputs/field_0/vdw-df2-c09/top/data/ldos.pp.dat864.xsf
     Plot Type: 3D                     Output format: XCrySDen     
     Reading data from file  /home/ubuntu/projects/Graphene-Band-Structure-Quantum-Espresso/outputs/field_0/vdw-df2-c09/top/data/ldos.pp.dat865

     Writing data to be plotted to file /home/ubuntu/projects/Graphene-Band-Structure-Quantum-Espresso/outputs/field_0/vdw-df2-c09/top/data/ldos.pp.dat865.xsf
     Plot Type: 3D                     Output format: XCrySDen     
     Reading data from file  /home/ubuntu/projects/Graphene-Band-Structure-Quantum-Espresso/outputs/field_0/vdw-df2-c09/top/data/ldos.pp.dat866

     Writing data to be plotted to file /home/ubuntu/projects/Graphene-Band-Structure-Quantum-Espresso/outputs/field_0/vdw-df2-c09/top/data/ldos.pp.dat866.xsf
     Plot Type: 3D                     Output format: XCrySDen     
     Reading data from file  /home/ubuntu/projects/Graphene-Band-Structure-Quantum-Espresso/outputs/field_0/vdw-df2-c09/top/data/ldos.pp.dat867

     Writing data to be plotted to file /home/ubuntu/projects/Graphene-Band-Structure-Quantum-Espresso/outputs/field_0/vdw-df2-c09/top/data/ldos.pp.dat867.xsf
     Plot Type: 3D                     Output format: XCrySDen     
     Reading data from file  /home/ubuntu/projects/Graphene-Band-Structure-Quantum-Espresso/outputs/field_0/vdw-df2-c09/top/data/ldos.pp.dat868

     Writing data to be plotted to file /home/ubuntu/projects/Graphene-Band-Structure-Quantum-Espresso/outputs/field_0/vdw-df2-c09/top/data/ldos.pp.dat868.xsf
     Plot Type: 3D                     Output format: XCrySDen     
     Reading data from file  /home/ubuntu/projects/Graphene-Band-Structure-Quantum-Espresso/outputs/field_0/vdw-df2-c09/top/data/ldos.pp.dat869

     Writing data to be plotted to file /home/ubuntu/projects/Graphene-Band-Structure-Quantum-Espresso/outputs/field_0/vdw-df2-c09/top/data/ldos.pp.dat869.xsf
     Plot Type: 3D                     Output format: XCrySDen     
     Reading data from file  /home/ubuntu/projects/Graphene-Band-Structure-Quantum-Espresso/outputs/field_0/vdw-df2-c09/top/data/ldos.pp.dat870

     Writing data to be plotted to file /home/ubuntu/projects/Graphene-Band-Structure-Quantum-Espresso/outputs/field_0/vdw-df2-c09/top/data/ldos.pp.dat870.xsf
     Plot Type: 3D                     Output format: XCrySDen     
     Reading data from file  /home/ubuntu/projects/Graphene-Band-Structure-Quantum-Espresso/outputs/field_0/vdw-df2-c09/top/data/ldos.pp.dat871

     Writing data to be plotted to file /home/ubuntu/projects/Graphene-Band-Structure-Quantum-Espresso/outputs/field_0/vdw-df2-c09/top/data/ldos.pp.dat871.xsf
     Plot Type: 3D                     Output format: XCrySDen     
     Reading data from file  /home/ubuntu/projects/Graphene-Band-Structure-Quantum-Espresso/outputs/field_0/vdw-df2-c09/top/data/ldos.pp.dat872

     Writing data to be plotted to file /home/ubuntu/projects/Graphene-Band-Structure-Quantum-Espresso/outputs/field_0/vdw-df2-c09/top/data/ldos.pp.dat872.xsf
     Plot Type: 3D                     Output format: XCrySDen     
     Reading data from file  /home/ubuntu/projects/Graphene-Band-Structure-Quantum-Espresso/outputs/field_0/vdw-df2-c09/top/data/ldos.pp.dat873

     Writing data to be plotted to file /home/ubuntu/projects/Graphene-Band-Structure-Quantum-Espresso/outputs/field_0/vdw-df2-c09/top/data/ldos.pp.dat873.xsf
     Plot Type: 3D                     Output format: XCrySDen     
     Reading data from file  /home/ubuntu/projects/Graphene-Band-Structure-Quantum-Espresso/outputs/field_0/vdw-df2-c09/top/data/ldos.pp.dat874

     Writing data to be plotted to file /home/ubuntu/projects/Graphene-Band-Structure-Quantum-Espresso/outputs/field_0/vdw-df2-c09/top/data/ldos.pp.dat874.xsf
     Plot Type: 3D                     Output format: XCrySDen     
     Reading data from file  /home/ubuntu/projects/Graphene-Band-Structure-Quantum-Espresso/outputs/field_0/vdw-df2-c09/top/data/ldos.pp.dat875

     Writing data to be plotted to file /home/ubuntu/projects/Graphene-Band-Structure-Quantum-Espresso/outputs/field_0/vdw-df2-c09/top/data/ldos.pp.dat875.xsf
     Plot Type: 3D                     Output format: XCrySDen     
     Reading data from file  /home/ubuntu/projects/Graphene-Band-Structure-Quantum-Espresso/outputs/field_0/vdw-df2-c09/top/data/ldos.pp.dat876

     Writing data to be plotted to file /home/ubuntu/projects/Graphene-Band-Structure-Quantum-Espresso/outputs/field_0/vdw-df2-c09/top/data/ldos.pp.dat876.xsf
     Plot Type: 3D                     Output format: XCrySDen     
     Reading data from file  /home/ubuntu/projects/Graphene-Band-Structure-Quantum-Espresso/outputs/field_0/vdw-df2-c09/top/data/ldos.pp.dat877

     Writing data to be plotted to file /home/ubuntu/projects/Graphene-Band-Structure-Quantum-Espresso/outputs/field_0/vdw-df2-c09/top/data/ldos.pp.dat877.xsf
     Plot Type: 3D                     Output format: XCrySDen     
     Reading data from file  /home/ubuntu/projects/Graphene-Band-Structure-Quantum-Espresso/outputs/field_0/vdw-df2-c09/top/data/ldos.pp.dat878

     Writing data to be plotted to file /home/ubuntu/projects/Graphene-Band-Structure-Quantum-Espresso/outputs/field_0/vdw-df2-c09/top/data/ldos.pp.dat878.xsf
     Plot Type: 3D                     Output format: XCrySDen     
     Reading data from file  /home/ubuntu/projects/Graphene-Band-Structure-Quantum-Espresso/outputs/field_0/vdw-df2-c09/top/data/ldos.pp.dat879

     Writing data to be plotted to file /home/ubuntu/projects/Graphene-Band-Structure-Quantum-Espresso/outputs/field_0/vdw-df2-c09/top/data/ldos.pp.dat879.xsf
     Plot Type: 3D                     Output format: XCrySDen     
     Reading data from file  /home/ubuntu/projects/Graphene-Band-Structure-Quantum-Espresso/outputs/field_0/vdw-df2-c09/top/data/ldos.pp.dat880

     Writing data to be plotted to file /home/ubuntu/projects/Graphene-Band-Structure-Quantum-Espresso/outputs/field_0/vdw-df2-c09/top/data/ldos.pp.dat880.xsf
     Plot Type: 3D                     Output format: XCrySDen     
     Reading data from file  /home/ubuntu/projects/Graphene-Band-Structure-Quantum-Espresso/outputs/field_0/vdw-df2-c09/top/data/ldos.pp.dat881

     Writing data to be plotted to file /home/ubuntu/projects/Graphene-Band-Structure-Quantum-Espresso/outputs/field_0/vdw-df2-c09/top/data/ldos.pp.dat881.xsf
     Plot Type: 3D                     Output format: XCrySDen     
     Reading data from file  /home/ubuntu/projects/Graphene-Band-Structure-Quantum-Espresso/outputs/field_0/vdw-df2-c09/top/data/ldos.pp.dat882

     Writing data to be plotted to file /home/ubuntu/projects/Graphene-Band-Structure-Quantum-Espresso/outputs/field_0/vdw-df2-c09/top/data/ldos.pp.dat882.xsf
     Plot Type: 3D                     Output format: XCrySDen     
     Reading data from file  /home/ubuntu/projects/Graphene-Band-Structure-Quantum-Espresso/outputs/field_0/vdw-df2-c09/top/data/ldos.pp.dat883

     Writing data to be plotted to file /home/ubuntu/projects/Graphene-Band-Structure-Quantum-Espresso/outputs/field_0/vdw-df2-c09/top/data/ldos.pp.dat883.xsf
     Plot Type: 3D                     Output format: XCrySDen     
     Reading data from file  /home/ubuntu/projects/Graphene-Band-Structure-Quantum-Espresso/outputs/field_0/vdw-df2-c09/top/data/ldos.pp.dat884

     Writing data to be plotted to file /home/ubuntu/projects/Graphene-Band-Structure-Quantum-Espresso/outputs/field_0/vdw-df2-c09/top/data/ldos.pp.dat884.xsf
     Plot Type: 3D                     Output format: XCrySDen     
     Reading data from file  /home/ubuntu/projects/Graphene-Band-Structure-Quantum-Espresso/outputs/field_0/vdw-df2-c09/top/data/ldos.pp.dat885

     Writing data to be plotted to file /home/ubuntu/projects/Graphene-Band-Structure-Quantum-Espresso/outputs/field_0/vdw-df2-c09/top/data/ldos.pp.dat885.xsf
     Plot Type: 3D                     Output format: XCrySDen     
     Reading data from file  /home/ubuntu/projects/Graphene-Band-Structure-Quantum-Espresso/outputs/field_0/vdw-df2-c09/top/data/ldos.pp.dat886

     Writing data to be plotted to file /home/ubuntu/projects/Graphene-Band-Structure-Quantum-Espresso/outputs/field_0/vdw-df2-c09/top/data/ldos.pp.dat886.xsf
     Plot Type: 3D                     Output format: XCrySDen     
     Reading data from file  /home/ubuntu/projects/Graphene-Band-Structure-Quantum-Espresso/outputs/field_0/vdw-df2-c09/top/data/ldos.pp.dat887

     Writing data to be plotted to file /home/ubuntu/projects/Graphene-Band-Structure-Quantum-Espresso/outputs/field_0/vdw-df2-c09/top/data/ldos.pp.dat887.xsf
     Plot Type: 3D                     Output format: XCrySDen     
     Reading data from file  /home/ubuntu/projects/Graphene-Band-Structure-Quantum-Espresso/outputs/field_0/vdw-df2-c09/top/data/ldos.pp.dat888

     Writing data to be plotted to file /home/ubuntu/projects/Graphene-Band-Structure-Quantum-Espresso/outputs/field_0/vdw-df2-c09/top/data/ldos.pp.dat888.xsf
     Plot Type: 3D                     Output format: XCrySDen     
     Reading data from file  /home/ubuntu/projects/Graphene-Band-Structure-Quantum-Espresso/outputs/field_0/vdw-df2-c09/top/data/ldos.pp.dat889

     Writing data to be plotted to file /home/ubuntu/projects/Graphene-Band-Structure-Quantum-Espresso/outputs/field_0/vdw-df2-c09/top/data/ldos.pp.dat889.xsf
     Plot Type: 3D                     Output format: XCrySDen     
     Reading data from file  /home/ubuntu/projects/Graphene-Band-Structure-Quantum-Espresso/outputs/field_0/vdw-df2-c09/top/data/ldos.pp.dat890

     Writing data to be plotted to file /home/ubuntu/projects/Graphene-Band-Structure-Quantum-Espresso/outputs/field_0/vdw-df2-c09/top/data/ldos.pp.dat890.xsf
     Plot Type: 3D                     Output format: XCrySDen     
     Reading data from file  /home/ubuntu/projects/Graphene-Band-Structure-Quantum-Espresso/outputs/field_0/vdw-df2-c09/top/data/ldos.pp.dat891

     Writing data to be plotted to file /home/ubuntu/projects/Graphene-Band-Structure-Quantum-Espresso/outputs/field_0/vdw-df2-c09/top/data/ldos.pp.dat891.xsf
     Plot Type: 3D                     Output format: XCrySDen     
     Reading data from file  /home/ubuntu/projects/Graphene-Band-Structure-Quantum-Espresso/outputs/field_0/vdw-df2-c09/top/data/ldos.pp.dat892

     Writing data to be plotted to file /home/ubuntu/projects/Graphene-Band-Structure-Quantum-Espresso/outputs/field_0/vdw-df2-c09/top/data/ldos.pp.dat892.xsf
     Plot Type: 3D                     Output format: XCrySDen     
     Reading data from file  /home/ubuntu/projects/Graphene-Band-Structure-Quantum-Espresso/outputs/field_0/vdw-df2-c09/top/data/ldos.pp.dat893

     Writing data to be plotted to file /home/ubuntu/projects/Graphene-Band-Structure-Quantum-Espresso/outputs/field_0/vdw-df2-c09/top/data/ldos.pp.dat893.xsf
     Plot Type: 3D                     Output format: XCrySDen     
     Reading data from file  /home/ubuntu/projects/Graphene-Band-Structure-Quantum-Espresso/outputs/field_0/vdw-df2-c09/top/data/ldos.pp.dat894

     Writing data to be plotted to file /home/ubuntu/projects/Graphene-Band-Structure-Quantum-Espresso/outputs/field_0/vdw-df2-c09/top/data/ldos.pp.dat894.xsf
     Plot Type: 3D                     Output format: XCrySDen     
     Reading data from file  /home/ubuntu/projects/Graphene-Band-Structure-Quantum-Espresso/outputs/field_0/vdw-df2-c09/top/data/ldos.pp.dat895

     Writing data to be plotted to file /home/ubuntu/projects/Graphene-Band-Structure-Quantum-Espresso/outputs/field_0/vdw-df2-c09/top/data/ldos.pp.dat895.xsf
     Plot Type: 3D                     Output format: XCrySDen     
     Reading data from file  /home/ubuntu/projects/Graphene-Band-Structure-Quantum-Espresso/outputs/field_0/vdw-df2-c09/top/data/ldos.pp.dat896

     Writing data to be plotted to file /home/ubuntu/projects/Graphene-Band-Structure-Quantum-Espresso/outputs/field_0/vdw-df2-c09/top/data/ldos.pp.dat896.xsf
     Plot Type: 3D                     Output format: XCrySDen     
     Reading data from file  /home/ubuntu/projects/Graphene-Band-Structure-Quantum-Espresso/outputs/field_0/vdw-df2-c09/top/data/ldos.pp.dat897

     Writing data to be plotted to file /home/ubuntu/projects/Graphene-Band-Structure-Quantum-Espresso/outputs/field_0/vdw-df2-c09/top/data/ldos.pp.dat897.xsf
     Plot Type: 3D                     Output format: XCrySDen     
     Reading data from file  /home/ubuntu/projects/Graphene-Band-Structure-Quantum-Espresso/outputs/field_0/vdw-df2-c09/top/data/ldos.pp.dat898

     Writing data to be plotted to file /home/ubuntu/projects/Graphene-Band-Structure-Quantum-Espresso/outputs/field_0/vdw-df2-c09/top/data/ldos.pp.dat898.xsf
     Plot Type: 3D                     Output format: XCrySDen     
     Reading data from file  /home/ubuntu/projects/Graphene-Band-Structure-Quantum-Espresso/outputs/field_0/vdw-df2-c09/top/data/ldos.pp.dat899

     Writing data to be plotted to file /home/ubuntu/projects/Graphene-Band-Structure-Quantum-Espresso/outputs/field_0/vdw-df2-c09/top/data/ldos.pp.dat899.xsf
     Plot Type: 3D                     Output format: XCrySDen     
     Reading data from file  /home/ubuntu/projects/Graphene-Band-Structure-Quantum-Espresso/outputs/field_0/vdw-df2-c09/top/data/ldos.pp.dat900

     Writing data to be plotted to file /home/ubuntu/projects/Graphene-Band-Structure-Quantum-Espresso/outputs/field_0/vdw-df2-c09/top/data/ldos.pp.dat900.xsf
     Plot Type: 3D                     Output format: XCrySDen     
     Reading data from file  /home/ubuntu/projects/Graphene-Band-Structure-Quantum-Espresso/outputs/field_0/vdw-df2-c09/top/data/ldos.pp.dat901

     Writing data to be plotted to file /home/ubuntu/projects/Graphene-Band-Structure-Quantum-Espresso/outputs/field_0/vdw-df2-c09/top/data/ldos.pp.dat901.xsf
     Plot Type: 3D                     Output format: XCrySDen     
     Reading data from file  /home/ubuntu/projects/Graphene-Band-Structure-Quantum-Espresso/outputs/field_0/vdw-df2-c09/top/data/ldos.pp.dat902

     Writing data to be plotted to file /home/ubuntu/projects/Graphene-Band-Structure-Quantum-Espresso/outputs/field_0/vdw-df2-c09/top/data/ldos.pp.dat902.xsf
     Plot Type: 3D                     Output format: XCrySDen     
     Reading data from file  /home/ubuntu/projects/Graphene-Band-Structure-Quantum-Espresso/outputs/field_0/vdw-df2-c09/top/data/ldos.pp.dat903

     Writing data to be plotted to file /home/ubuntu/projects/Graphene-Band-Structure-Quantum-Espresso/outputs/field_0/vdw-df2-c09/top/data/ldos.pp.dat903.xsf
     Plot Type: 3D                     Output format: XCrySDen     
     Reading data from file  /home/ubuntu/projects/Graphene-Band-Structure-Quantum-Espresso/outputs/field_0/vdw-df2-c09/top/data/ldos.pp.dat904

     Writing data to be plotted to file /home/ubuntu/projects/Graphene-Band-Structure-Quantum-Espresso/outputs/field_0/vdw-df2-c09/top/data/ldos.pp.dat904.xsf
     Plot Type: 3D                     Output format: XCrySDen     
     Reading data from file  /home/ubuntu/projects/Graphene-Band-Structure-Quantum-Espresso/outputs/field_0/vdw-df2-c09/top/data/ldos.pp.dat905

     Writing data to be plotted to file /home/ubuntu/projects/Graphene-Band-Structure-Quantum-Espresso/outputs/field_0/vdw-df2-c09/top/data/ldos.pp.dat905.xsf
     Plot Type: 3D                     Output format: XCrySDen     
     Reading data from file  /home/ubuntu/projects/Graphene-Band-Structure-Quantum-Espresso/outputs/field_0/vdw-df2-c09/top/data/ldos.pp.dat906

     Writing data to be plotted to file /home/ubuntu/projects/Graphene-Band-Structure-Quantum-Espresso/outputs/field_0/vdw-df2-c09/top/data/ldos.pp.dat906.xsf
     Plot Type: 3D                     Output format: XCrySDen     
     Reading data from file  /home/ubuntu/projects/Graphene-Band-Structure-Quantum-Espresso/outputs/field_0/vdw-df2-c09/top/data/ldos.pp.dat907

     Writing data to be plotted to file /home/ubuntu/projects/Graphene-Band-Structure-Quantum-Espresso/outputs/field_0/vdw-df2-c09/top/data/ldos.pp.dat907.xsf
     Plot Type: 3D                     Output format: XCrySDen     
     Reading data from file  /home/ubuntu/projects/Graphene-Band-Structure-Quantum-Espresso/outputs/field_0/vdw-df2-c09/top/data/ldos.pp.dat908

     Writing data to be plotted to file /home/ubuntu/projects/Graphene-Band-Structure-Quantum-Espresso/outputs/field_0/vdw-df2-c09/top/data/ldos.pp.dat908.xsf
     Plot Type: 3D                     Output format: XCrySDen     
     Reading data from file  /home/ubuntu/projects/Graphene-Band-Structure-Quantum-Espresso/outputs/field_0/vdw-df2-c09/top/data/ldos.pp.dat909

     Writing data to be plotted to file /home/ubuntu/projects/Graphene-Band-Structure-Quantum-Espresso/outputs/field_0/vdw-df2-c09/top/data/ldos.pp.dat909.xsf
     Plot Type: 3D                     Output format: XCrySDen     
     Reading data from file  /home/ubuntu/projects/Graphene-Band-Structure-Quantum-Espresso/outputs/field_0/vdw-df2-c09/top/data/ldos.pp.dat910

     Writing data to be plotted to file /home/ubuntu/projects/Graphene-Band-Structure-Quantum-Espresso/outputs/field_0/vdw-df2-c09/top/data/ldos.pp.dat910.xsf
     Plot Type: 3D                     Output format: XCrySDen     
     Reading data from file  /home/ubuntu/projects/Graphene-Band-Structure-Quantum-Espresso/outputs/field_0/vdw-df2-c09/top/data/ldos.pp.dat911

     Writing data to be plotted to file /home/ubuntu/projects/Graphene-Band-Structure-Quantum-Espresso/outputs/field_0/vdw-df2-c09/top/data/ldos.pp.dat911.xsf
     Plot Type: 3D                     Output format: XCrySDen     
     Reading data from file  /home/ubuntu/projects/Graphene-Band-Structure-Quantum-Espresso/outputs/field_0/vdw-df2-c09/top/data/ldos.pp.dat912

     Writing data to be plotted to file /home/ubuntu/projects/Graphene-Band-Structure-Quantum-Espresso/outputs/field_0/vdw-df2-c09/top/data/ldos.pp.dat912.xsf
     Plot Type: 3D                     Output format: XCrySDen     
     Reading data from file  /home/ubuntu/projects/Graphene-Band-Structure-Quantum-Espresso/outputs/field_0/vdw-df2-c09/top/data/ldos.pp.dat913

     Writing data to be plotted to file /home/ubuntu/projects/Graphene-Band-Structure-Quantum-Espresso/outputs/field_0/vdw-df2-c09/top/data/ldos.pp.dat913.xsf
     Plot Type: 3D                     Output format: XCrySDen     
     Reading data from file  /home/ubuntu/projects/Graphene-Band-Structure-Quantum-Espresso/outputs/field_0/vdw-df2-c09/top/data/ldos.pp.dat914

     Writing data to be plotted to file /home/ubuntu/projects/Graphene-Band-Structure-Quantum-Espresso/outputs/field_0/vdw-df2-c09/top/data/ldos.pp.dat914.xsf
     Plot Type: 3D                     Output format: XCrySDen     
     Reading data from file  /home/ubuntu/projects/Graphene-Band-Structure-Quantum-Espresso/outputs/field_0/vdw-df2-c09/top/data/ldos.pp.dat915

     Writing data to be plotted to file /home/ubuntu/projects/Graphene-Band-Structure-Quantum-Espresso/outputs/field_0/vdw-df2-c09/top/data/ldos.pp.dat915.xsf
     Plot Type: 3D                     Output format: XCrySDen     
     Reading data from file  /home/ubuntu/projects/Graphene-Band-Structure-Quantum-Espresso/outputs/field_0/vdw-df2-c09/top/data/ldos.pp.dat916

     Writing data to be plotted to file /home/ubuntu/projects/Graphene-Band-Structure-Quantum-Espresso/outputs/field_0/vdw-df2-c09/top/data/ldos.pp.dat916.xsf
     Plot Type: 3D                     Output format: XCrySDen     
     Reading data from file  /home/ubuntu/projects/Graphene-Band-Structure-Quantum-Espresso/outputs/field_0/vdw-df2-c09/top/data/ldos.pp.dat917

     Writing data to be plotted to file /home/ubuntu/projects/Graphene-Band-Structure-Quantum-Espresso/outputs/field_0/vdw-df2-c09/top/data/ldos.pp.dat917.xsf
     Plot Type: 3D                     Output format: XCrySDen     
     Reading data from file  /home/ubuntu/projects/Graphene-Band-Structure-Quantum-Espresso/outputs/field_0/vdw-df2-c09/top/data/ldos.pp.dat918

     Writing data to be plotted to file /home/ubuntu/projects/Graphene-Band-Structure-Quantum-Espresso/outputs/field_0/vdw-df2-c09/top/data/ldos.pp.dat918.xsf
     Plot Type: 3D                     Output format: XCrySDen     
     Reading data from file  /home/ubuntu/projects/Graphene-Band-Structure-Quantum-Espresso/outputs/field_0/vdw-df2-c09/top/data/ldos.pp.dat919

     Writing data to be plotted to file /home/ubuntu/projects/Graphene-Band-Structure-Quantum-Espresso/outputs/field_0/vdw-df2-c09/top/data/ldos.pp.dat919.xsf
     Plot Type: 3D                     Output format: XCrySDen     
     Reading data from file  /home/ubuntu/projects/Graphene-Band-Structure-Quantum-Espresso/outputs/field_0/vdw-df2-c09/top/data/ldos.pp.dat920

     Writing data to be plotted to file /home/ubuntu/projects/Graphene-Band-Structure-Quantum-Espresso/outputs/field_0/vdw-df2-c09/top/data/ldos.pp.dat920.xsf
     Plot Type: 3D                     Output format: XCrySDen     
     Reading data from file  /home/ubuntu/projects/Graphene-Band-Structure-Quantum-Espresso/outputs/field_0/vdw-df2-c09/top/data/ldos.pp.dat921

     Writing data to be plotted to file /home/ubuntu/projects/Graphene-Band-Structure-Quantum-Espresso/outputs/field_0/vdw-df2-c09/top/data/ldos.pp.dat921.xsf
     Plot Type: 3D                     Output format: XCrySDen     
     Reading data from file  /home/ubuntu/projects/Graphene-Band-Structure-Quantum-Espresso/outputs/field_0/vdw-df2-c09/top/data/ldos.pp.dat922

     Writing data to be plotted to file /home/ubuntu/projects/Graphene-Band-Structure-Quantum-Espresso/outputs/field_0/vdw-df2-c09/top/data/ldos.pp.dat922.xsf
     Plot Type: 3D                     Output format: XCrySDen     
     Reading data from file  /home/ubuntu/projects/Graphene-Band-Structure-Quantum-Espresso/outputs/field_0/vdw-df2-c09/top/data/ldos.pp.dat923

     Writing data to be plotted to file /home/ubuntu/projects/Graphene-Band-Structure-Quantum-Espresso/outputs/field_0/vdw-df2-c09/top/data/ldos.pp.dat923.xsf
     Plot Type: 3D                     Output format: XCrySDen     
     Reading data from file  /home/ubuntu/projects/Graphene-Band-Structure-Quantum-Espresso/outputs/field_0/vdw-df2-c09/top/data/ldos.pp.dat924

     Writing data to be plotted to file /home/ubuntu/projects/Graphene-Band-Structure-Quantum-Espresso/outputs/field_0/vdw-df2-c09/top/data/ldos.pp.dat924.xsf
     Plot Type: 3D                     Output format: XCrySDen     
     Reading data from file  /home/ubuntu/projects/Graphene-Band-Structure-Quantum-Espresso/outputs/field_0/vdw-df2-c09/top/data/ldos.pp.dat925

     Writing data to be plotted to file /home/ubuntu/projects/Graphene-Band-Structure-Quantum-Espresso/outputs/field_0/vdw-df2-c09/top/data/ldos.pp.dat925.xsf
     Plot Type: 3D                     Output format: XCrySDen     
     Reading data from file  /home/ubuntu/projects/Graphene-Band-Structure-Quantum-Espresso/outputs/field_0/vdw-df2-c09/top/data/ldos.pp.dat926

     Writing data to be plotted to file /home/ubuntu/projects/Graphene-Band-Structure-Quantum-Espresso/outputs/field_0/vdw-df2-c09/top/data/ldos.pp.dat926.xsf
     Plot Type: 3D                     Output format: XCrySDen     
     Reading data from file  /home/ubuntu/projects/Graphene-Band-Structure-Quantum-Espresso/outputs/field_0/vdw-df2-c09/top/data/ldos.pp.dat927

     Writing data to be plotted to file /home/ubuntu/projects/Graphene-Band-Structure-Quantum-Espresso/outputs/field_0/vdw-df2-c09/top/data/ldos.pp.dat927.xsf
     Plot Type: 3D                     Output format: XCrySDen     
     Reading data from file  /home/ubuntu/projects/Graphene-Band-Structure-Quantum-Espresso/outputs/field_0/vdw-df2-c09/top/data/ldos.pp.dat928

     Writing data to be plotted to file /home/ubuntu/projects/Graphene-Band-Structure-Quantum-Espresso/outputs/field_0/vdw-df2-c09/top/data/ldos.pp.dat928.xsf
     Plot Type: 3D                     Output format: XCrySDen     
     Reading data from file  /home/ubuntu/projects/Graphene-Band-Structure-Quantum-Espresso/outputs/field_0/vdw-df2-c09/top/data/ldos.pp.dat929

     Writing data to be plotted to file /home/ubuntu/projects/Graphene-Band-Structure-Quantum-Espresso/outputs/field_0/vdw-df2-c09/top/data/ldos.pp.dat929.xsf
     Plot Type: 3D                     Output format: XCrySDen     
     Reading data from file  /home/ubuntu/projects/Graphene-Band-Structure-Quantum-Espresso/outputs/field_0/vdw-df2-c09/top/data/ldos.pp.dat930

     Writing data to be plotted to file /home/ubuntu/projects/Graphene-Band-Structure-Quantum-Espresso/outputs/field_0/vdw-df2-c09/top/data/ldos.pp.dat930.xsf
     Plot Type: 3D                     Output format: XCrySDen     
     Reading data from file  /home/ubuntu/projects/Graphene-Band-Structure-Quantum-Espresso/outputs/field_0/vdw-df2-c09/top/data/ldos.pp.dat931

     Writing data to be plotted to file /home/ubuntu/projects/Graphene-Band-Structure-Quantum-Espresso/outputs/field_0/vdw-df2-c09/top/data/ldos.pp.dat931.xsf
     Plot Type: 3D                     Output format: XCrySDen     
     Reading data from file  /home/ubuntu/projects/Graphene-Band-Structure-Quantum-Espresso/outputs/field_0/vdw-df2-c09/top/data/ldos.pp.dat932

     Writing data to be plotted to file /home/ubuntu/projects/Graphene-Band-Structure-Quantum-Espresso/outputs/field_0/vdw-df2-c09/top/data/ldos.pp.dat932.xsf
     Plot Type: 3D                     Output format: XCrySDen     
     Reading data from file  /home/ubuntu/projects/Graphene-Band-Structure-Quantum-Espresso/outputs/field_0/vdw-df2-c09/top/data/ldos.pp.dat933

     Writing data to be plotted to file /home/ubuntu/projects/Graphene-Band-Structure-Quantum-Espresso/outputs/field_0/vdw-df2-c09/top/data/ldos.pp.dat933.xsf
     Plot Type: 3D                     Output format: XCrySDen     
     Reading data from file  /home/ubuntu/projects/Graphene-Band-Structure-Quantum-Espresso/outputs/field_0/vdw-df2-c09/top/data/ldos.pp.dat934

     Writing data to be plotted to file /home/ubuntu/projects/Graphene-Band-Structure-Quantum-Espresso/outputs/field_0/vdw-df2-c09/top/data/ldos.pp.dat934.xsf
     Plot Type: 3D                     Output format: XCrySDen     
     Reading data from file  /home/ubuntu/projects/Graphene-Band-Structure-Quantum-Espresso/outputs/field_0/vdw-df2-c09/top/data/ldos.pp.dat935

     Writing data to be plotted to file /home/ubuntu/projects/Graphene-Band-Structure-Quantum-Espresso/outputs/field_0/vdw-df2-c09/top/data/ldos.pp.dat935.xsf
     Plot Type: 3D                     Output format: XCrySDen     
     Reading data from file  /home/ubuntu/projects/Graphene-Band-Structure-Quantum-Espresso/outputs/field_0/vdw-df2-c09/top/data/ldos.pp.dat936

     Writing data to be plotted to file /home/ubuntu/projects/Graphene-Band-Structure-Quantum-Espresso/outputs/field_0/vdw-df2-c09/top/data/ldos.pp.dat936.xsf
     Plot Type: 3D                     Output format: XCrySDen     
     Reading data from file  /home/ubuntu/projects/Graphene-Band-Structure-Quantum-Espresso/outputs/field_0/vdw-df2-c09/top/data/ldos.pp.dat937

     Writing data to be plotted to file /home/ubuntu/projects/Graphene-Band-Structure-Quantum-Espresso/outputs/field_0/vdw-df2-c09/top/data/ldos.pp.dat937.xsf
     Plot Type: 3D                     Output format: XCrySDen     
     Reading data from file  /home/ubuntu/projects/Graphene-Band-Structure-Quantum-Espresso/outputs/field_0/vdw-df2-c09/top/data/ldos.pp.dat938

     Writing data to be plotted to file /home/ubuntu/projects/Graphene-Band-Structure-Quantum-Espresso/outputs/field_0/vdw-df2-c09/top/data/ldos.pp.dat938.xsf
     Plot Type: 3D                     Output format: XCrySDen     
     Reading data from file  /home/ubuntu/projects/Graphene-Band-Structure-Quantum-Espresso/outputs/field_0/vdw-df2-c09/top/data/ldos.pp.dat939

     Writing data to be plotted to file /home/ubuntu/projects/Graphene-Band-Structure-Quantum-Espresso/outputs/field_0/vdw-df2-c09/top/data/ldos.pp.dat939.xsf
     Plot Type: 3D                     Output format: XCrySDen     
     Reading data from file  /home/ubuntu/projects/Graphene-Band-Structure-Quantum-Espresso/outputs/field_0/vdw-df2-c09/top/data/ldos.pp.dat940

     Writing data to be plotted to file /home/ubuntu/projects/Graphene-Band-Structure-Quantum-Espresso/outputs/field_0/vdw-df2-c09/top/data/ldos.pp.dat940.xsf
     Plot Type: 3D                     Output format: XCrySDen     
     Reading data from file  /home/ubuntu/projects/Graphene-Band-Structure-Quantum-Espresso/outputs/field_0/vdw-df2-c09/top/data/ldos.pp.dat941

     Writing data to be plotted to file /home/ubuntu/projects/Graphene-Band-Structure-Quantum-Espresso/outputs/field_0/vdw-df2-c09/top/data/ldos.pp.dat941.xsf
     Plot Type: 3D                     Output format: XCrySDen     
     Reading data from file  /home/ubuntu/projects/Graphene-Band-Structure-Quantum-Espresso/outputs/field_0/vdw-df2-c09/top/data/ldos.pp.dat942

     Writing data to be plotted to file /home/ubuntu/projects/Graphene-Band-Structure-Quantum-Espresso/outputs/field_0/vdw-df2-c09/top/data/ldos.pp.dat942.xsf
     Plot Type: 3D                     Output format: XCrySDen     
     Reading data from file  /home/ubuntu/projects/Graphene-Band-Structure-Quantum-Espresso/outputs/field_0/vdw-df2-c09/top/data/ldos.pp.dat943

     Writing data to be plotted to file /home/ubuntu/projects/Graphene-Band-Structure-Quantum-Espresso/outputs/field_0/vdw-df2-c09/top/data/ldos.pp.dat943.xsf
     Plot Type: 3D                     Output format: XCrySDen     
     Reading data from file  /home/ubuntu/projects/Graphene-Band-Structure-Quantum-Espresso/outputs/field_0/vdw-df2-c09/top/data/ldos.pp.dat944

     Writing data to be plotted to file /home/ubuntu/projects/Graphene-Band-Structure-Quantum-Espresso/outputs/field_0/vdw-df2-c09/top/data/ldos.pp.dat944.xsf
     Plot Type: 3D                     Output format: XCrySDen     
     Reading data from file  /home/ubuntu/projects/Graphene-Band-Structure-Quantum-Espresso/outputs/field_0/vdw-df2-c09/top/data/ldos.pp.dat945

     Writing data to be plotted to file /home/ubuntu/projects/Graphene-Band-Structure-Quantum-Espresso/outputs/field_0/vdw-df2-c09/top/data/ldos.pp.dat945.xsf
     Plot Type: 3D                     Output format: XCrySDen     
     Reading data from file  /home/ubuntu/projects/Graphene-Band-Structure-Quantum-Espresso/outputs/field_0/vdw-df2-c09/top/data/ldos.pp.dat946

     Writing data to be plotted to file /home/ubuntu/projects/Graphene-Band-Structure-Quantum-Espresso/outputs/field_0/vdw-df2-c09/top/data/ldos.pp.dat946.xsf
     Plot Type: 3D                     Output format: XCrySDen     
     Reading data from file  /home/ubuntu/projects/Graphene-Band-Structure-Quantum-Espresso/outputs/field_0/vdw-df2-c09/top/data/ldos.pp.dat947

     Writing data to be plotted to file /home/ubuntu/projects/Graphene-Band-Structure-Quantum-Espresso/outputs/field_0/vdw-df2-c09/top/data/ldos.pp.dat947.xsf
     Plot Type: 3D                     Output format: XCrySDen     
     Reading data from file  /home/ubuntu/projects/Graphene-Band-Structure-Quantum-Espresso/outputs/field_0/vdw-df2-c09/top/data/ldos.pp.dat948

     Writing data to be plotted to file /home/ubuntu/projects/Graphene-Band-Structure-Quantum-Espresso/outputs/field_0/vdw-df2-c09/top/data/ldos.pp.dat948.xsf
     Plot Type: 3D                     Output format: XCrySDen     
     Reading data from file  /home/ubuntu/projects/Graphene-Band-Structure-Quantum-Espresso/outputs/field_0/vdw-df2-c09/top/data/ldos.pp.dat949

     Writing data to be plotted to file /home/ubuntu/projects/Graphene-Band-Structure-Quantum-Espresso/outputs/field_0/vdw-df2-c09/top/data/ldos.pp.dat949.xsf
     Plot Type: 3D                     Output format: XCrySDen     
     Reading data from file  /home/ubuntu/projects/Graphene-Band-Structure-Quantum-Espresso/outputs/field_0/vdw-df2-c09/top/data/ldos.pp.dat950

     Writing data to be plotted to file /home/ubuntu/projects/Graphene-Band-Structure-Quantum-Espresso/outputs/field_0/vdw-df2-c09/top/data/ldos.pp.dat950.xsf
     Plot Type: 3D                     Output format: XCrySDen     
     Reading data from file  /home/ubuntu/projects/Graphene-Band-Structure-Quantum-Espresso/outputs/field_0/vdw-df2-c09/top/data/ldos.pp.dat951

     Writing data to be plotted to file /home/ubuntu/projects/Graphene-Band-Structure-Quantum-Espresso/outputs/field_0/vdw-df2-c09/top/data/ldos.pp.dat951.xsf
     Plot Type: 3D                     Output format: XCrySDen     
     Reading data from file  /home/ubuntu/projects/Graphene-Band-Structure-Quantum-Espresso/outputs/field_0/vdw-df2-c09/top/data/ldos.pp.dat952

     Writing data to be plotted to file /home/ubuntu/projects/Graphene-Band-Structure-Quantum-Espresso/outputs/field_0/vdw-df2-c09/top/data/ldos.pp.dat952.xsf
     Plot Type: 3D                     Output format: XCrySDen     
     Reading data from file  /home/ubuntu/projects/Graphene-Band-Structure-Quantum-Espresso/outputs/field_0/vdw-df2-c09/top/data/ldos.pp.dat953

     Writing data to be plotted to file /home/ubuntu/projects/Graphene-Band-Structure-Quantum-Espresso/outputs/field_0/vdw-df2-c09/top/data/ldos.pp.dat953.xsf
     Plot Type: 3D                     Output format: XCrySDen     
     Reading data from file  /home/ubuntu/projects/Graphene-Band-Structure-Quantum-Espresso/outputs/field_0/vdw-df2-c09/top/data/ldos.pp.dat954

     Writing data to be plotted to file /home/ubuntu/projects/Graphene-Band-Structure-Quantum-Espresso/outputs/field_0/vdw-df2-c09/top/data/ldos.pp.dat954.xsf
     Plot Type: 3D                     Output format: XCrySDen     
     Reading data from file  /home/ubuntu/projects/Graphene-Band-Structure-Quantum-Espresso/outputs/field_0/vdw-df2-c09/top/data/ldos.pp.dat955

     Writing data to be plotted to file /home/ubuntu/projects/Graphene-Band-Structure-Quantum-Espresso/outputs/field_0/vdw-df2-c09/top/data/ldos.pp.dat955.xsf
     Plot Type: 3D                     Output format: XCrySDen     
     Reading data from file  /home/ubuntu/projects/Graphene-Band-Structure-Quantum-Espresso/outputs/field_0/vdw-df2-c09/top/data/ldos.pp.dat956

     Writing data to be plotted to file /home/ubuntu/projects/Graphene-Band-Structure-Quantum-Espresso/outputs/field_0/vdw-df2-c09/top/data/ldos.pp.dat956.xsf
     Plot Type: 3D                     Output format: XCrySDen     
     Reading data from file  /home/ubuntu/projects/Graphene-Band-Structure-Quantum-Espresso/outputs/field_0/vdw-df2-c09/top/data/ldos.pp.dat957

     Writing data to be plotted to file /home/ubuntu/projects/Graphene-Band-Structure-Quantum-Espresso/outputs/field_0/vdw-df2-c09/top/data/ldos.pp.dat957.xsf
     Plot Type: 3D                     Output format: XCrySDen     
     Reading data from file  /home/ubuntu/projects/Graphene-Band-Structure-Quantum-Espresso/outputs/field_0/vdw-df2-c09/top/data/ldos.pp.dat958

     Writing data to be plotted to file /home/ubuntu/projects/Graphene-Band-Structure-Quantum-Espresso/outputs/field_0/vdw-df2-c09/top/data/ldos.pp.dat958.xsf
     Plot Type: 3D                     Output format: XCrySDen     
     Reading data from file  /home/ubuntu/projects/Graphene-Band-Structure-Quantum-Espresso/outputs/field_0/vdw-df2-c09/top/data/ldos.pp.dat959

     Writing data to be plotted to file /home/ubuntu/projects/Graphene-Band-Structure-Quantum-Espresso/outputs/field_0/vdw-df2-c09/top/data/ldos.pp.dat959.xsf
     Plot Type: 3D                     Output format: XCrySDen     
     Reading data from file  /home/ubuntu/projects/Graphene-Band-Structure-Quantum-Espresso/outputs/field_0/vdw-df2-c09/top/data/ldos.pp.dat960

     Writing data to be plotted to file /home/ubuntu/projects/Graphene-Band-Structure-Quantum-Espresso/outputs/field_0/vdw-df2-c09/top/data/ldos.pp.dat960.xsf
     Plot Type: 3D                     Output format: XCrySDen     
     Reading data from file  /home/ubuntu/projects/Graphene-Band-Structure-Quantum-Espresso/outputs/field_0/vdw-df2-c09/top/data/ldos.pp.dat961

     Writing data to be plotted to file /home/ubuntu/projects/Graphene-Band-Structure-Quantum-Espresso/outputs/field_0/vdw-df2-c09/top/data/ldos.pp.dat961.xsf
     Plot Type: 3D                     Output format: XCrySDen     
     Reading data from file  /home/ubuntu/projects/Graphene-Band-Structure-Quantum-Espresso/outputs/field_0/vdw-df2-c09/top/data/ldos.pp.dat962

     Writing data to be plotted to file /home/ubuntu/projects/Graphene-Band-Structure-Quantum-Espresso/outputs/field_0/vdw-df2-c09/top/data/ldos.pp.dat962.xsf
     Plot Type: 3D                     Output format: XCrySDen     
     Reading data from file  /home/ubuntu/projects/Graphene-Band-Structure-Quantum-Espresso/outputs/field_0/vdw-df2-c09/top/data/ldos.pp.dat963

     Writing data to be plotted to file /home/ubuntu/projects/Graphene-Band-Structure-Quantum-Espresso/outputs/field_0/vdw-df2-c09/top/data/ldos.pp.dat963.xsf
     Plot Type: 3D                     Output format: XCrySDen     
     Reading data from file  /home/ubuntu/projects/Graphene-Band-Structure-Quantum-Espresso/outputs/field_0/vdw-df2-c09/top/data/ldos.pp.dat964

     Writing data to be plotted to file /home/ubuntu/projects/Graphene-Band-Structure-Quantum-Espresso/outputs/field_0/vdw-df2-c09/top/data/ldos.pp.dat964.xsf
     Plot Type: 3D                     Output format: XCrySDen     
     Reading data from file  /home/ubuntu/projects/Graphene-Band-Structure-Quantum-Espresso/outputs/field_0/vdw-df2-c09/top/data/ldos.pp.dat965

     Writing data to be plotted to file /home/ubuntu/projects/Graphene-Band-Structure-Quantum-Espresso/outputs/field_0/vdw-df2-c09/top/data/ldos.pp.dat965.xsf
     Plot Type: 3D                     Output format: XCrySDen     
     Reading data from file  /home/ubuntu/projects/Graphene-Band-Structure-Quantum-Espresso/outputs/field_0/vdw-df2-c09/top/data/ldos.pp.dat966

     Writing data to be plotted to file /home/ubuntu/projects/Graphene-Band-Structure-Quantum-Espresso/outputs/field_0/vdw-df2-c09/top/data/ldos.pp.dat966.xsf
     Plot Type: 3D                     Output format: XCrySDen     
     Reading data from file  /home/ubuntu/projects/Graphene-Band-Structure-Quantum-Espresso/outputs/field_0/vdw-df2-c09/top/data/ldos.pp.dat967

     Writing data to be plotted to file /home/ubuntu/projects/Graphene-Band-Structure-Quantum-Espresso/outputs/field_0/vdw-df2-c09/top/data/ldos.pp.dat967.xsf
     Plot Type: 3D                     Output format: XCrySDen     
     Reading data from file  /home/ubuntu/projects/Graphene-Band-Structure-Quantum-Espresso/outputs/field_0/vdw-df2-c09/top/data/ldos.pp.dat968

     Writing data to be plotted to file /home/ubuntu/projects/Graphene-Band-Structure-Quantum-Espresso/outputs/field_0/vdw-df2-c09/top/data/ldos.pp.dat968.xsf
     Plot Type: 3D                     Output format: XCrySDen     
     Reading data from file  /home/ubuntu/projects/Graphene-Band-Structure-Quantum-Espresso/outputs/field_0/vdw-df2-c09/top/data/ldos.pp.dat969

     Writing data to be plotted to file /home/ubuntu/projects/Graphene-Band-Structure-Quantum-Espresso/outputs/field_0/vdw-df2-c09/top/data/ldos.pp.dat969.xsf
     Plot Type: 3D                     Output format: XCrySDen     
     Reading data from file  /home/ubuntu/projects/Graphene-Band-Structure-Quantum-Espresso/outputs/field_0/vdw-df2-c09/top/data/ldos.pp.dat970

     Writing data to be plotted to file /home/ubuntu/projects/Graphene-Band-Structure-Quantum-Espresso/outputs/field_0/vdw-df2-c09/top/data/ldos.pp.dat970.xsf
     Plot Type: 3D                     Output format: XCrySDen     
     Reading data from file  /home/ubuntu/projects/Graphene-Band-Structure-Quantum-Espresso/outputs/field_0/vdw-df2-c09/top/data/ldos.pp.dat971

     Writing data to be plotted to file /home/ubuntu/projects/Graphene-Band-Structure-Quantum-Espresso/outputs/field_0/vdw-df2-c09/top/data/ldos.pp.dat971.xsf
     Plot Type: 3D                     Output format: XCrySDen     
     Reading data from file  /home/ubuntu/projects/Graphene-Band-Structure-Quantum-Espresso/outputs/field_0/vdw-df2-c09/top/data/ldos.pp.dat972

     Writing data to be plotted to file /home/ubuntu/projects/Graphene-Band-Structure-Quantum-Espresso/outputs/field_0/vdw-df2-c09/top/data/ldos.pp.dat972.xsf
     Plot Type: 3D                     Output format: XCrySDen     
     Reading data from file  /home/ubuntu/projects/Graphene-Band-Structure-Quantum-Espresso/outputs/field_0/vdw-df2-c09/top/data/ldos.pp.dat973

     Writing data to be plotted to file /home/ubuntu/projects/Graphene-Band-Structure-Quantum-Espresso/outputs/field_0/vdw-df2-c09/top/data/ldos.pp.dat973.xsf
     Plot Type: 3D                     Output format: XCrySDen     
     Reading data from file  /home/ubuntu/projects/Graphene-Band-Structure-Quantum-Espresso/outputs/field_0/vdw-df2-c09/top/data/ldos.pp.dat974

     Writing data to be plotted to file /home/ubuntu/projects/Graphene-Band-Structure-Quantum-Espresso/outputs/field_0/vdw-df2-c09/top/data/ldos.pp.dat974.xsf
     Plot Type: 3D                     Output format: XCrySDen     
     Reading data from file  /home/ubuntu/projects/Graphene-Band-Structure-Quantum-Espresso/outputs/field_0/vdw-df2-c09/top/data/ldos.pp.dat975

     Writing data to be plotted to file /home/ubuntu/projects/Graphene-Band-Structure-Quantum-Espresso/outputs/field_0/vdw-df2-c09/top/data/ldos.pp.dat975.xsf
     Plot Type: 3D                     Output format: XCrySDen     
     Reading data from file  /home/ubuntu/projects/Graphene-Band-Structure-Quantum-Espresso/outputs/field_0/vdw-df2-c09/top/data/ldos.pp.dat976

     Writing data to be plotted to file /home/ubuntu/projects/Graphene-Band-Structure-Quantum-Espresso/outputs/field_0/vdw-df2-c09/top/data/ldos.pp.dat976.xsf
     Plot Type: 3D                     Output format: XCrySDen     
     Reading data from file  /home/ubuntu/projects/Graphene-Band-Structure-Quantum-Espresso/outputs/field_0/vdw-df2-c09/top/data/ldos.pp.dat977

     Writing data to be plotted to file /home/ubuntu/projects/Graphene-Band-Structure-Quantum-Espresso/outputs/field_0/vdw-df2-c09/top/data/ldos.pp.dat977.xsf
     Plot Type: 3D                     Output format: XCrySDen     
     Reading data from file  /home/ubuntu/projects/Graphene-Band-Structure-Quantum-Espresso/outputs/field_0/vdw-df2-c09/top/data/ldos.pp.dat978

     Writing data to be plotted to file /home/ubuntu/projects/Graphene-Band-Structure-Quantum-Espresso/outputs/field_0/vdw-df2-c09/top/data/ldos.pp.dat978.xsf
     Plot Type: 3D                     Output format: XCrySDen     
     Reading data from file  /home/ubuntu/projects/Graphene-Band-Structure-Quantum-Espresso/outputs/field_0/vdw-df2-c09/top/data/ldos.pp.dat979

     Writing data to be plotted to file /home/ubuntu/projects/Graphene-Band-Structure-Quantum-Espresso/outputs/field_0/vdw-df2-c09/top/data/ldos.pp.dat979.xsf
     Plot Type: 3D                     Output format: XCrySDen     
     Reading data from file  /home/ubuntu/projects/Graphene-Band-Structure-Quantum-Espresso/outputs/field_0/vdw-df2-c09/top/data/ldos.pp.dat980

     Writing data to be plotted to file /home/ubuntu/projects/Graphene-Band-Structure-Quantum-Espresso/outputs/field_0/vdw-df2-c09/top/data/ldos.pp.dat980.xsf
     Plot Type: 3D                     Output format: XCrySDen     
     Reading data from file  /home/ubuntu/projects/Graphene-Band-Structure-Quantum-Espresso/outputs/field_0/vdw-df2-c09/top/data/ldos.pp.dat981

     Writing data to be plotted to file /home/ubuntu/projects/Graphene-Band-Structure-Quantum-Espresso/outputs/field_0/vdw-df2-c09/top/data/ldos.pp.dat981.xsf
     Plot Type: 3D                     Output format: XCrySDen     
     Reading data from file  /home/ubuntu/projects/Graphene-Band-Structure-Quantum-Espresso/outputs/field_0/vdw-df2-c09/top/data/ldos.pp.dat982

     Writing data to be plotted to file /home/ubuntu/projects/Graphene-Band-Structure-Quantum-Espresso/outputs/field_0/vdw-df2-c09/top/data/ldos.pp.dat982.xsf
     Plot Type: 3D                     Output format: XCrySDen     
     Reading data from file  /home/ubuntu/projects/Graphene-Band-Structure-Quantum-Espresso/outputs/field_0/vdw-df2-c09/top/data/ldos.pp.dat983

     Writing data to be plotted to file /home/ubuntu/projects/Graphene-Band-Structure-Quantum-Espresso/outputs/field_0/vdw-df2-c09/top/data/ldos.pp.dat983.xsf
     Plot Type: 3D                     Output format: XCrySDen     
     Reading data from file  /home/ubuntu/projects/Graphene-Band-Structure-Quantum-Espresso/outputs/field_0/vdw-df2-c09/top/data/ldos.pp.dat984

     Writing data to be plotted to file /home/ubuntu/projects/Graphene-Band-Structure-Quantum-Espresso/outputs/field_0/vdw-df2-c09/top/data/ldos.pp.dat984.xsf
     Plot Type: 3D                     Output format: XCrySDen     
     Reading data from file  /home/ubuntu/projects/Graphene-Band-Structure-Quantum-Espresso/outputs/field_0/vdw-df2-c09/top/data/ldos.pp.dat985

     Writing data to be plotted to file /home/ubuntu/projects/Graphene-Band-Structure-Quantum-Espresso/outputs/field_0/vdw-df2-c09/top/data/ldos.pp.dat985.xsf
     Plot Type: 3D                     Output format: XCrySDen     
     Reading data from file  /home/ubuntu/projects/Graphene-Band-Structure-Quantum-Espresso/outputs/field_0/vdw-df2-c09/top/data/ldos.pp.dat986

     Writing data to be plotted to file /home/ubuntu/projects/Graphene-Band-Structure-Quantum-Espresso/outputs/field_0/vdw-df2-c09/top/data/ldos.pp.dat986.xsf
     Plot Type: 3D                     Output format: XCrySDen     
     Reading data from file  /home/ubuntu/projects/Graphene-Band-Structure-Quantum-Espresso/outputs/field_0/vdw-df2-c09/top/data/ldos.pp.dat987

     Writing data to be plotted to file /home/ubuntu/projects/Graphene-Band-Structure-Quantum-Espresso/outputs/field_0/vdw-df2-c09/top/data/ldos.pp.dat987.xsf
     Plot Type: 3D                     Output format: XCrySDen     
     Reading data from file  /home/ubuntu/projects/Graphene-Band-Structure-Quantum-Espresso/outputs/field_0/vdw-df2-c09/top/data/ldos.pp.dat988

     Writing data to be plotted to file /home/ubuntu/projects/Graphene-Band-Structure-Quantum-Espresso/outputs/field_0/vdw-df2-c09/top/data/ldos.pp.dat988.xsf
     Plot Type: 3D                     Output format: XCrySDen     
     Reading data from file  /home/ubuntu/projects/Graphene-Band-Structure-Quantum-Espresso/outputs/field_0/vdw-df2-c09/top/data/ldos.pp.dat989

     Writing data to be plotted to file /home/ubuntu/projects/Graphene-Band-Structure-Quantum-Espresso/outputs/field_0/vdw-df2-c09/top/data/ldos.pp.dat989.xsf
     Plot Type: 3D                     Output format: XCrySDen     
     Reading data from file  /home/ubuntu/projects/Graphene-Band-Structure-Quantum-Espresso/outputs/field_0/vdw-df2-c09/top/data/ldos.pp.dat990

     Writing data to be plotted to file /home/ubuntu/projects/Graphene-Band-Structure-Quantum-Espresso/outputs/field_0/vdw-df2-c09/top/data/ldos.pp.dat990.xsf
     Plot Type: 3D                     Output format: XCrySDen     
     Reading data from file  /home/ubuntu/projects/Graphene-Band-Structure-Quantum-Espresso/outputs/field_0/vdw-df2-c09/top/data/ldos.pp.dat991

     Writing data to be plotted to file /home/ubuntu/projects/Graphene-Band-Structure-Quantum-Espresso/outputs/field_0/vdw-df2-c09/top/data/ldos.pp.dat991.xsf
     Plot Type: 3D                     Output format: XCrySDen     
     Reading data from file  /home/ubuntu/projects/Graphene-Band-Structure-Quantum-Espresso/outputs/field_0/vdw-df2-c09/top/data/ldos.pp.dat992

     Writing data to be plotted to file /home/ubuntu/projects/Graphene-Band-Structure-Quantum-Espresso/outputs/field_0/vdw-df2-c09/top/data/ldos.pp.dat992.xsf
     Plot Type: 3D                     Output format: XCrySDen     
     Reading data from file  /home/ubuntu/projects/Graphene-Band-Structure-Quantum-Espresso/outputs/field_0/vdw-df2-c09/top/data/ldos.pp.dat993

     Writing data to be plotted to file /home/ubuntu/projects/Graphene-Band-Structure-Quantum-Espresso/outputs/field_0/vdw-df2-c09/top/data/ldos.pp.dat993.xsf
     Plot Type: 3D                     Output format: XCrySDen     
     Reading data from file  /home/ubuntu/projects/Graphene-Band-Structure-Quantum-Espresso/outputs/field_0/vdw-df2-c09/top/data/ldos.pp.dat994

     Writing data to be plotted to file /home/ubuntu/projects/Graphene-Band-Structure-Quantum-Espresso/outputs/field_0/vdw-df2-c09/top/data/ldos.pp.dat994.xsf
     Plot Type: 3D                     Output format: XCrySDen     
     Reading data from file  /home/ubuntu/projects/Graphene-Band-Structure-Quantum-Espresso/outputs/field_0/vdw-df2-c09/top/data/ldos.pp.dat995

     Writing data to be plotted to file /home/ubuntu/projects/Graphene-Band-Structure-Quantum-Espresso/outputs/field_0/vdw-df2-c09/top/data/ldos.pp.dat995.xsf
     Plot Type: 3D                     Output format: XCrySDen     
     Reading data from file  /home/ubuntu/projects/Graphene-Band-Structure-Quantum-Espresso/outputs/field_0/vdw-df2-c09/top/data/ldos.pp.dat996

     Writing data to be plotted to file /home/ubuntu/projects/Graphene-Band-Structure-Quantum-Espresso/outputs/field_0/vdw-df2-c09/top/data/ldos.pp.dat996.xsf
     Plot Type: 3D                     Output format: XCrySDen     
     Reading data from file  /home/ubuntu/projects/Graphene-Band-Structure-Quantum-Espresso/outputs/field_0/vdw-df2-c09/top/data/ldos.pp.dat997

     Writing data to be plotted to file /home/ubuntu/projects/Graphene-Band-Structure-Quantum-Espresso/outputs/field_0/vdw-df2-c09/top/data/ldos.pp.dat997.xsf
     Plot Type: 3D                     Output format: XCrySDen     
     Reading data from file  /home/ubuntu/projects/Graphene-Band-Structure-Quantum-Espresso/outputs/field_0/vdw-df2-c09/top/data/ldos.pp.dat998

     Writing data to be plotted to file /home/ubuntu/projects/Graphene-Band-Structure-Quantum-Espresso/outputs/field_0/vdw-df2-c09/top/data/ldos.pp.dat998.xsf
     Plot Type: 3D                     Output format: XCrySDen     
     Reading data from file  /home/ubuntu/projects/Graphene-Band-Structure-Quantum-Espresso/outputs/field_0/vdw-df2-c09/top/data/ldos.pp.dat999

     Writing data to be plotted to file /home/ubuntu/projects/Graphene-Band-Structure-Quantum-Espresso/outputs/field_0/vdw-df2-c09/top/data/ldos.pp.dat999.xsf
     Plot Type: 3D                     Output format: XCrySDen     
     Reading data from file  /home/ubuntu/projects/Graphene-Band-Structure-Quantum-Espresso/outputs/field_0/vdw-df2-c09/top/data/ldos.pp.dat1000

     Writing data to be plotted to file /home/ubuntu/projects/Graphene-Band-Structure-Quantum-Espresso/outputs/field_0/vdw-df2-c09/top/data/ldos.pp.dat1000.xsf
     Plot Type: 3D                     Output format: XCrySDen     
     Reading data from file  /home/ubuntu/projects/Graphene-Band-Structure-Quantum-Espresso/outputs/field_0/vdw-df2-c09/top/data/ldos.pp.dat1001

     Writing data to be plotted to file /home/ubuntu/projects/Graphene-Band-Structure-Quantum-Espresso/outputs/field_0/vdw-df2-c09/top/data/ldos.pp.dat1001.xsf
     Plot Type: 3D                     Output format: XCrySDen     
     Reading data from file  /home/ubuntu/projects/Graphene-Band-Structure-Quantum-Espresso/outputs/field_0/vdw-df2-c09/top/data/ldos.pp.dat1002

     Writing data to be plotted to file /home/ubuntu/projects/Graphene-Band-Structure-Quantum-Espresso/outputs/field_0/vdw-df2-c09/top/data/ldos.pp.dat1002.xsf
     Plot Type: 3D                     Output format: XCrySDen     
     Reading data from file  /home/ubuntu/projects/Graphene-Band-Structure-Quantum-Espresso/outputs/field_0/vdw-df2-c09/top/data/ldos.pp.dat1003

     Writing data to be plotted to file /home/ubuntu/projects/Graphene-Band-Structure-Quantum-Espresso/outputs/field_0/vdw-df2-c09/top/data/ldos.pp.dat1003.xsf
     Plot Type: 3D                     Output format: XCrySDen     
     Reading data from file  /home/ubuntu/projects/Graphene-Band-Structure-Quantum-Espresso/outputs/field_0/vdw-df2-c09/top/data/ldos.pp.dat1004

     Writing data to be plotted to file /home/ubuntu/projects/Graphene-Band-Structure-Quantum-Espresso/outputs/field_0/vdw-df2-c09/top/data/ldos.pp.dat1004.xsf
     Plot Type: 3D                     Output format: XCrySDen     
     Reading data from file  /home/ubuntu/projects/Graphene-Band-Structure-Quantum-Espresso/outputs/field_0/vdw-df2-c09/top/data/ldos.pp.dat1005

     Writing data to be plotted to file /home/ubuntu/projects/Graphene-Band-Structure-Quantum-Espresso/outputs/field_0/vdw-df2-c09/top/data/ldos.pp.dat1005.xsf
     Plot Type: 3D                     Output format: XCrySDen     
     Reading data from file  /home/ubuntu/projects/Graphene-Band-Structure-Quantum-Espresso/outputs/field_0/vdw-df2-c09/top/data/ldos.pp.dat1006

     Writing data to be plotted to file /home/ubuntu/projects/Graphene-Band-Structure-Quantum-Espresso/outputs/field_0/vdw-df2-c09/top/data/ldos.pp.dat1006.xsf
     Plot Type: 3D                     Output format: XCrySDen     
     Reading data from file  /home/ubuntu/projects/Graphene-Band-Structure-Quantum-Espresso/outputs/field_0/vdw-df2-c09/top/data/ldos.pp.dat1007

     Writing data to be plotted to file /home/ubuntu/projects/Graphene-Band-Structure-Quantum-Espresso/outputs/field_0/vdw-df2-c09/top/data/ldos.pp.dat1007.xsf
     Plot Type: 3D                     Output format: XCrySDen     
     Reading data from file  /home/ubuntu/projects/Graphene-Band-Structure-Quantum-Espresso/outputs/field_0/vdw-df2-c09/top/data/ldos.pp.dat1008

     Writing data to be plotted to file /home/ubuntu/projects/Graphene-Band-Structure-Quantum-Espresso/outputs/field_0/vdw-df2-c09/top/data/ldos.pp.dat1008.xsf
     Plot Type: 3D                     Output format: XCrySDen     
     Reading data from file  /home/ubuntu/projects/Graphene-Band-Structure-Quantum-Espresso/outputs/field_0/vdw-df2-c09/top/data/ldos.pp.dat1009

     Writing data to be plotted to file /home/ubuntu/projects/Graphene-Band-Structure-Quantum-Espresso/outputs/field_0/vdw-df2-c09/top/data/ldos.pp.dat1009.xsf
     Plot Type: 3D                     Output format: XCrySDen     
     Reading data from file  /home/ubuntu/projects/Graphene-Band-Structure-Quantum-Espresso/outputs/field_0/vdw-df2-c09/top/data/ldos.pp.dat1010

     Writing data to be plotted to file /home/ubuntu/projects/Graphene-Band-Structure-Quantum-Espresso/outputs/field_0/vdw-df2-c09/top/data/ldos.pp.dat1010.xsf
     Plot Type: 3D                     Output format: XCrySDen     
     Reading data from file  /home/ubuntu/projects/Graphene-Band-Structure-Quantum-Espresso/outputs/field_0/vdw-df2-c09/top/data/ldos.pp.dat1011

     Writing data to be plotted to file /home/ubuntu/projects/Graphene-Band-Structure-Quantum-Espresso/outputs/field_0/vdw-df2-c09/top/data/ldos.pp.dat1011.xsf
     Plot Type: 3D                     Output format: XCrySDen     
     Reading data from file  /home/ubuntu/projects/Graphene-Band-Structure-Quantum-Espresso/outputs/field_0/vdw-df2-c09/top/data/ldos.pp.dat1012

     Writing data to be plotted to file /home/ubuntu/projects/Graphene-Band-Structure-Quantum-Espresso/outputs/field_0/vdw-df2-c09/top/data/ldos.pp.dat1012.xsf
     Plot Type: 3D                     Output format: XCrySDen     
     Reading data from file  /home/ubuntu/projects/Graphene-Band-Structure-Quantum-Espresso/outputs/field_0/vdw-df2-c09/top/data/ldos.pp.dat1013

     Writing data to be plotted to file /home/ubuntu/projects/Graphene-Band-Structure-Quantum-Espresso/outputs/field_0/vdw-df2-c09/top/data/ldos.pp.dat1013.xsf
     Plot Type: 3D                     Output format: XCrySDen     
     Reading data from file  /home/ubuntu/projects/Graphene-Band-Structure-Quantum-Espresso/outputs/field_0/vdw-df2-c09/top/data/ldos.pp.dat1014

     Writing data to be plotted to file /home/ubuntu/projects/Graphene-Band-Structure-Quantum-Espresso/outputs/field_0/vdw-df2-c09/top/data/ldos.pp.dat1014.xsf
     Plot Type: 3D                     Output format: XCrySDen     
     Reading data from file  /home/ubuntu/projects/Graphene-Band-Structure-Quantum-Espresso/outputs/field_0/vdw-df2-c09/top/data/ldos.pp.dat1015

     Writing data to be plotted to file /home/ubuntu/projects/Graphene-Band-Structure-Quantum-Espresso/outputs/field_0/vdw-df2-c09/top/data/ldos.pp.dat1015.xsf
     Plot Type: 3D                     Output format: XCrySDen     
     Reading data from file  /home/ubuntu/projects/Graphene-Band-Structure-Quantum-Espresso/outputs/field_0/vdw-df2-c09/top/data/ldos.pp.dat1016

     Writing data to be plotted to file /home/ubuntu/projects/Graphene-Band-Structure-Quantum-Espresso/outputs/field_0/vdw-df2-c09/top/data/ldos.pp.dat1016.xsf
     Plot Type: 3D                     Output format: XCrySDen     
     Reading data from file  /home/ubuntu/projects/Graphene-Band-Structure-Quantum-Espresso/outputs/field_0/vdw-df2-c09/top/data/ldos.pp.dat1017

     Writing data to be plotted to file /home/ubuntu/projects/Graphene-Band-Structure-Quantum-Espresso/outputs/field_0/vdw-df2-c09/top/data/ldos.pp.dat1017.xsf
     Plot Type: 3D                     Output format: XCrySDen     
     Reading data from file  /home/ubuntu/projects/Graphene-Band-Structure-Quantum-Espresso/outputs/field_0/vdw-df2-c09/top/data/ldos.pp.dat1018

     Writing data to be plotted to file /home/ubuntu/projects/Graphene-Band-Structure-Quantum-Espresso/outputs/field_0/vdw-df2-c09/top/data/ldos.pp.dat1018.xsf
     Plot Type: 3D                     Output format: XCrySDen     
     Reading data from file  /home/ubuntu/projects/Graphene-Band-Structure-Quantum-Espresso/outputs/field_0/vdw-df2-c09/top/data/ldos.pp.dat1019

     Writing data to be plotted to file /home/ubuntu/projects/Graphene-Band-Structure-Quantum-Espresso/outputs/field_0/vdw-df2-c09/top/data/ldos.pp.dat1019.xsf
     Plot Type: 3D                     Output format: XCrySDen     
     Reading data from file  /home/ubuntu/projects/Graphene-Band-Structure-Quantum-Espresso/outputs/field_0/vdw-df2-c09/top/data/ldos.pp.dat1020

     Writing data to be plotted to file /home/ubuntu/projects/Graphene-Band-Structure-Quantum-Espresso/outputs/field_0/vdw-df2-c09/top/data/ldos.pp.dat1020.xsf
     Plot Type: 3D                     Output format: XCrySDen     
     Reading data from file  /home/ubuntu/projects/Graphene-Band-Structure-Quantum-Espresso/outputs/field_0/vdw-df2-c09/top/data/ldos.pp.dat1021

     Writing data to be plotted to file /home/ubuntu/projects/Graphene-Band-Structure-Quantum-Espresso/outputs/field_0/vdw-df2-c09/top/data/ldos.pp.dat1021.xsf
     Plot Type: 3D                     Output format: XCrySDen     
     Reading data from file  /home/ubuntu/projects/Graphene-Band-Structure-Quantum-Espresso/outputs/field_0/vdw-df2-c09/top/data/ldos.pp.dat1022

     Writing data to be plotted to file /home/ubuntu/projects/Graphene-Band-Structure-Quantum-Espresso/outputs/field_0/vdw-df2-c09/top/data/ldos.pp.dat1022.xsf
     Plot Type: 3D                     Output format: XCrySDen     
     Reading data from file  /home/ubuntu/projects/Graphene-Band-Structure-Quantum-Espresso/outputs/field_0/vdw-df2-c09/top/data/ldos.pp.dat1023

     Writing data to be plotted to file /home/ubuntu/projects/Graphene-Band-Structure-Quantum-Espresso/outputs/field_0/vdw-df2-c09/top/data/ldos.pp.dat1023.xsf
     Plot Type: 3D                     Output format: XCrySDen     
     Reading data from file  /home/ubuntu/projects/Graphene-Band-Structure-Quantum-Espresso/outputs/field_0/vdw-df2-c09/top/data/ldos.pp.dat1024

     Writing data to be plotted to file /home/ubuntu/projects/Graphene-Band-Structure-Quantum-Espresso/outputs/field_0/vdw-df2-c09/top/data/ldos.pp.dat1024.xsf
     Plot Type: 3D                     Output format: XCrySDen     
     Reading data from file  /home/ubuntu/projects/Graphene-Band-Structure-Quantum-Espresso/outputs/field_0/vdw-df2-c09/top/data/ldos.pp.dat1025

     Writing data to be plotted to file /home/ubuntu/projects/Graphene-Band-Structure-Quantum-Espresso/outputs/field_0/vdw-df2-c09/top/data/ldos.pp.dat1025.xsf
     Plot Type: 3D                     Output format: XCrySDen     
     Reading data from file  /home/ubuntu/projects/Graphene-Band-Structure-Quantum-Espresso/outputs/field_0/vdw-df2-c09/top/data/ldos.pp.dat1026

     Writing data to be plotted to file /home/ubuntu/projects/Graphene-Band-Structure-Quantum-Espresso/outputs/field_0/vdw-df2-c09/top/data/ldos.pp.dat1026.xsf
     Plot Type: 3D                     Output format: XCrySDen     
     Reading data from file  /home/ubuntu/projects/Graphene-Band-Structure-Quantum-Espresso/outputs/field_0/vdw-df2-c09/top/data/ldos.pp.dat1027

     Writing data to be plotted to file /home/ubuntu/projects/Graphene-Band-Structure-Quantum-Espresso/outputs/field_0/vdw-df2-c09/top/data/ldos.pp.dat1027.xsf
     Plot Type: 3D                     Output format: XCrySDen     
     Reading data from file  /home/ubuntu/projects/Graphene-Band-Structure-Quantum-Espresso/outputs/field_0/vdw-df2-c09/top/data/ldos.pp.dat1028

     Writing data to be plotted to file /home/ubuntu/projects/Graphene-Band-Structure-Quantum-Espresso/outputs/field_0/vdw-df2-c09/top/data/ldos.pp.dat1028.xsf
     Plot Type: 3D                     Output format: XCrySDen     
     Reading data from file  /home/ubuntu/projects/Graphene-Band-Structure-Quantum-Espresso/outputs/field_0/vdw-df2-c09/top/data/ldos.pp.dat1029

     Writing data to be plotted to file /home/ubuntu/projects/Graphene-Band-Structure-Quantum-Espresso/outputs/field_0/vdw-df2-c09/top/data/ldos.pp.dat1029.xsf
     Plot Type: 3D                     Output format: XCrySDen     
     Reading data from file  /home/ubuntu/projects/Graphene-Band-Structure-Quantum-Espresso/outputs/field_0/vdw-df2-c09/top/data/ldos.pp.dat1030

     Writing data to be plotted to file /home/ubuntu/projects/Graphene-Band-Structure-Quantum-Espresso/outputs/field_0/vdw-df2-c09/top/data/ldos.pp.dat1030.xsf
     Plot Type: 3D                     Output format: XCrySDen     
     Reading data from file  /home/ubuntu/projects/Graphene-Band-Structure-Quantum-Espresso/outputs/field_0/vdw-df2-c09/top/data/ldos.pp.dat1031

     Writing data to be plotted to file /home/ubuntu/projects/Graphene-Band-Structure-Quantum-Espresso/outputs/field_0/vdw-df2-c09/top/data/ldos.pp.dat1031.xsf
     Plot Type: 3D                     Output format: XCrySDen     
     Reading data from file  /home/ubuntu/projects/Graphene-Band-Structure-Quantum-Espresso/outputs/field_0/vdw-df2-c09/top/data/ldos.pp.dat1032

     Writing data to be plotted to file /home/ubuntu/projects/Graphene-Band-Structure-Quantum-Espresso/outputs/field_0/vdw-df2-c09/top/data/ldos.pp.dat1032.xsf
     Plot Type: 3D                     Output format: XCrySDen     
     Reading data from file  /home/ubuntu/projects/Graphene-Band-Structure-Quantum-Espresso/outputs/field_0/vdw-df2-c09/top/data/ldos.pp.dat1033

     Writing data to be plotted to file /home/ubuntu/projects/Graphene-Band-Structure-Quantum-Espresso/outputs/field_0/vdw-df2-c09/top/data/ldos.pp.dat1033.xsf
     Plot Type: 3D                     Output format: XCrySDen     
     Reading data from file  /home/ubuntu/projects/Graphene-Band-Structure-Quantum-Espresso/outputs/field_0/vdw-df2-c09/top/data/ldos.pp.dat1034

     Writing data to be plotted to file /home/ubuntu/projects/Graphene-Band-Structure-Quantum-Espresso/outputs/field_0/vdw-df2-c09/top/data/ldos.pp.dat1034.xsf
     Plot Type: 3D                     Output format: XCrySDen     
     Reading data from file  /home/ubuntu/projects/Graphene-Band-Structure-Quantum-Espresso/outputs/field_0/vdw-df2-c09/top/data/ldos.pp.dat1035

     Writing data to be plotted to file /home/ubuntu/projects/Graphene-Band-Structure-Quantum-Espresso/outputs/field_0/vdw-df2-c09/top/data/ldos.pp.dat1035.xsf
     Plot Type: 3D                     Output format: XCrySDen     
     Reading data from file  /home/ubuntu/projects/Graphene-Band-Structure-Quantum-Espresso/outputs/field_0/vdw-df2-c09/top/data/ldos.pp.dat1036

     Writing data to be plotted to file /home/ubuntu/projects/Graphene-Band-Structure-Quantum-Espresso/outputs/field_0/vdw-df2-c09/top/data/ldos.pp.dat1036.xsf
     Plot Type: 3D                     Output format: XCrySDen     
     Reading data from file  /home/ubuntu/projects/Graphene-Band-Structure-Quantum-Espresso/outputs/field_0/vdw-df2-c09/top/data/ldos.pp.dat1037

     Writing data to be plotted to file /home/ubuntu/projects/Graphene-Band-Structure-Quantum-Espresso/outputs/field_0/vdw-df2-c09/top/data/ldos.pp.dat1037.xsf
     Plot Type: 3D                     Output format: XCrySDen     
     Reading data from file  /home/ubuntu/projects/Graphene-Band-Structure-Quantum-Espresso/outputs/field_0/vdw-df2-c09/top/data/ldos.pp.dat1038

     Writing data to be plotted to file /home/ubuntu/projects/Graphene-Band-Structure-Quantum-Espresso/outputs/field_0/vdw-df2-c09/top/data/ldos.pp.dat1038.xsf
     Plot Type: 3D                     Output format: XCrySDen     
     Reading data from file  /home/ubuntu/projects/Graphene-Band-Structure-Quantum-Espresso/outputs/field_0/vdw-df2-c09/top/data/ldos.pp.dat1039

     Writing data to be plotted to file /home/ubuntu/projects/Graphene-Band-Structure-Quantum-Espresso/outputs/field_0/vdw-df2-c09/top/data/ldos.pp.dat1039.xsf
     Plot Type: 3D                     Output format: XCrySDen     
     Reading data from file  /home/ubuntu/projects/Graphene-Band-Structure-Quantum-Espresso/outputs/field_0/vdw-df2-c09/top/data/ldos.pp.dat1040

     Writing data to be plotted to file /home/ubuntu/projects/Graphene-Band-Structure-Quantum-Espresso/outputs/field_0/vdw-df2-c09/top/data/ldos.pp.dat1040.xsf
     Plot Type: 3D                     Output format: XCrySDen     
     Reading data from file  /home/ubuntu/projects/Graphene-Band-Structure-Quantum-Espresso/outputs/field_0/vdw-df2-c09/top/data/ldos.pp.dat1041

     Writing data to be plotted to file /home/ubuntu/projects/Graphene-Band-Structure-Quantum-Espresso/outputs/field_0/vdw-df2-c09/top/data/ldos.pp.dat1041.xsf
     Plot Type: 3D                     Output format: XCrySDen     
     Reading data from file  /home/ubuntu/projects/Graphene-Band-Structure-Quantum-Espresso/outputs/field_0/vdw-df2-c09/top/data/ldos.pp.dat1042

     Writing data to be plotted to file /home/ubuntu/projects/Graphene-Band-Structure-Quantum-Espresso/outputs/field_0/vdw-df2-c09/top/data/ldos.pp.dat1042.xsf
     Plot Type: 3D                     Output format: XCrySDen     
     Reading data from file  /home/ubuntu/projects/Graphene-Band-Structure-Quantum-Espresso/outputs/field_0/vdw-df2-c09/top/data/ldos.pp.dat1043

     Writing data to be plotted to file /home/ubuntu/projects/Graphene-Band-Structure-Quantum-Espresso/outputs/field_0/vdw-df2-c09/top/data/ldos.pp.dat1043.xsf
     Plot Type: 3D                     Output format: XCrySDen     
     Reading data from file  /home/ubuntu/projects/Graphene-Band-Structure-Quantum-Espresso/outputs/field_0/vdw-df2-c09/top/data/ldos.pp.dat1044

     Writing data to be plotted to file /home/ubuntu/projects/Graphene-Band-Structure-Quantum-Espresso/outputs/field_0/vdw-df2-c09/top/data/ldos.pp.dat1044.xsf
     Plot Type: 3D                     Output format: XCrySDen     
     Reading data from file  /home/ubuntu/projects/Graphene-Band-Structure-Quantum-Espresso/outputs/field_0/vdw-df2-c09/top/data/ldos.pp.dat1045

     Writing data to be plotted to file /home/ubuntu/projects/Graphene-Band-Structure-Quantum-Espresso/outputs/field_0/vdw-df2-c09/top/data/ldos.pp.dat1045.xsf
     Plot Type: 3D                     Output format: XCrySDen     
     Reading data from file  /home/ubuntu/projects/Graphene-Band-Structure-Quantum-Espresso/outputs/field_0/vdw-df2-c09/top/data/ldos.pp.dat1046

     Writing data to be plotted to file /home/ubuntu/projects/Graphene-Band-Structure-Quantum-Espresso/outputs/field_0/vdw-df2-c09/top/data/ldos.pp.dat1046.xsf
     Plot Type: 3D                     Output format: XCrySDen     
     Reading data from file  /home/ubuntu/projects/Graphene-Band-Structure-Quantum-Espresso/outputs/field_0/vdw-df2-c09/top/data/ldos.pp.dat1047

     Writing data to be plotted to file /home/ubuntu/projects/Graphene-Band-Structure-Quantum-Espresso/outputs/field_0/vdw-df2-c09/top/data/ldos.pp.dat1047.xsf
     Plot Type: 3D                     Output format: XCrySDen     
     Reading data from file  /home/ubuntu/projects/Graphene-Band-Structure-Quantum-Espresso/outputs/field_0/vdw-df2-c09/top/data/ldos.pp.dat1048

     Writing data to be plotted to file /home/ubuntu/projects/Graphene-Band-Structure-Quantum-Espresso/outputs/field_0/vdw-df2-c09/top/data/ldos.pp.dat1048.xsf
     Plot Type: 3D                     Output format: XCrySDen     
     Reading data from file  /home/ubuntu/projects/Graphene-Band-Structure-Quantum-Espresso/outputs/field_0/vdw-df2-c09/top/data/ldos.pp.dat1049

     Writing data to be plotted to file /home/ubuntu/projects/Graphene-Band-Structure-Quantum-Espresso/outputs/field_0/vdw-df2-c09/top/data/ldos.pp.dat1049.xsf
     Plot Type: 3D                     Output format: XCrySDen     
     Reading data from file  /home/ubuntu/projects/Graphene-Band-Structure-Quantum-Espresso/outputs/field_0/vdw-df2-c09/top/data/ldos.pp.dat1050

     Writing data to be plotted to file /home/ubuntu/projects/Graphene-Band-Structure-Quantum-Espresso/outputs/field_0/vdw-df2-c09/top/data/ldos.pp.dat1050.xsf
     Plot Type: 3D                     Output format: XCrySDen     
     Reading data from file  /home/ubuntu/projects/Graphene-Band-Structure-Quantum-Espresso/outputs/field_0/vdw-df2-c09/top/data/ldos.pp.dat1051

     Writing data to be plotted to file /home/ubuntu/projects/Graphene-Band-Structure-Quantum-Espresso/outputs/field_0/vdw-df2-c09/top/data/ldos.pp.dat1051.xsf
     Plot Type: 3D                     Output format: XCrySDen     
     Reading data from file  /home/ubuntu/projects/Graphene-Band-Structure-Quantum-Espresso/outputs/field_0/vdw-df2-c09/top/data/ldos.pp.dat1052

     Writing data to be plotted to file /home/ubuntu/projects/Graphene-Band-Structure-Quantum-Espresso/outputs/field_0/vdw-df2-c09/top/data/ldos.pp.dat1052.xsf
     Plot Type: 3D                     Output format: XCrySDen     
     Reading data from file  /home/ubuntu/projects/Graphene-Band-Structure-Quantum-Espresso/outputs/field_0/vdw-df2-c09/top/data/ldos.pp.dat1053

     Writing data to be plotted to file /home/ubuntu/projects/Graphene-Band-Structure-Quantum-Espresso/outputs/field_0/vdw-df2-c09/top/data/ldos.pp.dat1053.xsf
     Plot Type: 3D                     Output format: XCrySDen     
     Reading data from file  /home/ubuntu/projects/Graphene-Band-Structure-Quantum-Espresso/outputs/field_0/vdw-df2-c09/top/data/ldos.pp.dat1054

     Writing data to be plotted to file /home/ubuntu/projects/Graphene-Band-Structure-Quantum-Espresso/outputs/field_0/vdw-df2-c09/top/data/ldos.pp.dat1054.xsf
     Plot Type: 3D                     Output format: XCrySDen     
     Reading data from file  /home/ubuntu/projects/Graphene-Band-Structure-Quantum-Espresso/outputs/field_0/vdw-df2-c09/top/data/ldos.pp.dat1055

     Writing data to be plotted to file /home/ubuntu/projects/Graphene-Band-Structure-Quantum-Espresso/outputs/field_0/vdw-df2-c09/top/data/ldos.pp.dat1055.xsf
     Plot Type: 3D                     Output format: XCrySDen     
     Reading data from file  /home/ubuntu/projects/Graphene-Band-Structure-Quantum-Espresso/outputs/field_0/vdw-df2-c09/top/data/ldos.pp.dat1056

     Writing data to be plotted to file /home/ubuntu/projects/Graphene-Band-Structure-Quantum-Espresso/outputs/field_0/vdw-df2-c09/top/data/ldos.pp.dat1056.xsf
     Plot Type: 3D                     Output format: XCrySDen     
     Reading data from file  /home/ubuntu/projects/Graphene-Band-Structure-Quantum-Espresso/outputs/field_0/vdw-df2-c09/top/data/ldos.pp.dat1057

     Writing data to be plotted to file /home/ubuntu/projects/Graphene-Band-Structure-Quantum-Espresso/outputs/field_0/vdw-df2-c09/top/data/ldos.pp.dat1057.xsf
     Plot Type: 3D                     Output format: XCrySDen     
     Reading data from file  /home/ubuntu/projects/Graphene-Band-Structure-Quantum-Espresso/outputs/field_0/vdw-df2-c09/top/data/ldos.pp.dat1058

     Writing data to be plotted to file /home/ubuntu/projects/Graphene-Band-Structure-Quantum-Espresso/outputs/field_0/vdw-df2-c09/top/data/ldos.pp.dat1058.xsf
     Plot Type: 3D                     Output format: XCrySDen     
     Reading data from file  /home/ubuntu/projects/Graphene-Band-Structure-Quantum-Espresso/outputs/field_0/vdw-df2-c09/top/data/ldos.pp.dat1059

     Writing data to be plotted to file /home/ubuntu/projects/Graphene-Band-Structure-Quantum-Espresso/outputs/field_0/vdw-df2-c09/top/data/ldos.pp.dat1059.xsf
     Plot Type: 3D                     Output format: XCrySDen     
     Reading data from file  /home/ubuntu/projects/Graphene-Band-Structure-Quantum-Espresso/outputs/field_0/vdw-df2-c09/top/data/ldos.pp.dat1060

     Writing data to be plotted to file /home/ubuntu/projects/Graphene-Band-Structure-Quantum-Espresso/outputs/field_0/vdw-df2-c09/top/data/ldos.pp.dat1060.xsf
     Plot Type: 3D                     Output format: XCrySDen     
     Reading data from file  /home/ubuntu/projects/Graphene-Band-Structure-Quantum-Espresso/outputs/field_0/vdw-df2-c09/top/data/ldos.pp.dat1061

     Writing data to be plotted to file /home/ubuntu/projects/Graphene-Band-Structure-Quantum-Espresso/outputs/field_0/vdw-df2-c09/top/data/ldos.pp.dat1061.xsf
     Plot Type: 3D                     Output format: XCrySDen     
     Reading data from file  /home/ubuntu/projects/Graphene-Band-Structure-Quantum-Espresso/outputs/field_0/vdw-df2-c09/top/data/ldos.pp.dat1062

     Writing data to be plotted to file /home/ubuntu/projects/Graphene-Band-Structure-Quantum-Espresso/outputs/field_0/vdw-df2-c09/top/data/ldos.pp.dat1062.xsf
     Plot Type: 3D                     Output format: XCrySDen     
     Reading data from file  /home/ubuntu/projects/Graphene-Band-Structure-Quantum-Espresso/outputs/field_0/vdw-df2-c09/top/data/ldos.pp.dat1063

     Writing data to be plotted to file /home/ubuntu/projects/Graphene-Band-Structure-Quantum-Espresso/outputs/field_0/vdw-df2-c09/top/data/ldos.pp.dat1063.xsf
     Plot Type: 3D                     Output format: XCrySDen     
     Reading data from file  /home/ubuntu/projects/Graphene-Band-Structure-Quantum-Espresso/outputs/field_0/vdw-df2-c09/top/data/ldos.pp.dat1064

     Writing data to be plotted to file /home/ubuntu/projects/Graphene-Band-Structure-Quantum-Espresso/outputs/field_0/vdw-df2-c09/top/data/ldos.pp.dat1064.xsf
     Plot Type: 3D                     Output format: XCrySDen     
     Reading data from file  /home/ubuntu/projects/Graphene-Band-Structure-Quantum-Espresso/outputs/field_0/vdw-df2-c09/top/data/ldos.pp.dat1065

     Writing data to be plotted to file /home/ubuntu/projects/Graphene-Band-Structure-Quantum-Espresso/outputs/field_0/vdw-df2-c09/top/data/ldos.pp.dat1065.xsf
     Plot Type: 3D                     Output format: XCrySDen     
     Reading data from file  /home/ubuntu/projects/Graphene-Band-Structure-Quantum-Espresso/outputs/field_0/vdw-df2-c09/top/data/ldos.pp.dat1066

     Writing data to be plotted to file /home/ubuntu/projects/Graphene-Band-Structure-Quantum-Espresso/outputs/field_0/vdw-df2-c09/top/data/ldos.pp.dat1066.xsf
     Plot Type: 3D                     Output format: XCrySDen     
     Reading data from file  /home/ubuntu/projects/Graphene-Band-Structure-Quantum-Espresso/outputs/field_0/vdw-df2-c09/top/data/ldos.pp.dat1067

     Writing data to be plotted to file /home/ubuntu/projects/Graphene-Band-Structure-Quantum-Espresso/outputs/field_0/vdw-df2-c09/top/data/ldos.pp.dat1067.xsf
     Plot Type: 3D                     Output format: XCrySDen     
     Reading data from file  /home/ubuntu/projects/Graphene-Band-Structure-Quantum-Espresso/outputs/field_0/vdw-df2-c09/top/data/ldos.pp.dat1068

     Writing data to be plotted to file /home/ubuntu/projects/Graphene-Band-Structure-Quantum-Espresso/outputs/field_0/vdw-df2-c09/top/data/ldos.pp.dat1068.xsf
     Plot Type: 3D                     Output format: XCrySDen     
     Reading data from file  /home/ubuntu/projects/Graphene-Band-Structure-Quantum-Espresso/outputs/field_0/vdw-df2-c09/top/data/ldos.pp.dat1069

     Writing data to be plotted to file /home/ubuntu/projects/Graphene-Band-Structure-Quantum-Espresso/outputs/field_0/vdw-df2-c09/top/data/ldos.pp.dat1069.xsf
     Plot Type: 3D                     Output format: XCrySDen     
     Reading data from file  /home/ubuntu/projects/Graphene-Band-Structure-Quantum-Espresso/outputs/field_0/vdw-df2-c09/top/data/ldos.pp.dat1070

     Writing data to be plotted to file /home/ubuntu/projects/Graphene-Band-Structure-Quantum-Espresso/outputs/field_0/vdw-df2-c09/top/data/ldos.pp.dat1070.xsf
     Plot Type: 3D                     Output format: XCrySDen     
     Reading data from file  /home/ubuntu/projects/Graphene-Band-Structure-Quantum-Espresso/outputs/field_0/vdw-df2-c09/top/data/ldos.pp.dat1071

     Writing data to be plotted to file /home/ubuntu/projects/Graphene-Band-Structure-Quantum-Espresso/outputs/field_0/vdw-df2-c09/top/data/ldos.pp.dat1071.xsf
     Plot Type: 3D                     Output format: XCrySDen     
     Reading data from file  /home/ubuntu/projects/Graphene-Band-Structure-Quantum-Espresso/outputs/field_0/vdw-df2-c09/top/data/ldos.pp.dat1072

     Writing data to be plotted to file /home/ubuntu/projects/Graphene-Band-Structure-Quantum-Espresso/outputs/field_0/vdw-df2-c09/top/data/ldos.pp.dat1072.xsf
     Plot Type: 3D                     Output format: XCrySDen     
     Reading data from file  /home/ubuntu/projects/Graphene-Band-Structure-Quantum-Espresso/outputs/field_0/vdw-df2-c09/top/data/ldos.pp.dat1073

     Writing data to be plotted to file /home/ubuntu/projects/Graphene-Band-Structure-Quantum-Espresso/outputs/field_0/vdw-df2-c09/top/data/ldos.pp.dat1073.xsf
     Plot Type: 3D                     Output format: XCrySDen     
     Reading data from file  /home/ubuntu/projects/Graphene-Band-Structure-Quantum-Espresso/outputs/field_0/vdw-df2-c09/top/data/ldos.pp.dat1074

     Writing data to be plotted to file /home/ubuntu/projects/Graphene-Band-Structure-Quantum-Espresso/outputs/field_0/vdw-df2-c09/top/data/ldos.pp.dat1074.xsf
     Plot Type: 3D                     Output format: XCrySDen     
     Reading data from file  /home/ubuntu/projects/Graphene-Band-Structure-Quantum-Espresso/outputs/field_0/vdw-df2-c09/top/data/ldos.pp.dat1075

     Writing data to be plotted to file /home/ubuntu/projects/Graphene-Band-Structure-Quantum-Espresso/outputs/field_0/vdw-df2-c09/top/data/ldos.pp.dat1075.xsf
     Plot Type: 3D                     Output format: XCrySDen     
     Reading data from file  /home/ubuntu/projects/Graphene-Band-Structure-Quantum-Espresso/outputs/field_0/vdw-df2-c09/top/data/ldos.pp.dat1076

     Writing data to be plotted to file /home/ubuntu/projects/Graphene-Band-Structure-Quantum-Espresso/outputs/field_0/vdw-df2-c09/top/data/ldos.pp.dat1076.xsf
     Plot Type: 3D                     Output format: XCrySDen     
     Reading data from file  /home/ubuntu/projects/Graphene-Band-Structure-Quantum-Espresso/outputs/field_0/vdw-df2-c09/top/data/ldos.pp.dat1077

     Writing data to be plotted to file /home/ubuntu/projects/Graphene-Band-Structure-Quantum-Espresso/outputs/field_0/vdw-df2-c09/top/data/ldos.pp.dat1077.xsf
     Plot Type: 3D                     Output format: XCrySDen     
     Reading data from file  /home/ubuntu/projects/Graphene-Band-Structure-Quantum-Espresso/outputs/field_0/vdw-df2-c09/top/data/ldos.pp.dat1078

     Writing data to be plotted to file /home/ubuntu/projects/Graphene-Band-Structure-Quantum-Espresso/outputs/field_0/vdw-df2-c09/top/data/ldos.pp.dat1078.xsf
     Plot Type: 3D                     Output format: XCrySDen     
     Reading data from file  /home/ubuntu/projects/Graphene-Band-Structure-Quantum-Espresso/outputs/field_0/vdw-df2-c09/top/data/ldos.pp.dat1079

     Writing data to be plotted to file /home/ubuntu/projects/Graphene-Band-Structure-Quantum-Espresso/outputs/field_0/vdw-df2-c09/top/data/ldos.pp.dat1079.xsf
     Plot Type: 3D                     Output format: XCrySDen     
     Reading data from file  /home/ubuntu/projects/Graphene-Band-Structure-Quantum-Espresso/outputs/field_0/vdw-df2-c09/top/data/ldos.pp.dat1080

     Writing data to be plotted to file /home/ubuntu/projects/Graphene-Band-Structure-Quantum-Espresso/outputs/field_0/vdw-df2-c09/top/data/ldos.pp.dat1080.xsf
     Plot Type: 3D                     Output format: XCrySDen     
     Reading data from file  /home/ubuntu/projects/Graphene-Band-Structure-Quantum-Espresso/outputs/field_0/vdw-df2-c09/top/data/ldos.pp.dat1081

     Writing data to be plotted to file /home/ubuntu/projects/Graphene-Band-Structure-Quantum-Espresso/outputs/field_0/vdw-df2-c09/top/data/ldos.pp.dat1081.xsf
     Plot Type: 3D                     Output format: XCrySDen     
     Reading data from file  /home/ubuntu/projects/Graphene-Band-Structure-Quantum-Espresso/outputs/field_0/vdw-df2-c09/top/data/ldos.pp.dat1082

     Writing data to be plotted to file /home/ubuntu/projects/Graphene-Band-Structure-Quantum-Espresso/outputs/field_0/vdw-df2-c09/top/data/ldos.pp.dat1082.xsf
     Plot Type: 3D                     Output format: XCrySDen     
     Reading data from file  /home/ubuntu/projects/Graphene-Band-Structure-Quantum-Espresso/outputs/field_0/vdw-df2-c09/top/data/ldos.pp.dat1083

     Writing data to be plotted to file /home/ubuntu/projects/Graphene-Band-Structure-Quantum-Espresso/outputs/field_0/vdw-df2-c09/top/data/ldos.pp.dat1083.xsf
     Plot Type: 3D                     Output format: XCrySDen     
     Reading data from file  /home/ubuntu/projects/Graphene-Band-Structure-Quantum-Espresso/outputs/field_0/vdw-df2-c09/top/data/ldos.pp.dat1084

     Writing data to be plotted to file /home/ubuntu/projects/Graphene-Band-Structure-Quantum-Espresso/outputs/field_0/vdw-df2-c09/top/data/ldos.pp.dat1084.xsf
     Plot Type: 3D                     Output format: XCrySDen     
     Reading data from file  /home/ubuntu/projects/Graphene-Band-Structure-Quantum-Espresso/outputs/field_0/vdw-df2-c09/top/data/ldos.pp.dat1085

     Writing data to be plotted to file /home/ubuntu/projects/Graphene-Band-Structure-Quantum-Espresso/outputs/field_0/vdw-df2-c09/top/data/ldos.pp.dat1085.xsf
     Plot Type: 3D                     Output format: XCrySDen     
     Reading data from file  /home/ubuntu/projects/Graphene-Band-Structure-Quantum-Espresso/outputs/field_0/vdw-df2-c09/top/data/ldos.pp.dat1086

     Writing data to be plotted to file /home/ubuntu/projects/Graphene-Band-Structure-Quantum-Espresso/outputs/field_0/vdw-df2-c09/top/data/ldos.pp.dat1086.xsf
     Plot Type: 3D                     Output format: XCrySDen     
     Reading data from file  /home/ubuntu/projects/Graphene-Band-Structure-Quantum-Espresso/outputs/field_0/vdw-df2-c09/top/data/ldos.pp.dat1087

     Writing data to be plotted to file /home/ubuntu/projects/Graphene-Band-Structure-Quantum-Espresso/outputs/field_0/vdw-df2-c09/top/data/ldos.pp.dat1087.xsf
     Plot Type: 3D                     Output format: XCrySDen     
     Reading data from file  /home/ubuntu/projects/Graphene-Band-Structure-Quantum-Espresso/outputs/field_0/vdw-df2-c09/top/data/ldos.pp.dat1088

     Writing data to be plotted to file /home/ubuntu/projects/Graphene-Band-Structure-Quantum-Espresso/outputs/field_0/vdw-df2-c09/top/data/ldos.pp.dat1088.xsf
     Plot Type: 3D                     Output format: XCrySDen     
     Reading data from file  /home/ubuntu/projects/Graphene-Band-Structure-Quantum-Espresso/outputs/field_0/vdw-df2-c09/top/data/ldos.pp.dat1089

     Writing data to be plotted to file /home/ubuntu/projects/Graphene-Band-Structure-Quantum-Espresso/outputs/field_0/vdw-df2-c09/top/data/ldos.pp.dat1089.xsf
     Plot Type: 3D                     Output format: XCrySDen     
     Reading data from file  /home/ubuntu/projects/Graphene-Band-Structure-Quantum-Espresso/outputs/field_0/vdw-df2-c09/top/data/ldos.pp.dat1090

     Writing data to be plotted to file /home/ubuntu/projects/Graphene-Band-Structure-Quantum-Espresso/outputs/field_0/vdw-df2-c09/top/data/ldos.pp.dat1090.xsf
     Plot Type: 3D                     Output format: XCrySDen     
     Reading data from file  /home/ubuntu/projects/Graphene-Band-Structure-Quantum-Espresso/outputs/field_0/vdw-df2-c09/top/data/ldos.pp.dat1091

     Writing data to be plotted to file /home/ubuntu/projects/Graphene-Band-Structure-Quantum-Espresso/outputs/field_0/vdw-df2-c09/top/data/ldos.pp.dat1091.xsf
     Plot Type: 3D                     Output format: XCrySDen     
     Reading data from file  /home/ubuntu/projects/Graphene-Band-Structure-Quantum-Espresso/outputs/field_0/vdw-df2-c09/top/data/ldos.pp.dat1092

     Writing data to be plotted to file /home/ubuntu/projects/Graphene-Band-Structure-Quantum-Espresso/outputs/field_0/vdw-df2-c09/top/data/ldos.pp.dat1092.xsf
     Plot Type: 3D                     Output format: XCrySDen     
     Reading data from file  /home/ubuntu/projects/Graphene-Band-Structure-Quantum-Espresso/outputs/field_0/vdw-df2-c09/top/data/ldos.pp.dat1093

     Writing data to be plotted to file /home/ubuntu/projects/Graphene-Band-Structure-Quantum-Espresso/outputs/field_0/vdw-df2-c09/top/data/ldos.pp.dat1093.xsf
     Plot Type: 3D                     Output format: XCrySDen     
     Reading data from file  /home/ubuntu/projects/Graphene-Band-Structure-Quantum-Espresso/outputs/field_0/vdw-df2-c09/top/data/ldos.pp.dat1094

     Writing data to be plotted to file /home/ubuntu/projects/Graphene-Band-Structure-Quantum-Espresso/outputs/field_0/vdw-df2-c09/top/data/ldos.pp.dat1094.xsf
     Plot Type: 3D                     Output format: XCrySDen     
     Reading data from file  /home/ubuntu/projects/Graphene-Band-Structure-Quantum-Espresso/outputs/field_0/vdw-df2-c09/top/data/ldos.pp.dat1095

     Writing data to be plotted to file /home/ubuntu/projects/Graphene-Band-Structure-Quantum-Espresso/outputs/field_0/vdw-df2-c09/top/data/ldos.pp.dat1095.xsf
     Plot Type: 3D                     Output format: XCrySDen     
     Reading data from file  /home/ubuntu/projects/Graphene-Band-Structure-Quantum-Espresso/outputs/field_0/vdw-df2-c09/top/data/ldos.pp.dat1096

     Writing data to be plotted to file /home/ubuntu/projects/Graphene-Band-Structure-Quantum-Espresso/outputs/field_0/vdw-df2-c09/top/data/ldos.pp.dat1096.xsf
     Plot Type: 3D                     Output format: XCrySDen     
     Reading data from file  /home/ubuntu/projects/Graphene-Band-Structure-Quantum-Espresso/outputs/field_0/vdw-df2-c09/top/data/ldos.pp.dat1097

     Writing data to be plotted to file /home/ubuntu/projects/Graphene-Band-Structure-Quantum-Espresso/outputs/field_0/vdw-df2-c09/top/data/ldos.pp.dat1097.xsf
     Plot Type: 3D                     Output format: XCrySDen     
     Reading data from file  /home/ubuntu/projects/Graphene-Band-Structure-Quantum-Espresso/outputs/field_0/vdw-df2-c09/top/data/ldos.pp.dat1098

     Writing data to be plotted to file /home/ubuntu/projects/Graphene-Band-Structure-Quantum-Espresso/outputs/field_0/vdw-df2-c09/top/data/ldos.pp.dat1098.xsf
     Plot Type: 3D                     Output format: XCrySDen     
     Reading data from file  /home/ubuntu/projects/Graphene-Band-Structure-Quantum-Espresso/outputs/field_0/vdw-df2-c09/top/data/ldos.pp.dat1099

     Writing data to be plotted to file /home/ubuntu/projects/Graphene-Band-Structure-Quantum-Espresso/outputs/field_0/vdw-df2-c09/top/data/ldos.pp.dat1099.xsf
     Plot Type: 3D                     Output format: XCrySDen     
     Reading data from file  /home/ubuntu/projects/Graphene-Band-Structure-Quantum-Espresso/outputs/field_0/vdw-df2-c09/top/data/ldos.pp.dat1100

     Writing data to be plotted to file /home/ubuntu/projects/Graphene-Band-Structure-Quantum-Espresso/outputs/field_0/vdw-df2-c09/top/data/ldos.pp.dat1100.xsf
     Plot Type: 3D                     Output format: XCrySDen     
     Reading data from file  /home/ubuntu/projects/Graphene-Band-Structure-Quantum-Espresso/outputs/field_0/vdw-df2-c09/top/data/ldos.pp.dat1101

     Writing data to be plotted to file /home/ubuntu/projects/Graphene-Band-Structure-Quantum-Espresso/outputs/field_0/vdw-df2-c09/top/data/ldos.pp.dat1101.xsf
     Plot Type: 3D                     Output format: XCrySDen     
     Reading data from file  /home/ubuntu/projects/Graphene-Band-Structure-Quantum-Espresso/outputs/field_0/vdw-df2-c09/top/data/ldos.pp.dat1102

     Writing data to be plotted to file /home/ubuntu/projects/Graphene-Band-Structure-Quantum-Espresso/outputs/field_0/vdw-df2-c09/top/data/ldos.pp.dat1102.xsf
     Plot Type: 3D                     Output format: XCrySDen     
     Reading data from file  /home/ubuntu/projects/Graphene-Band-Structure-Quantum-Espresso/outputs/field_0/vdw-df2-c09/top/data/ldos.pp.dat1103

     Writing data to be plotted to file /home/ubuntu/projects/Graphene-Band-Structure-Quantum-Espresso/outputs/field_0/vdw-df2-c09/top/data/ldos.pp.dat1103.xsf
     Plot Type: 3D                     Output format: XCrySDen     
     Reading data from file  /home/ubuntu/projects/Graphene-Band-Structure-Quantum-Espresso/outputs/field_0/vdw-df2-c09/top/data/ldos.pp.dat1104

     Writing data to be plotted to file /home/ubuntu/projects/Graphene-Band-Structure-Quantum-Espresso/outputs/field_0/vdw-df2-c09/top/data/ldos.pp.dat1104.xsf
     Plot Type: 3D                     Output format: XCrySDen     
     Reading data from file  /home/ubuntu/projects/Graphene-Band-Structure-Quantum-Espresso/outputs/field_0/vdw-df2-c09/top/data/ldos.pp.dat1105

     Writing data to be plotted to file /home/ubuntu/projects/Graphene-Band-Structure-Quantum-Espresso/outputs/field_0/vdw-df2-c09/top/data/ldos.pp.dat1105.xsf
     Plot Type: 3D                     Output format: XCrySDen     
     Reading data from file  /home/ubuntu/projects/Graphene-Band-Structure-Quantum-Espresso/outputs/field_0/vdw-df2-c09/top/data/ldos.pp.dat1106

     Writing data to be plotted to file /home/ubuntu/projects/Graphene-Band-Structure-Quantum-Espresso/outputs/field_0/vdw-df2-c09/top/data/ldos.pp.dat1106.xsf
     Plot Type: 3D                     Output format: XCrySDen     
     Reading data from file  /home/ubuntu/projects/Graphene-Band-Structure-Quantum-Espresso/outputs/field_0/vdw-df2-c09/top/data/ldos.pp.dat1107

     Writing data to be plotted to file /home/ubuntu/projects/Graphene-Band-Structure-Quantum-Espresso/outputs/field_0/vdw-df2-c09/top/data/ldos.pp.dat1107.xsf
     Plot Type: 3D                     Output format: XCrySDen     
     Reading data from file  /home/ubuntu/projects/Graphene-Band-Structure-Quantum-Espresso/outputs/field_0/vdw-df2-c09/top/data/ldos.pp.dat1108

     Writing data to be plotted to file /home/ubuntu/projects/Graphene-Band-Structure-Quantum-Espresso/outputs/field_0/vdw-df2-c09/top/data/ldos.pp.dat1108.xsf
     Plot Type: 3D                     Output format: XCrySDen     
     Reading data from file  /home/ubuntu/projects/Graphene-Band-Structure-Quantum-Espresso/outputs/field_0/vdw-df2-c09/top/data/ldos.pp.dat1109

     Writing data to be plotted to file /home/ubuntu/projects/Graphene-Band-Structure-Quantum-Espresso/outputs/field_0/vdw-df2-c09/top/data/ldos.pp.dat1109.xsf
     Plot Type: 3D                     Output format: XCrySDen     
     Reading data from file  /home/ubuntu/projects/Graphene-Band-Structure-Quantum-Espresso/outputs/field_0/vdw-df2-c09/top/data/ldos.pp.dat1110

     Writing data to be plotted to file /home/ubuntu/projects/Graphene-Band-Structure-Quantum-Espresso/outputs/field_0/vdw-df2-c09/top/data/ldos.pp.dat1110.xsf
     Plot Type: 3D                     Output format: XCrySDen     
     Reading data from file  /home/ubuntu/projects/Graphene-Band-Structure-Quantum-Espresso/outputs/field_0/vdw-df2-c09/top/data/ldos.pp.dat1111

     Writing data to be plotted to file /home/ubuntu/projects/Graphene-Band-Structure-Quantum-Espresso/outputs/field_0/vdw-df2-c09/top/data/ldos.pp.dat1111.xsf
     Plot Type: 3D                     Output format: XCrySDen     
     Reading data from file  /home/ubuntu/projects/Graphene-Band-Structure-Quantum-Espresso/outputs/field_0/vdw-df2-c09/top/data/ldos.pp.dat1112

     Writing data to be plotted to file /home/ubuntu/projects/Graphene-Band-Structure-Quantum-Espresso/outputs/field_0/vdw-df2-c09/top/data/ldos.pp.dat1112.xsf
     Plot Type: 3D                     Output format: XCrySDen     
     Reading data from file  /home/ubuntu/projects/Graphene-Band-Structure-Quantum-Espresso/outputs/field_0/vdw-df2-c09/top/data/ldos.pp.dat1113

     Writing data to be plotted to file /home/ubuntu/projects/Graphene-Band-Structure-Quantum-Espresso/outputs/field_0/vdw-df2-c09/top/data/ldos.pp.dat1113.xsf
     Plot Type: 3D                     Output format: XCrySDen     
     Reading data from file  /home/ubuntu/projects/Graphene-Band-Structure-Quantum-Espresso/outputs/field_0/vdw-df2-c09/top/data/ldos.pp.dat1114

     Writing data to be plotted to file /home/ubuntu/projects/Graphene-Band-Structure-Quantum-Espresso/outputs/field_0/vdw-df2-c09/top/data/ldos.pp.dat1114.xsf
     Plot Type: 3D                     Output format: XCrySDen     
     Reading data from file  /home/ubuntu/projects/Graphene-Band-Structure-Quantum-Espresso/outputs/field_0/vdw-df2-c09/top/data/ldos.pp.dat1115

     Writing data to be plotted to file /home/ubuntu/projects/Graphene-Band-Structure-Quantum-Espresso/outputs/field_0/vdw-df2-c09/top/data/ldos.pp.dat1115.xsf
     Plot Type: 3D                     Output format: XCrySDen     
     Reading data from file  /home/ubuntu/projects/Graphene-Band-Structure-Quantum-Espresso/outputs/field_0/vdw-df2-c09/top/data/ldos.pp.dat1116

     Writing data to be plotted to file /home/ubuntu/projects/Graphene-Band-Structure-Quantum-Espresso/outputs/field_0/vdw-df2-c09/top/data/ldos.pp.dat1116.xsf
     Plot Type: 3D                     Output format: XCrySDen     
     Reading data from file  /home/ubuntu/projects/Graphene-Band-Structure-Quantum-Espresso/outputs/field_0/vdw-df2-c09/top/data/ldos.pp.dat1117

     Writing data to be plotted to file /home/ubuntu/projects/Graphene-Band-Structure-Quantum-Espresso/outputs/field_0/vdw-df2-c09/top/data/ldos.pp.dat1117.xsf
     Plot Type: 3D                     Output format: XCrySDen     
     Reading data from file  /home/ubuntu/projects/Graphene-Band-Structure-Quantum-Espresso/outputs/field_0/vdw-df2-c09/top/data/ldos.pp.dat1118

     Writing data to be plotted to file /home/ubuntu/projects/Graphene-Band-Structure-Quantum-Espresso/outputs/field_0/vdw-df2-c09/top/data/ldos.pp.dat1118.xsf
     Plot Type: 3D                     Output format: XCrySDen     
     Reading data from file  /home/ubuntu/projects/Graphene-Band-Structure-Quantum-Espresso/outputs/field_0/vdw-df2-c09/top/data/ldos.pp.dat1119

     Writing data to be plotted to file /home/ubuntu/projects/Graphene-Band-Structure-Quantum-Espresso/outputs/field_0/vdw-df2-c09/top/data/ldos.pp.dat1119.xsf
     Plot Type: 3D                     Output format: XCrySDen     
     Reading data from file  /home/ubuntu/projects/Graphene-Band-Structure-Quantum-Espresso/outputs/field_0/vdw-df2-c09/top/data/ldos.pp.dat1120

     Writing data to be plotted to file /home/ubuntu/projects/Graphene-Band-Structure-Quantum-Espresso/outputs/field_0/vdw-df2-c09/top/data/ldos.pp.dat1120.xsf
     Plot Type: 3D                     Output format: XCrySDen     
     Reading data from file  /home/ubuntu/projects/Graphene-Band-Structure-Quantum-Espresso/outputs/field_0/vdw-df2-c09/top/data/ldos.pp.dat1121

     Writing data to be plotted to file /home/ubuntu/projects/Graphene-Band-Structure-Quantum-Espresso/outputs/field_0/vdw-df2-c09/top/data/ldos.pp.dat1121.xsf
     Plot Type: 3D                     Output format: XCrySDen     
     Reading data from file  /home/ubuntu/projects/Graphene-Band-Structure-Quantum-Espresso/outputs/field_0/vdw-df2-c09/top/data/ldos.pp.dat1122

     Writing data to be plotted to file /home/ubuntu/projects/Graphene-Band-Structure-Quantum-Espresso/outputs/field_0/vdw-df2-c09/top/data/ldos.pp.dat1122.xsf
     Plot Type: 3D                     Output format: XCrySDen     
     Reading data from file  /home/ubuntu/projects/Graphene-Band-Structure-Quantum-Espresso/outputs/field_0/vdw-df2-c09/top/data/ldos.pp.dat1123

     Writing data to be plotted to file /home/ubuntu/projects/Graphene-Band-Structure-Quantum-Espresso/outputs/field_0/vdw-df2-c09/top/data/ldos.pp.dat1123.xsf
     Plot Type: 3D                     Output format: XCrySDen     
     Reading data from file  /home/ubuntu/projects/Graphene-Band-Structure-Quantum-Espresso/outputs/field_0/vdw-df2-c09/top/data/ldos.pp.dat1124

     Writing data to be plotted to file /home/ubuntu/projects/Graphene-Band-Structure-Quantum-Espresso/outputs/field_0/vdw-df2-c09/top/data/ldos.pp.dat1124.xsf
     Plot Type: 3D                     Output format: XCrySDen     
     Reading data from file  /home/ubuntu/projects/Graphene-Band-Structure-Quantum-Espresso/outputs/field_0/vdw-df2-c09/top/data/ldos.pp.dat1125

     Writing data to be plotted to file /home/ubuntu/projects/Graphene-Band-Structure-Quantum-Espresso/outputs/field_0/vdw-df2-c09/top/data/ldos.pp.dat1125.xsf
     Plot Type: 3D                     Output format: XCrySDen     
     Reading data from file  /home/ubuntu/projects/Graphene-Band-Structure-Quantum-Espresso/outputs/field_0/vdw-df2-c09/top/data/ldos.pp.dat1126

     Writing data to be plotted to file /home/ubuntu/projects/Graphene-Band-Structure-Quantum-Espresso/outputs/field_0/vdw-df2-c09/top/data/ldos.pp.dat1126.xsf
     Plot Type: 3D                     Output format: XCrySDen     
     Reading data from file  /home/ubuntu/projects/Graphene-Band-Structure-Quantum-Espresso/outputs/field_0/vdw-df2-c09/top/data/ldos.pp.dat1127

     Writing data to be plotted to file /home/ubuntu/projects/Graphene-Band-Structure-Quantum-Espresso/outputs/field_0/vdw-df2-c09/top/data/ldos.pp.dat1127.xsf
     Plot Type: 3D                     Output format: XCrySDen     
     Reading data from file  /home/ubuntu/projects/Graphene-Band-Structure-Quantum-Espresso/outputs/field_0/vdw-df2-c09/top/data/ldos.pp.dat1128

     Writing data to be plotted to file /home/ubuntu/projects/Graphene-Band-Structure-Quantum-Espresso/outputs/field_0/vdw-df2-c09/top/data/ldos.pp.dat1128.xsf
     Plot Type: 3D                     Output format: XCrySDen     
     Reading data from file  /home/ubuntu/projects/Graphene-Band-Structure-Quantum-Espresso/outputs/field_0/vdw-df2-c09/top/data/ldos.pp.dat1129

     Writing data to be plotted to file /home/ubuntu/projects/Graphene-Band-Structure-Quantum-Espresso/outputs/field_0/vdw-df2-c09/top/data/ldos.pp.dat1129.xsf
     Plot Type: 3D                     Output format: XCrySDen     
     Reading data from file  /home/ubuntu/projects/Graphene-Band-Structure-Quantum-Espresso/outputs/field_0/vdw-df2-c09/top/data/ldos.pp.dat1130

     Writing data to be plotted to file /home/ubuntu/projects/Graphene-Band-Structure-Quantum-Espresso/outputs/field_0/vdw-df2-c09/top/data/ldos.pp.dat1130.xsf
     Plot Type: 3D                     Output format: XCrySDen     
     Reading data from file  /home/ubuntu/projects/Graphene-Band-Structure-Quantum-Espresso/outputs/field_0/vdw-df2-c09/top/data/ldos.pp.dat1131

     Writing data to be plotted to file /home/ubuntu/projects/Graphene-Band-Structure-Quantum-Espresso/outputs/field_0/vdw-df2-c09/top/data/ldos.pp.dat1131.xsf
     Plot Type: 3D                     Output format: XCrySDen     
     Reading data from file  /home/ubuntu/projects/Graphene-Band-Structure-Quantum-Espresso/outputs/field_0/vdw-df2-c09/top/data/ldos.pp.dat1132

     Writing data to be plotted to file /home/ubuntu/projects/Graphene-Band-Structure-Quantum-Espresso/outputs/field_0/vdw-df2-c09/top/data/ldos.pp.dat1132.xsf
     Plot Type: 3D                     Output format: XCrySDen     
     Reading data from file  /home/ubuntu/projects/Graphene-Band-Structure-Quantum-Espresso/outputs/field_0/vdw-df2-c09/top/data/ldos.pp.dat1133

     Writing data to be plotted to file /home/ubuntu/projects/Graphene-Band-Structure-Quantum-Espresso/outputs/field_0/vdw-df2-c09/top/data/ldos.pp.dat1133.xsf
     Plot Type: 3D                     Output format: XCrySDen     
     Reading data from file  /home/ubuntu/projects/Graphene-Band-Structure-Quantum-Espresso/outputs/field_0/vdw-df2-c09/top/data/ldos.pp.dat1134

     Writing data to be plotted to file /home/ubuntu/projects/Graphene-Band-Structure-Quantum-Espresso/outputs/field_0/vdw-df2-c09/top/data/ldos.pp.dat1134.xsf
     Plot Type: 3D                     Output format: XCrySDen     
     Reading data from file  /home/ubuntu/projects/Graphene-Band-Structure-Quantum-Espresso/outputs/field_0/vdw-df2-c09/top/data/ldos.pp.dat1135

     Writing data to be plotted to file /home/ubuntu/projects/Graphene-Band-Structure-Quantum-Espresso/outputs/field_0/vdw-df2-c09/top/data/ldos.pp.dat1135.xsf
     Plot Type: 3D                     Output format: XCrySDen     
     Reading data from file  /home/ubuntu/projects/Graphene-Band-Structure-Quantum-Espresso/outputs/field_0/vdw-df2-c09/top/data/ldos.pp.dat1136

     Writing data to be plotted to file /home/ubuntu/projects/Graphene-Band-Structure-Quantum-Espresso/outputs/field_0/vdw-df2-c09/top/data/ldos.pp.dat1136.xsf
     Plot Type: 3D                     Output format: XCrySDen     
     Reading data from file  /home/ubuntu/projects/Graphene-Band-Structure-Quantum-Espresso/outputs/field_0/vdw-df2-c09/top/data/ldos.pp.dat1137

     Writing data to be plotted to file /home/ubuntu/projects/Graphene-Band-Structure-Quantum-Espresso/outputs/field_0/vdw-df2-c09/top/data/ldos.pp.dat1137.xsf
     Plot Type: 3D                     Output format: XCrySDen     
     Reading data from file  /home/ubuntu/projects/Graphene-Band-Structure-Quantum-Espresso/outputs/field_0/vdw-df2-c09/top/data/ldos.pp.dat1138

     Writing data to be plotted to file /home/ubuntu/projects/Graphene-Band-Structure-Quantum-Espresso/outputs/field_0/vdw-df2-c09/top/data/ldos.pp.dat1138.xsf
     Plot Type: 3D                     Output format: XCrySDen     
     Reading data from file  /home/ubuntu/projects/Graphene-Band-Structure-Quantum-Espresso/outputs/field_0/vdw-df2-c09/top/data/ldos.pp.dat1139

     Writing data to be plotted to file /home/ubuntu/projects/Graphene-Band-Structure-Quantum-Espresso/outputs/field_0/vdw-df2-c09/top/data/ldos.pp.dat1139.xsf
     Plot Type: 3D                     Output format: XCrySDen     
     Reading data from file  /home/ubuntu/projects/Graphene-Band-Structure-Quantum-Espresso/outputs/field_0/vdw-df2-c09/top/data/ldos.pp.dat1140

     Writing data to be plotted to file /home/ubuntu/projects/Graphene-Band-Structure-Quantum-Espresso/outputs/field_0/vdw-df2-c09/top/data/ldos.pp.dat1140.xsf
     Plot Type: 3D                     Output format: XCrySDen     
     Reading data from file  /home/ubuntu/projects/Graphene-Band-Structure-Quantum-Espresso/outputs/field_0/vdw-df2-c09/top/data/ldos.pp.dat1141

     Writing data to be plotted to file /home/ubuntu/projects/Graphene-Band-Structure-Quantum-Espresso/outputs/field_0/vdw-df2-c09/top/data/ldos.pp.dat1141.xsf
     Plot Type: 3D                     Output format: XCrySDen     
     Reading data from file  /home/ubuntu/projects/Graphene-Band-Structure-Quantum-Espresso/outputs/field_0/vdw-df2-c09/top/data/ldos.pp.dat1142

     Writing data to be plotted to file /home/ubuntu/projects/Graphene-Band-Structure-Quantum-Espresso/outputs/field_0/vdw-df2-c09/top/data/ldos.pp.dat1142.xsf
     Plot Type: 3D                     Output format: XCrySDen     
     Reading data from file  /home/ubuntu/projects/Graphene-Band-Structure-Quantum-Espresso/outputs/field_0/vdw-df2-c09/top/data/ldos.pp.dat1143

     Writing data to be plotted to file /home/ubuntu/projects/Graphene-Band-Structure-Quantum-Espresso/outputs/field_0/vdw-df2-c09/top/data/ldos.pp.dat1143.xsf
     Plot Type: 3D                     Output format: XCrySDen     
     Reading data from file  /home/ubuntu/projects/Graphene-Band-Structure-Quantum-Espresso/outputs/field_0/vdw-df2-c09/top/data/ldos.pp.dat1144

     Writing data to be plotted to file /home/ubuntu/projects/Graphene-Band-Structure-Quantum-Espresso/outputs/field_0/vdw-df2-c09/top/data/ldos.pp.dat1144.xsf
     Plot Type: 3D                     Output format: XCrySDen     
     Reading data from file  /home/ubuntu/projects/Graphene-Band-Structure-Quantum-Espresso/outputs/field_0/vdw-df2-c09/top/data/ldos.pp.dat1145

     Writing data to be plotted to file /home/ubuntu/projects/Graphene-Band-Structure-Quantum-Espresso/outputs/field_0/vdw-df2-c09/top/data/ldos.pp.dat1145.xsf
     Plot Type: 3D                     Output format: XCrySDen     
     Reading data from file  /home/ubuntu/projects/Graphene-Band-Structure-Quantum-Espresso/outputs/field_0/vdw-df2-c09/top/data/ldos.pp.dat1146

     Writing data to be plotted to file /home/ubuntu/projects/Graphene-Band-Structure-Quantum-Espresso/outputs/field_0/vdw-df2-c09/top/data/ldos.pp.dat1146.xsf
     Plot Type: 3D                     Output format: XCrySDen     
     Reading data from file  /home/ubuntu/projects/Graphene-Band-Structure-Quantum-Espresso/outputs/field_0/vdw-df2-c09/top/data/ldos.pp.dat1147

     Writing data to be plotted to file /home/ubuntu/projects/Graphene-Band-Structure-Quantum-Espresso/outputs/field_0/vdw-df2-c09/top/data/ldos.pp.dat1147.xsf
     Plot Type: 3D                     Output format: XCrySDen     
     Reading data from file  /home/ubuntu/projects/Graphene-Band-Structure-Quantum-Espresso/outputs/field_0/vdw-df2-c09/top/data/ldos.pp.dat1148

     Writing data to be plotted to file /home/ubuntu/projects/Graphene-Band-Structure-Quantum-Espresso/outputs/field_0/vdw-df2-c09/top/data/ldos.pp.dat1148.xsf
     Plot Type: 3D                     Output format: XCrySDen     
     Reading data from file  /home/ubuntu/projects/Graphene-Band-Structure-Quantum-Espresso/outputs/field_0/vdw-df2-c09/top/data/ldos.pp.dat1149

     Writing data to be plotted to file /home/ubuntu/projects/Graphene-Band-Structure-Quantum-Espresso/outputs/field_0/vdw-df2-c09/top/data/ldos.pp.dat1149.xsf
     Plot Type: 3D                     Output format: XCrySDen     
     Reading data from file  /home/ubuntu/projects/Graphene-Band-Structure-Quantum-Espresso/outputs/field_0/vdw-df2-c09/top/data/ldos.pp.dat1150

     Writing data to be plotted to file /home/ubuntu/projects/Graphene-Band-Structure-Quantum-Espresso/outputs/field_0/vdw-df2-c09/top/data/ldos.pp.dat1150.xsf
     Plot Type: 3D                     Output format: XCrySDen     
     Reading data from file  /home/ubuntu/projects/Graphene-Band-Structure-Quantum-Espresso/outputs/field_0/vdw-df2-c09/top/data/ldos.pp.dat1151

     Writing data to be plotted to file /home/ubuntu/projects/Graphene-Band-Structure-Quantum-Espresso/outputs/field_0/vdw-df2-c09/top/data/ldos.pp.dat1151.xsf
     Plot Type: 3D                     Output format: XCrySDen     
     Reading data from file  /home/ubuntu/projects/Graphene-Band-Structure-Quantum-Espresso/outputs/field_0/vdw-df2-c09/top/data/ldos.pp.dat1152

     Writing data to be plotted to file /home/ubuntu/projects/Graphene-Band-Structure-Quantum-Espresso/outputs/field_0/vdw-df2-c09/top/data/ldos.pp.dat1152.xsf
     Plot Type: 3D                     Output format: XCrySDen     
     Reading data from file  /home/ubuntu/projects/Graphene-Band-Structure-Quantum-Espresso/outputs/field_0/vdw-df2-c09/top/data/ldos.pp.dat1153

     Writing data to be plotted to file /home/ubuntu/projects/Graphene-Band-Structure-Quantum-Espresso/outputs/field_0/vdw-df2-c09/top/data/ldos.pp.dat1153.xsf
     Plot Type: 3D                     Output format: XCrySDen     
     Reading data from file  /home/ubuntu/projects/Graphene-Band-Structure-Quantum-Espresso/outputs/field_0/vdw-df2-c09/top/data/ldos.pp.dat1154

     Writing data to be plotted to file /home/ubuntu/projects/Graphene-Band-Structure-Quantum-Espresso/outputs/field_0/vdw-df2-c09/top/data/ldos.pp.dat1154.xsf
     Plot Type: 3D                     Output format: XCrySDen     
     Reading data from file  /home/ubuntu/projects/Graphene-Band-Structure-Quantum-Espresso/outputs/field_0/vdw-df2-c09/top/data/ldos.pp.dat1155

     Writing data to be plotted to file /home/ubuntu/projects/Graphene-Band-Structure-Quantum-Espresso/outputs/field_0/vdw-df2-c09/top/data/ldos.pp.dat1155.xsf
     Plot Type: 3D                     Output format: XCrySDen     
     Reading data from file  /home/ubuntu/projects/Graphene-Band-Structure-Quantum-Espresso/outputs/field_0/vdw-df2-c09/top/data/ldos.pp.dat1156

     Writing data to be plotted to file /home/ubuntu/projects/Graphene-Band-Structure-Quantum-Espresso/outputs/field_0/vdw-df2-c09/top/data/ldos.pp.dat1156.xsf
     Plot Type: 3D                     Output format: XCrySDen     
     Reading data from file  /home/ubuntu/projects/Graphene-Band-Structure-Quantum-Espresso/outputs/field_0/vdw-df2-c09/top/data/ldos.pp.dat1157

     Writing data to be plotted to file /home/ubuntu/projects/Graphene-Band-Structure-Quantum-Espresso/outputs/field_0/vdw-df2-c09/top/data/ldos.pp.dat1157.xsf
     Plot Type: 3D                     Output format: XCrySDen     
     Reading data from file  /home/ubuntu/projects/Graphene-Band-Structure-Quantum-Espresso/outputs/field_0/vdw-df2-c09/top/data/ldos.pp.dat1158

     Writing data to be plotted to file /home/ubuntu/projects/Graphene-Band-Structure-Quantum-Espresso/outputs/field_0/vdw-df2-c09/top/data/ldos.pp.dat1158.xsf
     Plot Type: 3D                     Output format: XCrySDen     
     Reading data from file  /home/ubuntu/projects/Graphene-Band-Structure-Quantum-Espresso/outputs/field_0/vdw-df2-c09/top/data/ldos.pp.dat1159

     Writing data to be plotted to file /home/ubuntu/projects/Graphene-Band-Structure-Quantum-Espresso/outputs/field_0/vdw-df2-c09/top/data/ldos.pp.dat1159.xsf
     Plot Type: 3D                     Output format: XCrySDen     
     Reading data from file  /home/ubuntu/projects/Graphene-Band-Structure-Quantum-Espresso/outputs/field_0/vdw-df2-c09/top/data/ldos.pp.dat1160

     Writing data to be plotted to file /home/ubuntu/projects/Graphene-Band-Structure-Quantum-Espresso/outputs/field_0/vdw-df2-c09/top/data/ldos.pp.dat1160.xsf
     Plot Type: 3D                     Output format: XCrySDen     
     Reading data from file  /home/ubuntu/projects/Graphene-Band-Structure-Quantum-Espresso/outputs/field_0/vdw-df2-c09/top/data/ldos.pp.dat1161

     Writing data to be plotted to file /home/ubuntu/projects/Graphene-Band-Structure-Quantum-Espresso/outputs/field_0/vdw-df2-c09/top/data/ldos.pp.dat1161.xsf
     Plot Type: 3D                     Output format: XCrySDen     
     Reading data from file  /home/ubuntu/projects/Graphene-Band-Structure-Quantum-Espresso/outputs/field_0/vdw-df2-c09/top/data/ldos.pp.dat1162

     Writing data to be plotted to file /home/ubuntu/projects/Graphene-Band-Structure-Quantum-Espresso/outputs/field_0/vdw-df2-c09/top/data/ldos.pp.dat1162.xsf
     Plot Type: 3D                     Output format: XCrySDen     
     Reading data from file  /home/ubuntu/projects/Graphene-Band-Structure-Quantum-Espresso/outputs/field_0/vdw-df2-c09/top/data/ldos.pp.dat1163

     Writing data to be plotted to file /home/ubuntu/projects/Graphene-Band-Structure-Quantum-Espresso/outputs/field_0/vdw-df2-c09/top/data/ldos.pp.dat1163.xsf
     Plot Type: 3D                     Output format: XCrySDen     
     Reading data from file  /home/ubuntu/projects/Graphene-Band-Structure-Quantum-Espresso/outputs/field_0/vdw-df2-c09/top/data/ldos.pp.dat1164

     Writing data to be plotted to file /home/ubuntu/projects/Graphene-Band-Structure-Quantum-Espresso/outputs/field_0/vdw-df2-c09/top/data/ldos.pp.dat1164.xsf
     Plot Type: 3D                     Output format: XCrySDen     
     Reading data from file  /home/ubuntu/projects/Graphene-Band-Structure-Quantum-Espresso/outputs/field_0/vdw-df2-c09/top/data/ldos.pp.dat1165

     Writing data to be plotted to file /home/ubuntu/projects/Graphene-Band-Structure-Quantum-Espresso/outputs/field_0/vdw-df2-c09/top/data/ldos.pp.dat1165.xsf
     Plot Type: 3D                     Output format: XCrySDen     
     Reading data from file  /home/ubuntu/projects/Graphene-Band-Structure-Quantum-Espresso/outputs/field_0/vdw-df2-c09/top/data/ldos.pp.dat1166

     Writing data to be plotted to file /home/ubuntu/projects/Graphene-Band-Structure-Quantum-Espresso/outputs/field_0/vdw-df2-c09/top/data/ldos.pp.dat1166.xsf
     Plot Type: 3D                     Output format: XCrySDen     
     Reading data from file  /home/ubuntu/projects/Graphene-Band-Structure-Quantum-Espresso/outputs/field_0/vdw-df2-c09/top/data/ldos.pp.dat1167

     Writing data to be plotted to file /home/ubuntu/projects/Graphene-Band-Structure-Quantum-Espresso/outputs/field_0/vdw-df2-c09/top/data/ldos.pp.dat1167.xsf
     Plot Type: 3D                     Output format: XCrySDen     
     Reading data from file  /home/ubuntu/projects/Graphene-Band-Structure-Quantum-Espresso/outputs/field_0/vdw-df2-c09/top/data/ldos.pp.dat1168

     Writing data to be plotted to file /home/ubuntu/projects/Graphene-Band-Structure-Quantum-Espresso/outputs/field_0/vdw-df2-c09/top/data/ldos.pp.dat1168.xsf
     Plot Type: 3D                     Output format: XCrySDen     
     Reading data from file  /home/ubuntu/projects/Graphene-Band-Structure-Quantum-Espresso/outputs/field_0/vdw-df2-c09/top/data/ldos.pp.dat1169

     Writing data to be plotted to file /home/ubuntu/projects/Graphene-Band-Structure-Quantum-Espresso/outputs/field_0/vdw-df2-c09/top/data/ldos.pp.dat1169.xsf
     Plot Type: 3D                     Output format: XCrySDen     
     Reading data from file  /home/ubuntu/projects/Graphene-Band-Structure-Quantum-Espresso/outputs/field_0/vdw-df2-c09/top/data/ldos.pp.dat1170

     Writing data to be plotted to file /home/ubuntu/projects/Graphene-Band-Structure-Quantum-Espresso/outputs/field_0/vdw-df2-c09/top/data/ldos.pp.dat1170.xsf
     Plot Type: 3D                     Output format: XCrySDen     
     Reading data from file  /home/ubuntu/projects/Graphene-Band-Structure-Quantum-Espresso/outputs/field_0/vdw-df2-c09/top/data/ldos.pp.dat1171

     Writing data to be plotted to file /home/ubuntu/projects/Graphene-Band-Structure-Quantum-Espresso/outputs/field_0/vdw-df2-c09/top/data/ldos.pp.dat1171.xsf
     Plot Type: 3D                     Output format: XCrySDen     
     Reading data from file  /home/ubuntu/projects/Graphene-Band-Structure-Quantum-Espresso/outputs/field_0/vdw-df2-c09/top/data/ldos.pp.dat1172

     Writing data to be plotted to file /home/ubuntu/projects/Graphene-Band-Structure-Quantum-Espresso/outputs/field_0/vdw-df2-c09/top/data/ldos.pp.dat1172.xsf
     Plot Type: 3D                     Output format: XCrySDen     
     Reading data from file  /home/ubuntu/projects/Graphene-Band-Structure-Quantum-Espresso/outputs/field_0/vdw-df2-c09/top/data/ldos.pp.dat1173

     Writing data to be plotted to file /home/ubuntu/projects/Graphene-Band-Structure-Quantum-Espresso/outputs/field_0/vdw-df2-c09/top/data/ldos.pp.dat1173.xsf
     Plot Type: 3D                     Output format: XCrySDen     
     Reading data from file  /home/ubuntu/projects/Graphene-Band-Structure-Quantum-Espresso/outputs/field_0/vdw-df2-c09/top/data/ldos.pp.dat1174

     Writing data to be plotted to file /home/ubuntu/projects/Graphene-Band-Structure-Quantum-Espresso/outputs/field_0/vdw-df2-c09/top/data/ldos.pp.dat1174.xsf
     Plot Type: 3D                     Output format: XCrySDen     
     Reading data from file  /home/ubuntu/projects/Graphene-Band-Structure-Quantum-Espresso/outputs/field_0/vdw-df2-c09/top/data/ldos.pp.dat1175

     Writing data to be plotted to file /home/ubuntu/projects/Graphene-Band-Structure-Quantum-Espresso/outputs/field_0/vdw-df2-c09/top/data/ldos.pp.dat1175.xsf
     Plot Type: 3D                     Output format: XCrySDen     
     Reading data from file  /home/ubuntu/projects/Graphene-Band-Structure-Quantum-Espresso/outputs/field_0/vdw-df2-c09/top/data/ldos.pp.dat1176

     Writing data to be plotted to file /home/ubuntu/projects/Graphene-Band-Structure-Quantum-Espresso/outputs/field_0/vdw-df2-c09/top/data/ldos.pp.dat1176.xsf
     Plot Type: 3D                     Output format: XCrySDen     
     Reading data from file  /home/ubuntu/projects/Graphene-Band-Structure-Quantum-Espresso/outputs/field_0/vdw-df2-c09/top/data/ldos.pp.dat1177

     Writing data to be plotted to file /home/ubuntu/projects/Graphene-Band-Structure-Quantum-Espresso/outputs/field_0/vdw-df2-c09/top/data/ldos.pp.dat1177.xsf
     Plot Type: 3D                     Output format: XCrySDen     
     Reading data from file  /home/ubuntu/projects/Graphene-Band-Structure-Quantum-Espresso/outputs/field_0/vdw-df2-c09/top/data/ldos.pp.dat1178

     Writing data to be plotted to file /home/ubuntu/projects/Graphene-Band-Structure-Quantum-Espresso/outputs/field_0/vdw-df2-c09/top/data/ldos.pp.dat1178.xsf
     Plot Type: 3D                     Output format: XCrySDen     
     Reading data from file  /home/ubuntu/projects/Graphene-Band-Structure-Quantum-Espresso/outputs/field_0/vdw-df2-c09/top/data/ldos.pp.dat1179

     Writing data to be plotted to file /home/ubuntu/projects/Graphene-Band-Structure-Quantum-Espresso/outputs/field_0/vdw-df2-c09/top/data/ldos.pp.dat1179.xsf
     Plot Type: 3D                     Output format: XCrySDen     
     Reading data from file  /home/ubuntu/projects/Graphene-Band-Structure-Quantum-Espresso/outputs/field_0/vdw-df2-c09/top/data/ldos.pp.dat1180

     Writing data to be plotted to file /home/ubuntu/projects/Graphene-Band-Structure-Quantum-Espresso/outputs/field_0/vdw-df2-c09/top/data/ldos.pp.dat1180.xsf
     Plot Type: 3D                     Output format: XCrySDen     
     Reading data from file  /home/ubuntu/projects/Graphene-Band-Structure-Quantum-Espresso/outputs/field_0/vdw-df2-c09/top/data/ldos.pp.dat1181

     Writing data to be plotted to file /home/ubuntu/projects/Graphene-Band-Structure-Quantum-Espresso/outputs/field_0/vdw-df2-c09/top/data/ldos.pp.dat1181.xsf
     Plot Type: 3D                     Output format: XCrySDen     
     Reading data from file  /home/ubuntu/projects/Graphene-Band-Structure-Quantum-Espresso/outputs/field_0/vdw-df2-c09/top/data/ldos.pp.dat1182

     Writing data to be plotted to file /home/ubuntu/projects/Graphene-Band-Structure-Quantum-Espresso/outputs/field_0/vdw-df2-c09/top/data/ldos.pp.dat1182.xsf
     Plot Type: 3D                     Output format: XCrySDen     
     Reading data from file  /home/ubuntu/projects/Graphene-Band-Structure-Quantum-Espresso/outputs/field_0/vdw-df2-c09/top/data/ldos.pp.dat1183

     Writing data to be plotted to file /home/ubuntu/projects/Graphene-Band-Structure-Quantum-Espresso/outputs/field_0/vdw-df2-c09/top/data/ldos.pp.dat1183.xsf
     Plot Type: 3D                     Output format: XCrySDen     
     Reading data from file  /home/ubuntu/projects/Graphene-Band-Structure-Quantum-Espresso/outputs/field_0/vdw-df2-c09/top/data/ldos.pp.dat1184

     Writing data to be plotted to file /home/ubuntu/projects/Graphene-Band-Structure-Quantum-Espresso/outputs/field_0/vdw-df2-c09/top/data/ldos.pp.dat1184.xsf
     Plot Type: 3D                     Output format: XCrySDen     
     Reading data from file  /home/ubuntu/projects/Graphene-Band-Structure-Quantum-Espresso/outputs/field_0/vdw-df2-c09/top/data/ldos.pp.dat1185

     Writing data to be plotted to file /home/ubuntu/projects/Graphene-Band-Structure-Quantum-Espresso/outputs/field_0/vdw-df2-c09/top/data/ldos.pp.dat1185.xsf
     Plot Type: 3D                     Output format: XCrySDen     
     Reading data from file  /home/ubuntu/projects/Graphene-Band-Structure-Quantum-Espresso/outputs/field_0/vdw-df2-c09/top/data/ldos.pp.dat1186

     Writing data to be plotted to file /home/ubuntu/projects/Graphene-Band-Structure-Quantum-Espresso/outputs/field_0/vdw-df2-c09/top/data/ldos.pp.dat1186.xsf
     Plot Type: 3D                     Output format: XCrySDen     
     Reading data from file  /home/ubuntu/projects/Graphene-Band-Structure-Quantum-Espresso/outputs/field_0/vdw-df2-c09/top/data/ldos.pp.dat1187

     Writing data to be plotted to file /home/ubuntu/projects/Graphene-Band-Structure-Quantum-Espresso/outputs/field_0/vdw-df2-c09/top/data/ldos.pp.dat1187.xsf
     Plot Type: 3D                     Output format: XCrySDen     
     Reading data from file  /home/ubuntu/projects/Graphene-Band-Structure-Quantum-Espresso/outputs/field_0/vdw-df2-c09/top/data/ldos.pp.dat1188

     Writing data to be plotted to file /home/ubuntu/projects/Graphene-Band-Structure-Quantum-Espresso/outputs/field_0/vdw-df2-c09/top/data/ldos.pp.dat1188.xsf
     Plot Type: 3D                     Output format: XCrySDen     
     Reading data from file  /home/ubuntu/projects/Graphene-Band-Structure-Quantum-Espresso/outputs/field_0/vdw-df2-c09/top/data/ldos.pp.dat1189

     Writing data to be plotted to file /home/ubuntu/projects/Graphene-Band-Structure-Quantum-Espresso/outputs/field_0/vdw-df2-c09/top/data/ldos.pp.dat1189.xsf
     Plot Type: 3D                     Output format: XCrySDen     
     Reading data from file  /home/ubuntu/projects/Graphene-Band-Structure-Quantum-Espresso/outputs/field_0/vdw-df2-c09/top/data/ldos.pp.dat1190

     Writing data to be plotted to file /home/ubuntu/projects/Graphene-Band-Structure-Quantum-Espresso/outputs/field_0/vdw-df2-c09/top/data/ldos.pp.dat1190.xsf
     Plot Type: 3D                     Output format: XCrySDen     
     Reading data from file  /home/ubuntu/projects/Graphene-Band-Structure-Quantum-Espresso/outputs/field_0/vdw-df2-c09/top/data/ldos.pp.dat1191

     Writing data to be plotted to file /home/ubuntu/projects/Graphene-Band-Structure-Quantum-Espresso/outputs/field_0/vdw-df2-c09/top/data/ldos.pp.dat1191.xsf
     Plot Type: 3D                     Output format: XCrySDen     
     Reading data from file  /home/ubuntu/projects/Graphene-Band-Structure-Quantum-Espresso/outputs/field_0/vdw-df2-c09/top/data/ldos.pp.dat1192

     Writing data to be plotted to file /home/ubuntu/projects/Graphene-Band-Structure-Quantum-Espresso/outputs/field_0/vdw-df2-c09/top/data/ldos.pp.dat1192.xsf
     Plot Type: 3D                     Output format: XCrySDen     
     Reading data from file  /home/ubuntu/projects/Graphene-Band-Structure-Quantum-Espresso/outputs/field_0/vdw-df2-c09/top/data/ldos.pp.dat1193

     Writing data to be plotted to file /home/ubuntu/projects/Graphene-Band-Structure-Quantum-Espresso/outputs/field_0/vdw-df2-c09/top/data/ldos.pp.dat1193.xsf
     Plot Type: 3D                     Output format: XCrySDen     
     Reading data from file  /home/ubuntu/projects/Graphene-Band-Structure-Quantum-Espresso/outputs/field_0/vdw-df2-c09/top/data/ldos.pp.dat1194

     Writing data to be plotted to file /home/ubuntu/projects/Graphene-Band-Structure-Quantum-Espresso/outputs/field_0/vdw-df2-c09/top/data/ldos.pp.dat1194.xsf
     Plot Type: 3D                     Output format: XCrySDen     
     Reading data from file  /home/ubuntu/projects/Graphene-Band-Structure-Quantum-Espresso/outputs/field_0/vdw-df2-c09/top/data/ldos.pp.dat1195

     Writing data to be plotted to file /home/ubuntu/projects/Graphene-Band-Structure-Quantum-Espresso/outputs/field_0/vdw-df2-c09/top/data/ldos.pp.dat1195.xsf
     Plot Type: 3D                     Output format: XCrySDen     
     Reading data from file  /home/ubuntu/projects/Graphene-Band-Structure-Quantum-Espresso/outputs/field_0/vdw-df2-c09/top/data/ldos.pp.dat1196

     Writing data to be plotted to file /home/ubuntu/projects/Graphene-Band-Structure-Quantum-Espresso/outputs/field_0/vdw-df2-c09/top/data/ldos.pp.dat1196.xsf
     Plot Type: 3D                     Output format: XCrySDen     
     Reading data from file  /home/ubuntu/projects/Graphene-Band-Structure-Quantum-Espresso/outputs/field_0/vdw-df2-c09/top/data/ldos.pp.dat1197

     Writing data to be plotted to file /home/ubuntu/projects/Graphene-Band-Structure-Quantum-Espresso/outputs/field_0/vdw-df2-c09/top/data/ldos.pp.dat1197.xsf
     Plot Type: 3D                     Output format: XCrySDen     
     Reading data from file  /home/ubuntu/projects/Graphene-Band-Structure-Quantum-Espresso/outputs/field_0/vdw-df2-c09/top/data/ldos.pp.dat1198

     Writing data to be plotted to file /home/ubuntu/projects/Graphene-Band-Structure-Quantum-Espresso/outputs/field_0/vdw-df2-c09/top/data/ldos.pp.dat1198.xsf
     Plot Type: 3D                     Output format: XCrySDen     
     Reading data from file  /home/ubuntu/projects/Graphene-Band-Structure-Quantum-Espresso/outputs/field_0/vdw-df2-c09/top/data/ldos.pp.dat1199

     Writing data to be plotted to file /home/ubuntu/projects/Graphene-Band-Structure-Quantum-Espresso/outputs/field_0/vdw-df2-c09/top/data/ldos.pp.dat1199.xsf
     Plot Type: 3D                     Output format: XCrySDen     
     Reading data from file  /home/ubuntu/projects/Graphene-Band-Structure-Quantum-Espresso/outputs/field_0/vdw-df2-c09/top/data/ldos.pp.dat1200

     Writing data to be plotted to file /home/ubuntu/projects/Graphene-Band-Structure-Quantum-Espresso/outputs/field_0/vdw-df2-c09/top/data/ldos.pp.dat1200.xsf
     Plot Type: 3D                     Output format: XCrySDen     
     Reading data from file  /home/ubuntu/projects/Graphene-Band-Structure-Quantum-Espresso/outputs/field_0/vdw-df2-c09/top/data/ldos.pp.dat1201

     Writing data to be plotted to file /home/ubuntu/projects/Graphene-Band-Structure-Quantum-Espresso/outputs/field_0/vdw-df2-c09/top/data/ldos.pp.dat1201.xsf
     Plot Type: 3D                     Output format: XCrySDen     
     Reading data from file  /home/ubuntu/projects/Graphene-Band-Structure-Quantum-Espresso/outputs/field_0/vdw-df2-c09/top/data/ldos.pp.dat1202

     Writing data to be plotted to file /home/ubuntu/projects/Graphene-Band-Structure-Quantum-Espresso/outputs/field_0/vdw-df2-c09/top/data/ldos.pp.dat1202.xsf
     Plot Type: 3D                     Output format: XCrySDen     
     Reading data from file  /home/ubuntu/projects/Graphene-Band-Structure-Quantum-Espresso/outputs/field_0/vdw-df2-c09/top/data/ldos.pp.dat1203

     Writing data to be plotted to file /home/ubuntu/projects/Graphene-Band-Structure-Quantum-Espresso/outputs/field_0/vdw-df2-c09/top/data/ldos.pp.dat1203.xsf
     Plot Type: 3D                     Output format: XCrySDen     
     Reading data from file  /home/ubuntu/projects/Graphene-Band-Structure-Quantum-Espresso/outputs/field_0/vdw-df2-c09/top/data/ldos.pp.dat1204

     Writing data to be plotted to file /home/ubuntu/projects/Graphene-Band-Structure-Quantum-Espresso/outputs/field_0/vdw-df2-c09/top/data/ldos.pp.dat1204.xsf
     Plot Type: 3D                     Output format: XCrySDen     
     Reading data from file  /home/ubuntu/projects/Graphene-Band-Structure-Quantum-Espresso/outputs/field_0/vdw-df2-c09/top/data/ldos.pp.dat1205

     Writing data to be plotted to file /home/ubuntu/projects/Graphene-Band-Structure-Quantum-Espresso/outputs/field_0/vdw-df2-c09/top/data/ldos.pp.dat1205.xsf
     Plot Type: 3D                     Output format: XCrySDen     
     Reading data from file  /home/ubuntu/projects/Graphene-Band-Structure-Quantum-Espresso/outputs/field_0/vdw-df2-c09/top/data/ldos.pp.dat1206

     Writing data to be plotted to file /home/ubuntu/projects/Graphene-Band-Structure-Quantum-Espresso/outputs/field_0/vdw-df2-c09/top/data/ldos.pp.dat1206.xsf
     Plot Type: 3D                     Output format: XCrySDen     
     Reading data from file  /home/ubuntu/projects/Graphene-Band-Structure-Quantum-Espresso/outputs/field_0/vdw-df2-c09/top/data/ldos.pp.dat1207

     Writing data to be plotted to file /home/ubuntu/projects/Graphene-Band-Structure-Quantum-Espresso/outputs/field_0/vdw-df2-c09/top/data/ldos.pp.dat1207.xsf
     Plot Type: 3D                     Output format: XCrySDen     
     Reading data from file  /home/ubuntu/projects/Graphene-Band-Structure-Quantum-Espresso/outputs/field_0/vdw-df2-c09/top/data/ldos.pp.dat1208

     Writing data to be plotted to file /home/ubuntu/projects/Graphene-Band-Structure-Quantum-Espresso/outputs/field_0/vdw-df2-c09/top/data/ldos.pp.dat1208.xsf
     Plot Type: 3D                     Output format: XCrySDen     
     Reading data from file  /home/ubuntu/projects/Graphene-Band-Structure-Quantum-Espresso/outputs/field_0/vdw-df2-c09/top/data/ldos.pp.dat1209

     Writing data to be plotted to file /home/ubuntu/projects/Graphene-Band-Structure-Quantum-Espresso/outputs/field_0/vdw-df2-c09/top/data/ldos.pp.dat1209.xsf
     Plot Type: 3D                     Output format: XCrySDen     
     Reading data from file  /home/ubuntu/projects/Graphene-Band-Structure-Quantum-Espresso/outputs/field_0/vdw-df2-c09/top/data/ldos.pp.dat1210

     Writing data to be plotted to file /home/ubuntu/projects/Graphene-Band-Structure-Quantum-Espresso/outputs/field_0/vdw-df2-c09/top/data/ldos.pp.dat1210.xsf
     Plot Type: 3D                     Output format: XCrySDen     
     Reading data from file  /home/ubuntu/projects/Graphene-Band-Structure-Quantum-Espresso/outputs/field_0/vdw-df2-c09/top/data/ldos.pp.dat1211

     Writing data to be plotted to file /home/ubuntu/projects/Graphene-Band-Structure-Quantum-Espresso/outputs/field_0/vdw-df2-c09/top/data/ldos.pp.dat1211.xsf
     Plot Type: 3D                     Output format: XCrySDen     
     Reading data from file  /home/ubuntu/projects/Graphene-Band-Structure-Quantum-Espresso/outputs/field_0/vdw-df2-c09/top/data/ldos.pp.dat1212

     Writing data to be plotted to file /home/ubuntu/projects/Graphene-Band-Structure-Quantum-Espresso/outputs/field_0/vdw-df2-c09/top/data/ldos.pp.dat1212.xsf
     Plot Type: 3D                     Output format: XCrySDen     
     Reading data from file  /home/ubuntu/projects/Graphene-Band-Structure-Quantum-Espresso/outputs/field_0/vdw-df2-c09/top/data/ldos.pp.dat1213

     Writing data to be plotted to file /home/ubuntu/projects/Graphene-Band-Structure-Quantum-Espresso/outputs/field_0/vdw-df2-c09/top/data/ldos.pp.dat1213.xsf
     Plot Type: 3D                     Output format: XCrySDen     
     Reading data from file  /home/ubuntu/projects/Graphene-Band-Structure-Quantum-Espresso/outputs/field_0/vdw-df2-c09/top/data/ldos.pp.dat1214

     Writing data to be plotted to file /home/ubuntu/projects/Graphene-Band-Structure-Quantum-Espresso/outputs/field_0/vdw-df2-c09/top/data/ldos.pp.dat1214.xsf
     Plot Type: 3D                     Output format: XCrySDen     
     Reading data from file  /home/ubuntu/projects/Graphene-Band-Structure-Quantum-Espresso/outputs/field_0/vdw-df2-c09/top/data/ldos.pp.dat1215

     Writing data to be plotted to file /home/ubuntu/projects/Graphene-Band-Structure-Quantum-Espresso/outputs/field_0/vdw-df2-c09/top/data/ldos.pp.dat1215.xsf
     Plot Type: 3D                     Output format: XCrySDen     
     Reading data from file  /home/ubuntu/projects/Graphene-Band-Structure-Quantum-Espresso/outputs/field_0/vdw-df2-c09/top/data/ldos.pp.dat1216

     Writing data to be plotted to file /home/ubuntu/projects/Graphene-Band-Structure-Quantum-Espresso/outputs/field_0/vdw-df2-c09/top/data/ldos.pp.dat1216.xsf
     Plot Type: 3D                     Output format: XCrySDen     
     Reading data from file  /home/ubuntu/projects/Graphene-Band-Structure-Quantum-Espresso/outputs/field_0/vdw-df2-c09/top/data/ldos.pp.dat1217

     Writing data to be plotted to file /home/ubuntu/projects/Graphene-Band-Structure-Quantum-Espresso/outputs/field_0/vdw-df2-c09/top/data/ldos.pp.dat1217.xsf
     Plot Type: 3D                     Output format: XCrySDen     
     Reading data from file  /home/ubuntu/projects/Graphene-Band-Structure-Quantum-Espresso/outputs/field_0/vdw-df2-c09/top/data/ldos.pp.dat1218

     Writing data to be plotted to file /home/ubuntu/projects/Graphene-Band-Structure-Quantum-Espresso/outputs/field_0/vdw-df2-c09/top/data/ldos.pp.dat1218.xsf
     Plot Type: 3D                     Output format: XCrySDen     
     Reading data from file  /home/ubuntu/projects/Graphene-Band-Structure-Quantum-Espresso/outputs/field_0/vdw-df2-c09/top/data/ldos.pp.dat1219

     Writing data to be plotted to file /home/ubuntu/projects/Graphene-Band-Structure-Quantum-Espresso/outputs/field_0/vdw-df2-c09/top/data/ldos.pp.dat1219.xsf
     Plot Type: 3D                     Output format: XCrySDen     
     Reading data from file  /home/ubuntu/projects/Graphene-Band-Structure-Quantum-Espresso/outputs/field_0/vdw-df2-c09/top/data/ldos.pp.dat1220

     Writing data to be plotted to file /home/ubuntu/projects/Graphene-Band-Structure-Quantum-Espresso/outputs/field_0/vdw-df2-c09/top/data/ldos.pp.dat1220.xsf
     Plot Type: 3D                     Output format: XCrySDen     
     Reading data from file  /home/ubuntu/projects/Graphene-Band-Structure-Quantum-Espresso/outputs/field_0/vdw-df2-c09/top/data/ldos.pp.dat1221

     Writing data to be plotted to file /home/ubuntu/projects/Graphene-Band-Structure-Quantum-Espresso/outputs/field_0/vdw-df2-c09/top/data/ldos.pp.dat1221.xsf
     Plot Type: 3D                     Output format: XCrySDen     
     Reading data from file  /home/ubuntu/projects/Graphene-Band-Structure-Quantum-Espresso/outputs/field_0/vdw-df2-c09/top/data/ldos.pp.dat1222

     Writing data to be plotted to file /home/ubuntu/projects/Graphene-Band-Structure-Quantum-Espresso/outputs/field_0/vdw-df2-c09/top/data/ldos.pp.dat1222.xsf
     Plot Type: 3D                     Output format: XCrySDen     
     Reading data from file  /home/ubuntu/projects/Graphene-Band-Structure-Quantum-Espresso/outputs/field_0/vdw-df2-c09/top/data/ldos.pp.dat1223

     Writing data to be plotted to file /home/ubuntu/projects/Graphene-Band-Structure-Quantum-Espresso/outputs/field_0/vdw-df2-c09/top/data/ldos.pp.dat1223.xsf
     Plot Type: 3D                     Output format: XCrySDen     
     Reading data from file  /home/ubuntu/projects/Graphene-Band-Structure-Quantum-Espresso/outputs/field_0/vdw-df2-c09/top/data/ldos.pp.dat1224

     Writing data to be plotted to file /home/ubuntu/projects/Graphene-Band-Structure-Quantum-Espresso/outputs/field_0/vdw-df2-c09/top/data/ldos.pp.dat1224.xsf
     Plot Type: 3D                     Output format: XCrySDen     
     Reading data from file  /home/ubuntu/projects/Graphene-Band-Structure-Quantum-Espresso/outputs/field_0/vdw-df2-c09/top/data/ldos.pp.dat1225

     Writing data to be plotted to file /home/ubuntu/projects/Graphene-Band-Structure-Quantum-Espresso/outputs/field_0/vdw-df2-c09/top/data/ldos.pp.dat1225.xsf
     Plot Type: 3D                     Output format: XCrySDen     
     Reading data from file  /home/ubuntu/projects/Graphene-Band-Structure-Quantum-Espresso/outputs/field_0/vdw-df2-c09/top/data/ldos.pp.dat1226

     Writing data to be plotted to file /home/ubuntu/projects/Graphene-Band-Structure-Quantum-Espresso/outputs/field_0/vdw-df2-c09/top/data/ldos.pp.dat1226.xsf
     Plot Type: 3D                     Output format: XCrySDen     
     Reading data from file  /home/ubuntu/projects/Graphene-Band-Structure-Quantum-Espresso/outputs/field_0/vdw-df2-c09/top/data/ldos.pp.dat1227

     Writing data to be plotted to file /home/ubuntu/projects/Graphene-Band-Structure-Quantum-Espresso/outputs/field_0/vdw-df2-c09/top/data/ldos.pp.dat1227.xsf
     Plot Type: 3D                     Output format: XCrySDen     
     Reading data from file  /home/ubuntu/projects/Graphene-Band-Structure-Quantum-Espresso/outputs/field_0/vdw-df2-c09/top/data/ldos.pp.dat1228

     Writing data to be plotted to file /home/ubuntu/projects/Graphene-Band-Structure-Quantum-Espresso/outputs/field_0/vdw-df2-c09/top/data/ldos.pp.dat1228.xsf
     Plot Type: 3D                     Output format: XCrySDen     
     Reading data from file  /home/ubuntu/projects/Graphene-Band-Structure-Quantum-Espresso/outputs/field_0/vdw-df2-c09/top/data/ldos.pp.dat1229

     Writing data to be plotted to file /home/ubuntu/projects/Graphene-Band-Structure-Quantum-Espresso/outputs/field_0/vdw-df2-c09/top/data/ldos.pp.dat1229.xsf
     Plot Type: 3D                     Output format: XCrySDen     
     Reading data from file  /home/ubuntu/projects/Graphene-Band-Structure-Quantum-Espresso/outputs/field_0/vdw-df2-c09/top/data/ldos.pp.dat1230

     Writing data to be plotted to file /home/ubuntu/projects/Graphene-Band-Structure-Quantum-Espresso/outputs/field_0/vdw-df2-c09/top/data/ldos.pp.dat1230.xsf
     Plot Type: 3D                     Output format: XCrySDen     
     Reading data from file  /home/ubuntu/projects/Graphene-Band-Structure-Quantum-Espresso/outputs/field_0/vdw-df2-c09/top/data/ldos.pp.dat1231

     Writing data to be plotted to file /home/ubuntu/projects/Graphene-Band-Structure-Quantum-Espresso/outputs/field_0/vdw-df2-c09/top/data/ldos.pp.dat1231.xsf
     Plot Type: 3D                     Output format: XCrySDen     
     Reading data from file  /home/ubuntu/projects/Graphene-Band-Structure-Quantum-Espresso/outputs/field_0/vdw-df2-c09/top/data/ldos.pp.dat1232

     Writing data to be plotted to file /home/ubuntu/projects/Graphene-Band-Structure-Quantum-Espresso/outputs/field_0/vdw-df2-c09/top/data/ldos.pp.dat1232.xsf
     Plot Type: 3D                     Output format: XCrySDen     
     Reading data from file  /home/ubuntu/projects/Graphene-Band-Structure-Quantum-Espresso/outputs/field_0/vdw-df2-c09/top/data/ldos.pp.dat1233

     Writing data to be plotted to file /home/ubuntu/projects/Graphene-Band-Structure-Quantum-Espresso/outputs/field_0/vdw-df2-c09/top/data/ldos.pp.dat1233.xsf
     Plot Type: 3D                     Output format: XCrySDen     
     Reading data from file  /home/ubuntu/projects/Graphene-Band-Structure-Quantum-Espresso/outputs/field_0/vdw-df2-c09/top/data/ldos.pp.dat1234

     Writing data to be plotted to file /home/ubuntu/projects/Graphene-Band-Structure-Quantum-Espresso/outputs/field_0/vdw-df2-c09/top/data/ldos.pp.dat1234.xsf
     Plot Type: 3D                     Output format: XCrySDen     
     Reading data from file  /home/ubuntu/projects/Graphene-Band-Structure-Quantum-Espresso/outputs/field_0/vdw-df2-c09/top/data/ldos.pp.dat1235

     Writing data to be plotted to file /home/ubuntu/projects/Graphene-Band-Structure-Quantum-Espresso/outputs/field_0/vdw-df2-c09/top/data/ldos.pp.dat1235.xsf
     Plot Type: 3D                     Output format: XCrySDen     
     Reading data from file  /home/ubuntu/projects/Graphene-Band-Structure-Quantum-Espresso/outputs/field_0/vdw-df2-c09/top/data/ldos.pp.dat1236

     Writing data to be plotted to file /home/ubuntu/projects/Graphene-Band-Structure-Quantum-Espresso/outputs/field_0/vdw-df2-c09/top/data/ldos.pp.dat1236.xsf
     Plot Type: 3D                     Output format: XCrySDen     
     Reading data from file  /home/ubuntu/projects/Graphene-Band-Structure-Quantum-Espresso/outputs/field_0/vdw-df2-c09/top/data/ldos.pp.dat1237

     Writing data to be plotted to file /home/ubuntu/projects/Graphene-Band-Structure-Quantum-Espresso/outputs/field_0/vdw-df2-c09/top/data/ldos.pp.dat1237.xsf
     Plot Type: 3D                     Output format: XCrySDen     
     Reading data from file  /home/ubuntu/projects/Graphene-Band-Structure-Quantum-Espresso/outputs/field_0/vdw-df2-c09/top/data/ldos.pp.dat1238

     Writing data to be plotted to file /home/ubuntu/projects/Graphene-Band-Structure-Quantum-Espresso/outputs/field_0/vdw-df2-c09/top/data/ldos.pp.dat1238.xsf
     Plot Type: 3D                     Output format: XCrySDen     
     Reading data from file  /home/ubuntu/projects/Graphene-Band-Structure-Quantum-Espresso/outputs/field_0/vdw-df2-c09/top/data/ldos.pp.dat1239

     Writing data to be plotted to file /home/ubuntu/projects/Graphene-Band-Structure-Quantum-Espresso/outputs/field_0/vdw-df2-c09/top/data/ldos.pp.dat1239.xsf
     Plot Type: 3D                     Output format: XCrySDen     
     Reading data from file  /home/ubuntu/projects/Graphene-Band-Structure-Quantum-Espresso/outputs/field_0/vdw-df2-c09/top/data/ldos.pp.dat1240

     Writing data to be plotted to file /home/ubuntu/projects/Graphene-Band-Structure-Quantum-Espresso/outputs/field_0/vdw-df2-c09/top/data/ldos.pp.dat1240.xsf
     Plot Type: 3D                     Output format: XCrySDen     
     Reading data from file  /home/ubuntu/projects/Graphene-Band-Structure-Quantum-Espresso/outputs/field_0/vdw-df2-c09/top/data/ldos.pp.dat1241

     Writing data to be plotted to file /home/ubuntu/projects/Graphene-Band-Structure-Quantum-Espresso/outputs/field_0/vdw-df2-c09/top/data/ldos.pp.dat1241.xsf
     Plot Type: 3D                     Output format: XCrySDen     
     Reading data from file  /home/ubuntu/projects/Graphene-Band-Structure-Quantum-Espresso/outputs/field_0/vdw-df2-c09/top/data/ldos.pp.dat1242

     Writing data to be plotted to file /home/ubuntu/projects/Graphene-Band-Structure-Quantum-Espresso/outputs/field_0/vdw-df2-c09/top/data/ldos.pp.dat1242.xsf
     Plot Type: 3D                     Output format: XCrySDen     
     Reading data from file  /home/ubuntu/projects/Graphene-Band-Structure-Quantum-Espresso/outputs/field_0/vdw-df2-c09/top/data/ldos.pp.dat1243

     Writing data to be plotted to file /home/ubuntu/projects/Graphene-Band-Structure-Quantum-Espresso/outputs/field_0/vdw-df2-c09/top/data/ldos.pp.dat1243.xsf
     Plot Type: 3D                     Output format: XCrySDen     
     Reading data from file  /home/ubuntu/projects/Graphene-Band-Structure-Quantum-Espresso/outputs/field_0/vdw-df2-c09/top/data/ldos.pp.dat1244

     Writing data to be plotted to file /home/ubuntu/projects/Graphene-Band-Structure-Quantum-Espresso/outputs/field_0/vdw-df2-c09/top/data/ldos.pp.dat1244.xsf
     Plot Type: 3D                     Output format: XCrySDen     
     Reading data from file  /home/ubuntu/projects/Graphene-Band-Structure-Quantum-Espresso/outputs/field_0/vdw-df2-c09/top/data/ldos.pp.dat1245

     Writing data to be plotted to file /home/ubuntu/projects/Graphene-Band-Structure-Quantum-Espresso/outputs/field_0/vdw-df2-c09/top/data/ldos.pp.dat1245.xsf
     Plot Type: 3D                     Output format: XCrySDen     
     Reading data from file  /home/ubuntu/projects/Graphene-Band-Structure-Quantum-Espresso/outputs/field_0/vdw-df2-c09/top/data/ldos.pp.dat1246

     Writing data to be plotted to file /home/ubuntu/projects/Graphene-Band-Structure-Quantum-Espresso/outputs/field_0/vdw-df2-c09/top/data/ldos.pp.dat1246.xsf
     Plot Type: 3D                     Output format: XCrySDen     
     Reading data from file  /home/ubuntu/projects/Graphene-Band-Structure-Quantum-Espresso/outputs/field_0/vdw-df2-c09/top/data/ldos.pp.dat1247

     Writing data to be plotted to file /home/ubuntu/projects/Graphene-Band-Structure-Quantum-Espresso/outputs/field_0/vdw-df2-c09/top/data/ldos.pp.dat1247.xsf
     Plot Type: 3D                     Output format: XCrySDen     
     Reading data from file  /home/ubuntu/projects/Graphene-Band-Structure-Quantum-Espresso/outputs/field_0/vdw-df2-c09/top/data/ldos.pp.dat1248

     Writing data to be plotted to file /home/ubuntu/projects/Graphene-Band-Structure-Quantum-Espresso/outputs/field_0/vdw-df2-c09/top/data/ldos.pp.dat1248.xsf
     Plot Type: 3D                     Output format: XCrySDen     
     Reading data from file  /home/ubuntu/projects/Graphene-Band-Structure-Quantum-Espresso/outputs/field_0/vdw-df2-c09/top/data/ldos.pp.dat1249

     Writing data to be plotted to file /home/ubuntu/projects/Graphene-Band-Structure-Quantum-Espresso/outputs/field_0/vdw-df2-c09/top/data/ldos.pp.dat1249.xsf
     Plot Type: 3D                     Output format: XCrySDen     
     Reading data from file  /home/ubuntu/projects/Graphene-Band-Structure-Quantum-Espresso/outputs/field_0/vdw-df2-c09/top/data/ldos.pp.dat1250

     Writing data to be plotted to file /home/ubuntu/projects/Graphene-Band-Structure-Quantum-Espresso/outputs/field_0/vdw-df2-c09/top/data/ldos.pp.dat1250.xsf
     Plot Type: 3D                     Output format: XCrySDen     
     Reading data from file  /home/ubuntu/projects/Graphene-Band-Structure-Quantum-Espresso/outputs/field_0/vdw-df2-c09/top/data/ldos.pp.dat1251

     Writing data to be plotted to file /home/ubuntu/projects/Graphene-Band-Structure-Quantum-Espresso/outputs/field_0/vdw-df2-c09/top/data/ldos.pp.dat1251.xsf
     Plot Type: 3D                     Output format: XCrySDen     
     Reading data from file  /home/ubuntu/projects/Graphene-Band-Structure-Quantum-Espresso/outputs/field_0/vdw-df2-c09/top/data/ldos.pp.dat1252

     Writing data to be plotted to file /home/ubuntu/projects/Graphene-Band-Structure-Quantum-Espresso/outputs/field_0/vdw-df2-c09/top/data/ldos.pp.dat1252.xsf
     Plot Type: 3D                     Output format: XCrySDen     
     Reading data from file  /home/ubuntu/projects/Graphene-Band-Structure-Quantum-Espresso/outputs/field_0/vdw-df2-c09/top/data/ldos.pp.dat1253

     Writing data to be plotted to file /home/ubuntu/projects/Graphene-Band-Structure-Quantum-Espresso/outputs/field_0/vdw-df2-c09/top/data/ldos.pp.dat1253.xsf
     Plot Type: 3D                     Output format: XCrySDen     
     Reading data from file  /home/ubuntu/projects/Graphene-Band-Structure-Quantum-Espresso/outputs/field_0/vdw-df2-c09/top/data/ldos.pp.dat1254

     Writing data to be plotted to file /home/ubuntu/projects/Graphene-Band-Structure-Quantum-Espresso/outputs/field_0/vdw-df2-c09/top/data/ldos.pp.dat1254.xsf
     Plot Type: 3D                     Output format: XCrySDen     
     Reading data from file  /home/ubuntu/projects/Graphene-Band-Structure-Quantum-Espresso/outputs/field_0/vdw-df2-c09/top/data/ldos.pp.dat1255

     Writing data to be plotted to file /home/ubuntu/projects/Graphene-Band-Structure-Quantum-Espresso/outputs/field_0/vdw-df2-c09/top/data/ldos.pp.dat1255.xsf
     Plot Type: 3D                     Output format: XCrySDen     
     Reading data from file  /home/ubuntu/projects/Graphene-Band-Structure-Quantum-Espresso/outputs/field_0/vdw-df2-c09/top/data/ldos.pp.dat1256

     Writing data to be plotted to file /home/ubuntu/projects/Graphene-Band-Structure-Quantum-Espresso/outputs/field_0/vdw-df2-c09/top/data/ldos.pp.dat1256.xsf
     Plot Type: 3D                     Output format: XCrySDen     
     Reading data from file  /home/ubuntu/projects/Graphene-Band-Structure-Quantum-Espresso/outputs/field_0/vdw-df2-c09/top/data/ldos.pp.dat1257

     Writing data to be plotted to file /home/ubuntu/projects/Graphene-Band-Structure-Quantum-Espresso/outputs/field_0/vdw-df2-c09/top/data/ldos.pp.dat1257.xsf
     Plot Type: 3D                     Output format: XCrySDen     
     Reading data from file  /home/ubuntu/projects/Graphene-Band-Structure-Quantum-Espresso/outputs/field_0/vdw-df2-c09/top/data/ldos.pp.dat1258

     Writing data to be plotted to file /home/ubuntu/projects/Graphene-Band-Structure-Quantum-Espresso/outputs/field_0/vdw-df2-c09/top/data/ldos.pp.dat1258.xsf
     Plot Type: 3D                     Output format: XCrySDen     
     Reading data from file  /home/ubuntu/projects/Graphene-Band-Structure-Quantum-Espresso/outputs/field_0/vdw-df2-c09/top/data/ldos.pp.dat1259

     Writing data to be plotted to file /home/ubuntu/projects/Graphene-Band-Structure-Quantum-Espresso/outputs/field_0/vdw-df2-c09/top/data/ldos.pp.dat1259.xsf
     Plot Type: 3D                     Output format: XCrySDen     
     Reading data from file  /home/ubuntu/projects/Graphene-Band-Structure-Quantum-Espresso/outputs/field_0/vdw-df2-c09/top/data/ldos.pp.dat1260

     Writing data to be plotted to file /home/ubuntu/projects/Graphene-Band-Structure-Quantum-Espresso/outputs/field_0/vdw-df2-c09/top/data/ldos.pp.dat1260.xsf
     Plot Type: 3D                     Output format: XCrySDen     
     Reading data from file  /home/ubuntu/projects/Graphene-Band-Structure-Quantum-Espresso/outputs/field_0/vdw-df2-c09/top/data/ldos.pp.dat1261

     Writing data to be plotted to file /home/ubuntu/projects/Graphene-Band-Structure-Quantum-Espresso/outputs/field_0/vdw-df2-c09/top/data/ldos.pp.dat1261.xsf
     Plot Type: 3D                     Output format: XCrySDen     
     Reading data from file  /home/ubuntu/projects/Graphene-Band-Structure-Quantum-Espresso/outputs/field_0/vdw-df2-c09/top/data/ldos.pp.dat1262

     Writing data to be plotted to file /home/ubuntu/projects/Graphene-Band-Structure-Quantum-Espresso/outputs/field_0/vdw-df2-c09/top/data/ldos.pp.dat1262.xsf
     Plot Type: 3D                     Output format: XCrySDen     
     Reading data from file  /home/ubuntu/projects/Graphene-Band-Structure-Quantum-Espresso/outputs/field_0/vdw-df2-c09/top/data/ldos.pp.dat1263

     Writing data to be plotted to file /home/ubuntu/projects/Graphene-Band-Structure-Quantum-Espresso/outputs/field_0/vdw-df2-c09/top/data/ldos.pp.dat1263.xsf
     Plot Type: 3D                     Output format: XCrySDen     
     Reading data from file  /home/ubuntu/projects/Graphene-Band-Structure-Quantum-Espresso/outputs/field_0/vdw-df2-c09/top/data/ldos.pp.dat1264

     Writing data to be plotted to file /home/ubuntu/projects/Graphene-Band-Structure-Quantum-Espresso/outputs/field_0/vdw-df2-c09/top/data/ldos.pp.dat1264.xsf
     Plot Type: 3D                     Output format: XCrySDen     
     Reading data from file  /home/ubuntu/projects/Graphene-Band-Structure-Quantum-Espresso/outputs/field_0/vdw-df2-c09/top/data/ldos.pp.dat1265

     Writing data to be plotted to file /home/ubuntu/projects/Graphene-Band-Structure-Quantum-Espresso/outputs/field_0/vdw-df2-c09/top/data/ldos.pp.dat1265.xsf
     Plot Type: 3D                     Output format: XCrySDen     
     Reading data from file  /home/ubuntu/projects/Graphene-Band-Structure-Quantum-Espresso/outputs/field_0/vdw-df2-c09/top/data/ldos.pp.dat1266

     Writing data to be plotted to file /home/ubuntu/projects/Graphene-Band-Structure-Quantum-Espresso/outputs/field_0/vdw-df2-c09/top/data/ldos.pp.dat1266.xsf
     Plot Type: 3D                     Output format: XCrySDen     
     Reading data from file  /home/ubuntu/projects/Graphene-Band-Structure-Quantum-Espresso/outputs/field_0/vdw-df2-c09/top/data/ldos.pp.dat1267

     Writing data to be plotted to file /home/ubuntu/projects/Graphene-Band-Structure-Quantum-Espresso/outputs/field_0/vdw-df2-c09/top/data/ldos.pp.dat1267.xsf
     Plot Type: 3D                     Output format: XCrySDen     
     Reading data from file  /home/ubuntu/projects/Graphene-Band-Structure-Quantum-Espresso/outputs/field_0/vdw-df2-c09/top/data/ldos.pp.dat1268

     Writing data to be plotted to file /home/ubuntu/projects/Graphene-Band-Structure-Quantum-Espresso/outputs/field_0/vdw-df2-c09/top/data/ldos.pp.dat1268.xsf
     Plot Type: 3D                     Output format: XCrySDen     
     Reading data from file  /home/ubuntu/projects/Graphene-Band-Structure-Quantum-Espresso/outputs/field_0/vdw-df2-c09/top/data/ldos.pp.dat1269

     Writing data to be plotted to file /home/ubuntu/projects/Graphene-Band-Structure-Quantum-Espresso/outputs/field_0/vdw-df2-c09/top/data/ldos.pp.dat1269.xsf
     Plot Type: 3D                     Output format: XCrySDen     
     Reading data from file  /home/ubuntu/projects/Graphene-Band-Structure-Quantum-Espresso/outputs/field_0/vdw-df2-c09/top/data/ldos.pp.dat1270

     Writing data to be plotted to file /home/ubuntu/projects/Graphene-Band-Structure-Quantum-Espresso/outputs/field_0/vdw-df2-c09/top/data/ldos.pp.dat1270.xsf
     Plot Type: 3D                     Output format: XCrySDen     
     Reading data from file  /home/ubuntu/projects/Graphene-Band-Structure-Quantum-Espresso/outputs/field_0/vdw-df2-c09/top/data/ldos.pp.dat1271

     Writing data to be plotted to file /home/ubuntu/projects/Graphene-Band-Structure-Quantum-Espresso/outputs/field_0/vdw-df2-c09/top/data/ldos.pp.dat1271.xsf
     Plot Type: 3D                     Output format: XCrySDen     
     Reading data from file  /home/ubuntu/projects/Graphene-Band-Structure-Quantum-Espresso/outputs/field_0/vdw-df2-c09/top/data/ldos.pp.dat1272

     Writing data to be plotted to file /home/ubuntu/projects/Graphene-Band-Structure-Quantum-Espresso/outputs/field_0/vdw-df2-c09/top/data/ldos.pp.dat1272.xsf
     Plot Type: 3D                     Output format: XCrySDen     
     Reading data from file  /home/ubuntu/projects/Graphene-Band-Structure-Quantum-Espresso/outputs/field_0/vdw-df2-c09/top/data/ldos.pp.dat1273

     Writing data to be plotted to file /home/ubuntu/projects/Graphene-Band-Structure-Quantum-Espresso/outputs/field_0/vdw-df2-c09/top/data/ldos.pp.dat1273.xsf
     Plot Type: 3D                     Output format: XCrySDen     
     Reading data from file  /home/ubuntu/projects/Graphene-Band-Structure-Quantum-Espresso/outputs/field_0/vdw-df2-c09/top/data/ldos.pp.dat1274

     Writing data to be plotted to file /home/ubuntu/projects/Graphene-Band-Structure-Quantum-Espresso/outputs/field_0/vdw-df2-c09/top/data/ldos.pp.dat1274.xsf
     Plot Type: 3D                     Output format: XCrySDen     
     Reading data from file  /home/ubuntu/projects/Graphene-Band-Structure-Quantum-Espresso/outputs/field_0/vdw-df2-c09/top/data/ldos.pp.dat1275

     Writing data to be plotted to file /home/ubuntu/projects/Graphene-Band-Structure-Quantum-Espresso/outputs/field_0/vdw-df2-c09/top/data/ldos.pp.dat1275.xsf
     Plot Type: 3D                     Output format: XCrySDen     
     Reading data from file  /home/ubuntu/projects/Graphene-Band-Structure-Quantum-Espresso/outputs/field_0/vdw-df2-c09/top/data/ldos.pp.dat1276

     Writing data to be plotted to file /home/ubuntu/projects/Graphene-Band-Structure-Quantum-Espresso/outputs/field_0/vdw-df2-c09/top/data/ldos.pp.dat1276.xsf
     Plot Type: 3D                     Output format: XCrySDen     
     Reading data from file  /home/ubuntu/projects/Graphene-Band-Structure-Quantum-Espresso/outputs/field_0/vdw-df2-c09/top/data/ldos.pp.dat1277

     Writing data to be plotted to file /home/ubuntu/projects/Graphene-Band-Structure-Quantum-Espresso/outputs/field_0/vdw-df2-c09/top/data/ldos.pp.dat1277.xsf
     Plot Type: 3D                     Output format: XCrySDen     
     Reading data from file  /home/ubuntu/projects/Graphene-Band-Structure-Quantum-Espresso/outputs/field_0/vdw-df2-c09/top/data/ldos.pp.dat1278

     Writing data to be plotted to file /home/ubuntu/projects/Graphene-Band-Structure-Quantum-Espresso/outputs/field_0/vdw-df2-c09/top/data/ldos.pp.dat1278.xsf
     Plot Type: 3D                     Output format: XCrySDen     
     Reading data from file  /home/ubuntu/projects/Graphene-Band-Structure-Quantum-Espresso/outputs/field_0/vdw-df2-c09/top/data/ldos.pp.dat1279

     Writing data to be plotted to file /home/ubuntu/projects/Graphene-Band-Structure-Quantum-Espresso/outputs/field_0/vdw-df2-c09/top/data/ldos.pp.dat1279.xsf
     Plot Type: 3D                     Output format: XCrySDen     
     Reading data from file  /home/ubuntu/projects/Graphene-Band-Structure-Quantum-Espresso/outputs/field_0/vdw-df2-c09/top/data/ldos.pp.dat1280

     Writing data to be plotted to file /home/ubuntu/projects/Graphene-Band-Structure-Quantum-Espresso/outputs/field_0/vdw-df2-c09/top/data/ldos.pp.dat1280.xsf
     Plot Type: 3D                     Output format: XCrySDen     
     Reading data from file  /home/ubuntu/projects/Graphene-Band-Structure-Quantum-Espresso/outputs/field_0/vdw-df2-c09/top/data/ldos.pp.dat1281

     Writing data to be plotted to file /home/ubuntu/projects/Graphene-Band-Structure-Quantum-Espresso/outputs/field_0/vdw-df2-c09/top/data/ldos.pp.dat1281.xsf
     Plot Type: 3D                     Output format: XCrySDen     
     Reading data from file  /home/ubuntu/projects/Graphene-Band-Structure-Quantum-Espresso/outputs/field_0/vdw-df2-c09/top/data/ldos.pp.dat1282

     Writing data to be plotted to file /home/ubuntu/projects/Graphene-Band-Structure-Quantum-Espresso/outputs/field_0/vdw-df2-c09/top/data/ldos.pp.dat1282.xsf
     Plot Type: 3D                     Output format: XCrySDen     
     Reading data from file  /home/ubuntu/projects/Graphene-Band-Structure-Quantum-Espresso/outputs/field_0/vdw-df2-c09/top/data/ldos.pp.dat1283

     Writing data to be plotted to file /home/ubuntu/projects/Graphene-Band-Structure-Quantum-Espresso/outputs/field_0/vdw-df2-c09/top/data/ldos.pp.dat1283.xsf
     Plot Type: 3D                     Output format: XCrySDen     
     Reading data from file  /home/ubuntu/projects/Graphene-Band-Structure-Quantum-Espresso/outputs/field_0/vdw-df2-c09/top/data/ldos.pp.dat1284

     Writing data to be plotted to file /home/ubuntu/projects/Graphene-Band-Structure-Quantum-Espresso/outputs/field_0/vdw-df2-c09/top/data/ldos.pp.dat1284.xsf
     Plot Type: 3D                     Output format: XCrySDen     
     Reading data from file  /home/ubuntu/projects/Graphene-Band-Structure-Quantum-Espresso/outputs/field_0/vdw-df2-c09/top/data/ldos.pp.dat1285

     Writing data to be plotted to file /home/ubuntu/projects/Graphene-Band-Structure-Quantum-Espresso/outputs/field_0/vdw-df2-c09/top/data/ldos.pp.dat1285.xsf
     Plot Type: 3D                     Output format: XCrySDen     
     Reading data from file  /home/ubuntu/projects/Graphene-Band-Structure-Quantum-Espresso/outputs/field_0/vdw-df2-c09/top/data/ldos.pp.dat1286

     Writing data to be plotted to file /home/ubuntu/projects/Graphene-Band-Structure-Quantum-Espresso/outputs/field_0/vdw-df2-c09/top/data/ldos.pp.dat1286.xsf
     Plot Type: 3D                     Output format: XCrySDen     
     Reading data from file  /home/ubuntu/projects/Graphene-Band-Structure-Quantum-Espresso/outputs/field_0/vdw-df2-c09/top/data/ldos.pp.dat1287

     Writing data to be plotted to file /home/ubuntu/projects/Graphene-Band-Structure-Quantum-Espresso/outputs/field_0/vdw-df2-c09/top/data/ldos.pp.dat1287.xsf
     Plot Type: 3D                     Output format: XCrySDen     
     Reading data from file  /home/ubuntu/projects/Graphene-Band-Structure-Quantum-Espresso/outputs/field_0/vdw-df2-c09/top/data/ldos.pp.dat1288

     Writing data to be plotted to file /home/ubuntu/projects/Graphene-Band-Structure-Quantum-Espresso/outputs/field_0/vdw-df2-c09/top/data/ldos.pp.dat1288.xsf
     Plot Type: 3D                     Output format: XCrySDen     
     Reading data from file  /home/ubuntu/projects/Graphene-Band-Structure-Quantum-Espresso/outputs/field_0/vdw-df2-c09/top/data/ldos.pp.dat1289

     Writing data to be plotted to file /home/ubuntu/projects/Graphene-Band-Structure-Quantum-Espresso/outputs/field_0/vdw-df2-c09/top/data/ldos.pp.dat1289.xsf
     Plot Type: 3D                     Output format: XCrySDen     
     Reading data from file  /home/ubuntu/projects/Graphene-Band-Structure-Quantum-Espresso/outputs/field_0/vdw-df2-c09/top/data/ldos.pp.dat1290

     Writing data to be plotted to file /home/ubuntu/projects/Graphene-Band-Structure-Quantum-Espresso/outputs/field_0/vdw-df2-c09/top/data/ldos.pp.dat1290.xsf
     Plot Type: 3D                     Output format: XCrySDen     
     Reading data from file  /home/ubuntu/projects/Graphene-Band-Structure-Quantum-Espresso/outputs/field_0/vdw-df2-c09/top/data/ldos.pp.dat1291

     Writing data to be plotted to file /home/ubuntu/projects/Graphene-Band-Structure-Quantum-Espresso/outputs/field_0/vdw-df2-c09/top/data/ldos.pp.dat1291.xsf
     Plot Type: 3D                     Output format: XCrySDen     
     Reading data from file  /home/ubuntu/projects/Graphene-Band-Structure-Quantum-Espresso/outputs/field_0/vdw-df2-c09/top/data/ldos.pp.dat1292

     Writing data to be plotted to file /home/ubuntu/projects/Graphene-Band-Structure-Quantum-Espresso/outputs/field_0/vdw-df2-c09/top/data/ldos.pp.dat1292.xsf
     Plot Type: 3D                     Output format: XCrySDen     
     Reading data from file  /home/ubuntu/projects/Graphene-Band-Structure-Quantum-Espresso/outputs/field_0/vdw-df2-c09/top/data/ldos.pp.dat1293

     Writing data to be plotted to file /home/ubuntu/projects/Graphene-Band-Structure-Quantum-Espresso/outputs/field_0/vdw-df2-c09/top/data/ldos.pp.dat1293.xsf
     Plot Type: 3D                     Output format: XCrySDen     
     Reading data from file  /home/ubuntu/projects/Graphene-Band-Structure-Quantum-Espresso/outputs/field_0/vdw-df2-c09/top/data/ldos.pp.dat1294

     Writing data to be plotted to file /home/ubuntu/projects/Graphene-Band-Structure-Quantum-Espresso/outputs/field_0/vdw-df2-c09/top/data/ldos.pp.dat1294.xsf
     Plot Type: 3D                     Output format: XCrySDen     
     Reading data from file  /home/ubuntu/projects/Graphene-Band-Structure-Quantum-Espresso/outputs/field_0/vdw-df2-c09/top/data/ldos.pp.dat1295

     Writing data to be plotted to file /home/ubuntu/projects/Graphene-Band-Structure-Quantum-Espresso/outputs/field_0/vdw-df2-c09/top/data/ldos.pp.dat1295.xsf
     Plot Type: 3D                     Output format: XCrySDen     
     Reading data from file  /home/ubuntu/projects/Graphene-Band-Structure-Quantum-Espresso/outputs/field_0/vdw-df2-c09/top/data/ldos.pp.dat1296

     Writing data to be plotted to file /home/ubuntu/projects/Graphene-Band-Structure-Quantum-Espresso/outputs/field_0/vdw-df2-c09/top/data/ldos.pp.dat1296.xsf
     Plot Type: 3D                     Output format: XCrySDen     
     Reading data from file  /home/ubuntu/projects/Graphene-Band-Structure-Quantum-Espresso/outputs/field_0/vdw-df2-c09/top/data/ldos.pp.dat1297

     Writing data to be plotted to file /home/ubuntu/projects/Graphene-Band-Structure-Quantum-Espresso/outputs/field_0/vdw-df2-c09/top/data/ldos.pp.dat1297.xsf
     Plot Type: 3D                     Output format: XCrySDen     
     Reading data from file  /home/ubuntu/projects/Graphene-Band-Structure-Quantum-Espresso/outputs/field_0/vdw-df2-c09/top/data/ldos.pp.dat1298

     Writing data to be plotted to file /home/ubuntu/projects/Graphene-Band-Structure-Quantum-Espresso/outputs/field_0/vdw-df2-c09/top/data/ldos.pp.dat1298.xsf
     Plot Type: 3D                     Output format: XCrySDen     
     Reading data from file  /home/ubuntu/projects/Graphene-Band-Structure-Quantum-Espresso/outputs/field_0/vdw-df2-c09/top/data/ldos.pp.dat1299

     Writing data to be plotted to file /home/ubuntu/projects/Graphene-Band-Structure-Quantum-Espresso/outputs/field_0/vdw-df2-c09/top/data/ldos.pp.dat1299.xsf
     Plot Type: 3D                     Output format: XCrySDen     
     Reading data from file  /home/ubuntu/projects/Graphene-Band-Structure-Quantum-Espresso/outputs/field_0/vdw-df2-c09/top/data/ldos.pp.dat1300

     Writing data to be plotted to file /home/ubuntu/projects/Graphene-Band-Structure-Quantum-Espresso/outputs/field_0/vdw-df2-c09/top/data/ldos.pp.dat1300.xsf
     Plot Type: 3D                     Output format: XCrySDen     
     Reading data from file  /home/ubuntu/projects/Graphene-Band-Structure-Quantum-Espresso/outputs/field_0/vdw-df2-c09/top/data/ldos.pp.dat1301

     Writing data to be plotted to file /home/ubuntu/projects/Graphene-Band-Structure-Quantum-Espresso/outputs/field_0/vdw-df2-c09/top/data/ldos.pp.dat1301.xsf
     Plot Type: 3D                     Output format: XCrySDen     
     Reading data from file  /home/ubuntu/projects/Graphene-Band-Structure-Quantum-Espresso/outputs/field_0/vdw-df2-c09/top/data/ldos.pp.dat1302

     Writing data to be plotted to file /home/ubuntu/projects/Graphene-Band-Structure-Quantum-Espresso/outputs/field_0/vdw-df2-c09/top/data/ldos.pp.dat1302.xsf
     Plot Type: 3D                     Output format: XCrySDen     
     Reading data from file  /home/ubuntu/projects/Graphene-Band-Structure-Quantum-Espresso/outputs/field_0/vdw-df2-c09/top/data/ldos.pp.dat1303

     Writing data to be plotted to file /home/ubuntu/projects/Graphene-Band-Structure-Quantum-Espresso/outputs/field_0/vdw-df2-c09/top/data/ldos.pp.dat1303.xsf
     Plot Type: 3D                     Output format: XCrySDen     
     Reading data from file  /home/ubuntu/projects/Graphene-Band-Structure-Quantum-Espresso/outputs/field_0/vdw-df2-c09/top/data/ldos.pp.dat1304

     Writing data to be plotted to file /home/ubuntu/projects/Graphene-Band-Structure-Quantum-Espresso/outputs/field_0/vdw-df2-c09/top/data/ldos.pp.dat1304.xsf
     Plot Type: 3D                     Output format: XCrySDen     
     Reading data from file  /home/ubuntu/projects/Graphene-Band-Structure-Quantum-Espresso/outputs/field_0/vdw-df2-c09/top/data/ldos.pp.dat1305

     Writing data to be plotted to file /home/ubuntu/projects/Graphene-Band-Structure-Quantum-Espresso/outputs/field_0/vdw-df2-c09/top/data/ldos.pp.dat1305.xsf
     Plot Type: 3D                     Output format: XCrySDen     
     Reading data from file  /home/ubuntu/projects/Graphene-Band-Structure-Quantum-Espresso/outputs/field_0/vdw-df2-c09/top/data/ldos.pp.dat1306

     Writing data to be plotted to file /home/ubuntu/projects/Graphene-Band-Structure-Quantum-Espresso/outputs/field_0/vdw-df2-c09/top/data/ldos.pp.dat1306.xsf
     Plot Type: 3D                     Output format: XCrySDen     
     Reading data from file  /home/ubuntu/projects/Graphene-Band-Structure-Quantum-Espresso/outputs/field_0/vdw-df2-c09/top/data/ldos.pp.dat1307

     Writing data to be plotted to file /home/ubuntu/projects/Graphene-Band-Structure-Quantum-Espresso/outputs/field_0/vdw-df2-c09/top/data/ldos.pp.dat1307.xsf
     Plot Type: 3D                     Output format: XCrySDen     
     Reading data from file  /home/ubuntu/projects/Graphene-Band-Structure-Quantum-Espresso/outputs/field_0/vdw-df2-c09/top/data/ldos.pp.dat1308

     Writing data to be plotted to file /home/ubuntu/projects/Graphene-Band-Structure-Quantum-Espresso/outputs/field_0/vdw-df2-c09/top/data/ldos.pp.dat1308.xsf
     Plot Type: 3D                     Output format: XCrySDen     
     Reading data from file  /home/ubuntu/projects/Graphene-Band-Structure-Quantum-Espresso/outputs/field_0/vdw-df2-c09/top/data/ldos.pp.dat1309

     Writing data to be plotted to file /home/ubuntu/projects/Graphene-Band-Structure-Quantum-Espresso/outputs/field_0/vdw-df2-c09/top/data/ldos.pp.dat1309.xsf
     Plot Type: 3D                     Output format: XCrySDen     
     Reading data from file  /home/ubuntu/projects/Graphene-Band-Structure-Quantum-Espresso/outputs/field_0/vdw-df2-c09/top/data/ldos.pp.dat1310

     Writing data to be plotted to file /home/ubuntu/projects/Graphene-Band-Structure-Quantum-Espresso/outputs/field_0/vdw-df2-c09/top/data/ldos.pp.dat1310.xsf
     Plot Type: 3D                     Output format: XCrySDen     
     Reading data from file  /home/ubuntu/projects/Graphene-Band-Structure-Quantum-Espresso/outputs/field_0/vdw-df2-c09/top/data/ldos.pp.dat1311

     Writing data to be plotted to file /home/ubuntu/projects/Graphene-Band-Structure-Quantum-Espresso/outputs/field_0/vdw-df2-c09/top/data/ldos.pp.dat1311.xsf
     Plot Type: 3D                     Output format: XCrySDen     
     Reading data from file  /home/ubuntu/projects/Graphene-Band-Structure-Quantum-Espresso/outputs/field_0/vdw-df2-c09/top/data/ldos.pp.dat1312

     Writing data to be plotted to file /home/ubuntu/projects/Graphene-Band-Structure-Quantum-Espresso/outputs/field_0/vdw-df2-c09/top/data/ldos.pp.dat1312.xsf
     Plot Type: 3D                     Output format: XCrySDen     
     Reading data from file  /home/ubuntu/projects/Graphene-Band-Structure-Quantum-Espresso/outputs/field_0/vdw-df2-c09/top/data/ldos.pp.dat1313

     Writing data to be plotted to file /home/ubuntu/projects/Graphene-Band-Structure-Quantum-Espresso/outputs/field_0/vdw-df2-c09/top/data/ldos.pp.dat1313.xsf
     Plot Type: 3D                     Output format: XCrySDen     
     Reading data from file  /home/ubuntu/projects/Graphene-Band-Structure-Quantum-Espresso/outputs/field_0/vdw-df2-c09/top/data/ldos.pp.dat1314

     Writing data to be plotted to file /home/ubuntu/projects/Graphene-Band-Structure-Quantum-Espresso/outputs/field_0/vdw-df2-c09/top/data/ldos.pp.dat1314.xsf
     Plot Type: 3D                     Output format: XCrySDen     
     Reading data from file  /home/ubuntu/projects/Graphene-Band-Structure-Quantum-Espresso/outputs/field_0/vdw-df2-c09/top/data/ldos.pp.dat1315

     Writing data to be plotted to file /home/ubuntu/projects/Graphene-Band-Structure-Quantum-Espresso/outputs/field_0/vdw-df2-c09/top/data/ldos.pp.dat1315.xsf
     Plot Type: 3D                     Output format: XCrySDen     
     Reading data from file  /home/ubuntu/projects/Graphene-Band-Structure-Quantum-Espresso/outputs/field_0/vdw-df2-c09/top/data/ldos.pp.dat1316

     Writing data to be plotted to file /home/ubuntu/projects/Graphene-Band-Structure-Quantum-Espresso/outputs/field_0/vdw-df2-c09/top/data/ldos.pp.dat1316.xsf
     Plot Type: 3D                     Output format: XCrySDen     
     Reading data from file  /home/ubuntu/projects/Graphene-Band-Structure-Quantum-Espresso/outputs/field_0/vdw-df2-c09/top/data/ldos.pp.dat1317

     Writing data to be plotted to file /home/ubuntu/projects/Graphene-Band-Structure-Quantum-Espresso/outputs/field_0/vdw-df2-c09/top/data/ldos.pp.dat1317.xsf
     Plot Type: 3D                     Output format: XCrySDen     
     Reading data from file  /home/ubuntu/projects/Graphene-Band-Structure-Quantum-Espresso/outputs/field_0/vdw-df2-c09/top/data/ldos.pp.dat1318

     Writing data to be plotted to file /home/ubuntu/projects/Graphene-Band-Structure-Quantum-Espresso/outputs/field_0/vdw-df2-c09/top/data/ldos.pp.dat1318.xsf
     Plot Type: 3D                     Output format: XCrySDen     
     Reading data from file  /home/ubuntu/projects/Graphene-Band-Structure-Quantum-Espresso/outputs/field_0/vdw-df2-c09/top/data/ldos.pp.dat1319

     Writing data to be plotted to file /home/ubuntu/projects/Graphene-Band-Structure-Quantum-Espresso/outputs/field_0/vdw-df2-c09/top/data/ldos.pp.dat1319.xsf
     Plot Type: 3D                     Output format: XCrySDen     
     Reading data from file  /home/ubuntu/projects/Graphene-Band-Structure-Quantum-Espresso/outputs/field_0/vdw-df2-c09/top/data/ldos.pp.dat1320

     Writing data to be plotted to file /home/ubuntu/projects/Graphene-Band-Structure-Quantum-Espresso/outputs/field_0/vdw-df2-c09/top/data/ldos.pp.dat1320.xsf
     Plot Type: 3D                     Output format: XCrySDen     
     Reading data from file  /home/ubuntu/projects/Graphene-Band-Structure-Quantum-Espresso/outputs/field_0/vdw-df2-c09/top/data/ldos.pp.dat1321

     Writing data to be plotted to file /home/ubuntu/projects/Graphene-Band-Structure-Quantum-Espresso/outputs/field_0/vdw-df2-c09/top/data/ldos.pp.dat1321.xsf
     Plot Type: 3D                     Output format: XCrySDen     
     Reading data from file  /home/ubuntu/projects/Graphene-Band-Structure-Quantum-Espresso/outputs/field_0/vdw-df2-c09/top/data/ldos.pp.dat1322

     Writing data to be plotted to file /home/ubuntu/projects/Graphene-Band-Structure-Quantum-Espresso/outputs/field_0/vdw-df2-c09/top/data/ldos.pp.dat1322.xsf
     Plot Type: 3D                     Output format: XCrySDen     
     Reading data from file  /home/ubuntu/projects/Graphene-Band-Structure-Quantum-Espresso/outputs/field_0/vdw-df2-c09/top/data/ldos.pp.dat1323

     Writing data to be plotted to file /home/ubuntu/projects/Graphene-Band-Structure-Quantum-Espresso/outputs/field_0/vdw-df2-c09/top/data/ldos.pp.dat1323.xsf
     Plot Type: 3D                     Output format: XCrySDen     
     Reading data from file  /home/ubuntu/projects/Graphene-Band-Structure-Quantum-Espresso/outputs/field_0/vdw-df2-c09/top/data/ldos.pp.dat1324

     Writing data to be plotted to file /home/ubuntu/projects/Graphene-Band-Structure-Quantum-Espresso/outputs/field_0/vdw-df2-c09/top/data/ldos.pp.dat1324.xsf
     Plot Type: 3D                     Output format: XCrySDen     
     Reading data from file  /home/ubuntu/projects/Graphene-Band-Structure-Quantum-Espresso/outputs/field_0/vdw-df2-c09/top/data/ldos.pp.dat1325

     Writing data to be plotted to file /home/ubuntu/projects/Graphene-Band-Structure-Quantum-Espresso/outputs/field_0/vdw-df2-c09/top/data/ldos.pp.dat1325.xsf
     Plot Type: 3D                     Output format: XCrySDen     
     Reading data from file  /home/ubuntu/projects/Graphene-Band-Structure-Quantum-Espresso/outputs/field_0/vdw-df2-c09/top/data/ldos.pp.dat1326

     Writing data to be plotted to file /home/ubuntu/projects/Graphene-Band-Structure-Quantum-Espresso/outputs/field_0/vdw-df2-c09/top/data/ldos.pp.dat1326.xsf
     Plot Type: 3D                     Output format: XCrySDen     
     Reading data from file  /home/ubuntu/projects/Graphene-Band-Structure-Quantum-Espresso/outputs/field_0/vdw-df2-c09/top/data/ldos.pp.dat1327

     Writing data to be plotted to file /home/ubuntu/projects/Graphene-Band-Structure-Quantum-Espresso/outputs/field_0/vdw-df2-c09/top/data/ldos.pp.dat1327.xsf
     Plot Type: 3D                     Output format: XCrySDen     
     Reading data from file  /home/ubuntu/projects/Graphene-Band-Structure-Quantum-Espresso/outputs/field_0/vdw-df2-c09/top/data/ldos.pp.dat1328

     Writing data to be plotted to file /home/ubuntu/projects/Graphene-Band-Structure-Quantum-Espresso/outputs/field_0/vdw-df2-c09/top/data/ldos.pp.dat1328.xsf
     Plot Type: 3D                     Output format: XCrySDen     
     Reading data from file  /home/ubuntu/projects/Graphene-Band-Structure-Quantum-Espresso/outputs/field_0/vdw-df2-c09/top/data/ldos.pp.dat1329

     Writing data to be plotted to file /home/ubuntu/projects/Graphene-Band-Structure-Quantum-Espresso/outputs/field_0/vdw-df2-c09/top/data/ldos.pp.dat1329.xsf
     Plot Type: 3D                     Output format: XCrySDen     
     Reading data from file  /home/ubuntu/projects/Graphene-Band-Structure-Quantum-Espresso/outputs/field_0/vdw-df2-c09/top/data/ldos.pp.dat1330

     Writing data to be plotted to file /home/ubuntu/projects/Graphene-Band-Structure-Quantum-Espresso/outputs/field_0/vdw-df2-c09/top/data/ldos.pp.dat1330.xsf
     Plot Type: 3D                     Output format: XCrySDen     
     Reading data from file  /home/ubuntu/projects/Graphene-Band-Structure-Quantum-Espresso/outputs/field_0/vdw-df2-c09/top/data/ldos.pp.dat1331

     Writing data to be plotted to file /home/ubuntu/projects/Graphene-Band-Structure-Quantum-Espresso/outputs/field_0/vdw-df2-c09/top/data/ldos.pp.dat1331.xsf
     Plot Type: 3D                     Output format: XCrySDen     
     Reading data from file  /home/ubuntu/projects/Graphene-Band-Structure-Quantum-Espresso/outputs/field_0/vdw-df2-c09/top/data/ldos.pp.dat1332

     Writing data to be plotted to file /home/ubuntu/projects/Graphene-Band-Structure-Quantum-Espresso/outputs/field_0/vdw-df2-c09/top/data/ldos.pp.dat1332.xsf
     Plot Type: 3D                     Output format: XCrySDen     
     Reading data from file  /home/ubuntu/projects/Graphene-Band-Structure-Quantum-Espresso/outputs/field_0/vdw-df2-c09/top/data/ldos.pp.dat1333

     Writing data to be plotted to file /home/ubuntu/projects/Graphene-Band-Structure-Quantum-Espresso/outputs/field_0/vdw-df2-c09/top/data/ldos.pp.dat1333.xsf
     Plot Type: 3D                     Output format: XCrySDen     
     Reading data from file  /home/ubuntu/projects/Graphene-Band-Structure-Quantum-Espresso/outputs/field_0/vdw-df2-c09/top/data/ldos.pp.dat1334

     Writing data to be plotted to file /home/ubuntu/projects/Graphene-Band-Structure-Quantum-Espresso/outputs/field_0/vdw-df2-c09/top/data/ldos.pp.dat1334.xsf
     Plot Type: 3D                     Output format: XCrySDen     
     Reading data from file  /home/ubuntu/projects/Graphene-Band-Structure-Quantum-Espresso/outputs/field_0/vdw-df2-c09/top/data/ldos.pp.dat1335

     Writing data to be plotted to file /home/ubuntu/projects/Graphene-Band-Structure-Quantum-Espresso/outputs/field_0/vdw-df2-c09/top/data/ldos.pp.dat1335.xsf
     Plot Type: 3D                     Output format: XCrySDen     
     Reading data from file  /home/ubuntu/projects/Graphene-Band-Structure-Quantum-Espresso/outputs/field_0/vdw-df2-c09/top/data/ldos.pp.dat1336

     Writing data to be plotted to file /home/ubuntu/projects/Graphene-Band-Structure-Quantum-Espresso/outputs/field_0/vdw-df2-c09/top/data/ldos.pp.dat1336.xsf
     Plot Type: 3D                     Output format: XCrySDen     
     Reading data from file  /home/ubuntu/projects/Graphene-Band-Structure-Quantum-Espresso/outputs/field_0/vdw-df2-c09/top/data/ldos.pp.dat1337

     Writing data to be plotted to file /home/ubuntu/projects/Graphene-Band-Structure-Quantum-Espresso/outputs/field_0/vdw-df2-c09/top/data/ldos.pp.dat1337.xsf
     Plot Type: 3D                     Output format: XCrySDen     
     Reading data from file  /home/ubuntu/projects/Graphene-Band-Structure-Quantum-Espresso/outputs/field_0/vdw-df2-c09/top/data/ldos.pp.dat1338

     Writing data to be plotted to file /home/ubuntu/projects/Graphene-Band-Structure-Quantum-Espresso/outputs/field_0/vdw-df2-c09/top/data/ldos.pp.dat1338.xsf
     Plot Type: 3D                     Output format: XCrySDen     
     Reading data from file  /home/ubuntu/projects/Graphene-Band-Structure-Quantum-Espresso/outputs/field_0/vdw-df2-c09/top/data/ldos.pp.dat1339

     Writing data to be plotted to file /home/ubuntu/projects/Graphene-Band-Structure-Quantum-Espresso/outputs/field_0/vdw-df2-c09/top/data/ldos.pp.dat1339.xsf
     Plot Type: 3D                     Output format: XCrySDen     
     Reading data from file  /home/ubuntu/projects/Graphene-Band-Structure-Quantum-Espresso/outputs/field_0/vdw-df2-c09/top/data/ldos.pp.dat1340

     Writing data to be plotted to file /home/ubuntu/projects/Graphene-Band-Structure-Quantum-Espresso/outputs/field_0/vdw-df2-c09/top/data/ldos.pp.dat1340.xsf
     Plot Type: 3D                     Output format: XCrySDen     
     Reading data from file  /home/ubuntu/projects/Graphene-Band-Structure-Quantum-Espresso/outputs/field_0/vdw-df2-c09/top/data/ldos.pp.dat1341

     Writing data to be plotted to file /home/ubuntu/projects/Graphene-Band-Structure-Quantum-Espresso/outputs/field_0/vdw-df2-c09/top/data/ldos.pp.dat1341.xsf
     Plot Type: 3D                     Output format: XCrySDen     
     Reading data from file  /home/ubuntu/projects/Graphene-Band-Structure-Quantum-Espresso/outputs/field_0/vdw-df2-c09/top/data/ldos.pp.dat1342

     Writing data to be plotted to file /home/ubuntu/projects/Graphene-Band-Structure-Quantum-Espresso/outputs/field_0/vdw-df2-c09/top/data/ldos.pp.dat1342.xsf
     Plot Type: 3D                     Output format: XCrySDen     
     Reading data from file  /home/ubuntu/projects/Graphene-Band-Structure-Quantum-Espresso/outputs/field_0/vdw-df2-c09/top/data/ldos.pp.dat1343

     Writing data to be plotted to file /home/ubuntu/projects/Graphene-Band-Structure-Quantum-Espresso/outputs/field_0/vdw-df2-c09/top/data/ldos.pp.dat1343.xsf
     Plot Type: 3D                     Output format: XCrySDen     
     Reading data from file  /home/ubuntu/projects/Graphene-Band-Structure-Quantum-Espresso/outputs/field_0/vdw-df2-c09/top/data/ldos.pp.dat1344

     Writing data to be plotted to file /home/ubuntu/projects/Graphene-Band-Structure-Quantum-Espresso/outputs/field_0/vdw-df2-c09/top/data/ldos.pp.dat1344.xsf
     Plot Type: 3D                     Output format: XCrySDen     
     Reading data from file  /home/ubuntu/projects/Graphene-Band-Structure-Quantum-Espresso/outputs/field_0/vdw-df2-c09/top/data/ldos.pp.dat1345

     Writing data to be plotted to file /home/ubuntu/projects/Graphene-Band-Structure-Quantum-Espresso/outputs/field_0/vdw-df2-c09/top/data/ldos.pp.dat1345.xsf
     Plot Type: 3D                     Output format: XCrySDen     
     Reading data from file  /home/ubuntu/projects/Graphene-Band-Structure-Quantum-Espresso/outputs/field_0/vdw-df2-c09/top/data/ldos.pp.dat1346

     Writing data to be plotted to file /home/ubuntu/projects/Graphene-Band-Structure-Quantum-Espresso/outputs/field_0/vdw-df2-c09/top/data/ldos.pp.dat1346.xsf
     Plot Type: 3D                     Output format: XCrySDen     
     Reading data from file  /home/ubuntu/projects/Graphene-Band-Structure-Quantum-Espresso/outputs/field_0/vdw-df2-c09/top/data/ldos.pp.dat1347

     Writing data to be plotted to file /home/ubuntu/projects/Graphene-Band-Structure-Quantum-Espresso/outputs/field_0/vdw-df2-c09/top/data/ldos.pp.dat1347.xsf
     Plot Type: 3D                     Output format: XCrySDen     
     Reading data from file  /home/ubuntu/projects/Graphene-Band-Structure-Quantum-Espresso/outputs/field_0/vdw-df2-c09/top/data/ldos.pp.dat1348

     Writing data to be plotted to file /home/ubuntu/projects/Graphene-Band-Structure-Quantum-Espresso/outputs/field_0/vdw-df2-c09/top/data/ldos.pp.dat1348.xsf
     Plot Type: 3D                     Output format: XCrySDen     
     Reading data from file  /home/ubuntu/projects/Graphene-Band-Structure-Quantum-Espresso/outputs/field_0/vdw-df2-c09/top/data/ldos.pp.dat1349

     Writing data to be plotted to file /home/ubuntu/projects/Graphene-Band-Structure-Quantum-Espresso/outputs/field_0/vdw-df2-c09/top/data/ldos.pp.dat1349.xsf
     Plot Type: 3D                     Output format: XCrySDen     
     Reading data from file  /home/ubuntu/projects/Graphene-Band-Structure-Quantum-Espresso/outputs/field_0/vdw-df2-c09/top/data/ldos.pp.dat1350

     Writing data to be plotted to file /home/ubuntu/projects/Graphene-Band-Structure-Quantum-Espresso/outputs/field_0/vdw-df2-c09/top/data/ldos.pp.dat1350.xsf
     Plot Type: 3D                     Output format: XCrySDen     
     Reading data from file  /home/ubuntu/projects/Graphene-Band-Structure-Quantum-Espresso/outputs/field_0/vdw-df2-c09/top/data/ldos.pp.dat1351

     Writing data to be plotted to file /home/ubuntu/projects/Graphene-Band-Structure-Quantum-Espresso/outputs/field_0/vdw-df2-c09/top/data/ldos.pp.dat1351.xsf
     Plot Type: 3D                     Output format: XCrySDen     
     Reading data from file  /home/ubuntu/projects/Graphene-Band-Structure-Quantum-Espresso/outputs/field_0/vdw-df2-c09/top/data/ldos.pp.dat1352

     Writing data to be plotted to file /home/ubuntu/projects/Graphene-Band-Structure-Quantum-Espresso/outputs/field_0/vdw-df2-c09/top/data/ldos.pp.dat1352.xsf
     Plot Type: 3D                     Output format: XCrySDen     
     Reading data from file  /home/ubuntu/projects/Graphene-Band-Structure-Quantum-Espresso/outputs/field_0/vdw-df2-c09/top/data/ldos.pp.dat1353

     Writing data to be plotted to file /home/ubuntu/projects/Graphene-Band-Structure-Quantum-Espresso/outputs/field_0/vdw-df2-c09/top/data/ldos.pp.dat1353.xsf
     Plot Type: 3D                     Output format: XCrySDen     
     Reading data from file  /home/ubuntu/projects/Graphene-Band-Structure-Quantum-Espresso/outputs/field_0/vdw-df2-c09/top/data/ldos.pp.dat1354

     Writing data to be plotted to file /home/ubuntu/projects/Graphene-Band-Structure-Quantum-Espresso/outputs/field_0/vdw-df2-c09/top/data/ldos.pp.dat1354.xsf
     Plot Type: 3D                     Output format: XCrySDen     
     Reading data from file  /home/ubuntu/projects/Graphene-Band-Structure-Quantum-Espresso/outputs/field_0/vdw-df2-c09/top/data/ldos.pp.dat1355

     Writing data to be plotted to file /home/ubuntu/projects/Graphene-Band-Structure-Quantum-Espresso/outputs/field_0/vdw-df2-c09/top/data/ldos.pp.dat1355.xsf
     Plot Type: 3D                     Output format: XCrySDen     
     Reading data from file  /home/ubuntu/projects/Graphene-Band-Structure-Quantum-Espresso/outputs/field_0/vdw-df2-c09/top/data/ldos.pp.dat1356

     Writing data to be plotted to file /home/ubuntu/projects/Graphene-Band-Structure-Quantum-Espresso/outputs/field_0/vdw-df2-c09/top/data/ldos.pp.dat1356.xsf
     Plot Type: 3D                     Output format: XCrySDen     
     Reading data from file  /home/ubuntu/projects/Graphene-Band-Structure-Quantum-Espresso/outputs/field_0/vdw-df2-c09/top/data/ldos.pp.dat1357

     Writing data to be plotted to file /home/ubuntu/projects/Graphene-Band-Structure-Quantum-Espresso/outputs/field_0/vdw-df2-c09/top/data/ldos.pp.dat1357.xsf
     Plot Type: 3D                     Output format: XCrySDen     
     Reading data from file  /home/ubuntu/projects/Graphene-Band-Structure-Quantum-Espresso/outputs/field_0/vdw-df2-c09/top/data/ldos.pp.dat1358

     Writing data to be plotted to file /home/ubuntu/projects/Graphene-Band-Structure-Quantum-Espresso/outputs/field_0/vdw-df2-c09/top/data/ldos.pp.dat1358.xsf
     Plot Type: 3D                     Output format: XCrySDen     
     Reading data from file  /home/ubuntu/projects/Graphene-Band-Structure-Quantum-Espresso/outputs/field_0/vdw-df2-c09/top/data/ldos.pp.dat1359

     Writing data to be plotted to file /home/ubuntu/projects/Graphene-Band-Structure-Quantum-Espresso/outputs/field_0/vdw-df2-c09/top/data/ldos.pp.dat1359.xsf
     Plot Type: 3D                     Output format: XCrySDen     
     Reading data from file  /home/ubuntu/projects/Graphene-Band-Structure-Quantum-Espresso/outputs/field_0/vdw-df2-c09/top/data/ldos.pp.dat1360

     Writing data to be plotted to file /home/ubuntu/projects/Graphene-Band-Structure-Quantum-Espresso/outputs/field_0/vdw-df2-c09/top/data/ldos.pp.dat1360.xsf
     Plot Type: 3D                     Output format: XCrySDen     
     Reading data from file  /home/ubuntu/projects/Graphene-Band-Structure-Quantum-Espresso/outputs/field_0/vdw-df2-c09/top/data/ldos.pp.dat1361

     Writing data to be plotted to file /home/ubuntu/projects/Graphene-Band-Structure-Quantum-Espresso/outputs/field_0/vdw-df2-c09/top/data/ldos.pp.dat1361.xsf
     Plot Type: 3D                     Output format: XCrySDen     
     Reading data from file  /home/ubuntu/projects/Graphene-Band-Structure-Quantum-Espresso/outputs/field_0/vdw-df2-c09/top/data/ldos.pp.dat1362

     Writing data to be plotted to file /home/ubuntu/projects/Graphene-Band-Structure-Quantum-Espresso/outputs/field_0/vdw-df2-c09/top/data/ldos.pp.dat1362.xsf
     Plot Type: 3D                     Output format: XCrySDen     
     Reading data from file  /home/ubuntu/projects/Graphene-Band-Structure-Quantum-Espresso/outputs/field_0/vdw-df2-c09/top/data/ldos.pp.dat1363

     Writing data to be plotted to file /home/ubuntu/projects/Graphene-Band-Structure-Quantum-Espresso/outputs/field_0/vdw-df2-c09/top/data/ldos.pp.dat1363.xsf
     Plot Type: 3D                     Output format: XCrySDen     
     Reading data from file  /home/ubuntu/projects/Graphene-Band-Structure-Quantum-Espresso/outputs/field_0/vdw-df2-c09/top/data/ldos.pp.dat1364

     Writing data to be plotted to file /home/ubuntu/projects/Graphene-Band-Structure-Quantum-Espresso/outputs/field_0/vdw-df2-c09/top/data/ldos.pp.dat1364.xsf
     Plot Type: 3D                     Output format: XCrySDen     
     Reading data from file  /home/ubuntu/projects/Graphene-Band-Structure-Quantum-Espresso/outputs/field_0/vdw-df2-c09/top/data/ldos.pp.dat1365

     Writing data to be plotted to file /home/ubuntu/projects/Graphene-Band-Structure-Quantum-Espresso/outputs/field_0/vdw-df2-c09/top/data/ldos.pp.dat1365.xsf
     Plot Type: 3D                     Output format: XCrySDen     
     Reading data from file  /home/ubuntu/projects/Graphene-Band-Structure-Quantum-Espresso/outputs/field_0/vdw-df2-c09/top/data/ldos.pp.dat1366

     Writing data to be plotted to file /home/ubuntu/projects/Graphene-Band-Structure-Quantum-Espresso/outputs/field_0/vdw-df2-c09/top/data/ldos.pp.dat1366.xsf
     Plot Type: 3D                     Output format: XCrySDen     
     Reading data from file  /home/ubuntu/projects/Graphene-Band-Structure-Quantum-Espresso/outputs/field_0/vdw-df2-c09/top/data/ldos.pp.dat1367

     Writing data to be plotted to file /home/ubuntu/projects/Graphene-Band-Structure-Quantum-Espresso/outputs/field_0/vdw-df2-c09/top/data/ldos.pp.dat1367.xsf
     Plot Type: 3D                     Output format: XCrySDen     
     Reading data from file  /home/ubuntu/projects/Graphene-Band-Structure-Quantum-Espresso/outputs/field_0/vdw-df2-c09/top/data/ldos.pp.dat1368

     Writing data to be plotted to file /home/ubuntu/projects/Graphene-Band-Structure-Quantum-Espresso/outputs/field_0/vdw-df2-c09/top/data/ldos.pp.dat1368.xsf
     Plot Type: 3D                     Output format: XCrySDen     
     Reading data from file  /home/ubuntu/projects/Graphene-Band-Structure-Quantum-Espresso/outputs/field_0/vdw-df2-c09/top/data/ldos.pp.dat1369

     Writing data to be plotted to file /home/ubuntu/projects/Graphene-Band-Structure-Quantum-Espresso/outputs/field_0/vdw-df2-c09/top/data/ldos.pp.dat1369.xsf
     Plot Type: 3D                     Output format: XCrySDen     
     Reading data from file  /home/ubuntu/projects/Graphene-Band-Structure-Quantum-Espresso/outputs/field_0/vdw-df2-c09/top/data/ldos.pp.dat1370

     Writing data to be plotted to file /home/ubuntu/projects/Graphene-Band-Structure-Quantum-Espresso/outputs/field_0/vdw-df2-c09/top/data/ldos.pp.dat1370.xsf
     Plot Type: 3D                     Output format: XCrySDen     
     Reading data from file  /home/ubuntu/projects/Graphene-Band-Structure-Quantum-Espresso/outputs/field_0/vdw-df2-c09/top/data/ldos.pp.dat1371

     Writing data to be plotted to file /home/ubuntu/projects/Graphene-Band-Structure-Quantum-Espresso/outputs/field_0/vdw-df2-c09/top/data/ldos.pp.dat1371.xsf
     Plot Type: 3D                     Output format: XCrySDen     
     Reading data from file  /home/ubuntu/projects/Graphene-Band-Structure-Quantum-Espresso/outputs/field_0/vdw-df2-c09/top/data/ldos.pp.dat1372

     Writing data to be plotted to file /home/ubuntu/projects/Graphene-Band-Structure-Quantum-Espresso/outputs/field_0/vdw-df2-c09/top/data/ldos.pp.dat1372.xsf
     Plot Type: 3D                     Output format: XCrySDen     
     Reading data from file  /home/ubuntu/projects/Graphene-Band-Structure-Quantum-Espresso/outputs/field_0/vdw-df2-c09/top/data/ldos.pp.dat1373

     Writing data to be plotted to file /home/ubuntu/projects/Graphene-Band-Structure-Quantum-Espresso/outputs/field_0/vdw-df2-c09/top/data/ldos.pp.dat1373.xsf
     Plot Type: 3D                     Output format: XCrySDen     
     Reading data from file  /home/ubuntu/projects/Graphene-Band-Structure-Quantum-Espresso/outputs/field_0/vdw-df2-c09/top/data/ldos.pp.dat1374

     Writing data to be plotted to file /home/ubuntu/projects/Graphene-Band-Structure-Quantum-Espresso/outputs/field_0/vdw-df2-c09/top/data/ldos.pp.dat1374.xsf
     Plot Type: 3D                     Output format: XCrySDen     
     Reading data from file  /home/ubuntu/projects/Graphene-Band-Structure-Quantum-Espresso/outputs/field_0/vdw-df2-c09/top/data/ldos.pp.dat1375

     Writing data to be plotted to file /home/ubuntu/projects/Graphene-Band-Structure-Quantum-Espresso/outputs/field_0/vdw-df2-c09/top/data/ldos.pp.dat1375.xsf
     Plot Type: 3D                     Output format: XCrySDen     
     Reading data from file  /home/ubuntu/projects/Graphene-Band-Structure-Quantum-Espresso/outputs/field_0/vdw-df2-c09/top/data/ldos.pp.dat1376

     Writing data to be plotted to file /home/ubuntu/projects/Graphene-Band-Structure-Quantum-Espresso/outputs/field_0/vdw-df2-c09/top/data/ldos.pp.dat1376.xsf
     Plot Type: 3D                     Output format: XCrySDen     
     Reading data from file  /home/ubuntu/projects/Graphene-Band-Structure-Quantum-Espresso/outputs/field_0/vdw-df2-c09/top/data/ldos.pp.dat1377

     Writing data to be plotted to file /home/ubuntu/projects/Graphene-Band-Structure-Quantum-Espresso/outputs/field_0/vdw-df2-c09/top/data/ldos.pp.dat1377.xsf
     Plot Type: 3D                     Output format: XCrySDen     
     Reading data from file  /home/ubuntu/projects/Graphene-Band-Structure-Quantum-Espresso/outputs/field_0/vdw-df2-c09/top/data/ldos.pp.dat1378

     Writing data to be plotted to file /home/ubuntu/projects/Graphene-Band-Structure-Quantum-Espresso/outputs/field_0/vdw-df2-c09/top/data/ldos.pp.dat1378.xsf
     Plot Type: 3D                     Output format: XCrySDen     
     Reading data from file  /home/ubuntu/projects/Graphene-Band-Structure-Quantum-Espresso/outputs/field_0/vdw-df2-c09/top/data/ldos.pp.dat1379

     Writing data to be plotted to file /home/ubuntu/projects/Graphene-Band-Structure-Quantum-Espresso/outputs/field_0/vdw-df2-c09/top/data/ldos.pp.dat1379.xsf
     Plot Type: 3D                     Output format: XCrySDen     
     Reading data from file  /home/ubuntu/projects/Graphene-Band-Structure-Quantum-Espresso/outputs/field_0/vdw-df2-c09/top/data/ldos.pp.dat1380

     Writing data to be plotted to file /home/ubuntu/projects/Graphene-Band-Structure-Quantum-Espresso/outputs/field_0/vdw-df2-c09/top/data/ldos.pp.dat1380.xsf
     Plot Type: 3D                     Output format: XCrySDen     
     Reading data from file  /home/ubuntu/projects/Graphene-Band-Structure-Quantum-Espresso/outputs/field_0/vdw-df2-c09/top/data/ldos.pp.dat1381

     Writing data to be plotted to file /home/ubuntu/projects/Graphene-Band-Structure-Quantum-Espresso/outputs/field_0/vdw-df2-c09/top/data/ldos.pp.dat1381.xsf
     Plot Type: 3D                     Output format: XCrySDen     
     Reading data from file  /home/ubuntu/projects/Graphene-Band-Structure-Quantum-Espresso/outputs/field_0/vdw-df2-c09/top/data/ldos.pp.dat1382

     Writing data to be plotted to file /home/ubuntu/projects/Graphene-Band-Structure-Quantum-Espresso/outputs/field_0/vdw-df2-c09/top/data/ldos.pp.dat1382.xsf
     Plot Type: 3D                     Output format: XCrySDen     
     Reading data from file  /home/ubuntu/projects/Graphene-Band-Structure-Quantum-Espresso/outputs/field_0/vdw-df2-c09/top/data/ldos.pp.dat1383

     Writing data to be plotted to file /home/ubuntu/projects/Graphene-Band-Structure-Quantum-Espresso/outputs/field_0/vdw-df2-c09/top/data/ldos.pp.dat1383.xsf
     Plot Type: 3D                     Output format: XCrySDen     
     Reading data from file  /home/ubuntu/projects/Graphene-Band-Structure-Quantum-Espresso/outputs/field_0/vdw-df2-c09/top/data/ldos.pp.dat1384

     Writing data to be plotted to file /home/ubuntu/projects/Graphene-Band-Structure-Quantum-Espresso/outputs/field_0/vdw-df2-c09/top/data/ldos.pp.dat1384.xsf
     Plot Type: 3D                     Output format: XCrySDen     
     Reading data from file  /home/ubuntu/projects/Graphene-Band-Structure-Quantum-Espresso/outputs/field_0/vdw-df2-c09/top/data/ldos.pp.dat1385

     Writing data to be plotted to file /home/ubuntu/projects/Graphene-Band-Structure-Quantum-Espresso/outputs/field_0/vdw-df2-c09/top/data/ldos.pp.dat1385.xsf
     Plot Type: 3D                     Output format: XCrySDen     
     Reading data from file  /home/ubuntu/projects/Graphene-Band-Structure-Quantum-Espresso/outputs/field_0/vdw-df2-c09/top/data/ldos.pp.dat1386

     Writing data to be plotted to file /home/ubuntu/projects/Graphene-Band-Structure-Quantum-Espresso/outputs/field_0/vdw-df2-c09/top/data/ldos.pp.dat1386.xsf
     Plot Type: 3D                     Output format: XCrySDen     
     Reading data from file  /home/ubuntu/projects/Graphene-Band-Structure-Quantum-Espresso/outputs/field_0/vdw-df2-c09/top/data/ldos.pp.dat1387

     Writing data to be plotted to file /home/ubuntu/projects/Graphene-Band-Structure-Quantum-Espresso/outputs/field_0/vdw-df2-c09/top/data/ldos.pp.dat1387.xsf
     Plot Type: 3D                     Output format: XCrySDen     
     Reading data from file  /home/ubuntu/projects/Graphene-Band-Structure-Quantum-Espresso/outputs/field_0/vdw-df2-c09/top/data/ldos.pp.dat1388

     Writing data to be plotted to file /home/ubuntu/projects/Graphene-Band-Structure-Quantum-Espresso/outputs/field_0/vdw-df2-c09/top/data/ldos.pp.dat1388.xsf
     Plot Type: 3D                     Output format: XCrySDen     
     Reading data from file  /home/ubuntu/projects/Graphene-Band-Structure-Quantum-Espresso/outputs/field_0/vdw-df2-c09/top/data/ldos.pp.dat1389

     Writing data to be plotted to file /home/ubuntu/projects/Graphene-Band-Structure-Quantum-Espresso/outputs/field_0/vdw-df2-c09/top/data/ldos.pp.dat1389.xsf
     Plot Type: 3D                     Output format: XCrySDen     
     Reading data from file  /home/ubuntu/projects/Graphene-Band-Structure-Quantum-Espresso/outputs/field_0/vdw-df2-c09/top/data/ldos.pp.dat1390

     Writing data to be plotted to file /home/ubuntu/projects/Graphene-Band-Structure-Quantum-Espresso/outputs/field_0/vdw-df2-c09/top/data/ldos.pp.dat1390.xsf
     Plot Type: 3D                     Output format: XCrySDen     
     Reading data from file  /home/ubuntu/projects/Graphene-Band-Structure-Quantum-Espresso/outputs/field_0/vdw-df2-c09/top/data/ldos.pp.dat1391

     Writing data to be plotted to file /home/ubuntu/projects/Graphene-Band-Structure-Quantum-Espresso/outputs/field_0/vdw-df2-c09/top/data/ldos.pp.dat1391.xsf
     Plot Type: 3D                     Output format: XCrySDen     
     Reading data from file  /home/ubuntu/projects/Graphene-Band-Structure-Quantum-Espresso/outputs/field_0/vdw-df2-c09/top/data/ldos.pp.dat1392

     Writing data to be plotted to file /home/ubuntu/projects/Graphene-Band-Structure-Quantum-Espresso/outputs/field_0/vdw-df2-c09/top/data/ldos.pp.dat1392.xsf
     Plot Type: 3D                     Output format: XCrySDen     
     Reading data from file  /home/ubuntu/projects/Graphene-Band-Structure-Quantum-Espresso/outputs/field_0/vdw-df2-c09/top/data/ldos.pp.dat1393

     Writing data to be plotted to file /home/ubuntu/projects/Graphene-Band-Structure-Quantum-Espresso/outputs/field_0/vdw-df2-c09/top/data/ldos.pp.dat1393.xsf
     Plot Type: 3D                     Output format: XCrySDen     
     Reading data from file  /home/ubuntu/projects/Graphene-Band-Structure-Quantum-Espresso/outputs/field_0/vdw-df2-c09/top/data/ldos.pp.dat1394

     Writing data to be plotted to file /home/ubuntu/projects/Graphene-Band-Structure-Quantum-Espresso/outputs/field_0/vdw-df2-c09/top/data/ldos.pp.dat1394.xsf
     Plot Type: 3D                     Output format: XCrySDen     
     Reading data from file  /home/ubuntu/projects/Graphene-Band-Structure-Quantum-Espresso/outputs/field_0/vdw-df2-c09/top/data/ldos.pp.dat1395

     Writing data to be plotted to file /home/ubuntu/projects/Graphene-Band-Structure-Quantum-Espresso/outputs/field_0/vdw-df2-c09/top/data/ldos.pp.dat1395.xsf
     Plot Type: 3D                     Output format: XCrySDen     
     Reading data from file  /home/ubuntu/projects/Graphene-Band-Structure-Quantum-Espresso/outputs/field_0/vdw-df2-c09/top/data/ldos.pp.dat1396

     Writing data to be plotted to file /home/ubuntu/projects/Graphene-Band-Structure-Quantum-Espresso/outputs/field_0/vdw-df2-c09/top/data/ldos.pp.dat1396.xsf
     Plot Type: 3D                     Output format: XCrySDen     
     Reading data from file  /home/ubuntu/projects/Graphene-Band-Structure-Quantum-Espresso/outputs/field_0/vdw-df2-c09/top/data/ldos.pp.dat1397

     Writing data to be plotted to file /home/ubuntu/projects/Graphene-Band-Structure-Quantum-Espresso/outputs/field_0/vdw-df2-c09/top/data/ldos.pp.dat1397.xsf
     Plot Type: 3D                     Output format: XCrySDen     
     Reading data from file  /home/ubuntu/projects/Graphene-Band-Structure-Quantum-Espresso/outputs/field_0/vdw-df2-c09/top/data/ldos.pp.dat1398

     Writing data to be plotted to file /home/ubuntu/projects/Graphene-Band-Structure-Quantum-Espresso/outputs/field_0/vdw-df2-c09/top/data/ldos.pp.dat1398.xsf
     Plot Type: 3D                     Output format: XCrySDen     
     Reading data from file  /home/ubuntu/projects/Graphene-Band-Structure-Quantum-Espresso/outputs/field_0/vdw-df2-c09/top/data/ldos.pp.dat1399

     Writing data to be plotted to file /home/ubuntu/projects/Graphene-Band-Structure-Quantum-Espresso/outputs/field_0/vdw-df2-c09/top/data/ldos.pp.dat1399.xsf
     Plot Type: 3D                     Output format: XCrySDen     
     Reading data from file  /home/ubuntu/projects/Graphene-Band-Structure-Quantum-Espresso/outputs/field_0/vdw-df2-c09/top/data/ldos.pp.dat1400

     Writing data to be plotted to file /home/ubuntu/projects/Graphene-Band-Structure-Quantum-Espresso/outputs/field_0/vdw-df2-c09/top/data/ldos.pp.dat1400.xsf
     Plot Type: 3D                     Output format: XCrySDen     
     Reading data from file  /home/ubuntu/projects/Graphene-Band-Structure-Quantum-Espresso/outputs/field_0/vdw-df2-c09/top/data/ldos.pp.dat1401

     Writing data to be plotted to file /home/ubuntu/projects/Graphene-Band-Structure-Quantum-Espresso/outputs/field_0/vdw-df2-c09/top/data/ldos.pp.dat1401.xsf
     Plot Type: 3D                     Output format: XCrySDen     
     Reading data from file  /home/ubuntu/projects/Graphene-Band-Structure-Quantum-Espresso/outputs/field_0/vdw-df2-c09/top/data/ldos.pp.dat1402

     Writing data to be plotted to file /home/ubuntu/projects/Graphene-Band-Structure-Quantum-Espresso/outputs/field_0/vdw-df2-c09/top/data/ldos.pp.dat1402.xsf
     Plot Type: 3D                     Output format: XCrySDen     
     Reading data from file  /home/ubuntu/projects/Graphene-Band-Structure-Quantum-Espresso/outputs/field_0/vdw-df2-c09/top/data/ldos.pp.dat1403

     Writing data to be plotted to file /home/ubuntu/projects/Graphene-Band-Structure-Quantum-Espresso/outputs/field_0/vdw-df2-c09/top/data/ldos.pp.dat1403.xsf
     Plot Type: 3D                     Output format: XCrySDen     
     Reading data from file  /home/ubuntu/projects/Graphene-Band-Structure-Quantum-Espresso/outputs/field_0/vdw-df2-c09/top/data/ldos.pp.dat1404

     Writing data to be plotted to file /home/ubuntu/projects/Graphene-Band-Structure-Quantum-Espresso/outputs/field_0/vdw-df2-c09/top/data/ldos.pp.dat1404.xsf
     Plot Type: 3D                     Output format: XCrySDen     
     Reading data from file  /home/ubuntu/projects/Graphene-Band-Structure-Quantum-Espresso/outputs/field_0/vdw-df2-c09/top/data/ldos.pp.dat1405

     Writing data to be plotted to file /home/ubuntu/projects/Graphene-Band-Structure-Quantum-Espresso/outputs/field_0/vdw-df2-c09/top/data/ldos.pp.dat1405.xsf
     Plot Type: 3D                     Output format: XCrySDen     
     Reading data from file  /home/ubuntu/projects/Graphene-Band-Structure-Quantum-Espresso/outputs/field_0/vdw-df2-c09/top/data/ldos.pp.dat1406

     Writing data to be plotted to file /home/ubuntu/projects/Graphene-Band-Structure-Quantum-Espresso/outputs/field_0/vdw-df2-c09/top/data/ldos.pp.dat1406.xsf
     Plot Type: 3D                     Output format: XCrySDen     
     Reading data from file  /home/ubuntu/projects/Graphene-Band-Structure-Quantum-Espresso/outputs/field_0/vdw-df2-c09/top/data/ldos.pp.dat1407

     Writing data to be plotted to file /home/ubuntu/projects/Graphene-Band-Structure-Quantum-Espresso/outputs/field_0/vdw-df2-c09/top/data/ldos.pp.dat1407.xsf
     Plot Type: 3D                     Output format: XCrySDen     
     Reading data from file  /home/ubuntu/projects/Graphene-Band-Structure-Quantum-Espresso/outputs/field_0/vdw-df2-c09/top/data/ldos.pp.dat1408

     Writing data to be plotted to file /home/ubuntu/projects/Graphene-Band-Structure-Quantum-Espresso/outputs/field_0/vdw-df2-c09/top/data/ldos.pp.dat1408.xsf
     Plot Type: 3D                     Output format: XCrySDen     
     Reading data from file  /home/ubuntu/projects/Graphene-Band-Structure-Quantum-Espresso/outputs/field_0/vdw-df2-c09/top/data/ldos.pp.dat1409

     Writing data to be plotted to file /home/ubuntu/projects/Graphene-Band-Structure-Quantum-Espresso/outputs/field_0/vdw-df2-c09/top/data/ldos.pp.dat1409.xsf
     Plot Type: 3D                     Output format: XCrySDen     
     Reading data from file  /home/ubuntu/projects/Graphene-Band-Structure-Quantum-Espresso/outputs/field_0/vdw-df2-c09/top/data/ldos.pp.dat1410

     Writing data to be plotted to file /home/ubuntu/projects/Graphene-Band-Structure-Quantum-Espresso/outputs/field_0/vdw-df2-c09/top/data/ldos.pp.dat1410.xsf
     Plot Type: 3D                     Output format: XCrySDen     
     Reading data from file  /home/ubuntu/projects/Graphene-Band-Structure-Quantum-Espresso/outputs/field_0/vdw-df2-c09/top/data/ldos.pp.dat1411

     Writing data to be plotted to file /home/ubuntu/projects/Graphene-Band-Structure-Quantum-Espresso/outputs/field_0/vdw-df2-c09/top/data/ldos.pp.dat1411.xsf
     Plot Type: 3D                     Output format: XCrySDen     
     Reading data from file  /home/ubuntu/projects/Graphene-Band-Structure-Quantum-Espresso/outputs/field_0/vdw-df2-c09/top/data/ldos.pp.dat1412

     Writing data to be plotted to file /home/ubuntu/projects/Graphene-Band-Structure-Quantum-Espresso/outputs/field_0/vdw-df2-c09/top/data/ldos.pp.dat1412.xsf
     Plot Type: 3D                     Output format: XCrySDen     
     Reading data from file  /home/ubuntu/projects/Graphene-Band-Structure-Quantum-Espresso/outputs/field_0/vdw-df2-c09/top/data/ldos.pp.dat1413

     Writing data to be plotted to file /home/ubuntu/projects/Graphene-Band-Structure-Quantum-Espresso/outputs/field_0/vdw-df2-c09/top/data/ldos.pp.dat1413.xsf
     Plot Type: 3D                     Output format: XCrySDen     
     Reading data from file  /home/ubuntu/projects/Graphene-Band-Structure-Quantum-Espresso/outputs/field_0/vdw-df2-c09/top/data/ldos.pp.dat1414

     Writing data to be plotted to file /home/ubuntu/projects/Graphene-Band-Structure-Quantum-Espresso/outputs/field_0/vdw-df2-c09/top/data/ldos.pp.dat1414.xsf
     Plot Type: 3D                     Output format: XCrySDen     
     Reading data from file  /home/ubuntu/projects/Graphene-Band-Structure-Quantum-Espresso/outputs/field_0/vdw-df2-c09/top/data/ldos.pp.dat1415

     Writing data to be plotted to file /home/ubuntu/projects/Graphene-Band-Structure-Quantum-Espresso/outputs/field_0/vdw-df2-c09/top/data/ldos.pp.dat1415.xsf
     Plot Type: 3D                     Output format: XCrySDen     
     Reading data from file  /home/ubuntu/projects/Graphene-Band-Structure-Quantum-Espresso/outputs/field_0/vdw-df2-c09/top/data/ldos.pp.dat1416

     Writing data to be plotted to file /home/ubuntu/projects/Graphene-Band-Structure-Quantum-Espresso/outputs/field_0/vdw-df2-c09/top/data/ldos.pp.dat1416.xsf
     Plot Type: 3D                     Output format: XCrySDen     
     Reading data from file  /home/ubuntu/projects/Graphene-Band-Structure-Quantum-Espresso/outputs/field_0/vdw-df2-c09/top/data/ldos.pp.dat1417

     Writing data to be plotted to file /home/ubuntu/projects/Graphene-Band-Structure-Quantum-Espresso/outputs/field_0/vdw-df2-c09/top/data/ldos.pp.dat1417.xsf
     Plot Type: 3D                     Output format: XCrySDen     
     Reading data from file  /home/ubuntu/projects/Graphene-Band-Structure-Quantum-Espresso/outputs/field_0/vdw-df2-c09/top/data/ldos.pp.dat1418

     Writing data to be plotted to file /home/ubuntu/projects/Graphene-Band-Structure-Quantum-Espresso/outputs/field_0/vdw-df2-c09/top/data/ldos.pp.dat1418.xsf
     Plot Type: 3D                     Output format: XCrySDen     
     Reading data from file  /home/ubuntu/projects/Graphene-Band-Structure-Quantum-Espresso/outputs/field_0/vdw-df2-c09/top/data/ldos.pp.dat1419

     Writing data to be plotted to file /home/ubuntu/projects/Graphene-Band-Structure-Quantum-Espresso/outputs/field_0/vdw-df2-c09/top/data/ldos.pp.dat1419.xsf
     Plot Type: 3D                     Output format: XCrySDen     
     Reading data from file  /home/ubuntu/projects/Graphene-Band-Structure-Quantum-Espresso/outputs/field_0/vdw-df2-c09/top/data/ldos.pp.dat1420

     Writing data to be plotted to file /home/ubuntu/projects/Graphene-Band-Structure-Quantum-Espresso/outputs/field_0/vdw-df2-c09/top/data/ldos.pp.dat1420.xsf
     Plot Type: 3D                     Output format: XCrySDen     
     Reading data from file  /home/ubuntu/projects/Graphene-Band-Structure-Quantum-Espresso/outputs/field_0/vdw-df2-c09/top/data/ldos.pp.dat1421

     Writing data to be plotted to file /home/ubuntu/projects/Graphene-Band-Structure-Quantum-Espresso/outputs/field_0/vdw-df2-c09/top/data/ldos.pp.dat1421.xsf
     Plot Type: 3D                     Output format: XCrySDen     
     Reading data from file  /home/ubuntu/projects/Graphene-Band-Structure-Quantum-Espresso/outputs/field_0/vdw-df2-c09/top/data/ldos.pp.dat1422

     Writing data to be plotted to file /home/ubuntu/projects/Graphene-Band-Structure-Quantum-Espresso/outputs/field_0/vdw-df2-c09/top/data/ldos.pp.dat1422.xsf
     Plot Type: 3D                     Output format: XCrySDen     
     Reading data from file  /home/ubuntu/projects/Graphene-Band-Structure-Quantum-Espresso/outputs/field_0/vdw-df2-c09/top/data/ldos.pp.dat1423

     Writing data to be plotted to file /home/ubuntu/projects/Graphene-Band-Structure-Quantum-Espresso/outputs/field_0/vdw-df2-c09/top/data/ldos.pp.dat1423.xsf
     Plot Type: 3D                     Output format: XCrySDen     
     Reading data from file  /home/ubuntu/projects/Graphene-Band-Structure-Quantum-Espresso/outputs/field_0/vdw-df2-c09/top/data/ldos.pp.dat1424

     Writing data to be plotted to file /home/ubuntu/projects/Graphene-Band-Structure-Quantum-Espresso/outputs/field_0/vdw-df2-c09/top/data/ldos.pp.dat1424.xsf
     Plot Type: 3D                     Output format: XCrySDen     
     Reading data from file  /home/ubuntu/projects/Graphene-Band-Structure-Quantum-Espresso/outputs/field_0/vdw-df2-c09/top/data/ldos.pp.dat1425

     Writing data to be plotted to file /home/ubuntu/projects/Graphene-Band-Structure-Quantum-Espresso/outputs/field_0/vdw-df2-c09/top/data/ldos.pp.dat1425.xsf
     Plot Type: 3D                     Output format: XCrySDen     
     Reading data from file  /home/ubuntu/projects/Graphene-Band-Structure-Quantum-Espresso/outputs/field_0/vdw-df2-c09/top/data/ldos.pp.dat1426

     Writing data to be plotted to file /home/ubuntu/projects/Graphene-Band-Structure-Quantum-Espresso/outputs/field_0/vdw-df2-c09/top/data/ldos.pp.dat1426.xsf
     Plot Type: 3D                     Output format: XCrySDen     
     Reading data from file  /home/ubuntu/projects/Graphene-Band-Structure-Quantum-Espresso/outputs/field_0/vdw-df2-c09/top/data/ldos.pp.dat1427

     Writing data to be plotted to file /home/ubuntu/projects/Graphene-Band-Structure-Quantum-Espresso/outputs/field_0/vdw-df2-c09/top/data/ldos.pp.dat1427.xsf
     Plot Type: 3D                     Output format: XCrySDen     
     Reading data from file  /home/ubuntu/projects/Graphene-Band-Structure-Quantum-Espresso/outputs/field_0/vdw-df2-c09/top/data/ldos.pp.dat1428

     Writing data to be plotted to file /home/ubuntu/projects/Graphene-Band-Structure-Quantum-Espresso/outputs/field_0/vdw-df2-c09/top/data/ldos.pp.dat1428.xsf
     Plot Type: 3D                     Output format: XCrySDen     
     Reading data from file  /home/ubuntu/projects/Graphene-Band-Structure-Quantum-Espresso/outputs/field_0/vdw-df2-c09/top/data/ldos.pp.dat1429

     Writing data to be plotted to file /home/ubuntu/projects/Graphene-Band-Structure-Quantum-Espresso/outputs/field_0/vdw-df2-c09/top/data/ldos.pp.dat1429.xsf
     Plot Type: 3D                     Output format: XCrySDen     
     Reading data from file  /home/ubuntu/projects/Graphene-Band-Structure-Quantum-Espresso/outputs/field_0/vdw-df2-c09/top/data/ldos.pp.dat1430

     Writing data to be plotted to file /home/ubuntu/projects/Graphene-Band-Structure-Quantum-Espresso/outputs/field_0/vdw-df2-c09/top/data/ldos.pp.dat1430.xsf
     Plot Type: 3D                     Output format: XCrySDen     
     Reading data from file  /home/ubuntu/projects/Graphene-Band-Structure-Quantum-Espresso/outputs/field_0/vdw-df2-c09/top/data/ldos.pp.dat1431

     Writing data to be plotted to file /home/ubuntu/projects/Graphene-Band-Structure-Quantum-Espresso/outputs/field_0/vdw-df2-c09/top/data/ldos.pp.dat1431.xsf
     Plot Type: 3D                     Output format: XCrySDen     
     Reading data from file  /home/ubuntu/projects/Graphene-Band-Structure-Quantum-Espresso/outputs/field_0/vdw-df2-c09/top/data/ldos.pp.dat1432

     Writing data to be plotted to file /home/ubuntu/projects/Graphene-Band-Structure-Quantum-Espresso/outputs/field_0/vdw-df2-c09/top/data/ldos.pp.dat1432.xsf
     Plot Type: 3D                     Output format: XCrySDen     
     Reading data from file  /home/ubuntu/projects/Graphene-Band-Structure-Quantum-Espresso/outputs/field_0/vdw-df2-c09/top/data/ldos.pp.dat1433

     Writing data to be plotted to file /home/ubuntu/projects/Graphene-Band-Structure-Quantum-Espresso/outputs/field_0/vdw-df2-c09/top/data/ldos.pp.dat1433.xsf
     Plot Type: 3D                     Output format: XCrySDen     
     Reading data from file  /home/ubuntu/projects/Graphene-Band-Structure-Quantum-Espresso/outputs/field_0/vdw-df2-c09/top/data/ldos.pp.dat1434

     Writing data to be plotted to file /home/ubuntu/projects/Graphene-Band-Structure-Quantum-Espresso/outputs/field_0/vdw-df2-c09/top/data/ldos.pp.dat1434.xsf
     Plot Type: 3D                     Output format: XCrySDen     
     Reading data from file  /home/ubuntu/projects/Graphene-Band-Structure-Quantum-Espresso/outputs/field_0/vdw-df2-c09/top/data/ldos.pp.dat1435

     Writing data to be plotted to file /home/ubuntu/projects/Graphene-Band-Structure-Quantum-Espresso/outputs/field_0/vdw-df2-c09/top/data/ldos.pp.dat1435.xsf
     Plot Type: 3D                     Output format: XCrySDen     
     Reading data from file  /home/ubuntu/projects/Graphene-Band-Structure-Quantum-Espresso/outputs/field_0/vdw-df2-c09/top/data/ldos.pp.dat1436

     Writing data to be plotted to file /home/ubuntu/projects/Graphene-Band-Structure-Quantum-Espresso/outputs/field_0/vdw-df2-c09/top/data/ldos.pp.dat1436.xsf
     Plot Type: 3D                     Output format: XCrySDen     
     Reading data from file  /home/ubuntu/projects/Graphene-Band-Structure-Quantum-Espresso/outputs/field_0/vdw-df2-c09/top/data/ldos.pp.dat1437

     Writing data to be plotted to file /home/ubuntu/projects/Graphene-Band-Structure-Quantum-Espresso/outputs/field_0/vdw-df2-c09/top/data/ldos.pp.dat1437.xsf
     Plot Type: 3D                     Output format: XCrySDen     
     Reading data from file  /home/ubuntu/projects/Graphene-Band-Structure-Quantum-Espresso/outputs/field_0/vdw-df2-c09/top/data/ldos.pp.dat1438

     Writing data to be plotted to file /home/ubuntu/projects/Graphene-Band-Structure-Quantum-Espresso/outputs/field_0/vdw-df2-c09/top/data/ldos.pp.dat1438.xsf
     Plot Type: 3D                     Output format: XCrySDen     
     Reading data from file  /home/ubuntu/projects/Graphene-Band-Structure-Quantum-Espresso/outputs/field_0/vdw-df2-c09/top/data/ldos.pp.dat1439

     Writing data to be plotted to file /home/ubuntu/projects/Graphene-Band-Structure-Quantum-Espresso/outputs/field_0/vdw-df2-c09/top/data/ldos.pp.dat1439.xsf
     Plot Type: 3D                     Output format: XCrySDen     
     Reading data from file  /home/ubuntu/projects/Graphene-Band-Structure-Quantum-Espresso/outputs/field_0/vdw-df2-c09/top/data/ldos.pp.dat1440

     Writing data to be plotted to file /home/ubuntu/projects/Graphene-Band-Structure-Quantum-Espresso/outputs/field_0/vdw-df2-c09/top/data/ldos.pp.dat1440.xsf
     Plot Type: 3D                     Output format: XCrySDen     
     Reading data from file  /home/ubuntu/projects/Graphene-Band-Structure-Quantum-Espresso/outputs/field_0/vdw-df2-c09/top/data/ldos.pp.dat1441

     Writing data to be plotted to file /home/ubuntu/projects/Graphene-Band-Structure-Quantum-Espresso/outputs/field_0/vdw-df2-c09/top/data/ldos.pp.dat1441.xsf
     Plot Type: 3D                     Output format: XCrySDen     
     Reading data from file  /home/ubuntu/projects/Graphene-Band-Structure-Quantum-Espresso/outputs/field_0/vdw-df2-c09/top/data/ldos.pp.dat1442

     Writing data to be plotted to file /home/ubuntu/projects/Graphene-Band-Structure-Quantum-Espresso/outputs/field_0/vdw-df2-c09/top/data/ldos.pp.dat1442.xsf
     Plot Type: 3D                     Output format: XCrySDen     
     Reading data from file  /home/ubuntu/projects/Graphene-Band-Structure-Quantum-Espresso/outputs/field_0/vdw-df2-c09/top/data/ldos.pp.dat1443

     Writing data to be plotted to file /home/ubuntu/projects/Graphene-Band-Structure-Quantum-Espresso/outputs/field_0/vdw-df2-c09/top/data/ldos.pp.dat1443.xsf
     Plot Type: 3D                     Output format: XCrySDen     
     Reading data from file  /home/ubuntu/projects/Graphene-Band-Structure-Quantum-Espresso/outputs/field_0/vdw-df2-c09/top/data/ldos.pp.dat1444

     Writing data to be plotted to file /home/ubuntu/projects/Graphene-Band-Structure-Quantum-Espresso/outputs/field_0/vdw-df2-c09/top/data/ldos.pp.dat1444.xsf
     Plot Type: 3D                     Output format: XCrySDen     
     Reading data from file  /home/ubuntu/projects/Graphene-Band-Structure-Quantum-Espresso/outputs/field_0/vdw-df2-c09/top/data/ldos.pp.dat1445

     Writing data to be plotted to file /home/ubuntu/projects/Graphene-Band-Structure-Quantum-Espresso/outputs/field_0/vdw-df2-c09/top/data/ldos.pp.dat1445.xsf
     Plot Type: 3D                     Output format: XCrySDen     
     Reading data from file  /home/ubuntu/projects/Graphene-Band-Structure-Quantum-Espresso/outputs/field_0/vdw-df2-c09/top/data/ldos.pp.dat1446

     Writing data to be plotted to file /home/ubuntu/projects/Graphene-Band-Structure-Quantum-Espresso/outputs/field_0/vdw-df2-c09/top/data/ldos.pp.dat1446.xsf
     Plot Type: 3D                     Output format: XCrySDen     
     Reading data from file  /home/ubuntu/projects/Graphene-Band-Structure-Quantum-Espresso/outputs/field_0/vdw-df2-c09/top/data/ldos.pp.dat1447

     Writing data to be plotted to file /home/ubuntu/projects/Graphene-Band-Structure-Quantum-Espresso/outputs/field_0/vdw-df2-c09/top/data/ldos.pp.dat1447.xsf
     Plot Type: 3D                     Output format: XCrySDen     
     Reading data from file  /home/ubuntu/projects/Graphene-Band-Structure-Quantum-Espresso/outputs/field_0/vdw-df2-c09/top/data/ldos.pp.dat1448

     Writing data to be plotted to file /home/ubuntu/projects/Graphene-Band-Structure-Quantum-Espresso/outputs/field_0/vdw-df2-c09/top/data/ldos.pp.dat1448.xsf
     Plot Type: 3D                     Output format: XCrySDen     
     Reading data from file  /home/ubuntu/projects/Graphene-Band-Structure-Quantum-Espresso/outputs/field_0/vdw-df2-c09/top/data/ldos.pp.dat1449

     Writing data to be plotted to file /home/ubuntu/projects/Graphene-Band-Structure-Quantum-Espresso/outputs/field_0/vdw-df2-c09/top/data/ldos.pp.dat1449.xsf
     Plot Type: 3D                     Output format: XCrySDen     
     Reading data from file  /home/ubuntu/projects/Graphene-Band-Structure-Quantum-Espresso/outputs/field_0/vdw-df2-c09/top/data/ldos.pp.dat1450

     Writing data to be plotted to file /home/ubuntu/projects/Graphene-Band-Structure-Quantum-Espresso/outputs/field_0/vdw-df2-c09/top/data/ldos.pp.dat1450.xsf
     Plot Type: 3D                     Output format: XCrySDen     
     Reading data from file  /home/ubuntu/projects/Graphene-Band-Structure-Quantum-Espresso/outputs/field_0/vdw-df2-c09/top/data/ldos.pp.dat1451

     Writing data to be plotted to file /home/ubuntu/projects/Graphene-Band-Structure-Quantum-Espresso/outputs/field_0/vdw-df2-c09/top/data/ldos.pp.dat1451.xsf
     Plot Type: 3D                     Output format: XCrySDen     
     Reading data from file  /home/ubuntu/projects/Graphene-Band-Structure-Quantum-Espresso/outputs/field_0/vdw-df2-c09/top/data/ldos.pp.dat1452

     Writing data to be plotted to file /home/ubuntu/projects/Graphene-Band-Structure-Quantum-Espresso/outputs/field_0/vdw-df2-c09/top/data/ldos.pp.dat1452.xsf
     Plot Type: 3D                     Output format: XCrySDen     
     Reading data from file  /home/ubuntu/projects/Graphene-Band-Structure-Quantum-Espresso/outputs/field_0/vdw-df2-c09/top/data/ldos.pp.dat1453

     Writing data to be plotted to file /home/ubuntu/projects/Graphene-Band-Structure-Quantum-Espresso/outputs/field_0/vdw-df2-c09/top/data/ldos.pp.dat1453.xsf
     Plot Type: 3D                     Output format: XCrySDen     
     Reading data from file  /home/ubuntu/projects/Graphene-Band-Structure-Quantum-Espresso/outputs/field_0/vdw-df2-c09/top/data/ldos.pp.dat1454

     Writing data to be plotted to file /home/ubuntu/projects/Graphene-Band-Structure-Quantum-Espresso/outputs/field_0/vdw-df2-c09/top/data/ldos.pp.dat1454.xsf
     Plot Type: 3D                     Output format: XCrySDen     
     Reading data from file  /home/ubuntu/projects/Graphene-Band-Structure-Quantum-Espresso/outputs/field_0/vdw-df2-c09/top/data/ldos.pp.dat1455

     Writing data to be plotted to file /home/ubuntu/projects/Graphene-Band-Structure-Quantum-Espresso/outputs/field_0/vdw-df2-c09/top/data/ldos.pp.dat1455.xsf
     Plot Type: 3D                     Output format: XCrySDen     
     Reading data from file  /home/ubuntu/projects/Graphene-Band-Structure-Quantum-Espresso/outputs/field_0/vdw-df2-c09/top/data/ldos.pp.dat1456

     Writing data to be plotted to file /home/ubuntu/projects/Graphene-Band-Structure-Quantum-Espresso/outputs/field_0/vdw-df2-c09/top/data/ldos.pp.dat1456.xsf
     Plot Type: 3D                     Output format: XCrySDen     
     Reading data from file  /home/ubuntu/projects/Graphene-Band-Structure-Quantum-Espresso/outputs/field_0/vdw-df2-c09/top/data/ldos.pp.dat1457

     Writing data to be plotted to file /home/ubuntu/projects/Graphene-Band-Structure-Quantum-Espresso/outputs/field_0/vdw-df2-c09/top/data/ldos.pp.dat1457.xsf
     Plot Type: 3D                     Output format: XCrySDen     
     Reading data from file  /home/ubuntu/projects/Graphene-Band-Structure-Quantum-Espresso/outputs/field_0/vdw-df2-c09/top/data/ldos.pp.dat1458

     Writing data to be plotted to file /home/ubuntu/projects/Graphene-Band-Structure-Quantum-Espresso/outputs/field_0/vdw-df2-c09/top/data/ldos.pp.dat1458.xsf
     Plot Type: 3D                     Output format: XCrySDen     
     Reading data from file  /home/ubuntu/projects/Graphene-Band-Structure-Quantum-Espresso/outputs/field_0/vdw-df2-c09/top/data/ldos.pp.dat1459

     Writing data to be plotted to file /home/ubuntu/projects/Graphene-Band-Structure-Quantum-Espresso/outputs/field_0/vdw-df2-c09/top/data/ldos.pp.dat1459.xsf
     Plot Type: 3D                     Output format: XCrySDen     
     Reading data from file  /home/ubuntu/projects/Graphene-Band-Structure-Quantum-Espresso/outputs/field_0/vdw-df2-c09/top/data/ldos.pp.dat1460

     Writing data to be plotted to file /home/ubuntu/projects/Graphene-Band-Structure-Quantum-Espresso/outputs/field_0/vdw-df2-c09/top/data/ldos.pp.dat1460.xsf
     Plot Type: 3D                     Output format: XCrySDen     
     Reading data from file  /home/ubuntu/projects/Graphene-Band-Structure-Quantum-Espresso/outputs/field_0/vdw-df2-c09/top/data/ldos.pp.dat1461

     Writing data to be plotted to file /home/ubuntu/projects/Graphene-Band-Structure-Quantum-Espresso/outputs/field_0/vdw-df2-c09/top/data/ldos.pp.dat1461.xsf
     Plot Type: 3D                     Output format: XCrySDen     
     Reading data from file  /home/ubuntu/projects/Graphene-Band-Structure-Quantum-Espresso/outputs/field_0/vdw-df2-c09/top/data/ldos.pp.dat1462

     Writing data to be plotted to file /home/ubuntu/projects/Graphene-Band-Structure-Quantum-Espresso/outputs/field_0/vdw-df2-c09/top/data/ldos.pp.dat1462.xsf
     Plot Type: 3D                     Output format: XCrySDen     
     Reading data from file  /home/ubuntu/projects/Graphene-Band-Structure-Quantum-Espresso/outputs/field_0/vdw-df2-c09/top/data/ldos.pp.dat1463

     Writing data to be plotted to file /home/ubuntu/projects/Graphene-Band-Structure-Quantum-Espresso/outputs/field_0/vdw-df2-c09/top/data/ldos.pp.dat1463.xsf
     Plot Type: 3D                     Output format: XCrySDen     
     Reading data from file  /home/ubuntu/projects/Graphene-Band-Structure-Quantum-Espresso/outputs/field_0/vdw-df2-c09/top/data/ldos.pp.dat1464

     Writing data to be plotted to file /home/ubuntu/projects/Graphene-Band-Structure-Quantum-Espresso/outputs/field_0/vdw-df2-c09/top/data/ldos.pp.dat1464.xsf
     Plot Type: 3D                     Output format: XCrySDen     
     Reading data from file  /home/ubuntu/projects/Graphene-Band-Structure-Quantum-Espresso/outputs/field_0/vdw-df2-c09/top/data/ldos.pp.dat1465

     Writing data to be plotted to file /home/ubuntu/projects/Graphene-Band-Structure-Quantum-Espresso/outputs/field_0/vdw-df2-c09/top/data/ldos.pp.dat1465.xsf
     Plot Type: 3D                     Output format: XCrySDen     
     Reading data from file  /home/ubuntu/projects/Graphene-Band-Structure-Quantum-Espresso/outputs/field_0/vdw-df2-c09/top/data/ldos.pp.dat1466

     Writing data to be plotted to file /home/ubuntu/projects/Graphene-Band-Structure-Quantum-Espresso/outputs/field_0/vdw-df2-c09/top/data/ldos.pp.dat1466.xsf
     Plot Type: 3D                     Output format: XCrySDen     
     Reading data from file  /home/ubuntu/projects/Graphene-Band-Structure-Quantum-Espresso/outputs/field_0/vdw-df2-c09/top/data/ldos.pp.dat1467

     Writing data to be plotted to file /home/ubuntu/projects/Graphene-Band-Structure-Quantum-Espresso/outputs/field_0/vdw-df2-c09/top/data/ldos.pp.dat1467.xsf
     Plot Type: 3D                     Output format: XCrySDen     
     Reading data from file  /home/ubuntu/projects/Graphene-Band-Structure-Quantum-Espresso/outputs/field_0/vdw-df2-c09/top/data/ldos.pp.dat1468

     Writing data to be plotted to file /home/ubuntu/projects/Graphene-Band-Structure-Quantum-Espresso/outputs/field_0/vdw-df2-c09/top/data/ldos.pp.dat1468.xsf
     Plot Type: 3D                     Output format: XCrySDen     
     Reading data from file  /home/ubuntu/projects/Graphene-Band-Structure-Quantum-Espresso/outputs/field_0/vdw-df2-c09/top/data/ldos.pp.dat1469

     Writing data to be plotted to file /home/ubuntu/projects/Graphene-Band-Structure-Quantum-Espresso/outputs/field_0/vdw-df2-c09/top/data/ldos.pp.dat1469.xsf
     Plot Type: 3D                     Output format: XCrySDen     
     Reading data from file  /home/ubuntu/projects/Graphene-Band-Structure-Quantum-Espresso/outputs/field_0/vdw-df2-c09/top/data/ldos.pp.dat1470

     Writing data to be plotted to file /home/ubuntu/projects/Graphene-Band-Structure-Quantum-Espresso/outputs/field_0/vdw-df2-c09/top/data/ldos.pp.dat1470.xsf
     Plot Type: 3D                     Output format: XCrySDen     
     Reading data from file  /home/ubuntu/projects/Graphene-Band-Structure-Quantum-Espresso/outputs/field_0/vdw-df2-c09/top/data/ldos.pp.dat1471

     Writing data to be plotted to file /home/ubuntu/projects/Graphene-Band-Structure-Quantum-Espresso/outputs/field_0/vdw-df2-c09/top/data/ldos.pp.dat1471.xsf
     Plot Type: 3D                     Output format: XCrySDen     
     Reading data from file  /home/ubuntu/projects/Graphene-Band-Structure-Quantum-Espresso/outputs/field_0/vdw-df2-c09/top/data/ldos.pp.dat1472

     Writing data to be plotted to file /home/ubuntu/projects/Graphene-Band-Structure-Quantum-Espresso/outputs/field_0/vdw-df2-c09/top/data/ldos.pp.dat1472.xsf
     Plot Type: 3D                     Output format: XCrySDen     
     Reading data from file  /home/ubuntu/projects/Graphene-Band-Structure-Quantum-Espresso/outputs/field_0/vdw-df2-c09/top/data/ldos.pp.dat1473

     Writing data to be plotted to file /home/ubuntu/projects/Graphene-Band-Structure-Quantum-Espresso/outputs/field_0/vdw-df2-c09/top/data/ldos.pp.dat1473.xsf
     Plot Type: 3D                     Output format: XCrySDen     
     Reading data from file  /home/ubuntu/projects/Graphene-Band-Structure-Quantum-Espresso/outputs/field_0/vdw-df2-c09/top/data/ldos.pp.dat1474

     Writing data to be plotted to file /home/ubuntu/projects/Graphene-Band-Structure-Quantum-Espresso/outputs/field_0/vdw-df2-c09/top/data/ldos.pp.dat1474.xsf
     Plot Type: 3D                     Output format: XCrySDen     
     Reading data from file  /home/ubuntu/projects/Graphene-Band-Structure-Quantum-Espresso/outputs/field_0/vdw-df2-c09/top/data/ldos.pp.dat1475

     Writing data to be plotted to file /home/ubuntu/projects/Graphene-Band-Structure-Quantum-Espresso/outputs/field_0/vdw-df2-c09/top/data/ldos.pp.dat1475.xsf
     Plot Type: 3D                     Output format: XCrySDen     
     Reading data from file  /home/ubuntu/projects/Graphene-Band-Structure-Quantum-Espresso/outputs/field_0/vdw-df2-c09/top/data/ldos.pp.dat1476

     Writing data to be plotted to file /home/ubuntu/projects/Graphene-Band-Structure-Quantum-Espresso/outputs/field_0/vdw-df2-c09/top/data/ldos.pp.dat1476.xsf
     Plot Type: 3D                     Output format: XCrySDen     
     Reading data from file  /home/ubuntu/projects/Graphene-Band-Structure-Quantum-Espresso/outputs/field_0/vdw-df2-c09/top/data/ldos.pp.dat1477

     Writing data to be plotted to file /home/ubuntu/projects/Graphene-Band-Structure-Quantum-Espresso/outputs/field_0/vdw-df2-c09/top/data/ldos.pp.dat1477.xsf
     Plot Type: 3D                     Output format: XCrySDen     
     Reading data from file  /home/ubuntu/projects/Graphene-Band-Structure-Quantum-Espresso/outputs/field_0/vdw-df2-c09/top/data/ldos.pp.dat1478

     Writing data to be plotted to file /home/ubuntu/projects/Graphene-Band-Structure-Quantum-Espresso/outputs/field_0/vdw-df2-c09/top/data/ldos.pp.dat1478.xsf
     Plot Type: 3D                     Output format: XCrySDen     
     Reading data from file  /home/ubuntu/projects/Graphene-Band-Structure-Quantum-Espresso/outputs/field_0/vdw-df2-c09/top/data/ldos.pp.dat1479

     Writing data to be plotted to file /home/ubuntu/projects/Graphene-Band-Structure-Quantum-Espresso/outputs/field_0/vdw-df2-c09/top/data/ldos.pp.dat1479.xsf
     Plot Type: 3D                     Output format: XCrySDen     
     Reading data from file  /home/ubuntu/projects/Graphene-Band-Structure-Quantum-Espresso/outputs/field_0/vdw-df2-c09/top/data/ldos.pp.dat1480

     Writing data to be plotted to file /home/ubuntu/projects/Graphene-Band-Structure-Quantum-Espresso/outputs/field_0/vdw-df2-c09/top/data/ldos.pp.dat1480.xsf
     Plot Type: 3D                     Output format: XCrySDen     
     Reading data from file  /home/ubuntu/projects/Graphene-Band-Structure-Quantum-Espresso/outputs/field_0/vdw-df2-c09/top/data/ldos.pp.dat1481

     Writing data to be plotted to file /home/ubuntu/projects/Graphene-Band-Structure-Quantum-Espresso/outputs/field_0/vdw-df2-c09/top/data/ldos.pp.dat1481.xsf
     Plot Type: 3D                     Output format: XCrySDen     
     Reading data from file  /home/ubuntu/projects/Graphene-Band-Structure-Quantum-Espresso/outputs/field_0/vdw-df2-c09/top/data/ldos.pp.dat1482

     Writing data to be plotted to file /home/ubuntu/projects/Graphene-Band-Structure-Quantum-Espresso/outputs/field_0/vdw-df2-c09/top/data/ldos.pp.dat1482.xsf
     Plot Type: 3D                     Output format: XCrySDen     
     Reading data from file  /home/ubuntu/projects/Graphene-Band-Structure-Quantum-Espresso/outputs/field_0/vdw-df2-c09/top/data/ldos.pp.dat1483

     Writing data to be plotted to file /home/ubuntu/projects/Graphene-Band-Structure-Quantum-Espresso/outputs/field_0/vdw-df2-c09/top/data/ldos.pp.dat1483.xsf
     Plot Type: 3D                     Output format: XCrySDen     
     Reading data from file  /home/ubuntu/projects/Graphene-Band-Structure-Quantum-Espresso/outputs/field_0/vdw-df2-c09/top/data/ldos.pp.dat1484

     Writing data to be plotted to file /home/ubuntu/projects/Graphene-Band-Structure-Quantum-Espresso/outputs/field_0/vdw-df2-c09/top/data/ldos.pp.dat1484.xsf
     Plot Type: 3D                     Output format: XCrySDen     
     Reading data from file  /home/ubuntu/projects/Graphene-Band-Structure-Quantum-Espresso/outputs/field_0/vdw-df2-c09/top/data/ldos.pp.dat1485

     Writing data to be plotted to file /home/ubuntu/projects/Graphene-Band-Structure-Quantum-Espresso/outputs/field_0/vdw-df2-c09/top/data/ldos.pp.dat1485.xsf
     Plot Type: 3D                     Output format: XCrySDen     
     Reading data from file  /home/ubuntu/projects/Graphene-Band-Structure-Quantum-Espresso/outputs/field_0/vdw-df2-c09/top/data/ldos.pp.dat1486

     Writing data to be plotted to file /home/ubuntu/projects/Graphene-Band-Structure-Quantum-Espresso/outputs/field_0/vdw-df2-c09/top/data/ldos.pp.dat1486.xsf
     Plot Type: 3D                     Output format: XCrySDen     
     Reading data from file  /home/ubuntu/projects/Graphene-Band-Structure-Quantum-Espresso/outputs/field_0/vdw-df2-c09/top/data/ldos.pp.dat1487

     Writing data to be plotted to file /home/ubuntu/projects/Graphene-Band-Structure-Quantum-Espresso/outputs/field_0/vdw-df2-c09/top/data/ldos.pp.dat1487.xsf
     Plot Type: 3D                     Output format: XCrySDen     
     Reading data from file  /home/ubuntu/projects/Graphene-Band-Structure-Quantum-Espresso/outputs/field_0/vdw-df2-c09/top/data/ldos.pp.dat1488

     Writing data to be plotted to file /home/ubuntu/projects/Graphene-Band-Structure-Quantum-Espresso/outputs/field_0/vdw-df2-c09/top/data/ldos.pp.dat1488.xsf
     Plot Type: 3D                     Output format: XCrySDen     
     Reading data from file  /home/ubuntu/projects/Graphene-Band-Structure-Quantum-Espresso/outputs/field_0/vdw-df2-c09/top/data/ldos.pp.dat1489

     Writing data to be plotted to file /home/ubuntu/projects/Graphene-Band-Structure-Quantum-Espresso/outputs/field_0/vdw-df2-c09/top/data/ldos.pp.dat1489.xsf
     Plot Type: 3D                     Output format: XCrySDen     
     Reading data from file  /home/ubuntu/projects/Graphene-Band-Structure-Quantum-Espresso/outputs/field_0/vdw-df2-c09/top/data/ldos.pp.dat1490

     Writing data to be plotted to file /home/ubuntu/projects/Graphene-Band-Structure-Quantum-Espresso/outputs/field_0/vdw-df2-c09/top/data/ldos.pp.dat1490.xsf
     Plot Type: 3D                     Output format: XCrySDen     
     Reading data from file  /home/ubuntu/projects/Graphene-Band-Structure-Quantum-Espresso/outputs/field_0/vdw-df2-c09/top/data/ldos.pp.dat1491

     Writing data to be plotted to file /home/ubuntu/projects/Graphene-Band-Structure-Quantum-Espresso/outputs/field_0/vdw-df2-c09/top/data/ldos.pp.dat1491.xsf
     Plot Type: 3D                     Output format: XCrySDen     
     Reading data from file  /home/ubuntu/projects/Graphene-Band-Structure-Quantum-Espresso/outputs/field_0/vdw-df2-c09/top/data/ldos.pp.dat1492

     Writing data to be plotted to file /home/ubuntu/projects/Graphene-Band-Structure-Quantum-Espresso/outputs/field_0/vdw-df2-c09/top/data/ldos.pp.dat1492.xsf
     Plot Type: 3D                     Output format: XCrySDen     
     Reading data from file  /home/ubuntu/projects/Graphene-Band-Structure-Quantum-Espresso/outputs/field_0/vdw-df2-c09/top/data/ldos.pp.dat1493

     Writing data to be plotted to file /home/ubuntu/projects/Graphene-Band-Structure-Quantum-Espresso/outputs/field_0/vdw-df2-c09/top/data/ldos.pp.dat1493.xsf
     Plot Type: 3D                     Output format: XCrySDen     
     Reading data from file  /home/ubuntu/projects/Graphene-Band-Structure-Quantum-Espresso/outputs/field_0/vdw-df2-c09/top/data/ldos.pp.dat1494

     Writing data to be plotted to file /home/ubuntu/projects/Graphene-Band-Structure-Quantum-Espresso/outputs/field_0/vdw-df2-c09/top/data/ldos.pp.dat1494.xsf
     Plot Type: 3D                     Output format: XCrySDen     
     Reading data from file  /home/ubuntu/projects/Graphene-Band-Structure-Quantum-Espresso/outputs/field_0/vdw-df2-c09/top/data/ldos.pp.dat1495

     Writing data to be plotted to file /home/ubuntu/projects/Graphene-Band-Structure-Quantum-Espresso/outputs/field_0/vdw-df2-c09/top/data/ldos.pp.dat1495.xsf
     Plot Type: 3D                     Output format: XCrySDen     
     Reading data from file  /home/ubuntu/projects/Graphene-Band-Structure-Quantum-Espresso/outputs/field_0/vdw-df2-c09/top/data/ldos.pp.dat1496

     Writing data to be plotted to file /home/ubuntu/projects/Graphene-Band-Structure-Quantum-Espresso/outputs/field_0/vdw-df2-c09/top/data/ldos.pp.dat1496.xsf
     Plot Type: 3D                     Output format: XCrySDen     
     Reading data from file  /home/ubuntu/projects/Graphene-Band-Structure-Quantum-Espresso/outputs/field_0/vdw-df2-c09/top/data/ldos.pp.dat1497

     Writing data to be plotted to file /home/ubuntu/projects/Graphene-Band-Structure-Quantum-Espresso/outputs/field_0/vdw-df2-c09/top/data/ldos.pp.dat1497.xsf
     Plot Type: 3D                     Output format: XCrySDen     
     Reading data from file  /home/ubuntu/projects/Graphene-Band-Structure-Quantum-Espresso/outputs/field_0/vdw-df2-c09/top/data/ldos.pp.dat1498

     Writing data to be plotted to file /home/ubuntu/projects/Graphene-Band-Structure-Quantum-Espresso/outputs/field_0/vdw-df2-c09/top/data/ldos.pp.dat1498.xsf
     Plot Type: 3D                     Output format: XCrySDen     
     Reading data from file  /home/ubuntu/projects/Graphene-Band-Structure-Quantum-Espresso/outputs/field_0/vdw-df2-c09/top/data/ldos.pp.dat1499

     Writing data to be plotted to file /home/ubuntu/projects/Graphene-Band-Structure-Quantum-Espresso/outputs/field_0/vdw-df2-c09/top/data/ldos.pp.dat1499.xsf
     Plot Type: 3D                     Output format: XCrySDen     
     Reading data from file  /home/ubuntu/projects/Graphene-Band-Structure-Quantum-Espresso/outputs/field_0/vdw-df2-c09/top/data/ldos.pp.dat1500

     Writing data to be plotted to file /home/ubuntu/projects/Graphene-Band-Structure-Quantum-Espresso/outputs/field_0/vdw-df2-c09/top/data/ldos.pp.dat1500.xsf
     Plot Type: 3D                     Output format: XCrySDen     
     Reading data from file  /home/ubuntu/projects/Graphene-Band-Structure-Quantum-Espresso/outputs/field_0/vdw-df2-c09/top/data/ldos.pp.dat1501

     Writing data to be plotted to file /home/ubuntu/projects/Graphene-Band-Structure-Quantum-Espresso/outputs/field_0/vdw-df2-c09/top/data/ldos.pp.dat1501.xsf
     Plot Type: 3D                     Output format: XCrySDen     

     POST-PROC    :  30m10.95s CPU  31m21.96s WALL


   This run was terminated on:   8:57:29   4Oct2026            

=------------------------------------------------------------------------------=
   JOB DONE.
=------------------------------------------------------------------------------=
Note: The following floating-point exceptions are signalling: IEEE_UNDERFLOW_FLAG IEEE_DENORMAL
Note: The following floating-point exceptions are signalling: IEEE_UNDERFLOW_FLAG IEEE_DENORMAL
Note: The following floating-point exceptions are signalling: IEEE_UNDERFLOW_FLAG IEEE_DENORMAL
Note: The following floating-point exceptions are signalling: IEEE_UNDERFLOW_FLAG IEEE_DENORMAL
Note: The following floating-point exceptions are signalling: IEEE_UNDERFLOW_FLAG IEEE_DENORMAL
Note: The following floating-point exceptions are signalling: IEEE_UNDERFLOW_FLAG IEEE_DENORMAL
Note: The following floating-point exceptions are signalling: IEEE_UNDERFLOW_FLAG IEEE_DENORMAL
Note: The following floating-point exceptions are signalling: IEEE_UNDERFLOW_FLAG IEEE_DENORMAL
Note: The following floating-point exceptions are signalling: IEEE_UNDERFLOW_FLAG IEEE_DENORMAL
Note: The following floating-point exceptions are signalling: IEEE_UNDERFLOW_FLAG IEEE_DENORMAL
Note: The following floating-point exceptions are signalling: IEEE_UNDERFLOW_FLAG IEEE_DENORMAL
Note: The following floating-point exceptions are signalling: IEEE_UNDERFLOW_FLAG IEEE_DENORMAL
Note: The following floating-point exceptions are signalling: IEEE_UNDERFLOW_FLAG IEEE_DENORMAL
Note: The following floating-point exceptions are signalling: IEEE_UNDERFLOW_FLAG IEEE_DENORMAL
Note: The following floating-point exceptions are signalling: IEEE_UNDERFLOW_FLAG IEEE_DENORMAL
Note: The following floating-point exceptions are signalling: IEEE_UNDERFLOW_FLAG IEEE_DENORMAL
